timestamp,time,total_pnl,unrealized_pnl,position_count
2025-11-01T00:00:03.602261,00:00:03,8024.44,8024.44,3
2025-11-01T00:00:05.153739,00:00:05,8025.34,8025.34,3
2025-11-01T00:00:15.486593,00:00:15,7992.57,7992.57,3
2025-11-01T00:00:17.322722,00:00:17,7992.58,7992.58,3
2025-11-01T00:00:27.368605,00:00:27,7996.57,7996.57,3
2025-11-01T00:00:29.324689,00:00:29,7996.61,7996.61,3
2025-11-01T00:00:39.167963,00:00:39,8009.87,8009.87,3
2025-11-01T00:00:40.925408,00:00:40,8004.05,8004.05,3
2025-11-01T00:00:51.300423,00:00:51,8012.59,8012.59,3
2025-11-01T00:00:52.761210,00:00:52,8002.5,8002.5,3
2025-11-01T00:01:03.431710,00:01:03,7996.67,7996.67,3
2025-11-01T00:01:04.634169,00:01:04,7984.13,7984.13,3
2025-11-01T00:01:15.536896,00:01:15,7950.82,7950.82,3
2025-11-01T00:01:16.530770,00:01:16,7936.89,7936.89,3
2025-11-01T00:01:27.390867,00:01:27,7914.66,7914.66,3
2025-11-01T00:01:28.687031,00:01:28,7908.03,7908.03,3
2025-11-01T00:01:39.593862,00:01:39,7909.6,7909.6,3
2025-11-01T00:01:40.628930,00:01:40,7911.22,7911.22,3
2025-11-01T00:01:51.498511,00:01:51,7894.68,7894.68,3
2025-11-01T00:01:53.149330,00:01:53,7894.58,7894.58,3
2025-11-01T00:02:03.598107,00:02:03,7902.08,7902.08,3
2025-11-01T00:02:05.333569,00:02:05,7910.4,7910.4,3
2025-11-01T00:02:15.432606,00:02:15,7874.27,7874.27,3
2025-11-01T00:02:17.208024,00:02:17,7885.3,7885.3,3
2025-11-01T00:02:27.622781,00:02:27,7912.96,7912.96,3
2025-11-01T00:02:29.079127,00:02:29,7919.03,7919.03,3
2025-11-01T00:02:39.568607,00:02:39,7905.01,7905.01,3
2025-11-01T00:02:40.935444,00:02:40,7906.66,7906.66,3
2025-11-01T00:02:51.390743,00:02:51,7904.92,7904.92,3
2025-11-01T00:02:53.085131,00:02:53,7889.77,7889.77,3
2025-11-01T00:03:03.482869,00:03:03,7920.72,7920.72,3
2025-11-01T00:03:05.014647,00:03:05,7921.77,7921.77,3
2025-11-01T00:03:15.655697,00:03:15,7934.91,7934.91,3
2025-11-01T00:03:17.130823,00:03:17,7932.5,7932.5,3
2025-11-01T00:03:27.472275,00:03:27,7881.99,7881.99,3
2025-11-01T00:03:29.398832,00:03:29,7878.7,7878.7,3
2025-11-01T00:03:39.567248,00:03:39,7920.29,7920.29,3
2025-11-01T00:03:40.975815,00:03:40,7920.53,7920.53,3
2025-11-01T00:03:51.509021,00:03:51,7902.69,7902.69,3
2025-11-01T00:03:52.900415,00:03:52,7905.54,7905.54,3
2025-11-01T00:04:03.652129,00:04:03,7876.39,7876.39,3
2025-11-01T00:04:05.106988,00:04:05,7862.86,7862.86,3
2025-11-01T00:04:15.484998,00:04:15,7812.01,7812.01,3
2025-11-01T00:04:17.319050,00:04:17,7811.81,7811.81,3
2025-11-01T00:04:27.420333,00:04:27,7831.9,7831.9,3
2025-11-01T00:04:29.279800,00:04:29,7838.1,7838.1,3
2025-11-01T00:04:39.362932,00:04:39,7827.52,7827.52,3
2025-11-01T00:04:40.890056,00:04:40,7838.29,7838.29,3
2025-11-01T00:04:51.558736,00:04:51,7850.25,7850.25,3
2025-11-01T00:04:53.066646,00:04:53,7853.84,7853.84,3
2025-11-01T00:05:03.386567,00:05:03,7874.85,7874.85,3
2025-11-01T00:05:04.994513,00:05:04,7879.59,7879.59,3
2025-11-01T00:05:15.581313,00:05:15,7848.55,7848.55,3
2025-11-01T00:05:16.605519,00:05:16,7827.41,7827.41,3
2025-11-01T00:05:27.501296,00:05:27,7840.97,7840.97,3
2025-11-01T00:05:29.104296,00:05:29,7823.64,7823.64,3
2025-11-01T00:05:39.610454,00:05:39,7844.94,7844.94,3
2025-11-01T00:05:40.932843,00:05:40,7844.88,7844.88,3
2025-11-01T00:05:51.469229,00:05:51,7871.46,7871.46,3
2025-11-01T00:05:52.532165,00:05:52,7871.9,7871.9,3
2025-11-01T00:06:03.318816,00:06:03,7896.38,7896.38,3
2025-11-01T00:06:04.101232,00:06:04,7914.08,7914.08,3
2025-11-01T00:06:15.437502,00:06:15,7900.86,7900.86,3
2025-11-01T00:06:16.031036,00:06:16,7907.14,7907.14,3
2025-11-01T00:06:27.544675,00:06:27,7965.91,7965.91,3
2025-11-01T00:06:27.639139,00:06:27,7969.86,7969.86,3
2025-11-01T00:06:39.406761,00:06:39,7977.91,7977.91,3
2025-11-01T00:06:39.489409,00:06:39,7977.92,7977.92,3
2025-11-01T00:06:51.402136,00:06:51,7984.95,7984.95,3
2025-11-01T00:06:51.529632,00:06:51,7984.43,7984.43,3
2025-11-01T00:07:03.555852,00:07:03,7975.17,7975.17,3
2025-11-01T00:07:03.603940,00:07:03,7975.17,7975.17,3
2025-11-01T00:07:15.451661,00:07:15,7965.77,7965.77,3
2025-11-01T00:07:15.529992,00:07:15,7965.77,7965.77,3
2025-11-01T00:07:27.371302,00:07:27,8009.21,8009.21,3
2025-11-01T00:07:27.669049,00:07:27,8006.39,8006.39,3
2025-11-01T00:07:39.538749,00:07:39,8081.01,8081.01,3
2025-11-01T00:07:39.838802,00:07:39,8079.26,8079.26,3
2025-11-01T00:07:51.365529,00:07:51,8151.02,8151.02,3
2025-11-01T00:07:52.260320,00:07:52,8153.87,8153.87,3
2025-11-01T00:08:03.767414,00:08:03,8138.85,8138.85,3
2025-11-01T00:08:04.419544,00:08:04,8127.54,8127.54,3
2025-11-01T00:08:15.572961,00:08:15,8112.02,8112.02,3
2025-11-01T00:08:16.862606,00:08:16,8113.24,8113.24,3
2025-11-01T00:08:27.428030,00:08:27,8120.34,8120.34,3
2025-11-01T00:08:28.953012,00:08:28,8124.46,8124.46,3
2025-11-01T00:08:39.301691,00:08:39,8115.42,8115.42,3
2025-11-01T00:08:40.881879,00:08:40,8116.99,8116.99,3
2025-11-01T00:08:51.211553,00:08:51,8143.22,8143.22,3
2025-11-01T00:08:53.044019,00:08:53,8133.4,8133.4,3
2025-11-01T00:09:03.168178,00:09:03,8108.02,8108.02,3
2025-11-01T00:09:04.623970,00:09:04,8108.05,8108.05,3
2025-11-01T00:09:14.699323,00:09:14,8268.57,8268.57,3
2025-11-01T00:09:16.786494,00:09:16,8274.61,8274.61,3
2025-11-01T00:09:26.553424,00:09:26,8343.45,8343.45,3
2025-11-01T00:09:28.670626,00:09:28,8359.11,8359.11,3
2025-11-01T00:09:38.429393,00:09:38,8402.38,8402.38,3
2025-11-01T00:09:40.528875,00:09:40,8402.16,8402.16,3
2025-11-01T00:09:50.370906,00:09:50,8440.85,8440.85,3
2025-11-01T00:09:52.381467,00:09:52,8428.16,8428.16,3
2025-11-01T00:10:02.188248,00:10:02,8426.17,8426.17,3
2025-11-01T00:10:04.194420,00:10:04,8416.17,8416.17,3
2025-11-01T00:10:14.541521,00:10:14,8347.14,8347.14,3
2025-11-01T00:10:16.098234,00:10:16,8350.15,8350.15,3
2025-11-01T00:10:26.446221,00:10:26,8400.28,8400.28,3
2025-11-01T00:10:28.249919,00:10:28,8409.5,8409.5,3
2025-11-01T00:10:38.395905,00:10:38,8389.23,8389.23,3
2025-11-01T00:10:40.442995,00:10:40,8398.54,8398.54,3
2025-11-01T00:10:50.241618,00:10:50,8390.0,8390.0,3
2025-11-01T00:10:52.485168,00:10:52,8387.92,8387.92,3
2025-11-01T00:11:02.376010,00:11:02,8410.94,8410.94,3
2025-11-01T00:11:04.258900,00:11:04,8413.86,8413.86,3
2025-11-01T00:11:14.246557,00:11:14,8387.08,8387.08,3
2025-11-01T00:11:16.434362,00:11:16,8387.3,8387.3,3
2025-11-01T00:11:26.358085,00:11:26,8374.49,8374.49,3
2025-11-01T00:11:28.268049,00:11:28,8376.9,8376.9,3
2025-11-01T00:11:38.432392,00:11:38,8352.39,8352.39,3
2025-11-01T00:11:40.184333,00:11:40,8349.87,8349.87,3
2025-11-01T00:11:50.579742,00:11:50,8318.71,8318.71,3
2025-11-01T00:11:51.715754,00:11:51,8319.72,8319.72,3
2025-11-01T00:12:02.399750,00:12:02,8327.58,8327.58,3
2025-11-01T00:12:03.904179,00:12:03,8334.01,8334.01,3
2025-11-01T00:12:14.485029,00:12:14,8338.15,8338.15,3
2025-11-01T00:12:15.774375,00:12:15,8342.14,8342.14,3
2025-11-01T00:12:26.399993,00:12:26,8337.32,8337.32,3
2025-11-01T00:12:27.425367,00:12:27,8335.91,8335.91,3
2025-11-01T00:12:38.532193,00:12:38,8361.8,8361.8,3
2025-11-01T00:12:38.962187,00:12:38,8368.23,8368.23,3
2025-11-01T00:12:50.944450,00:12:50,8377.78,8377.78,3
2025-11-01T00:12:51.116714,00:12:51,8378.02,8378.02,3
2025-11-01T00:13:02.761679,00:13:02,8364.84,8364.84,3
2025-11-01T00:13:03.554488,00:13:03,8364.23,8364.23,3
2025-11-01T00:13:14.606688,00:13:14,8358.1,8358.1,3
2025-11-01T00:13:15.734560,00:13:15,8354.32,8354.32,3
2025-11-01T00:13:26.500439,00:13:26,8338.57,8338.57,3
2025-11-01T00:13:27.891339,00:13:27,8340.34,8340.34,3
2025-11-01T00:13:38.319145,00:13:38,8310.11,8310.11,3
2025-11-01T00:13:40.019786,00:13:40,8310.11,8310.11,3
2025-11-01T00:13:50.469933,00:13:50,8319.99,8319.99,3
2025-11-01T00:13:51.871151,00:13:51,8327.48,8327.48,3
2025-11-01T00:14:02.397397,00:14:02,8299.64,8299.64,3
2025-11-01T00:14:03.692926,00:14:03,8299.18,8299.18,3
2025-11-01T00:14:14.551559,00:14:14,8472.47,8472.47,3
2025-11-01T00:14:15.862049,00:14:15,8466.88,8466.88,3
2025-11-01T00:14:26.498154,00:14:26,8446.61,8446.61,3
2025-11-01T00:14:28.036378,00:14:28,8447.17,8447.17,3
2025-11-01T00:14:38.446127,00:14:38,8620.68,8620.68,3
2025-11-01T00:14:39.650613,00:14:39,8621.92,8621.92,3
2025-11-01T00:14:50.545142,00:14:50,8618.31,8618.31,3
2025-11-01T00:14:51.565104,00:14:51,8622.24,8622.24,3
2025-11-01T00:15:02.908584,00:15:02,8582.55,8582.55,3
2025-11-01T00:15:04.267047,00:15:04,8566.3,8566.3,3
2025-11-01T00:15:15.115263,00:15:15,8533.55,8533.55,3
2025-11-01T00:15:16.183325,00:15:16,8519.7,8519.7,3
2025-11-01T00:15:27.231576,00:15:27,8462.02,8462.02,3
2025-11-01T00:15:28.104701,00:15:28,8462.02,8462.02,3
2025-11-01T00:15:39.424196,00:15:39,8433.44,8433.44,3
2025-11-01T00:15:39.967205,00:15:39,8431.41,8431.41,3
2025-11-01T00:15:51.551559,00:15:51,8407.2,8407.2,3
2025-11-01T00:15:51.561708,00:15:51,8405.78,8405.78,3
2025-11-01T00:16:03.497651,00:16:03,8398.83,8398.83,3
2025-11-01T00:16:04.034455,00:16:04,8408.32,8408.32,3
2025-11-01T00:16:15.662848,00:16:15,8442.71,8442.71,3
2025-11-01T00:16:16.169050,00:16:16,8441.75,8441.75,3
2025-11-01T00:16:27.616531,00:16:27,8388.69,8388.69,3
2025-11-01T00:16:28.378057,00:16:28,8389.22,8389.22,3
2025-11-01T00:16:39.497197,00:16:39,8381.06,8381.06,3
2025-11-01T00:16:40.572397,00:16:40,8381.16,8381.16,3
2025-11-01T00:16:51.372680,00:16:51,8375.65,8375.65,3
2025-11-01T00:16:52.553167,00:16:52,8376.55,8376.55,3
2025-11-01T00:17:03.544832,00:17:03,8333.73,8333.73,3
2025-11-01T00:17:04.806980,00:17:04,8336.5,8336.5,3
2025-11-01T00:17:15.405407,00:17:15,8323.35,8323.35,3
2025-11-01T00:17:16.763889,00:17:16,8313.15,8313.15,3
2025-11-01T00:17:27.615444,00:17:27,8287.27,8287.27,3
2025-11-01T00:17:28.986302,00:17:28,8286.99,8286.99,3
2025-11-01T00:17:39.539489,00:17:39,8254.62,8254.62,3
2025-11-01T00:17:41.208141,00:17:41,8273.2,8273.2,3
2025-11-01T00:17:51.436844,00:17:51,8243.96,8243.96,3
2025-11-01T00:17:53.413265,00:17:53,8235.83,8235.83,3
2025-11-01T00:18:03.595420,00:18:03,8250.54,8250.54,3
2025-11-01T00:18:05.286498,00:18:05,8270.5,8270.5,3
2025-11-01T00:18:15.466221,00:18:15,8303.97,8303.97,3
2025-11-01T00:18:17.482499,00:18:17,8305.44,8305.44,3
2025-11-01T00:18:27.603711,00:18:27,8261.4,8261.4,3
2025-11-01T00:18:29.453138,00:18:29,8260.71,8260.71,3
2025-11-01T00:18:39.439188,00:18:39,8264.53,8264.53,3
2025-11-01T00:18:41.018181,00:18:41,8266.97,8266.97,3
2025-11-01T00:18:51.011366,00:18:51,8248.8,8248.8,3
2025-11-01T00:18:52.593406,00:18:52,8232.14,8232.14,3
2025-11-01T00:19:02.850263,00:19:02,8187.64,8187.64,3
2025-11-01T00:19:04.518688,00:19:04,8182.03,8182.03,3
2025-11-01T00:19:14.688848,00:19:14,8174.21,8174.21,3
2025-11-01T00:19:16.424841,00:19:16,8187.58,8187.58,3
2025-11-01T00:19:26.560333,00:19:26,8154.72,8154.72,3
2025-11-01T00:19:28.825427,00:19:28,8158.75,8158.75,3
2025-11-01T00:19:38.436222,00:19:38,8159.91,8159.91,3
2025-11-01T00:19:40.709074,00:19:40,8159.87,8159.87,3
2025-11-01T00:19:50.325352,00:19:50,8145.48,8145.48,3
2025-11-01T00:19:52.633348,00:19:52,8179.77,8179.77,3
2025-11-01T00:20:02.482021,00:20:02,8201.11,8201.11,3
2025-11-01T00:20:04.502713,00:20:04,8191.23,8191.23,3
2025-11-01T00:20:14.607969,00:20:14,8193.0,8193.0,3
2025-11-01T00:20:16.396889,00:20:16,8184.16,8184.16,3
2025-11-01T00:20:26.464983,00:20:26,8211.66,8211.66,3
2025-11-01T00:20:28.283414,00:20:28,8210.73,8210.73,3
2025-11-01T00:20:38.591316,00:20:38,8210.09,8210.09,3
2025-11-01T00:20:40.153897,00:20:40,8210.09,8210.09,3
2025-11-01T00:20:50.511390,00:20:50,8189.64,8189.64,3
2025-11-01T00:20:52.370655,00:20:52,8185.66,8185.66,3
2025-11-01T00:21:02.690121,00:21:02,8173.89,8173.89,3
2025-11-01T00:21:04.659620,00:21:04,8171.27,8171.27,3
2025-11-01T00:21:14.586873,00:21:14,8190.65,8190.65,3
2025-11-01T00:21:16.813529,00:21:16,8190.27,8190.27,3
2025-11-01T00:21:26.469660,00:21:26,8183.82,8183.82,3
2025-11-01T00:21:28.735317,00:21:28,8173.44,8173.44,3
2025-11-01T00:21:38.432861,00:21:38,8153.46,8153.46,3
2025-11-01T00:21:40.720762,00:21:40,8146.82,8146.82,3
2025-11-01T00:21:50.275385,00:21:50,8144.93,8144.93,3
2025-11-01T00:21:52.702448,00:21:52,8144.79,8144.79,3
2025-11-01T00:22:02.160923,00:22:02,8138.29,8138.29,3
2025-11-01T00:22:04.327746,00:22:04,8158.07,8158.07,3
2025-11-01T00:22:14.360713,00:22:14,8156.36,8156.36,3
2025-11-01T00:22:16.201390,00:22:16,8156.46,8156.46,3
2025-11-01T00:22:26.586597,00:22:26,8178.78,8178.78,3
2025-11-01T00:22:28.106342,00:22:28,8183.12,8183.12,3
2025-11-01T00:22:38.456283,00:22:38,8173.0,8173.0,3
2025-11-01T00:22:40.343571,00:22:40,8169.01,8169.01,3
2025-11-01T00:22:50.607340,00:22:50,8167.9,8167.9,3
2025-11-01T00:22:52.258432,00:22:52,8172.93,8172.93,3
2025-11-01T00:23:02.499402,00:23:02,8165.82,8165.82,3
2025-11-01T00:23:04.141176,00:23:04,8157.86,8157.86,3
2025-11-01T00:23:14.358767,00:23:14,8143.17,8143.17,3
2025-11-01T00:23:16.306777,00:23:16,8137.97,8137.97,3
2025-11-01T00:23:26.254815,00:23:26,8144.43,8144.43,3
2025-11-01T00:23:28.244752,00:23:28,8144.44,8144.44,3
2025-11-01T00:23:38.129026,00:23:38,8129.35,8129.35,3
2025-11-01T00:23:40.173433,00:23:40,8123.68,8123.68,3
2025-11-01T00:23:50.249413,00:23:50,8123.47,8123.47,3
2025-11-01T00:23:52.036225,00:23:52,8125.08,8125.08,3
2025-11-01T00:24:02.427599,00:24:02,8165.28,8165.28,3
2025-11-01T00:24:03.919492,00:24:03,8166.04,8166.04,3
2025-11-01T00:24:14.574264,00:24:14,8181.48,8181.48,3
2025-11-01T00:24:15.810073,00:24:15,8214.07,8214.07,3
2025-11-01T00:24:26.491168,00:24:26,8186.65,8186.65,3
2025-11-01T00:24:27.736975,00:24:27,8186.32,8186.32,3
2025-11-01T00:24:38.618799,00:24:38,8173.92,8173.92,3
2025-11-01T00:24:39.892507,00:24:39,8171.65,8171.65,3
2025-11-01T00:24:50.502514,00:24:50,8145.25,8145.25,3
2025-11-01T00:24:51.748672,00:24:51,8151.04,8151.04,3
2025-11-01T00:25:02.558644,00:25:02,8149.58,8149.58,3
2025-11-01T00:25:03.598964,00:25:03,8149.52,8149.52,3
2025-11-01T00:25:14.407767,00:25:14,8156.06,8156.06,3
2025-11-01T00:25:16.121323,00:25:16,8160.69,8160.69,3
2025-11-01T00:25:26.260984,00:25:26,8142.09,8142.09,3
2025-11-01T00:25:27.978624,00:25:27,8142.19,8142.19,3
2025-11-01T00:25:38.500190,00:25:38,8154.67,8154.67,3
2025-11-01T00:25:39.882795,00:25:39,8153.29,8153.29,3
2025-11-01T00:25:50.430027,00:25:50,8152.03,8152.03,3
2025-11-01T00:25:51.841861,00:25:51,8152.04,8152.04,3
2025-11-01T00:26:02.404127,00:26:02,8150.42,8150.42,3
2025-11-01T00:26:03.788819,00:26:03,8150.42,8150.42,3
2025-11-01T00:26:14.605406,00:26:14,8152.12,8152.12,3
2025-11-01T00:26:15.697721,00:26:15,8152.26,8152.26,3
2025-11-01T00:26:26.473396,00:26:26,8121.08,8121.08,3
2025-11-01T00:26:27.599320,00:26:27,8117.41,8117.41,3
2025-11-01T00:26:38.595514,00:26:38,8110.74,8110.74,3
2025-11-01T00:26:39.880374,00:26:39,8107.99,8107.99,3
2025-11-01T00:26:50.458965,00:26:50,8094.38,8094.38,3
2025-11-01T00:26:51.816871,00:26:51,8093.84,8093.84,3
2025-11-01T00:27:02.376495,00:27:02,8091.77,8091.77,3
2025-11-01T00:27:03.741644,00:27:03,8082.77,8082.77,3
2025-11-01T00:27:14.542212,00:27:14,8139.28,8139.28,3
2025-11-01T00:27:15.875226,00:27:15,8134.08,8134.08,3
2025-11-01T00:27:26.411299,00:27:26,8108.8,8108.8,3
2025-11-01T00:27:28.002094,00:27:28,8109.59,8109.59,3
2025-11-01T00:27:38.257528,00:27:38,8106.08,8106.08,3
2025-11-01T00:27:39.911629,00:27:39,8106.74,8106.74,3
2025-11-01T00:27:50.446053,00:27:50,8158.82,8158.82,3
2025-11-01T00:27:51.855353,00:27:51,8149.26,8149.26,3
2025-11-01T00:28:02.333363,00:28:02,8167.2,8167.2,3
2025-11-01T00:28:04.038409,00:28:04,8166.89,8166.89,3
2025-11-01T00:28:14.476319,00:28:14,8218.71,8218.71,3
2025-11-01T00:28:15.636305,00:28:15,8216.85,8216.85,3
2025-11-01T00:28:26.653930,00:28:26,8191.52,8191.52,3
2025-11-01T00:28:27.939034,00:28:27,8199.69,8199.69,3
2025-11-01T00:28:38.630189,00:28:38,8201.07,8201.07,3
2025-11-01T00:28:40.148939,00:28:40,8198.81,8198.81,3
2025-11-01T00:28:50.549729,00:28:50,8205.14,8205.14,3
2025-11-01T00:28:51.778472,00:28:51,8205.56,8205.56,3
2025-11-01T00:29:02.466151,00:29:02,8220.77,8220.77,3
2025-11-01T00:29:04.067620,00:29:04,8220.59,8220.59,3
2025-11-01T00:29:14.682813,00:29:14,8225.54,8225.54,3
2025-11-01T00:29:15.728673,00:29:15,8232.53,8232.53,3
2025-11-01T00:29:26.591356,00:29:26,8225.13,8225.13,3
2025-11-01T00:29:28.233470,00:29:28,8227.37,8227.37,3
2025-11-01T00:29:38.476781,00:29:38,8226.45,8226.45,3
2025-11-01T00:29:40.363214,00:29:40,8214.04,8214.04,3
2025-11-01T00:29:50.310891,00:29:50,8206.86,8206.86,3
2025-11-01T00:29:52.307434,00:29:52,8201.11,8201.11,3
2025-11-01T00:30:02.440538,00:30:02,8178.67,8178.67,3
2025-11-01T00:30:04.190163,00:30:04,8177.82,8177.82,3
2025-11-01T00:30:14.617773,00:30:14,8147.17,8147.17,3
2025-11-01T00:30:15.769212,00:30:15,8130.36,8130.36,3
2025-11-01T00:30:26.499549,00:30:26,8127.05,8127.05,3
2025-11-01T00:30:28.297391,00:30:28,8128.23,8128.23,3
2025-11-01T00:30:38.393865,00:30:38,8066.28,8066.28,3
2025-11-01T00:30:40.270345,00:30:40,8067.15,8067.15,3
2025-11-01T00:30:50.263035,00:30:50,8074.98,8074.98,3
2025-11-01T00:30:52.160958,00:30:52,8071.7,8071.7,3
2025-11-01T00:31:02.420718,00:31:02,8057.3,8057.3,3
2025-11-01T00:31:03.814235,00:31:03,8052.5,8052.5,3
2025-11-01T00:31:14.561888,00:31:14,8053.79,8053.79,3
2025-11-01T00:31:15.683924,00:31:15,8052.35,8052.35,3
2025-11-01T00:31:26.415429,00:31:26,8059.29,8059.29,3
2025-11-01T00:31:28.199518,00:31:28,8058.36,8058.36,3
2025-11-01T00:31:38.375466,00:31:38,8042.85,8042.85,3
2025-11-01T00:31:39.885047,00:31:39,8044.58,8044.58,3
2025-11-01T00:31:50.204721,00:31:50,8050.96,8050.96,3
2025-11-01T00:31:52.106479,00:31:52,8051.1,8051.1,3
2025-11-01T00:32:02.375253,00:32:02,8055.71,8055.71,3
2025-11-01T00:32:03.705544,00:32:03,8050.92,8050.92,3
2025-11-01T00:32:14.576964,00:32:14,8037.54,8037.54,3
2025-11-01T00:32:15.891325,00:32:15,8033.42,8033.42,3
2025-11-01T00:32:26.509388,00:32:26,8057.97,8057.97,3
2025-11-01T00:32:27.870268,00:32:27,8059.22,8059.22,3
2025-11-01T00:32:38.446242,00:32:38,8051.54,8051.54,3
2025-11-01T00:32:40.054535,00:32:40,8051.34,8051.34,3
2025-11-01T00:32:50.365598,00:32:50,8029.59,8029.59,3
2025-11-01T00:32:52.245301,00:32:52,8024.61,8024.61,3
2025-11-01T00:33:02.243828,00:33:02,8006.4,8006.4,3
2025-11-01T00:33:04.107333,00:33:04,7989.02,7989.02,3
2025-11-01T00:33:14.390229,00:33:14,7958.11,7958.11,3
2025-11-01T00:33:15.957713,00:33:15,7957.45,7957.45,3
2025-11-01T00:33:26.533527,00:33:26,7945.3,7945.3,3
2025-11-01T00:33:27.818807,00:33:27,7943.3,7943.3,3
2025-11-01T00:33:38.760253,00:33:38,7893.97,7893.97,3
2025-11-01T00:33:40.282389,00:33:40,7894.07,7894.07,3
2025-11-01T00:33:50.686105,00:33:50,7876.65,7876.65,3
2025-11-01T00:33:52.193231,00:33:52,7893.62,7893.62,3
2025-11-01T00:34:02.546717,00:34:02,7922.96,7922.96,3
2025-11-01T00:34:04.125581,00:34:04,7916.15,7916.15,3
2025-11-01T00:34:14.395004,00:34:14,7943.35,7943.35,3
2025-11-01T00:34:16.001615,00:34:16,7945.92,7945.92,3
2025-11-01T00:34:26.530051,00:34:26,7951.17,7951.17,3
2025-11-01T00:34:27.834783,00:34:27,7968.21,7968.21,3
2025-11-01T00:34:38.515850,00:34:38,7968.36,7968.36,3
2025-11-01T00:34:39.734529,00:34:39,7974.83,7974.83,3
2025-11-01T00:34:50.437776,00:34:50,7960.97,7960.97,3
2025-11-01T00:34:51.612516,00:34:51,7970.22,7970.22,3
2025-11-01T00:35:02.638612,00:35:02,7965.66,7965.66,3
2025-11-01T00:35:03.242843,00:35:03,7952.37,7952.37,3
2025-11-01T00:35:14.478406,00:35:14,7959.41,7959.41,3
2025-11-01T00:35:15.385292,00:35:15,7959.56,7959.56,3
2025-11-01T00:35:26.371583,00:35:26,7953.83,7953.83,3
2025-11-01T00:35:27.247977,00:35:27,7955.01,7955.01,3
2025-11-01T00:35:38.531728,00:35:38,7961.1,7961.1,3
2025-11-01T00:35:39.248751,00:35:39,7961.1,7961.1,3
2025-11-01T00:35:50.458036,00:35:50,7969.13,7969.13,3
2025-11-01T00:35:51.138325,00:35:51,7966.08,7966.08,3
2025-11-01T00:36:02.599935,00:36:02,7973.53,7973.53,3
2025-11-01T00:36:03.397978,00:36:03,7981.82,7981.82,3
2025-11-01T00:36:14.443355,00:36:14,7983.05,7983.05,3
2025-11-01T00:36:15.579765,00:36:15,7996.99,7996.99,3
2025-11-01T00:36:26.914664,00:36:26,7987.94,7987.94,3
2025-11-01T00:36:27.167582,00:36:27,7987.02,7987.02,3
2025-11-01T00:36:39.128504,00:36:39,7982.44,7982.44,3
2025-11-01T00:36:39.412141,00:36:39,7972.01,7972.01,3
2025-11-01T00:36:51.230712,00:36:51,7988.73,7988.73,3
2025-11-01T00:36:51.913865,00:36:51,7988.73,7988.73,3
2025-11-01T00:37:03.384693,00:37:03,7975.57,7975.57,3
2025-11-01T00:37:04.055591,00:37:04,7968.42,7968.42,3
2025-11-01T00:37:15.478930,00:37:15,7973.74,7973.74,3
2025-11-01T00:37:16.234762,00:37:16,7973.17,7973.17,3
2025-11-01T00:37:27.946136,00:37:27,7990.79,7990.79,3
2025-11-01T00:37:28.212593,00:37:28,7988.17,7988.17,3
2025-11-01T00:37:40.146880,00:37:40,7973.51,7973.51,3
2025-11-01T00:37:40.710395,00:37:40,7973.34,7973.34,3
2025-11-01T00:37:52.402494,00:37:52,7979.12,7979.12,3
2025-11-01T00:37:53.391140,00:37:53,7979.13,7979.13,3
2025-11-01T00:38:04.245615,00:38:04,7986.51,7986.51,3
2025-11-01T00:38:05.558391,00:38:05,7987.63,7987.63,3
2025-11-01T00:38:16.426302,00:38:16,7994.16,7994.16,3
2025-11-01T00:38:17.435999,00:38:17,7993.82,7993.82,3
2025-11-01T00:38:28.909414,00:38:28,8004.41,8004.41,3
2025-11-01T00:38:29.389823,00:38:29,8015.02,8015.02,3
2025-11-01T00:38:41.335391,00:38:41,8021.24,8021.24,3
2025-11-01T00:38:41.559493,00:38:41,8021.76,8021.76,3
2025-11-01T00:38:53.252937,00:38:53,8043.59,8043.59,3
2025-11-01T00:38:54.004318,00:38:54,8043.59,8043.59,3
2025-11-01T00:39:05.390521,00:39:05,8045.0,8045.0,3
2025-11-01T00:39:06.146479,00:39:06,8044.61,8044.61,3
2025-11-01T00:39:17.574861,00:39:17,8033.51,8033.51,3
2025-11-01T00:39:17.983650,00:39:17,8036.45,8036.45,3
2025-11-01T00:39:29.487782,00:39:29,8033.79,8033.79,3
2025-11-01T00:39:30.093670,00:39:30,8034.21,8034.21,3
2025-11-01T00:39:41.652595,00:39:41,8043.22,8043.22,3
2025-11-01T00:39:42.308879,00:39:42,8043.33,8043.33,3
2025-11-01T00:39:53.561826,00:39:53,8042.36,8042.36,3
2025-11-01T00:39:54.433983,00:39:54,8041.39,8041.39,3
2025-11-01T00:40:05.484708,00:40:05,8014.51,8014.51,3
2025-11-01T00:40:06.586492,00:40:06,8040.08,8040.08,3
2025-11-01T00:40:17.920688,00:40:17,8052.77,8052.77,3
2025-11-01T00:40:18.510660,00:40:18,8053.94,8053.94,3
2025-11-01T00:40:30.069210,00:40:30,8016.92,8016.92,3
2025-11-01T00:40:30.706163,00:40:30,8020.12,8020.12,3
2025-11-01T00:40:42.481597,00:40:42,8044.93,8044.93,3
2025-11-01T00:40:43.148948,00:40:43,8033.41,8033.41,3
2025-11-01T00:40:54.697175,00:40:54,8033.7,8033.7,3
2025-11-01T00:40:55.054335,00:40:55,8031.44,8031.44,3
2025-11-01T00:41:06.787674,00:41:06,8033.71,8033.71,3
2025-11-01T00:41:07.205891,00:41:07,8033.52,8033.52,3
2025-11-01T00:41:18.619825,00:41:18,8013.65,8013.65,3
2025-11-01T00:41:19.662702,00:41:19,8004.85,8004.85,3
2025-11-01T00:41:30.472938,00:41:30,8012.6,8012.6,3
2025-11-01T00:41:31.778910,00:41:31,8029.49,8029.49,3
2025-11-01T00:41:42.631742,00:41:42,8020.88,8020.88,3
2025-11-01T00:41:43.649390,00:41:43,8007.63,8007.63,3
2025-11-01T00:41:54.513205,00:41:54,8001.75,8001.75,3
2025-11-01T00:41:55.820607,00:41:55,8000.07,8000.07,3
2025-11-01T00:42:06.392801,00:42:06,8002.72,8002.72,3
2025-11-01T00:42:07.710598,00:42:07,8003.4,8003.4,3
2025-11-01T00:42:18.535320,00:42:18,8002.85,8002.85,3
2025-11-01T00:42:19.638956,00:42:19,8001.21,8001.21,3
2025-11-01T00:42:30.359195,00:42:30,8009.46,8009.46,3
2025-11-01T00:42:32.115043,00:42:32,8008.69,8008.69,3
2025-11-01T00:42:42.449144,00:42:42,8012.8,8012.8,3
2025-11-01T00:42:43.983874,00:42:43,8013.61,8013.61,3
2025-11-01T00:42:54.578865,00:42:54,8033.78,8033.78,3
2025-11-01T00:42:56.153084,00:42:56,8033.97,8033.97,3
2025-11-01T00:43:06.399746,00:43:06,8042.93,8042.93,3
2025-11-01T00:43:08.316011,00:43:08,8046.24,8046.24,3
2025-11-01T00:43:18.621709,00:43:18,8085.76,8085.76,3
2025-11-01T00:43:20.178008,00:43:20,8079.42,8079.42,3
2025-11-01T00:43:30.436512,00:43:30,8070.81,8070.81,3
2025-11-01T00:43:32.552177,00:43:32,8069.51,8069.51,3
2025-11-01T00:43:42.573440,00:43:42,8065.57,8065.57,3
2025-11-01T00:43:44.508010,00:43:44,8068.1,8068.1,3
2025-11-01T00:43:54.409305,00:43:54,8067.76,8067.76,3
2025-11-01T00:43:56.653354,00:43:56,8066.3,8066.3,3
2025-11-01T00:44:06.520883,00:44:06,8079.79,8079.79,3
2025-11-01T00:44:08.212792,00:44:08,8056.57,8056.57,3
2025-11-01T00:44:18.413072,00:44:18,8053.12,8053.12,3
2025-11-01T00:44:20.089897,00:44:20,8079.86,8079.86,3
2025-11-01T00:44:30.497781,00:44:30,8080.89,8080.89,3
2025-11-01T00:44:32.000803,00:44:32,8080.52,8080.52,3
2025-11-01T00:44:42.314867,00:44:42,8092.35,8092.35,3
2025-11-01T00:44:43.866753,00:44:43,8093.63,8093.63,3
2025-11-01T00:44:54.501127,00:44:54,8134.43,8134.43,3
2025-11-01T00:44:55.773811,00:44:55,8129.86,8129.86,3
2025-11-01T00:45:06.608585,00:45:06,8123.15,8123.15,3
2025-11-01T00:45:07.692805,00:45:07,8122.22,8122.22,3
2025-11-01T00:45:18.454443,00:45:18,8161.71,8161.71,3
2025-11-01T00:45:19.838272,00:45:19,8143.19,8143.19,3
2025-11-01T00:45:30.606995,00:45:30,8163.28,8163.28,3
2025-11-01T00:45:31.960721,00:45:31,8178.1,8178.1,3
2025-11-01T00:45:42.780133,00:45:42,8161.07,8161.07,3
2025-11-01T00:45:43.923898,00:45:43,8162.79,8162.79,3
2025-11-01T00:45:54.976831,00:45:54,8173.83,8173.83,3
2025-11-01T00:45:55.832755,00:45:55,8178.9,8178.9,3
2025-11-01T00:46:07.170028,00:46:07,8175.05,8175.05,3
2025-11-01T00:46:07.958340,00:46:07,8175.75,8175.75,3
2025-11-01T00:46:19.300387,00:46:19,8226.89,8226.89,3
2025-11-01T00:46:19.800652,00:46:19,8227.09,8227.09,3
2025-11-01T00:46:31.209015,00:46:31,8255.93,8255.93,3
2025-11-01T00:46:32.302874,00:46:32,8255.76,8255.76,3
2025-11-01T00:46:43.073534,00:46:43,8252.49,8252.49,3
2025-11-01T00:46:44.526365,00:46:44,8252.02,8252.02,3
2025-11-01T00:46:55.301052,00:46:55,8222.5,8222.5,3
2025-11-01T00:46:56.784745,00:46:56,8222.22,8222.22,3
2025-11-01T00:47:07.202396,00:47:07,8211.83,8211.83,3
2025-11-01T00:47:09.002189,00:47:09,8213.09,8213.09,3
2025-11-01T00:47:19.334194,00:47:19,8234.6,8234.6,3
2025-11-01T00:47:20.576227,00:47:20,8221.21,8221.21,3
2025-11-01T00:47:31.454425,00:47:31,8213.33,8213.33,3
2025-11-01T00:47:32.490712,00:47:32,8208.44,8208.44,3
2025-11-01T00:47:43.766187,00:47:43,8206.33,8206.33,3
2025-11-01T00:47:44.808974,00:47:44,8220.39,8220.39,3
2025-11-01T00:47:55.665201,00:47:55,8225.33,8225.33,3
2025-11-01T00:47:57.266228,00:47:57,8241.98,8241.98,3
2025-11-01T00:48:07.589948,00:48:07,8247.16,8247.16,3
2025-11-01T00:48:09.149792,00:48:09,8259.01,8259.01,3
2025-11-01T00:48:19.467376,00:48:19,8260.76,8260.76,3
2025-11-01T00:48:21.023995,00:48:21,8260.99,8260.99,3
2025-11-01T00:48:31.594587,00:48:31,8261.17,8261.17,3
2025-11-01T00:48:32.620834,00:48:32,8261.15,8261.15,3
2025-11-01T00:48:43.456226,00:48:43,8265.47,8265.47,3
2025-11-01T00:48:45.127073,00:48:45,8262.04,8262.04,3
2025-11-01T00:48:55.359909,00:48:55,8280.85,8280.85,3
2025-11-01T00:48:57.564507,00:48:57,8279.95,8279.95,3
2025-11-01T00:49:07.576363,00:49:07,8263.07,8263.07,3
2025-11-01T00:49:09.462366,00:49:09,8261.99,8261.99,3
2025-11-01T00:49:19.429644,00:49:19,8287.57,8287.57,3
2025-11-01T00:49:21.670893,00:49:21,8288.75,8288.75,3
2025-11-01T00:49:31.515177,00:49:31,8285.37,8285.37,3
2025-11-01T00:49:33.895155,00:49:33,8287.01,8287.01,3
2025-11-01T00:49:43.430268,00:49:43,8277.44,8277.44,3
2025-11-01T00:49:45.861571,00:49:45,8276.73,8276.73,3
2025-11-01T00:49:55.283804,00:49:55,8286.37,8286.37,3
2025-11-01T00:49:57.804331,00:49:57,8286.38,8286.38,3
2025-11-01T00:50:07.437177,00:50:07,8278.18,8278.18,3
2025-11-01T00:50:09.773096,00:50:09,8278.36,8278.36,3
2025-11-01T00:50:19.255726,00:50:19,8296.51,8296.51,3
2025-11-01T00:50:21.675755,00:50:21,8327.86,8327.86,3
2025-11-01T00:50:31.455505,00:50:31,8339.6,8339.6,3
2025-11-01T00:50:33.272070,00:50:33,8330.77,8330.77,3
2025-11-01T00:50:43.624319,00:50:43,8333.45,8333.45,3
2025-11-01T00:50:45.163957,00:50:45,8333.28,8333.28,3
2025-11-01T00:50:55.540000,00:50:55,8407.09,8407.09,3
2025-11-01T00:50:57.056945,00:50:57,8416.44,8416.44,3
2025-11-01T00:51:07.476201,00:51:07,8399.8,8399.8,3
2025-11-01T00:51:08.972325,00:51:08,8371.81,8371.81,3
2025-11-01T00:51:19.623190,00:51:19,8391.29,8391.29,3
2025-11-01T00:51:20.826906,00:51:20,8392.15,8392.15,3
2025-11-01T00:51:31.467041,00:51:31,8401.38,8401.38,3
2025-11-01T00:51:32.680739,00:51:32,8426.86,8426.86,3
2025-11-01T00:51:43.600275,00:51:43,8410.84,8410.84,3
2025-11-01T00:51:44.826337,00:51:44,8410.33,8410.33,3
2025-11-01T00:51:55.484539,00:51:55,8401.02,8401.02,3
2025-11-01T00:51:56.728202,00:51:56,8401.76,8401.76,3
2025-11-01T00:52:07.623099,00:52:07,8410.78,8410.78,3
2025-11-01T00:52:08.570360,00:52:08,8414.37,8414.37,3
2025-11-01T00:52:19.508986,00:52:19,8412.61,8412.61,3
2025-11-01T00:52:20.692327,00:52:20,8412.75,8412.75,3
2025-11-01T00:52:31.377759,00:52:31,8411.44,8411.44,3
2025-11-01T00:52:32.895765,00:52:32,8401.65,8401.65,3
2025-11-01T00:52:43.229280,00:52:43,8433.78,8433.78,3
2025-11-01T00:52:44.780627,00:52:44,8434.19,8434.19,3
2025-11-01T00:52:55.418839,00:52:55,8436.2,8436.2,3
2025-11-01T00:52:56.663292,00:52:56,8438.75,8438.75,3
2025-11-01T00:53:07.543860,00:53:07,8412.75,8412.75,3
2025-11-01T00:53:08.523889,00:53:08,8412.76,8412.76,3
2025-11-01T00:53:19.440438,00:53:19,8415.47,8415.47,3
2025-11-01T00:53:20.672049,00:53:20,8421.53,8421.53,3
2025-11-01T00:53:31.823799,00:53:31,8438.89,8438.89,3
2025-11-01T00:53:32.858455,00:53:32,8438.89,8438.89,3
2025-11-01T00:53:43.749041,00:53:43,8426.24,8426.24,3
2025-11-01T00:53:45.401821,00:53:45,8414.19,8414.19,3
2025-11-01T00:53:55.621294,00:53:55,8423.83,8423.83,3
2025-11-01T00:53:57.313409,00:53:57,8423.83,8423.83,3
2025-11-01T00:54:07.514452,00:54:07,8424.57,8424.57,3
2025-11-01T00:54:09.470858,00:54:09,8425.89,8425.89,3
2025-11-01T00:54:19.381595,00:54:19,8429.51,8429.51,3
2025-11-01T00:54:21.764960,00:54:21,8430.59,8430.59,3
2025-11-01T00:54:31.602556,00:54:31,8428.8,8428.8,3
2025-11-01T00:54:33.703940,00:54:33,8440.8,8440.8,3
2025-11-01T00:54:43.488844,00:54:43,8449.35,8449.35,3
2025-11-01T00:54:45.612359,00:54:45,8464.65,8464.65,3
2025-11-01T00:54:55.462691,00:54:55,8496.73,8496.73,3
2025-11-01T00:54:57.529143,00:54:57,8500.34,8500.34,3
2025-11-01T00:55:07.357884,00:55:07,8477.54,8477.54,3
2025-11-01T00:55:09.402050,00:55:09,8486.12,8486.12,3
2025-11-01T00:55:19.489172,00:55:19,8515.6,8515.6,3
2025-11-01T00:55:21.295906,00:55:21,8520.96,8520.96,3
2025-11-01T00:55:31.380238,00:55:31,8566.84,8566.84,3
2025-11-01T00:55:33.160451,00:55:33,8567.03,8567.03,3
2025-11-01T00:55:43.523853,00:55:43,8624.41,8624.41,3
2025-11-01T00:55:45.074797,00:55:45,8625.54,8625.54,3
2025-11-01T00:55:55.422652,00:55:55,8622.27,8622.27,3
2025-11-01T00:55:57.319559,00:55:57,8632.87,8632.87,3
2025-11-01T00:56:07.557325,00:56:07,8641.11,8641.11,3
2025-11-01T00:56:09.252306,00:56:09,8634.46,8634.46,3
2025-11-01T00:56:19.382950,00:56:19,8658.09,8658.09,3
2025-11-01T00:56:21.348033,00:56:21,8661.64,8661.64,3
2025-11-01T00:56:31.242373,00:56:31,8629.58,8629.58,3
2025-11-01T00:56:33.223213,00:56:33,8637.12,8637.12,3
2025-11-01T00:56:43.376243,00:56:43,8633.74,8633.74,3
2025-11-01T00:56:45.093107,00:56:45,8634.11,8634.11,3
2025-11-01T00:56:55.226653,00:56:55,8636.26,8636.26,3
2025-11-01T00:56:56.933127,00:56:56,8644.7,8644.7,3
2025-11-01T00:57:07.375600,00:57:07,8635.2,8635.2,3
2025-11-01T00:57:08.783912,00:57:08,8634.77,8634.77,3
2025-11-01T00:57:19.502834,00:57:19,8628.36,8628.36,3
2025-11-01T00:57:20.613599,00:57:20,8645.63,8645.63,3
2025-11-01T00:57:31.623371,00:57:31,8644.41,8644.41,3
2025-11-01T00:57:32.469680,00:57:32,8632.13,8632.13,3
2025-11-01T00:57:43.567349,00:57:43,8628.38,8628.38,3
2025-11-01T00:57:44.664811,00:57:44,8628.73,8628.73,3
2025-11-01T00:57:55.436414,00:57:55,8625.6,8625.6,3
2025-11-01T00:57:56.523091,00:57:56,8627.73,8627.73,3
2025-11-01T00:58:07.239772,00:58:07,8655.9,8655.9,3
2025-11-01T00:58:08.336352,00:58:08,8655.37,8655.37,3
2025-11-01T00:58:19.335613,00:58:19,8641.32,8641.32,3
2025-11-01T00:58:20.203833,00:58:20,8645.2,8645.2,3
2025-11-01T00:58:31.440100,00:58:31,8648.37,8648.37,3
2025-11-01T00:58:32.026025,00:58:32,8648.84,8648.84,3
2025-11-01T00:58:43.550603,00:58:43,8642.29,8642.29,3
2025-11-01T00:58:44.206350,00:58:44,8642.67,8642.67,3
2025-11-01T00:58:55.399338,00:58:55,8645.42,8645.42,3
2025-11-01T00:58:56.318332,00:58:56,8656.42,8656.42,3
2025-11-01T00:59:07.529329,00:59:07,8653.75,8653.75,3
2025-11-01T00:59:08.159764,00:59:08,8646.89,8646.89,3
2025-11-01T00:59:19.131226,00:59:19,8610.35,8610.35,3
2025-11-01T00:59:19.806095,00:59:19,8610.9,8610.9,3
2025-11-01T00:59:31.267907,00:59:31,8593.13,8593.13,3
2025-11-01T00:59:32.228897,00:59:32,8601.81,8601.81,3
2025-11-01T00:59:43.487905,00:59:43,8564.42,8564.42,3
2025-11-01T00:59:44.154187,00:59:44,8555.86,8555.86,3
2025-11-01T00:59:55.319617,00:59:55,8535.04,8535.04,3
2025-11-01T00:59:56.029040,00:59:56,8539.97,8539.97,3
2025-11-01T01:00:07.443555,01:00:07,8586.34,8586.34,3
2025-11-01T01:00:08.494217,01:00:08,8587.51,8587.51,3
2025-11-01T01:00:19.551586,01:00:19,8619.07,8619.07,3
2025-11-01T01:00:20.677456,01:00:20,8603.52,8603.52,3
2025-11-01T01:00:31.377077,01:00:31,8595.52,8595.52,3
2025-11-01T01:00:32.812061,01:00:32,8596.05,8596.05,3
2025-11-01T01:00:43.488967,01:00:43,8565.54,8565.54,3
2025-11-01T01:00:44.714422,01:00:44,8565.36,8565.36,3
2025-11-01T01:00:55.319295,01:00:55,8557.97,8557.97,3
2025-11-01T01:00:56.638622,01:00:56,8560.85,8560.85,3
2025-11-01T01:01:07.449315,01:01:07,8562.23,8562.23,3
2025-11-01T01:01:08.469691,01:01:08,8562.55,8562.55,3
2025-11-01T01:01:19.340650,01:01:19,8561.21,8561.21,3
2025-11-01T01:01:20.664880,01:01:20,8571.43,8571.43,3
2025-11-01T01:01:31.444105,01:01:31,8589.01,8589.01,3
2025-11-01T01:01:32.507845,01:01:32,8588.72,8588.72,3
2025-11-01T01:01:43.827772,01:01:43,8567.18,8567.18,3
2025-11-01T01:01:44.120938,01:01:44,8568.59,8568.59,3
2025-11-01T01:01:55.982027,01:01:55,8564.96,8564.96,3
2025-11-01T01:01:56.395690,01:01:56,8568.82,8568.82,3
2025-11-01T01:02:08.205209,01:02:08,8599.27,8599.27,3
2025-11-01T01:02:08.611264,01:02:08,8591.99,8591.99,3
2025-11-01T01:02:20.566251,01:02:20,8568.43,8568.43,3
2025-11-01T01:02:20.818442,01:02:20,8568.43,8568.43,3
2025-11-01T01:02:32.466722,01:02:32,8620.91,8620.91,3
2025-11-01T01:02:33.511780,01:02:33,8620.85,8620.85,3
2025-11-01T01:02:44.319609,01:02:44,8663.85,8663.85,3
2025-11-01T01:02:45.531655,01:02:45,8663.46,8663.46,3
2025-11-01T01:02:56.383022,01:02:56,8663.36,8663.36,3
2025-11-01T01:02:57.356593,01:02:57,8645.77,8645.77,3
2025-11-01T01:03:08.848385,01:03:08,8679.5,8679.5,3
2025-11-01T01:03:09.209259,01:03:09,8679.24,8679.24,3
2025-11-01T01:03:20.662364,01:03:20,8693.54,8693.54,3
2025-11-01T01:03:21.351063,01:03:21,8693.22,8693.22,3
2025-11-01T01:03:32.999501,01:03:32,8712.32,8712.32,3
2025-11-01T01:03:33.501665,01:03:33,8712.31,8712.31,3
2025-11-01T01:03:45.225108,01:03:45,8713.53,8713.53,3
2025-11-01T01:03:45.430124,01:03:45,8713.54,8713.54,3
2025-11-01T01:03:57.448617,01:03:57,8776.23,8776.23,3
2025-11-01T01:03:57.618072,01:03:57,8774.42,8774.42,3
2025-11-01T01:04:09.656098,01:04:09,8822.98,8822.98,3
2025-11-01T01:04:09.848067,01:04:09,8822.87,8822.87,3
2025-11-01T01:04:21.811947,01:04:21,8907.06,8907.06,3
2025-11-01T01:04:22.216638,01:04:22,8905.33,8905.33,3
2025-11-01T01:04:34.185797,01:04:34,8878.37,8878.37,3
2025-11-01T01:04:34.625346,01:04:34,8875.17,8875.17,3
2025-11-01T01:04:46.665681,01:04:46,8817.22,8817.22,3
2025-11-01T01:04:47.063748,01:04:47,8817.45,8817.45,3
2025-11-01T01:04:58.793294,01:04:58,8819.61,8819.61,3
2025-11-01T01:04:59.201414,01:04:59,8824.66,8824.66,3
2025-11-01T01:05:10.648262,01:05:10,8790.09,8790.09,3
2025-11-01T01:05:11.641579,01:05:11,8785.93,8785.93,3
2025-11-01T01:05:22.522849,01:05:22,8741.08,8741.08,3
2025-11-01T01:05:23.802359,01:05:23,8736.44,8736.44,3
2025-11-01T01:05:34.384113,01:05:34,8734.59,8734.59,3
2025-11-01T01:05:35.425582,01:05:35,8735.23,8735.23,3
2025-11-01T01:05:46.497850,01:05:46,8761.6,8761.6,3
2025-11-01T01:05:47.401272,01:05:47,8765.73,8765.73,3
2025-11-01T01:05:58.591562,01:05:58,8740.15,8740.15,3
2025-11-01T01:05:59.326690,01:05:59,8745.98,8745.98,3
2025-11-01T01:06:10.425547,01:06:10,8744.64,8744.64,3
2025-11-01T01:06:11.192049,01:06:11,8741.37,8741.37,3
2025-11-01T01:06:22.494748,01:06:22,8745.99,8745.99,3
2025-11-01T01:06:23.100167,01:06:23,8745.33,8745.33,3
2025-11-01T01:06:34.976265,01:06:34,8729.53,8729.53,3
2025-11-01T01:06:35.212561,01:06:35,8732.64,8732.64,3
2025-11-01T01:06:46.802338,01:06:46,8720.83,8720.83,3
2025-11-01T01:06:47.651304,01:06:47,8721.79,8721.79,3
2025-11-01T01:06:58.707936,01:06:58,8700.91,8700.91,3
2025-11-01T01:06:59.762343,01:06:59,8701.28,8701.28,3
2025-11-01T01:07:10.590155,01:07:10,8692.34,8692.34,3
2025-11-01T01:07:11.952901,01:07:11,8684.93,8684.93,3
2025-11-01T01:07:23.028193,01:07:23,8677.59,8677.59,3
2025-11-01T01:07:23.861110,01:07:23,8675.86,8675.86,3
2025-11-01T01:07:34.969667,01:07:34,8633.03,8633.03,3
2025-11-01T01:07:35.720680,01:07:35,8635.55,8635.55,3
2025-11-01T01:07:46.851319,01:07:46,8653.01,8653.01,3
2025-11-01T01:07:48.150891,01:07:48,8651.76,8651.76,3
2025-11-01T01:07:59.332871,01:07:59,8632.6,8632.6,3
2025-11-01T01:08:00.305919,01:08:00,8621.84,8621.84,3
2025-11-01T01:08:11.530150,01:08:11,8658.69,8658.69,3
2025-11-01T01:08:12.447087,01:08:12,8648.07,8648.07,3
2025-11-01T01:08:23.587281,01:08:23,8643.07,8643.07,3
2025-11-01T01:08:24.716311,01:08:24,8643.09,8643.09,3
2025-11-01T01:08:35.495269,01:08:35,8646.44,8646.44,3
2025-11-01T01:08:36.847632,01:08:36,8647.34,8647.34,3
2025-11-01T01:08:47.394551,01:08:47,8651.49,8651.49,3
2025-11-01T01:08:48.974784,01:08:48,8651.77,8651.77,3
2025-11-01T01:08:59.575854,01:08:59,8644.7,8644.7,3
2025-11-01T01:09:00.843512,01:09:00,8644.71,8644.71,3
2025-11-01T01:09:11.864683,01:09:11,8647.75,8647.75,3
2025-11-01T01:09:13.415496,01:09:13,8646.87,8646.87,3
2025-11-01T01:09:23.823022,01:09:23,8634.77,8634.77,3
2025-11-01T01:09:25.453480,01:09:25,8649.28,8649.28,3
2025-11-01T01:09:35.657358,01:09:35,8640.17,8640.17,3
2025-11-01T01:09:37.346376,01:09:37,8645.38,8645.38,3
2025-11-01T01:09:47.602260,01:09:47,8625.87,8625.87,3
2025-11-01T01:09:49.206633,01:09:49,8624.36,8624.36,3
2025-11-01T01:09:59.567939,01:09:59,8621.69,8621.69,3
2025-11-01T01:10:01.378493,01:10:01,8621.7,8621.7,3
2025-11-01T01:10:11.574251,01:10:11,8594.26,8594.26,3
2025-11-01T01:10:13.532768,01:10:13,8591.3,8591.3,3
2025-11-01T01:10:24.066575,01:10:24,8595.25,8595.25,3
2025-11-01T01:10:25.895853,01:10:25,8590.13,8590.13,3
2025-11-01T01:10:36.584268,01:10:36,8592.12,8592.12,3
2025-11-01T01:10:37.814147,01:10:37,8592.13,8592.13,3
2025-11-01T01:10:48.582664,01:10:48,8590.81,8590.81,3
2025-11-01T01:10:49.553268,01:10:49,8591.2,8591.2,3
2025-11-01T01:11:00.532601,01:11:00,8585.37,8585.37,3
2025-11-01T01:11:01.990287,01:11:01,8586.46,8586.46,3
2025-11-01T01:11:12.444519,01:11:12,8596.32,8596.32,3
2025-11-01T01:11:14.177036,01:11:14,8596.0,8596.0,3
2025-11-01T01:11:24.789588,01:11:24,8585.26,8585.26,3
2025-11-01T01:11:26.147452,01:11:26,8593.03,8593.03,3
2025-11-01T01:11:36.880543,01:11:36,8590.66,8590.66,3
2025-11-01T01:11:38.112160,01:11:38,8590.94,8590.94,3
2025-11-01T01:11:48.817693,01:11:48,8567.46,8567.46,3
2025-11-01T01:11:50.106318,01:11:50,8566.67,8566.67,3
2025-11-01T01:12:01.583793,01:12:01,8580.3,8580.3,3
2025-11-01T01:12:02.440706,01:12:02,8580.75,8580.75,3
2025-11-01T01:12:13.490965,01:12:13,8589.37,8589.37,3
2025-11-01T01:12:14.976656,01:12:14,8600.94,8600.94,3
2025-11-01T01:12:25.551829,01:12:25,8606.56,8606.56,3
2025-11-01T01:12:27.322904,01:12:27,8611.59,8611.59,3
2025-11-01T01:12:37.579280,01:12:37,8652.23,8652.23,3
2025-11-01T01:12:39.326954,01:12:39,8652.69,8652.69,3
2025-11-01T01:12:49.500965,01:12:49,8655.14,8655.14,3
2025-11-01T01:12:51.234992,01:12:51,8658.35,8658.35,3
2025-11-01T01:13:01.417922,01:13:01,8662.62,8662.62,3
2025-11-01T01:13:03.182734,01:13:03,8680.71,8680.71,3
2025-11-01T01:13:15.607441,01:13:15,8677.96,8677.96,3
2025-11-01T01:13:15.931040,01:13:15,8678.52,8678.52,3
2025-11-01T01:13:27.525915,01:13:27,8722.2,8722.2,3
2025-11-01T01:13:28.249372,01:13:28,8722.2,8722.2,3
2025-11-01T01:13:40.115721,01:13:40,8693.3,8693.3,3
2025-11-01T01:13:40.478933,01:13:40,8692.94,8692.94,3
2025-11-01T01:13:52.621841,01:13:52,8714.21,8714.21,3
2025-11-01T01:13:52.743913,01:13:52,8706.51,8706.51,3
2025-11-01T01:14:04.684708,01:14:04,8690.02,8690.02,3
2025-11-01T01:14:04.784738,01:14:04,8690.02,8690.02,3
2025-11-01T01:14:16.573908,01:14:16,8719.59,8719.59,3
2025-11-01T01:14:17.091673,01:14:17,8719.59,8719.59,3
2025-11-01T01:14:28.798970,01:14:28,8717.96,8717.96,3
2025-11-01T01:14:29.048649,01:14:29,8717.52,8717.52,3
2025-11-01T01:14:40.683852,01:14:40,8703.98,8703.98,3
2025-11-01T01:14:41.541004,01:14:41,8709.87,8709.87,3
2025-11-01T01:14:53.685097,01:14:53,8705.47,8705.47,3
2025-11-01T01:14:54.055864,01:14:54,8708.57,8708.57,3
2025-11-01T01:15:06.088087,01:15:06,8708.33,8708.33,3
2025-11-01T01:15:07.322282,01:15:07,8707.62,8707.62,3
2025-11-01T01:15:18.062024,01:15:18,8674.91,8674.91,3
2025-11-01T01:15:19.624191,01:15:19,8668.22,8668.22,3
2025-11-01T01:15:30.297035,01:15:30,8724.53,8724.53,3
2025-11-01T01:15:32.258592,01:15:32,8752.35,8752.35,3
2025-11-01T01:15:42.559256,01:15:42,8743.05,8743.05,3
2025-11-01T01:15:44.233359,01:15:44,8737.45,8737.45,3
2025-11-01T01:15:54.452231,01:15:54,8701.17,8701.17,3
2025-11-01T01:15:56.129549,01:15:56,8705.11,8705.11,3
2025-11-01T01:16:06.374175,01:16:06,8761.53,8761.53,3
2025-11-01T01:16:07.719766,01:16:07,8761.17,8761.17,3
2025-11-01T01:16:18.557656,01:16:18,8766.96,8766.96,3
2025-11-01T01:16:19.756467,01:16:19,8764.07,8764.07,3
2025-11-01T01:16:30.709068,01:16:30,8761.9,8761.9,3
2025-11-01T01:16:32.689934,01:16:32,8767.52,8767.52,3
2025-11-01T01:16:42.719202,01:16:42,8780.07,8780.07,3
2025-11-01T01:16:45.035713,01:16:45,8782.65,8782.65,3
2025-11-01T01:16:54.558693,01:16:54,8945.69,8945.69,3
2025-11-01T01:16:56.659172,01:16:56,8945.61,8945.61,3
2025-11-01T01:17:06.182838,01:17:06,8928.55,8928.55,3
2025-11-01T01:17:08.240692,01:17:08,8926.99,8926.99,3
2025-11-01T01:17:18.399729,01:17:18,8934.63,8934.63,3
2025-11-01T01:17:20.216070,01:17:20,8929.25,8929.25,3
2025-11-01T01:17:30.489236,01:17:30,8917.27,8917.27,3
2025-11-01T01:17:32.520748,01:17:32,8912.44,8912.44,3
2025-11-01T01:17:42.334394,01:17:42,8898.65,8898.65,3
2025-11-01T01:17:44.365569,01:17:44,8904.92,8904.92,3
2025-11-01T01:17:54.499184,01:17:54,8945.4,8945.4,3
2025-11-01T01:17:56.345552,01:17:56,8945.9,8945.9,3
2025-11-01T01:18:06.386078,01:18:06,8902.9,8902.9,3
2025-11-01T01:18:08.493174,01:18:08,8903.58,8903.58,3
2025-11-01T01:18:18.527364,01:18:18,8901.16,8901.16,3
2025-11-01T01:18:20.619773,01:18:20,8896.27,8896.27,3
2025-11-01T01:18:30.803254,01:18:30,8873.3,8873.3,3
2025-11-01T01:18:32.510315,01:18:32,8873.93,8873.93,3
2025-11-01T01:18:42.756782,01:18:42,8858.38,8858.38,3
2025-11-01T01:18:44.641106,01:18:44,8861.79,8861.79,3
2025-11-01T01:18:54.791020,01:18:54,8876.53,8876.53,3
2025-11-01T01:18:56.652096,01:18:56,8867.99,8867.99,3
2025-11-01T01:19:06.587874,01:19:06,8849.72,8849.72,3
2025-11-01T01:19:08.678229,01:19:08,8845.92,8845.92,3
2025-11-01T01:19:18.546828,01:19:18,8850.51,8850.51,3
2025-11-01T01:19:20.547133,01:19:20,8850.24,8850.24,3
2025-11-01T01:19:30.452641,01:19:30,8847.29,8847.29,3
2025-11-01T01:19:32.864072,01:19:32,8841.54,8841.54,3
2025-11-01T01:19:42.654731,01:19:42,8859.8,8859.8,3
2025-11-01T01:19:44.787462,01:19:44,8851.3,8851.3,3
2025-11-01T01:19:54.542651,01:19:54,8843.11,8843.11,3
2025-11-01T01:19:56.757713,01:19:56,8852.84,8852.84,3
2025-11-01T01:20:06.419023,01:20:06,8942.47,8942.47,3
2025-11-01T01:20:08.624194,01:20:08,8964.05,8964.05,3
2025-11-01T01:20:18.552628,01:20:18,8957.36,8957.36,3
2025-11-01T01:20:20.188292,01:20:20,8964.64,8964.64,3
2025-11-01T01:20:30.433080,01:20:30,8948.19,8948.19,3
2025-11-01T01:20:32.193913,01:20:32,8948.88,8948.88,3
2025-11-01T01:20:43.476869,01:20:43,8934.48,8934.48,3
2025-11-01T01:20:46.326991,01:20:46,8920.69,8920.69,3
2025-11-01T01:20:55.424497,01:20:55,8929.11,8929.11,3
2025-11-01T01:20:58.218946,01:20:58,8921.95,8921.95,3
2025-11-01T01:21:07.595772,01:21:07,8965.79,8965.79,3
2025-11-01T01:21:09.858410,01:21:09,8965.27,8965.27,3
2025-11-01T01:21:19.487181,01:21:19,8959.24,8959.24,3
2025-11-01T01:21:21.699980,01:21:21,8952.56,8952.56,3
2025-11-01T01:21:31.799928,01:21:31,8910.56,8910.56,3
2025-11-01T01:21:33.537607,01:21:33,8897.06,8897.06,3
2025-11-01T01:21:43.653636,01:21:43,8866.46,8866.46,3
2025-11-01T01:21:45.634661,01:21:45,8862.83,8862.83,3
2025-11-01T01:21:55.267288,01:21:55,8858.47,8858.47,3
2025-11-01T01:21:57.186248,01:21:57,8845.03,8845.03,3
2025-11-01T01:22:07.412206,01:22:07,8831.49,8831.49,3
2025-11-01T01:22:09.037464,01:22:09,8833.92,8833.92,3
2025-11-01T01:22:19.608434,01:22:19,8840.39,8840.39,3
2025-11-01T01:22:20.759524,01:22:20,8831.69,8831.69,3
2025-11-01T01:22:31.494919,01:22:31,8809.17,8809.17,3
2025-11-01T01:22:32.858505,01:22:32,8808.71,8808.71,3
2025-11-01T01:22:43.711256,01:22:43,8794.6,8794.6,3
2025-11-01T01:22:44.677485,01:22:44,8794.17,8794.17,3
2025-11-01T01:22:55.574601,01:22:55,8793.93,8793.93,3
2025-11-01T01:22:57.151853,01:22:57,8793.42,8793.42,3
2025-11-01T01:23:07.403364,01:23:07,8807.42,8807.42,3
2025-11-01T01:23:08.992349,01:23:08,8808.07,8808.07,3
2025-11-01T01:23:19.277666,01:23:19,8836.42,8836.42,3
2025-11-01T01:23:21.113242,01:23:21,8836.83,8836.83,3
2025-11-01T01:23:31.121836,01:23:31,8838.51,8838.51,3
2025-11-01T01:23:32.661259,01:23:32,8842.19,8842.19,3
2025-11-01T01:23:43.331774,01:23:43,8839.89,8839.89,3
2025-11-01T01:23:44.816989,01:23:44,8840.04,8840.04,3
2025-11-01T01:23:55.496688,01:23:55,8828.55,8828.55,3
2025-11-01T01:23:56.681287,01:23:56,8822.28,8822.28,3
2025-11-01T01:24:07.651625,01:24:07,8881.78,8881.78,3
2025-11-01T01:24:08.724477,01:24:08,8860.6,8860.6,3
2025-11-01T01:24:19.491360,01:24:19,8856.19,8856.19,3
2025-11-01T01:24:20.848990,01:24:20,8857.01,8857.01,3
2025-11-01T01:24:31.614207,01:24:31,8830.41,8830.41,3
2025-11-01T01:24:32.713531,01:24:32,8830.15,8830.15,3
2025-11-01T01:24:43.487262,01:24:43,8812.4,8812.4,3
2025-11-01T01:24:44.832407,01:24:44,8812.49,8812.49,3
2025-11-01T01:24:55.452240,01:24:55,8774.42,8774.42,3
2025-11-01T01:24:57.056865,01:24:57,8776.7,8776.7,3
2025-11-01T01:25:07.672181,01:25:07,8758.85,8758.85,3
2025-11-01T01:25:08.899331,01:25:08,8745.47,8745.47,3
2025-11-01T01:25:19.875049,01:25:19,8763.74,8763.74,3
2025-11-01T01:25:21.097678,01:25:21,8772.91,8772.91,3
2025-11-01T01:25:32.060205,01:25:32,8759.99,8759.99,3
2025-11-01T01:25:32.931223,01:25:32,8768.07,8768.07,3
2025-11-01T01:25:44.484608,01:25:44,8755.47,8755.47,3
2025-11-01T01:25:44.508432,01:25:44,8757.48,8757.48,3
2025-11-01T01:25:56.448268,01:25:56,8750.97,8750.97,3
2025-11-01T01:25:56.690246,01:25:56,8751.36,8751.36,3
2025-11-01T01:26:08.576074,01:26:08,8782.08,8782.08,3
2025-11-01T01:26:08.641923,01:26:08,8782.08,8782.08,3
2025-11-01T01:26:20.411193,01:26:20,8761.88,8761.88,3
2025-11-01T01:26:21.123821,01:26:21,8761.67,8761.67,3
2025-11-01T01:26:32.801758,01:26:32,8767.53,8767.53,3
2025-11-01T01:26:33.045906,01:26:33,8767.41,8767.41,3
2025-11-01T01:26:45.293844,01:26:45,8772.03,8772.03,3
2025-11-01T01:26:45.546425,01:26:45,8773.77,8773.77,3
2025-11-01T01:26:57.447480,01:26:57,8756.73,8756.73,3
2025-11-01T01:26:58.126395,01:26:58,8756.73,8756.73,3
2025-11-01T01:27:09.549967,01:27:09,8764.28,8764.28,3
2025-11-01T01:27:09.978247,01:27:09,8764.7,8764.7,3
2025-11-01T01:27:21.755407,01:27:21,8761.43,8761.43,3
2025-11-01T01:27:22.080722,01:27:22,8759.65,8759.65,3
2025-11-01T01:27:33.985447,01:27:33,8746.03,8746.03,3
2025-11-01T01:27:34.330096,01:27:34,8747.07,8747.07,3
2025-11-01T01:27:45.813204,01:27:45,8756.16,8756.16,3
2025-11-01T01:27:46.420917,01:27:46,8756.2,8756.2,3
2025-11-01T01:27:57.751614,01:27:57,8747.26,8747.26,3
2025-11-01T01:27:58.624639,01:27:58,8753.06,8753.06,3
2025-11-01T01:28:09.571425,01:28:09,8744.77,8744.77,3
2025-11-01T01:28:11.316417,01:28:11,8752.64,8752.64,3
2025-11-01T01:28:21.436848,01:28:21,8733.84,8733.84,3
2025-11-01T01:28:23.214072,01:28:23,8729.64,8729.64,3
2025-11-01T01:28:33.436425,01:28:33,8704.04,8704.04,3
2025-11-01T01:28:35.030468,01:28:35,8700.35,8700.35,3
2025-11-01T01:28:45.575996,01:28:45,8680.48,8680.48,3
2025-11-01T01:28:46.887698,01:28:46,8678.29,8678.29,3
2025-11-01T01:28:57.394911,01:28:57,8649.99,8649.99,3
2025-11-01T01:28:58.799250,01:28:58,8646.5,8646.5,3
2025-11-01T01:29:09.232895,01:29:09,8630.49,8630.49,3
2025-11-01T01:29:10.932503,01:29:10,8664.17,8664.17,3
2025-11-01T01:29:21.356976,01:29:21,8669.83,8669.83,3
2025-11-01T01:29:22.734998,01:29:22,8664.6,8664.6,3
2025-11-01T01:29:33.512090,01:29:33,8676.71,8676.71,3
2025-11-01T01:29:34.857474,01:29:34,8653.72,8653.72,3
2025-11-01T01:29:45.284771,01:29:45,8659.61,8659.61,3
2025-11-01T01:29:47.007003,01:29:47,8657.31,8657.31,3
2025-11-01T01:29:57.428515,01:29:57,8648.11,8648.11,3
2025-11-01T01:29:58.908355,01:29:58,8647.5,8647.5,3
2025-11-01T01:30:09.532830,01:30:09,8637.94,8637.94,3
2025-11-01T01:30:10.833741,01:30:10,8645.28,8645.28,3
2025-11-01T01:30:21.649038,01:30:21,8590.47,8590.47,3
2025-11-01T01:30:22.655174,01:30:22,8590.48,8590.48,3
2025-11-01T01:30:33.742580,01:30:33,8584.87,8584.87,3
2025-11-01T01:30:34.832689,01:30:34,8584.52,8584.52,3
2025-11-01T01:30:45.902183,01:30:45,8589.64,8589.64,3
2025-11-01T01:30:46.759289,01:30:46,8578.69,8578.69,3
2025-11-01T01:30:57.751117,01:30:57,8593.34,8593.34,3
2025-11-01T01:30:58.942884,01:30:58,8593.35,8593.35,3
2025-11-01T01:31:09.563405,01:31:09,8579.99,8579.99,3
2025-11-01T01:31:11.046232,01:31:11,8590.03,8590.03,3
2025-11-01T01:31:21.413316,01:31:21,8591.07,8591.07,3
2025-11-01T01:31:23.170643,01:31:23,8591.49,8591.49,3
2025-11-01T01:31:33.541884,01:31:33,8592.27,8592.27,3
2025-11-01T01:31:34.750757,01:31:34,8594.28,8594.28,3
2025-11-01T01:31:46.239257,01:31:46,8577.41,8577.41,3
2025-11-01T01:31:46.624842,01:31:46,8572.64,8572.64,3
2025-11-01T01:31:58.332793,01:31:58,8575.39,8575.39,3
2025-11-01T01:31:58.788754,01:31:58,8574.94,8574.94,3
2025-11-01T01:32:10.418682,01:32:10,8551.32,8551.32,3
2025-11-01T01:32:10.931188,01:32:10,8556.35,8556.35,3
2025-11-01T01:32:22.821939,01:32:22,8571.52,8571.52,3
2025-11-01T01:32:23.331246,01:32:23,8571.52,8571.52,3
2025-11-01T01:32:34.618008,01:32:34,8555.09,8555.09,3
2025-11-01T01:32:35.488034,01:32:35,8554.93,8554.93,3
2025-11-01T01:32:46.448140,01:32:46,8540.76,8540.76,3
2025-11-01T01:32:47.929592,01:32:47,8545.01,8545.01,3
2025-11-01T01:32:58.628554,01:32:58,8544.92,8544.92,3
2025-11-01T01:32:59.540854,01:32:59,8543.51,8543.51,3
2025-11-01T01:33:10.427148,01:33:10,8516.81,8516.81,3
2025-11-01T01:33:11.654083,01:33:11,8516.45,8516.45,3
2025-11-01T01:33:22.528186,01:33:22,8525.47,8525.47,3
2025-11-01T01:33:23.809938,01:33:23,8525.71,8525.71,3
2025-11-01T01:33:34.368998,01:33:34,8501.28,8501.28,3
2025-11-01T01:33:36.063703,01:33:36,8503.25,8503.25,3
2025-11-01T01:33:46.494227,01:33:46,8500.1,8500.1,3
2025-11-01T01:33:47.913384,01:33:47,8501.22,8501.22,3
2025-11-01T01:33:58.633269,01:33:58,8505.05,8505.05,3
2025-11-01T01:33:59.773065,01:33:59,8505.05,8505.05,3
2025-11-01T01:34:10.472675,01:34:10,8487.05,8487.05,3
2025-11-01T01:34:11.885196,01:34:11,8499.58,8499.58,3
2025-11-01T01:34:22.256342,01:34:22,8506.04,8506.04,3
2025-11-01T01:34:23.706077,01:34:23,8506.08,8506.08,3
2025-11-01T01:34:34.332623,01:34:34,8490.56,8490.56,3
2025-11-01T01:34:35.852188,01:34:35,8490.63,8490.63,3
2025-11-01T01:34:46.100440,01:34:46,8492.64,8492.64,3
2025-11-01T01:34:47.964367,01:34:47,8492.62,8492.62,3
2025-11-01T01:34:58.188605,01:34:58,8493.29,8493.29,3
2025-11-01T01:34:59.827573,01:34:59,8492.75,8492.75,3
2025-11-01T01:35:10.377373,01:35:10,8506.73,8506.73,3
2025-11-01T01:35:11.970409,01:35:11,8507.65,8507.65,3
2025-11-01T01:35:22.461878,01:35:22,8467.83,8467.83,3
2025-11-01T01:35:23.505543,01:35:23,8466.26,8466.26,3
2025-11-01T01:35:34.637159,01:35:34,8456.58,8456.58,3
2025-11-01T01:35:35.406099,01:35:35,8451.5,8451.5,3
2025-11-01T01:35:46.438955,01:35:46,8465.44,8465.44,3
2025-11-01T01:35:47.839007,01:35:47,8469.11,8469.11,3
2025-11-01T01:35:58.541343,01:35:58,8477.51,8477.51,3
2025-11-01T01:35:59.755182,01:35:59,8476.31,8476.31,3
2025-11-01T01:36:10.408187,01:36:10,8458.12,8458.12,3
2025-11-01T01:36:11.765691,01:36:11,8465.74,8465.74,3
2025-11-01T01:36:22.518145,01:36:22,8486.12,8486.12,3
2025-11-01T01:36:23.308013,01:36:23,8485.87,8485.87,3
2025-11-01T01:36:34.557963,01:36:34,8498.36,8498.36,3
2025-11-01T01:36:35.774944,01:36:35,8509.66,8509.66,3
2025-11-01T01:36:46.347858,01:36:46,8543.65,8543.65,3
2025-11-01T01:36:47.584078,01:36:47,8534.92,8534.92,3
2025-11-01T01:36:58.479263,01:36:58,8526.98,8526.98,3
2025-11-01T01:36:59.445659,01:36:59,8525.88,8525.88,3
2025-11-01T01:37:10.650140,01:37:10,8539.38,8539.38,3
2025-11-01T01:37:11.284657,01:37:11,8523.49,8523.49,3
2025-11-01T01:37:23.059663,01:37:23,8525.25,8525.25,3
2025-11-01T01:37:23.440233,01:37:23,8526.46,8526.46,3
2025-11-01T01:37:35.181524,01:37:35,8542.08,8542.08,3
2025-11-01T01:37:35.602989,01:37:35,8540.52,8540.52,3
2025-11-01T01:37:47.293035,01:37:47,8564.29,8564.29,3
2025-11-01T01:37:48.077479,01:37:48,8554.79,8554.79,3
2025-11-01T01:37:59.449708,01:37:59,8566.55,8566.55,3
2025-11-01T01:37:59.958644,01:37:59,8566.55,8566.55,3
2025-11-01T01:38:12.098289,01:38:12,8621.06,8621.06,3
2025-11-01T01:38:12.104449,01:38:12,8621.19,8621.19,3
2025-11-01T01:38:24.228423,01:38:24,8625.57,8625.57,3
2025-11-01T01:38:24.301456,01:38:24,8625.57,8625.57,3
2025-11-01T01:38:36.393903,01:38:36,8632.12,8632.12,3
2025-11-01T01:38:36.780883,01:38:36,8632.12,8632.12,3
2025-11-01T01:38:48.543885,01:38:48,8635.02,8635.02,3
2025-11-01T01:38:49.235786,01:38:49,8623.14,8623.14,3
2025-11-01T01:39:01.107906,01:39:01,8618.63,8618.63,3
2025-11-01T01:39:01.490337,01:39:01,8617.84,8617.84,3
2025-11-01T01:39:13.259048,01:39:13,8577.78,8577.78,3
2025-11-01T01:39:13.998996,01:39:13,8581.26,8581.26,3
2025-11-01T01:39:25.740422,01:39:25,8573.75,8573.75,3
2025-11-01T01:39:26.101915,01:39:26,8573.75,8573.75,3
2025-11-01T01:39:37.646287,01:39:37,8569.44,8569.44,3
2025-11-01T01:39:38.583946,01:39:38,8577.35,8577.35,3
2025-11-01T01:39:49.553480,01:39:49,8581.01,8581.01,3
2025-11-01T01:39:51.048109,01:39:51,8572.15,8572.15,3
2025-11-01T01:40:01.669132,01:40:01,8568.98,8568.98,3
2025-11-01T01:40:02.855438,01:40:02,8568.08,8568.08,3
2025-11-01T01:40:13.539227,01:40:13,8577.72,8577.72,3
2025-11-01T01:40:14.801719,01:40:14,8580.29,8580.29,3
2025-11-01T01:40:25.374507,01:40:25,8601.45,8601.45,3
2025-11-01T01:40:26.341148,01:40:26,8601.46,8601.46,3
2025-11-01T01:40:37.532018,01:40:37,8604.7,8604.7,3
2025-11-01T01:40:38.254299,01:40:38,8604.51,8604.51,3
2025-11-01T01:40:49.940237,01:40:49,8647.44,8647.44,3
2025-11-01T01:40:50.477684,01:40:50,8647.45,8647.45,3
2025-11-01T01:41:02.094526,01:41:02,8659.42,8659.42,3
2025-11-01T01:41:02.747938,01:41:02,8658.25,8658.25,3
2025-11-01T01:41:13.862806,01:41:13,8663.09,8663.09,3
2025-11-01T01:41:14.540843,01:41:14,8663.09,8663.09,3
2025-11-01T01:41:25.659793,01:41:25,8706.97,8706.97,3
2025-11-01T01:41:26.673635,01:41:26,8712.47,8712.47,3
2025-11-01T01:41:37.448073,01:41:37,8691.2,8691.2,3
2025-11-01T01:41:38.820841,01:41:38,8692.67,8692.67,3
2025-11-01T01:41:49.578030,01:41:49,8680.01,8680.01,3
2025-11-01T01:41:50.715995,01:41:50,8680.02,8680.02,3
2025-11-01T01:42:01.827227,01:42:01,8694.72,8694.72,3
2025-11-01T01:42:02.921085,01:42:02,8706.57,8706.57,3
2025-11-01T01:42:13.958105,01:42:13,8717.46,8717.46,3
2025-11-01T01:42:15.038056,01:42:15,8719.67,8719.67,3
2025-11-01T01:42:26.123778,01:42:26,8729.26,8729.26,3
2025-11-01T01:42:27.136806,01:42:27,8740.17,8740.17,3
2025-11-01T01:42:38.230640,01:42:38,8734.6,8734.6,3
2025-11-01T01:42:39.257683,01:42:39,8742.22,8742.22,3
2025-11-01T01:42:50.408055,01:42:50,8741.41,8741.41,3
2025-11-01T01:42:51.108243,01:42:51,8728.83,8728.83,3
2025-11-01T01:43:02.186469,01:43:02,8723.62,8723.62,3
2025-11-01T01:43:03.269301,01:43:03,8726.77,8726.77,3
2025-11-01T01:43:14.288115,01:43:14,8723.78,8723.78,3
2025-11-01T01:43:15.657018,01:43:15,8721.46,8721.46,3
2025-11-01T01:43:26.404225,01:43:26,8684.14,8684.14,3
2025-11-01T01:43:27.802411,01:43:27,8681.39,8681.39,3
2025-11-01T01:43:38.198310,01:43:38,8671.44,8671.44,3
2025-11-01T01:43:40.254369,01:43:40,8663.31,8663.31,3
2025-11-01T01:43:50.554772,01:43:50,8662.37,8662.37,3
2025-11-01T01:43:52.169060,01:43:52,8662.11,8662.11,3
2025-11-01T01:44:02.400689,01:44:02,8662.8,8662.8,3
2025-11-01T01:44:04.291451,01:44:04,8663.78,8663.78,3
2025-11-01T01:44:14.505930,01:44:14,8664.88,8664.88,3
2025-11-01T01:44:16.125290,01:44:16,8665.08,8665.08,3
2025-11-01T01:44:26.304525,01:44:26,8665.08,8665.08,3
2025-11-01T01:44:27.993477,01:44:27,8666.75,8666.75,3
2025-11-01T01:44:38.391861,01:44:38,8690.2,8690.2,3
2025-11-01T01:44:39.512282,01:44:39,8690.21,8690.21,3
2025-11-01T01:44:50.380622,01:44:50,8713.72,8713.72,3
2025-11-01T01:44:51.386897,01:44:51,8713.26,8713.26,3
2025-11-01T01:45:02.462273,01:45:02,8732.1,8732.1,3
2025-11-01T01:45:03.255021,01:45:03,8732.27,8732.27,3
2025-11-01T01:45:14.946127,01:45:14,8726.29,8726.29,3
2025-11-01T01:45:15.443261,01:45:15,8727.56,8727.56,3
2025-11-01T01:45:27.033610,01:45:27,8741.84,8741.84,3
2025-11-01T01:45:27.519814,01:45:27,8742.85,8742.85,3
2025-11-01T01:45:39.352968,01:45:39,8740.03,8740.03,3
2025-11-01T01:45:39.911785,01:45:39,8740.42,8740.42,3
2025-11-01T01:45:51.522536,01:45:51,8745.73,8745.73,3
2025-11-01T01:45:52.119233,01:45:52,8745.73,8745.73,3
2025-11-01T01:46:03.642343,01:46:03,8758.58,8758.58,3
2025-11-01T01:46:03.998907,01:46:03,8750.53,8750.53,3
2025-11-01T01:46:15.848284,01:46:15,8746.82,8746.82,3
2025-11-01T01:46:16.210161,01:46:16,8751.03,8751.03,3
2025-11-01T01:46:27.980458,01:46:27,8744.64,8744.64,3
2025-11-01T01:46:28.368698,01:46:28,8740.75,8740.75,3
2025-11-01T01:46:40.365805,01:46:40,8727.25,8727.25,3
2025-11-01T01:46:40.816456,01:46:40,8728.86,8728.86,3
2025-11-01T01:46:52.475302,01:46:52,8710.93,8710.93,3
2025-11-01T01:46:52.985584,01:46:52,8710.18,8710.18,3
2025-11-01T01:47:04.623792,01:47:04,8692.68,8692.68,3
2025-11-01T01:47:04.662823,01:47:04,8688.87,8688.87,3
2025-11-01T01:47:16.464530,01:47:16,8669.61,8669.61,3
2025-11-01T01:47:16.559808,01:47:16,8669.61,8669.61,3
2025-11-01T01:47:28.404443,01:47:28,8664.27,8664.27,3
2025-11-01T01:47:28.574943,01:47:28,8664.28,8664.28,3
2025-11-01T01:47:40.420052,01:47:40,8656.83,8656.83,3
2025-11-01T01:47:40.652806,01:47:40,8656.84,8656.84,3
2025-11-01T01:47:52.638256,01:47:52,8657.72,8657.72,3
2025-11-01T01:47:52.802990,01:47:52,8657.72,8657.72,3
2025-11-01T01:48:04.558979,01:48:04,8660.75,8660.75,3
2025-11-01T01:48:04.668306,01:48:04,8661.06,8661.06,3
2025-11-01T01:48:16.398906,01:48:16,8658.16,8658.16,3
2025-11-01T01:48:16.594236,01:48:16,8658.16,8658.16,3
2025-11-01T01:48:28.533590,01:48:28,8652.66,8652.66,3
2025-11-01T01:48:28.771410,01:48:28,8652.66,8652.66,3
2025-11-01T01:48:40.699717,01:48:40,8649.59,8649.59,3
2025-11-01T01:48:41.184694,01:48:41,8649.59,8649.59,3
2025-11-01T01:48:52.918723,01:48:52,8645.38,8645.38,3
2025-11-01T01:48:53.367589,01:48:53,8645.2,8645.2,3
2025-11-01T01:49:05.087852,01:49:05,8660.37,8660.37,3
2025-11-01T01:49:05.827418,01:49:05,8661.02,8661.02,3
2025-11-01T01:49:17.336670,01:49:17,8646.44,8646.44,3
2025-11-01T01:49:18.323398,01:49:18,8646.44,8646.44,3
2025-11-01T01:49:29.548552,01:49:29,8642.07,8642.07,3
2025-11-01T01:49:30.210622,01:49:30,8645.82,8645.82,3
2025-11-01T01:49:41.407350,01:49:41,8639.44,8639.44,3
2025-11-01T01:49:42.101700,01:49:42,8639.35,8639.35,3
2025-11-01T01:49:53.786006,01:49:53,8653.51,8653.51,3
2025-11-01T01:49:54.327868,01:49:54,8646.49,8646.49,3
2025-11-01T01:50:05.695241,01:50:05,8655.99,8655.99,3
2025-11-01T01:50:06.515023,01:50:06,8655.77,8655.77,3
2025-11-01T01:50:17.553892,01:50:17,8664.4,8664.4,3
2025-11-01T01:50:18.722497,01:50:18,8663.77,8663.77,3
2025-11-01T01:50:29.401808,01:50:29,8683.82,8683.82,3
2025-11-01T01:50:30.559072,01:50:30,8702.37,8702.37,3
2025-11-01T01:50:41.260133,01:50:41,8715.79,8715.79,3
2025-11-01T01:50:42.783965,01:50:42,8709.33,8709.33,3
2025-11-01T01:50:53.404389,01:50:53,8707.81,8707.81,3
2025-11-01T01:50:55.202338,01:50:55,8697.45,8697.45,3
2025-11-01T01:51:05.617723,01:51:05,8719.04,8719.04,3
2025-11-01T01:51:07.141784,01:51:07,8718.19,8718.19,3
2025-11-01T01:51:17.474603,01:51:17,8722.81,8722.81,3
2025-11-01T01:51:19.312258,01:51:19,8722.59,8722.59,3
2025-11-01T01:51:29.598579,01:51:29,8692.87,8692.87,3
2025-11-01T01:51:30.898648,01:51:30,8687.44,8687.44,3
2025-11-01T01:51:41.445032,01:51:41,8676.62,8676.62,3
2025-11-01T01:51:42.768435,01:51:42,8661.12,8661.12,3
2025-11-01T01:51:53.640094,01:51:53,8637.46,8637.46,3
2025-11-01T01:51:54.666232,01:51:54,8623.55,8623.55,3
2025-11-01T01:52:05.520777,01:52:05,8587.29,8587.29,3
2025-11-01T01:52:06.800170,01:52:06,8585.61,8585.61,3
2025-11-01T01:52:17.400405,01:52:17,8554.28,8554.28,3
2025-11-01T01:52:18.763225,01:52:18,8552.82,8552.82,3
2025-11-01T01:52:29.637387,01:52:29,8567.4,8567.4,3
2025-11-01T01:52:30.633513,01:52:30,8568.03,8568.03,3
2025-11-01T01:52:41.514248,01:52:41,8546.12,8546.12,3
2025-11-01T01:52:42.805080,01:52:42,8548.96,8548.96,3
2025-11-01T01:52:53.437842,01:52:53,8561.56,8561.56,3
2025-11-01T01:52:54.678090,01:52:54,8561.71,8561.71,3
2025-11-01T01:53:05.332798,01:53:05,8564.15,8564.15,3
2025-11-01T01:53:06.497962,01:53:06,8566.63,8566.63,3
2025-11-01T01:53:17.191930,01:53:17,8588.03,8588.03,3
2025-11-01T01:53:18.908720,01:53:18,8588.15,8588.15,3
2025-11-01T01:53:29.301283,01:53:29,8587.77,8587.77,3
2025-11-01T01:53:30.740162,01:53:30,8587.39,8587.39,3
2025-11-01T01:53:41.460931,01:53:41,8574.62,8574.62,3
2025-11-01T01:53:42.591223,01:53:42,8575.06,8575.06,3
2025-11-01T01:53:53.563757,01:53:53,8588.35,8588.35,3
2025-11-01T01:53:54.758628,01:53:54,8592.3,8592.3,3
2025-11-01T01:54:05.401476,01:54:05,8601.61,8601.61,3
2025-11-01T01:54:06.970145,01:54:06,8600.7,8600.7,3
2025-11-01T01:54:17.537824,01:54:17,8612.6,8612.6,3
2025-11-01T01:54:18.561452,01:54:18,8613.7,8613.7,3
2025-11-01T01:54:29.691195,01:54:29,8605.83,8605.83,3
2025-11-01T01:54:30.713000,01:54:30,8608.82,8608.82,3
2025-11-01T01:54:41.509443,01:54:41,8619.05,8619.05,3
2025-11-01T01:54:42.603883,01:54:42,8617.94,8617.94,3
2025-11-01T01:54:53.634687,01:54:53,8611.16,8611.16,3
2025-11-01T01:54:54.518842,01:54:54,8611.29,8611.29,3
2025-11-01T01:55:05.464995,01:55:05,8610.22,8610.22,3
2025-11-01T01:55:06.669849,01:55:06,8611.84,8611.84,3
2025-11-01T01:55:17.358175,01:55:17,8621.14,8621.14,3
2025-11-01T01:55:18.865367,01:55:18,8633.18,8633.18,3
2025-11-01T01:55:29.575455,01:55:29,8613.45,8613.45,3
2025-11-01T01:55:30.748240,01:55:30,8613.65,8613.65,3
2025-11-01T01:55:41.456836,01:55:41,8614.67,8614.67,3
2025-11-01T01:55:42.931793,01:55:42,8615.35,8615.35,3
2025-11-01T01:55:53.278380,01:55:53,8609.47,8609.47,3
2025-11-01T01:55:54.797607,01:55:54,8607.64,8607.64,3
2025-11-01T01:56:05.423608,01:56:05,8614.67,8614.67,3
2025-11-01T01:56:06.946543,01:56:06,8610.14,8610.14,3
2025-11-01T01:56:17.495070,01:56:17,8602.66,8602.66,3
2025-11-01T01:56:18.772012,01:56:18,8602.78,8602.78,3
2025-11-01T01:56:29.625581,01:56:29,8592.33,8592.33,3
2025-11-01T01:56:30.897424,01:56:30,8592.35,8592.35,3
2025-11-01T01:56:41.427902,01:56:41,8587.28,8587.28,3
2025-11-01T01:56:43.005336,01:56:43,8587.92,8587.92,3
2025-11-01T01:56:53.268637,01:56:53,8589.81,8589.81,3
2025-11-01T01:56:55.190374,01:56:55,8590.72,8590.72,3
2025-11-01T01:57:05.391656,01:57:05,8588.86,8588.86,3
2025-11-01T01:57:07.040620,01:57:07,8592.45,8592.45,3
2025-11-01T01:57:17.202437,01:57:17,8583.99,8583.99,3
2025-11-01T01:57:18.859483,01:57:18,8584.56,8584.56,3
2025-11-01T01:57:29.330350,01:57:29,8585.63,8585.63,3
2025-11-01T01:57:30.733176,01:57:30,8585.4,8585.4,3
2025-11-01T01:57:41.410964,01:57:41,8573.84,8573.84,3
2025-11-01T01:57:42.877138,01:57:42,8575.96,8575.96,3
2025-11-01T01:57:53.543801,01:57:53,8576.0,8576.0,3
2025-11-01T01:57:55.053847,01:57:55,8576.32,8576.32,3
2025-11-01T01:58:05.382044,01:58:05,8583.88,8583.88,3
2025-11-01T01:58:07.309200,01:58:07,8583.82,8583.82,3
2025-11-01T01:58:17.512098,01:58:17,8582.14,8582.14,3
2025-11-01T01:58:19.120113,01:58:19,8577.68,8577.68,3
2025-11-01T01:58:29.608357,01:58:29,8585.47,8585.47,3
2025-11-01T01:58:30.921942,01:58:30,8585.2,8585.2,3
2025-11-01T01:58:41.407014,01:58:41,8590.35,8590.35,3
2025-11-01T01:58:42.751509,01:58:42,8590.51,8590.51,3
2025-11-01T01:58:53.501828,01:58:53,8596.67,8596.67,3
2025-11-01T01:58:54.600518,01:58:54,8596.76,8596.76,3
2025-11-01T01:59:05.303241,01:59:05,8607.16,8607.16,3
2025-11-01T01:59:06.471094,01:59:06,8606.75,8606.75,3
2025-11-01T01:59:17.469410,01:59:17,8588.62,8588.62,3
2025-11-01T01:59:18.566684,01:59:18,8588.43,8588.43,3
2025-11-01T01:59:29.334869,01:59:29,8598.68,8598.68,3
2025-11-01T01:59:30.697223,01:59:30,8596.68,8596.68,3
2025-11-01T01:59:41.434608,01:59:41,8601.52,8601.52,3
2025-11-01T01:59:42.807098,01:59:42,8599.97,8599.97,3
2025-11-01T01:59:53.559881,01:59:53,8618.14,8618.14,3
2025-11-01T01:59:54.692939,01:59:54,8619.62,8619.62,3
2025-11-01T02:00:05.473650,02:00:05,8623.52,8623.52,3
2025-11-01T02:00:06.813508,02:00:06,8625.74,8625.74,3
2025-11-01T02:00:17.566071,02:00:17,8624.87,8624.87,3
2025-11-01T02:00:19.227581,02:00:19,8630.03,8630.03,3
2025-11-01T02:00:29.415443,02:00:29,8612.96,8612.96,3
2025-11-01T02:00:31.228231,02:00:31,8613.4,8613.4,3
2025-11-01T02:00:41.529314,02:00:41,8605.92,8605.92,3
2025-11-01T02:00:43.031643,02:00:43,8604.85,8604.85,3
2025-11-01T02:00:53.633849,02:00:53,8587.64,8587.64,3
2025-11-01T02:00:54.862802,02:00:54,8587.61,8587.61,3
2025-11-01T02:01:05.515134,02:01:05,8564.92,8564.92,3
2025-11-01T02:01:06.752392,02:01:06,8564.27,8564.27,3
2025-11-01T02:01:17.382152,02:01:17,8561.02,8561.02,3
2025-11-01T02:01:18.921453,02:01:18,8561.03,8561.03,3
2025-11-01T02:01:28.941681,02:01:28,8543.28,8543.28,3
2025-11-01T02:01:30.430412,02:01:30,8543.47,8543.47,3
2025-11-01T02:01:41.021663,02:01:41,8519.49,8519.49,3
2025-11-01T02:01:42.576104,02:01:42,8517.77,8517.77,3
2025-11-01T02:01:52.834751,02:01:52,8502.97,8502.97,3
2025-11-01T02:01:54.126955,02:01:54,8504.36,8504.36,3
2025-11-01T02:02:04.924335,02:02:04,8503.2,8503.2,3
2025-11-01T02:02:06.054436,02:02:06,8504.09,8504.09,3
2025-11-01T02:02:16.725628,02:02:16,8498.45,8498.45,3
2025-11-01T02:02:17.664388,02:02:17,8499.35,8499.35,3
2025-11-01T02:02:28.514051,02:02:28,8520.63,8520.63,3
2025-11-01T02:02:29.891062,02:02:29,8521.06,8521.06,3
2025-11-01T02:02:40.321789,02:02:40,8532.93,8532.93,3
2025-11-01T02:02:41.985706,02:02:41,8529.06,8529.06,3
2025-11-01T02:02:52.469786,02:02:52,8533.18,8533.18,3
2025-11-01T02:02:53.828454,02:02:53,8533.92,8533.92,3
2025-11-01T02:03:04.621720,02:03:04,8513.89,8513.89,3
2025-11-01T02:03:05.839830,02:03:05,8514.63,8514.63,3
2025-11-01T02:03:16.450039,02:03:16,8533.33,8533.33,3
2025-11-01T02:03:17.725854,02:03:17,8544.19,8544.19,3
2025-11-01T02:03:28.585876,02:03:28,8524.59,8524.59,3
2025-11-01T02:03:29.595000,02:03:29,8526.23,8526.23,3
2025-11-01T02:03:40.374525,02:03:40,8458.75,8458.75,3
2025-11-01T02:03:41.454821,02:03:41,8447.68,8447.68,3
2025-11-01T02:03:52.237251,02:03:52,8497.14,8497.14,3
2025-11-01T02:03:53.292834,02:03:53,8496.84,8496.84,3
2025-11-01T02:04:04.099790,02:04:04,8485.59,8485.59,3
2025-11-01T02:04:05.245035,02:04:05,8491.02,8491.02,3
2025-11-01T02:04:16.221728,02:04:16,8489.46,8489.46,3
2025-11-01T02:04:17.105460,02:04:17,8488.91,8488.91,3
2025-11-01T02:04:28.342418,02:04:28,8494.5,8494.5,3
2025-11-01T02:04:28.956291,02:04:28,8494.53,8494.53,3
2025-11-01T02:04:40.444986,02:04:40,8516.57,8516.57,3
2025-11-01T02:04:40.771981,02:04:40,8516.57,8516.57,3
2025-11-01T02:04:52.342373,02:04:52,8523.56,8523.56,3
2025-11-01T02:04:53.214283,02:04:53,8523.56,8523.56,3
2025-11-01T02:05:04.510302,02:05:04,8504.17,8504.17,3
2025-11-01T02:05:05.379260,02:05:05,8504.66,8504.66,3
2025-11-01T02:05:16.683359,02:05:16,8504.29,8504.29,3
2025-11-01T02:05:17.536491,02:05:17,8504.3,8504.3,3
2025-11-01T02:05:28.504452,02:05:28,8517.39,8517.39,3
2025-11-01T02:05:29.950217,02:05:29,8518.1,8518.1,3
2025-11-01T02:05:40.293765,02:05:40,8512.53,8512.53,3
2025-11-01T02:05:41.781029,02:05:41,8512.91,8512.91,3
2025-11-01T02:05:52.494613,02:05:52,8512.95,8512.95,3
2025-11-01T02:05:53.946497,02:05:53,8508.48,8508.48,3
2025-11-01T02:06:04.619636,02:06:04,8504.85,8504.85,3
2025-11-01T02:06:05.866716,02:06:05,8501.98,8501.98,3
2025-11-01T02:06:16.498261,02:06:16,8498.54,8498.54,3
2025-11-01T02:06:17.737905,02:06:17,8498.24,8498.24,3
2025-11-01T02:06:28.669869,02:06:28,8490.02,8490.02,3
2025-11-01T02:06:29.273546,02:06:29,8482.78,8482.78,3
2025-11-01T02:06:40.572649,02:06:40,8485.07,8485.07,3
2025-11-01T02:06:41.406560,02:06:41,8484.56,8484.56,3
2025-11-01T02:06:52.385524,02:06:52,8487.69,8487.69,3
2025-11-01T02:06:53.613286,02:06:53,8490.33,8490.33,3
2025-11-01T02:07:05.786359,02:07:05,8489.75,8489.75,3
2025-11-01T02:07:17.613709,02:07:17,8474.27,8474.27,3
2025-11-01T02:07:29.484462,02:07:29,8492.26,8492.26,3
2025-11-01T02:07:41.340641,02:07:41,8502.46,8502.46,3
2025-11-01T02:07:53.199288,02:07:53,8513.11,8513.11,3
2025-11-01T02:08:05.345158,02:08:05,8514.65,8514.65,3
2025-11-01T02:08:17.445737,02:08:17,8516.62,8516.62,3
2025-11-01T02:08:29.329686,02:08:29,8519.4,8519.4,3
2025-11-01T02:08:40.910409,02:08:40,8521.27,8521.27,3
2025-11-01T02:08:52.542261,02:08:52,8515.0,8515.0,3
2025-11-01T02:09:04.464052,02:09:04,8487.23,8487.23,3
2025-11-01T02:09:16.316909,02:09:16,8495.48,8495.48,3
2025-11-01T02:09:28.213339,02:09:28,8489.06,8489.06,3
2025-11-01T02:09:40.105363,02:09:40,8495.46,8495.46,3
2025-11-01T02:09:52.323287,02:09:52,8494.63,8494.63,3
2025-11-01T02:10:04.266681,02:10:04,8520.82,8520.82,3
2025-11-01T02:10:16.480671,02:10:16,8546.13,8546.13,3
2025-11-01T02:10:28.543395,02:10:28,8548.94,8548.94,3
2025-11-01T02:10:40.451911,02:10:40,8552.64,8552.64,3
2025-11-01T02:10:52.492863,02:10:52,8557.6,8557.6,3
2025-11-01T02:11:04.386193,02:11:04,8545.08,8545.08,3
2025-11-01T02:11:16.676419,02:11:16,8499.95,8499.95,3
2025-11-01T02:11:28.600079,02:11:28,8499.92,8499.92,3
2025-11-01T02:11:40.216856,02:11:40,8501.38,8501.38,3
2025-11-01T02:11:52.171206,02:11:52,8509.64,8509.64,3
2025-11-01T02:12:04.088507,02:12:04,8514.8,8514.8,3
2025-11-01T02:12:15.708996,02:12:15,8507.32,8507.32,3
2025-11-01T02:12:27.687132,02:12:27,8507.47,8507.47,3
2025-11-01T02:12:39.600580,02:12:39,8511.26,8511.26,3
2025-11-01T02:12:51.485951,02:12:51,8522.55,8522.55,3
2025-11-01T02:13:03.426667,02:13:03,8520.66,8520.66,3
2025-11-01T02:13:15.383473,02:13:15,8502.77,8502.77,3
2025-11-01T02:13:27.548248,02:13:27,8488.25,8488.25,3
2025-11-01T02:13:39.480548,02:13:39,8487.51,8487.51,3
2025-11-01T02:13:51.389063,02:13:51,8491.52,8491.52,3
2025-11-01T02:14:03.338849,02:14:03,8491.78,8491.78,3
2025-11-01T02:14:15.268973,02:14:15,8517.78,8517.78,3
2025-11-01T02:14:27.462036,02:14:27,8508.71,8508.71,3
2025-11-01T02:14:39.430906,02:14:39,8511.79,8511.79,3
2025-11-01T02:14:51.381346,02:14:51,8516.66,8516.66,3
2025-11-01T02:15:03.302557,02:15:03,8515.34,8515.34,3
2025-11-01T02:15:15.549467,02:15:15,8508.28,8508.28,3
2025-11-01T02:15:27.497645,02:15:27,8576.88,8576.88,3
2025-11-01T02:15:39.405853,02:15:39,8640.73,8640.73,3
2025-11-01T02:15:51.619127,02:15:51,8730.55,8730.55,3
2025-11-01T02:16:03.510158,02:16:03,8710.61,8710.61,3
2025-11-01T02:16:15.517962,02:16:15,8705.41,8705.41,3
2025-11-01T02:16:27.445998,02:16:27,8727.26,8727.26,3
2025-11-01T02:16:39.630524,02:16:39,8737.65,8737.65,3
2025-11-01T02:16:51.533137,02:16:51,8703.62,8703.62,3
2025-11-01T02:17:03.236276,02:17:03,8695.3,8695.3,3
2025-11-01T02:17:15.410699,02:17:15,8709.44,8709.44,3
2025-11-01T02:17:27.429972,02:17:27,8696.4,8696.4,3
2025-11-01T02:17:39.364018,02:17:39,8695.7,8695.7,3
2025-11-01T02:17:51.286030,02:17:51,8684.96,8684.96,3
2025-11-01T02:18:03.528166,02:18:03,8730.92,8730.92,3
2025-11-01T02:18:15.448855,02:18:15,8719.03,8719.03,3
2025-11-01T02:18:27.669982,02:18:27,8709.01,8709.01,3
2025-11-01T02:18:39.577528,02:18:39,8696.88,8696.88,3
2025-11-01T02:18:51.501632,02:18:51,8726.17,8726.17,3
2025-11-01T02:19:03.501961,02:19:03,8725.78,8725.78,3
2025-11-01T02:19:15.424658,02:19:15,8728.59,8728.59,3
2025-11-01T02:19:27.382908,02:19:27,8703.84,8703.84,3
2025-11-01T02:19:39.616823,02:19:39,8700.58,8700.58,3
2025-11-01T02:19:51.300133,02:19:51,8717.77,8717.77,3
2025-11-01T02:20:03.216761,02:20:03,8711.01,8711.01,3
2025-11-01T02:20:15.208764,02:20:15,8653.6,8653.6,3
2025-11-01T02:20:27.248635,02:20:27,8640.97,8640.97,3
2025-11-01T02:20:39.203668,02:20:39,8591.33,8591.33,3
2025-11-01T02:20:51.434421,02:20:51,8561.46,8561.46,3
2025-11-01T02:21:03.350871,02:21:03,8534.2,8534.2,3
2025-11-01T02:21:15.577960,02:21:15,8508.78,8508.78,3
2025-11-01T02:21:27.506553,02:21:27,8478.54,8478.54,3
2025-11-01T02:21:39.431888,02:21:39,8485.29,8485.29,3
2025-11-01T02:21:51.412080,02:21:51,8488.8,8488.8,3
2025-11-01T02:22:03.385290,02:22:03,8503.07,8503.07,3
2025-11-01T02:22:15.651601,02:22:15,8475.2,8475.2,3
2025-11-01T02:22:27.589648,02:22:27,8478.49,8478.49,3
2025-11-01T02:22:39.509795,02:22:39,8464.4,8464.4,3
2025-11-01T02:22:51.448837,02:22:51,8446.4,8446.4,3
2025-11-01T02:23:03.375308,02:23:03,8433.29,8433.29,3
2025-11-01T02:23:15.538582,02:23:15,8432.91,8432.91,3
2025-11-01T02:23:27.457882,02:23:27,8445.71,8445.71,3
2025-11-01T02:23:39.397502,02:23:39,8448.33,8448.33,3
2025-11-01T02:23:51.634365,02:23:51,8462.46,8462.46,3
2025-11-01T02:24:03.599220,02:24:03,8436.54,8436.54,3
2025-11-01T02:24:15.542810,02:24:15,8433.0,8433.0,3
2025-11-01T02:24:27.435236,02:24:27,8428.29,8428.29,3
2025-11-01T02:24:39.598206,02:24:39,8423.66,8423.66,3
2025-11-01T02:24:51.597731,02:24:51,8435.69,8435.69,3
2025-11-01T02:25:03.799968,02:25:03,8425.2,8425.2,3
2025-11-01T02:25:15.765955,02:25:15,8437.55,8437.55,3
2025-11-01T02:25:27.787383,02:25:27,8430.9,8430.9,3
2025-11-01T02:25:39.699589,02:25:39,8430.03,8430.03,3
2025-11-01T02:25:51.669946,02:25:51,8428.94,8428.94,3
2025-11-01T02:26:03.721291,02:26:03,8427.67,8427.67,3
2025-11-01T02:26:15.613664,02:26:15,8406.52,8406.52,3
2025-11-01T02:26:27.552297,02:26:27,8413.85,8413.85,3
2025-11-01T02:26:39.479950,02:26:39,8402.03,8402.03,3
2025-11-01T02:26:51.429158,02:26:51,8390.58,8390.58,3
2025-11-01T02:27:03.643754,02:27:03,8390.73,8390.73,3
2025-11-01T02:27:15.570254,02:27:15,8433.48,8433.48,3
2025-11-01T02:27:27.479934,02:27:27,8445.14,8445.14,3
2025-11-01T02:27:39.440484,02:27:39,8438.16,8438.16,3
2025-11-01T02:27:51.365984,02:27:51,8443.4,8443.4,3
2025-11-01T02:28:03.608175,02:28:03,8430.12,8430.12,3
2025-11-01T02:28:15.542851,02:28:15,8451.05,8451.05,3
2025-11-01T02:28:27.461483,02:28:27,8455.69,8455.69,3
2025-11-01T02:28:39.363581,02:28:39,8459.62,8459.62,3
2025-11-01T02:28:51.279508,02:28:51,8466.13,8466.13,3
2025-11-01T02:29:02.979662,02:29:02,8475.53,8475.53,3
2025-11-01T02:29:14.868713,02:29:14,8470.51,8470.51,3
2025-11-01T02:29:27.081600,02:29:27,8474.18,8474.18,3
2025-11-01T02:29:39.315236,02:29:39,8458.53,8458.53,3
2025-11-01T02:29:51.506648,02:29:51,8457.29,8457.29,3
2025-11-01T02:30:03.715676,02:30:03,8485.27,8485.27,3
2025-11-01T02:30:15.646833,02:30:15,8475.58,8475.58,3
2025-11-01T02:30:27.605057,02:30:27,8478.32,8478.32,3
2025-11-01T02:30:39.554583,02:30:39,8511.32,8511.32,3
2025-11-01T02:30:51.478766,02:30:51,8511.7,8511.7,3
2025-11-01T02:31:03.409243,02:31:03,8506.1,8506.1,3
2025-11-01T02:31:15.622671,02:31:15,8498.19,8498.19,3
2025-11-01T02:31:27.261252,02:31:27,8500.03,8500.03,3
2025-11-01T02:31:39.444788,02:31:39,8497.49,8497.49,3
2025-11-01T02:31:51.368024,02:31:51,8496.0,8496.0,3
2025-11-01T02:32:03.270290,02:32:03,8494.6,8494.6,3
2025-11-01T02:32:15.576796,02:32:15,8507.31,8507.31,3
2025-11-01T02:32:27.490271,02:32:27,8481.93,8481.93,3
2025-11-01T02:32:39.408773,02:32:39,8491.72,8491.72,3
2025-11-01T02:32:51.345451,02:32:51,8494.63,8494.63,3
2025-11-01T02:33:03.383594,02:33:03,8476.58,8476.58,3
2025-11-01T02:33:15.565725,02:33:15,8468.19,8468.19,3
2025-11-01T02:33:27.492467,02:33:27,8472.84,8472.84,3
2025-11-01T02:33:39.402030,02:33:39,8494.64,8494.64,3
2025-11-01T02:33:51.622736,02:33:51,8509.92,8509.92,3
2025-11-01T02:34:03.583373,02:34:03,8502.99,8502.99,3
2025-11-01T02:34:15.557696,02:34:15,8548.52,8548.52,3
2025-11-01T02:34:27.510696,02:34:27,8555.48,8555.48,3
2025-11-01T02:34:39.475544,02:34:39,8551.26,8551.26,3
2025-11-01T02:34:51.451290,02:34:51,8551.45,8551.45,3
2025-11-01T02:35:03.686537,02:35:03,8549.07,8549.07,3
2025-11-01T02:35:15.581425,02:35:15,8530.96,8530.96,3
2025-11-01T02:35:27.582659,02:35:27,8500.34,8500.34,3
2025-11-01T02:35:39.509768,02:35:39,8504.94,8504.94,3
2025-11-01T02:35:51.429015,02:35:51,8506.64,8506.64,3
2025-11-01T02:36:03.360141,02:36:03,8530.46,8530.46,3
2025-11-01T02:36:15.595798,02:36:15,8543.85,8543.85,3
2025-11-01T02:36:27.588862,02:36:27,8547.28,8547.28,3
2025-11-01T02:36:39.484532,02:36:39,8553.61,8553.61,3
2025-11-01T02:36:51.412438,02:36:51,8564.16,8564.16,3
2025-11-01T02:37:03.298639,02:37:03,8571.46,8571.46,3
2025-11-01T02:37:15.250617,02:37:15,8570.9,8570.9,3
2025-11-01T02:37:27.536110,02:37:27,8571.72,8571.72,3
2025-11-01T02:37:39.476132,02:37:39,8578.4,8578.4,3
2025-11-01T02:37:51.426702,02:37:51,8581.31,8581.31,3
2025-11-01T02:38:03.380860,02:38:03,8587.65,8587.65,3
2025-11-01T02:38:15.587345,02:38:15,8570.87,8570.87,3
2025-11-01T02:38:27.543184,02:38:27,8567.42,8567.42,3
2025-11-01T02:38:39.454851,02:38:39,8547.06,8547.06,3
2025-11-01T02:38:51.376876,02:38:51,8560.43,8560.43,3
2025-11-01T02:39:03.566273,02:39:03,8570.31,8570.31,3
2025-11-01T02:39:15.652403,02:39:15,8583.48,8583.48,3
2025-11-01T02:39:27.618587,02:39:27,8569.75,8569.75,3
2025-11-01T02:39:39.613254,02:39:39,8574.62,8574.62,3
2025-11-01T02:39:51.547334,02:39:51,8571.46,8571.46,3
2025-11-01T02:40:03.745912,02:40:03,8568.67,8568.67,3
2025-11-01T02:40:15.693005,02:40:15,8558.22,8558.22,3
2025-11-01T02:40:27.623136,02:40:27,8551.77,8551.77,3
2025-11-01T02:40:39.536632,02:40:39,8553.19,8553.19,3
2025-11-01T02:40:51.513641,02:40:51,8553.5,8553.5,3
2025-11-01T02:41:03.457122,02:41:03,8552.34,8552.34,3
2025-11-01T02:41:15.360794,02:41:15,8551.41,8551.41,3
2025-11-01T02:41:27.576911,02:41:27,8553.52,8553.52,3
2025-11-01T02:41:39.626246,02:41:39,8555.62,8555.62,3
2025-11-01T02:41:51.528419,02:41:51,8555.87,8555.87,3
2025-11-01T02:42:03.277019,02:42:03,8561.45,8561.45,3
2025-11-01T02:42:15.466605,02:42:15,8539.58,8539.58,3
2025-11-01T02:42:27.451278,02:42:27,8537.9,8537.9,3
2025-11-01T02:42:39.373898,02:42:39,8540.6,8540.6,3
2025-11-01T02:42:51.335480,02:42:51,8541.09,8541.09,3
2025-11-01T02:43:03.272823,02:43:03,8545.8,8545.8,3
2025-11-01T02:43:15.245885,02:43:15,8542.84,8542.84,3
2025-11-01T02:43:27.536999,02:43:27,8536.62,8536.62,3
2025-11-01T02:43:39.549687,02:43:39,8531.2,8531.2,3
2025-11-01T02:43:51.454273,02:43:51,8524.43,8524.43,3
2025-11-01T02:44:03.401300,02:44:03,8485.47,8485.47,3
2025-11-01T02:44:15.400952,02:44:15,8463.49,8463.49,3
2025-11-01T02:44:27.612087,02:44:27,8391.6,8391.6,3
2025-11-01T02:44:39.579194,02:44:39,8354.47,8354.47,3
2025-11-01T02:44:51.499673,02:44:51,8354.75,8354.75,3
2025-11-01T02:45:03.482542,02:45:03,8368.74,8368.74,3
2025-11-01T02:45:15.611360,02:45:15,8415.81,8415.81,3
2025-11-01T02:45:27.594324,02:45:27,8450.0,8450.0,3
2025-11-01T02:45:39.591985,02:45:39,8444.37,8444.37,3
2025-11-01T02:45:51.522792,02:45:51,8446.34,8446.34,3
2025-11-01T02:46:03.454124,02:46:03,8461.9,8461.9,3
2025-11-01T02:46:15.399692,02:46:15,8476.88,8476.88,3
2025-11-01T02:46:27.387190,02:46:27,8496.52,8496.52,3
2025-11-01T02:46:39.635295,02:46:39,8525.46,8525.46,3
2025-11-01T02:46:51.536923,02:46:51,8527.8,8527.8,3
2025-11-01T02:47:03.415644,02:47:03,8547.69,8547.69,3
2025-11-01T02:47:15.641347,02:47:15,8537.18,8537.18,3
2025-11-01T02:47:27.588903,02:47:27,8520.15,8520.15,3
2025-11-01T02:47:39.502327,02:47:39,8538.55,8538.55,3
2025-11-01T02:47:51.393197,02:47:51,8536.27,8536.27,3
2025-11-01T02:48:03.652314,02:48:03,8552.9,8552.9,3
2025-11-01T02:48:15.586763,02:48:15,8550.64,8550.64,3
2025-11-01T02:48:27.522964,02:48:27,8537.03,8537.03,3
2025-11-01T02:48:39.502840,02:48:39,8557.7,8557.7,3
2025-11-01T02:48:51.445474,02:48:51,8564.38,8564.38,3
2025-11-01T02:49:03.683837,02:49:03,8567.92,8567.92,3
2025-11-01T02:49:15.607083,02:49:15,8546.66,8546.66,3
2025-11-01T02:49:27.565167,02:49:27,8552.69,8552.69,3
2025-11-01T02:49:39.859923,02:49:39,8549.68,8549.68,3
2025-11-01T02:49:51.825081,02:49:51,8564.18,8564.18,3
2025-11-01T02:50:03.766017,02:50:03,8561.92,8561.92,3
2025-11-01T02:50:15.666985,02:50:15,8564.6,8564.6,3
2025-11-01T02:50:27.599267,02:50:27,8572.54,8572.54,3
2025-11-01T02:50:39.558484,02:50:39,8556.9,8556.9,3
2025-11-01T02:50:51.484960,02:50:51,8550.6,8550.6,3
2025-11-01T02:51:03.420647,02:51:03,8559.03,8559.03,3
2025-11-01T02:51:15.585902,02:51:15,8570.2,8570.2,3
2025-11-01T02:51:27.520478,02:51:27,8564.87,8564.87,3
2025-11-01T02:51:39.440888,02:51:39,8574.63,8574.63,3
2025-11-01T02:51:51.625851,02:51:51,8604.43,8604.43,3
2025-11-01T02:52:03.709661,02:52:03,8614.14,8614.14,3
2025-11-01T02:52:15.621917,02:52:15,8613.45,8613.45,3
2025-11-01T02:52:27.507442,02:52:27,8646.64,8646.64,3
2025-11-01T02:52:39.432505,02:52:39,8634.88,8634.88,3
2025-11-01T02:52:51.661311,02:52:51,8647.09,8647.09,3
2025-11-01T02:53:03.309172,02:53:03,8638.95,8638.95,3
2025-11-01T02:53:15.215070,02:53:15,8633.14,8633.14,3
2025-11-01T02:53:27.148271,02:53:27,8641.17,8641.17,3
2025-11-01T02:53:39.349111,02:53:39,8701.92,8701.92,3
2025-11-01T02:53:51.679932,02:53:51,8683.62,8683.62,3
2025-11-01T02:54:03.611582,02:54:03,8677.15,8677.15,3
2025-11-01T02:54:15.582729,02:54:15,8678.38,8678.38,3
2025-11-01T02:54:27.542114,02:54:27,8678.37,8678.37,3
2025-11-01T02:54:39.201555,02:54:39,8682.93,8682.93,3
2025-11-01T02:54:51.413549,02:54:51,8688.01,8688.01,3
2025-11-01T02:55:03.597612,02:55:03,8660.52,8660.52,3
2025-11-01T02:55:15.586236,02:55:15,8619.15,8619.15,3
2025-11-01T02:55:27.791710,02:55:27,8595.92,8595.92,3
2025-11-01T02:55:39.717277,02:55:39,8585.74,8585.74,3
2025-11-01T02:55:51.642622,02:55:51,8590.78,8590.78,3
2025-11-01T02:56:03.543287,02:56:03,8607.64,8607.64,3
2025-11-01T02:56:15.505773,02:56:15,8601.69,8601.69,3
2025-11-01T02:56:27.500481,02:56:27,8606.75,8606.75,3
2025-11-01T02:56:39.463100,02:56:39,8605.93,8605.93,3
2025-11-01T02:56:51.477748,02:56:51,8593.57,8593.57,3
2025-11-01T02:57:03.382535,02:57:03,8589.21,8589.21,3
2025-11-01T02:57:15.285324,02:57:15,8588.12,8588.12,3
2025-11-01T02:57:27.202146,02:57:27,8594.42,8594.42,3
2025-11-01T02:57:39.529643,02:57:39,8591.82,8591.82,3
2025-11-01T02:57:51.481297,02:57:51,8581.37,8581.37,3
2025-11-01T02:58:03.412118,02:58:03,8565.52,8565.52,3
2025-11-01T02:58:15.627737,02:58:15,8563.4,8563.4,3
2025-11-01T02:58:27.535242,02:58:27,8574.09,8574.09,3
2025-11-01T02:58:39.508595,02:58:39,8568.44,8568.44,3
2025-11-01T02:58:51.447752,02:58:51,8570.46,8570.46,3
2025-11-01T02:59:03.410875,02:59:03,8581.11,8581.11,3
2025-11-01T02:59:15.381955,02:59:15,8582.0,8582.0,3
2025-11-01T02:59:27.644789,02:59:27,8583.55,8583.55,3
2025-11-01T02:59:39.620668,02:59:39,8584.46,8584.46,3
2025-11-01T02:59:51.566156,02:59:51,8585.29,8585.29,3
2025-11-01T03:00:03.495269,03:00:03,8585.47,8585.47,3
2025-11-01T03:00:15.449348,03:00:15,8588.96,8588.96,3
2025-11-01T03:00:27.645695,03:00:27,8582.42,8582.42,3
2025-11-01T03:00:39.565743,03:00:39,8587.72,8587.72,3
2025-11-01T03:00:51.479702,03:00:51,8589.59,8589.59,3
2025-11-01T03:01:03.408177,03:01:03,8523.85,8523.85,3
2025-11-01T03:01:15.442828,03:01:15,8517.93,8517.93,3
2025-11-01T03:01:27.417430,03:01:27,8507.6,8507.6,3
2025-11-01T03:01:39.665030,03:01:39,8507.97,8507.97,3
2025-11-01T03:01:51.606061,03:01:51,8508.33,8508.33,3
2025-11-01T03:02:03.556597,03:02:03,8512.52,8512.52,3
2025-11-01T03:02:15.496758,03:02:15,8532.72,8532.72,3
2025-11-01T03:02:27.443970,03:02:27,8546.59,8546.59,3
2025-11-01T03:02:39.059481,03:02:39,8567.81,8567.81,3
2025-11-01T03:02:51.280917,03:02:51,8560.71,8560.71,3
2025-11-01T03:03:03.474836,03:03:03,8573.2,8573.2,3
2025-11-01T03:03:15.085616,03:03:15,8572.27,8572.27,3
2025-11-01T03:03:27.298295,03:03:27,8573.56,8573.56,3
2025-11-01T03:03:39.520833,03:03:39,8592.62,8592.62,3
2025-11-01T03:03:51.219101,03:03:51,8589.09,8589.09,3
2025-11-01T03:04:03.213479,03:04:03,8582.81,8582.81,3
2025-11-01T03:04:15.462144,03:04:15,8557.83,8557.83,3
2025-11-01T03:04:27.415654,03:04:27,8534.95,8534.95,3
2025-11-01T03:04:39.532954,03:04:39,8523.02,8523.02,3
2025-11-01T03:04:51.477342,03:04:51,8523.54,8523.54,3
2025-11-01T03:05:03.430730,03:05:03,8516.31,8516.31,3
2025-11-01T03:05:15.632061,03:05:15,8531.91,8531.91,3
2025-11-01T03:05:27.852694,03:05:27,8555.12,8555.12,3
2025-11-01T03:05:40.404312,03:05:40,8571.28,8571.28,3
2025-11-01T03:05:52.619744,03:05:52,8598.48,8598.48,3
2025-11-01T03:06:04.255433,03:06:04,8602.21,8602.21,3
2025-11-01T03:06:16.157834,03:06:16,8600.46,8600.46,3
2025-11-01T03:06:28.417569,03:06:28,8602.11,8602.11,3
2025-11-01T03:06:40.365424,03:06:40,8658.51,8658.51,3
2025-11-01T03:06:52.272128,03:06:52,8743.09,8743.09,3
2025-11-01T03:07:04.304263,03:07:04,8780.43,8780.43,3
2025-11-01T03:07:16.216116,03:07:16,8748.7,8748.7,3
2025-11-01T03:07:27.862172,03:07:27,8757.85,8757.85,3
2025-11-01T03:07:39.515611,03:07:39,8746.94,8746.94,3
2025-11-01T03:07:51.425366,03:07:51,8744.69,8744.69,3
2025-11-01T03:08:03.657547,03:08:03,8723.98,8723.98,3
2025-11-01T03:08:15.587624,03:08:15,8718.85,8718.85,3
2025-11-01T03:08:27.502825,03:08:27,8719.1,8719.1,3
2025-11-01T03:08:39.420133,03:08:39,8707.88,8707.88,3
2025-11-01T03:08:51.361400,03:08:51,8730.63,8730.63,3
2025-11-01T03:09:03.047361,03:09:03,8784.86,8784.86,3
2025-11-01T03:09:15.005068,03:09:15,8746.87,8746.87,3
2025-11-01T03:09:27.278944,03:09:27,8758.21,8758.21,3
2025-11-01T03:09:39.273021,03:09:39,8763.6,8763.6,3
2025-11-01T03:09:51.228808,03:09:51,8770.26,8770.26,3
2025-11-01T03:10:03.432234,03:10:03,8732.79,8732.79,3
2025-11-01T03:10:15.322314,03:10:15,8731.87,8731.87,3
2025-11-01T03:10:26.962671,03:10:26,8731.88,8731.88,3
2025-11-01T03:10:39.185315,03:10:39,8729.64,8729.64,3
2025-11-01T03:10:50.866223,03:10:50,8730.85,8730.85,3
2025-11-01T03:11:02.513142,03:11:02,8727.94,8727.94,3
2025-11-01T03:11:14.516517,03:11:14,8720.6,8720.6,3
2025-11-01T03:11:26.388983,03:11:26,8721.49,8721.49,3
2025-11-01T03:11:38.604189,03:11:38,8719.14,8719.14,3
2025-11-01T03:11:50.250907,03:11:50,8719.53,8719.53,3
2025-11-01T03:12:02.469159,03:12:02,8717.98,8717.98,3
2025-11-01T03:12:14.447379,03:12:14,8717.75,8717.75,3
2025-11-01T03:12:26.386739,03:12:26,8718.24,8718.24,3
2025-11-01T03:12:38.535909,03:12:38,8718.21,8718.21,3
2025-11-01T03:12:50.455390,03:12:50,8714.44,8714.44,3
2025-11-01T03:13:02.641694,03:13:02,8710.71,8710.71,3
2025-11-01T03:13:14.569609,03:13:14,8692.24,8692.24,3
2025-11-01T03:13:26.183633,03:13:26,8686.81,8686.81,3
2025-11-01T03:13:38.494447,03:13:38,8685.86,8685.86,3
2025-11-01T03:13:50.431091,03:13:50,8670.62,8670.62,3
2025-11-01T03:14:02.437907,03:14:02,8674.64,8674.64,3
2025-11-01T03:14:14.601727,03:14:14,8655.96,8655.96,3
2025-11-01T03:14:26.553725,03:14:26,8636.44,8636.44,3
2025-11-01T03:14:38.460292,03:14:38,8616.42,8616.42,3
2025-11-01T03:14:50.449428,03:14:50,8594.95,8594.95,3
2025-11-01T03:15:02.471777,03:15:02,8604.99,8604.99,3
2025-11-01T03:15:14.450566,03:15:14,8601.65,8601.65,3
2025-11-01T03:15:26.378741,03:15:26,8593.35,8593.35,3
2025-11-01T03:15:38.314150,03:15:38,8596.45,8596.45,3
2025-11-01T03:15:50.237471,03:15:50,8598.23,8598.23,3
2025-11-01T03:16:02.260000,03:16:02,8596.78,8596.78,3
2025-11-01T03:16:14.449858,03:16:14,8595.27,8595.27,3
2025-11-01T03:16:26.421345,03:16:26,8592.0,8592.0,3
2025-11-01T03:16:38.615449,03:16:38,8625.27,8625.27,3
2025-11-01T03:16:50.650384,03:16:50,8629.4,8629.4,3
2025-11-01T03:17:02.611827,03:17:02,8639.44,8639.44,3
2025-11-01T03:17:14.248939,03:17:14,8645.34,8645.34,3
2025-11-01T03:17:26.164515,03:17:26,8672.47,8672.47,3
2025-11-01T03:17:38.431986,03:17:38,8681.69,8681.69,3
2025-11-01T03:17:50.398985,03:17:50,8697.78,8697.78,3
2025-11-01T03:18:02.337832,03:18:02,8699.37,8699.37,3
2025-11-01T03:18:13.960442,03:18:13,8649.37,8649.37,3
2025-11-01T03:18:25.607825,03:18:25,8668.59,8668.59,3
2025-11-01T03:18:37.318918,03:18:37,8653.5,8653.5,3
2025-11-01T03:18:49.510763,03:18:49,8644.46,8644.46,3
2025-11-01T03:19:01.169760,03:19:01,8631.07,8631.07,3
2025-11-01T03:19:13.384536,03:19:13,8635.16,8635.16,3
2025-11-01T03:19:25.621630,03:19:25,8632.32,8632.32,3
2025-11-01T03:19:37.591374,03:19:37,8632.61,8632.61,3
2025-11-01T03:19:49.532127,03:19:49,8654.73,8654.73,3
2025-11-01T03:20:01.785155,03:20:01,8653.33,8653.33,3
2025-11-01T03:20:13.690929,03:20:13,8675.21,8675.21,3
2025-11-01T03:20:25.653167,03:20:25,8663.7,8663.7,3
2025-11-01T03:20:37.551627,03:20:37,8656.62,8656.62,3
2025-11-01T03:20:49.470856,03:20:49,8653.68,8653.68,3
2025-11-01T03:21:01.420082,03:21:01,8645.0,8645.0,3
2025-11-01T03:21:13.346858,03:21:13,8631.63,8631.63,3
2025-11-01T03:21:24.992448,03:21:24,8630.85,8630.85,3
2025-11-01T03:21:36.918500,03:21:36,8627.62,8627.62,3
2025-11-01T03:21:48.567714,03:21:48,8627.64,8627.64,3
2025-11-01T03:22:00.535980,03:22:00,8621.87,8621.87,3
2025-11-01T03:22:12.494405,03:22:12,8637.85,8637.85,3
2025-11-01T03:22:24.102667,03:22:24,8653.54,8653.54,3
2025-11-01T03:22:36.263780,03:22:36,8665.45,8665.45,3
2025-11-01T03:22:47.983086,03:22:47,8671.09,8671.09,3
2025-11-01T03:22:59.636000,03:22:59,8673.01,8673.01,3
2025-11-01T03:23:11.606753,03:23:11,8705.83,8705.83,3
2025-11-01T03:23:23.539628,03:23:23,8736.69,8736.69,3
2025-11-01T03:23:35.253823,03:23:35,8712.11,8712.11,3
2025-11-01T03:23:46.895710,03:23:46,8686.67,8686.67,3
2025-11-01T03:23:58.801419,03:23:58,8663.31,8663.31,3
2025-11-01T03:24:10.756291,03:24:10,8663.29,8663.29,3
2025-11-01T03:24:22.679054,03:24:22,8663.69,8663.69,3
2025-11-01T03:24:34.701463,03:24:34,8662.44,8662.44,3
2025-11-01T03:24:46.710329,03:24:46,8661.86,8661.86,3
2025-11-01T03:24:58.787042,03:24:58,8659.57,8659.57,3
2025-11-01T03:25:10.422493,03:25:10,8658.8,8658.8,3
2025-11-01T03:25:22.057720,03:25:22,8640.07,8640.07,3
2025-11-01T03:25:33.702805,03:25:33,8629.63,8629.63,3
2025-11-01T03:25:45.332285,03:25:45,8630.86,8630.86,3
2025-11-01T03:25:57.573460,03:25:57,8626.74,8626.74,3
2025-11-01T03:26:09.197291,03:26:09,8627.04,8627.04,3
2025-11-01T03:26:20.834424,03:26:20,8629.0,8629.0,3
2025-11-01T03:26:32.762908,03:26:32,8631.39,8631.39,3
2025-11-01T03:26:44.443467,03:26:44,8628.34,8628.34,3
2025-11-01T03:26:56.358623,03:26:56,8627.64,8627.64,3
2025-11-01T03:27:07.988027,03:27:07,8640.73,8640.73,3
2025-11-01T03:27:19.595682,03:27:19,8636.59,8636.59,3
2025-11-01T03:27:31.594310,03:27:31,8636.63,8636.63,3
2025-11-01T03:27:43.541120,03:27:43,8644.04,8644.04,3
2025-11-01T03:27:55.181152,03:27:55,8646.46,8646.46,3
2025-11-01T03:28:06.830484,03:28:06,8654.98,8654.98,3
2025-11-01T03:28:18.768293,03:28:18,8660.48,8660.48,3
2025-11-01T03:28:30.772144,03:28:30,8656.91,8656.91,3
2025-11-01T03:28:42.670436,03:28:42,8649.43,8649.43,3
2025-11-01T03:28:54.644712,03:28:54,8649.53,8649.53,3
2025-11-01T03:29:06.588042,03:29:06,8649.54,8649.54,3
2025-11-01T03:29:18.514353,03:29:18,8627.15,8627.15,3
2025-11-01T03:29:30.421957,03:29:30,8614.96,8614.96,3
2025-11-01T03:29:42.032501,03:29:42,8630.66,8630.66,3
2025-11-01T03:29:53.644484,03:29:53,8629.63,8629.63,3
2025-11-01T03:30:05.596602,03:30:05,8624.12,8624.12,3
2025-11-01T03:30:17.252952,03:30:17,8622.01,8622.01,3
2025-11-01T03:30:29.501030,03:30:29,8621.81,8621.81,3
2025-11-01T03:30:41.473636,03:30:41,8614.87,8614.87,3
2025-11-01T03:30:53.429444,03:30:53,8613.89,8613.89,3
2025-11-01T03:31:05.064485,03:31:05,8612.17,8612.17,3
2025-11-01T03:31:16.722429,03:31:16,8589.99,8589.99,3
2025-11-01T03:31:28.707020,03:31:28,8589.06,8589.06,3
2025-11-01T03:31:40.316359,03:31:40,8593.93,8593.93,3
2025-11-01T03:31:52.239315,03:31:52,8600.7,8600.7,3
2025-11-01T03:32:04.188961,03:32:04,8593.36,8593.36,3
2025-11-01T03:32:16.429676,03:32:16,8551.12,8551.12,3
2025-11-01T03:32:28.374841,03:32:28,8579.28,8579.28,3
2025-11-01T03:32:40.642465,03:32:40,8616.31,8616.31,3
2025-11-01T03:32:52.573507,03:32:52,8616.11,8616.11,3
2025-11-01T03:33:04.168832,03:33:04,8604.96,8604.96,3
2025-11-01T03:33:15.842345,03:33:15,8637.14,8637.14,3
2025-11-01T03:33:27.443286,03:33:27,8637.07,8637.07,3
2025-11-01T03:33:39.054859,03:33:39,8628.09,8628.09,3
2025-11-01T03:33:51.240432,03:33:51,8624.61,8624.61,3
2025-11-01T03:34:03.114453,03:34:03,8617.39,8617.39,3
2025-11-01T03:34:14.818923,03:34:14,8635.95,8635.95,3
2025-11-01T03:34:26.761952,03:34:26,8627.29,8627.29,3
2025-11-01T03:34:38.383600,03:34:38,8621.02,8621.02,3
2025-11-01T03:34:50.000611,03:34:50,8618.14,8618.14,3
2025-11-01T03:35:01.696046,03:35:01,8604.1,8604.1,3
2025-11-01T03:35:13.604160,03:35:13,8618.72,8618.72,3
2025-11-01T03:35:25.590330,03:35:25,8618.19,8618.19,3
2025-11-01T03:35:37.522953,03:35:37,8620.66,8620.66,3
2025-11-01T03:35:49.194937,03:35:49,8619.43,8619.43,3
2025-11-01T03:36:00.850508,03:36:00,8638.82,8638.82,3
2025-11-01T03:36:12.485170,03:36:12,8635.2,8635.2,3
2025-11-01T03:36:24.121818,03:36:24,8632.92,8632.92,3
2025-11-01T03:36:36.326869,03:36:36,8648.25,8648.25,3
2025-11-01T03:36:47.967220,03:36:47,8676.91,8676.91,3
2025-11-01T03:36:59.576598,03:36:59,8666.96,8666.96,3
2025-11-01T03:37:11.228427,03:37:11,8664.71,8664.71,3
2025-11-01T03:37:22.860422,03:37:22,8679.58,8679.58,3
2025-11-01T03:37:35.179306,03:37:35,8679.12,8679.12,3
2025-11-01T03:37:46.800422,03:37:46,8698.72,8698.72,3
2025-11-01T03:37:58.726497,03:37:58,8685.33,8685.33,3
2025-11-01T03:38:10.682008,03:38:10,8687.98,8687.98,3
2025-11-01T03:38:22.620141,03:38:22,8687.26,8687.26,3
2025-11-01T03:38:34.246540,03:38:34,8694.34,8694.34,3
2025-11-01T03:38:46.173311,03:38:46,8710.1,8710.1,3
2025-11-01T03:38:58.085464,03:38:58,8699.17,8699.17,3
2025-11-01T03:39:09.710503,03:39:09,8688.02,8688.02,3
2025-11-01T03:39:21.328402,03:39:21,8681.73,8681.73,3
2025-11-01T03:39:32.938655,03:39:32,8689.35,8689.35,3
2025-11-01T03:39:45.132162,03:39:45,8689.49,8689.49,3
2025-11-01T03:39:57.143687,03:39:57,8693.77,8693.77,3
2025-11-01T03:40:09.455593,03:40:09,8727.73,8727.73,3
2025-11-01T03:40:21.393330,03:40:21,8733.0,8733.0,3
2025-11-01T03:40:33.352895,03:40:33,8747.33,8747.33,3
2025-11-01T03:40:44.986016,03:40:44,8749.42,8749.42,3
2025-11-01T03:40:56.955645,03:40:56,8752.84,8752.84,3
2025-11-01T03:41:08.576638,03:41:08,8755.6,8755.6,3
2025-11-01T03:41:20.239815,03:41:20,8802.8,8802.8,3
2025-11-01T03:41:31.851769,03:41:31,8821.63,8821.63,3
2025-11-01T03:41:43.475324,03:41:43,8821.43,8821.43,3
2025-11-01T03:41:55.452057,03:41:55,8806.73,8806.73,3
2025-11-01T03:42:07.424994,03:42:07,8800.43,8800.43,3
2025-11-01T03:42:19.640690,03:42:19,8803.87,8803.87,3
2025-11-01T03:42:31.847508,03:42:31,8809.57,8809.57,3
2025-11-01T03:42:44.176150,03:42:44,8819.05,8819.05,3
2025-11-01T03:42:56.107496,03:42:56,8821.42,8821.42,3
2025-11-01T03:43:08.329675,03:43:08,8822.6,8822.6,3
2025-11-01T03:43:20.279790,03:43:20,8815.47,8815.47,3
2025-11-01T03:43:32.473017,03:43:32,8814.8,8814.8,3
2025-11-01T03:43:44.424576,03:43:44,8823.79,8823.79,3
2025-11-01T03:43:56.606232,03:43:56,8824.78,8824.78,3
2025-11-01T03:44:08.518740,03:44:08,8813.75,8813.75,3
2025-11-01T03:44:20.419278,03:44:20,8814.67,8814.67,3
2025-11-01T03:44:32.106824,03:44:32,8808.22,8808.22,3
2025-11-01T03:44:44.045292,03:44:44,8793.3,8793.3,3
2025-11-01T03:44:55.707985,03:44:55,8790.42,8790.42,3
2025-11-01T03:45:07.739440,03:45:07,8806.3,8806.3,3
2025-11-01T03:45:19.713118,03:45:19,8805.23,8805.23,3
2025-11-01T03:45:31.657176,03:45:31,8835.4,8835.4,3
2025-11-01T03:45:43.631128,03:45:43,8840.27,8840.27,3
2025-11-01T03:45:55.630141,03:45:55,8845.34,8845.34,3
2025-11-01T03:46:07.505414,03:46:07,8870.64,8870.64,3
2025-11-01T03:46:19.358433,03:46:19,8847.5,8847.5,3
2025-11-01T03:46:30.979693,03:46:30,8870.44,8870.44,3
2025-11-01T03:46:42.625149,03:46:42,8882.38,8882.38,3
2025-11-01T03:46:54.552311,03:46:54,8877.51,8877.51,3
2025-11-01T03:47:06.441435,03:47:06,8893.09,8893.09,3
2025-11-01T03:47:18.390527,03:47:18,8903.09,8903.09,3
2025-11-01T03:47:30.614188,03:47:30,8909.87,8909.87,3
2025-11-01T03:47:42.603223,03:47:42,8912.9,8912.9,3
2025-11-01T03:47:54.544883,03:47:54,8906.37,8906.37,3
2025-11-01T03:48:06.241755,03:48:06,8903.12,8903.12,3
2025-11-01T03:48:18.475548,03:48:18,8904.63,8904.63,3
2025-11-01T03:48:30.073884,03:48:30,8900.28,8900.28,3
2025-11-01T03:48:41.683483,03:48:41,8904.95,8904.95,3
2025-11-01T03:48:53.948638,03:48:53,8905.79,8905.79,3
2025-11-01T03:49:06.185719,03:49:06,8896.11,8896.11,3
2025-11-01T03:49:18.447335,03:49:18,8894.88,8894.88,3
2025-11-01T03:49:30.449248,03:49:30,8903.2,8903.2,3
2025-11-01T03:49:42.446948,03:49:42,8904.03,8904.03,3
2025-11-01T03:49:54.479537,03:49:54,8904.52,8904.52,3
2025-11-01T03:50:06.118892,03:50:06,8887.59,8887.59,3
2025-11-01T03:50:17.714879,03:50:17,8884.7,8884.7,3
2025-11-01T03:50:29.321479,03:50:29,8884.52,8884.52,3
2025-11-01T03:50:40.922207,03:50:40,8892.54,8892.54,3
2025-11-01T03:50:52.855204,03:50:52,8891.61,8891.61,3
2025-11-01T03:51:05.062245,03:51:05,8883.83,8883.83,3
2025-11-01T03:51:16.964838,03:51:16,8880.24,8880.24,3
2025-11-01T03:51:28.703623,03:51:28,8880.97,8880.97,3
2025-11-01T03:51:40.647246,03:51:40,8882.56,8882.56,3
2025-11-01T03:51:52.312960,03:51:52,8875.34,8875.34,3
2025-11-01T03:52:04.516986,03:52:04,8863.69,8863.69,3
2025-11-01T03:52:16.129971,03:52:16,8834.47,8834.47,3
2025-11-01T03:52:28.031706,03:52:28,8806.66,8806.66,3
2025-11-01T03:52:39.703322,03:52:39,8809.24,8809.24,3
2025-11-01T03:52:51.641141,03:52:51,8802.51,8802.51,3
2025-11-01T03:53:03.297451,03:53:03,8800.93,8800.93,3
2025-11-01T03:53:15.239674,03:53:15,8763.96,8763.96,3
2025-11-01T03:53:27.208479,03:53:27,8766.17,8766.17,3
2025-11-01T03:53:39.408700,03:53:39,8759.18,8759.18,3
2025-11-01T03:53:51.344097,03:53:51,8760.02,8760.02,3
2025-11-01T03:54:03.593873,03:54:03,8751.26,8751.26,3
2025-11-01T03:54:15.533635,03:54:15,8734.26,8734.26,3
2025-11-01T03:54:27.436416,03:54:27,8738.0,8738.0,3
2025-11-01T03:54:39.047794,03:54:39,8701.41,8701.41,3
2025-11-01T03:54:50.948595,03:54:50,8707.27,8707.27,3
2025-11-01T03:55:03.408396,03:55:03,8702.5,8702.5,3
2025-11-01T03:55:15.682280,03:55:15,8720.27,8720.27,3
2025-11-01T03:55:27.604458,03:55:27,8723.23,8723.23,3
2025-11-01T03:55:39.298914,03:55:39,8726.7,8726.7,3
2025-11-01T03:55:50.922747,03:55:50,8749.13,8749.13,3
2025-11-01T03:56:02.568639,03:56:02,8736.51,8736.51,3
2025-11-01T03:56:14.478695,03:56:14,8725.29,8725.29,3
2025-11-01T03:56:26.368886,03:56:26,8727.15,8727.15,3
2025-11-01T03:56:38.665298,03:56:38,8727.4,8727.4,3
2025-11-01T03:56:50.594878,03:56:50,8722.06,8722.06,3
2025-11-01T03:57:02.503438,03:57:02,8727.53,8727.53,3
2025-11-01T03:57:14.395898,03:57:14,8761.06,8761.06,3
2025-11-01T03:57:26.408632,03:57:26,8765.63,8765.63,3
2025-11-01T03:57:38.335597,03:57:38,8769.06,8769.06,3
2025-11-01T03:57:50.268137,03:57:50,8765.45,8765.45,3
2025-11-01T03:58:02.235249,03:58:02,8768.79,8768.79,3
2025-11-01T03:58:14.473778,03:58:14,8771.0,8771.0,3
2025-11-01T03:58:26.083622,03:58:26,8770.05,8770.05,3
2025-11-01T03:58:37.726990,03:58:37,8772.9,8772.9,3
2025-11-01T03:58:49.643701,03:58:49,8781.91,8781.91,3
2025-11-01T03:59:01.603830,03:59:01,8783.96,8783.96,3
2025-11-01T03:59:13.317534,03:59:13,8775.75,8775.75,3
2025-11-01T03:59:24.995986,03:59:24,8772.68,8772.68,3
2025-11-01T03:59:36.651425,03:59:36,8792.1,8792.1,3
2025-11-01T03:59:48.606312,03:59:48,8788.53,8788.53,3
2025-11-01T04:00:00.497119,04:00:00,8783.68,8783.68,3
2025-11-01T04:00:12.117042,04:00:12,8759.82,8759.82,3
2025-11-01T04:00:24.349392,04:00:24,8760.6,8760.6,3
2025-11-01T04:00:36.258652,04:00:36,8760.75,8760.75,3
2025-11-01T04:00:48.509984,04:00:48,8786.29,8786.29,3
2025-11-01T04:01:00.421086,04:01:00,8784.61,8784.61,3
2025-11-01T04:01:12.388266,04:01:12,8786.37,8786.37,3
2025-11-01T04:01:24.295125,04:01:24,8780.24,8780.24,3
2025-11-01T04:01:35.954621,04:01:35,8811.83,8811.83,3
2025-11-01T04:01:48.248744,04:01:48,8806.19,8806.19,3
2025-11-01T04:02:00.461921,04:02:00,8794.75,8794.75,3
2025-11-01T04:02:12.351780,04:02:12,8787.16,8787.16,3
2025-11-01T04:02:24.292251,04:02:24,8792.01,8792.01,3
2025-11-01T04:02:36.224921,04:02:36,8790.73,8790.73,3
2025-11-01T04:02:47.900029,04:02:47,8787.76,8787.76,3
2025-11-01T04:02:59.602523,04:02:59,8789.6,8789.6,3
2025-11-01T04:03:11.251800,04:03:11,8819.63,8819.63,3
2025-11-01T04:03:23.219812,04:03:23,8810.06,8810.06,3
2025-11-01T04:03:35.448655,04:03:35,8813.45,8813.45,3
2025-11-01T04:03:47.387815,04:03:47,8816.2,8816.2,3
2025-11-01T04:03:59.644245,04:03:59,8842.01,8842.01,3
2025-11-01T04:04:11.605859,04:04:11,8844.61,8844.61,3
2025-11-01T04:04:23.549671,04:04:23,8847.32,8847.32,3
2025-11-01T04:04:35.187027,04:04:35,8856.87,8856.87,3
2025-11-01T04:04:47.344408,04:04:47,8881.2,8881.2,3
2025-11-01T04:04:59.268414,04:04:59,8870.73,8870.73,3
2025-11-01T04:05:11.470286,04:05:11,8864.62,8864.62,3
2025-11-01T04:05:23.410140,04:05:23,8865.1,8865.1,3
2025-11-01T04:05:35.450294,04:05:35,8856.78,8856.78,3
2025-11-01T04:05:47.370731,04:05:47,8853.5,8853.5,3
2025-11-01T04:05:59.607895,04:05:59,8843.67,8843.67,3
2025-11-01T04:06:11.565736,04:06:11,8843.15,8843.15,3
2025-11-01T04:06:23.470302,04:06:23,8859.26,8859.26,3
2025-11-01T04:06:35.106689,04:06:35,8856.47,8856.47,3
2025-11-01T04:06:46.728856,04:06:46,8859.42,8859.42,3
2025-11-01T04:06:58.339666,04:06:58,8866.11,8866.11,3
2025-11-01T04:07:09.964568,04:07:09,8880.82,8880.82,3
2025-11-01T04:07:22.248849,04:07:22,8879.76,8879.76,3
2025-11-01T04:07:33.888269,04:07:33,8879.53,8879.53,3
2025-11-01T04:07:45.816260,04:07:45,8882.88,8882.88,3
2025-11-01T04:07:57.743727,04:07:57,8874.8,8874.8,3
2025-11-01T04:08:09.695244,04:08:09,8897.9,8897.9,3
2025-11-01T04:08:21.627031,04:08:21,8903.57,8903.57,3
2025-11-01T04:08:33.617241,04:08:33,8905.82,8905.82,3
2025-11-01T04:08:45.583087,04:08:45,8906.57,8906.57,3
2025-11-01T04:08:57.555320,04:08:57,8889.4,8889.4,3
2025-11-01T04:09:09.489572,04:09:09,8897.27,8897.27,3
2025-11-01T04:09:21.444494,04:09:21,8894.79,8894.79,3
2025-11-01T04:09:33.080872,04:09:33,8893.28,8893.28,3
2025-11-01T04:09:44.700767,04:09:44,8896.3,8896.3,3
2025-11-01T04:09:56.678864,04:09:56,8894.7,8894.7,3
2025-11-01T04:10:08.682751,04:10:08,8894.59,8894.59,3
2025-11-01T04:10:20.583951,04:10:20,8894.87,8894.87,3
2025-11-01T04:10:32.187871,04:10:32,8894.55,8894.55,3
2025-11-01T04:10:43.834797,04:10:43,8912.35,8912.35,3
2025-11-01T04:10:55.438450,04:10:55,8912.31,8912.31,3
2025-11-01T04:11:07.146335,04:11:07,8896.61,8896.61,3
2025-11-01T04:11:19.018742,04:11:19,8894.52,8894.52,3
2025-11-01T04:11:31.242791,04:11:31,8878.73,8878.73,3
2025-11-01T04:11:43.523799,04:11:43,8869.13,8869.13,3
2025-11-01T04:11:55.471579,04:11:55,8869.3,8869.3,3
2025-11-01T04:12:07.408233,04:12:07,8867.23,8867.23,3
2025-11-01T04:12:19.314554,04:12:19,8866.63,8866.63,3
2025-11-01T04:12:31.481157,04:12:31,8855.33,8855.33,3
2025-11-01T04:12:43.394620,04:12:43,8847.65,8847.65,3
2025-11-01T04:12:55.622508,04:12:55,8847.96,8847.96,3
2025-11-01T04:13:07.280008,04:13:07,8847.93,8847.93,3
2025-11-01T04:13:19.178962,04:13:19,8846.06,8846.06,3
2025-11-01T04:13:31.422553,04:13:31,8847.9,8847.9,3
2025-11-01T04:13:43.644531,04:13:43,8852.08,8852.08,3
2025-11-01T04:13:55.342065,04:13:55,8851.63,8851.63,3
2025-11-01T04:14:07.272184,04:14:07,8851.63,8851.63,3
2025-11-01T04:14:19.500463,04:14:19,8850.35,8850.35,3
2025-11-01T04:14:31.497125,04:14:31,8846.07,8846.07,3
2025-11-01T04:14:43.421770,04:14:43,8834.6,8834.6,3
2025-11-01T04:14:55.340097,04:14:55,8832.28,8832.28,3
2025-11-01T04:15:07.553753,04:15:07,8828.83,8828.83,3
2025-11-01T04:15:19.166732,04:15:19,8793.51,8793.51,3
2025-11-01T04:15:31.091752,04:15:31,8773.9,8773.9,3
2025-11-01T04:15:43.333509,04:15:43,8776.72,8776.72,3
2025-11-01T04:15:55.263181,04:15:55,8778.76,8778.76,3
2025-11-01T04:16:07.512378,04:16:07,8783.85,8783.85,3
2025-11-01T04:16:19.456623,04:16:19,8788.0,8788.0,3
2025-11-01T04:16:31.437855,04:16:31,8793.15,8793.15,3
2025-11-01T04:16:43.412795,04:16:43,8797.67,8797.67,3
2025-11-01T04:16:55.644754,04:16:55,8799.99,8799.99,3
2025-11-01T04:17:07.619303,04:17:07,8792.79,8792.79,3
2025-11-01T04:17:19.528315,04:17:19,8798.01,8798.01,3
2025-11-01T04:17:31.215400,04:17:31,8810.84,8810.84,3
2025-11-01T04:17:43.417534,04:17:43,8823.32,8823.32,3
2025-11-01T04:17:55.401084,04:17:55,8830.46,8830.46,3
2025-11-01T04:18:07.027485,04:18:07,8835.97,8835.97,3
2025-11-01T04:18:19.320398,04:18:19,8836.85,8836.85,3
2025-11-01T04:18:31.583658,04:18:31,8822.16,8822.16,3
2025-11-01T04:18:43.518079,04:18:43,8822.98,8822.98,3
2025-11-01T04:18:55.441885,04:18:55,8827.34,8827.34,3
2025-11-01T04:19:07.370410,04:19:07,8827.53,8827.53,3
2025-11-01T04:19:19.578875,04:19:19,8819.04,8819.04,3
2025-11-01T04:19:31.539664,04:19:31,8819.1,8819.1,3
2025-11-01T04:19:43.158191,04:19:43,8826.26,8826.26,3
2025-11-01T04:19:54.803713,04:19:54,8824.48,8824.48,3
2025-11-01T04:20:06.427748,04:20:06,8815.6,8815.6,3
2025-11-01T04:20:18.636574,04:20:18,8815.01,8815.01,3
2025-11-01T04:20:30.538739,04:20:30,8814.08,8814.08,3
2025-11-01T04:20:42.231091,04:20:42,8814.27,8814.27,3
2025-11-01T04:20:54.198144,04:20:54,8815.07,8815.07,3
2025-11-01T04:21:05.818095,04:21:05,8831.2,8831.2,3
2025-11-01T04:21:17.841738,04:21:17,8843.9,8843.9,3
2025-11-01T04:21:29.774203,04:21:29,8845.3,8845.3,3
2025-11-01T04:21:41.766413,04:21:41,8845.02,8845.02,3
2025-11-01T04:21:53.734881,04:21:53,8841.26,8841.26,3
2025-11-01T04:22:05.751372,04:22:05,8841.15,8841.15,3
2025-11-01T04:22:17.648513,04:22:17,8852.45,8852.45,3
2025-11-01T04:22:29.580611,04:22:29,8844.62,8844.62,3
2025-11-01T04:22:41.507546,04:22:41,8843.52,8843.52,3
2025-11-01T04:22:53.417001,04:22:53,8846.82,8846.82,3
2025-11-01T04:23:05.307026,04:23:05,8844.48,8844.48,3
2025-11-01T04:23:17.534888,04:23:17,8826.93,8826.93,3
2025-11-01T04:23:29.478051,04:23:29,8825.09,8825.09,3
2025-11-01T04:23:41.429000,04:23:41,8829.26,8829.26,3
2025-11-01T04:23:53.118077,04:23:53,8837.4,8837.4,3
2025-11-01T04:24:05.036963,04:24:05,8838.66,8838.66,3
2025-11-01T04:24:17.273275,04:24:17,8840.45,8840.45,3
2025-11-01T04:24:29.530758,04:24:29,8840.95,8840.95,3
2025-11-01T04:24:41.189388,04:24:41,8841.7,8841.7,3
2025-11-01T04:24:53.446318,04:24:53,8844.83,8844.83,3
2025-11-01T04:25:05.058339,04:25:05,8857.23,8857.23,3
2025-11-01T04:25:17.008378,04:25:17,8853.6,8853.6,3
2025-11-01T04:25:29.223291,04:25:29,8853.48,8853.48,3
2025-11-01T04:25:40.858980,04:25:40,8864.2,8864.2,3
2025-11-01T04:25:52.785278,04:25:52,8861.36,8861.36,3
2025-11-01T04:26:04.753386,04:26:04,8857.42,8857.42,3
2025-11-01T04:26:16.712485,04:26:16,8857.99,8857.99,3
2025-11-01T04:26:28.642788,04:26:28,8856.25,8856.25,3
2025-11-01T04:26:40.259362,04:26:40,8856.74,8856.74,3
2025-11-01T04:26:52.446072,04:26:52,8855.8,8855.8,3
2025-11-01T04:27:04.415166,04:27:04,8848.74,8848.74,3
2025-11-01T04:27:16.391693,04:27:16,8857.22,8857.22,3
2025-11-01T04:27:28.013857,04:27:28,8858.61,8858.61,3
2025-11-01T04:27:39.642277,04:27:39,8860.97,8860.97,3
2025-11-01T04:27:51.582001,04:27:51,8860.95,8860.95,3
2025-11-01T04:28:03.244109,04:28:03,8862.62,8862.62,3
2025-11-01T04:28:15.207440,04:28:15,8861.93,8861.93,3
2025-11-01T04:28:27.199343,04:28:27,8856.85,8856.85,3
2025-11-01T04:28:39.136215,04:28:39,8851.05,8851.05,3
2025-11-01T04:28:51.346210,04:28:51,8850.06,8850.06,3
2025-11-01T04:29:03.264939,04:29:03,8824.1,8824.1,3
2025-11-01T04:29:14.898681,04:29:14,8813.08,8813.08,3
2025-11-01T04:29:27.204468,04:29:27,8814.51,8814.51,3
2025-11-01T04:29:38.851063,04:29:38,8817.03,8817.03,3
2025-11-01T04:29:51.067295,04:29:51,8820.59,8820.59,3
2025-11-01T04:30:03.001565,04:30:03,8818.9,8818.9,3
2025-11-01T04:30:14.644914,04:30:14,8815.63,8815.63,3
2025-11-01T04:30:26.672449,04:30:26,8813.28,8813.28,3
2025-11-01T04:30:38.617378,04:30:38,8813.12,8813.12,3
2025-11-01T04:30:50.228647,04:30:50,8812.76,8812.76,3
2025-11-01T04:31:02.144419,04:31:02,8812.95,8812.95,3
2025-11-01T04:31:13.805415,04:31:13,8812.94,8812.94,3
2025-11-01T04:31:25.492435,04:31:25,8818.13,8818.13,3
2025-11-01T04:31:37.135380,04:31:37,8820.18,8820.18,3
2025-11-01T04:31:49.315335,04:31:49,8821.56,8821.56,3
2025-11-01T04:32:01.674239,04:32:01,8819.91,8819.91,3
2025-11-01T04:32:13.575529,04:32:13,8821.37,8821.37,3
2025-11-01T04:32:25.246116,04:32:25,8827.01,8827.01,3
2025-11-01T04:32:37.196830,04:32:37,8824.08,8824.08,3
2025-11-01T04:32:49.402070,04:32:49,8824.29,8824.29,3
2025-11-01T04:33:01.362397,04:33:01,8825.62,8825.62,3
2025-11-01T04:33:13.279294,04:33:13,8824.74,8824.74,3
2025-11-01T04:33:25.265444,04:33:25,8827.49,8827.49,3
2025-11-01T04:33:37.240010,04:33:37,8827.07,8827.07,3
2025-11-01T04:33:49.172101,04:33:49,8826.34,8826.34,3
2025-11-01T04:34:01.095398,04:34:01,8825.68,8825.68,3
2025-11-01T04:34:13.321410,04:34:13,8824.44,8824.44,3
2025-11-01T04:34:24.959538,04:34:24,8830.67,8830.67,3
2025-11-01T04:34:36.963499,04:34:36,8830.27,8830.27,3
2025-11-01T04:34:49.139528,04:34:49,8831.73,8831.73,3
2025-11-01T04:35:01.342094,04:35:01,8856.29,8856.29,3
2025-11-01T04:35:13.527405,04:35:13,8841.72,8841.72,3
2025-11-01T04:35:25.739491,04:35:25,8842.96,8842.96,3
2025-11-01T04:35:37.698197,04:35:37,8844.61,8844.61,3
2025-11-01T04:35:49.686961,04:35:49,8843.11,8843.11,3
2025-11-01T04:36:01.687127,04:36:01,8839.96,8839.96,3
2025-11-01T04:36:13.602295,04:36:13,8836.87,8836.87,3
2025-11-01T04:36:25.538853,04:36:25,8831.42,8831.42,3
2025-11-01T04:36:37.798778,04:36:37,8831.06,8831.06,3
2025-11-01T04:36:49.708328,04:36:49,8827.92,8827.92,3
2025-11-01T04:37:01.660403,04:37:01,8828.23,8828.23,3
2025-11-01T04:37:13.598356,04:37:13,8814.0,8814.0,3
2025-11-01T04:37:25.593084,04:37:25,8825.15,8825.15,3
2025-11-01T04:37:37.556940,04:37:37,8825.2,8825.2,3
2025-11-01T04:37:49.451864,04:37:49,8825.55,8825.55,3
2025-11-01T04:38:01.649869,04:38:01,8822.56,8822.56,3
2025-11-01T04:38:13.588334,04:38:13,8824.2,8824.2,3
2025-11-01T04:38:25.537827,04:38:25,8817.66,8817.66,3
2025-11-01T04:38:37.207487,04:38:37,8815.3,8815.3,3
2025-11-01T04:38:49.458095,04:38:49,8806.89,8806.89,3
2025-11-01T04:39:01.410243,04:39:01,8818.69,8818.69,3
2025-11-01T04:39:13.306034,04:39:13,8848.51,8848.51,3
2025-11-01T04:39:25.576264,04:39:25,8837.11,8837.11,3
2025-11-01T04:39:37.507050,04:39:37,8843.59,8843.59,3
2025-11-01T04:39:49.469746,04:39:49,8842.09,8842.09,3
2025-11-01T04:40:01.399260,04:40:01,8842.88,8842.88,3
2025-11-01T04:40:13.661549,04:40:13,8825.69,8825.69,3
2025-11-01T04:40:25.675529,04:40:25,8821.21,8821.21,3
2025-11-01T04:40:37.690311,04:40:37,8825.6,8825.6,3
2025-11-01T04:40:49.863426,04:40:49,8821.1,8821.1,3
2025-11-01T04:41:02.102712,04:41:02,8821.66,8821.66,3
2025-11-01T04:41:13.984423,04:41:13,8821.32,8821.32,3
2025-11-01T04:41:26.172704,04:41:26,8821.25,8821.25,3
2025-11-01T04:41:38.410353,04:41:38,8840.72,8840.72,3
2025-11-01T04:41:50.615125,04:41:50,8841.62,8841.62,3
2025-11-01T04:42:02.567244,04:42:02,8843.47,8843.47,3
2025-11-01T04:42:14.769375,04:42:14,8847.2,8847.2,3
2025-11-01T04:42:26.727743,04:42:26,8847.76,8847.76,3
2025-11-01T04:42:38.692175,04:42:38,8846.85,8846.85,3
2025-11-01T04:42:50.906632,04:42:50,8848.05,8848.05,3
2025-11-01T04:43:02.826211,04:43:02,8842.8,8842.8,3
2025-11-01T04:43:14.799797,04:43:14,8845.54,8845.54,3
2025-11-01T04:43:26.771249,04:43:26,8845.48,8845.48,3
2025-11-01T04:43:38.702530,04:43:38,8821.03,8821.03,3
2025-11-01T04:43:50.601582,04:43:50,8819.73,8819.73,3
2025-11-01T04:44:02.528001,04:44:02,8812.3,8812.3,3
2025-11-01T04:44:14.466202,04:44:14,8812.53,8812.53,3
2025-11-01T04:44:26.384255,04:44:26,8810.12,8810.12,3
2025-11-01T04:44:38.621290,04:44:38,8800.97,8800.97,3
2025-11-01T04:44:50.741166,04:44:50,8806.78,8806.78,3
2025-11-01T04:45:02.658016,04:45:02,8804.95,8804.95,3
2025-11-01T04:45:14.263773,04:45:14,8806.07,8806.07,3
2025-11-01T04:45:26.521080,04:45:26,8807.63,8807.63,3
2025-11-01T04:45:38.456801,04:45:38,8808.45,8808.45,3
2025-11-01T04:45:50.478792,04:45:50,8810.09,8810.09,3
2025-11-01T04:46:02.413302,04:46:02,8814.26,8814.26,3
2025-11-01T04:46:14.331444,04:46:14,8815.38,8815.38,3
2025-11-01T04:46:26.564493,04:46:26,8829.04,8829.04,3
2025-11-01T04:46:38.517077,04:46:38,8828.41,8828.41,3
2025-11-01T04:46:50.510337,04:46:50,8831.78,8831.78,3
2025-11-01T04:47:02.456545,04:47:02,8831.92,8831.92,3
2025-11-01T04:47:14.656551,04:47:14,8859.38,8859.38,3
2025-11-01T04:47:26.582159,04:47:26,8858.94,8858.94,3
2025-11-01T04:47:38.496984,04:47:38,8862.25,8862.25,3
2025-11-01T04:47:50.427280,04:47:50,8861.35,8861.35,3
2025-11-01T04:48:02.644189,04:48:02,8868.72,8868.72,3
2025-11-01T04:48:14.557584,04:48:14,8871.66,8871.66,3
2025-11-01T04:48:26.487800,04:48:26,8871.1,8871.1,3
2025-11-01T04:48:38.446910,04:48:38,8887.12,8887.12,3
2025-11-01T04:48:50.414794,04:48:50,8882.4,8882.4,3
2025-11-01T04:49:02.625334,04:49:02,8853.39,8853.39,3
2025-11-01T04:49:14.526225,04:49:14,8846.14,8846.14,3
2025-11-01T04:49:26.446222,04:49:26,8853.22,8853.22,3
2025-11-01T04:49:38.394762,04:49:38,8852.72,8852.72,3
2025-11-01T04:49:50.453929,04:49:50,8846.67,8846.67,3
2025-11-01T04:50:02.474771,04:50:02,8849.27,8849.27,3
2025-11-01T04:50:14.374664,04:50:14,8850.44,8850.44,3
2025-11-01T04:50:26.621218,04:50:26,8860.46,8860.46,3
2025-11-01T04:50:38.579631,04:50:38,8855.06,8855.06,3
2025-11-01T04:50:50.486459,04:50:50,8861.02,8861.02,3
2025-11-01T04:51:02.400442,04:51:02,8861.52,8861.52,3
2025-11-01T04:51:14.304814,04:51:14,8862.09,8862.09,3
2025-11-01T04:51:26.247766,04:51:26,8872.77,8872.77,3
2025-11-01T04:51:38.466434,04:51:38,8869.66,8869.66,3
2025-11-01T04:51:50.405505,04:51:50,8866.71,8866.71,3
2025-11-01T04:52:02.659299,04:52:02,8864.24,8864.24,3
2025-11-01T04:52:14.579249,04:52:14,8850.36,8850.36,3
2025-11-01T04:52:26.544567,04:52:26,8851.76,8851.76,3
2025-11-01T04:52:38.486004,04:52:38,8853.37,8853.37,3
2025-11-01T04:52:50.384076,04:52:50,8854.26,8854.26,3
2025-11-01T04:53:02.619671,04:53:02,8854.97,8854.97,3
2025-11-01T04:53:14.562717,04:53:14,8854.99,8854.99,3
2025-11-01T04:53:26.512544,04:53:26,8858.2,8858.2,3
2025-11-01T04:53:38.474001,04:53:38,8859.93,8859.93,3
2025-11-01T04:53:50.411094,04:53:50,8860.08,8860.08,3
2025-11-01T04:54:02.633609,04:54:02,8861.11,8861.11,3
2025-11-01T04:54:14.536177,04:54:14,8862.42,8862.42,3
2025-11-01T04:54:26.474518,04:54:26,8863.33,8863.33,3
2025-11-01T04:54:38.439470,04:54:38,8863.22,8863.22,3
2025-11-01T04:54:50.418608,04:54:50,8871.11,8871.11,3
2025-11-01T04:55:02.635679,04:55:02,8875.95,8875.95,3
2025-11-01T04:55:14.581075,04:55:14,8888.48,8888.48,3
2025-11-01T04:55:26.497002,04:55:26,8890.65,8890.65,3
2025-11-01T04:55:38.400743,04:55:38,8892.6,8892.6,3
2025-11-01T04:55:50.633927,04:55:50,8894.16,8894.16,3
2025-11-01T04:56:02.634162,04:56:02,8886.32,8886.32,3
2025-11-01T04:56:14.603672,04:56:14,8897.15,8897.15,3
2025-11-01T04:56:26.566090,04:56:26,8895.86,8895.86,3
2025-11-01T04:56:38.470203,04:56:38,8894.97,8894.97,3
2025-11-01T04:56:50.447311,04:56:50,8891.91,8891.91,3
2025-11-01T04:57:02.338185,04:57:02,8888.99,8888.99,3
2025-11-01T04:57:14.537547,04:57:14,8882.8,8882.8,3
2025-11-01T04:57:26.135493,04:57:26,8881.44,8881.44,3
2025-11-01T04:57:38.352496,04:57:38,8879.69,8879.69,3
2025-11-01T04:57:50.557170,04:57:50,8878.17,8878.17,3
2025-11-01T04:58:02.507087,04:58:02,8875.89,8875.89,3
2025-11-01T04:58:14.503593,04:58:14,8875.71,8875.71,3
2025-11-01T04:58:26.428581,04:58:26,8875.42,8875.42,3
2025-11-01T04:58:38.428775,04:58:38,8876.63,8876.63,3
2025-11-01T04:58:50.363740,04:58:50,8881.45,8881.45,3
2025-11-01T04:59:02.297972,04:59:02,8883.29,8883.29,3
2025-11-01T04:59:14.556349,04:59:14,8884.01,8884.01,3
2025-11-01T04:59:26.492383,04:59:26,8883.75,8883.75,3
2025-11-01T04:59:38.450938,04:59:38,8883.65,8883.65,3
2025-11-01T04:59:50.629015,04:59:50,8883.08,8883.08,3
2025-11-01T05:00:02.671316,05:00:02,8882.52,8882.52,3
2025-11-01T05:00:14.606034,05:00:14,8868.43,8868.43,3
2025-11-01T05:00:26.585556,05:00:26,8866.75,8866.75,3
2025-11-01T05:00:38.570421,05:00:38,8864.49,8864.49,3
2025-11-01T05:00:50.261491,05:00:50,8855.88,8855.88,3
2025-11-01T05:01:02.448047,05:01:02,8861.84,8861.84,3
2025-11-01T05:01:14.345371,05:01:14,8863.49,8863.49,3
2025-11-01T05:01:26.548886,05:01:26,8866.91,8866.91,3
2025-11-01T05:01:38.483654,05:01:38,8865.08,8865.08,3
2025-11-01T05:01:50.423705,05:01:50,8863.62,8863.62,3
2025-11-01T05:02:02.370046,05:02:02,8852.05,8852.05,3
2025-11-01T05:02:14.249740,05:02:14,8848.45,8848.45,3
2025-11-01T05:02:26.147550,05:02:26,8846.8,8846.8,3
2025-11-01T05:02:38.409560,05:02:38,8823.61,8823.61,3
2025-11-01T05:02:50.392658,05:02:50,8826.27,8826.27,3
2025-11-01T05:03:02.607089,05:03:02,8822.19,8822.19,3
2025-11-01T05:03:14.278009,05:03:14,8821.6,8821.6,3
2025-11-01T05:03:25.914546,05:03:25,8815.83,8815.83,3
2025-11-01T05:03:38.130915,05:03:38,8802.31,8802.31,3
2025-11-01T05:03:50.370630,05:03:50,8821.89,8821.89,3
2025-11-01T05:04:02.292360,05:04:02,8834.48,8834.48,3
2025-11-01T05:04:14.218903,05:04:14,8818.23,8818.23,3
2025-11-01T05:04:26.483856,05:04:26,8826.53,8826.53,3
2025-11-01T05:04:38.429146,05:04:38,8836.03,8836.03,3
2025-11-01T05:04:50.465926,05:04:50,8836.48,8836.48,3
2025-11-01T05:05:03.727741,05:05:03,8838.08,8838.08,3
2025-11-01T05:05:15.760744,05:05:15,8855.25,8855.25,3
2025-11-01T05:05:27.684064,05:05:27,8856.11,8856.11,3
2025-11-01T05:05:39.314240,05:05:39,8855.8,8855.8,3
2025-11-01T05:05:51.275818,05:05:51,8858.76,8858.76,3
2025-11-01T05:06:03.499022,05:06:03,8862.85,8862.85,3
2025-11-01T05:06:15.446234,05:06:15,8866.38,8866.38,3
2025-11-01T05:06:27.348775,05:06:27,8868.32,8868.32,3
2025-11-01T05:06:39.555230,05:06:39,8866.53,8866.53,3
2025-11-01T05:06:51.559235,05:06:51,8869.65,8869.65,3
2025-11-01T05:07:03.490070,05:07:03,8852.52,8852.52,3
2025-11-01T05:07:15.428220,05:07:15,8876.59,8876.59,3
2025-11-01T05:07:27.422791,05:07:27,8868.15,8868.15,3
2025-11-01T05:07:39.376638,05:07:39,8869.3,8869.3,3
2025-11-01T05:07:51.580588,05:07:51,8871.89,8871.89,3
2025-11-01T05:08:03.195351,05:08:03,8879.55,8879.55,3
2025-11-01T05:08:15.444296,05:08:15,8889.46,8889.46,3
2025-11-01T05:08:27.400244,05:08:27,8877.38,8877.38,3
2025-11-01T05:08:39.421387,05:08:39,8872.81,8872.81,3
2025-11-01T05:08:51.473681,05:08:51,8877.48,8877.48,3
2025-11-01T05:09:03.431909,05:09:03,8873.55,8873.55,3
2025-11-01T05:09:15.620291,05:09:15,8868.1,8868.1,3
2025-11-01T05:09:27.538694,05:09:27,8863.71,8863.71,3
2025-11-01T05:09:39.443175,05:09:39,8859.98,8859.98,3
2025-11-01T05:09:51.381960,05:09:51,8860.8,8860.8,3
2025-11-01T05:10:03.598352,05:10:03,8880.8,8880.8,3
2025-11-01T05:10:15.530262,05:10:15,8891.15,8891.15,3
2025-11-01T05:10:27.460064,05:10:27,8896.46,8896.46,3
2025-11-01T05:10:39.401247,05:10:39,8885.53,8885.53,3
2025-11-01T05:10:51.612483,05:10:51,8885.85,8885.85,3
2025-11-01T05:11:03.241287,05:11:03,8888.29,8888.29,3
2025-11-01T05:11:14.869464,05:11:14,8896.58,8896.58,3
2025-11-01T05:11:27.315799,05:11:27,8896.52,8896.52,3
2025-11-01T05:11:39.571208,05:11:39,8895.9,8895.9,3
2025-11-01T05:11:51.538905,05:11:51,8896.99,8896.99,3
2025-11-01T05:12:03.470962,05:12:03,8898.39,8898.39,3
2025-11-01T05:12:15.404795,05:12:15,8923.75,8923.75,3
2025-11-01T05:12:27.386721,05:12:27,8926.66,8926.66,3
2025-11-01T05:12:39.334201,05:12:39,8912.76,8912.76,3
2025-11-01T05:12:51.525772,05:12:51,8921.78,8921.78,3
2025-11-01T05:13:03.762492,05:13:03,8929.84,8929.84,3
2025-11-01T05:13:15.660005,05:13:15,8936.62,8936.62,3
2025-11-01T05:13:27.568569,05:13:27,8945.37,8945.37,3
2025-11-01T05:13:39.542349,05:13:39,8935.69,8935.69,3
2025-11-01T05:13:51.470473,05:13:51,8924.07,8924.07,3
2025-11-01T05:14:03.660846,05:14:03,8938.06,8938.06,3
2025-11-01T05:14:15.596167,05:14:15,8932.21,8932.21,3
2025-11-01T05:14:27.498043,05:14:27,8934.39,8934.39,3
2025-11-01T05:14:39.409558,05:14:39,8933.32,8933.32,3
2025-11-01T05:14:51.313178,05:14:51,8935.89,8935.89,3
2025-11-01T05:15:03.503687,05:15:03,8937.06,8937.06,3
2025-11-01T05:15:15.406444,05:15:15,8939.55,8939.55,3
2025-11-01T05:15:27.329771,05:15:27,8940.32,8940.32,3
2025-11-01T05:15:39.616246,05:15:39,8937.22,8937.22,3
2025-11-01T05:15:51.580878,05:15:51,8926.98,8926.98,3
2025-11-01T05:16:03.451735,05:16:03,8914.67,8914.67,3
2025-11-01T05:16:15.431862,05:16:15,8908.45,8908.45,3
2025-11-01T05:16:27.377948,05:16:27,8912.9,8912.9,3
2025-11-01T05:16:39.602139,05:16:39,8910.73,8910.73,3
2025-11-01T05:16:51.601064,05:16:51,8916.33,8916.33,3
2025-11-01T05:17:03.773524,05:17:03,8948.24,8948.24,3
2025-11-01T05:17:15.699857,05:17:15,8951.5,8951.5,3
2025-11-01T05:17:27.671437,05:17:27,8956.26,8956.26,3
2025-11-01T05:17:39.675572,05:17:39,8968.01,8968.01,3
2025-11-01T05:17:51.636055,05:17:51,8980.88,8980.88,3
2025-11-01T05:18:03.622858,05:18:03,8965.25,8965.25,3
2025-11-01T05:18:15.563034,05:18:15,8967.33,8967.33,3
2025-11-01T05:18:27.504236,05:18:27,8936.01,8936.01,3
2025-11-01T05:18:39.432488,05:18:39,8951.06,8951.06,3
2025-11-01T05:18:51.409096,05:18:51,8951.77,8951.77,3
2025-11-01T05:19:03.374413,05:19:03,8943.56,8943.56,3
2025-11-01T05:19:15.578454,05:19:15,8950.12,8950.12,3
2025-11-01T05:19:27.505485,05:19:27,8944.57,8944.57,3
2025-11-01T05:19:39.426537,05:19:39,8938.67,8938.67,3
2025-11-01T05:19:51.672801,05:19:51,8939.15,8939.15,3
2025-11-01T05:20:03.302326,05:20:03,8935.36,8935.36,3
2025-11-01T05:20:15.486774,05:20:15,8934.12,8934.12,3
2025-11-01T05:20:27.462254,05:20:27,8928.64,8928.64,3
2025-11-01T05:20:39.640539,05:20:39,8927.92,8927.92,3
2025-11-01T05:20:51.563938,05:20:51,8932.73,8932.73,3
2025-11-01T05:21:03.535137,05:21:03,8930.71,8930.71,3
2025-11-01T05:21:15.464032,05:21:15,8929.76,8929.76,3
2025-11-01T05:21:27.447165,05:21:27,8927.91,8927.91,3
2025-11-01T05:21:39.387263,05:21:39,8930.16,8930.16,3
2025-11-01T05:21:51.305761,05:21:51,8930.8,8930.8,3
2025-11-01T05:22:03.318446,05:22:03,8936.64,8936.64,3
2025-11-01T05:22:15.306053,05:22:15,8933.62,8933.62,3
2025-11-01T05:22:27.551514,05:22:27,8932.78,8932.78,3
2025-11-01T05:22:39.519803,05:22:39,8934.1,8934.1,3
2025-11-01T05:22:51.425623,05:22:51,8930.98,8930.98,3
2025-11-01T05:23:03.406831,05:23:03,8935.02,8935.02,3
2025-11-01T05:23:15.660361,05:23:15,8935.85,8935.85,3
2025-11-01T05:23:27.589040,05:23:27,8937.3,8937.3,3
2025-11-01T05:23:39.510833,05:23:39,8938.77,8938.77,3
2025-11-01T05:23:51.405356,05:23:51,8942.46,8942.46,3
2025-11-01T05:24:03.683899,05:24:03,8945.67,8945.67,3
2025-11-01T05:24:15.662398,05:24:15,8947.1,8947.1,3
2025-11-01T05:24:27.623005,05:24:27,8949.45,8949.45,3
2025-11-01T05:24:39.577175,05:24:39,8951.4,8951.4,3
2025-11-01T05:24:51.530689,05:24:51,8950.53,8950.53,3
2025-11-01T05:25:03.696694,05:25:03,8948.44,8948.44,3
2025-11-01T05:25:15.690819,05:25:15,8952.44,8952.44,3
2025-11-01T05:25:27.616647,05:25:27,8951.24,8951.24,3
2025-11-01T05:25:39.645135,05:25:39,8957.44,8957.44,3
2025-11-01T05:25:51.601392,05:25:51,8962.97,8962.97,3
2025-11-01T05:26:03.601146,05:26:03,8962.97,8962.97,3
2025-11-01T05:26:15.501083,05:26:15,8954.28,8954.28,3
2025-11-01T05:26:27.706275,05:26:27,8948.32,8948.32,3
2025-11-01T05:26:39.706943,05:26:39,8948.61,8948.61,3
2025-11-01T05:26:51.679842,05:26:51,8942.41,8942.41,3
2025-11-01T05:27:03.605541,05:27:03,8940.17,8940.17,3
2025-11-01T05:27:15.582533,05:27:15,8946.28,8946.28,3
2025-11-01T05:27:27.500768,05:27:27,8946.83,8946.83,3
2025-11-01T05:27:39.458108,05:27:39,8950.31,8950.31,3
2025-11-01T05:27:51.397061,05:27:51,8950.0,8950.0,3
2025-11-01T05:28:03.354682,05:28:03,8945.93,8945.93,3
2025-11-01T05:28:15.624823,05:28:15,8949.65,8949.65,3
2025-11-01T05:28:27.560183,05:28:27,8952.84,8952.84,3
2025-11-01T05:28:39.523952,05:28:39,8953.73,8953.73,3
2025-11-01T05:28:51.489853,05:28:51,8956.44,8956.44,3
2025-11-01T05:29:03.707532,05:29:03,8948.69,8948.69,3
2025-11-01T05:29:15.596499,05:29:15,8951.5,8951.5,3
2025-11-01T05:29:27.575030,05:29:27,8952.26,8952.26,3
2025-11-01T05:29:39.492692,05:29:39,8949.68,8949.68,3
2025-11-01T05:29:51.465235,05:29:51,8955.72,8955.72,3
2025-11-01T05:30:03.685448,05:30:03,8956.54,8956.54,3
2025-11-01T05:30:15.567958,05:30:15,8970.82,8970.82,3
2025-11-01T05:30:27.620654,05:30:27,8971.65,8971.65,3
2025-11-01T05:30:39.558618,05:30:39,8964.21,8964.21,3
2025-11-01T05:30:51.523652,05:30:51,8967.12,8967.12,3
2025-11-01T05:31:03.458750,05:31:03,8976.26,8976.26,3
2025-11-01T05:31:15.368455,05:31:15,8981.85,8981.85,3
2025-11-01T05:31:26.999066,05:31:26,8974.34,8974.34,3
2025-11-01T05:31:38.939773,05:31:38,8912.27,8912.27,3
2025-11-01T05:31:50.936745,05:31:50,8907.09,8907.09,3
2025-11-01T05:32:02.868176,05:32:02,8899.42,8899.42,3
2025-11-01T05:32:15.091280,05:32:15,8859.85,8859.85,3
2025-11-01T05:32:27.345132,05:32:27,8862.39,8862.39,3
2025-11-01T05:32:39.331881,05:32:39,8862.33,8862.33,3
2025-11-01T05:32:51.619222,05:32:51,8861.84,8861.84,3
2025-11-01T05:33:03.249778,05:33:03,8844.14,8844.14,3
2025-11-01T05:33:15.554655,05:33:15,8820.33,8820.33,3
2025-11-01T05:33:27.458022,05:33:27,8841.08,8841.08,3
2025-11-01T05:33:39.394614,05:33:39,8842.07,8842.07,3
2025-11-01T05:33:51.582608,05:33:51,8820.21,8820.21,3
2025-11-01T05:34:03.185605,05:34:03,8821.5,8821.5,3
2025-11-01T05:34:15.467655,05:34:15,8828.88,8828.88,3
2025-11-01T05:34:27.377530,05:34:27,8818.58,8818.58,3
2025-11-01T05:34:39.598772,05:34:39,8814.1,8814.1,3
2025-11-01T05:34:51.532784,05:34:51,8815.39,8815.39,3
2025-11-01T05:35:03.446631,05:35:03,8815.63,8815.63,3
2025-11-01T05:35:15.396327,05:35:15,8788.84,8788.84,3
2025-11-01T05:35:27.694829,05:35:27,8801.39,8801.39,3
2025-11-01T05:35:39.677792,05:35:39,8802.31,8802.31,3
2025-11-01T05:35:51.654151,05:35:51,8805.85,8805.85,3
2025-11-01T05:36:03.553427,05:36:03,8808.73,8808.73,3
2025-11-01T05:36:15.499375,05:36:15,8813.31,8813.31,3
2025-11-01T05:36:27.405743,05:36:27,8800.62,8800.62,3
2025-11-01T05:36:39.644990,05:36:39,8795.85,8795.85,3
2025-11-01T05:36:51.611595,05:36:51,8795.7,8795.7,3
2025-11-01T05:37:03.551382,05:37:03,8790.24,8790.24,3
2025-11-01T05:37:15.449218,05:37:15,8777.77,8777.77,3
2025-11-01T05:37:27.364139,05:37:27,8781.97,8781.97,3
2025-11-01T05:37:39.424450,05:37:39,8775.98,8775.98,3
2025-11-01T05:37:51.662994,05:37:51,8776.69,8776.69,3
2025-11-01T05:38:03.383192,05:38:03,8775.64,8775.64,3
2025-11-01T05:38:15.301846,05:38:15,8778.93,8778.93,3
2025-11-01T05:38:27.215413,05:38:27,8771.87,8771.87,3
2025-11-01T05:38:39.422230,05:38:39,8770.15,8770.15,3
2025-11-01T05:38:51.628531,05:38:51,8769.49,8769.49,3
2025-11-01T05:39:03.571612,05:39:03,8764.29,8764.29,3
2025-11-01T05:39:15.516175,05:39:15,8777.88,8777.88,3
2025-11-01T05:39:27.433985,05:39:27,8773.35,8773.35,3
2025-11-01T05:39:39.388943,05:39:39,8773.12,8773.12,3
2025-11-01T05:39:51.300763,05:39:51,8773.83,8773.83,3
2025-11-01T05:40:03.243170,05:40:03,8788.45,8788.45,3
2025-11-01T05:40:15.177491,05:40:15,8811.79,8811.79,3
2025-11-01T05:40:27.388108,05:40:27,8819.48,8819.48,3
2025-11-01T05:40:39.615597,05:40:39,8816.66,8816.66,3
2025-11-01T05:40:51.772995,05:40:51,8821.28,8821.28,3
2025-11-01T05:41:03.681458,05:41:03,8811.69,8811.69,3
2025-11-01T05:41:15.645183,05:41:15,8813.03,8813.03,3
2025-11-01T05:41:27.545957,05:41:27,8806.2,8806.2,3
2025-11-01T05:41:39.487232,05:41:39,8802.2,8802.2,3
2025-11-01T05:41:51.466815,05:41:51,8794.35,8794.35,3
2025-11-01T05:42:03.460530,05:42:03,8779.15,8779.15,3
2025-11-01T05:42:15.435545,05:42:15,8764.45,8764.45,3
2025-11-01T05:42:27.660181,05:42:27,8759.26,8759.26,3
2025-11-01T05:42:39.557422,05:42:39,8756.44,8756.44,3
2025-11-01T05:42:51.470204,05:42:51,8755.83,8755.83,3
2025-11-01T05:43:03.479662,05:43:03,8755.01,8755.01,3
2025-11-01T05:43:15.463292,05:43:15,8757.64,8757.64,3
2025-11-01T05:43:27.483386,05:43:27,8773.38,8773.38,3
2025-11-01T05:43:39.445048,05:43:39,8775.18,8775.18,3
2025-11-01T05:43:51.416808,05:43:51,8775.44,8775.44,3
2025-11-01T05:44:03.336218,05:44:03,8777.8,8777.8,3
2025-11-01T05:44:15.348482,05:44:15,8777.07,8777.07,3
2025-11-01T05:44:27.339111,05:44:27,8792.17,8792.17,3
2025-11-01T05:44:39.559936,05:44:39,8783.21,8783.21,3
2025-11-01T05:44:51.481969,05:44:51,8779.4,8779.4,3
2025-11-01T05:45:03.398713,05:45:03,8762.56,8762.56,3
2025-11-01T05:45:15.278901,05:45:15,8759.14,8759.14,3
2025-11-01T05:45:27.556039,05:45:27,8756.96,8756.96,3
2025-11-01T05:45:39.491958,05:45:39,8745.25,8745.25,3
2025-11-01T05:45:51.448214,05:45:51,8743.99,8743.99,3
2025-11-01T05:46:03.360016,05:46:03,8742.77,8742.77,3
2025-11-01T05:46:15.306240,05:46:15,8762.49,8762.49,3
2025-11-01T05:46:27.638576,05:46:27,8764.89,8764.89,3
2025-11-01T05:46:39.542528,05:46:39,8768.62,8768.62,3
2025-11-01T05:46:51.458723,05:46:51,8778.6,8778.6,3
2025-11-01T05:47:03.665486,05:47:03,8780.32,8780.32,3
2025-11-01T05:47:15.688498,05:47:15,8794.93,8794.93,3
2025-11-01T05:47:27.687212,05:47:27,8808.19,8808.19,3
2025-11-01T05:47:39.622597,05:47:39,8811.12,8811.12,3
2025-11-01T05:47:51.561088,05:47:51,8804.88,8804.88,3
2025-11-01T05:48:03.532333,05:48:03,8809.08,8809.08,3
2025-11-01T05:48:15.430746,05:48:15,8807.65,8807.65,3
2025-11-01T05:48:27.398699,05:48:27,8797.81,8797.81,3
2025-11-01T05:48:39.591817,05:48:39,8799.56,8799.56,3
2025-11-01T05:48:51.504117,05:48:51,8785.01,8785.01,3
2025-11-01T05:49:03.460738,05:49:03,8775.37,8775.37,3
2025-11-01T05:49:15.381394,05:49:15,8766.56,8766.56,3
2025-11-01T05:49:27.551845,05:49:27,8767.52,8767.52,3
2025-11-01T05:49:39.519751,05:49:39,8764.95,8764.95,3
2025-11-01T05:49:51.411697,05:49:51,8744.13,8744.13,3
2025-11-01T05:50:03.610724,05:50:03,8751.25,8751.25,3
2025-11-01T05:50:15.600493,05:50:15,8751.78,8751.78,3
2025-11-01T05:50:27.548715,05:50:27,8752.99,8752.99,3
2025-11-01T05:50:39.471846,05:50:39,8758.8,8758.8,3
2025-11-01T05:50:51.469313,05:50:51,8762.75,8762.75,3
2025-11-01T05:51:03.418596,05:51:03,8765.3,8765.3,3
2025-11-01T05:51:15.288086,05:51:15,8767.49,8767.49,3
2025-11-01T05:51:27.477255,05:51:27,8763.71,8763.71,3
2025-11-01T05:51:39.351771,05:51:39,8771.27,8771.27,3
2025-11-01T05:51:51.616492,05:51:51,8772.3,8772.3,3
2025-11-01T05:52:03.538788,05:52:03,8765.77,8765.77,3
2025-11-01T05:52:15.455666,05:52:15,8740.63,8740.63,3
2025-11-01T05:52:27.451337,05:52:27,8747.43,8747.43,3
2025-11-01T05:52:39.391175,05:52:39,8695.78,8695.78,3
2025-11-01T05:52:51.404821,05:52:51,8688.02,8688.02,3
2025-11-01T05:53:03.442776,05:53:03,8707.06,8707.06,3
2025-11-01T05:53:15.390423,05:53:15,8708.72,8708.72,3
2025-11-01T05:53:27.323520,05:53:27,8741.5,8741.5,3
2025-11-01T05:53:39.221813,05:53:39,8783.1,8783.1,3
2025-11-01T05:53:51.419413,05:53:51,8793.32,8793.32,3
2025-11-01T05:54:03.352227,05:54:03,8791.28,8791.28,3
2025-11-01T05:54:15.567140,05:54:15,8782.59,8782.59,3
2025-11-01T05:54:27.463400,05:54:27,8782.94,8782.94,3
2025-11-01T05:54:39.480308,05:54:39,8775.77,8775.77,3
2025-11-01T05:54:51.451924,05:54:51,8781.0,8781.0,3
2025-11-01T05:55:03.655109,05:55:03,8779.6,8779.6,3
2025-11-01T05:55:15.603074,05:55:15,8777.6,8777.6,3
2025-11-01T05:55:27.230314,05:55:27,8778.84,8778.84,3
2025-11-01T05:55:39.471335,05:55:39,8806.36,8806.36,3
2025-11-01T05:55:51.418376,05:55:51,8803.75,8803.75,3
2025-11-01T05:56:03.635077,05:56:03,8803.33,8803.33,3
2025-11-01T05:56:15.620970,05:56:15,8823.55,8823.55,3
2025-11-01T05:56:27.497795,05:56:27,8825.09,8825.09,3
2025-11-01T05:56:39.459262,05:56:39,8827.18,8827.18,3
2025-11-01T05:56:51.400499,05:56:51,8831.06,8831.06,3
2025-11-01T05:57:03.372012,05:57:03,8831.17,8831.17,3
2025-11-01T05:57:15.282400,05:57:15,8824.13,8824.13,3
2025-11-01T05:57:27.468152,05:57:27,8827.45,8827.45,3
2025-11-01T05:57:39.455962,05:57:39,8829.21,8829.21,3
2025-11-01T05:57:51.645985,05:57:51,8820.53,8820.53,3
2025-11-01T05:58:03.626796,05:58:03,8821.07,8821.07,3
2025-11-01T05:58:15.801352,05:58:15,8826.87,8826.87,3
2025-11-01T05:58:27.760725,05:58:27,8838.11,8838.11,3
2025-11-01T05:58:39.659887,05:58:39,8809.84,8809.84,3
2025-11-01T05:58:51.606443,05:58:51,8808.19,8808.19,3
2025-11-01T05:59:03.545456,05:59:03,8802.46,8802.46,3
2025-11-01T05:59:15.497664,05:59:15,8812.61,8812.61,3
2025-11-01T05:59:27.407777,05:59:27,8817.83,8817.83,3
2025-11-01T05:59:39.622661,05:59:39,8816.01,8816.01,3
2025-11-01T05:59:51.550901,05:59:51,8814.7,8814.7,3
2025-11-01T06:00:03.428351,06:00:03,8795.5,8795.5,3
2025-11-01T06:00:15.693206,06:00:15,8799.42,8799.42,3
2025-11-01T06:00:27.302040,06:00:27,8807.44,8807.44,3
2025-11-01T06:00:39.532507,06:00:39,8793.77,8793.77,3
2025-11-01T06:00:51.458835,06:00:51,8786.47,8786.47,3
2025-11-01T06:01:03.323042,06:01:03,8767.92,8767.92,3
2025-11-01T06:01:15.256551,06:01:15,8766.49,8766.49,3
2025-11-01T06:01:27.448469,06:01:27,8768.11,8768.11,3
2025-11-01T06:01:39.322235,06:01:39,8766.38,8766.38,3
2025-11-01T06:01:51.579743,06:01:51,8729.29,8729.29,3
2025-11-01T06:02:03.529625,06:02:03,8743.57,8743.57,3
2025-11-01T06:02:15.485940,06:02:15,8742.41,8742.41,3
2025-11-01T06:02:27.387949,06:02:27,8731.35,8731.35,3
2025-11-01T06:02:39.626058,06:02:39,8735.89,8735.89,3
2025-11-01T06:02:51.545763,06:02:51,8733.82,8733.82,3
2025-11-01T06:03:03.508599,06:03:03,8744.15,8744.15,3
2025-11-01T06:03:15.428736,06:03:15,8721.1,8721.1,3
2025-11-01T06:03:27.401011,06:03:27,8721.08,8721.08,3
2025-11-01T06:03:39.374339,06:03:39,8718.93,8718.93,3
2025-11-01T06:03:51.590466,06:03:51,8718.71,8718.71,3
2025-11-01T06:04:03.537637,06:04:03,8724.89,8724.89,3
2025-11-01T06:04:15.433135,06:04:15,8720.99,8720.99,3
2025-11-01T06:04:27.633025,06:04:27,8724.06,8724.06,3
2025-11-01T06:04:39.631215,06:04:39,8722.49,8722.49,3
2025-11-01T06:04:51.259624,06:04:51,8725.27,8725.27,3
2025-11-01T06:05:03.503386,06:05:03,8745.31,8745.31,3
2025-11-01T06:05:15.510190,06:05:15,8764.01,8764.01,3
2025-11-01T06:05:27.529985,06:05:27,8761.82,8761.82,3
2025-11-01T06:05:39.241530,06:05:39,8760.72,8760.72,3
2025-11-01T06:05:51.203779,06:05:51,8755.59,8755.59,3
2025-11-01T06:06:03.155275,06:06:03,8757.07,8757.07,3
2025-11-01T06:06:15.472511,06:06:15,8773.73,8773.73,3
2025-11-01T06:06:27.377805,06:06:27,8769.89,8769.89,3
2025-11-01T06:06:39.615299,06:06:39,8755.89,8755.89,3
2025-11-01T06:06:51.553682,06:06:51,8754.93,8754.93,3
2025-11-01T06:07:03.207092,06:07:03,8768.73,8768.73,3
2025-11-01T06:07:15.118501,06:07:15,8776.38,8776.38,3
2025-11-01T06:07:27.341199,06:07:27,8775.71,8775.71,3
2025-11-01T06:07:39.453680,06:07:39,8766.09,8766.09,3
2025-11-01T06:07:51.479446,06:07:51,8774.48,8774.48,3
2025-11-01T06:08:03.087151,06:08:03,8782.38,8782.38,3
2025-11-01T06:08:15.338891,06:08:15,8793.99,8793.99,3
2025-11-01T06:08:27.556356,06:08:27,8792.15,8792.15,3
2025-11-01T06:08:39.490881,06:08:39,8786.96,8786.96,3
2025-11-01T06:08:51.414848,06:08:51,8766.83,8766.83,3
2025-11-01T06:09:03.624081,06:09:03,8780.78,8780.78,3
2025-11-01T06:09:15.839945,06:09:15,8782.45,8782.45,3
2025-11-01T06:09:27.745335,06:09:27,8787.55,8787.55,3
2025-11-01T06:09:39.683109,06:09:39,8785.14,8785.14,3
2025-11-01T06:09:51.826381,06:09:51,8781.98,8781.98,3
2025-11-01T06:10:03.723478,06:10:03,8766.61,8766.61,3
2025-11-01T06:10:15.674293,06:10:15,8778.0,8778.0,3
2025-11-01T06:10:27.598217,06:10:27,8774.68,8774.68,3
2025-11-01T06:10:39.561277,06:10:39,8777.83,8777.83,3
2025-11-01T06:10:51.483622,06:10:51,8770.21,8770.21,3
2025-11-01T06:11:03.434253,06:11:03,8772.58,8772.58,3
2025-11-01T06:11:15.343642,06:11:15,8775.36,8775.36,3
2025-11-01T06:11:27.573165,06:11:27,8774.85,8774.85,3
2025-11-01T06:11:39.483423,06:11:39,8774.23,8774.23,3
2025-11-01T06:11:51.390353,06:11:51,8774.19,8774.19,3
2025-11-01T06:12:03.663881,06:12:03,8774.19,8774.19,3
2025-11-01T06:12:15.546157,06:12:15,8773.83,8773.83,3
2025-11-01T06:12:27.536882,06:12:27,8783.18,8783.18,3
2025-11-01T06:12:39.491206,06:12:39,8803.14,8803.14,3
2025-11-01T06:12:51.394044,06:12:51,8827.03,8827.03,3
2025-11-01T06:13:03.564286,06:13:03,8826.76,8826.76,3
2025-11-01T06:13:15.548661,06:13:15,8816.9,8816.9,3
2025-11-01T06:13:27.468120,06:13:27,8819.67,8819.67,3
2025-11-01T06:13:39.383260,06:13:39,8816.5,8816.5,3
2025-11-01T06:13:51.620892,06:13:51,8842.32,8842.32,3
2025-11-01T06:14:03.305316,06:14:03,8841.82,8841.82,3
2025-11-01T06:14:15.621356,06:14:15,8878.78,8878.78,3
2025-11-01T06:14:27.512490,06:14:27,8888.5,8888.5,3
2025-11-01T06:14:39.433799,06:14:39,8886.2,8886.2,3
2025-11-01T06:14:51.665752,06:14:51,8882.15,8882.15,3
2025-11-01T06:15:03.580332,06:15:03,8895.13,8895.13,3
2025-11-01T06:15:15.509896,06:15:15,8906.15,8906.15,3
2025-11-01T06:15:27.408269,06:15:27,8910.1,8910.1,3
2025-11-01T06:15:39.640014,06:15:39,8918.02,8918.02,3
2025-11-01T06:15:51.579067,06:15:51,8945.59,8945.59,3
2025-11-01T06:16:03.484522,06:16:03,8969.22,8969.22,3
2025-11-01T06:16:15.454785,06:16:15,9003.07,9003.07,3
2025-11-01T06:16:27.891431,06:16:27,9016.84,9016.84,3
2025-11-01T06:16:39.845132,06:16:39,9016.92,9016.92,3
2025-11-01T06:16:51.815717,06:16:51,9024.03,9024.03,3
2025-11-01T06:17:03.827406,06:17:03,9033.27,9033.27,3
2025-11-01T06:17:15.753618,06:17:15,9033.62,9033.62,3
2025-11-01T06:17:27.735656,06:17:27,9027.58,9027.58,3
2025-11-01T06:17:39.644162,06:17:39,9027.88,9027.88,3
2025-11-01T06:17:51.591492,06:17:51,9026.67,9026.67,3
2025-11-01T06:18:03.592035,06:18:03,9029.92,9029.92,3
2025-11-01T06:18:15.573299,06:18:15,9031.69,9031.69,3
2025-11-01T06:18:27.827375,06:18:27,9033.44,9033.44,3
2025-11-01T06:18:39.743412,06:18:39,9043.51,9043.51,3
2025-11-01T06:18:51.613880,06:18:51,9054.09,9054.09,3
2025-11-01T06:19:03.536980,06:19:03,9061.08,9061.08,3
2025-11-01T06:19:15.451213,06:19:15,9063.24,9063.24,3
2025-11-01T06:19:27.397775,06:19:27,9074.04,9074.04,3
2025-11-01T06:19:39.302976,06:19:39,9083.24,9083.24,3
2025-11-01T06:19:51.248380,06:19:51,9085.75,9085.75,3
2025-11-01T06:20:03.420853,06:20:03,9086.54,9086.54,3
2025-11-01T06:20:15.346072,06:20:15,9087.6,9087.6,3
2025-11-01T06:20:27.278886,06:20:27,9092.3,9092.3,3
2025-11-01T06:20:39.489775,06:20:39,9091.97,9091.97,3
2025-11-01T06:20:51.466504,06:20:51,9097.11,9097.11,3
2025-11-01T06:21:03.427134,06:21:03,9098.81,9098.81,3
2025-11-01T06:21:15.366143,06:21:15,9092.98,9092.98,3
2025-11-01T06:21:27.646340,06:21:27,9084.81,9084.81,3
2025-11-01T06:21:39.556132,06:21:39,9096.94,9096.94,3
2025-11-01T06:21:51.488108,06:21:51,9088.28,9088.28,3
2025-11-01T06:22:03.735249,06:22:03,9094.06,9094.06,3
2025-11-01T06:22:15.631789,06:22:15,9086.28,9086.28,3
2025-11-01T06:22:27.626794,06:22:27,9090.09,9090.09,3
2025-11-01T06:22:39.591740,06:22:39,9094.47,9094.47,3
2025-11-01T06:22:51.499455,06:22:51,9093.28,9093.28,3
2025-11-01T06:23:03.437150,06:23:03,9065.2,9065.2,3
2025-11-01T06:23:15.392761,06:23:15,9060.26,9060.26,3
2025-11-01T06:23:27.654700,06:23:27,9035.44,9035.44,3
2025-11-01T06:23:39.552853,06:23:39,9021.92,9021.92,3
2025-11-01T06:23:51.456389,06:23:51,9017.31,9017.31,3
2025-11-01T06:24:03.375162,06:24:03,9026.76,9026.76,3
2025-11-01T06:24:15.559354,06:24:15,9022.25,9022.25,3
2025-11-01T06:24:27.525511,06:24:27,9012.56,9012.56,3
2025-11-01T06:24:39.498458,06:24:39,9013.12,9013.12,3
2025-11-01T06:24:51.410064,06:24:51,9008.28,9008.28,3
2025-11-01T06:25:04.062065,06:25:04,9026.03,9026.03,3
2025-11-01T06:25:16.266665,06:25:16,9027.81,9027.81,3
2025-11-01T06:25:28.590102,06:25:28,9013.78,9013.78,3
2025-11-01T06:25:40.507700,06:25:40,9004.6,9004.6,3
2025-11-01T06:25:52.509623,06:25:52,9013.42,9013.42,3
2025-11-01T06:26:04.198929,06:26:04,9012.01,9012.01,3
2025-11-01T06:26:16.379982,06:26:16,9014.43,9014.43,3
2025-11-01T06:26:28.606679,06:26:28,9017.41,9017.41,3
2025-11-01T06:26:40.607206,06:26:40,9024.46,9024.46,3
2025-11-01T06:26:52.763252,06:26:52,9026.14,9026.14,3
2025-11-01T06:27:04.763309,06:27:04,9024.95,9024.95,3
2025-11-01T06:27:16.717637,06:27:16,9027.83,9027.83,3
2025-11-01T06:27:28.619025,06:27:28,9025.84,9025.84,3
2025-11-01T06:27:40.582531,06:27:40,9020.6,9020.6,3
2025-11-01T06:27:52.508260,06:27:52,9064.55,9064.55,3
2025-11-01T06:28:04.428074,06:28:04,9065.19,9065.19,3
2025-11-01T06:28:16.446354,06:28:16,9054.12,9054.12,3
2025-11-01T06:28:28.635244,06:28:28,9056.42,9056.42,3
2025-11-01T06:28:40.642453,06:28:40,9057.18,9057.18,3
2025-11-01T06:28:52.579287,06:28:52,9068.31,9068.31,3
2025-11-01T06:29:04.612885,06:29:04,9066.44,9066.44,3
2025-11-01T06:29:16.557403,06:29:16,9057.87,9057.87,3
2025-11-01T06:29:28.485037,06:29:28,9053.31,9053.31,3
2025-11-01T06:29:40.431087,06:29:40,9042.38,9042.38,3
2025-11-01T06:29:52.413100,06:29:52,9044.35,9044.35,3
2025-11-01T06:30:04.303025,06:30:04,9039.58,9039.58,3
2025-11-01T06:30:16.239824,06:30:16,9040.04,9040.04,3
2025-11-01T06:30:28.243837,06:30:28,9043.19,9043.19,3
2025-11-01T06:30:40.478804,06:30:40,9041.86,9041.86,3
2025-11-01T06:30:52.399774,06:30:52,9038.15,9038.15,3
2025-11-01T06:31:04.621037,06:31:04,9043.77,9043.77,3
2025-11-01T06:31:16.552922,06:31:16,9066.34,9066.34,3
2025-11-01T06:31:28.475246,06:31:28,9083.65,9083.65,3
2025-11-01T06:31:40.462369,06:31:40,9091.04,9091.04,3
2025-11-01T06:31:52.648046,06:31:52,9112.69,9112.69,3
2025-11-01T06:32:04.626350,06:32:04,9159.35,9159.35,3
2025-11-01T06:32:16.548543,06:32:16,9167.88,9167.88,3
2025-11-01T06:32:28.450206,06:32:28,9177.7,9177.7,3
2025-11-01T06:32:40.394520,06:32:40,9155.58,9155.58,3
2025-11-01T06:32:52.586835,06:32:52,9151.83,9151.83,3
2025-11-01T06:33:04.784751,06:33:04,9158.02,9158.02,3
2025-11-01T06:33:16.765456,06:33:16,9164.1,9164.1,3
2025-11-01T06:33:28.689945,06:33:28,9165.95,9165.95,3
2025-11-01T06:33:40.684203,06:33:40,9168.54,9168.54,3
2025-11-01T06:33:52.301954,06:33:52,9171.51,9171.51,3
2025-11-01T06:34:04.528314,06:34:04,9174.41,9174.41,3
2025-11-01T06:34:16.433935,06:34:16,9148.11,9148.11,3
2025-11-01T06:34:28.372471,06:34:28,9142.82,9142.82,3
2025-11-01T06:34:40.378062,06:34:40,9141.62,9141.62,3
2025-11-01T06:34:52.305531,06:34:52,9144.96,9144.96,3
2025-11-01T06:35:04.575636,06:35:04,9142.53,9142.53,3
2025-11-01T06:35:16.540105,06:35:16,9141.61,9141.61,3
2025-11-01T06:35:28.509978,06:35:28,9129.05,9129.05,3
2025-11-01T06:35:40.426816,06:35:40,9130.59,9130.59,3
2025-11-01T06:35:52.641310,06:35:52,9137.9,9137.9,3
2025-11-01T06:36:04.628001,06:36:04,9135.65,9135.65,3
2025-11-01T06:36:16.591068,06:36:16,9137.01,9137.01,3
2025-11-01T06:36:28.556785,06:36:28,9140.93,9140.93,3
2025-11-01T06:36:40.506786,06:36:40,9134.34,9134.34,3
2025-11-01T06:36:52.474902,06:36:52,9146.12,9146.12,3
2025-11-01T06:37:04.402416,06:37:04,9145.79,9145.79,3
2025-11-01T06:37:16.323592,06:37:16,9140.64,9140.64,3
2025-11-01T06:37:28.563720,06:37:28,9144.39,9144.39,3
2025-11-01T06:37:40.558975,06:37:40,9127.25,9127.25,3
2025-11-01T06:37:52.445523,06:37:52,9127.48,9127.48,3
2025-11-01T06:38:04.479596,06:38:04,9121.48,9121.48,3
2025-11-01T06:38:16.431782,06:38:16,9108.48,9108.48,3
2025-11-01T06:38:28.610926,06:38:28,9104.09,9104.09,3
2025-11-01T06:38:40.641657,06:38:40,9082.53,9082.53,3
2025-11-01T06:38:52.564570,06:38:52,9079.3,9079.3,3
2025-11-01T06:39:04.511505,06:39:04,9079.22,9079.22,3
2025-11-01T06:39:16.494491,06:39:16,9079.84,9079.84,3
2025-11-01T06:39:28.420064,06:39:28,9084.94,9084.94,3
2025-11-01T06:39:40.421578,06:39:40,9108.88,9108.88,3
2025-11-01T06:39:52.614643,06:39:52,9111.91,9111.91,3
2025-11-01T06:40:06.008754,06:40:06,9091.56,9091.56,3
2025-11-01T06:40:18.278028,06:40:18,9088.72,9088.72,3
2025-11-01T06:40:30.491506,06:40:30,9097.18,9097.18,3
2025-11-01T06:40:42.405320,06:40:42,9095.07,9095.07,3
2025-11-01T06:40:54.333880,06:40:54,9089.28,9089.28,3
2025-11-01T06:41:06.595491,06:41:06,9089.46,9089.46,3
2025-11-01T06:41:18.583233,06:41:18,9095.71,9095.71,3
2025-11-01T06:41:30.808140,06:41:30,9086.14,9086.14,3
2025-11-01T06:41:42.791578,06:41:42,9084.12,9084.12,3
2025-11-01T06:41:54.713951,06:41:54,9080.07,9080.07,3
2025-11-01T06:42:06.682780,06:42:06,9077.62,9077.62,3
2025-11-01T06:42:18.627794,06:42:18,9079.49,9079.49,3
2025-11-01T06:42:30.621626,06:42:30,9080.88,9080.88,3
2025-11-01T06:42:42.590119,06:42:42,9083.96,9083.96,3
2025-11-01T06:42:54.560243,06:42:54,9086.08,9086.08,3
2025-11-01T06:43:06.555391,06:43:06,9089.54,9089.54,3
2025-11-01T06:43:18.533865,06:43:18,9064.59,9064.59,3
2025-11-01T06:43:30.742016,06:43:30,9078.64,9078.64,3
2025-11-01T06:43:42.681225,06:43:42,9078.57,9078.57,3
2025-11-01T06:43:54.633880,06:43:54,9103.22,9103.22,3
2025-11-01T06:44:06.662202,06:44:06,9102.6,9102.6,3
2025-11-01T06:44:18.664028,06:44:18,9085.79,9085.79,3
2025-11-01T06:44:30.920893,06:44:30,9088.46,9088.46,3
2025-11-01T06:44:43.212286,06:44:43,9076.64,9076.64,3
2025-11-01T06:44:55.441294,06:44:55,9072.37,9072.37,3
2025-11-01T06:45:07.424779,06:45:07,9069.83,9069.83,3
2025-11-01T06:45:19.658788,06:45:19,9071.11,9071.11,3
2025-11-01T06:45:31.618069,06:45:31,9084.07,9084.07,3
2025-11-01T06:45:43.569249,06:45:43,9076.63,9076.63,3
2025-11-01T06:45:55.575276,06:45:55,9056.84,9056.84,3
2025-11-01T06:46:07.512961,06:46:07,9052.49,9052.49,3
2025-11-01T06:46:19.502372,06:46:19,9058.75,9058.75,3
2025-11-01T06:46:32.067672,06:46:32,9072.37,9072.37,3
2025-11-01T06:46:44.040138,06:46:44,9082.83,9082.83,3
2025-11-01T06:46:56.315339,06:46:56,9083.37,9083.37,3
2025-11-01T06:47:08.548878,06:47:08,9081.3,9081.3,3
2025-11-01T06:47:20.197148,06:47:20,9082.69,9082.69,3
2025-11-01T06:47:32.403992,06:47:32,9087.84,9087.84,3
2025-11-01T06:47:44.410236,06:47:44,9084.26,9084.26,3
2025-11-01T06:47:56.626911,06:47:56,9085.86,9085.86,3
2025-11-01T06:48:08.540993,06:48:08,9080.51,9080.51,3
2025-11-01T06:48:20.441091,06:48:20,9068.05,9068.05,3
2025-11-01T06:48:32.653779,06:48:32,9062.94,9062.94,3
2025-11-01T06:48:44.606604,06:48:44,9006.36,9006.36,3
2025-11-01T06:48:56.821939,06:48:56,9012.41,9012.41,3
2025-11-01T06:49:08.776497,06:49:08,9009.46,9009.46,3
2025-11-01T06:49:20.802557,06:49:20,9012.44,9012.44,3
2025-11-01T06:49:32.790795,06:49:32,9013.24,9013.24,3
2025-11-01T06:49:44.747536,06:49:44,9012.33,9012.33,3
2025-11-01T06:49:56.671796,06:49:56,9019.32,9019.32,3
2025-11-01T06:50:08.695462,06:50:08,9024.69,9024.69,3
2025-11-01T06:50:21.279975,06:50:21,9030.96,9030.96,3
2025-11-01T06:50:33.507762,06:50:33,9033.89,9033.89,3
2025-11-01T06:50:45.439489,06:50:45,9036.29,9036.29,3
2025-11-01T06:50:57.413873,06:50:57,9033.74,9033.74,3
2025-11-01T06:51:09.346663,06:51:09,9039.63,9039.63,3
2025-11-01T06:51:21.255915,06:51:21,9036.98,9036.98,3
2025-11-01T06:51:33.485989,06:51:33,9026.9,9026.9,3
2025-11-01T06:51:45.451086,06:51:45,9017.03,9017.03,3
2025-11-01T06:51:57.384161,06:51:57,9017.53,9017.53,3
2025-11-01T06:52:09.551833,06:52:09,9008.46,9008.46,3
2025-11-01T06:52:21.483282,06:52:21,9005.95,9005.95,3
2025-11-01T06:52:33.536462,06:52:33,8998.75,8998.75,3
2025-11-01T06:52:45.575734,06:52:45,9002.76,9002.76,3
2025-11-01T06:52:57.509136,06:52:57,8994.7,8994.7,3
2025-11-01T06:53:09.459979,06:53:09,9014.81,9014.81,3
2025-11-01T06:53:21.401251,06:53:21,9014.18,9014.18,3
2025-11-01T06:53:33.359335,06:53:33,9019.14,9019.14,3
2025-11-01T06:53:45.530070,06:53:45,9022.2,9022.2,3
2025-11-01T06:53:57.478490,06:53:57,9027.27,9027.27,3
2025-11-01T06:54:09.394122,06:54:09,9052.34,9052.34,3
2025-11-01T06:54:21.631141,06:54:21,9065.79,9065.79,3
2025-11-01T06:54:33.605957,06:54:33,9076.34,9076.34,3
2025-11-01T06:54:45.534721,06:54:45,9077.01,9077.01,3
2025-11-01T06:54:57.539951,06:54:57,9074.9,9074.9,3
2025-11-01T06:55:09.561219,06:55:09,9063.53,9063.53,3
2025-11-01T06:55:21.566608,06:55:21,9054.67,9054.67,3
2025-11-01T06:55:33.504067,06:55:33,9055.96,9055.96,3
2025-11-01T06:55:45.448924,06:55:45,9054.23,9054.23,3
2025-11-01T06:55:57.383178,06:55:57,9068.54,9068.54,3
2025-11-01T06:56:09.600781,06:56:09,9067.69,9067.69,3
2025-11-01T06:56:21.554549,06:56:21,9082.66,9082.66,3
2025-11-01T06:56:33.486122,06:56:33,9088.87,9088.87,3
2025-11-01T06:56:45.405158,06:56:45,9103.16,9103.16,3
2025-11-01T06:56:57.460759,06:56:57,9117.53,9117.53,3
2025-11-01T06:57:09.390168,06:57:09,9125.31,9125.31,3
2025-11-01T06:57:21.334256,06:57:21,9151.48,9151.48,3
2025-11-01T06:57:33.574499,06:57:33,9152.86,9152.86,3
2025-11-01T06:57:45.551138,06:57:45,9156.37,9156.37,3
2025-11-01T06:57:57.518063,06:57:57,9150.12,9150.12,3
2025-11-01T06:58:09.441217,06:58:09,9137.46,9137.46,3
2025-11-01T06:58:21.405373,06:58:21,9136.59,9136.59,3
2025-11-01T06:58:33.594537,06:58:33,9141.74,9141.74,3
2025-11-01T06:58:45.600093,06:58:45,9135.38,9135.38,3
2025-11-01T06:58:57.562260,06:58:57,9147.83,9147.83,3
2025-11-01T06:59:09.547795,06:59:09,9155.39,9155.39,3
2025-11-01T06:59:21.485528,06:59:21,9179.04,9179.04,3
2025-11-01T06:59:33.466627,06:59:33,9202.33,9202.33,3
2025-11-01T06:59:45.479842,06:59:45,9200.68,9200.68,3
2025-11-01T06:59:57.427827,06:59:57,9203.05,9203.05,3
2025-11-01T07:00:09.371407,07:00:09,9191.19,9191.19,3
2025-11-01T07:00:21.376334,07:00:21,9193.17,9193.17,3
2025-11-01T07:00:33.295280,07:00:33,9185.12,9185.12,3
2025-11-01T07:00:45.521619,07:00:45,9170.36,9170.36,3
2025-11-01T07:00:57.498513,07:00:57,9184.06,9184.06,3
2025-11-01T07:01:09.402864,07:01:09,9185.36,9185.36,3
2025-11-01T07:01:21.320515,07:01:21,9189.75,9189.75,3
2025-11-01T07:01:33.532277,07:01:33,9192.91,9192.91,3
2025-11-01T07:01:45.485199,07:01:45,9200.72,9200.72,3
2025-11-01T07:01:57.453096,07:01:57,9197.12,9197.12,3
2025-11-01T07:02:09.395527,07:02:09,9201.82,9201.82,3
2025-11-01T07:02:21.597661,07:02:21,9215.45,9215.45,3
2025-11-01T07:02:33.588144,07:02:33,9215.83,9215.83,3
2025-11-01T07:02:45.225988,07:02:45,9284.89,9284.89,3
2025-11-01T07:02:57.446658,07:02:57,9296.1,9296.1,3
2025-11-01T07:03:09.383730,07:03:09,9282.18,9282.18,3
2025-11-01T07:03:21.664150,07:03:21,9255.78,9255.78,3
2025-11-01T07:03:33.586570,07:03:33,9255.92,9255.92,3
2025-11-01T07:03:45.696988,07:03:45,9208.01,9208.01,3
2025-11-01T07:03:57.741430,07:03:57,9185.35,9185.35,3
2025-11-01T07:04:09.667768,07:04:09,9161.1,9161.1,3
2025-11-01T07:04:21.661887,07:04:21,9134.78,9134.78,3
2025-11-01T07:04:33.637197,07:04:33,9143.49,9143.49,3
2025-11-01T07:04:45.619286,07:04:45,9171.36,9171.36,3
2025-11-01T07:04:57.618864,07:04:57,9154.51,9154.51,3
2025-11-01T07:05:09.553505,07:05:09,9152.96,9152.96,3
2025-11-01T07:05:21.470402,07:05:21,9149.59,9149.59,3
2025-11-01T07:05:33.415604,07:05:33,9135.94,9135.94,3
2025-11-01T07:05:45.375725,07:05:45,9127.44,9127.44,3
2025-11-01T07:05:57.623160,07:05:57,9115.42,9115.42,3
2025-11-01T07:06:09.531100,07:06:09,9108.26,9108.26,3
2025-11-01T07:06:21.497221,07:06:21,9129.95,9129.95,3
2025-11-01T07:06:33.661761,07:06:33,9138.77,9138.77,3
2025-11-01T07:06:45.618176,07:06:45,9111.4,9111.4,3
2025-11-01T07:06:57.553296,07:06:57,9112.87,9112.87,3
2025-11-01T07:07:09.472417,07:07:09,9095.06,9095.06,3
2025-11-01T07:07:21.467755,07:07:21,9090.11,9090.11,3
2025-11-01T07:07:33.478551,07:07:33,9098.35,9098.35,3
2025-11-01T07:07:45.450701,07:07:45,9099.28,9099.28,3
2025-11-01T07:07:57.425668,07:07:57,9102.26,9102.26,3
2025-11-01T07:08:09.632612,07:08:09,9106.38,9106.38,3
2025-11-01T07:08:21.625456,07:08:21,9104.41,9104.41,3
2025-11-01T07:08:33.801430,07:08:33,9106.63,9106.63,3
2025-11-01T07:08:45.854584,07:08:45,9105.63,9105.63,3
2025-11-01T07:08:58.084992,07:08:58,9105.45,9105.45,3
2025-11-01T07:09:10.421390,07:09:10,9107.19,9107.19,3
2025-11-01T07:09:22.457249,07:09:22,9101.01,9101.01,3
2025-11-01T07:09:34.451439,07:09:34,9093.06,9093.06,3
2025-11-01T07:09:46.388631,07:09:46,9091.4,9091.4,3
2025-11-01T07:09:58.617255,07:09:58,9085.12,9085.12,3
2025-11-01T07:10:10.551074,07:10:10,9085.37,9085.37,3
2025-11-01T07:10:22.505097,07:10:22,9086.44,9086.44,3
2025-11-01T07:10:34.493568,07:10:34,9094.86,9094.86,3
2025-11-01T07:10:46.424295,07:10:46,9098.38,9098.38,3
2025-11-01T07:10:58.416747,07:10:58,9095.0,9095.0,3
2025-11-01T07:11:10.374663,07:11:10,9099.95,9099.95,3
2025-11-01T07:11:22.349761,07:11:22,9103.99,9103.99,3
2025-11-01T07:11:34.625698,07:11:34,9100.83,9100.83,3
2025-11-01T07:11:46.864298,07:11:46,9103.74,9103.74,3
2025-11-01T07:11:59.081712,07:11:59,9100.49,9100.49,3
2025-11-01T07:12:11.312648,07:12:11,9104.49,9104.49,3
2025-11-01T07:12:23.554136,07:12:23,9104.8,9104.8,3
2025-11-01T07:12:35.510191,07:12:35,9104.9,9104.9,3
2025-11-01T07:12:47.697951,07:12:47,9104.52,9104.52,3
2025-11-01T07:12:59.642724,07:12:59,9103.38,9103.38,3
2025-11-01T07:13:11.620658,07:13:11,9102.11,9102.11,3
2025-11-01T07:13:23.623803,07:13:23,9114.48,9114.48,3
2025-11-01T07:13:35.637938,07:13:35,9127.06,9127.06,3
2025-11-01T07:13:47.671279,07:13:47,9129.11,9129.11,3
2025-11-01T07:13:59.622259,07:13:59,9130.56,9130.56,3
2025-11-01T07:14:11.612570,07:14:11,9131.18,9131.18,3
2025-11-01T07:14:23.649051,07:14:23,9133.48,9133.48,3
2025-11-01T07:14:35.878332,07:14:35,9144.19,9144.19,3
2025-11-01T07:14:47.525024,07:14:47,9143.36,9143.36,3
2025-11-01T07:14:59.485960,07:14:59,9142.29,9142.29,3
2025-11-01T07:15:11.439309,07:15:11,9145.74,9145.74,3
2025-11-01T07:15:23.451053,07:15:23,9147.46,9147.46,3
2025-11-01T07:15:35.390050,07:15:35,9146.84,9146.84,3
2025-11-01T07:15:47.323472,07:15:47,9147.77,9147.77,3
2025-11-01T07:15:59.607202,07:15:59,9146.99,9146.99,3
2025-11-01T07:16:11.535356,07:16:11,9156.82,9156.82,3
2025-11-01T07:16:23.466853,07:16:23,9170.54,9170.54,3
2025-11-01T07:16:35.410361,07:16:35,9177.12,9177.12,3
2025-11-01T07:16:47.678930,07:16:47,9177.17,9177.17,3
2025-11-01T07:16:59.634016,07:16:59,9175.26,9175.26,3
2025-11-01T07:17:11.617043,07:17:11,9176.28,9176.28,3
2025-11-01T07:17:23.625888,07:17:23,9177.59,9177.59,3
2025-11-01T07:17:35.605011,07:17:35,9178.67,9178.67,3
2025-11-01T07:17:47.556577,07:17:47,9181.68,9181.68,3
2025-11-01T07:17:59.804567,07:17:59,9180.63,9180.63,3
2025-11-01T07:18:11.847970,07:18:11,9180.67,9180.67,3
2025-11-01T07:18:23.847577,07:18:23,9177.15,9177.15,3
2025-11-01T07:18:35.769008,07:18:35,9179.38,9179.38,3
2025-11-01T07:18:47.491045,07:18:47,9179.4,9179.4,3
2025-11-01T07:18:59.415629,07:18:59,9165.44,9165.44,3
2025-11-01T07:19:11.027462,07:19:11,9156.46,9156.46,3
2025-11-01T07:19:22.677963,07:19:22,9154.6,9154.6,3
2025-11-01T07:19:34.907404,07:19:34,9141.4,9141.4,3
2025-11-01T07:19:47.137818,07:19:47,9141.08,9141.08,3
2025-11-01T07:19:59.353136,07:19:59,9144.77,9144.77,3
2025-11-01T07:20:11.639680,07:20:11,9149.04,9149.04,3
2025-11-01T07:20:23.566252,07:20:23,9148.62,9148.62,3
2025-11-01T07:20:35.509241,07:20:35,9156.43,9156.43,3
2025-11-01T07:20:47.422853,07:20:47,9154.8,9154.8,3
2025-11-01T07:20:59.424826,07:20:59,9156.72,9156.72,3
2025-11-01T07:21:11.641705,07:21:11,9155.22,9155.22,3
2025-11-01T07:21:23.591398,07:21:23,9156.27,9156.27,3
2025-11-01T07:21:35.561329,07:21:35,9156.57,9156.57,3
2025-11-01T07:21:47.581428,07:21:47,9151.15,9151.15,3
2025-11-01T07:21:59.543459,07:21:59,9140.98,9140.98,3
2025-11-01T07:22:11.510842,07:22:11,9147.83,9147.83,3
2025-11-01T07:22:23.781244,07:22:23,9138.75,9138.75,3
2025-11-01T07:22:35.768409,07:22:35,9125.65,9125.65,3
2025-11-01T07:22:47.704535,07:22:47,9117.74,9117.74,3
2025-11-01T07:22:59.617712,07:22:59,9115.9,9115.9,3
2025-11-01T07:23:11.618682,07:23:11,9114.12,9114.12,3
2025-11-01T07:23:23.602890,07:23:23,9094.92,9094.92,3
2025-11-01T07:23:35.583468,07:23:35,9095.43,9095.43,3
2025-11-01T07:23:47.550134,07:23:47,9095.1,9095.1,3
2025-11-01T07:23:59.498577,07:23:59,9094.41,9094.41,3
2025-11-01T07:24:11.487259,07:24:11,9096.9,9096.9,3
2025-11-01T07:24:23.470982,07:24:23,9109.19,9109.19,3
2025-11-01T07:24:35.419886,07:24:35,9104.7,9104.7,3
2025-11-01T07:24:47.359465,07:24:47,9101.85,9101.85,3
2025-11-01T07:24:59.611269,07:24:59,9102.5,9102.5,3
2025-11-01T07:25:11.524414,07:25:11,9115.48,9115.48,3
2025-11-01T07:25:23.495564,07:25:23,9119.3,9119.3,3
2025-11-01T07:25:35.517168,07:25:35,9114.95,9114.95,3
2025-11-01T07:25:47.499166,07:25:47,9112.92,9112.92,3
2025-11-01T07:25:59.417330,07:25:59,9116.6,9116.6,3
2025-11-01T07:26:11.370707,07:26:11,9109.84,9109.84,3
2025-11-01T07:26:23.395744,07:26:23,9101.41,9101.41,3
2025-11-01T07:26:35.610991,07:26:35,9102.66,9102.66,3
2025-11-01T07:26:47.753073,07:26:47,9102.27,9102.27,3
2025-11-01T07:26:59.733806,07:26:59,9094.39,9094.39,3
2025-11-01T07:27:11.678543,07:27:11,9092.87,9092.87,3
2025-11-01T07:27:23.617193,07:27:23,9091.21,9091.21,3
2025-11-01T07:27:35.589637,07:27:35,9088.33,9088.33,3
2025-11-01T07:27:47.527717,07:27:47,9087.27,9087.27,3
2025-11-01T07:27:59.184467,07:27:59,9085.23,9085.23,3
2025-11-01T07:28:11.438829,07:28:11,9084.86,9084.86,3
2025-11-01T07:28:23.398047,07:28:23,9083.1,9083.1,3
2025-11-01T07:28:35.373283,07:28:35,9081.69,9081.69,3
2025-11-01T07:28:47.634580,07:28:47,9079.45,9079.45,3
2025-11-01T07:28:59.604156,07:28:59,9078.55,9078.55,3
2025-11-01T07:29:11.572603,07:29:11,9078.36,9078.36,3
2025-11-01T07:29:23.519337,07:29:23,9065.89,9065.89,3
2025-11-01T07:29:35.489877,07:29:35,9065.88,9065.88,3
2025-11-01T07:29:47.457281,07:29:47,9058.64,9058.64,3
2025-11-01T07:29:59.475618,07:29:59,9051.02,9051.02,3
2025-11-01T07:30:11.476240,07:30:11,9035.75,9035.75,3
2025-11-01T07:30:23.392695,07:30:23,9038.46,9038.46,3
2025-11-01T07:30:35.378202,07:30:35,9040.57,9040.57,3
2025-11-01T07:30:47.635421,07:30:47,9054.97,9054.97,3
2025-11-01T07:30:59.542918,07:30:59,9057.79,9057.79,3
2025-11-01T07:31:11.484136,07:31:11,9072.7,9072.7,3
2025-11-01T07:31:23.437407,07:31:23,9086.59,9086.59,3
2025-11-01T07:31:35.397751,07:31:35,9087.52,9087.52,3
2025-11-01T07:31:47.402414,07:31:47,9086.43,9086.43,3
2025-11-01T07:31:59.681035,07:31:59,9086.06,9086.06,3
2025-11-01T07:32:11.676131,07:32:11,9083.88,9083.88,3
2025-11-01T07:32:23.590662,07:32:23,9003.88,9003.88,3
2025-11-01T07:32:35.612750,07:32:35,9000.29,9000.29,3
2025-11-01T07:32:47.519866,07:32:47,8996.32,8996.32,3
2025-11-01T07:32:59.462809,07:32:59,8992.68,8992.68,3
2025-11-01T07:33:11.498371,07:33:11,8964.83,8964.83,3
2025-11-01T07:33:23.468737,07:33:23,8967.56,8967.56,3
2025-11-01T07:33:35.442370,07:33:35,8968.54,8968.54,3
2025-11-01T07:33:47.895311,07:33:47,8971.48,8971.48,3
2025-11-01T07:33:59.852796,07:33:59,8978.93,8978.93,3
2025-11-01T07:34:12.154661,07:34:12,8999.14,8999.14,3
2025-11-01T07:34:24.386306,07:34:24,8994.3,8994.3,3
2025-11-01T07:34:36.509095,07:34:36,8991.66,8991.66,3
2025-11-01T07:34:48.524243,07:34:48,8991.39,8991.39,3
2025-11-01T07:35:00.538454,07:35:00,8987.71,8987.71,3
2025-11-01T07:35:12.538811,07:35:12,8997.43,8997.43,3
2025-11-01T07:35:24.521273,07:35:24,9000.52,9000.52,3
2025-11-01T07:35:36.472346,07:35:36,8969.68,8969.68,3
2025-11-01T07:35:48.498691,07:35:48,8964.8,8964.8,3
2025-11-01T07:36:00.415833,07:36:00,8952.02,8952.02,3
2025-11-01T07:36:12.618126,07:36:12,8942.84,8942.84,3
2025-11-01T07:36:24.579506,07:36:24,8942.62,8942.62,3
2025-11-01T07:36:36.799374,07:36:36,8935.41,8935.41,3
2025-11-01T07:36:48.741319,07:36:48,8937.34,8937.34,3
2025-11-01T07:37:00.740575,07:37:00,8936.06,8936.06,3
2025-11-01T07:37:12.694266,07:37:12,8934.82,8934.82,3
2025-11-01T07:37:24.595495,07:37:24,8933.19,8933.19,3
2025-11-01T07:37:36.589444,07:37:36,8931.87,8931.87,3
2025-11-01T07:37:48.542479,07:37:48,8933.7,8933.7,3
2025-11-01T07:38:00.537050,07:38:00,8931.09,8931.09,3
2025-11-01T07:38:12.485223,07:38:12,8910.1,8910.1,3
2025-11-01T07:38:24.398863,07:38:24,8909.16,8909.16,3
2025-11-01T07:38:36.368044,07:38:36,8907.59,8907.59,3
2025-11-01T07:38:48.627322,07:38:48,8921.85,8921.85,3
2025-11-01T07:39:00.609894,07:39:00,8935.15,8935.15,3
2025-11-01T07:39:12.550190,07:39:12,8924.76,8924.76,3
2025-11-01T07:39:24.481534,07:39:24,8932.28,8932.28,3
2025-11-01T07:39:36.453228,07:39:36,8929.92,8929.92,3
2025-11-01T07:39:48.390371,07:39:48,8929.7,8929.7,3
2025-11-01T07:40:00.645539,07:40:00,8904.77,8904.77,3
2025-11-01T07:40:12.553796,07:40:12,8910.82,8910.82,3
2025-11-01T07:40:24.504404,07:40:24,8908.35,8908.35,3
2025-11-01T07:40:36.436969,07:40:36,8914.21,8914.21,3
2025-11-01T07:40:48.429262,07:40:48,8926.69,8926.69,3
2025-11-01T07:41:00.392548,07:41:00,8929.24,8929.24,3
2025-11-01T07:41:12.633623,07:41:12,8931.07,8931.07,3
2025-11-01T07:41:24.663248,07:41:24,8933.62,8933.62,3
2025-11-01T07:41:36.637016,07:41:36,8953.99,8953.99,3
2025-11-01T07:41:48.634387,07:41:48,8973.33,8973.33,3
2025-11-01T07:42:00.571664,07:42:00,8979.05,8979.05,3
2025-11-01T07:42:12.504417,07:42:12,8982.93,8982.93,3
2025-11-01T07:42:24.401098,07:42:24,8988.42,8988.42,3
2025-11-01T07:42:36.659544,07:42:36,8992.88,8992.88,3
2025-11-01T07:42:48.642542,07:42:48,8989.87,8989.87,3
2025-11-01T07:43:00.560859,07:43:00,9029.47,9029.47,3
2025-11-01T07:43:12.539484,07:43:12,9030.51,9030.51,3
2025-11-01T07:43:24.542008,07:43:24,9027.72,9027.72,3
2025-11-01T07:43:36.473444,07:43:36,9025.11,9025.11,3
2025-11-01T07:43:48.457089,07:43:48,9034.89,9034.89,3
2025-11-01T07:44:00.409232,07:44:00,9035.78,9035.78,3
2025-11-01T07:44:12.383029,07:44:12,9047.08,9047.08,3
2025-11-01T07:44:24.641371,07:44:24,9045.85,9045.85,3
2025-11-01T07:44:36.590978,07:44:36,9040.67,9040.67,3
2025-11-01T07:44:48.532865,07:44:48,9066.84,9066.84,3
2025-11-01T07:45:00.473773,07:45:00,9066.29,9066.29,3
2025-11-01T07:45:12.105401,07:45:12,9070.72,9070.72,3
2025-11-01T07:45:24.419963,07:45:24,9081.74,9081.74,3
2025-11-01T07:45:36.426397,07:45:36,9130.64,9130.64,3
2025-11-01T07:45:48.406636,07:45:48,9130.58,9130.58,3
2025-11-01T07:46:00.894940,07:46:00,9135.34,9135.34,3
2025-11-01T07:46:13.145226,07:46:13,9160.47,9160.47,3
2025-11-01T07:46:25.386863,07:46:25,9167.9,9167.9,3
2025-11-01T07:46:38.234824,07:46:38,9185.92,9185.92,3
2025-11-01T07:46:50.183980,07:46:50,9178.77,9178.77,3
2025-11-01T07:47:02.394825,07:47:02,9196.95,9196.95,3
2025-11-01T07:47:14.615373,07:47:14,9200.19,9200.19,3
2025-11-01T07:47:26.674907,07:47:26,9201.18,9201.18,3
2025-11-01T07:47:38.674370,07:47:38,9210.44,9210.44,3
2025-11-01T07:47:50.617185,07:47:50,9227.83,9227.83,3
2025-11-01T07:48:02.571712,07:48:02,9224.86,9224.86,3
2025-11-01T07:48:14.629496,07:48:14,9207.55,9207.55,3
2025-11-01T07:48:26.531555,07:48:26,9209.17,9209.17,3
2025-11-01T07:48:38.463392,07:48:38,9204.04,9204.04,3
2025-11-01T07:48:50.423204,07:48:50,9207.52,9207.52,3
2025-11-01T07:49:02.387683,07:49:02,9212.71,9212.71,3
2025-11-01T07:49:14.576668,07:49:14,9216.49,9216.49,3
2025-11-01T07:49:26.515880,07:49:26,9179.61,9179.61,3
2025-11-01T07:49:38.444008,07:49:38,9185.43,9185.43,3
2025-11-01T07:49:50.777478,07:49:50,9181.68,9181.68,3
2025-11-01T07:50:02.732032,07:50:02,9179.88,9179.88,3
2025-11-01T07:50:14.717350,07:50:14,9187.45,9187.45,3
2025-11-01T07:50:26.648429,07:50:26,9185.78,9185.78,3
2025-11-01T07:50:38.605715,07:50:38,9187.0,9187.0,3
2025-11-01T07:50:50.629830,07:50:50,9187.71,9187.71,3
2025-11-01T07:51:02.647384,07:51:02,9197.26,9197.26,3
2025-11-01T07:51:14.666346,07:51:14,9201.3,9201.3,3
2025-11-01T07:51:26.675203,07:51:26,9202.29,9202.29,3
2025-11-01T07:51:38.633179,07:51:38,9204.52,9204.52,3
2025-11-01T07:51:50.627985,07:51:50,9178.48,9178.48,3
2025-11-01T07:52:02.609862,07:52:02,9179.37,9179.37,3
2025-11-01T07:52:14.608875,07:52:14,9176.91,9176.91,3
2025-11-01T07:52:26.647359,07:52:26,9173.87,9173.87,3
2025-11-01T07:52:38.617369,07:52:38,9153.52,9153.52,3
2025-11-01T07:52:50.631411,07:52:50,9158.49,9158.49,3
2025-11-01T07:53:02.557971,07:53:02,9164.13,9164.13,3
2025-11-01T07:53:14.534922,07:53:14,9146.65,9146.65,3
2025-11-01T07:53:26.467867,07:53:26,9140.74,9140.74,3
2025-11-01T07:53:38.397863,07:53:38,9126.75,9126.75,3
2025-11-01T07:53:50.632756,07:53:50,9130.62,9130.62,3
2025-11-01T07:54:02.645854,07:54:02,9114.1,9114.1,3
2025-11-01T07:54:14.882997,07:54:14,9112.56,9112.56,3
2025-11-01T07:54:27.228397,07:54:27,9110.05,9110.05,3
2025-11-01T07:54:39.462348,07:54:39,9100.87,9100.87,3
2025-11-01T07:54:51.392049,07:54:51,9095.8,9095.8,3
2025-11-01T07:55:03.621704,07:55:03,9092.99,9092.99,3
2025-11-01T07:55:15.675921,07:55:15,9096.9,9096.9,3
2025-11-01T07:55:27.635678,07:55:27,9098.38,9098.38,3
2025-11-01T07:55:39.589668,07:55:39,9099.21,9099.21,3
2025-11-01T07:55:51.548828,07:55:51,9119.24,9119.24,3
2025-11-01T07:56:03.456617,07:56:03,9123.03,9123.03,3
2025-11-01T07:56:15.379269,07:56:15,9121.56,9121.56,3
2025-11-01T07:56:27.573903,07:56:27,9123.3,9123.3,3
2025-11-01T07:56:39.558658,07:56:39,9108.19,9108.19,3
2025-11-01T07:56:51.495740,07:56:51,9110.82,9110.82,3
2025-11-01T07:57:03.487858,07:57:03,9119.18,9119.18,3
2025-11-01T07:57:15.452681,07:57:15,9119.6,9119.6,3
2025-11-01T07:57:27.422884,07:57:27,9117.38,9117.38,3
2025-11-01T07:57:39.392660,07:57:39,9110.75,9110.75,3
2025-11-01T07:57:51.649796,07:57:51,9102.92,9102.92,3
2025-11-01T07:58:03.690461,07:58:03,9105.87,9105.87,3
2025-11-01T07:58:15.786209,07:58:15,9109.75,9109.75,3
2025-11-01T07:58:27.742785,07:58:27,9118.29,9118.29,3
2025-11-01T07:58:39.774270,07:58:39,9117.29,9117.29,3
2025-11-01T07:58:51.882788,07:58:51,9118.89,9118.89,3
2025-11-01T07:59:04.179384,07:59:04,9101.32,9101.32,3
2025-11-01T07:59:16.468886,07:59:16,9097.93,9097.93,3
2025-11-01T07:59:28.379102,07:59:28,9095.83,9095.83,3
2025-11-01T07:59:40.654439,07:59:40,9094.37,9094.37,3
2025-11-01T07:59:52.658139,07:59:52,9094.66,9094.66,3
2025-11-01T08:00:04.836497,08:00:04,9093.78,9093.78,3
2025-11-01T08:00:17.126869,08:00:17,9108.56,9108.56,3
2025-11-01T08:00:29.362893,08:00:29,9093.13,9093.13,3
2025-11-01T08:00:41.612120,08:00:41,9093.65,9093.65,3
2025-11-01T08:00:53.615299,08:00:53,9094.99,9094.99,3
2025-11-01T08:01:05.606492,08:01:05,9098.63,9098.63,3
2025-11-01T08:01:17.613163,08:01:17,9101.54,9101.54,3
2025-11-01T08:01:29.294909,08:01:29,9102.55,9102.55,3
2025-11-01T08:01:41.599016,08:01:41,9104.89,9104.89,3
2025-11-01T08:01:53.535025,08:01:53,9093.64,9093.64,3
2025-11-01T08:02:05.254590,08:02:05,9089.28,9089.28,3
2025-11-01T08:02:17.526051,08:02:17,9093.8,9093.8,3
2025-11-01T08:02:29.505256,08:02:29,9094.24,9094.24,3
2025-11-01T08:02:41.519545,08:02:41,9091.26,9091.26,3
2025-11-01T08:02:53.504457,08:02:53,9088.16,9088.16,3
2025-11-01T08:03:05.428369,08:03:05,9085.51,9085.51,3
2025-11-01T08:03:17.407252,08:03:17,9062.32,9062.32,3
2025-11-01T08:03:29.024621,08:03:29,9051.87,9051.87,3
2025-11-01T08:03:41.214214,08:03:41,9046.19,9046.19,3
2025-11-01T08:03:53.464955,08:03:53,9043.25,9043.25,3
2025-11-01T08:04:05.642021,08:04:05,9032.63,9032.63,3
2025-11-01T08:04:17.640063,08:04:17,9029.83,9029.83,3
2025-11-01T08:04:29.601387,08:04:29,9016.51,9016.51,3
2025-11-01T08:04:41.568608,08:04:41,8992.77,8992.77,3
2025-11-01T08:04:53.490752,08:04:53,9003.44,9003.44,3
2025-11-01T08:05:05.111424,08:05:05,9005.82,9005.82,3
2025-11-01T08:05:17.333355,08:05:17,8990.3,8990.3,3
2025-11-01T08:05:29.572486,08:05:29,8978.99,8978.99,3
2025-11-01T08:05:41.490176,08:05:41,8974.65,8974.65,3
2025-11-01T08:05:53.467943,08:05:53,8966.69,8966.69,3
2025-11-01T08:06:05.475033,08:06:05,8976.38,8976.38,3
2025-11-01T08:06:17.451482,08:06:17,8981.51,8981.51,3
2025-11-01T08:06:29.730809,08:06:29,8992.58,8992.58,3
2025-11-01T08:06:41.663103,08:06:41,8984.94,8984.94,3
2025-11-01T08:06:53.594533,08:06:53,8990.61,8990.61,3
2025-11-01T08:07:05.586305,08:07:05,8984.35,8984.35,3
2025-11-01T08:07:17.591500,08:07:17,8986.41,8986.41,3
2025-11-01T08:07:29.571448,08:07:29,8971.91,8971.91,3
2025-11-01T08:07:41.526678,08:07:41,8963.94,8963.94,3
2025-11-01T08:07:53.437625,08:07:53,8961.95,8961.95,3
2025-11-01T08:08:05.400961,08:08:05,8971.62,8971.62,3
2025-11-01T08:08:17.644991,08:08:17,8991.71,8991.71,3
2025-11-01T08:08:29.560488,08:08:29,9011.13,9011.13,3
2025-11-01T08:08:41.455540,08:08:41,9015.19,9015.19,3
2025-11-01T08:08:53.437814,08:08:53,9024.56,9024.56,3
2025-11-01T08:09:05.393386,08:09:05,9015.05,9015.05,3
2025-11-01T08:09:17.291901,08:09:17,8998.97,8998.97,3
2025-11-01T08:09:29.547312,08:09:29,9021.63,9021.63,3
2025-11-01T08:09:41.465532,08:09:41,9020.71,9020.71,3
2025-11-01T08:09:53.431165,08:09:53,9021.58,9021.58,3
2025-11-01T08:10:05.655269,08:10:05,9021.99,9021.99,3
2025-11-01T08:10:17.651138,08:10:17,9009.81,9009.81,3
2025-11-01T08:10:29.594983,08:10:29,9016.46,9016.46,3
2025-11-01T08:10:41.309424,08:10:41,9036.86,9036.86,3
2025-11-01T08:10:53.614639,08:10:53,9044.32,9044.32,3
2025-11-01T08:11:05.532724,08:11:05,9057.79,9057.79,3
2025-11-01T08:11:17.457782,08:11:17,9054.72,9054.72,3
2025-11-01T08:11:29.370449,08:11:29,9055.51,9055.51,3
2025-11-01T08:11:41.032608,08:11:41,9048.78,9048.78,3
2025-11-01T08:11:52.686673,08:11:52,9056.07,9056.07,3
2025-11-01T08:12:04.630752,08:12:04,9058.69,9058.69,3
2025-11-01T08:12:16.640712,08:12:16,9067.57,9067.57,3
2025-11-01T08:12:28.637812,08:12:28,9074.89,9074.89,3
2025-11-01T08:12:40.267620,08:12:40,9066.61,9066.61,3
2025-11-01T08:12:52.189150,08:12:52,9096.25,9096.25,3
2025-11-01T08:13:04.474309,08:13:04,9110.9,9110.9,3
2025-11-01T08:13:16.372680,08:13:16,9113.09,9113.09,3
2025-11-01T08:13:28.358557,08:13:28,9116.76,9116.76,3
2025-11-01T08:13:40.017495,08:13:40,9122.39,9122.39,3
2025-11-01T08:13:52.247998,08:13:52,9126.79,9126.79,3
2025-11-01T08:14:04.491006,08:14:04,9113.23,9113.23,3
2025-11-01T08:14:16.388754,08:14:16,9111.7,9111.7,3
2025-11-01T08:14:28.616452,08:14:28,9105.77,9105.77,3
2025-11-01T08:14:40.546299,08:14:40,9103.11,9103.11,3
2025-11-01T08:14:52.527188,08:14:52,9097.49,9097.49,3
2025-11-01T08:15:04.462057,08:15:04,9099.11,9099.11,3
2025-11-01T08:15:16.429572,08:15:16,9107.55,9107.55,3
2025-11-01T08:15:28.376050,08:15:28,9123.81,9123.81,3
2025-11-01T08:15:40.564589,08:15:40,9165.84,9165.84,3
2025-11-01T08:15:52.456589,08:15:52,9155.91,9155.91,3
2025-11-01T08:16:04.366366,08:16:04,9220.46,9220.46,3
2025-11-01T08:16:16.615769,08:16:16,9225.37,9225.37,3
2025-11-01T08:16:28.658539,08:16:28,9232.34,9232.34,3
2025-11-01T08:16:40.667099,08:16:40,9266.44,9266.44,3
2025-11-01T08:16:52.880546,08:16:52,9254.4,9254.4,3
2025-11-01T08:17:05.150230,08:17:05,9263.57,9263.57,3
2025-11-01T08:17:17.490068,08:17:17,9243.08,9243.08,3
2025-11-01T08:17:29.462175,08:17:29,9228.61,9228.61,3
2025-11-01T08:17:41.461365,08:17:41,9224.84,9224.84,3
2025-11-01T08:17:53.406022,08:17:53,9214.38,9214.38,3
2025-11-01T08:18:05.382172,08:18:05,9237.41,9237.41,3
2025-11-01T08:18:17.350775,08:18:17,9236.64,9236.64,3
2025-11-01T08:18:29.296276,08:18:29,9232.81,9232.81,3
2025-11-01T08:18:41.529331,08:18:41,9231.85,9231.85,3
2025-11-01T08:18:53.490993,08:18:53,9231.01,9231.01,3
2025-11-01T08:19:05.456434,08:19:05,9228.96,9228.96,3
2025-11-01T08:19:17.424299,08:19:17,9243.17,9243.17,3
2025-11-01T08:19:29.404656,08:19:29,9217.18,9217.18,3
2025-11-01T08:19:41.376504,08:19:41,9208.27,9208.27,3
2025-11-01T08:19:53.302288,08:19:53,9211.47,9211.47,3
2025-11-01T08:20:05.204640,08:20:05,9210.62,9210.62,3
2025-11-01T08:20:17.402959,08:20:17,9222.52,9222.52,3
2025-11-01T08:20:29.303755,08:20:29,9220.13,9220.13,3
2025-11-01T08:20:41.254125,08:20:41,9222.27,9222.27,3
2025-11-01T08:20:53.570869,08:20:53,9219.53,9219.53,3
2025-11-01T08:21:05.216975,08:21:05,9229.29,9229.29,3
2025-11-01T08:21:17.514304,08:21:17,9230.95,9230.95,3
2025-11-01T08:21:29.455817,08:21:29,9231.48,9231.48,3
2025-11-01T08:21:41.651179,08:21:41,9235.61,9235.61,3
2025-11-01T08:21:53.561386,08:21:53,9240.15,9240.15,3
2025-11-01T08:22:05.481762,08:22:05,9239.69,9239.69,3
2025-11-01T08:22:17.452767,08:22:17,9238.7,9238.7,3
2025-11-01T08:22:29.362120,08:22:29,9239.61,9239.61,3
2025-11-01T08:22:41.582682,08:22:41,9244.55,9244.55,3
2025-11-01T08:22:53.421453,08:22:53,9247.25,9247.25,3
2025-11-01T08:23:05.306535,08:23:05,9248.51,9248.51,3
2025-11-01T08:23:17.562474,08:23:17,9237.19,9237.19,3
2025-11-01T08:23:29.453246,08:23:29,9234.1,9234.1,3
2025-11-01T08:23:41.369102,08:23:41,9233.29,9233.29,3
2025-11-01T08:23:53.280675,08:23:53,9232.75,9232.75,3
2025-11-01T08:24:05.454670,08:24:05,9234.78,9234.78,3
2025-11-01T08:24:17.319637,08:24:17,9233.2,9233.2,3
2025-11-01T08:24:29.238787,08:24:29,9251.63,9251.63,3
2025-11-01T08:24:41.377429,08:24:41,9253.69,9253.69,3
2025-11-01T08:24:53.571241,08:24:53,9290.0,9290.0,3
2025-11-01T08:25:05.449768,08:25:05,9268.98,9268.98,3
2025-11-01T08:25:17.362130,08:25:17,9270.47,9270.47,3
2025-11-01T08:25:29.275860,08:25:29,9270.89,9270.89,3
2025-11-01T08:25:41.448238,08:25:41,9246.8,9246.8,3
2025-11-01T08:25:53.400845,08:25:53,9252.4,9252.4,3
2025-11-01T08:26:05.367029,08:26:05,9239.67,9239.67,3
2025-11-01T08:26:17.393297,08:26:17,9217.23,9217.23,3
2025-11-01T08:26:29.315991,08:26:29,9207.76,9207.76,3
2025-11-01T08:26:41.234723,08:26:41,9206.78,9206.78,3
2025-11-01T08:26:53.145637,08:26:53,9199.96,9199.96,3
2025-11-01T08:27:05.655112,08:27:05,9200.31,9200.31,3
2025-11-01T08:27:17.581773,08:27:17,9214.93,9214.93,3
2025-11-01T08:27:29.598923,08:27:29,9215.46,9215.46,3
2025-11-01T08:27:41.526799,08:27:41,9216.34,9216.34,3
2025-11-01T08:27:53.504362,08:27:53,9203.17,9203.17,3
2025-11-01T08:28:05.415973,08:28:05,9199.52,9199.52,3
2025-11-01T08:28:17.599760,08:28:17,9209.43,9209.43,3
2025-11-01T08:28:29.589676,08:28:29,9204.82,9204.82,3
2025-11-01T08:28:41.573704,08:28:41,9208.58,9208.58,3
2025-11-01T08:28:53.577744,08:28:53,9205.15,9205.15,3
2025-11-01T08:29:05.307375,08:29:05,9213.62,9213.62,3
2025-11-01T08:29:17.523029,08:29:17,9213.65,9213.65,3
2025-11-01T08:29:29.465459,08:29:29,9216.77,9216.77,3
2025-11-01T08:29:41.471649,08:29:41,9218.21,9218.21,3
2025-11-01T08:29:53.434833,08:29:53,9201.31,9201.31,3
2025-11-01T08:30:05.395315,08:30:05,9200.81,9200.81,3
2025-11-01T08:30:17.463218,08:30:17,9212.37,9212.37,3
2025-11-01T08:30:29.452300,08:30:29,9213.61,9213.61,3
2025-11-01T08:30:41.388676,08:30:41,9213.48,9213.48,3
2025-11-01T08:30:53.433850,08:30:53,9212.23,9212.23,3
2025-11-01T08:31:05.425375,08:31:05,9211.46,9211.46,3
2025-11-01T08:31:17.452100,08:31:17,9213.03,9213.03,3
2025-11-01T08:31:29.445259,08:31:29,9231.55,9231.55,3
2025-11-01T08:31:41.430901,08:31:41,9218.3,9218.3,3
2025-11-01T08:31:53.371122,08:31:53,9213.25,9213.25,3
2025-11-01T08:32:05.280354,08:32:05,9211.75,9211.75,3
2025-11-01T08:32:17.179915,08:32:17,9212.94,9212.94,3
2025-11-01T08:32:29.463733,08:32:29,9206.66,9206.66,3
2025-11-01T08:32:41.468088,08:32:41,9212.73,9212.73,3
2025-11-01T08:32:53.408649,08:32:53,9224.13,9224.13,3
2025-11-01T08:33:05.679368,08:33:05,9232.15,9232.15,3
2025-11-01T08:33:17.643685,08:33:17,9250.21,9250.21,3
2025-11-01T08:33:29.602342,08:33:29,9267.42,9267.42,3
2025-11-01T08:33:41.547734,08:33:41,9276.85,9276.85,3
2025-11-01T08:33:53.436573,08:33:53,9277.53,9277.53,3
2025-11-01T08:34:05.612961,08:34:05,9272.96,9272.96,3
2025-11-01T08:34:17.556132,08:34:17,9271.18,9271.18,3
2025-11-01T08:34:29.474191,08:34:29,9276.8,9276.8,3
2025-11-01T08:34:41.475893,08:34:41,9278.79,9278.79,3
2025-11-01T08:34:53.453369,08:34:53,9276.55,9276.55,3
2025-11-01T08:35:05.416786,08:35:05,9280.36,9280.36,3
2025-11-01T08:35:17.573503,08:35:17,9284.99,9284.99,3
2025-11-01T08:35:29.469971,08:35:29,9283.99,9283.99,3
2025-11-01T08:35:41.447960,08:35:41,9283.82,9283.82,3
2025-11-01T08:35:53.392467,08:35:53,9286.71,9286.71,3
2025-11-01T08:36:05.630233,08:36:05,9302.94,9302.94,3
2025-11-01T08:36:17.608151,08:36:17,9301.96,9301.96,3
2025-11-01T08:36:29.570621,08:36:29,9311.41,9311.41,3
2025-11-01T08:36:41.486473,08:36:41,9322.17,9322.17,3
2025-11-01T08:36:53.481333,08:36:53,9330.3,9330.3,3
2025-11-01T08:37:05.404790,08:37:05,9345.85,9345.85,3
2025-11-01T08:37:17.608231,08:37:17,9352.96,9352.96,3
2025-11-01T08:37:29.560452,08:37:29,9356.52,9356.52,3
2025-11-01T08:37:41.574889,08:37:41,9356.41,9356.41,3
2025-11-01T08:37:53.786391,08:37:53,9350.11,9350.11,3
2025-11-01T08:38:05.704967,08:38:05,9349.47,9349.47,3
2025-11-01T08:38:17.642672,08:38:17,9345.72,9345.72,3
2025-11-01T08:38:29.575278,08:38:29,9349.36,9349.36,3
2025-11-01T08:38:41.548335,08:38:41,9347.36,9347.36,3
2025-11-01T08:38:53.490270,08:38:53,9348.54,9348.54,3
2025-11-01T08:39:05.455006,08:39:05,9358.54,9358.54,3
2025-11-01T08:39:17.432449,08:39:17,9357.4,9357.4,3
2025-11-01T08:39:29.655649,08:39:29,9358.31,9358.31,3
2025-11-01T08:39:41.847885,08:39:41,9364.46,9364.46,3
2025-11-01T08:39:54.071830,08:39:54,9350.84,9350.84,3
2025-11-01T08:40:06.310591,08:40:06,9331.19,9331.19,3
2025-11-01T08:40:18.615606,08:40:18,9339.74,9339.74,3
2025-11-01T08:40:30.518179,08:40:30,9342.63,9342.63,3
2025-11-01T08:40:42.488923,08:40:42,9340.94,9340.94,3
2025-11-01T08:40:54.456964,08:40:54,9319.8,9319.8,3
2025-11-01T08:41:06.416315,08:41:06,9295.88,9295.88,3
2025-11-01T08:41:18.423111,08:41:18,9294.79,9294.79,3
2025-11-01T08:41:30.378498,08:41:30,9299.97,9299.97,3
2025-11-01T08:41:42.402008,08:41:42,9308.18,9308.18,3
2025-11-01T08:41:54.395579,08:41:54,9304.12,9304.12,3
2025-11-01T08:42:06.619366,08:42:06,9293.32,9293.32,3
2025-11-01T08:42:18.582957,08:42:18,9299.29,9299.29,3
2025-11-01T08:42:30.572399,08:42:30,9304.07,9304.07,3
2025-11-01T08:42:42.585558,08:42:42,9297.07,9297.07,3
2025-11-01T08:42:54.556079,08:42:54,9282.71,9282.71,3
2025-11-01T08:43:06.531508,08:43:06,9282.96,9282.96,3
2025-11-01T08:43:18.535468,08:43:18,9290.57,9290.57,3
2025-11-01T08:43:30.527179,08:43:30,9299.35,9299.35,3
2025-11-01T08:43:42.440075,08:43:42,9310.6,9310.6,3
2025-11-01T08:43:54.376974,08:43:54,9314.02,9314.02,3
2025-11-01T08:44:06.583022,08:44:06,9313.74,9313.74,3
2025-11-01T08:44:18.504041,08:44:18,9315.03,9315.03,3
2025-11-01T08:44:30.460914,08:44:30,9315.29,9315.29,3
2025-11-01T08:44:42.464762,08:44:42,9313.21,9313.21,3
2025-11-01T08:44:54.463432,08:44:54,9311.16,9311.16,3
2025-11-01T08:45:06.389119,08:45:06,9308.22,9308.22,3
2025-11-01T08:45:18.615578,08:45:18,9312.63,9312.63,3
2025-11-01T08:45:30.251640,08:45:30,9321.45,9321.45,3
2025-11-01T08:45:41.930910,08:45:41,9319.95,9319.95,3
2025-11-01T08:45:53.935681,08:45:53,9324.68,9324.68,3
2025-11-01T08:46:05.630610,08:46:05,9325.84,9325.84,3
2025-11-01T08:46:17.566190,08:46:17,9356.46,9356.46,3
2025-11-01T08:46:29.215701,08:46:29,9358.53,9358.53,3
2025-11-01T08:46:41.206134,08:46:41,9382.73,9382.73,3
2025-11-01T08:46:53.435290,08:46:53,9384.54,9384.54,3
2025-11-01T08:47:05.211568,08:47:05,9362.22,9362.22,3
2025-11-01T08:47:17.204539,08:47:17,9368.81,9368.81,3
2025-11-01T08:47:29.441778,08:47:29,9373.61,9373.61,3
2025-11-01T08:47:41.390012,08:47:41,9373.39,9373.39,3
2025-11-01T08:47:53.389494,08:47:53,9375.3,9375.3,3
2025-11-01T08:48:05.354614,08:48:05,9375.61,9375.61,3
2025-11-01T08:48:18.131782,08:48:18,9360.57,9360.57,3
2025-11-01T08:48:30.402019,08:48:30,9406.36,9406.36,3
2025-11-01T08:48:42.423144,08:48:42,9441.11,9441.11,3
2025-11-01T08:48:54.643993,08:48:54,9476.25,9476.25,3
2025-11-01T08:49:06.612721,08:49:06,9472.73,9472.73,3
2025-11-01T08:49:18.585136,08:49:18,9495.71,9495.71,3
2025-11-01T08:49:30.648326,08:49:30,9524.01,9524.01,3
2025-11-01T08:49:42.721740,08:49:42,9553.4,9553.4,3
2025-11-01T08:49:54.776345,08:49:54,9573.63,9573.63,3
2025-11-01T08:50:06.673549,08:50:06,9555.24,9555.24,3
2025-11-01T08:50:18.636176,08:50:18,9507.32,9507.32,3
2025-11-01T08:50:30.645288,08:50:30,9497.86,9497.86,3
2025-11-01T08:50:42.691630,08:50:42,9492.22,9492.22,3
2025-11-01T08:50:54.635576,08:50:54,9505.35,9505.35,3
2025-11-01T08:51:06.660452,08:51:06,9458.42,9458.42,3
2025-11-01T08:51:18.606580,08:51:18,9404.51,9404.51,3
2025-11-01T08:51:30.528013,08:51:30,9400.72,9400.72,3
2025-11-01T08:51:42.570859,08:51:42,9452.96,9452.96,3
2025-11-01T08:51:54.553276,08:51:54,9490.86,9490.86,3
2025-11-01T08:52:06.591846,08:52:06,9471.67,9471.67,3
2025-11-01T08:52:18.624437,08:52:18,9510.96,9510.96,3
2025-11-01T08:52:30.603267,08:52:30,9510.43,9510.43,3
2025-11-01T08:52:42.570354,08:52:42,9506.16,9506.16,3
2025-11-01T08:52:54.186915,08:52:54,9500.05,9500.05,3
2025-11-01T08:53:06.171388,08:53:06,9488.42,9488.42,3
2025-11-01T08:53:18.417741,08:53:18,9489.16,9489.16,3
2025-11-01T08:53:30.340862,08:53:30,9480.14,9480.14,3
2025-11-01T08:53:42.274004,08:53:42,9461.33,9461.33,3
2025-11-01T08:53:54.230242,08:53:54,9436.07,9436.07,3
2025-11-01T08:54:06.439210,08:54:06,9431.42,9431.42,3
2025-11-01T08:54:18.411721,08:54:18,9431.06,9431.06,3
2025-11-01T08:54:30.334119,08:54:30,9428.79,9428.79,3
2025-11-01T08:54:42.642924,08:54:42,9424.05,9424.05,3
2025-11-01T08:54:54.626495,08:54:54,9422.06,9422.06,3
2025-11-01T08:55:06.249221,08:55:06,9449.8,9449.8,3
2025-11-01T08:55:18.207490,08:55:18,9465.32,9465.32,3
2025-11-01T08:55:30.372020,08:55:30,9451.7,9451.7,3
2025-11-01T08:55:42.649214,08:55:42,9449.91,9449.91,3
2025-11-01T08:55:54.551428,08:55:54,9442.98,9442.98,3
2025-11-01T08:56:06.468486,08:56:06,9435.69,9435.69,3
2025-11-01T08:56:18.446187,08:56:18,9433.79,9433.79,3
2025-11-01T08:56:30.349583,08:56:30,9444.9,9444.9,3
2025-11-01T08:56:42.538426,08:56:42,9445.45,9445.45,3
2025-11-01T08:56:54.488007,08:56:54,9441.34,9441.34,3
2025-11-01T08:57:06.365874,08:57:06,9443.78,9443.78,3
2025-11-01T08:57:18.252340,08:57:18,9443.06,9443.06,3
2025-11-01T08:57:30.430404,08:57:30,9440.13,9440.13,3
2025-11-01T08:57:42.654442,08:57:42,9440.31,9440.31,3
2025-11-01T08:57:54.576210,08:57:54,9440.48,9440.48,3
2025-11-01T08:58:06.197070,08:58:06,9439.09,9439.09,3
2025-11-01T08:58:18.431833,08:58:18,9443.48,9443.48,3
2025-11-01T08:58:30.349293,08:58:30,9446.42,9446.42,3
2025-11-01T08:58:42.495818,08:58:42,9449.67,9449.67,3
2025-11-01T08:58:54.669049,08:58:54,9448.48,9448.48,3
2025-11-01T08:59:06.558829,08:59:06,9466.4,9466.4,3
2025-11-01T08:59:18.414051,08:59:18,9469.0,9469.0,3
2025-11-01T08:59:30.442953,08:59:30,9454.38,9454.38,3
2025-11-01T08:59:42.651698,08:59:42,9454.48,9454.48,3
2025-11-01T08:59:54.566550,08:59:54,9453.81,9453.81,3
2025-11-01T09:00:06.536450,09:00:06,9460.71,9460.71,3
2025-11-01T09:00:18.169544,09:00:18,9465.3,9465.3,3
2025-11-01T09:00:30.022026,09:00:30,9468.09,9468.09,3
2025-11-01T09:00:42.621445,09:00:42,9467.32,9467.32,3
2025-11-01T09:00:54.866476,09:00:54,9470.06,9470.06,3
2025-11-01T09:01:06.776194,09:01:06,9476.88,9476.88,3
2025-11-01T09:01:18.609706,09:01:18,9470.19,9470.19,3
2025-11-01T09:01:30.757676,09:01:30,9471.7,9471.7,3
2025-11-01T09:01:42.636432,09:01:42,9487.8,9487.8,3
2025-11-01T09:01:54.521249,09:01:54,9486.97,9486.97,3
2025-11-01T09:02:06.124789,09:02:06,9486.0,9486.0,3
2025-11-01T09:02:17.999315,09:02:17,9484.92,9484.92,3
2025-11-01T09:02:29.607188,09:02:29,9484.86,9484.86,3
2025-11-01T09:02:41.465410,09:02:41,9483.51,9483.51,3
2025-11-01T09:02:53.589095,09:02:53,9480.27,9480.27,3
2025-11-01T09:03:05.448133,09:03:05,9504.11,9504.11,3
2025-11-01T09:03:17.590586,09:03:17,9513.25,9513.25,3
2025-11-01T09:03:29.432764,09:03:29,9546.3,9546.3,3
2025-11-01T09:03:41.316369,09:03:41,9550.47,9550.47,3
2025-11-01T09:03:53.465300,09:03:53,9543.52,9543.52,3
2025-11-01T09:04:05.341100,09:04:05,9521.04,9521.04,3
2025-11-01T09:04:17.529178,09:04:17,9530.86,9530.86,3
2025-11-01T09:04:29.718733,09:04:29,9524.14,9524.14,3
2025-11-01T09:04:41.569948,09:04:41,9527.92,9527.92,3
2025-11-01T09:04:53.438007,09:04:53,9526.15,9526.15,3
2025-11-01T09:05:05.029805,09:05:05,9519.59,9519.59,3
2025-11-01T09:05:17.157091,09:05:17,9520.28,9520.28,3
2025-11-01T09:05:29.257693,09:05:29,9520.82,9520.82,3
2025-11-01T09:05:41.433546,09:05:41,9512.87,9512.87,3
2025-11-01T09:05:53.591809,09:05:53,9518.73,9518.73,3
2025-11-01T09:06:05.467055,09:06:05,9517.52,9517.52,3
2025-11-01T09:06:17.642670,09:06:17,9523.6,9523.6,3
2025-11-01T09:06:29.520547,09:06:29,9522.75,9522.75,3
2025-11-01T09:06:41.673705,09:06:41,9540.86,9540.86,3
2025-11-01T09:06:53.543600,09:06:53,9543.7,9543.7,3
2025-11-01T09:07:05.381790,09:07:05,9547.41,9547.41,3
2025-11-01T09:07:17.550815,09:07:17,9547.89,9547.89,3
2025-11-01T09:07:29.435499,09:07:29,9548.98,9548.98,3
2025-11-01T09:07:41.575935,09:07:41,9580.54,9580.54,3
2025-11-01T09:07:53.451452,09:07:53,9563.57,9563.57,3
2025-11-01T09:08:05.318332,09:08:05,9568.97,9568.97,3
2025-11-01T09:08:17.210181,09:08:17,9581.24,9581.24,3
2025-11-01T09:08:29.387076,09:08:29,9557.29,9557.29,3
2025-11-01T09:08:41.285758,09:08:41,9550.57,9550.57,3
2025-11-01T09:08:53.474847,09:08:53,9554.23,9554.23,3
2025-11-01T09:09:05.399088,09:09:05,9555.28,9555.28,3
2025-11-01T09:09:17.625670,09:09:17,9545.17,9545.17,3
2025-11-01T09:09:29.507822,09:09:29,9533.64,9533.64,3
2025-11-01T09:09:41.430218,09:09:41,9523.89,9523.89,3
2025-11-01T09:09:53.349735,09:09:53,9532.7,9532.7,3
2025-11-01T09:10:05.217487,09:10:05,9535.04,9535.04,3
2025-11-01T09:10:17.416861,09:10:17,9534.26,9534.26,3
2025-11-01T09:10:29.341444,09:10:29,9531.2,9531.2,3
2025-11-01T09:10:41.604255,09:10:41,9526.88,9526.88,3
2025-11-01T09:10:53.454594,09:10:53,9533.56,9533.56,3
2025-11-01T09:11:05.364934,09:11:05,9529.42,9529.42,3
2025-11-01T09:11:17.602519,09:11:17,9600.6,9600.6,3
2025-11-01T09:11:29.496392,09:11:29,9636.64,9636.64,3
2025-11-01T09:11:41.429802,09:11:41,9671.98,9671.98,3
2025-11-01T09:11:53.575646,09:11:53,9697.13,9697.13,3
2025-11-01T09:12:05.471580,09:12:05,9665.47,9665.47,3
2025-11-01T09:12:17.617641,09:12:17,9661.91,9661.91,3
2025-11-01T09:12:29.528784,09:12:29,9648.01,9648.01,3
2025-11-01T09:12:41.440098,09:12:41,9647.93,9647.93,3
2025-11-01T09:12:53.662861,09:12:53,9647.34,9647.34,3
2025-11-01T09:13:05.655323,09:13:05,9628.68,9628.68,3
2025-11-01T09:13:17.579384,09:13:17,9620.36,9620.36,3
2025-11-01T09:13:29.469348,09:13:29,9616.31,9616.31,3
2025-11-01T09:13:41.398746,09:13:41,9599.86,9599.86,3
2025-11-01T09:13:53.354459,09:13:53,9586.61,9586.61,3
2025-11-01T09:14:05.548929,09:14:05,9581.83,9581.83,3
2025-11-01T09:14:17.471230,09:14:17,9605.89,9605.89,3
2025-11-01T09:14:29.416596,09:14:29,9599.57,9599.57,3
2025-11-01T09:14:41.632659,09:14:41,9583.81,9583.81,3
2025-11-01T09:14:53.536451,09:14:53,9583.17,9583.17,3
2025-11-01T09:15:05.405706,09:15:05,9592.68,9592.68,3
2025-11-01T09:15:17.609989,09:15:17,9580.27,9580.27,3
2025-11-01T09:15:29.470741,09:15:29,9577.46,9577.46,3
2025-11-01T09:15:41.290109,09:15:41,9575.43,9575.43,3
2025-11-01T09:15:53.184398,09:15:53,9563.42,9563.42,3
2025-11-01T09:16:05.350934,09:16:05,9565.04,9565.04,3
2025-11-01T09:16:17.164785,09:16:17,9580.53,9580.53,3
2025-11-01T09:16:29.365896,09:16:29,9580.54,9580.54,3
2025-11-01T09:16:41.497322,09:16:41,9587.06,9587.06,3
2025-11-01T09:16:53.671434,09:16:53,9596.8,9596.8,3
2025-11-01T09:17:05.536262,09:17:05,9577.25,9577.25,3
2025-11-01T09:17:17.448480,09:17:17,9579.86,9579.86,3
2025-11-01T09:17:29.353334,09:17:29,9575.61,9575.61,3
2025-11-01T09:17:41.501362,09:17:41,9580.0,9580.0,3
2025-11-01T09:17:53.307158,09:17:53,9574.36,9574.36,3
2025-11-01T09:18:04.852208,09:18:04,9591.46,9591.46,3
2025-11-01T09:18:16.955334,09:18:16,9603.4,9603.4,3
2025-11-01T09:18:28.898477,09:18:28,9600.68,9600.68,3
2025-11-01T09:18:41.081208,09:18:41,9588.29,9588.29,3
2025-11-01T09:18:53.280734,09:18:53,9580.34,9580.34,3
2025-11-01T09:19:05.452225,09:19:05,9579.56,9579.56,3
2025-11-01T09:19:17.322235,09:19:17,9602.36,9602.36,3
2025-11-01T09:19:29.562895,09:19:29,9607.82,9607.82,3
2025-11-01T09:19:41.451415,09:19:41,9607.56,9607.56,3
2025-11-01T09:19:53.306165,09:19:53,9606.35,9606.35,3
2025-11-01T09:20:05.188701,09:20:05,9606.12,9606.12,3
2025-11-01T09:20:17.422031,09:20:17,9606.24,9606.24,3
2025-11-01T09:20:29.588703,09:20:29,9630.76,9630.76,3
2025-11-01T09:20:41.491064,09:20:41,9618.0,9618.0,3
2025-11-01T09:20:53.372277,09:20:53,9611.31,9611.31,3
2025-11-01T09:21:05.523339,09:21:05,9600.74,9600.74,3
2025-11-01T09:21:17.375455,09:21:17,9618.85,9618.85,3
2025-11-01T09:21:29.210267,09:21:29,9600.19,9600.19,3
2025-11-01T09:21:41.043131,09:21:41,9595.33,9595.33,3
2025-11-01T09:21:52.952495,09:21:52,9599.05,9599.05,3
2025-11-01T09:22:04.893435,09:22:04,9602.42,9602.42,3
2025-11-01T09:22:16.798142,09:22:16,9599.11,9599.11,3
2025-11-01T09:22:28.666711,09:22:28,9600.18,9600.18,3
2025-11-01T09:22:40.618505,09:22:40,9596.67,9596.67,3
2025-11-01T09:22:52.451394,09:22:52,9595.76,9595.76,3
2025-11-01T09:23:04.331235,09:23:04,9594.55,9594.55,3
2025-11-01T09:23:16.216312,09:23:16,9596.1,9596.1,3
2025-11-01T09:23:28.445076,09:23:28,9592.25,9592.25,3
2025-11-01T09:23:40.611348,09:23:40,9564.54,9564.54,3
2025-11-01T09:23:52.259757,09:23:52,9566.16,9566.16,3
2025-11-01T09:24:04.198532,09:24:04,9568.23,9568.23,3
2025-11-01T09:24:16.368798,09:24:16,9551.72,9551.72,3
2025-11-01T09:24:28.189603,09:24:28,9549.74,9549.74,3
2025-11-01T09:24:40.334502,09:24:40,9570.62,9570.62,3
2025-11-01T09:24:52.302684,09:24:52,9577.83,9577.83,3
2025-11-01T09:25:04.511454,09:25:04,9584.92,9584.92,3
2025-11-01T09:25:16.373022,09:25:16,9589.54,9589.54,3
2025-11-01T09:25:28.344499,09:25:28,9580.6,9580.6,3
2025-11-01T09:25:40.554152,09:25:40,9572.19,9572.19,3
2025-11-01T09:25:52.417767,09:25:52,9567.13,9567.13,3
2025-11-01T09:26:04.582624,09:26:04,9565.51,9565.51,3
2025-11-01T09:26:16.412930,09:26:16,9580.2,9580.2,3
2025-11-01T09:26:28.381755,09:26:28,9582.8,9582.8,3
2025-11-01T09:26:40.248633,09:26:40,9582.53,9582.53,3
2025-11-01T09:26:52.393143,09:26:52,9575.47,9575.47,3
2025-11-01T09:27:04.592637,09:27:04,9575.73,9575.73,3
2025-11-01T09:27:16.486938,09:27:16,9661.99,9661.99,3
2025-11-01T09:27:28.145754,09:27:28,9685.77,9685.77,3
2025-11-01T09:27:40.320507,09:27:40,9709.8,9709.8,3
2025-11-01T09:27:52.224852,09:27:52,9718.39,9718.39,3
2025-11-01T09:28:04.560195,09:28:04,9674.7,9674.7,3
2025-11-01T09:28:16.548906,09:28:16,9653.26,9653.26,3
2025-11-01T09:28:28.446561,09:28:28,9635.64,9635.64,3
2025-11-01T09:28:40.592332,09:28:40,9629.25,9629.25,3
2025-11-01T09:28:52.459449,09:28:52,9616.77,9616.77,3
2025-11-01T09:29:04.305833,09:29:04,9613.34,9613.34,3
2025-11-01T09:29:16.409350,09:29:16,9614.66,9614.66,3
2025-11-01T09:29:28.584194,09:29:28,9613.09,9613.09,3
2025-11-01T09:29:40.512952,09:29:40,9626.61,9626.61,3
2025-11-01T09:29:52.522497,09:29:52,9624.93,9624.93,3
2025-11-01T09:30:04.410080,09:30:04,9661.23,9661.23,3
2025-11-01T09:30:16.366144,09:30:16,9644.98,9644.98,3
2025-11-01T09:30:28.602010,09:30:28,9650.23,9650.23,3
2025-11-01T09:30:40.456744,09:30:40,9641.02,9641.02,3
2025-11-01T09:30:52.307301,09:30:52,9644.25,9644.25,3
2025-11-01T09:31:04.261172,09:31:04,9661.25,9661.25,3
2025-11-01T09:31:16.447128,09:31:16,9708.55,9708.55,3
2025-11-01T09:31:28.593067,09:31:28,9720.07,9720.07,3
2025-11-01T09:31:40.481535,09:31:40,9702.31,9702.31,3
2025-11-01T09:31:52.355083,09:31:52,9700.9,9700.9,3
2025-11-01T09:32:04.220804,09:32:04,9699.92,9699.92,3
2025-11-01T09:32:15.824108,09:32:15,9679.29,9679.29,3
2025-11-01T09:32:27.796624,09:32:27,9699.25,9699.25,3
2025-11-01T09:32:39.707797,09:32:39,9689.34,9689.34,3
2025-11-01T09:32:51.554131,09:32:51,9700.63,9700.63,3
2025-11-01T09:33:03.537812,09:33:03,9711.15,9711.15,3
2025-11-01T09:33:15.376593,09:33:15,9731.66,9731.66,3
2025-11-01T09:33:27.358931,09:33:27,9743.13,9743.13,3
2025-11-01T09:33:39.296149,09:33:39,9764.18,9764.18,3
2025-11-01T09:33:51.479639,09:33:51,9763.65,9763.65,3
2025-11-01T09:34:03.064037,09:34:03,9777.31,9777.31,3
2025-11-01T09:34:15.279503,09:34:15,9768.13,9768.13,3
2025-11-01T09:34:27.447267,09:34:27,9766.78,9766.78,3
2025-11-01T09:34:39.328130,09:34:39,9762.74,9762.74,3
2025-11-01T09:34:51.488111,09:34:51,9768.64,9768.64,3
2025-11-01T09:35:03.151494,09:35:03,9761.99,9761.99,3
2025-11-01T09:35:15.306774,09:35:15,9774.82,9774.82,3
2025-11-01T09:35:27.120016,09:35:27,9767.23,9767.23,3
2025-11-01T09:35:39.327768,09:35:39,9765.44,9765.44,3
2025-11-01T09:35:51.484670,09:35:51,9775.8,9775.8,3
2025-11-01T09:36:03.353856,09:36:03,9781.34,9781.34,3
2025-11-01T09:36:15.473521,09:36:15,9795.62,9795.62,3
2025-11-01T09:36:27.049718,09:36:27,9819.78,9819.78,3
2025-11-01T09:36:38.882736,09:36:38,9844.51,9844.51,3
2025-11-01T09:36:50.727706,09:36:50,9840.17,9840.17,3
2025-11-01T09:37:02.912932,09:37:02,9828.75,9828.75,3
2025-11-01T09:37:15.097150,09:37:15,9823.0,9823.0,3
2025-11-01T09:37:27.292062,09:37:27,9829.96,9829.96,3
2025-11-01T09:37:39.232250,09:37:39,9836.04,9836.04,3
2025-11-01T09:37:51.479880,09:37:51,9832.82,9832.82,3
2025-11-01T09:38:03.331989,09:38:03,9813.33,9813.33,3
2025-11-01T09:38:15.487937,09:38:15,9813.95,9813.95,3
2025-11-01T09:38:27.611505,09:38:27,9807.96,9807.96,3
2025-11-01T09:38:39.498244,09:38:39,9829.37,9829.37,3
2025-11-01T09:38:51.368022,09:38:51,9846.21,9846.21,3
2025-11-01T09:39:03.297090,09:39:03,9868.18,9868.18,3
2025-11-01T09:39:15.220218,09:39:15,9860.57,9860.57,3
2025-11-01T09:39:27.409131,09:39:27,9826.73,9826.73,3
2025-11-01T09:39:39.641567,09:39:39,9818.65,9818.65,3
2025-11-01T09:39:51.603509,09:39:51,9814.27,9814.27,3
2025-11-01T09:40:03.829534,09:40:03,9767.58,9767.58,3
2025-11-01T09:40:15.759370,09:40:15,9740.25,9740.25,3
2025-11-01T09:40:27.637996,09:40:27,9714.71,9714.71,3
2025-11-01T09:40:39.573457,09:40:39,9679.43,9679.43,3
2025-11-01T09:40:51.422987,09:40:51,9717.01,9717.01,3
2025-11-01T09:41:03.249821,09:41:03,9725.25,9725.25,3
2025-11-01T09:41:15.082156,09:41:15,9704.01,9704.01,3
2025-11-01T09:41:27.227557,09:41:27,9680.39,9680.39,3
2025-11-01T09:41:39.373946,09:41:39,9672.42,9672.42,3
2025-11-01T09:41:51.305593,09:41:51,9673.59,9673.59,3
2025-11-01T09:42:03.472571,09:42:03,9687.81,9687.81,3
2025-11-01T09:42:15.434219,09:42:15,9706.44,9706.44,3
2025-11-01T09:42:27.260122,09:42:27,9705.96,9705.96,3
2025-11-01T09:42:39.443305,09:42:39,9720.77,9720.77,3
2025-11-01T09:42:51.377220,09:42:51,9710.16,9710.16,3
2025-11-01T09:43:03.544033,09:43:03,9721.39,9721.39,3
2025-11-01T09:43:15.413878,09:43:15,9704.42,9704.42,3
2025-11-01T09:43:27.336196,09:43:27,9703.01,9703.01,3
2025-11-01T09:43:39.201364,09:43:39,9710.83,9710.83,3
2025-11-01T09:43:51.418489,09:43:51,9720.0,9720.0,3
2025-11-01T09:44:03.241402,09:44:03,9713.33,9713.33,3
2025-11-01T09:44:15.375818,09:44:15,9710.49,9710.49,3
2025-11-01T09:44:27.570200,09:44:27,9706.97,9706.97,3
2025-11-01T09:44:39.452042,09:44:39,9701.51,9701.51,3
2025-11-01T09:44:51.606558,09:44:51,9696.28,9696.28,3
2025-11-01T09:45:03.709871,09:45:03,9683.05,9683.05,3
2025-11-01T09:45:15.589608,09:45:15,9678.69,9678.69,3
2025-11-01T09:45:27.502755,09:45:27,9664.09,9664.09,3
2025-11-01T09:45:39.373582,09:45:39,9657.22,9657.22,3
2025-11-01T09:45:51.506026,09:45:51,9628.31,9628.31,3
2025-11-01T09:46:03.378818,09:46:03,9610.48,9610.48,3
2025-11-01T09:46:15.488349,09:46:15,9607.43,9607.43,3
2025-11-01T09:46:27.438746,09:46:27,9591.2,9591.2,3
2025-11-01T09:46:39.324371,09:46:39,9587.64,9587.64,3
2025-11-01T09:46:51.160926,09:46:51,9588.77,9588.77,3
2025-11-01T09:47:03.015208,09:47:03,9577.4,9577.4,3
2025-11-01T09:47:15.232861,09:47:15,9579.04,9579.04,3
2025-11-01T09:47:27.170875,09:47:27,9584.48,9584.48,3
2025-11-01T09:47:39.370079,09:47:39,9567.71,9567.71,3
2025-11-01T09:47:51.451543,09:47:51,9554.24,9554.24,3
2025-11-01T09:48:03.645622,09:48:03,9570.25,9570.25,3
2025-11-01T09:48:15.523644,09:48:15,9583.01,9583.01,3
2025-11-01T09:48:27.380948,09:48:27,9585.78,9585.78,3
2025-11-01T09:48:39.289807,09:48:39,9585.74,9585.74,3
2025-11-01T09:48:51.487037,09:48:51,9584.48,9584.48,3
2025-11-01T09:49:03.368023,09:49:03,9587.13,9587.13,3
2025-11-01T09:49:15.576922,09:49:15,9589.06,9589.06,3
2025-11-01T09:49:27.450730,09:49:27,9589.64,9589.64,3
2025-11-01T09:49:39.642422,09:49:39,9630.77,9630.77,3
2025-11-01T09:49:51.519878,09:49:51,9609.4,9609.4,3
2025-11-01T09:50:03.647713,09:50:03,9594.96,9594.96,3
2025-11-01T09:50:15.590098,09:50:15,9620.11,9620.11,3
2025-11-01T09:50:27.459288,09:50:27,9620.54,9620.54,3
2025-11-01T09:50:39.398987,09:50:39,9641.19,9641.19,3
2025-11-01T09:50:51.298088,09:50:51,9661.5,9661.5,3
2025-11-01T09:51:03.147831,09:51:03,9667.65,9667.65,3
2025-11-01T09:51:15.097923,09:51:15,9642.74,9642.74,3
2025-11-01T09:51:26.932227,09:51:26,9637.69,9637.69,3
2025-11-01T09:51:38.841050,09:51:38,9641.04,9641.04,3
2025-11-01T09:51:50.775709,09:51:50,9640.83,9640.83,3
2025-11-01T09:52:02.696909,09:52:02,9647.51,9647.51,3
2025-11-01T09:52:14.572277,09:52:14,9646.91,9646.91,3
2025-11-01T09:52:26.567420,09:52:26,9649.18,9649.18,3
2025-11-01T09:52:38.382369,09:52:38,9651.08,9651.08,3
2025-11-01T09:52:50.280707,09:52:50,9650.62,9650.62,3
2025-11-01T09:53:02.799392,09:53:02,9650.62,9650.62,3
2025-11-01T09:53:14.746834,09:53:14,9652.76,9652.76,3
2025-11-01T09:53:26.644455,09:53:26,9675.7,9675.7,3
2025-11-01T09:53:38.505831,09:53:38,9685.64,9685.64,3
2025-11-01T09:53:50.381402,09:53:50,9684.27,9684.27,3
2025-11-01T09:54:02.665966,09:54:02,9685.93,9685.93,3
2025-11-01T09:54:14.322871,09:54:14,9682.48,9682.48,3
2025-11-01T09:54:26.448902,09:54:26,9682.66,9682.66,3
2025-11-01T09:54:38.295118,09:54:38,9684.74,9684.74,3
2025-11-01T09:54:50.202032,09:54:50,9688.61,9688.61,3
2025-11-01T09:55:02.432057,09:55:02,9710.54,9710.54,3
2025-11-01T09:55:14.581128,09:55:14,9713.03,9713.03,3
2025-11-01T09:55:26.555674,09:55:26,9709.22,9709.22,3
2025-11-01T09:55:38.450325,09:55:38,9731.2,9731.2,3
2025-11-01T09:55:50.647228,09:55:50,9746.67,9746.67,3
2025-11-01T09:56:02.613599,09:56:02,9756.62,9756.62,3
2025-11-01T09:56:14.480367,09:56:14,9774.0,9774.0,3
2025-11-01T09:56:26.370553,09:56:26,9794.43,9794.43,3
2025-11-01T09:56:38.546070,09:56:38,9790.12,9790.12,3
2025-11-01T09:56:50.459641,09:56:50,9784.14,9784.14,3
2025-11-01T09:57:02.424028,09:57:02,9779.35,9779.35,3
2025-11-01T09:57:14.543359,09:57:14,9768.92,9768.92,3
2025-11-01T09:57:26.433200,09:57:26,9751.82,9751.82,3
2025-11-01T09:57:38.650608,09:57:38,9745.72,9745.72,3
2025-11-01T09:57:50.559254,09:57:50,9745.48,9745.48,3
2025-11-01T09:58:02.464811,09:58:02,9753.32,9753.32,3
2025-11-01T09:58:14.599513,09:58:14,9742.25,9742.25,3
2025-11-01T09:58:26.450563,09:58:26,9747.03,9747.03,3
2025-11-01T09:58:38.417407,09:58:38,9734.07,9734.07,3
2025-11-01T09:58:50.581364,09:58:50,9759.48,9759.48,3
2025-11-01T09:59:02.465541,09:59:02,9764.06,9764.06,3
2025-11-01T09:59:14.639835,09:59:14,9760.27,9760.27,3
2025-11-01T09:59:26.542335,09:59:26,9762.23,9762.23,3
2025-11-01T09:59:38.434199,09:59:38,9767.51,9767.51,3
2025-11-01T09:59:50.274845,09:59:50,9764.83,9764.83,3
2025-11-01T10:00:02.442026,10:00:02,9755.77,9755.77,3
2025-11-01T10:00:14.590503,10:00:14,9770.52,9770.52,3
2025-11-01T10:00:26.418543,10:00:26,9769.26,9769.26,3
2025-11-01T10:00:38.570345,10:00:38,9769.6,9769.6,3
2025-11-01T10:00:50.424744,10:00:50,9765.62,9765.62,3
2025-11-01T10:01:02.339447,10:01:02,9766.36,9766.36,3
2025-11-01T10:01:14.294726,10:01:14,9767.35,9767.35,3
2025-11-01T10:01:26.192851,10:01:26,9768.47,9768.47,3
2025-11-01T10:01:38.369466,10:01:38,9811.33,9811.33,3
2025-11-01T10:01:50.589751,10:01:50,9807.63,9807.63,3
2025-11-01T10:02:02.510795,10:02:02,9811.54,9811.54,3
2025-11-01T10:02:14.472688,10:02:14,9796.03,9796.03,3
2025-11-01T10:02:26.349814,10:02:26,9805.04,9805.04,3
2025-11-01T10:02:38.817918,10:02:38,9805.91,9805.91,3
2025-11-01T10:02:50.707172,10:02:50,9807.29,9807.29,3
2025-11-01T10:03:02.648228,10:03:02,9804.12,9804.12,3
2025-11-01T10:03:14.541984,10:03:14,9803.91,9803.91,3
2025-11-01T10:03:26.390581,10:03:26,9809.65,9809.65,3
2025-11-01T10:03:38.321108,10:03:38,9828.3,9828.3,3
2025-11-01T10:03:50.269674,10:03:50,9828.35,9828.35,3
2025-11-01T10:04:02.439434,10:04:02,9829.45,9829.45,3
2025-11-01T10:04:14.291326,10:04:14,9830.54,9830.54,3
2025-11-01T10:04:26.436042,10:04:26,9834.59,9834.59,3
2025-11-01T10:04:38.585006,10:04:38,9778.21,9778.21,3
2025-11-01T10:04:50.435145,10:04:50,9794.37,9794.37,3
2025-11-01T10:05:02.690996,10:05:02,9811.52,9811.52,3
2025-11-01T10:05:14.753693,10:05:14,9764.57,9764.57,3
2025-11-01T10:05:26.651669,10:05:26,9771.69,9771.69,3
2025-11-01T10:05:38.531563,10:05:38,9768.03,9768.03,3
2025-11-01T10:05:50.428564,10:05:50,9749.24,9749.24,3
2025-11-01T10:06:02.615417,10:06:02,9771.25,9771.25,3
2025-11-01T10:06:14.498228,10:06:14,9774.83,9774.83,3
2025-11-01T10:06:26.712681,10:06:26,9794.66,9794.66,3
2025-11-01T10:06:38.530884,10:06:38,9763.7,9763.7,3
2025-11-01T10:06:50.472328,10:06:50,9761.47,9761.47,3
2025-11-01T10:07:02.619673,10:07:02,9753.31,9753.31,3
2025-11-01T10:07:14.584617,10:07:14,9743.17,9743.17,3
2025-11-01T10:07:26.455408,10:07:26,9777.74,9777.74,3
2025-11-01T10:07:38.391455,10:07:38,9780.18,9780.18,3
2025-11-01T10:07:50.555535,10:07:50,9769.39,9769.39,3
2025-11-01T10:08:02.400626,10:08:02,9753.34,9753.34,3
2025-11-01T10:08:14.591992,10:08:14,9747.18,9747.18,3
2025-11-01T10:08:26.462642,10:08:26,9742.68,9742.68,3
2025-11-01T10:08:38.311384,10:08:38,9737.51,9737.51,3
2025-11-01T10:08:50.530017,10:08:50,9728.84,9728.84,3
2025-11-01T10:09:02.659042,10:09:02,9747.17,9747.17,3
2025-11-01T10:09:14.520699,10:09:14,9763.1,9763.1,3
2025-11-01T10:09:26.403432,10:09:26,9759.37,9759.37,3
2025-11-01T10:09:38.629008,10:09:38,9747.5,9747.5,3
2025-11-01T10:09:50.621435,10:09:50,9744.92,9744.92,3
2025-11-01T10:10:02.553736,10:10:02,9761.48,9761.48,3
2025-11-01T10:10:14.791332,10:10:14,9742.72,9742.72,3
2025-11-01T10:10:26.673041,10:10:26,9722.49,9722.49,3
2025-11-01T10:10:38.564090,10:10:38,9724.17,9724.17,3
2025-11-01T10:10:50.436619,10:10:50,9725.36,9725.36,3
2025-11-01T10:11:02.589032,10:11:02,9713.78,9713.78,3
2025-11-01T10:11:14.480374,10:11:14,9704.95,9704.95,3
2025-11-01T10:11:26.660053,10:11:26,9706.88,9706.88,3
2025-11-01T10:11:38.318211,10:11:38,9714.26,9714.26,3
2025-11-01T10:11:50.199827,10:11:50,9739.72,9739.72,3
2025-11-01T10:12:02.156707,10:12:02,9773.41,9773.41,3
2025-11-01T10:12:13.775428,10:12:13,9794.73,9794.73,3
2025-11-01T10:12:25.735716,10:12:25,9794.64,9794.64,3
2025-11-01T10:12:37.295628,10:12:37,9791.93,9791.93,3
2025-11-01T10:12:48.861784,10:12:48,9791.69,9791.69,3
2025-11-01T10:13:00.423992,10:13:00,9786.74,9786.74,3
2025-11-01T10:13:12.599881,10:13:12,9773.54,9773.54,3
2025-11-01T10:13:24.222435,10:13:24,9772.73,9772.73,3
2025-11-01T10:13:35.819913,10:13:35,9765.93,9765.93,3
2025-11-01T10:13:47.410586,10:13:47,9760.86,9760.86,3
2025-11-01T10:13:59.011714,10:13:59,9759.69,9759.69,3
2025-11-01T10:14:10.703063,10:14:10,9759.89,9759.89,3
2025-11-01T10:14:22.618474,10:14:22,9782.95,9782.95,3
2025-11-01T10:14:34.197352,10:14:34,9776.45,9776.45,3
2025-11-01T10:14:45.761010,10:14:45,9777.59,9777.59,3
2025-11-01T10:14:57.305619,10:14:57,9764.06,9764.06,3
2025-11-01T10:15:09.175848,10:15:09,9805.16,9805.16,3
2025-11-01T10:15:21.344282,10:15:21,9803.4,9803.4,3
2025-11-01T10:15:33.540095,10:15:33,9801.5,9801.5,3
2025-11-01T10:15:45.137932,10:15:45,9796.48,9796.48,3
2025-11-01T10:15:56.689174,10:15:56,9786.79,9786.79,3
2025-11-01T10:16:08.675527,10:16:08,9782.86,9782.86,3
2025-11-01T10:16:20.529958,10:16:20,9761.35,9761.35,3
2025-11-01T10:16:32.410934,10:16:32,9743.98,9743.98,3
2025-11-01T10:16:43.970607,10:16:43,9747.87,9747.87,3
2025-11-01T10:16:55.497731,10:16:55,9735.5,9735.5,3
2025-11-01T10:17:07.398270,10:17:07,9732.19,9732.19,3
2025-11-01T10:17:19.304489,10:17:19,9743.92,9743.92,3
2025-11-01T10:17:30.973804,10:17:30,9733.05,9733.05,3
2025-11-01T10:17:42.673758,10:17:42,9726.42,9726.42,3
2025-11-01T10:17:54.608581,10:17:54,9723.68,9723.68,3
2025-11-01T10:18:06.509412,10:18:06,9736.2,9736.2,3
2025-11-01T10:18:18.084295,10:18:18,9741.74,9741.74,3
2025-11-01T10:18:29.623852,10:18:29,9726.83,9726.83,3
2025-11-01T10:18:41.227117,10:18:41,9727.16,9727.16,3
2025-11-01T10:18:53.429861,10:18:53,9728.46,9728.46,3
2025-11-01T10:19:05.614155,10:19:05,9726.54,9726.54,3
2025-11-01T10:19:17.180589,10:19:17,9724.97,9724.97,3
2025-11-01T10:19:29.011186,10:19:29,9715.34,9715.34,3
2025-11-01T10:19:40.585841,10:19:40,9714.87,9714.87,3
2025-11-01T10:19:52.146517,10:19:52,9723.88,9723.88,3
2025-11-01T10:20:04.016224,10:20:04,9727.64,9727.64,3
2025-11-01T10:20:15.894980,10:20:15,9728.99,9728.99,3
2025-11-01T10:20:27.444026,10:20:27,9728.57,9728.57,3
2025-11-01T10:20:39.026231,10:20:39,9727.74,9727.74,3
2025-11-01T10:20:50.564151,10:20:50,9729.09,9729.09,3
2025-11-01T10:21:02.470885,10:21:02,9753.25,9753.25,3
2025-11-01T10:21:14.353314,10:21:14,9772.96,9772.96,3
2025-11-01T10:21:26.547429,10:21:26,9782.63,9782.63,3
2025-11-01T10:21:38.443619,10:21:38,9784.43,9784.43,3
2025-11-01T10:21:50.614277,10:21:50,9787.44,9787.44,3
2025-11-01T10:22:02.498137,10:22:02,9794.85,9794.85,3
2025-11-01T10:22:14.403724,10:22:14,9811.15,9811.15,3
2025-11-01T10:22:25.949408,10:22:25,9798.42,9798.42,3
2025-11-01T10:22:37.581175,10:22:37,9798.48,9798.48,3
2025-11-01T10:22:49.206762,10:22:49,9785.67,9785.67,3
2025-11-01T10:23:01.388062,10:23:01,9781.34,9781.34,3
2025-11-01T10:23:13.537335,10:23:13,9787.46,9787.46,3
2025-11-01T10:23:25.394457,10:23:25,9789.49,9789.49,3
2025-11-01T10:23:37.283487,10:23:37,9787.37,9787.37,3
2025-11-01T10:23:48.888907,10:23:48,9786.8,9786.8,3
2025-11-01T10:24:00.573835,10:24:00,9784.71,9784.71,3
2025-11-01T10:24:12.163289,10:24:12,9785.14,9785.14,3
2025-11-01T10:24:24.347799,10:24:24,9788.71,9788.71,3
2025-11-01T10:24:36.468218,10:24:36,9799.58,9799.58,3
2025-11-01T10:24:48.639136,10:24:48,9792.45,9792.45,3
2025-11-01T10:25:00.518150,10:25:00,9798.62,9798.62,3
2025-11-01T10:25:12.406050,10:25:12,9808.32,9808.32,3
2025-11-01T10:25:24.571269,10:25:24,9808.65,9808.65,3
2025-11-01T10:25:36.388631,10:25:36,9806.67,9806.67,3
2025-11-01T10:25:48.394717,10:25:48,9805.67,9805.67,3
2025-11-01T10:26:00.464689,10:26:00,9810.8,9810.8,3
2025-11-01T10:26:12.368012,10:26:12,9800.87,9800.87,3
2025-11-01T10:26:24.277385,10:26:24,9796.55,9796.55,3
2025-11-01T10:26:36.463499,10:26:36,9778.04,9778.04,3
2025-11-01T10:26:48.426384,10:26:48,9780.18,9780.18,3
2025-11-01T10:27:00.366597,10:27:00,9759.15,9759.15,3
2025-11-01T10:27:12.525632,10:27:12,9759.08,9759.08,3
2025-11-01T10:27:24.434160,10:27:24,9755.61,9755.61,3
2025-11-01T10:27:36.606503,10:27:36,9755.02,9755.02,3
2025-11-01T10:27:48.487998,10:27:48,9745.06,9745.06,3
2025-11-01T10:28:00.383195,10:28:00,9739.21,9739.21,3
2025-11-01T10:28:12.579550,10:28:12,9746.14,9746.14,3
2025-11-01T10:28:24.129645,10:28:24,9743.91,9743.91,3
2025-11-01T10:28:35.688769,10:28:35,9743.17,9743.17,3
2025-11-01T10:28:47.288163,10:28:47,9742.06,9742.06,3
2025-11-01T10:28:59.271873,10:28:59,9750.34,9750.34,3
2025-11-01T10:29:11.389664,10:29:11,9753.17,9753.17,3
2025-11-01T10:29:23.351062,10:29:23,9759.39,9759.39,3
2025-11-01T10:29:34.968050,10:29:34,9760.12,9760.12,3
2025-11-01T10:29:46.854160,10:29:46,9761.47,9761.47,3
2025-11-01T10:29:58.760665,10:29:58,9756.61,9756.61,3
2025-11-01T10:30:10.663252,10:30:10,9769.41,9769.41,3
2025-11-01T10:30:22.284048,10:30:22,9779.8,9779.8,3
2025-11-01T10:30:33.874137,10:30:33,9780.89,9780.89,3
2025-11-01T10:30:45.593217,10:30:45,9797.46,9797.46,3
2025-11-01T10:30:57.496817,10:30:57,9795.71,9795.71,3
2025-11-01T10:31:09.057312,10:31:09,9794.16,9794.16,3
2025-11-01T10:31:20.653573,10:31:20,9775.1,9775.1,3
2025-11-01T10:31:32.493634,10:31:32,9775.77,9775.77,3
2025-11-01T10:31:44.440938,10:31:44,9753.42,9753.42,3
2025-11-01T10:31:56.315550,10:31:56,9758.16,9758.16,3
2025-11-01T10:32:08.483220,10:32:08,9761.42,9761.42,3
2025-11-01T10:32:20.631498,10:32:20,9741.31,9741.31,3
2025-11-01T10:32:32.214809,10:32:32,9736.55,9736.55,3
2025-11-01T10:32:44.400339,10:32:44,9724.55,9724.55,3
2025-11-01T10:32:56.612535,10:32:56,9698.99,9698.99,3
2025-11-01T10:33:08.462623,10:33:08,9700.17,9700.17,3
2025-11-01T10:33:20.641350,10:33:20,9704.72,9704.72,3
2025-11-01T10:33:32.830266,10:33:32,9695.91,9695.91,3
2025-11-01T10:33:44.704676,10:33:44,9695.45,9695.45,3
2025-11-01T10:33:56.576141,10:33:56,9694.35,9694.35,3
2025-11-01T10:34:08.472385,10:34:08,9694.27,9694.27,3
2025-11-01T10:34:20.401073,10:34:20,9689.58,9689.58,3
2025-11-01T10:34:32.576349,10:34:32,9679.11,9679.11,3
2025-11-01T10:34:44.460044,10:34:44,9648.85,9648.85,3
2025-11-01T10:34:56.644087,10:34:56,9646.46,9646.46,3
2025-11-01T10:35:08.537260,10:35:08,9660.19,9660.19,3
2025-11-01T10:35:20.473729,10:35:20,9647.77,9647.77,3
2025-11-01T10:35:32.432155,10:35:32,9631.85,9631.85,3
2025-11-01T10:35:44.283642,10:35:44,9616.92,9616.92,3
2025-11-01T10:35:56.132815,10:35:56,9635.5,9635.5,3
2025-11-01T10:36:08.326163,10:36:08,9648.61,9648.61,3
2025-11-01T10:36:20.520996,10:36:20,9609.98,9609.98,3
2025-11-01T10:36:32.365157,10:36:32,9600.47,9600.47,3
2025-11-01T10:36:44.621665,10:36:44,9611.5,9611.5,3
2025-11-01T10:36:56.506951,10:36:56,9606.93,9606.93,3
2025-11-01T10:37:08.101258,10:37:08,9608.62,9608.62,3
2025-11-01T10:37:19.952887,10:37:19,9589.53,9589.53,3
2025-11-01T10:37:31.809034,10:37:31,9585.45,9585.45,3
2025-11-01T10:37:43.689860,10:37:43,9582.85,9582.85,3
2025-11-01T10:37:55.583599,10:37:55,9585.04,9585.04,3
2025-11-01T10:38:07.455841,10:38:07,9585.36,9585.36,3
2025-11-01T10:38:19.037944,10:38:19,9584.96,9584.96,3
2025-11-01T10:38:30.881847,10:38:30,9583.69,9583.69,3
2025-11-01T10:38:42.500550,10:38:42,9582.1,9582.1,3
2025-11-01T10:38:54.451945,10:38:54,9579.96,9579.96,3
2025-11-01T10:39:06.571640,10:39:06,9575.56,9575.56,3
2025-11-01T10:39:18.503007,10:39:18,9571.47,9571.47,3
2025-11-01T10:39:30.425177,10:39:30,9587.07,9587.07,3
2025-11-01T10:39:42.294683,10:39:42,9597.43,9597.43,3
2025-11-01T10:39:54.149637,10:39:54,9596.8,9596.8,3
2025-11-01T10:40:06.065800,10:40:06,9596.7,9596.7,3
2025-11-01T10:40:18.270139,10:40:18,9598.65,9598.65,3
2025-11-01T10:40:30.481740,10:40:30,9602.93,9602.93,3
2025-11-01T10:40:42.618458,10:40:42,9577.52,9577.52,3
2025-11-01T10:40:54.480217,10:40:54,9568.46,9568.46,3
2025-11-01T10:41:06.378790,10:41:06,9556.85,9556.85,3
2025-11-01T10:41:18.274773,10:41:18,9559.78,9559.78,3
2025-11-01T10:41:30.435632,10:41:30,9562.68,9562.68,3
2025-11-01T10:41:42.675188,10:41:42,9561.31,9561.31,3
2025-11-01T10:41:54.641750,10:41:54,9574.08,9574.08,3
2025-11-01T10:42:06.499357,10:42:06,9574.05,9574.05,3
2025-11-01T10:42:18.436354,10:42:18,9573.75,9573.75,3
2025-11-01T10:42:30.612279,10:42:30,9574.36,9574.36,3
2025-11-01T10:42:42.522607,10:42:42,9573.96,9573.96,3
2025-11-01T10:42:54.489883,10:42:54,9570.96,9570.96,3
2025-11-01T10:43:06.661012,10:43:06,9572.16,9572.16,3
2025-11-01T10:43:18.237723,10:43:18,9574.65,9574.65,3
2025-11-01T10:43:30.426574,10:43:30,9576.86,9576.86,3
2025-11-01T10:43:42.598103,10:43:42,9563.94,9563.94,3
2025-11-01T10:43:54.586485,10:43:54,9555.87,9555.87,3
2025-11-01T10:44:06.148042,10:44:06,9558.66,9558.66,3
2025-11-01T10:44:18.501183,10:44:18,9560.87,9560.87,3
2025-11-01T10:44:30.525503,10:44:30,9550.0,9550.0,3
2025-11-01T10:44:42.454707,10:44:42,9554.79,9554.79,3
2025-11-01T10:44:54.650417,10:44:54,9546.67,9546.67,3
2025-11-01T10:45:06.604871,10:45:06,9536.34,9536.34,3
2025-11-01T10:45:18.606286,10:45:18,9526.4,9526.4,3
2025-11-01T10:45:30.511762,10:45:30,9530.83,9530.83,3
2025-11-01T10:45:42.433614,10:45:42,9534.44,9534.44,3
2025-11-01T10:45:54.630973,10:45:54,9526.6,9526.6,3
2025-11-01T10:46:06.510706,10:46:06,9517.53,9517.53,3
2025-11-01T10:46:18.683897,10:46:18,9517.72,9517.72,3
2025-11-01T10:46:30.600487,10:46:30,9510.19,9510.19,3
2025-11-01T10:46:42.315156,10:46:42,9509.94,9509.94,3
2025-11-01T10:46:54.237672,10:46:54,9513.22,9513.22,3
2025-11-01T10:47:06.052260,10:47:06,9532.11,9532.11,3
2025-11-01T10:47:17.879664,10:47:17,9583.45,9583.45,3
2025-11-01T10:47:29.766884,10:47:29,9584.76,9584.76,3
2025-11-01T10:47:41.633119,10:47:41,9551.35,9551.35,3
2025-11-01T10:47:53.525894,10:47:53,9556.84,9556.84,3
2025-11-01T10:48:05.384484,10:48:05,9572.44,9572.44,3
2025-11-01T10:48:17.286143,10:48:17,9592.81,9592.81,3
2025-11-01T10:48:29.167201,10:48:29,9592.84,9592.84,3
2025-11-01T10:48:41.479907,10:48:41,9593.45,9593.45,3
2025-11-01T10:48:53.449431,10:48:53,9591.66,9591.66,3
2025-11-01T10:49:05.455828,10:49:05,9608.8,9608.8,3
2025-11-01T10:49:17.419326,10:49:17,9604.04,9604.04,3
2025-11-01T10:49:29.560535,10:49:29,9603.69,9603.69,3
2025-11-01T10:49:41.573942,10:49:41,9593.37,9593.37,3
2025-11-01T10:49:53.443896,10:49:53,9588.01,9588.01,3
2025-11-01T10:50:05.612520,10:50:05,9562.46,9562.46,3
2025-11-01T10:50:17.500244,10:50:17,9556.08,9556.08,3
2025-11-01T10:50:29.388098,10:50:29,9565.88,9565.88,3
2025-11-01T10:50:41.532002,10:50:41,9570.95,9570.95,3
2025-11-01T10:50:53.408537,10:50:53,9579.04,9579.04,3
2025-11-01T10:51:05.592989,10:51:05,9590.13,9590.13,3
2025-11-01T10:51:17.452835,10:51:17,9583.16,9583.16,3
2025-11-01T10:51:29.608744,10:51:29,9567.66,9567.66,3
2025-11-01T10:51:41.480121,10:51:41,9564.82,9564.82,3
2025-11-01T10:51:53.384259,10:51:53,9558.07,9558.07,3
2025-11-01T10:52:05.549152,10:52:05,9567.95,9567.95,3
2025-11-01T10:52:17.446061,10:52:17,9565.53,9565.53,3
2025-11-01T10:52:29.084228,10:52:29,9581.9,9581.9,3
2025-11-01T10:52:41.262539,10:52:41,9581.72,9581.72,3
2025-11-01T10:52:53.501498,10:52:53,9585.57,9585.57,3
2025-11-01T10:53:05.374069,10:53:05,9583.74,9583.74,3
2025-11-01T10:53:17.276887,10:53:17,9592.27,9592.27,3
2025-11-01T10:53:29.183745,10:53:29,9594.86,9594.86,3
2025-11-01T10:53:41.030338,10:53:41,9597.91,9597.91,3
2025-11-01T10:53:52.664195,10:53:52,9581.19,9581.19,3
2025-11-01T10:54:04.271253,10:54:04,9584.53,9584.53,3
2025-11-01T10:54:15.967204,10:54:15,9574.53,9574.53,3
2025-11-01T10:54:27.591562,10:54:27,9526.69,9526.69,3
2025-11-01T10:54:39.500358,10:54:39,9531.04,9531.04,3
2025-11-01T10:54:51.337013,10:54:51,9526.3,9526.3,3
2025-11-01T10:55:03.176576,10:55:03,9525.96,9525.96,3
2025-11-01T10:55:14.740565,10:55:14,9534.33,9534.33,3
2025-11-01T10:55:26.658639,10:55:26,9541.67,9541.67,3
2025-11-01T10:55:38.280923,10:55:38,9544.78,9544.78,3
2025-11-01T10:55:49.988423,10:55:49,9529.07,9529.07,3
2025-11-01T10:56:01.575172,10:56:01,9539.14,9539.14,3
2025-11-01T10:56:13.180344,10:56:13,9538.34,9538.34,3
2025-11-01T10:56:25.314376,10:56:25,9539.84,9539.84,3
2025-11-01T10:56:36.866569,10:56:36,9544.48,9544.48,3
2025-11-01T10:56:48.800737,10:56:48,9552.82,9552.82,3
2025-11-01T10:57:00.741283,10:57:00,9554.21,9554.21,3
2025-11-01T10:57:12.729251,10:57:12,9560.27,9560.27,3
2025-11-01T10:57:24.323098,10:57:24,9564.08,9564.08,3
2025-11-01T10:57:35.911079,10:57:35,9567.49,9567.49,3
2025-11-01T10:57:48.065138,10:57:48,9568.02,9568.02,3
2025-11-01T10:58:00.293133,10:58:00,9565.55,9565.55,3
2025-11-01T10:58:12.442323,10:58:12,9561.83,9561.83,3
2025-11-01T10:58:23.979571,10:58:23,9553.61,9553.61,3
2025-11-01T10:58:35.869519,10:58:35,9554.66,9554.66,3
2025-11-01T10:58:47.485627,10:58:47,9547.39,9547.39,3
2025-11-01T10:58:59.076919,10:58:59,9546.31,9546.31,3
2025-11-01T10:59:10.660580,10:59:10,9558.68,9558.68,3
2025-11-01T10:59:22.222771,10:59:22,9557.36,9557.36,3
2025-11-01T10:59:33.748933,10:59:33,9566.39,9566.39,3
2025-11-01T10:59:45.650023,10:59:45,9581.36,9581.36,3
2025-11-01T10:59:57.495418,10:59:57,9584.89,9584.89,3
2025-11-01T11:00:09.346019,11:00:09,9580.29,9580.29,3
2025-11-01T11:00:21.236497,11:00:21,9581.07,9581.07,3
2025-11-01T11:00:32.859768,11:00:32,9602.51,9602.51,3
2025-11-01T11:00:44.789372,11:00:44,9599.93,9599.93,3
2025-11-01T11:00:56.700701,11:00:56,9595.53,9595.53,3
2025-11-01T11:01:08.294387,11:01:08,9594.47,9594.47,3
2025-11-01T11:01:19.833956,11:01:19,9586.4,9586.4,3
2025-11-01T11:01:31.453762,11:01:31,9575.38,9575.38,3
2025-11-01T11:01:43.637227,11:01:43,9572.86,9572.86,3
2025-11-01T11:01:55.620075,11:01:55,9570.1,9570.1,3
2025-11-01T11:02:07.213270,11:02:07,9573.79,9573.79,3
2025-11-01T11:02:19.087560,11:02:19,9577.54,9577.54,3
2025-11-01T11:02:31.077324,11:02:31,9553.26,9553.26,3
2025-11-01T11:02:43.276844,11:02:43,9557.22,9557.22,3
2025-11-01T11:02:55.402896,11:02:55,9565.94,9565.94,3
2025-11-01T11:03:06.953636,11:03:06,9574.82,9574.82,3
2025-11-01T11:03:18.569828,11:03:18,9596.88,9596.88,3
2025-11-01T11:03:30.197599,11:03:30,9604.15,9604.15,3
2025-11-01T11:03:42.478713,11:03:42,9606.46,9606.46,3
2025-11-01T11:03:54.642369,11:03:54,9615.37,9615.37,3
2025-11-01T11:04:06.581721,11:04:06,9614.23,9614.23,3
2025-11-01T11:04:18.218138,11:04:18,9610.87,9610.87,3
2025-11-01T11:04:29.816557,11:04:29,9609.39,9609.39,3
2025-11-01T11:04:41.391795,11:04:41,9609.92,9609.92,3
2025-11-01T11:04:53.427639,11:04:53,9620.08,9620.08,3
2025-11-01T11:05:05.382765,11:05:05,9629.49,9629.49,3
2025-11-01T11:05:17.321665,11:05:17,9648.96,9648.96,3
2025-11-01T11:05:28.940464,11:05:28,9663.14,9663.14,3
2025-11-01T11:05:40.517632,11:05:40,9669.09,9669.09,3
2025-11-01T11:05:52.171569,11:05:52,9670.7,9670.7,3
2025-11-01T11:06:04.334080,11:06:04,9673.54,9673.54,3
2025-11-01T11:06:16.570809,11:06:16,9673.68,9673.68,3
2025-11-01T11:06:28.493404,11:06:28,9691.98,9691.98,3
2025-11-01T11:06:40.403393,11:06:40,9734.61,9734.61,3
2025-11-01T11:06:52.579397,11:06:52,9724.43,9724.43,3
2025-11-01T11:07:04.485110,11:07:04,9730.62,9730.62,3
2025-11-01T11:07:16.336441,11:07:16,9725.23,9725.23,3
2025-11-01T11:07:28.312384,11:07:28,9728.71,9728.71,3
2025-11-01T11:07:40.536600,11:07:40,9725.97,9725.97,3
2025-11-01T11:07:52.412605,11:07:52,9727.48,9727.48,3
2025-11-01T11:08:04.034474,11:08:04,9724.49,9724.49,3
2025-11-01T11:08:15.747462,11:08:15,9709.82,9709.82,3
2025-11-01T11:08:27.298232,11:08:27,9710.56,9710.56,3
2025-11-01T11:08:38.879125,11:08:38,9746.52,9746.52,3
2025-11-01T11:08:50.803676,11:08:50,9764.12,9764.12,3
2025-11-01T11:09:02.790190,11:09:02,9779.91,9779.91,3
2025-11-01T11:09:14.761223,11:09:14,9782.28,9782.28,3
2025-11-01T11:09:26.677586,11:09:26,9791.01,9791.01,3
2025-11-01T11:09:38.613261,11:09:38,9791.83,9791.83,3
2025-11-01T11:09:50.572755,11:09:50,9789.84,9789.84,3
2025-11-01T11:10:02.164078,11:10:02,9777.31,9777.31,3
2025-11-01T11:10:13.753193,11:10:13,9744.4,9744.4,3
2025-11-01T11:10:25.392193,11:10:25,9734.82,9734.82,3
2025-11-01T11:10:37.562830,11:10:37,9735.48,9735.48,3
2025-11-01T11:10:49.472686,11:10:49,9732.59,9732.59,3
2025-11-01T11:11:01.213914,11:11:01,9727.2,9727.2,3
2025-11-01T11:11:12.933594,11:11:12,9729.77,9729.77,3
2025-11-01T11:11:25.116138,11:11:25,9725.98,9725.98,3
2025-11-01T11:11:37.357725,11:11:37,9725.02,9725.02,3
2025-11-01T11:11:49.538522,11:11:49,9718.03,9718.03,3
2025-11-01T11:12:01.449131,11:12:01,9720.33,9720.33,3
2025-11-01T11:12:13.056688,11:12:13,9716.22,9716.22,3
2025-11-01T11:12:24.672860,11:12:24,9714.75,9714.75,3
2025-11-01T11:12:36.360767,11:12:36,9698.08,9698.08,3
2025-11-01T11:12:48.580323,11:12:48,9698.87,9698.87,3
2025-11-01T11:13:00.457465,11:13:00,9695.43,9695.43,3
2025-11-01T11:13:12.425978,11:13:12,9689.39,9689.39,3
2025-11-01T11:13:24.318509,11:13:24,9686.75,9686.75,3
2025-11-01T11:13:35.974549,11:13:35,9683.41,9683.41,3
2025-11-01T11:13:47.637544,11:13:47,9684.01,9684.01,3
2025-11-01T11:13:59.221225,11:13:59,9678.44,9678.44,3
2025-11-01T11:14:11.429082,11:14:11,9686.84,9686.84,3
2025-11-01T11:14:23.648144,11:14:23,9691.08,9691.08,3
2025-11-01T11:14:35.277595,11:14:35,9693.01,9693.01,3
2025-11-01T11:14:47.160841,11:14:47,9694.39,9694.39,3
2025-11-01T11:14:58.803841,11:14:58,9696.31,9696.31,3
2025-11-01T11:15:10.726443,11:15:10,9694.8,9694.8,3
2025-11-01T11:15:22.619335,11:15:22,9694.96,9694.96,3
2025-11-01T11:15:34.641882,11:15:34,9695.56,9695.56,3
2025-11-01T11:15:46.245929,11:15:46,9694.43,9694.43,3
2025-11-01T11:15:58.158749,11:15:58,9686.2,9686.2,3
2025-11-01T11:16:10.305893,11:16:10,9667.34,9667.34,3
2025-11-01T11:16:21.879354,11:16:21,9676.57,9676.57,3
2025-11-01T11:16:33.810414,11:16:33,9678.0,9678.0,3
2025-11-01T11:16:45.422738,11:16:45,9678.37,9678.37,3
2025-11-01T11:16:57.030343,11:16:57,9680.32,9680.32,3
2025-11-01T11:17:08.664074,11:17:08,9674.78,9674.78,3
2025-11-01T11:17:20.269809,11:17:20,9674.4,9674.4,3
2025-11-01T11:17:32.447657,11:17:32,9671.58,9671.58,3
2025-11-01T11:17:44.480300,11:17:44,9668.79,9668.79,3
2025-11-01T11:17:56.353858,11:17:56,9674.19,9674.19,3
2025-11-01T11:18:07.971530,11:18:07,9659.42,9659.42,3
2025-11-01T11:18:19.550500,11:18:19,9658.91,9658.91,3
2025-11-01T11:18:31.482166,11:18:31,9657.23,9657.23,3
2025-11-01T11:18:43.403286,11:18:43,9654.39,9654.39,3
2025-11-01T11:18:55.655252,11:18:55,9649.06,9649.06,3
2025-11-01T11:19:07.622763,11:19:07,9652.59,9652.59,3
2025-11-01T11:19:19.453294,11:19:19,9644.62,9644.62,3
2025-11-01T11:19:31.647767,11:19:31,9650.09,9650.09,3
2025-11-01T11:19:43.603717,11:19:43,9651.08,9651.08,3
2025-11-01T11:19:55.465816,11:19:55,9656.78,9656.78,3
2025-11-01T11:20:07.611906,11:20:07,9677.76,9677.76,3
2025-11-01T11:20:19.606029,11:20:19,9678.52,9678.52,3
2025-11-01T11:20:31.586563,11:20:31,9678.89,9678.89,3
2025-11-01T11:20:43.204238,11:20:43,9677.01,9677.01,3
2025-11-01T11:20:55.492652,11:20:55,9672.55,9672.55,3
2025-11-01T11:21:07.073444,11:21:07,9671.41,9671.41,3
2025-11-01T11:21:19.032929,11:21:19,9651.17,9651.17,3
2025-11-01T11:21:31.272700,11:21:31,9643.4,9643.4,3
2025-11-01T11:21:42.860463,11:21:42,9643.33,9643.33,3
2025-11-01T11:21:54.582114,11:21:54,9655.31,9655.31,3
2025-11-01T11:22:06.255889,11:22:06,9656.02,9656.02,3
2025-11-01T11:22:17.836227,11:22:17,9652.29,9652.29,3
2025-11-01T11:22:29.748536,11:22:29,9648.64,9648.64,3
2025-11-01T11:22:41.602975,11:22:41,9645.6,9645.6,3
2025-11-01T11:22:53.551068,11:22:53,9646.77,9646.77,3
2025-11-01T11:23:05.563153,11:23:05,9653.5,9653.5,3
2025-11-01T11:23:17.438075,11:23:17,9654.81,9654.81,3
2025-11-01T11:23:29.387691,11:23:29,9654.88,9654.88,3
2025-11-01T11:23:41.241892,11:23:41,9659.13,9659.13,3
2025-11-01T11:23:52.835695,11:23:52,9662.47,9662.47,3
2025-11-01T11:24:04.550553,11:24:04,9661.9,9661.9,3
2025-11-01T11:24:16.435792,11:24:16,9663.58,9663.58,3
2025-11-01T11:24:28.619005,11:24:28,9665.78,9665.78,3
2025-11-01T11:24:40.457954,11:24:40,9688.55,9688.55,3
2025-11-01T11:24:52.370816,11:24:52,9690.29,9690.29,3
2025-11-01T11:25:04.240883,11:25:04,9674.75,9674.75,3
2025-11-01T11:25:16.643409,11:25:16,9675.72,9675.72,3
2025-11-01T11:25:28.550031,11:25:28,9675.43,9675.43,3
2025-11-01T11:25:40.444769,11:25:40,9676.72,9676.72,3
2025-11-01T11:25:52.025297,11:25:52,9682.19,9682.19,3
2025-11-01T11:26:03.709422,11:26:03,9681.76,9681.76,3
2025-11-01T11:26:15.345804,11:26:15,9612.57,9612.57,3
2025-11-01T11:26:26.988457,11:26:26,9594.79,9594.79,3
2025-11-01T11:26:39.265715,11:26:39,9596.75,9596.75,3
2025-11-01T11:26:51.477189,11:26:51,9598.84,9598.84,3
2025-11-01T11:27:03.364947,11:27:03,9602.84,9602.84,3
2025-11-01T11:27:15.679962,11:27:15,9603.75,9603.75,3
2025-11-01T11:27:27.912088,11:27:27,9608.51,9608.51,3
2025-11-01T11:27:40.099729,11:27:40,9607.8,9607.8,3
2025-11-01T11:27:52.327975,11:27:52,9609.85,9609.85,3
2025-11-01T11:28:04.592633,11:28:04,9610.44,9610.44,3
2025-11-01T11:28:16.514895,11:28:16,9611.86,9611.86,3
2025-11-01T11:28:28.394035,11:28:28,9606.53,9606.53,3
2025-11-01T11:28:40.688074,11:28:40,9605.26,9605.26,3
2025-11-01T11:28:52.610088,11:28:52,9613.92,9613.92,3
2025-11-01T11:29:04.563997,11:29:04,9611.7,9611.7,3
2025-11-01T11:29:16.231064,11:29:16,9611.63,9611.63,3
2025-11-01T11:29:28.179612,11:29:28,9614.89,9614.89,3
2025-11-01T11:29:40.149674,11:29:40,9642.86,9642.86,3
2025-11-01T11:29:52.400524,11:29:52,9647.43,9647.43,3
2025-11-01T11:30:04.607133,11:30:04,9644.33,9644.33,3
2025-11-01T11:30:16.264588,11:30:16,9648.17,9648.17,3
2025-11-01T11:30:27.912704,11:30:27,9668.27,9668.27,3
2025-11-01T11:30:39.506557,11:30:39,9653.12,9653.12,3
2025-11-01T11:30:51.469478,11:30:51,9662.77,9662.77,3
2025-11-01T11:31:03.433378,11:31:03,9662.59,9662.59,3
2025-11-01T11:31:15.401504,11:31:15,9656.64,9656.64,3
2025-11-01T11:31:27.633350,11:31:27,9647.37,9647.37,3
2025-11-01T11:31:39.526932,11:31:39,9655.13,9655.13,3
2025-11-01T11:31:51.986798,11:31:51,9653.87,9653.87,3
2025-11-01T11:32:04.271794,11:32:04,9653.92,9653.92,3
2025-11-01T11:32:16.195883,11:32:16,9662.46,9662.46,3
2025-11-01T11:32:28.581730,11:32:28,9656.63,9656.63,3
2025-11-01T11:32:40.460958,11:32:40,9659.61,9659.61,3
2025-11-01T11:32:52.455482,11:32:52,9647.31,9647.31,3
2025-11-01T11:33:04.397267,11:33:04,9650.29,9650.29,3
2025-11-01T11:33:16.346721,11:33:16,9662.33,9662.33,3
2025-11-01T11:33:28.555488,11:33:28,9667.21,9667.21,3
2025-11-01T11:33:40.429870,11:33:40,9670.16,9670.16,3
2025-11-01T11:33:52.065751,11:33:52,9675.03,9675.03,3
2025-11-01T11:34:03.691101,11:34:03,9679.2,9679.2,3
2025-11-01T11:34:15.334372,11:34:15,9654.6,9654.6,3
2025-11-01T11:34:26.895281,11:34:26,9661.77,9661.77,3
2025-11-01T11:34:38.886191,11:34:38,9667.82,9667.82,3
2025-11-01T11:34:50.750343,11:34:50,9668.69,9668.69,3
2025-11-01T11:35:02.714215,11:35:02,9658.06,9658.06,3
2025-11-01T11:35:14.317610,11:35:14,9661.79,9661.79,3
2025-11-01T11:35:25.901494,11:35:25,9664.86,9664.86,3
2025-11-01T11:35:37.449826,11:35:37,9660.81,9660.81,3
2025-11-01T11:35:49.685427,11:35:49,9662.92,9662.92,3
2025-11-01T11:36:01.655847,11:36:01,9662.12,9662.12,3
2025-11-01T11:36:13.593827,11:36:13,9664.48,9664.48,3
2025-11-01T11:36:25.466445,11:36:25,9664.38,9664.38,3
2025-11-01T11:36:37.382940,11:36:37,9655.88,9655.88,3
2025-11-01T11:36:49.606293,11:36:49,9653.48,9653.48,3
2025-11-01T11:37:01.539366,11:37:01,9653.8,9653.8,3
2025-11-01T11:37:13.455861,11:37:13,9655.88,9655.88,3
2025-11-01T11:37:25.404111,11:37:25,9655.53,9655.53,3
2025-11-01T11:37:37.730416,11:37:37,9652.22,9652.22,3
2025-11-01T11:37:49.715976,11:37:49,9652.28,9652.28,3
2025-11-01T11:38:01.662573,11:38:01,9647.34,9647.34,3
2025-11-01T11:38:13.564279,11:38:13,9644.44,9644.44,3
2025-11-01T11:38:25.442243,11:38:25,9614.03,9614.03,3
2025-11-01T11:38:37.063682,11:38:37,9594.33,9594.33,3
2025-11-01T11:38:48.783595,11:38:48,9591.36,9591.36,3
2025-11-01T11:39:00.680201,11:39:00,9585.04,9585.04,3
2025-11-01T11:39:12.621134,11:39:12,9577.19,9577.19,3
2025-11-01T11:39:24.250583,11:39:24,9574.59,9574.59,3
2025-11-01T11:39:35.838989,11:39:35,9581.93,9581.93,3
2025-11-01T11:39:47.419342,11:39:47,9584.21,9584.21,3
2025-11-01T11:39:59.591446,11:39:59,9587.22,9587.22,3
2025-11-01T11:40:11.236749,11:40:11,9591.82,9591.82,3
2025-11-01T11:40:22.891928,11:40:22,9589.36,9589.36,3
2025-11-01T11:40:34.470255,11:40:34,9587.11,9587.11,3
2025-11-01T11:40:46.412584,11:40:46,9589.63,9589.63,3
2025-11-01T11:40:58.596854,11:40:58,9592.11,9592.11,3
2025-11-01T11:41:10.580313,11:41:10,9627.06,9627.06,3
2025-11-01T11:41:22.657298,11:41:22,9620.01,9620.01,3
2025-11-01T11:41:34.615391,11:41:34,9618.38,9618.38,3
2025-11-01T11:41:46.767033,11:41:46,9620.09,9620.09,3
2025-11-01T11:41:58.365726,11:41:58,9620.91,9620.91,3
2025-11-01T11:42:10.323780,11:42:10,9633.59,9633.59,3
2025-11-01T11:42:22.207008,11:42:22,9627.59,9627.59,3
2025-11-01T11:42:33.817795,11:42:33,9627.17,9627.17,3
2025-11-01T11:42:45.668140,11:42:45,9626.12,9626.12,3
2025-11-01T11:42:57.608057,11:42:57,9621.89,9621.89,3
2025-11-01T11:43:09.258080,11:43:09,9614.61,9614.61,3
2025-11-01T11:43:20.831413,11:43:20,9615.69,9615.69,3
2025-11-01T11:43:32.702364,11:43:32,9628.26,9628.26,3
2025-11-01T11:43:44.292570,11:43:44,9616.03,9616.03,3
2025-11-01T11:43:56.494398,11:43:56,9616.92,9616.92,3
2025-11-01T11:44:08.326981,11:44:08,9615.69,9615.69,3
2025-11-01T11:44:20.214994,11:44:20,9614.55,9614.55,3
2025-11-01T11:44:31.788369,11:44:31,9614.4,9614.4,3
2025-11-01T11:44:43.698656,11:44:43,9597.96,9597.96,3
2025-11-01T11:44:55.582621,11:44:55,9598.55,9598.55,3
2025-11-01T11:45:07.234226,11:45:07,9607.67,9607.67,3
2025-11-01T11:45:18.847065,11:45:18,9605.36,9605.36,3
2025-11-01T11:45:30.449310,11:45:30,9609.57,9609.57,3
2025-11-01T11:45:42.426135,11:45:42,9605.06,9605.06,3
2025-11-01T11:45:54.393644,11:45:54,9605.54,9605.54,3
2025-11-01T11:46:06.021299,11:46:06,9602.64,9602.64,3
2025-11-01T11:46:17.657858,11:46:17,9600.6,9600.6,3
2025-11-01T11:46:29.251241,11:46:29,9599.3,9599.3,3
2025-11-01T11:46:41.193783,11:46:41,9597.92,9597.92,3
2025-11-01T11:46:52.857906,11:46:52,9571.35,9571.35,3
2025-11-01T11:47:04.868501,11:47:04,9570.03,9570.03,3
2025-11-01T11:47:16.804119,11:47:16,9569.12,9569.12,3
2025-11-01T11:47:28.416153,11:47:28,9570.7,9570.7,3
2025-11-01T11:47:40.345535,11:47:40,9569.05,9569.05,3
2025-11-01T11:47:51.930536,11:47:51,9569.5,9569.5,3
2025-11-01T11:48:03.810771,11:48:03,9568.04,9568.04,3
2025-11-01T11:48:15.692177,11:48:15,9569.48,9569.48,3
2025-11-01T11:48:27.267691,11:48:27,9570.56,9570.56,3
2025-11-01T11:48:38.910460,11:48:38,9579.18,9579.18,3
2025-11-01T11:48:50.591323,11:48:50,9571.63,9571.63,3
2025-11-01T11:49:02.257790,11:49:02,9560.93,9560.93,3
2025-11-01T11:49:14.143545,11:49:14,9560.48,9560.48,3
2025-11-01T11:49:25.796956,11:49:25,9559.9,9559.9,3
2025-11-01T11:49:37.663048,11:49:37,9575.53,9575.53,3
2025-11-01T11:49:49.523443,11:49:49,9564.24,9564.24,3
2025-11-01T11:50:01.422610,11:50:01,9577.67,9577.67,3
2025-11-01T11:50:13.344898,11:50:13,9577.44,9577.44,3
2025-11-01T11:50:24.984319,11:50:24,9580.77,9580.77,3
2025-11-01T11:50:37.479734,11:50:37,9580.99,9580.99,3
2025-11-01T11:50:49.036579,11:50:49,9560.24,9560.24,3
2025-11-01T11:51:00.589881,11:51:00,9560.86,9560.86,3
2025-11-01T11:51:12.230352,11:51:12,9560.87,9560.87,3
2025-11-01T11:51:24.074367,11:51:24,9566.84,9566.84,3
2025-11-01T11:51:35.715560,11:51:35,9564.82,9564.82,3
2025-11-01T11:51:47.367944,11:51:47,9567.9,9567.9,3
2025-11-01T11:51:58.981218,11:51:58,9569.64,9569.64,3
2025-11-01T11:52:10.920647,11:52:10,9570.07,9570.07,3
2025-11-01T11:52:23.128955,11:52:23,9564.99,9564.99,3
2025-11-01T11:52:34.772220,11:52:34,9563.24,9563.24,3
2025-11-01T11:52:46.432672,11:52:46,9557.15,9557.15,3
2025-11-01T11:52:58.616791,11:52:58,9551.38,9551.38,3
2025-11-01T11:53:10.813821,11:53:10,9541.03,9541.03,3
2025-11-01T11:53:22.437108,11:53:22,9536.9,9536.9,3
2025-11-01T11:53:34.014854,11:53:34,9532.84,9532.84,3
2025-11-01T11:53:45.625808,11:53:45,9530.14,9530.14,3
2025-11-01T11:53:57.564129,11:53:57,9547.31,9547.31,3
2025-11-01T11:54:09.520995,11:54:09,9549.19,9549.19,3
2025-11-01T11:54:21.383204,11:54:21,9537.8,9537.8,3
2025-11-01T11:54:33.372853,11:54:33,9538.83,9538.83,3
2025-11-01T11:54:45.270279,11:54:45,9542.58,9542.58,3
2025-11-01T11:54:56.931414,11:54:56,9543.01,9543.01,3
2025-11-01T11:55:08.541005,11:55:08,9548.46,9548.46,3
2025-11-01T11:55:20.166934,11:55:20,9543.94,9543.94,3
2025-11-01T11:55:32.415678,11:55:32,9542.79,9542.79,3
2025-11-01T11:55:44.697082,11:55:44,9545.72,9545.72,3
2025-11-01T11:55:56.650736,11:55:56,9546.22,9546.22,3
2025-11-01T11:56:08.583213,11:56:08,9552.49,9552.49,3
2025-11-01T11:56:20.551906,11:56:20,9556.59,9556.59,3
2025-11-01T11:56:32.701126,11:56:32,9554.25,9554.25,3
2025-11-01T11:56:44.679751,11:56:44,9564.22,9564.22,3
2025-11-01T11:56:56.612955,11:56:56,9562.22,9562.22,3
2025-11-01T11:57:08.772358,11:57:08,9560.11,9560.11,3
2025-11-01T11:57:20.872418,11:57:20,9558.26,9558.26,3
2025-11-01T11:57:32.817957,11:57:32,9550.53,9550.53,3
2025-11-01T11:57:44.772356,11:57:44,9539.11,9539.11,3
2025-11-01T11:57:56.676177,11:57:56,9539.66,9539.66,3
2025-11-01T11:58:08.582130,11:58:08,9545.7,9545.7,3
2025-11-01T11:58:20.490588,11:58:20,9543.12,9543.12,3
2025-11-01T11:58:32.402227,11:58:32,9543.72,9543.72,3
2025-11-01T11:58:44.276619,11:58:44,9542.87,9542.87,3
2025-11-01T11:58:55.910176,11:58:55,9543.31,9543.31,3
2025-11-01T11:59:07.535537,11:59:07,9544.34,9544.34,3
2025-11-01T11:59:19.441459,11:59:19,9544.81,9544.81,3
2025-11-01T11:59:31.702516,11:59:31,9544.33,9544.33,3
2025-11-01T11:59:43.561935,11:59:43,9544.18,9544.18,3
2025-11-01T11:59:55.514656,11:59:55,9564.3,9564.3,3
2025-11-01T12:00:07.388990,12:00:07,9570.78,9570.78,3
2025-11-01T12:00:19.576243,12:00:19,9572.81,9572.81,3
2025-11-01T12:00:31.507801,12:00:31,9578.03,9578.03,3
2025-11-01T12:00:43.397137,12:00:43,9572.39,9572.39,3
2025-11-01T12:00:55.593009,12:00:55,9575.26,9575.26,3
2025-11-01T12:01:07.444816,12:01:07,9572.63,9572.63,3
2025-11-01T12:01:19.375468,12:01:19,9577.11,9577.11,3
2025-11-01T12:01:31.379709,12:01:31,9602.67,9602.67,3
2025-11-01T12:01:43.577243,12:01:43,9613.65,9613.65,3
2025-11-01T12:01:55.572669,12:01:55,9615.07,9615.07,3
2025-11-01T12:02:07.560230,12:02:07,9623.55,9623.55,3
2025-11-01T12:02:19.448455,12:02:19,9639.82,9639.82,3
2025-11-01T12:02:31.984670,12:02:31,9639.38,9639.38,3
2025-11-01T12:02:44.177347,12:02:44,9633.76,9633.76,3
2025-11-01T12:02:55.805051,12:02:55,9628.34,9628.34,3
2025-11-01T12:03:07.523524,12:03:07,9623.65,9623.65,3
2025-11-01T12:03:19.156617,12:03:19,9624.21,9624.21,3
2025-11-01T12:03:31.315075,12:03:31,9624.25,9624.25,3
2025-11-01T12:03:43.157853,12:03:43,9623.58,9623.58,3
2025-11-01T12:03:55.587273,12:03:55,9622.31,9622.31,3
2025-11-01T12:04:07.486933,12:04:07,9648.04,9648.04,3
2025-11-01T12:04:19.398224,12:04:19,9655.35,9655.35,3
2025-11-01T12:04:31.272743,12:04:31,9663.28,9663.28,3
2025-11-01T12:04:43.472725,12:04:43,9680.67,9680.67,3
2025-11-01T12:04:55.622714,12:04:55,9683.82,9683.82,3
2025-11-01T12:05:07.668272,12:05:07,9680.13,9680.13,3
2025-11-01T12:05:19.557941,12:05:19,9682.54,9682.54,3
2025-11-01T12:05:31.477170,12:05:31,9665.83,9665.83,3
2025-11-01T12:05:43.402120,12:05:43,9631.12,9631.12,3
2025-11-01T12:05:55.593344,12:05:55,9630.36,9630.36,3
2025-11-01T12:06:07.522931,12:06:07,9625.53,9625.53,3
2025-11-01T12:06:19.450867,12:06:19,9612.85,9612.85,3
2025-11-01T12:06:31.472263,12:06:31,9614.6,9614.6,3
2025-11-01T12:06:43.697903,12:06:43,9623.42,9623.42,3
2025-11-01T12:06:55.682928,12:06:55,9625.43,9625.43,3
2025-11-01T12:07:07.647005,12:07:07,9645.57,9645.57,3
2025-11-01T12:07:19.545801,12:07:19,9628.54,9628.54,3
2025-11-01T12:07:31.433495,12:07:31,9629.64,9629.64,3
2025-11-01T12:07:44.478910,12:07:44,9638.26,9638.26,3
2025-11-01T12:07:56.454412,12:07:56,9645.21,9645.21,3
2025-11-01T12:08:08.341097,12:08:08,9640.48,9640.48,3
2025-11-01T12:08:20.191120,12:08:20,9633.27,9633.27,3
2025-11-01T12:08:32.399086,12:08:32,9632.05,9632.05,3
2025-11-01T12:08:44.589115,12:08:44,9623.56,9623.56,3
2025-11-01T12:08:56.512569,12:08:56,9624.35,9624.35,3
2025-11-01T12:09:08.409608,12:09:08,9632.18,9632.18,3
2025-11-01T12:09:20.564747,12:09:20,9634.5,9634.5,3
2025-11-01T12:09:32.455051,12:09:32,9634.84,9634.84,3
2025-11-01T12:09:44.360009,12:09:44,9636.05,9636.05,3
2025-11-01T12:09:56.549105,12:09:56,9639.15,9639.15,3
2025-11-01T12:10:08.401495,12:10:08,9618.11,9618.11,3
2025-11-01T12:10:20.377234,12:10:20,9611.02,9611.02,3
2025-11-01T12:10:32.526291,12:10:32,9614.5,9614.5,3
2025-11-01T12:10:44.389427,12:10:44,9576.22,9576.22,3
2025-11-01T12:10:56.255421,12:10:56,9579.18,9579.18,3
2025-11-01T12:11:08.550715,12:11:08,9573.72,9573.72,3
2025-11-01T12:11:20.453680,12:11:20,9559.79,9559.79,3
2025-11-01T12:11:32.463016,12:11:32,9559.48,9559.48,3
2025-11-01T12:11:44.614015,12:11:44,9528.99,9528.99,3
2025-11-01T12:11:56.514601,12:11:56,9508.87,9508.87,3
2025-11-01T12:12:08.406842,12:12:08,9504.77,9504.77,3
2025-11-01T12:12:20.540139,12:12:20,9495.4,9495.4,3
2025-11-01T12:12:32.411290,12:12:32,9510.14,9510.14,3
2025-11-01T12:12:44.620162,12:12:44,9513.34,9513.34,3
2025-11-01T12:12:56.512478,12:12:56,9517.37,9517.37,3
2025-11-01T12:13:08.377202,12:13:08,9508.64,9508.64,3
2025-11-01T12:13:20.602149,12:13:20,9511.37,9511.37,3
2025-11-01T12:13:32.514517,12:13:32,9513.3,9513.3,3
2025-11-01T12:13:44.377051,12:13:44,9495.01,9495.01,3
2025-11-01T12:13:56.543173,12:13:56,9484.26,9484.26,3
2025-11-01T12:14:08.531691,12:14:08,9483.87,9483.87,3
2025-11-01T12:14:20.455510,12:14:20,9500.9,9500.9,3
2025-11-01T12:14:32.332307,12:14:32,9498.04,9498.04,3
2025-11-01T12:14:44.575441,12:14:44,9498.17,9498.17,3
2025-11-01T12:14:56.503793,12:14:56,9500.89,9500.89,3
2025-11-01T12:15:08.483501,12:15:08,9503.56,9503.56,3
2025-11-01T12:15:20.398114,12:15:20,9507.7,9507.7,3
2025-11-01T12:15:32.410294,12:15:32,9508.36,9508.36,3
2025-11-01T12:15:44.660948,12:15:44,9499.17,9499.17,3
2025-11-01T12:15:56.890191,12:15:56,9499.94,9499.94,3
2025-11-01T12:16:09.154223,12:16:09,9498.66,9498.66,3
2025-11-01T12:16:21.437223,12:16:21,9497.6,9497.6,3
2025-11-01T12:16:33.369468,12:16:33,9499.16,9499.16,3
2025-11-01T12:16:45.387841,12:16:45,9500.53,9500.53,3
2025-11-01T12:16:57.027082,12:16:57,9497.32,9497.32,3
2025-11-01T12:17:09.230318,12:17:09,9489.58,9489.58,3
2025-11-01T12:17:21.429022,12:17:21,9484.1,9484.1,3
2025-11-01T12:17:33.358970,12:17:33,9472.69,9472.69,3
2025-11-01T12:17:45.230131,12:17:45,9483.52,9483.52,3
2025-11-01T12:17:57.442806,12:17:57,9479.31,9479.31,3
2025-11-01T12:18:09.307442,12:18:09,9483.41,9483.41,3
2025-11-01T12:18:21.486214,12:18:21,9478.78,9478.78,3
2025-11-01T12:18:33.440493,12:18:33,9481.72,9481.72,3
2025-11-01T12:18:45.583064,12:18:45,9489.95,9489.95,3
2025-11-01T12:18:57.476972,12:18:57,9512.14,9512.14,3
2025-11-01T12:19:09.385485,12:19:09,9515.6,9515.6,3
2025-11-01T12:19:21.596662,12:19:21,9536.25,9536.25,3
2025-11-01T12:19:33.527897,12:19:33,9532.07,9532.07,3
2025-11-01T12:19:45.484034,12:19:45,9534.22,9534.22,3
2025-11-01T12:19:57.348591,12:19:57,9530.38,9530.38,3
2025-11-01T12:20:09.598068,12:20:09,9521.81,9521.81,3
2025-11-01T12:20:21.526696,12:20:21,9524.53,9524.53,3
2025-11-01T12:20:33.481275,12:20:33,9522.81,9522.81,3
2025-11-01T12:20:45.511343,12:20:45,9522.25,9522.25,3
2025-11-01T12:20:57.498991,12:20:57,9526.56,9526.56,3
2025-11-01T12:21:09.384081,12:21:09,9525.78,9525.78,3
2025-11-01T12:21:21.596247,12:21:21,9530.73,9530.73,3
2025-11-01T12:21:33.493393,12:21:33,9513.71,9513.71,3
2025-11-01T12:21:45.344913,12:21:45,9512.02,9512.02,3
2025-11-01T12:21:57.561215,12:21:57,9500.11,9500.11,3
2025-11-01T12:22:09.496458,12:22:09,9494.14,9494.14,3
2025-11-01T12:22:21.436867,12:22:21,9518.44,9518.44,3
2025-11-01T12:22:33.599042,12:22:33,9512.36,9512.36,3
2025-11-01T12:22:45.496913,12:22:45,9516.21,9516.21,3
2025-11-01T12:22:57.401029,12:22:57,9516.29,9516.29,3
2025-11-01T12:23:09.293683,12:23:09,9512.06,9512.06,3
2025-11-01T12:23:20.947445,12:23:20,9516.94,9516.94,3
2025-11-01T12:23:32.856390,12:23:32,9519.4,9519.4,3
2025-11-01T12:23:44.723279,12:23:44,9519.29,9519.29,3
2025-11-01T12:23:56.621562,12:23:56,9522.25,9522.25,3
2025-11-01T12:24:08.537286,12:24:08,9525.3,9525.3,3
2025-11-01T12:24:20.478705,12:24:20,9528.09,9528.09,3
2025-11-01T12:24:32.313531,12:24:32,9528.87,9528.87,3
2025-11-01T12:24:44.519202,12:24:44,9526.84,9526.84,3
2025-11-01T12:24:56.395855,12:24:56,9531.92,9531.92,3
2025-11-01T12:25:08.636750,12:25:08,9542.25,9542.25,3
2025-11-01T12:25:20.601810,12:25:20,9543.9,9543.9,3
2025-11-01T12:25:32.577745,12:25:32,9551.24,9551.24,3
2025-11-01T12:25:44.505592,12:25:44,9551.33,9551.33,3
2025-11-01T12:25:56.446896,12:25:56,9556.26,9556.26,3
2025-11-01T12:26:08.356401,12:26:08,9557.96,9557.96,3
2025-11-01T12:26:20.529083,12:26:20,9555.74,9555.74,3
2025-11-01T12:26:32.438393,12:26:32,9536.37,9536.37,3
2025-11-01T12:26:44.641969,12:26:44,9535.17,9535.17,3
2025-11-01T12:26:56.591274,12:26:56,9533.27,9533.27,3
2025-11-01T12:27:08.509857,12:27:08,9531.11,9531.11,3
2025-11-01T12:27:20.422958,12:27:20,9536.44,9536.44,3
2025-11-01T12:27:32.359642,12:27:32,9537.24,9537.24,3
2025-11-01T12:27:44.522011,12:27:44,9535.71,9535.71,3
2025-11-01T12:27:56.139466,12:27:56,9535.17,9535.17,3
2025-11-01T12:28:08.446829,12:28:08,9535.65,9535.65,3
2025-11-01T12:28:20.427322,12:28:20,9536.5,9536.5,3
2025-11-01T12:28:32.408369,12:28:32,9537.62,9537.62,3
2025-11-01T12:28:44.371063,12:28:44,9541.12,9541.12,3
2025-11-01T12:28:56.311548,12:28:56,9547.68,9547.68,3
2025-11-01T12:29:08.523247,12:29:08,9545.56,9545.56,3
2025-11-01T12:29:20.516728,12:29:20,9549.38,9549.38,3
2025-11-01T12:29:32.372680,12:29:32,9548.45,9548.45,3
2025-11-01T12:29:44.590906,12:29:44,9542.23,9542.23,3
2025-11-01T12:29:56.460384,12:29:56,9540.75,9540.75,3
2025-11-01T12:30:08.382246,12:30:08,9550.28,9550.28,3
2025-11-01T12:30:20.325753,12:30:20,9551.39,9551.39,3
2025-11-01T12:30:32.556635,12:30:32,9565.08,9565.08,3
2025-11-01T12:30:44.520199,12:30:44,9539.21,9539.21,3
2025-11-01T12:30:56.396837,12:30:56,9544.94,9544.94,3
2025-11-01T12:31:08.350452,12:31:08,9563.46,9563.46,3
2025-11-01T12:31:20.528454,12:31:20,9557.95,9557.95,3
2025-11-01T12:31:32.738320,12:31:32,9555.44,9555.44,3
2025-11-01T12:31:44.602315,12:31:44,9550.2,9550.2,3
2025-11-01T12:31:56.547270,12:31:56,9550.45,9550.45,3
2025-11-01T12:32:08.448361,12:32:08,9557.3,9557.3,3
2025-11-01T12:32:20.640058,12:32:20,9553.61,9553.61,3
2025-11-01T12:32:32.602681,12:32:32,9552.23,9552.23,3
2025-11-01T12:32:44.473552,12:32:44,9537.59,9537.59,3
2025-11-01T12:32:56.125423,12:32:56,9533.42,9533.42,3
2025-11-01T12:33:07.729764,12:33:07,9534.39,9534.39,3
2025-11-01T12:33:19.287080,12:33:19,9534.87,9534.87,3
2025-11-01T12:33:31.494969,12:33:31,9534.09,9534.09,3
2025-11-01T12:33:43.661548,12:33:43,9533.49,9533.49,3
2025-11-01T12:33:55.644784,12:33:55,9524.5,9524.5,3
2025-11-01T12:34:07.620772,12:34:07,9534.05,9534.05,3
2025-11-01T12:34:19.563878,12:34:19,9574.63,9574.63,3
2025-11-01T12:34:31.560611,12:34:31,9574.44,9574.44,3
2025-11-01T12:34:43.518683,12:34:43,9565.44,9565.44,3
2025-11-01T12:34:55.459062,12:34:55,9564.14,9564.14,3
2025-11-01T12:35:07.364365,12:35:07,9559.81,9559.81,3
2025-11-01T12:35:19.575459,12:35:19,9559.23,9559.23,3
2025-11-01T12:35:31.474958,12:35:31,9574.12,9574.12,3
2025-11-01T12:35:43.456133,12:35:43,9575.5,9575.5,3
2025-11-01T12:35:55.623197,12:35:55,9582.66,9582.66,3
2025-11-01T12:36:07.563329,12:36:07,9578.61,9578.61,3
2025-11-01T12:36:19.467929,12:36:19,9577.99,9577.99,3
2025-11-01T12:36:31.079603,12:36:31,9612.55,9612.55,3
2025-11-01T12:36:42.653298,12:36:42,9611.29,9611.29,3
2025-11-01T12:36:54.271328,12:36:54,9599.26,9599.26,3
2025-11-01T12:37:06.156035,12:37:06,9599.36,9599.36,3
2025-11-01T14:05:10.649607,14:05:10,9720.06,9720.06,3
2025-11-01T14:05:22.614057,14:05:22,9731.29,9731.29,3
2025-11-01T14:05:34.644197,14:05:34,9728.18,9728.18,3
2025-11-01T14:05:46.565101,14:05:46,9742.23,9742.23,3
2025-11-01T14:05:58.508240,14:05:58,9739.98,9739.98,3
2025-11-01T14:06:10.426831,14:06:10,9741.95,9741.95,3
2025-11-01T14:06:22.655464,14:06:22,9723.79,9723.79,3
2025-11-01T14:06:34.657291,14:06:34,9725.84,9725.84,3
2025-11-01T14:06:46.556056,14:06:46,9724.97,9724.97,3
2025-11-01T14:06:58.428591,14:06:58,9735.95,9735.95,3
2025-11-01T14:07:10.556779,14:07:10,9734.15,9734.15,3
2025-11-01T14:07:22.906739,14:07:22,9732.54,9732.54,3
2025-11-01T14:07:34.795193,14:07:34,9731.34,9731.34,3
2025-11-01T14:07:46.965683,14:07:46,9730.76,9730.76,3
2025-11-01T14:07:59.207897,14:07:59,9730.0,9730.0,3
2025-11-01T14:08:11.364510,14:08:11,9731.61,9731.61,3
2025-11-01T14:08:23.516907,14:08:23,9732.0,9732.0,3
2025-11-01T14:08:35.492536,14:08:35,9718.43,9718.43,3
2025-11-01T14:08:47.452860,14:08:47,9717.8,9717.8,3
2025-11-01T14:08:59.473634,14:08:59,9715.12,9715.12,3
2025-11-01T14:09:11.660061,14:09:11,9714.74,9714.74,3
2025-11-01T14:09:23.648715,14:09:23,9720.77,9720.77,3
2025-11-01T14:09:35.537655,14:09:35,9721.29,9721.29,3
2025-11-01T14:09:47.537437,14:09:47,9723.0,9723.0,3
2025-11-01T14:09:59.488217,14:09:59,9722.96,9722.96,3
2025-11-01T14:10:11.486960,14:10:11,9729.48,9729.48,3
2025-11-01T14:10:23.369113,14:10:23,9722.36,9722.36,3
2025-11-01T14:10:35.557538,14:10:35,9710.88,9710.88,3
2025-11-01T14:10:47.561685,14:10:47,9712.82,9712.82,3
2025-11-01T14:10:59.496244,14:10:59,9706.0,9706.0,3
2025-11-01T14:11:11.486006,14:11:11,9705.52,9705.52,3
2025-11-01T14:11:23.410260,14:11:23,9701.92,9701.92,3
2025-11-01T14:11:35.376685,14:11:35,9701.76,9701.76,3
2025-11-01T14:11:47.520197,14:11:47,9700.19,9700.19,3
2025-11-01T14:11:59.395831,14:11:59,9701.61,9701.61,3
2025-11-01T14:12:11.289512,14:12:11,9699.32,9699.32,3
2025-11-01T14:12:23.450776,14:12:23,9697.81,9697.81,3
2025-11-01T14:12:35.400102,14:12:35,9702.81,9702.81,3
2025-11-01T14:12:47.323189,14:12:47,9702.1,9702.1,3
2025-11-01T14:12:59.200014,14:12:59,9701.9,9701.9,3
2025-11-01T14:13:11.423555,14:13:11,9705.74,9705.74,3
2025-11-01T14:13:23.283354,14:13:23,9702.15,9702.15,3
2025-11-01T14:13:35.595104,14:13:35,9707.89,9707.89,3
2025-11-01T14:13:47.514882,14:13:47,9705.62,9705.62,3
2025-11-01T14:13:59.435141,14:13:59,9710.78,9710.78,3
2025-11-01T14:14:11.637882,14:14:11,9709.37,9709.37,3
2025-11-01T14:14:23.564078,14:14:23,9703.2,9703.2,3
2025-11-01T14:14:35.484154,14:14:35,9703.59,9703.59,3
2025-11-01T14:14:47.402332,14:14:47,9703.44,9703.44,3
2025-11-01T14:14:59.580873,14:14:59,9705.72,9705.72,3
2025-11-01T14:15:11.486655,14:15:11,9724.76,9724.76,3
2025-11-01T14:15:23.462963,14:15:23,9720.12,9720.12,3
2025-11-01T14:15:35.337454,14:15:35,9717.54,9717.54,3
2025-11-01T14:15:47.513370,14:15:47,9727.25,9727.25,3
2025-11-01T14:15:59.437086,14:15:59,9730.38,9730.38,3
2025-11-01T14:16:11.347853,14:16:11,9714.61,9714.61,3
2025-11-01T14:16:23.581296,14:16:23,9713.39,9713.39,3
2025-11-01T14:16:35.556204,14:16:35,9713.36,9713.36,3
2025-11-01T14:16:47.496248,14:16:47,9721.25,9721.25,3
2025-11-01T14:16:59.683114,14:16:59,9718.23,9718.23,3
2025-11-01T14:17:11.544668,14:17:11,9718.46,9718.46,3
2025-11-01T14:17:23.405591,14:17:23,9713.42,9713.42,3
2025-11-01T14:17:35.433291,14:17:35,9724.82,9724.82,3
2025-11-01T14:17:47.614855,14:17:47,9740.64,9740.64,3
2025-11-01T14:17:59.495403,14:17:59,9737.53,9737.53,3
2025-11-01T14:18:11.458225,14:18:11,9738.0,9738.0,3
2025-11-01T14:18:23.414424,14:18:23,9742.74,9742.74,3
2025-11-01T14:18:35.642304,14:18:35,9746.19,9746.19,3
2025-11-01T14:18:47.552671,14:18:47,9750.82,9750.82,3
2025-11-01T14:18:59.439347,14:18:59,9753.26,9753.26,3
2025-11-01T14:19:11.385853,14:19:11,9768.03,9768.03,3
2025-11-01T14:19:23.313446,14:19:23,9769.54,9769.54,3
2025-11-01T14:19:35.311791,14:19:35,9771.19,9771.19,3
2025-11-01T14:19:47.580606,14:19:47,9771.55,9771.55,3
2025-11-01T14:19:59.502790,14:19:59,9771.69,9771.69,3
2025-11-01T14:20:11.405224,14:20:11,9771.09,9771.09,3
2025-11-01T14:20:23.589848,14:20:23,9768.52,9768.52,3
2025-11-01T14:20:35.584417,14:20:35,9749.75,9749.75,3
2025-11-01T14:20:47.820381,14:20:47,9750.77,9750.77,3
2025-11-01T14:20:59.730351,14:20:59,9753.2,9753.2,3
2025-11-01T14:21:11.696665,14:21:11,9754.09,9754.09,3
2025-11-01T14:21:23.653020,14:21:23,9753.17,9753.17,3
2025-11-01T14:21:35.645910,14:21:35,9753.85,9753.85,3
2025-11-01T14:21:47.671778,14:21:47,9755.33,9755.33,3
2025-11-01T14:21:59.690195,14:21:59,9778.66,9778.66,3
2025-11-01T14:22:11.778272,14:22:11,9804.25,9804.25,3
2025-11-01T14:22:23.805398,14:22:23,9811.5,9811.5,3
2025-11-01T14:22:35.774951,14:22:35,9817.06,9817.06,3
2025-11-01T14:22:47.740905,14:22:47,9820.0,9820.0,3
2025-11-01T14:22:59.706376,14:22:59,9817.55,9817.55,3
2025-11-01T14:23:11.809258,14:23:11,9792.62,9792.62,3
2025-11-01T14:23:23.693867,14:23:23,9785.7,9785.7,3
2025-11-01T14:23:35.632906,14:23:35,9781.61,9781.61,3
2025-11-01T14:23:47.534559,14:23:47,9781.4,9781.4,3
2025-11-01T14:23:59.444925,14:23:59,9780.24,9780.24,3
2025-11-01T14:24:11.693337,14:24:11,9767.63,9767.63,3
2025-11-01T14:24:23.587067,14:24:23,9770.96,9770.96,3
2025-11-01T14:24:35.504250,14:24:35,9770.08,9770.08,3
2025-11-01T14:24:47.735425,14:24:47,9756.86,9756.86,3
2025-11-01T14:24:59.664760,14:24:59,9756.76,9756.76,3
2025-11-01T14:25:11.545568,14:25:11,9755.14,9755.14,3
2025-11-01T14:25:23.414452,14:25:23,9764.19,9764.19,3
2025-11-01T14:51:19.586915,14:51:19,9792.44,9792.44,3
2025-11-01T14:51:31.774626,14:51:31,9794.04,9794.04,3
2025-11-01T14:51:43.907082,14:51:43,9790.29,9790.29,3
2025-11-01T14:51:55.890358,14:51:55,9791.26,9791.26,3
2025-11-01T14:52:07.869420,14:52:07,9793.38,9793.38,3
2025-11-01T14:52:19.810831,14:52:19,9795.37,9795.37,3
2025-11-01T14:52:31.811106,14:52:31,9799.72,9799.72,3
2025-11-01T14:52:43.685844,14:52:43,9804.33,9804.33,3
2025-11-01T14:52:55.664722,14:52:55,9802.46,9802.46,3
2025-11-01T14:53:07.553592,14:53:07,9802.65,9802.65,3
2025-11-01T14:53:19.488386,14:53:19,9802.43,9802.43,3
2025-11-01T14:53:31.429072,14:53:31,9802.55,9802.55,3
2025-11-01T14:53:43.631200,14:53:43,9755.16,9755.16,3
2025-11-01T14:53:55.559079,14:53:55,9751.02,9751.02,3
2025-11-01T14:54:07.486672,14:54:07,9748.4,9748.4,3
2025-11-01T14:54:19.431086,14:54:19,9754.49,9754.49,3
2025-11-01T14:54:31.633689,14:54:31,9760.53,9760.53,3
2025-11-01T14:54:43.575400,14:54:43,9761.03,9761.03,3
2025-11-01T14:54:55.453220,14:54:55,9764.87,9764.87,3
2025-11-01T14:55:07.473046,14:55:07,9762.58,9762.58,3
2025-11-01T14:55:19.678933,14:55:19,9764.03,9764.03,3
2025-11-01T14:55:31.647508,14:55:31,9767.84,9767.84,3
2025-11-01T14:55:43.576721,14:55:43,9771.16,9771.16,3
2025-11-01T14:55:55.485266,14:55:55,9767.29,9767.29,3
2025-11-01T14:56:07.378036,14:56:07,9768.59,9768.59,3
2025-11-01T14:56:19.635202,14:56:19,9764.57,9764.57,3
2025-11-01T14:56:31.598410,14:56:31,9763.4,9763.4,3
2025-11-01T14:56:43.543774,14:56:43,9765.31,9765.31,3
2025-11-01T14:56:55.433484,14:56:55,9751.48,9751.48,3
2025-11-01T14:57:07.738582,14:57:07,9756.4,9756.4,3
2025-11-01T14:57:19.644088,14:57:19,9753.21,9753.21,3
2025-11-01T14:57:31.863643,14:57:31,9751.75,9751.75,3
2025-11-01T14:57:43.786975,14:57:43,9752.18,9752.18,3
2025-11-01T14:57:55.650355,14:57:55,9759.11,9759.11,3
2025-11-01T14:58:07.648187,14:58:07,9763.06,9763.06,3
2025-11-01T14:58:19.597496,14:58:19,9764.09,9764.09,3
2025-11-01T14:58:31.531808,14:58:31,9776.22,9776.22,3
2025-11-01T14:58:43.813402,14:58:43,9772.94,9772.94,3
2025-11-01T14:58:55.835328,14:58:55,9768.62,9768.62,3
2025-11-01T14:59:07.815457,14:59:07,9765.21,9765.21,3
2025-11-01T14:59:19.824884,14:59:19,9769.44,9769.44,3
2025-11-01T14:59:31.821931,14:59:31,9776.13,9776.13,3
2025-11-01T14:59:43.755549,14:59:43,9776.35,9776.35,3
2025-11-01T14:59:55.695378,14:59:55,9778.34,9778.34,3
2025-11-01T15:00:07.718850,15:00:07,9773.69,9773.69,3
2025-11-01T15:00:19.657527,15:00:19,9773.82,9773.82,3
2025-11-01T15:00:31.581181,15:00:31,9772.64,9772.64,3
2025-11-01T15:00:43.558931,15:00:43,9768.62,9768.62,3
2025-11-01T15:00:55.494714,15:00:55,9757.15,9757.15,3
2025-11-01T15:01:07.445047,15:01:07,9743.77,9743.77,3
2025-11-01T15:01:19.503524,15:01:19,9731.74,9731.74,3
2025-11-01T15:01:31.755853,15:01:31,9732.98,9732.98,3
2025-11-01T15:01:43.655009,15:01:43,9712.4,9712.4,3
2025-11-01T15:01:55.597822,15:01:55,9716.92,9716.92,3
2025-11-01T15:02:07.643294,15:02:07,9723.76,9723.76,3
2025-11-01T15:02:19.791821,15:02:19,9726.25,9726.25,3
2025-11-01T15:02:31.834593,15:02:31,9720.9,9720.9,3
2025-11-01T15:02:43.851768,15:02:43,9712.91,9712.91,3
2025-11-01T15:02:55.813445,15:02:55,9710.57,9710.57,3
2025-11-01T15:03:07.790227,15:03:07,9698.98,9698.98,3
2025-11-01T15:03:19.827451,15:03:19,9685.17,9685.17,3
2025-11-01T15:03:31.990398,15:03:31,9683.52,9683.52,3
2025-11-01T15:03:44.206830,15:03:44,9676.13,9676.13,3
2025-11-01T15:03:56.506756,15:03:56,9676.96,9676.96,3
2025-11-01T15:04:09.106893,15:04:09,9688.04,9688.04,3
2025-11-01T15:04:20.761629,15:04:20,9687.23,9687.23,3
2025-11-01T15:04:32.695204,15:04:32,9682.39,9682.39,3
2025-11-01T15:04:44.604982,15:04:44,9686.02,9686.02,3
2025-11-01T15:04:56.555766,15:04:56,9678.02,9678.02,3
2025-11-01T15:05:08.538425,15:05:08,9688.5,9688.5,3
2025-11-01T15:05:20.463503,15:05:20,9695.05,9695.05,3
2025-11-01T15:05:32.397223,15:05:32,9693.34,9693.34,3
2025-11-01T15:05:44.468848,15:05:44,9693.23,9693.23,3
2025-11-01T15:05:56.463392,15:05:56,9694.67,9694.67,3
2025-11-01T15:06:08.481326,15:06:08,9693.51,9693.51,3
2025-11-01T15:06:20.443075,15:06:20,9697.58,9697.58,3
2025-11-01T15:06:32.688212,15:06:32,9695.46,9695.46,3
2025-11-01T15:06:44.712809,15:06:44,9689.61,9689.61,3
2025-11-01T15:06:56.780294,15:06:56,9688.11,9688.11,3
2025-11-01T15:07:08.705182,15:07:08,9684.43,9684.43,3
2025-11-01T15:07:20.636321,15:07:20,9684.97,9684.97,3
2025-11-01T15:07:32.620356,15:07:32,9689.54,9689.54,3
2025-11-01T15:07:44.536030,15:07:44,9685.85,9685.85,3
2025-11-01T15:07:56.463035,15:07:56,9685.53,9685.53,3
2025-11-01T15:08:08.461509,15:08:08,9679.47,9679.47,3
2025-11-01T15:08:20.678367,15:08:20,9683.56,9683.56,3
2025-11-01T15:08:32.599408,15:08:32,9681.72,9681.72,3
2025-11-01T15:08:44.516458,15:08:44,9698.87,9698.87,3
2025-11-01T15:08:56.432929,15:08:56,9699.63,9699.63,3
2025-11-01T15:09:08.103200,15:09:08,9693.95,9693.95,3
2025-11-01T15:09:20.263887,15:09:20,9687.58,9687.58,3
2025-11-01T15:09:32.182478,15:09:32,9684.66,9684.66,3
2025-11-01T15:09:44.515961,15:09:44,9681.59,9681.59,3
2025-11-01T15:09:56.494217,15:09:56,9684.75,9684.75,3
2025-11-01T15:10:08.532299,15:10:08,9666.55,9666.55,3
2025-11-01T15:10:20.466905,15:10:20,9670.9,9670.9,3
2025-11-01T15:10:32.662998,15:10:32,9668.75,9668.75,3
2025-11-01T15:10:44.673603,15:10:44,9666.17,9666.17,3
2025-11-01T15:10:56.818021,15:10:56,9667.85,9667.85,3
2025-11-01T15:11:08.768995,15:11:08,9667.77,9667.77,3
2025-11-01T15:11:20.766715,15:11:20,9670.3,9670.3,3
2025-11-01T15:11:32.981895,15:11:32,9672.86,9672.86,3
2025-11-01T15:11:45.192820,15:11:45,9673.06,9673.06,3
2025-11-01T15:11:57.430129,15:11:57,9669.78,9669.78,3
2025-11-01T15:12:09.337654,15:12:09,9669.2,9669.2,3
2025-11-01T15:12:21.337342,15:12:21,9658.01,9658.01,3
2025-11-01T15:12:33.317594,15:12:33,9646.34,9646.34,3
2025-11-01T15:12:45.560551,15:12:45,9641.37,9641.37,3
2025-11-01T15:12:57.534052,15:12:57,9617.29,9617.29,3
2025-11-01T15:13:09.422612,15:13:09,9644.12,9644.12,3
2025-11-01T15:13:21.370711,15:13:21,9643.87,9643.87,3
2025-11-01T15:13:33.594074,15:13:33,9637.3,9637.3,3
2025-11-01T15:13:45.590449,15:13:45,9627.08,9627.08,3
2025-11-01T15:13:57.556619,15:13:57,9634.0,9634.0,3
2025-11-01T15:14:09.489185,15:14:09,9628.3,9628.3,3
2025-11-01T15:14:21.649948,15:14:21,9627.09,9627.09,3
2025-11-01T15:14:33.249263,15:14:33,9626.45,9626.45,3
2025-11-01T15:14:45.157636,15:14:45,9623.1,9623.1,3
2025-11-01T15:14:57.380067,15:14:57,9623.25,9623.25,3
2025-11-01T15:15:09.262739,15:15:09,9631.08,9631.08,3
2025-11-01T15:15:21.584136,15:15:21,9637.3,9637.3,3
2025-11-01T15:15:33.563701,15:15:33,9638.56,9638.56,3
2025-11-01T15:15:45.277324,15:15:45,9661.89,9661.89,3
2025-11-01T15:15:57.547324,15:15:57,9663.69,9663.69,3
2025-11-01T15:16:09.501129,15:16:09,9664.73,9664.73,3
2025-11-01T15:16:21.446629,15:16:21,9668.01,9668.01,3
2025-11-01T15:16:33.419393,15:16:33,9667.31,9667.31,3
2025-11-01T15:16:45.433569,15:16:45,9677.36,9677.36,3
2025-11-01T15:16:57.670489,15:16:57,9698.04,9698.04,3
2025-11-01T15:17:09.298941,15:17:09,9697.71,9697.71,3
2025-11-01T15:17:21.755503,15:17:21,9704.64,9704.64,3
2025-11-01T15:17:33.633420,15:17:33,9713.39,9713.39,3
2025-11-01T15:17:45.580875,15:17:45,9709.49,9709.49,3
2025-11-01T15:17:57.287370,15:17:57,9708.35,9708.35,3
2025-11-01T15:18:09.260415,15:18:09,9733.3,9733.3,3
2025-11-01T15:18:21.497880,15:18:21,9675.74,9675.74,3
2025-11-01T15:18:33.546602,15:18:33,9676.86,9676.86,3
2025-11-01T15:18:45.483726,15:18:45,9683.21,9683.21,3
2025-11-01T15:18:57.662252,15:18:57,9676.38,9676.38,3
2025-11-01T15:19:09.859711,15:19:09,9672.78,9672.78,3
2025-11-01T15:19:21.769419,15:19:21,9689.47,9689.47,3
2025-11-01T15:19:33.724855,15:19:33,9687.87,9687.87,3
2025-11-01T15:19:45.752258,15:19:45,9687.24,9687.24,3
2025-11-01T15:19:57.686231,15:19:57,9670.61,9670.61,3
2025-11-01T15:20:09.686599,15:20:09,9673.78,9673.78,3
2025-11-01T15:20:21.628942,15:20:21,9654.99,9654.99,3
2025-11-01T15:20:33.633642,15:20:33,9654.2,9654.2,3
2025-11-01T15:20:45.640513,15:20:45,9651.28,9651.28,3
2025-11-01T15:20:57.579799,15:20:57,9648.77,9648.77,3
2025-11-01T15:21:09.587121,15:21:09,9649.55,9649.55,3
2025-11-01T15:21:21.587161,15:21:21,9646.53,9646.53,3
2025-11-01T15:21:33.551425,15:21:33,9652.86,9652.86,3
2025-11-01T15:21:45.445356,15:21:45,9641.54,9641.54,3
2025-11-01T15:21:57.744531,15:21:57,9636.91,9636.91,3
2025-11-01T15:22:09.649212,15:22:09,9628.91,9628.91,3
2025-11-01T15:22:21.554388,15:22:21,9621.5,9621.5,3
2025-11-01T15:22:33.535782,15:22:33,9620.11,9620.11,3
2025-11-01T15:22:45.548840,15:22:45,9620.36,9620.36,3
2025-11-01T15:22:57.666857,15:22:57,9621.43,9621.43,3
2025-11-01T15:23:09.620588,15:23:09,9597.48,9597.48,3
2025-11-01T15:23:21.588244,15:23:21,9596.88,9596.88,3
2025-11-01T15:23:33.523377,15:23:33,9600.01,9600.01,3
2025-11-01T15:23:45.769250,15:23:45,9607.3,9607.3,3
2025-11-01T15:23:57.751770,15:23:57,9608.53,9608.53,3
2025-11-01T15:24:09.707363,15:24:09,9621.37,9621.37,3
2025-11-01T15:24:21.674375,15:24:21,9635.25,9635.25,3
2025-11-01T15:24:33.659779,15:24:33,9616.67,9616.67,3
2025-11-01T15:24:45.547480,15:24:45,9611.25,9611.25,3
2025-11-01T15:24:57.727900,15:24:57,9602.73,9602.73,3
2025-11-01T15:25:09.619208,15:25:09,9600.61,9600.61,3
2025-11-01T15:25:21.550101,15:25:21,9600.29,9600.29,3
2025-11-01T15:25:33.519589,15:25:33,9597.79,9597.79,3
2025-11-01T15:25:45.402084,15:25:45,9598.36,9598.36,3
2025-11-01T15:25:57.591127,15:25:57,9606.44,9606.44,3
2025-11-01T15:26:09.497786,15:26:09,9608.26,9608.26,3
2025-11-01T15:26:21.670770,15:26:21,9608.63,9608.63,3
2025-11-01T15:26:33.701127,15:26:33,9619.4,9619.4,3
2025-11-01T15:26:45.679220,15:26:45,9627.12,9627.12,3
2025-11-01T15:26:57.639714,15:26:57,9628.08,9628.08,3
2025-11-01T15:27:09.527415,15:27:09,9628.98,9628.98,3
2025-11-01T15:27:21.515603,15:27:21,9629.32,9629.32,3
2025-11-01T15:27:33.441342,15:27:33,9623.0,9623.0,3
2025-11-01T15:27:45.464093,15:27:45,9628.91,9628.91,3
2025-11-01T15:27:57.417038,15:27:57,9626.73,9626.73,3
2025-11-01T15:28:09.470172,15:28:09,9629.45,9629.45,3
2025-11-01T15:28:21.550153,15:28:21,9623.86,9623.86,3
2025-11-01T15:28:33.613058,15:28:33,9622.78,9622.78,3
2025-11-01T15:28:45.679664,15:28:45,9623.91,9623.91,3
2025-11-01T15:28:57.588155,15:28:57,9626.73,9626.73,3
2025-11-01T15:29:09.518407,15:29:09,9629.56,9629.56,3
2025-11-01T15:29:21.526983,15:29:21,9631.25,9631.25,3
2025-11-01T15:29:33.547216,15:29:33,9629.36,9629.36,3
2025-11-01T15:29:45.595511,15:29:45,9630.99,9630.99,3
2025-11-01T15:29:57.614597,15:29:57,9628.95,9628.95,3
2025-11-01T15:30:09.502912,15:30:09,9666.2,9666.2,3
2025-11-01T15:30:21.698135,15:30:21,9662.34,9662.34,3
2025-11-01T15:30:33.580686,15:30:33,9658.27,9658.27,3
2025-11-01T15:30:45.712313,15:30:45,9659.52,9659.52,3
2025-11-01T15:30:57.736954,15:30:57,9655.36,9655.36,3
2025-11-01T15:31:09.923806,15:31:09,9654.9,9654.9,3
2025-11-01T15:31:21.823417,15:31:21,9655.59,9655.59,3
2025-11-01T15:31:33.760425,15:31:33,9654.68,9654.68,3
2025-11-01T15:31:45.740332,15:31:45,9653.76,9653.76,3
2025-11-01T15:31:57.667950,15:31:57,9653.5,9653.5,3
2025-11-01T15:32:09.633621,15:32:09,9654.95,9654.95,3
2025-11-01T15:32:21.640863,15:32:21,9656.4,9656.4,3
2025-11-01T15:32:33.601527,15:32:33,9675.41,9675.41,3
2025-11-01T15:32:45.508806,15:32:45,9686.07,9686.07,3
2025-11-01T15:32:57.519102,15:32:57,9696.53,9696.53,3
2025-11-01T15:33:09.516475,15:33:09,9710.44,9710.44,3
2025-11-01T15:33:21.440573,15:33:21,9705.37,9705.37,3
2025-11-01T15:33:33.664815,15:33:33,9696.27,9696.27,3
2025-11-01T15:33:45.655948,15:33:45,9701.53,9701.53,3
2025-11-01T15:33:57.661107,15:33:57,9700.89,9700.89,3
2025-11-01T15:34:09.650872,15:34:09,9700.79,9700.79,3
2025-11-01T15:34:21.794477,15:34:21,9699.14,9699.14,3
2025-11-01T15:34:33.844641,15:34:33,9705.42,9705.42,3
2025-11-01T15:34:45.800814,15:34:45,9699.51,9699.51,3
2025-11-01T15:34:57.799539,15:34:57,9689.5,9689.5,3
2025-11-01T15:35:09.721422,15:35:09,9684.61,9684.61,3
2025-11-01T15:35:21.759655,15:35:21,9684.97,9684.97,3
2025-11-01T15:35:33.735508,15:35:33,9660.95,9660.95,3
2025-11-01T15:35:45.976950,15:35:45,9655.8,9655.8,3
2025-11-01T15:35:58.244692,15:35:58,9630.83,9630.83,3
2025-11-01T15:36:10.459213,15:36:10,9625.33,9625.33,3
2025-11-01T15:36:22.412526,15:36:22,9624.87,9624.87,3
2025-11-01T15:36:34.594077,15:36:34,9624.63,9624.63,3
2025-11-01T15:36:46.563720,15:36:46,9624.54,9624.54,3
2025-11-01T15:36:58.457715,15:36:58,9623.82,9623.82,3
2025-11-01T15:37:10.654853,15:37:10,9619.82,9619.82,3
2025-11-01T15:37:22.633842,15:37:22,9602.22,9602.22,3
2025-11-01T15:37:34.551995,15:37:34,9608.01,9608.01,3
2025-11-01T15:37:46.489980,15:37:46,9604.7,9604.7,3
2025-11-01T15:37:58.515634,15:37:58,9604.32,9604.32,3
2025-11-01T15:38:10.431931,15:38:10,9597.21,9597.21,3
2025-11-01T15:38:22.322280,15:38:22,9601.29,9601.29,3
2025-11-01T15:38:34.502831,15:38:34,9593.76,9593.76,3
2025-11-01T15:38:46.413800,15:38:46,9590.33,9590.33,3
2025-11-01T15:38:58.417147,15:38:58,9587.28,9587.28,3
2025-11-01T15:39:10.412126,15:39:10,9588.71,9588.71,3
2025-11-01T15:39:22.678282,15:39:22,9588.97,9588.97,3
2025-11-01T15:39:34.652167,15:39:34,9586.04,9586.04,3
2025-11-01T15:39:46.739563,15:39:46,9586.29,9586.29,3
2025-11-01T15:39:58.374933,15:39:58,9581.15,9581.15,3
2025-11-01T15:40:10.320187,15:40:10,9572.0,9572.0,3
2025-11-01T15:40:22.499097,15:40:22,9568.74,9568.74,3
2025-11-01T15:40:34.484987,15:40:34,9569.19,9569.19,3
2025-11-01T15:40:46.399273,15:40:46,9569.71,9569.71,3
2025-11-01T15:40:58.625900,15:40:58,9569.97,9569.97,3
2025-11-01T15:41:10.557594,15:41:10,9570.79,9570.79,3
2025-11-01T15:41:22.615907,15:41:22,9571.66,9571.66,3
2025-11-01T15:41:34.562592,15:41:34,9536.28,9536.28,3
2025-11-01T15:41:46.463798,15:41:46,9523.58,9523.58,3
2025-11-01T15:41:58.391992,15:41:58,9501.26,9501.26,3
2025-11-01T15:42:10.272287,15:42:10,9474.86,9474.86,3
2025-11-01T15:42:21.884597,15:42:21,9495.51,9495.51,3
2025-11-01T15:42:34.132018,15:42:34,9474.73,9474.73,3
2025-11-01T15:42:46.362619,15:42:46,9474.82,9474.82,3
2025-11-01T15:42:58.385203,15:42:58,9485.25,9485.25,3
2025-11-01T15:43:10.608959,15:43:10,9486.43,9486.43,3
2025-11-01T15:43:22.580299,15:43:22,9481.39,9481.39,3
2025-11-01T15:43:34.506276,15:43:34,9494.11,9494.11,3
2025-11-01T15:43:46.502462,15:43:46,9503.5,9503.5,3
2025-11-01T15:43:58.461319,15:43:58,9507.99,9507.99,3
2025-11-01T15:44:10.381767,15:44:10,9524.35,9524.35,3
2025-11-01T15:44:22.571583,15:44:22,9524.39,9524.39,3
2025-11-01T15:44:34.528563,15:44:34,9522.8,9522.8,3
2025-11-01T15:44:46.478771,15:44:46,9523.24,9523.24,3
2025-11-01T15:44:58.463283,15:44:58,9522.15,9522.15,3
2025-11-01T15:45:10.424686,15:45:10,9544.73,9544.73,3
2025-11-01T15:45:22.581767,15:45:22,9526.25,9526.25,3
2025-11-01T15:45:34.745529,15:45:34,9538.26,9538.26,3
2025-11-01T15:45:46.657317,15:45:46,9535.31,9535.31,3
2025-11-01T15:45:58.698065,15:45:58,9535.64,9535.64,3
2025-11-01T15:46:10.607555,15:46:10,9531.19,9531.19,3
2025-11-01T15:46:22.562307,15:46:22,9534.33,9534.33,3
2025-11-01T15:46:34.564281,15:46:34,9530.85,9530.85,3
2025-11-01T15:46:46.533760,15:46:46,9532.83,9532.83,3
2025-11-01T15:46:58.687409,15:46:58,9526.49,9526.49,3
2025-11-01T15:47:10.625219,15:47:10,9530.25,9530.25,3
2025-11-01T15:47:22.643029,15:47:22,9529.15,9529.15,3
2025-11-01T15:47:34.611357,15:47:34,9543.49,9543.49,3
2025-11-01T15:47:46.541078,15:47:46,9550.43,9550.43,3
2025-11-01T15:47:58.465031,15:47:58,9554.13,9554.13,3
2025-11-01T15:48:10.365855,15:48:10,9558.13,9558.13,3
2025-11-01T15:48:22.644803,15:48:22,9552.19,9552.19,3
2025-11-01T15:48:34.626717,15:48:34,9546.38,9546.38,3
2025-11-01T15:48:46.648386,15:48:46,9548.87,9548.87,3
2025-11-01T15:48:58.256174,15:48:58,9548.3,9548.3,3
2025-11-01T15:49:10.463026,15:49:10,9577.41,9577.41,3
2025-11-01T15:49:22.409664,15:49:22,9575.14,9575.14,3
2025-11-01T15:49:34.387317,15:49:34,9581.05,9581.05,3
2025-11-01T15:49:46.609389,15:49:46,9578.48,9578.48,3
2025-11-01T15:49:58.273552,15:49:58,9579.69,9579.69,3
2025-11-01T15:50:09.887628,15:50:09,9582.22,9582.22,3
2025-11-01T15:50:21.816737,15:50:21,9585.8,9585.8,3
2025-11-01T15:50:33.410974,15:50:33,9591.93,9591.93,3
2025-11-01T15:50:45.346161,15:50:45,9600.26,9600.26,3
2025-11-01T15:50:57.318811,15:50:57,9599.38,9599.38,3
2025-11-01T15:51:09.234498,15:51:09,9600.39,9600.39,3
2025-11-01T15:51:21.531883,15:51:21,9593.88,9593.88,3
2025-11-01T15:51:33.493702,15:51:33,9594.96,9594.96,3
2025-11-01T15:51:45.512433,15:51:45,9597.47,9597.47,3
2025-11-01T15:51:57.414101,15:51:57,9588.78,9588.78,3
2025-11-01T15:52:09.415391,15:52:09,9595.07,9595.07,3
2025-11-01T15:52:21.400878,15:52:21,9588.03,9588.03,3
2025-11-01T15:52:33.327826,15:52:33,9585.8,9585.8,3
2025-11-01T15:52:45.510959,15:52:45,9586.09,9586.09,3
2025-11-01T15:52:57.400701,15:52:57,9587.75,9587.75,3
2025-11-01T15:53:09.306141,15:53:09,9589.55,9589.55,3
2025-11-01T15:53:20.931870,15:53:20,9595.94,9595.94,3
2025-11-01T15:53:32.892536,15:53:32,9596.91,9596.91,3
2025-11-01T15:53:44.814239,15:53:44,9597.06,9597.06,3
2025-11-01T15:53:56.427697,15:53:56,9596.68,9596.68,3
2025-11-01T15:54:08.444128,15:54:08,9598.7,9598.7,3
2025-11-01T15:54:20.065065,15:54:20,9598.27,9598.27,3
2025-11-01T15:54:32.393539,15:54:32,9597.66,9597.66,3
2025-11-01T15:54:44.353490,15:54:44,9597.74,9597.74,3
2025-11-01T15:54:56.615775,15:54:56,9598.39,9598.39,3
2025-11-01T15:55:08.532669,15:55:08,9599.41,9599.41,3
2025-11-01T15:55:20.465943,15:55:20,9599.8,9599.8,3
2025-11-01T15:55:32.481915,15:55:32,9600.2,9600.2,3
2025-11-01T15:55:44.483613,15:55:44,9600.72,9600.72,3
2025-11-01T15:55:56.413873,15:55:56,9601.08,9601.08,3
2025-11-01T15:56:08.388403,15:56:08,9600.23,9600.23,3
2025-11-01T15:56:20.318940,15:56:20,9598.91,9598.91,3
2025-11-01T15:56:32.590590,15:56:32,9597.3,9597.3,3
2025-11-01T15:56:44.519518,15:56:44,9598.22,9598.22,3
2025-11-01T15:56:56.491553,15:56:56,9595.1,9595.1,3
2025-11-01T15:57:08.400252,15:57:08,9595.3,9595.3,3
2025-11-01T15:57:20.377393,15:57:20,9596.04,9596.04,3
2025-11-01T15:57:32.557806,15:57:32,9597.04,9597.04,3
2025-11-01T15:57:44.498949,15:57:44,9597.06,9597.06,3
2025-11-01T15:57:56.388200,15:57:56,9596.93,9596.93,3
2025-11-01T15:58:08.586384,15:58:08,9595.51,9595.51,3
2025-11-01T15:58:20.564696,15:58:20,9594.61,9594.61,3
2025-11-01T15:58:32.511504,15:58:32,9593.55,9593.55,3
2025-11-01T15:58:44.493779,15:58:44,9592.59,9592.59,3
2025-11-01T15:58:56.523829,15:58:56,9621.46,9621.46,3
2025-11-01T15:59:08.479674,15:59:08,9638.7,9638.7,3
2025-11-01T15:59:20.458045,15:59:20,9637.32,9637.32,3
2025-11-01T15:59:32.435298,15:59:32,9616.73,9616.73,3
2025-11-01T15:59:44.644686,15:59:44,9612.69,9612.69,3
2025-11-01T15:59:56.596848,15:59:56,9615.05,9615.05,3
2025-11-01T16:00:08.516751,16:00:08,9609.07,9609.07,3
2025-11-01T16:00:20.552606,16:00:20,9610.1,9610.1,3
2025-11-01T16:00:32.456376,16:00:32,9608.28,9608.28,3
2025-11-01T16:00:44.488883,16:00:44,9607.72,9607.72,3
2025-11-01T16:00:56.475709,16:00:56,9605.7,9605.7,3
2025-11-01T16:01:08.417831,16:01:08,9602.36,9602.36,3
2025-11-01T16:01:20.628768,16:01:20,9601.75,9601.75,3
2025-11-01T16:01:32.529653,16:01:32,9596.46,9596.46,3
2025-11-01T16:01:44.498183,16:01:44,9600.77,9600.77,3
2025-11-01T16:01:56.437988,16:01:56,9602.14,9602.14,3
2025-11-01T16:02:08.648962,16:02:08,9607.92,9607.92,3
2025-11-01T16:02:20.607711,16:02:20,9608.8,9608.8,3
2025-11-01T16:02:32.538679,16:02:32,9622.8,9622.8,3
2025-11-01T16:02:44.555294,16:02:44,9623.15,9623.15,3
2025-11-01T16:02:56.537983,16:02:56,9623.42,9623.42,3
2025-11-01T16:03:08.572439,16:03:08,9635.54,9635.54,3
2025-11-01T16:03:20.465101,16:03:20,9635.37,9635.37,3
2025-11-01T16:03:32.388346,16:03:32,9651.6,9651.6,3
2025-11-01T16:03:44.691614,16:03:44,9640.64,9640.64,3
2025-11-01T16:03:56.597948,16:03:56,9641.68,9641.68,3
2025-11-01T16:04:08.607212,16:04:08,9641.03,9641.03,3
2025-11-01T16:04:20.576857,16:04:20,9642.41,9642.41,3
2025-11-01T16:04:32.220018,16:04:32,9644.53,9644.53,3
2025-11-01T16:04:44.665548,16:04:44,9643.95,9643.95,3
2025-11-01T16:04:56.614576,16:04:56,9639.43,9639.43,3
2025-11-01T16:05:08.649669,16:05:08,9631.55,9631.55,3
2025-11-01T16:05:20.593731,16:05:20,9630.84,9630.84,3
2025-11-01T16:05:32.539589,16:05:32,9632.58,9632.58,3
2025-11-01T16:05:44.457945,16:05:44,9639.61,9639.61,3
2025-11-01T16:05:56.411284,16:05:56,9637.86,9637.86,3
2025-11-01T16:06:08.565620,16:06:08,9609.52,9609.52,3
2025-11-01T16:06:20.492720,16:06:20,9607.1,9607.1,3
2025-11-01T16:06:32.557707,16:06:32,9589.8,9589.8,3
2025-11-01T16:06:44.522056,16:06:44,9588.9,9588.9,3
2025-11-01T16:06:56.435459,16:06:56,9585.42,9585.42,3
2025-11-01T16:07:08.380070,16:07:08,9573.43,9573.43,3
2025-11-01T16:07:20.378885,16:07:20,9568.58,9568.58,3
2025-11-01T16:07:32.634993,16:07:32,9566.68,9566.68,3
2025-11-01T16:07:44.600919,16:07:44,9568.89,9568.89,3
2025-11-01T16:07:56.287956,16:07:56,9584.72,9584.72,3
2025-11-01T16:08:08.523964,16:08:08,9584.51,9584.51,3
2025-11-01T16:08:20.729795,16:08:20,9588.29,9588.29,3
2025-11-01T16:08:32.651944,16:08:32,9589.92,9589.92,3
2025-11-01T16:08:44.610430,16:08:44,9590.43,9590.43,3
2025-11-01T16:08:56.550889,16:08:56,9587.23,9587.23,3
2025-11-01T16:09:08.533179,16:09:08,9582.89,9582.89,3
2025-11-01T16:09:20.426432,16:09:20,9580.81,9580.81,3
2025-11-01T16:09:32.636366,16:09:32,9581.6,9581.6,3
2025-11-01T16:09:44.684460,16:09:44,9581.82,9581.82,3
2025-11-01T16:09:56.582665,16:09:56,9600.78,9600.78,3
2025-11-01T16:10:08.508349,16:10:08,9611.74,9611.74,3
2025-11-01T16:10:20.504599,16:10:20,9623.71,9623.71,3
2025-11-01T16:10:32.470297,16:10:32,9623.33,9623.33,3
2025-11-01T16:10:44.493760,16:10:44,9621.47,9621.47,3
2025-11-01T16:10:56.473010,16:10:56,9616.95,9616.95,3
2025-11-01T16:11:08.432380,16:11:08,9620.57,9620.57,3
2025-11-01T16:11:20.389512,16:11:20,9618.8,9618.8,3
2025-11-01T16:11:32.606942,16:11:32,9617.18,9617.18,3
2025-11-01T16:11:44.561799,16:11:44,9617.36,9617.36,3
2025-11-01T16:11:56.575421,16:11:56,9618.3,9618.3,3
2025-11-01T16:12:08.603226,16:12:08,9618.74,9618.74,3
2025-11-01T16:12:20.564858,16:12:20,9619.42,9619.42,3
2025-11-01T16:12:32.757213,16:12:32,9619.94,9619.94,3
2025-11-01T16:12:44.771022,16:12:44,9621.73,9621.73,3
2025-11-01T16:12:56.670399,16:12:56,9615.76,9615.76,3
2025-11-01T16:13:08.562643,16:13:08,9618.02,9618.02,3
2025-11-01T16:13:20.462230,16:13:20,9617.57,9617.57,3
2025-11-01T16:13:32.367926,16:13:32,9618.26,9618.26,3
2025-11-01T16:13:44.841080,16:13:44,9635.63,9635.63,3
2025-11-01T16:13:56.754862,16:13:56,9655.69,9655.69,3
2025-11-01T16:14:08.960770,16:14:08,9655.43,9655.43,3
2025-11-01T16:14:20.849850,16:14:20,9658.22,9658.22,3
2025-11-01T16:14:32.793892,16:14:32,9658.15,9658.15,3
2025-11-01T16:14:44.893405,16:14:44,9657.97,9657.97,3
2025-11-01T16:14:57.173014,16:14:57,9660.12,9660.12,3
2025-11-01T16:15:09.147526,16:15:09,9657.57,9657.57,3
2025-11-01T16:15:21.146386,16:15:21,9660.43,9660.43,3
2025-11-01T16:15:33.322375,16:15:33,9658.9,9658.9,3
2025-11-01T16:15:45.291201,16:15:45,9657.77,9657.77,3
2025-11-01T16:15:57.218688,16:15:57,9672.22,9672.22,3
2025-11-01T16:16:09.407679,16:16:09,9674.87,9674.87,3
2025-11-01T16:16:21.667222,16:16:21,9678.9,9678.9,3
2025-11-01T16:16:33.624498,16:16:33,9682.09,9682.09,3
2025-11-01T16:16:45.549115,16:16:45,9686.29,9686.29,3
2025-11-01T16:16:57.469301,16:16:57,9687.26,9687.26,3
2025-11-01T16:17:09.450250,16:17:09,9689.83,9689.83,3
2025-11-01T16:17:21.658696,16:17:21,9689.28,9689.28,3
2025-11-01T16:17:33.663380,16:17:33,9689.1,9689.1,3
2025-11-01T16:17:45.618410,16:17:45,9686.44,9686.44,3
2025-11-01T16:17:57.568308,16:17:57,9682.49,9682.49,3
2025-11-01T16:18:09.527139,16:18:09,9679.85,9679.85,3
2025-11-01T16:18:21.450241,16:18:21,9677.56,9677.56,3
2025-11-01T16:18:33.669219,16:18:33,9675.06,9675.06,3
2025-11-01T16:18:45.679395,16:18:45,9676.19,9676.19,3
2025-11-01T16:18:57.685671,16:18:57,9678.26,9678.26,3
2025-11-01T16:19:09.621159,16:19:09,9653.02,9653.02,3
2025-11-01T16:19:21.509145,16:19:21,9651.53,9651.53,3
2025-11-01T16:19:33.697922,16:19:33,9653.33,9653.33,3
2025-11-01T16:19:45.598273,16:19:45,9654.11,9654.11,3
2025-11-01T16:19:57.635970,16:19:57,9682.13,9682.13,3
2025-11-01T16:20:09.616779,16:20:09,9660.92,9660.92,3
2025-11-01T16:20:21.552679,16:20:21,9653.89,9653.89,3
2025-11-01T16:20:33.172236,16:20:33,9656.64,9656.64,3
2025-11-01T16:20:45.129275,16:20:45,9659.27,9659.27,3
2025-11-01T16:20:57.367538,16:20:57,9658.28,9658.28,3
2025-11-01T16:21:09.683457,16:21:09,9665.2,9665.2,3
2025-11-01T16:21:21.622915,16:21:21,9665.92,9665.92,3
2025-11-01T16:21:33.564591,16:21:33,9666.17,9666.17,3
2025-11-01T16:21:45.512036,16:21:45,9665.59,9665.59,3
2025-11-01T16:21:57.420478,16:21:57,9665.17,9665.17,3
2025-11-01T16:22:09.294848,16:22:09,9691.9,9691.9,3
2025-11-01T16:22:21.205917,16:22:21,9705.05,9705.05,3
2025-11-01T16:22:33.394183,16:22:33,9724.02,9724.02,3
2025-11-01T16:22:45.517248,16:22:45,9724.96,9724.96,3
2025-11-01T16:22:57.468995,16:22:57,9732.81,9732.81,3
2025-11-01T16:23:09.549720,16:23:09,9734.15,9734.15,3
2025-11-01T16:23:21.509896,16:23:21,9733.95,9733.95,3
2025-11-01T16:23:33.497129,16:23:33,9716.93,9716.93,3
2025-11-01T16:23:45.533474,16:23:45,9710.0,9710.0,3
2025-11-01T16:23:57.441085,16:23:57,9707.66,9707.66,3
2025-11-01T16:24:09.673123,16:24:09,9692.69,9692.69,3
2025-11-01T16:24:21.591486,16:24:21,9695.64,9695.64,3
2025-11-01T16:24:33.479115,16:24:33,9698.06,9698.06,3
2025-11-01T16:24:45.678198,16:24:45,9696.82,9696.82,3
2025-11-01T16:24:57.629407,16:24:57,9698.55,9698.55,3
2025-11-01T16:25:09.846090,16:25:09,9700.48,9700.48,3
2025-11-01T16:25:21.791606,16:25:21,9705.31,9705.31,3
2025-11-01T16:25:33.719757,16:25:33,9703.9,9703.9,3
2025-11-01T16:25:45.633461,16:25:45,9703.9,9703.9,3
2025-11-01T16:25:57.604573,16:25:57,9701.84,9701.84,3
2025-11-01T16:26:09.552286,16:26:09,9699.74,9699.74,3
2025-11-01T16:26:21.479069,16:26:21,9699.52,9699.52,3
2025-11-01T16:26:33.437313,16:26:33,9695.37,9695.37,3
2025-11-01T16:26:45.328144,16:26:45,9693.86,9693.86,3
2025-11-01T16:26:57.509885,16:26:57,9696.14,9696.14,3
2025-11-01T16:27:09.421312,16:27:09,9696.36,9696.36,3
2025-11-01T16:27:21.284892,16:27:21,9700.62,9700.62,3
2025-11-01T16:27:33.529517,16:27:33,9703.76,9703.76,3
2025-11-01T16:27:45.419452,16:27:45,9719.41,9719.41,3
2025-11-01T16:27:57.398299,16:27:57,9720.94,9720.94,3
2025-11-01T16:28:09.527207,16:28:09,9722.17,9722.17,3
2025-11-01T16:28:21.475244,16:28:21,9723.42,9723.42,3
2025-11-01T16:28:33.412483,16:28:33,9721.24,9721.24,3
2025-11-01T16:28:45.293792,16:28:45,9721.32,9721.32,3
2025-11-01T16:28:57.476653,16:28:57,9722.15,9722.15,3
2025-11-01T16:29:09.382914,16:29:09,9723.33,9723.33,3
2025-11-01T16:29:21.619436,16:29:21,9724.19,9724.19,3
2025-11-01T16:29:33.512640,16:29:33,9725.34,9725.34,3
2025-11-01T16:29:45.481027,16:29:45,9729.65,9729.65,3
2025-11-01T16:29:57.407536,16:29:57,9747.77,9747.77,3
2025-11-01T16:30:09.484772,16:30:09,9758.06,9758.06,3
2025-11-01T16:30:21.412149,16:30:21,9775.26,9775.26,3
2025-11-01T16:30:33.584491,16:30:33,9776.91,9776.91,3
2025-11-01T16:30:45.514940,16:30:45,9779.64,9779.64,3
2025-11-01T16:30:57.427161,16:30:57,9779.92,9779.92,3
2025-11-01T16:31:09.298193,16:31:09,9777.9,9777.9,3
2025-11-01T16:31:21.266782,16:31:21,9777.22,9777.22,3
2025-11-01T16:31:33.195280,16:31:33,9793.66,9793.66,3
2025-11-01T16:31:45.436364,16:31:45,9797.43,9797.43,3
2025-11-01T16:31:57.618553,16:31:57,9797.99,9797.99,3
2025-11-01T16:32:09.596685,16:32:09,9796.93,9796.93,3
2025-11-01T16:32:21.689344,16:32:21,9796.63,9796.63,3
2025-11-01T16:32:33.593926,16:32:33,9794.6,9794.6,3
2025-11-01T16:32:45.496856,16:32:45,9793.17,9793.17,3
2025-11-01T16:32:57.421709,16:32:57,9787.82,9787.82,3
2025-11-01T16:33:09.387968,16:33:09,9774.52,9774.52,3
2025-11-01T16:33:21.571164,16:33:21,9770.01,9770.01,3
2025-11-01T16:33:33.511294,16:33:33,9771.6,9771.6,3
2025-11-01T16:33:45.186309,16:33:45,9771.58,9771.58,3
2025-11-01T16:33:56.767996,16:33:56,9767.42,9767.42,3
2025-11-01T16:34:08.636628,16:34:08,9768.12,9768.12,3
2025-11-01T16:34:20.516938,16:34:20,9769.36,9769.36,3
2025-11-01T16:34:32.504001,16:34:32,9769.16,9769.16,3
2025-11-01T16:34:44.455040,16:34:44,9768.36,9768.36,3
2025-11-01T16:34:56.418870,16:34:56,9770.1,9770.1,3
2025-11-01T16:35:08.651876,16:35:08,9769.55,9769.55,3
2025-11-01T16:35:20.557539,16:35:20,9776.88,9776.88,3
2025-11-01T16:35:32.513804,16:35:32,9778.72,9778.72,3
2025-11-01T16:35:44.438293,16:35:44,9776.91,9776.91,3
2025-11-01T16:35:56.451769,16:35:56,9780.16,9780.16,3
2025-11-01T16:36:08.614085,16:36:08,9792.13,9792.13,3
2025-11-01T16:36:20.487190,16:36:20,9792.67,9792.67,3
2025-11-01T16:36:32.488182,16:36:32,9808.9,9808.9,3
2025-11-01T16:36:44.398633,16:36:44,9810.5,9810.5,3
2025-11-01T16:36:56.577748,16:36:56,9818.32,9818.32,3
2025-11-01T16:37:08.441572,16:37:08,9818.2,9818.2,3
2025-11-01T16:37:20.378581,16:37:20,9814.43,9814.43,3
2025-11-01T16:37:32.566624,16:37:32,9809.81,9809.81,3
2025-11-01T16:37:44.524167,16:37:44,9806.93,9806.93,3
2025-11-01T16:37:56.402419,16:37:56,9791.03,9791.03,3
2025-11-01T16:38:08.259452,16:38:08,9785.88,9785.88,3
2025-11-01T16:38:20.244356,16:38:20,9797.7,9797.7,3
2025-11-01T16:38:32.434335,16:38:32,9807.93,9807.93,3
2025-11-01T16:38:44.414286,16:38:44,9797.75,9797.75,3
2025-11-01T16:38:56.367721,16:38:56,9798.67,9798.67,3
2025-11-01T16:39:08.331471,16:39:08,9798.24,9798.24,3
2025-11-01T16:39:20.273474,16:39:20,9796.56,9796.56,3
2025-11-01T16:39:32.497994,16:39:32,9790.63,9790.63,3
2025-11-01T16:39:44.414451,16:39:44,9791.11,9791.11,3
2025-11-01T16:39:56.568725,16:39:56,9791.08,9791.08,3
2025-11-01T16:40:08.563877,16:40:08,9790.23,9790.23,3
2025-11-01T16:40:20.519173,16:40:20,9787.95,9787.95,3
2025-11-01T16:40:32.435468,16:40:32,9787.05,9787.05,3
2025-11-01T16:40:44.303751,16:40:44,9785.89,9785.89,3
2025-11-01T16:40:56.463528,16:40:56,9792.91,9792.91,3
2025-11-01T16:41:08.354704,16:41:08,9797.18,9797.18,3
2025-11-01T16:41:20.021413,16:41:20,9797.07,9797.07,3
2025-11-01T16:41:32.003693,16:41:32,9797.16,9797.16,3
2025-11-01T16:41:44.203326,16:41:44,9797.89,9797.89,3
2025-11-01T16:41:56.505849,16:41:56,9792.07,9792.07,3
2025-11-01T16:42:08.381096,16:42:08,9791.11,9791.11,3
2025-11-01T16:42:20.300942,16:42:20,9785.03,9785.03,3
2025-11-01T16:42:32.513753,16:42:32,9783.37,9783.37,3
2025-11-01T16:42:44.517483,16:42:44,9784.81,9784.81,3
2025-11-01T16:42:56.454423,16:42:56,9784.49,9784.49,3
2025-11-01T16:43:08.649653,16:43:08,9787.49,9787.49,3
2025-11-01T16:43:20.643738,16:43:20,9789.94,9789.94,3
2025-11-01T16:43:32.341221,16:43:32,9790.64,9790.64,3
2025-11-01T16:43:44.579167,16:43:44,9788.77,9788.77,3
2025-11-01T16:43:56.497685,16:43:56,9789.22,9789.22,3
2025-11-01T16:44:08.401391,16:44:08,9773.09,9773.09,3
2025-11-01T16:44:20.408853,16:44:20,9768.91,9768.91,3
2025-11-01T16:44:32.634661,16:44:32,9759.45,9759.45,3
2025-11-01T16:44:44.601772,16:44:44,9759.78,9759.78,3
2025-11-01T16:44:56.612448,16:44:56,9760.15,9760.15,3
2025-11-01T16:45:08.527850,16:45:08,9765.68,9765.68,3
2025-11-01T16:45:20.499289,16:45:20,9770.64,9770.64,3
2025-11-01T16:45:32.476101,16:45:32,9775.1,9775.1,3
2025-11-01T16:45:44.344943,16:45:44,9774.96,9774.96,3
2025-11-01T16:45:56.220831,16:45:56,9768.35,9768.35,3
2025-11-01T16:46:08.391636,16:46:08,9758.69,9758.69,3
2025-11-01T16:46:20.563866,16:46:20,9756.6,9756.6,3
2025-11-01T16:46:32.524072,16:46:32,9757.67,9757.67,3
2025-11-01T16:46:44.458067,16:46:44,9757.49,9757.49,3
2025-11-01T16:46:56.385315,16:46:56,9756.85,9756.85,3
2025-11-01T16:47:08.560052,16:47:08,9755.72,9755.72,3
2025-11-01T16:47:20.607412,16:47:20,9767.66,9767.66,3
2025-11-01T16:47:32.566365,16:47:32,9763.98,9763.98,3
2025-11-01T16:47:44.475065,16:47:44,9766.42,9766.42,3
2025-11-01T16:47:56.385240,16:47:56,9767.79,9767.79,3
2025-11-01T16:48:08.650186,16:48:08,9769.43,9769.43,3
2025-11-01T16:48:20.573926,16:48:20,9768.54,9768.54,3
2025-11-01T16:48:32.507073,16:48:32,9768.19,9768.19,3
2025-11-01T16:48:44.400855,16:48:44,9764.44,9764.44,3
2025-11-01T16:48:56.298937,16:48:56,9766.91,9766.91,3
2025-11-01T16:49:07.899146,16:49:07,9767.5,9767.5,3
2025-11-01T16:49:19.839837,16:49:19,9772.24,9772.24,3
2025-11-01T16:49:31.730817,16:49:31,9768.33,9768.33,3
2025-11-01T16:49:43.680216,16:49:43,9770.81,9770.81,3
2025-11-01T16:49:55.642161,16:49:55,9768.66,9768.66,3
2025-11-01T16:50:07.563637,16:50:07,9761.28,9761.28,3
2025-11-01T16:50:19.458086,16:50:19,9742.88,9742.88,3
2025-11-01T16:50:31.387882,16:50:31,9749.72,9749.72,3
2025-11-01T16:50:43.583141,16:50:43,9748.18,9748.18,3
2025-11-01T16:50:55.486520,16:50:55,9746.67,9746.67,3
2025-11-01T16:51:07.479475,16:51:07,9746.37,9746.37,3
2025-11-01T16:51:19.416362,16:51:19,9731.94,9731.94,3
2025-11-01T16:51:31.637829,16:51:31,9723.48,9723.48,3
2025-11-01T16:51:43.768726,16:51:43,9721.63,9721.63,3
2025-11-01T16:51:55.699689,16:51:55,9720.15,9720.15,3
2025-11-01T16:52:07.642109,16:52:07,9718.02,9718.02,3
2025-11-01T16:52:19.649331,16:52:19,9717.58,9717.58,3
2025-11-01T16:52:31.629447,16:52:31,9719.59,9719.59,3
2025-11-01T16:52:43.604965,16:52:43,9718.14,9718.14,3
2025-11-01T16:52:55.554832,16:52:55,9713.48,9713.48,3
2025-11-01T16:53:07.475937,16:53:07,9716.44,9716.44,3
2025-11-01T16:53:19.369393,16:53:19,9711.67,9711.67,3
2025-11-01T16:53:31.308550,16:53:31,9703.7,9703.7,3
2025-11-01T16:53:43.546910,16:53:43,9714.96,9714.96,3
2025-11-01T16:53:55.444678,16:53:55,9709.69,9709.69,3
2025-11-01T16:54:07.405025,16:54:07,9707.04,9707.04,3
2025-11-01T16:54:19.572392,16:54:19,9693.72,9693.72,3
2025-11-01T16:54:31.651359,16:54:31,9676.54,9676.54,3
2025-11-01T16:54:43.225841,16:54:43,9684.79,9684.79,3
2025-11-01T16:54:55.482465,16:54:55,9677.05,9677.05,3
2025-11-01T16:55:07.068823,16:55:07,9681.93,9681.93,3
2025-11-01T16:55:19.225239,16:55:19,9678.81,9678.81,3
2025-11-01T16:55:31.176060,16:55:31,9674.32,9674.32,3
2025-11-01T16:55:43.049122,16:55:43,9675.62,9675.62,3
2025-11-01T16:55:55.223243,16:55:55,9671.94,9671.94,3
2025-11-01T16:56:07.442003,16:56:07,9676.2,9676.2,3
2025-11-01T16:56:19.592115,16:56:19,9656.51,9656.51,3
2025-11-01T16:56:31.459917,16:56:31,9656.45,9656.45,3
2025-11-01T16:56:43.652469,16:56:43,9655.38,9655.38,3
2025-11-01T16:56:55.532024,16:56:55,9657.08,9657.08,3
2025-11-01T16:57:07.404016,16:57:07,9657.87,9657.87,3
2025-11-01T16:57:19.589156,16:57:19,9651.64,9651.64,3
2025-11-01T16:57:31.444872,16:57:31,9659.44,9659.44,3
2025-11-01T16:57:43.634069,16:57:43,9666.97,9666.97,3
2025-11-01T16:57:55.250427,16:57:55,9669.86,9669.86,3
2025-11-01T16:58:07.392977,16:58:07,9670.76,9670.76,3
2025-11-01T16:58:19.330023,16:58:19,9672.74,9672.74,3
2025-11-01T16:58:31.523978,16:58:31,9653.53,9653.53,3
2025-11-01T16:58:43.467405,16:58:43,9644.87,9644.87,3
2025-11-01T16:58:55.400533,16:58:55,9650.96,9650.96,3
2025-11-01T16:59:07.449319,16:59:07,9650.46,9650.46,3
2025-11-01T16:59:19.599041,16:59:19,9648.96,9648.96,3
2025-11-01T16:59:31.623955,16:59:31,9642.58,9642.58,3
2025-11-01T16:59:43.604978,16:59:43,9632.21,9632.21,3
2025-11-01T16:59:55.574322,16:59:55,9634.55,9634.55,3
2025-11-01T17:00:07.521341,17:00:07,9633.2,9633.2,3
2025-11-01T17:00:19.463962,17:00:19,9632.17,9632.17,3
2025-11-01T17:00:31.359372,17:00:31,9633.02,9633.02,3
2025-11-01T17:00:43.585927,17:00:43,9635.26,9635.26,3
2025-11-01T17:00:55.456971,17:00:55,9626.84,9626.84,3
2025-11-01T17:01:07.378105,17:01:07,9625.49,9625.49,3
2025-11-01T17:01:19.647127,17:01:19,9618.99,9618.99,3
2025-11-01T17:01:31.579849,17:01:31,9591.3,9591.3,3
2025-11-01T17:01:43.484207,17:01:43,9602.35,9602.35,3
2025-11-01T17:01:55.427825,17:01:55,9598.61,9598.61,3
2025-11-01T17:02:07.318540,17:02:07,9613.45,9613.45,3
2025-11-01T17:02:19.274606,17:02:19,9610.08,9610.08,3
2025-11-01T17:02:31.108902,17:02:31,9602.08,9602.08,3
2025-11-01T17:02:43.312094,17:02:43,9600.58,9600.58,3
2025-11-01T17:02:55.477354,17:02:55,9597.77,9597.77,3
2025-11-01T17:03:07.711485,17:03:07,9598.61,9598.61,3
2025-11-01T17:03:19.961629,17:03:19,9599.94,9599.94,3
2025-11-01T17:03:31.866030,17:03:31,9604.41,9604.41,3
2025-11-01T17:03:43.733071,17:03:43,9606.48,9606.48,3
2025-11-01T17:03:55.598650,17:03:55,9611.41,9611.41,3
2025-11-01T17:04:07.519646,17:04:07,9621.23,9621.23,3
2025-11-01T17:04:19.743177,17:04:19,9622.59,9622.59,3
2025-11-01T17:04:31.633216,17:04:31,9619.68,9619.68,3
2025-11-01T17:04:43.240917,17:04:43,9617.48,9617.48,3
2025-11-01T17:04:55.381084,17:04:55,9616.36,9616.36,3
2025-11-01T17:05:07.408604,17:05:07,9610.82,9610.82,3
2025-11-01T17:05:19.635151,17:05:19,9606.53,9606.53,3
2025-11-01T17:05:31.624025,17:05:31,9603.57,9603.57,3
2025-11-01T17:05:43.802888,17:05:43,9604.33,9604.33,3
2025-11-01T17:05:55.716551,17:05:55,9606.01,9606.01,3
2025-11-01T17:06:07.721396,17:06:07,9604.79,9604.79,3
2025-11-01T17:06:19.963897,17:06:19,9605.09,9605.09,3
2025-11-01T17:06:31.866969,17:06:31,9602.88,9602.88,3
2025-11-01T17:06:43.817085,17:06:43,9600.65,9600.65,3
2025-11-01T17:06:55.826236,17:06:55,9599.15,9599.15,3
2025-11-01T17:07:07.743795,17:07:07,9598.28,9598.28,3
2025-11-01T17:07:19.930526,17:07:19,9600.06,9600.06,3
2025-11-01T17:07:32.164561,17:07:32,9592.9,9592.9,3
2025-11-01T17:07:44.088813,17:07:44,9591.88,9591.88,3
2025-11-01T17:07:55.714472,17:07:55,9587.94,9587.94,3
2025-11-01T17:08:07.575975,17:08:07,9575.71,9575.71,3
2025-11-01T17:08:19.729782,17:08:19,9579.27,9579.27,3
2025-11-01T17:08:31.602766,17:08:31,9573.1,9573.1,3
2025-11-01T17:08:51.599951,17:08:51,9585.94,9585.94,3
2025-11-01T17:09:33.189539,17:09:33,9596.74,9596.74,3
2025-11-01T17:09:45.390371,17:09:45,9616.52,9616.52,3
2025-11-01T17:09:57.514170,17:09:57,9616.37,9616.37,3
2025-11-01T17:10:09.415167,17:10:09,9614.11,9614.11,3
2025-11-01T17:10:21.573863,17:10:21,9614.9,9614.9,3
2025-11-01T17:10:33.470407,17:10:33,9615.33,9615.33,3
2025-11-01T17:10:45.392121,17:10:45,9611.23,9611.23,3
2025-11-01T17:10:57.632527,17:10:57,9609.13,9609.13,3
2025-11-01T17:11:09.486241,17:11:09,9621.39,9621.39,3
2025-11-01T17:11:21.333987,17:11:21,9622.36,9622.36,3
2025-11-01T17:11:33.250495,17:11:33,9630.93,9630.93,3
2025-11-01T17:11:45.416435,17:11:45,9643.16,9643.16,3
2025-11-01T17:11:57.298167,17:11:57,9643.29,9643.29,3
2025-11-01T17:12:09.452483,17:12:09,9651.69,9651.69,3
2025-11-01T17:12:21.307883,17:12:21,9658.52,9658.52,3
2025-11-01T17:12:33.217805,17:12:33,9663.69,9663.69,3
2025-11-01T17:12:45.379437,17:12:45,9665.87,9665.87,3
2025-11-01T17:12:57.530964,17:12:57,9666.72,9666.72,3
2025-11-01T17:13:09.444169,17:13:09,9667.63,9667.63,3
2025-11-01T17:13:21.362403,17:13:21,9665.91,9665.91,3
2025-11-01T17:13:33.553272,17:13:33,9663.62,9663.62,3
2025-11-01T17:13:45.169953,17:13:45,9657.53,9657.53,3
2025-11-01T17:13:57.328442,17:13:57,9656.28,9656.28,3
2025-11-01T17:14:09.516488,17:14:09,9654.38,9654.38,3
2025-11-01T17:14:21.525879,17:14:21,9652.82,9652.82,3
2025-11-01T17:14:33.479288,17:14:33,9654.88,9654.88,3
2025-11-01T17:14:45.366123,17:14:45,9658.41,9658.41,3
2025-11-01T17:14:57.547670,17:14:57,9655.07,9655.07,3
2025-11-01T17:15:09.383586,17:15:09,9659.25,9659.25,3
2025-11-01T17:15:21.229770,17:15:21,9657.23,9657.23,3
2025-11-01T17:15:33.373783,17:15:33,9654.69,9654.69,3
2025-11-01T17:15:44.947235,17:15:44,9650.66,9650.66,3
2025-11-01T17:15:57.124041,17:15:57,9650.49,9650.49,3
2025-11-01T17:16:09.038720,17:16:09,9655.02,9655.02,3
2025-11-01T17:16:20.889658,17:16:20,9653.58,9653.58,3
2025-11-01T17:16:32.838588,17:16:32,9653.58,9653.58,3
2025-11-01T17:16:44.690914,17:16:44,9648.3,9648.3,3
2025-11-01T17:16:56.566041,17:16:56,9645.41,9645.41,3
2025-11-01T17:17:08.427270,17:17:08,9647.91,9647.91,3
2025-11-01T17:17:20.364736,17:17:20,9647.51,9647.51,3
2025-11-01T17:17:32.340125,17:17:32,9647.0,9647.0,3
2025-11-01T17:17:44.570448,17:17:44,9648.93,9648.93,3
2025-11-01T17:17:56.516552,17:17:56,9639.98,9639.98,3
2025-11-01T17:18:08.374902,17:18:08,9640.57,9640.57,3
2025-11-01T17:18:20.659170,17:18:20,9638.06,9638.06,3
2025-11-01T17:18:32.532320,17:18:32,9636.4,9636.4,3
2025-11-01T17:18:44.474061,17:18:44,9649.73,9649.73,3
2025-11-01T17:18:56.493136,17:18:56,9647.59,9647.59,3
2025-11-01T17:19:08.072090,17:19:08,9645.91,9645.91,3
2025-11-01T17:19:19.644412,17:19:19,9648.29,9648.29,3
2025-11-01T17:19:31.511353,17:19:31,9652.2,9652.2,3
2025-11-01T17:19:43.500646,17:19:43,9657.51,9657.51,3
2025-11-01T17:19:55.717107,17:19:55,9661.55,9661.55,3
2025-11-01T17:20:07.630309,17:20:07,9682.2,9682.2,3
2025-11-01T17:20:19.519761,17:20:19,9683.08,9683.08,3
2025-11-01T17:20:31.385579,17:20:31,9679.85,9679.85,3
2025-11-01T17:20:43.562469,17:20:43,9681.02,9681.02,3
2025-11-01T17:20:55.673997,17:20:55,9680.9,9680.9,3
2025-11-01T17:21:07.246388,17:21:07,9681.19,9681.19,3
2025-11-01T17:21:19.408021,17:21:19,9685.9,9685.9,3
2025-11-01T17:21:31.290454,17:21:31,9697.91,9697.91,3
2025-11-01T17:21:43.385953,17:21:43,9702.6,9702.6,3
2025-11-01T17:21:55.568719,17:21:55,9714.83,9714.83,3
2025-11-01T17:22:07.512774,17:22:07,9743.13,9743.13,3
2025-11-01T17:22:19.408863,17:22:19,9742.09,9742.09,3
2025-11-01T17:22:31.615780,17:22:31,9733.44,9733.44,3
2025-11-01T17:22:43.579344,17:22:43,9733.69,9733.69,3
2025-11-01T17:22:55.418114,17:22:55,9737.7,9737.7,3
2025-11-01T17:23:07.592169,17:23:07,9739.32,9739.32,3
2025-11-01T17:23:19.592444,17:23:19,9738.53,9738.53,3
2025-11-01T17:23:31.202925,17:23:31,9732.15,9732.15,3
2025-11-01T17:23:43.343180,17:23:43,9729.19,9729.19,3
2025-11-01T17:23:55.240433,17:23:55,9723.71,9723.71,3
2025-11-01T17:24:07.403943,17:24:07,9732.85,9732.85,3
2025-11-01T17:24:19.549545,17:24:19,9727.92,9727.92,3
2025-11-01T17:24:31.436668,17:24:31,9723.61,9723.61,3
2025-11-01T17:24:43.620021,17:24:43,9692.71,9692.71,3
2025-11-01T17:24:55.500857,17:24:55,9681.46,9681.46,3
2025-11-01T17:25:07.379858,17:25:07,9691.48,9691.48,3
2025-11-01T17:25:19.311432,17:25:19,9700.84,9700.84,3
2025-11-01T17:25:31.283219,17:25:31,9699.19,9699.19,3
2025-11-01T17:25:43.167404,17:25:43,9698.56,9698.56,3
2025-11-01T17:25:55.079056,17:25:55,9699.17,9699.17,3
2025-11-01T17:26:07.338136,17:26:07,9709.52,9709.52,3
2025-11-01T17:26:19.178484,17:26:19,9709.87,9709.87,3
2025-11-01T17:26:31.033105,17:26:31,9713.79,9713.79,3
2025-11-01T17:26:43.193368,17:26:43,9691.78,9691.78,3
2025-11-01T17:26:55.010604,17:26:55,9689.64,9689.64,3
2025-11-01T17:27:06.587474,17:27:06,9696.39,9696.39,3
2025-11-01T17:27:18.495338,17:27:18,9682.62,9682.62,3
2025-11-01T17:27:30.449075,17:27:30,9679.8,9679.8,3
2025-11-01T17:27:42.366137,17:27:42,9689.82,9689.82,3
2025-11-01T17:27:53.987989,17:27:53,9692.41,9692.41,3
2025-11-01T17:28:06.135799,17:28:06,9695.08,9695.08,3
2025-11-01T17:28:18.310780,17:28:18,9696.08,9696.08,3
2025-11-01T17:28:30.433880,17:28:30,9697.02,9697.02,3
2025-11-01T17:28:42.302753,17:28:42,9696.78,9696.78,3
2025-11-01T17:28:54.220239,17:28:54,9694.88,9694.88,3
2025-11-01T17:29:06.113994,17:29:06,9693.77,9693.77,3
2025-11-01T17:29:17.676638,17:29:17,9693.72,9693.72,3
2025-11-01T17:29:29.538099,17:29:29,9694.05,9694.05,3
2025-11-01T17:29:41.463164,17:29:41,9695.13,9695.13,3
2025-11-01T17:29:53.398611,17:29:53,9696.6,9696.6,3
2025-11-01T17:30:05.476497,17:30:05,9723.21,9723.21,3
2025-11-01T17:30:17.395028,17:30:17,9724.71,9724.71,3
2025-11-01T17:30:29.419950,17:30:29,9706.41,9706.41,3
2025-11-01T17:30:41.417082,17:30:41,9715.16,9715.16,3
2025-11-01T17:30:53.318288,17:30:53,9713.82,9713.82,3
2025-11-01T17:31:05.532545,17:31:05,9713.88,9713.88,3
2025-11-01T17:31:17.483402,17:31:17,9723.87,9723.87,3
2025-11-01T17:31:29.428428,17:31:29,9728.51,9728.51,3
2025-11-01T17:31:41.648125,17:31:41,9710.75,9710.75,3
2025-11-01T17:31:53.589114,17:31:53,9721.15,9721.15,3
2025-11-01T17:32:05.449281,17:32:05,9725.53,9725.53,3
2025-11-01T17:32:17.675139,17:32:17,9724.85,9724.85,3
2025-11-01T17:32:29.577499,17:32:29,9724.58,9724.58,3
2025-11-01T17:32:41.692464,17:32:41,9725.13,9725.13,3
2025-11-01T17:32:53.527270,17:32:53,9719.7,9719.7,3
2025-11-01T17:33:05.425820,17:33:05,9719.06,9719.06,3
2025-11-01T17:33:17.346136,17:33:17,9718.37,9718.37,3
2025-11-01T17:33:29.541403,17:33:29,9718.62,9718.62,3
2025-11-01T17:33:41.474170,17:33:41,9720.66,9720.66,3
2025-11-01T17:33:53.333304,17:33:53,9720.75,9720.75,3
2025-11-01T17:34:05.048566,17:34:05,9735.81,9735.81,3
2025-11-01T17:34:17.169303,17:34:17,9738.37,9738.37,3
2025-11-01T17:34:29.408754,17:34:29,9737.17,9737.17,3
2025-11-01T17:34:41.340573,17:34:41,9734.56,9734.56,3
2025-11-01T17:34:53.250220,17:34:53,9726.75,9726.75,3
2025-11-01T17:35:05.501291,17:35:05,9729.44,9729.44,3
2025-11-01T17:35:17.422530,17:35:17,9729.07,9729.07,3
2025-11-01T17:35:29.644642,17:35:29,9728.46,9728.46,3
2025-11-01T17:35:41.618805,17:35:41,9730.54,9730.54,3
2025-11-01T17:35:53.479072,17:35:53,9740.72,9740.72,3
2025-11-01T17:36:05.414937,17:36:05,9740.95,9740.95,3
2025-11-01T17:36:17.561059,17:36:17,9761.95,9761.95,3
2025-11-01T17:36:29.474428,17:36:29,9764.78,9764.78,3
2025-11-01T17:36:41.324433,17:36:41,9769.59,9769.59,3
2025-11-01T17:36:53.497875,17:36:53,9768.42,9768.42,3
2025-11-01T17:37:05.369736,17:37:05,9770.69,9770.69,3
2025-11-01T17:37:17.555191,17:37:17,9768.15,9768.15,3
2025-11-01T17:37:29.459694,17:37:29,9767.04,9767.04,3
2025-11-01T17:37:41.375159,17:37:41,9767.08,9767.08,3
2025-11-01T17:37:53.598094,17:37:53,9769.74,9769.74,3
2025-11-01T17:38:05.554085,17:38:05,9768.22,9768.22,3
2025-11-01T17:38:17.519518,17:38:17,9766.2,9766.2,3
2025-11-01T17:38:29.429017,17:38:29,9769.63,9769.63,3
2025-11-01T17:38:41.549266,17:38:41,9768.54,9768.54,3
2025-11-01T17:38:53.413243,17:38:53,9769.29,9769.29,3
2025-11-01T17:39:05.059699,17:39:05,9768.76,9768.76,3
2025-11-01T17:39:17.221513,17:39:17,9768.31,9768.31,3
2025-11-01T17:39:29.404461,17:39:29,9768.69,9768.69,3
2025-11-01T17:39:41.618102,17:39:41,9769.24,9769.24,3
2025-11-01T17:39:53.595202,17:39:53,9769.36,9769.36,3
2025-11-01T17:40:05.579061,17:40:05,9782.63,9782.63,3
2025-11-01T17:40:17.601035,17:40:17,9789.26,9789.26,3
2025-11-01T17:40:29.578541,17:40:29,9789.85,9789.85,3
2025-11-01T17:40:41.521362,17:40:41,9771.42,9771.42,3
2025-11-01T17:40:53.432093,17:40:53,9762.17,9762.17,3
2025-11-01T17:41:05.362400,17:41:05,9759.66,9759.66,3
2025-11-01T17:41:17.204935,17:41:17,9759.48,9759.48,3
2025-11-01T17:41:29.429679,17:41:29,9754.63,9754.63,3
2025-11-01T17:41:41.308117,17:41:41,9752.71,9752.71,3
2025-11-01T17:41:53.264996,17:41:53,9750.41,9750.41,3
2025-11-01T17:42:05.149667,17:42:05,9749.23,9749.23,3
2025-11-01T17:42:17.339455,17:42:17,9747.66,9747.66,3
2025-11-01T17:42:29.350299,17:42:29,9746.49,9746.49,3
2025-11-01T17:42:41.536169,17:42:41,9745.28,9745.28,3
2025-11-01T17:42:53.576045,17:42:53,9743.91,9743.91,3
2025-11-01T17:43:05.509308,17:43:05,9743.86,9743.86,3
2025-11-01T17:43:17.400247,17:43:17,9709.94,9709.94,3
2025-11-01T17:43:29.279725,17:43:29,9711.1,9711.1,3
2025-11-01T17:43:41.285399,17:43:41,9712.42,9712.42,3
2025-11-01T17:43:53.484590,17:43:53,9711.25,9711.25,3
2025-11-01T17:44:05.389727,17:44:05,9715.02,9715.02,3
2025-11-01T17:44:17.285137,17:44:17,9717.44,9717.44,3
2025-11-01T17:44:29.489176,17:44:29,9717.3,9717.3,3
2025-11-01T17:44:41.428579,17:44:41,9715.92,9715.92,3
2025-11-01T17:44:53.421502,17:44:53,9695.85,9695.85,3
2025-11-01T17:45:05.398302,17:45:05,9693.09,9693.09,3
2025-11-01T17:45:17.652532,17:45:17,9680.65,9680.65,3
2025-11-01T17:45:29.577793,17:45:29,9661.95,9661.95,3
2025-11-01T17:45:41.833866,17:45:41,9664.93,9664.93,3
2025-11-01T17:45:53.708151,17:45:53,9665.9,9665.9,3
2025-11-01T17:46:05.583060,17:46:05,9684.04,9684.04,3
2025-11-01T17:46:17.510480,17:46:17,9685.43,9685.43,3
2025-11-01T17:46:29.414834,17:46:29,9686.21,9686.21,3
2025-11-01T17:46:41.406995,17:46:41,9688.44,9688.44,3
2025-11-01T17:46:53.668044,17:46:53,9709.99,9709.99,3
2025-11-01T17:47:05.619744,17:47:05,9710.32,9710.32,3
2025-11-01T17:47:17.584583,17:47:17,9708.79,9708.79,3
2025-11-01T17:47:29.529460,17:47:29,9711.94,9711.94,3
2025-11-01T17:47:41.381968,17:47:41,9707.45,9707.45,3
2025-11-01T17:47:53.642340,17:47:53,9704.21,9704.21,3
2025-11-01T17:48:05.605810,17:48:05,9707.78,9707.78,3
2025-11-01T17:48:17.528007,17:48:17,9713.64,9713.64,3
2025-11-01T17:48:29.530010,17:48:29,9715.72,9715.72,3
2025-11-01T17:48:41.416173,17:48:41,9716.74,9716.74,3
2025-11-01T17:48:53.629387,17:48:53,9715.92,9715.92,3
2025-11-01T17:49:05.552156,17:49:05,9728.79,9728.79,3
2025-11-01T17:49:17.445463,17:49:17,9728.59,9728.59,3
2025-11-01T17:49:29.614648,17:49:29,9704.49,9704.49,3
2025-11-01T17:49:41.590347,17:49:41,9707.77,9707.77,3
2025-11-01T17:49:53.614102,17:49:53,9696.26,9696.26,3
2025-11-01T17:50:05.493717,17:50:05,9688.14,9688.14,3
2025-11-01T17:50:17.378604,17:50:17,9671.3,9671.3,3
2025-11-01T17:50:29.329953,17:50:29,9665.44,9665.44,3
2025-11-01T17:50:41.356011,17:50:41,9665.47,9665.47,3
2025-11-01T17:50:53.261431,17:50:53,9665.7,9665.7,3
2025-11-01T17:51:05.211049,17:51:05,9663.87,9663.87,3
2025-11-01T17:51:17.103731,17:51:17,9645.33,9645.33,3
2025-11-01T17:51:29.269823,17:51:29,9628.42,9628.42,3
2025-11-01T17:51:41.201926,17:51:41,9635.55,9635.55,3
2025-11-01T17:51:53.418130,17:51:53,9644.4,9644.4,3
2025-11-01T17:52:05.444832,17:52:05,9657.17,9657.17,3
2025-11-01T17:52:17.442280,17:52:17,9658.49,9658.49,3
2025-11-01T17:52:29.391581,17:52:29,9670.58,9670.58,3
2025-11-01T17:52:41.300494,17:52:41,9671.64,9671.64,3
2025-11-01T17:52:53.210085,17:52:53,9673.45,9673.45,3
2025-11-01T17:53:05.146553,17:53:05,9673.43,9673.43,3
2025-11-01T17:53:17.411634,17:53:17,9671.5,9671.5,3
2025-11-01T17:53:29.324505,17:53:29,9663.42,9663.42,3
2025-11-01T17:53:41.525581,17:53:41,9666.82,9666.82,3
2025-11-01T17:53:53.519300,17:53:53,9668.27,9668.27,3
2025-11-01T17:54:05.465783,17:54:05,9678.5,9678.5,3
2025-11-01T17:54:17.626496,17:54:17,9673.02,9673.02,3
2025-11-01T17:54:29.671810,17:54:29,9674.0,9674.0,3
2025-11-01T17:54:41.584859,17:54:41,9671.0,9671.0,3
2025-11-01T17:54:53.535302,17:54:53,9673.15,9673.15,3
2025-11-01T17:55:05.137852,17:55:05,9671.83,9671.83,3
2025-11-01T17:55:17.050160,17:55:17,9669.34,9669.34,3
2025-11-01T17:55:29.022119,17:55:29,9670.76,9670.76,3
2025-11-01T17:55:41.258237,17:55:41,9674.64,9674.64,3
2025-11-01T17:55:53.177513,17:55:53,9680.81,9680.81,3
2025-11-01T17:56:05.074275,17:56:05,9682.33,9682.33,3
2025-11-01T17:56:17.232035,17:56:17,9701.35,9701.35,3
2025-11-01T17:56:29.369814,17:56:29,9700.49,9700.49,3
2025-11-01T17:56:41.406351,17:56:41,9700.67,9700.67,3
2025-11-01T17:56:53.616058,17:56:53,9700.17,9700.17,3
2025-11-01T17:57:05.461119,17:57:05,9699.9,9699.9,3
2025-11-01T17:57:17.325501,17:57:17,9700.5,9700.5,3
2025-11-01T17:57:29.496605,17:57:29,9701.27,9701.27,3
2025-11-01T17:57:41.660494,17:57:41,9720.99,9720.99,3
2025-11-01T17:57:53.636547,17:57:53,9723.83,9723.83,3
2025-11-01T17:58:05.613431,17:58:05,9717.09,9717.09,3
2025-11-01T17:58:17.552465,17:58:17,9717.6,9717.6,3
2025-11-01T17:58:29.560750,17:58:29,9718.99,9718.99,3
2025-11-01T17:58:41.611618,17:58:41,9717.12,9717.12,3
2025-11-01T17:58:53.478639,17:58:53,9714.32,9714.32,3
2025-11-01T17:59:05.395828,17:59:05,9713.47,9713.47,3
2025-11-01T17:59:17.572530,17:59:17,9714.1,9714.1,3
2025-11-01T17:59:29.472627,17:59:29,9715.35,9715.35,3
2025-11-01T17:59:41.327573,17:59:41,9717.58,9717.58,3
2025-11-01T17:59:53.234834,17:59:53,9718.07,9718.07,3
2025-11-01T18:00:05.136944,18:00:05,9718.19,9718.19,3
2025-11-01T18:00:17.327664,18:00:17,9717.86,9717.86,3
2025-11-01T18:00:29.440673,18:00:29,9734.8,9734.8,3
2025-11-01T18:00:41.595451,18:00:41,9739.68,9739.68,3
2025-11-01T18:00:53.664078,18:00:53,9737.11,9737.11,3
2025-11-01T18:01:05.297307,18:01:05,9737.47,9737.47,3
2025-11-01T18:01:17.764948,18:01:17,9736.13,9736.13,3
2025-11-01T18:01:29.664669,18:01:29,9735.28,9735.28,3
2025-11-01T18:01:41.389573,18:01:41,9731.36,9731.36,3
2025-11-01T18:01:53.614746,18:01:53,9731.81,9731.81,3
2025-11-01T18:02:05.232876,18:02:05,9733.4,9733.4,3
2025-11-01T18:02:17.464128,18:02:17,9733.73,9733.73,3
2025-11-01T18:02:29.642636,18:02:29,9737.89,9737.89,3
2025-11-01T18:02:41.556244,18:02:41,9760.73,9760.73,3
2025-11-01T18:02:53.535571,18:02:53,9762.08,9762.08,3
2025-11-01T18:03:05.973241,18:03:05,9759.77,9759.77,3
2025-11-01T18:03:18.142144,18:03:18,9758.38,9758.38,3
2025-11-01T18:03:30.416242,18:03:30,9757.73,9757.73,3
2025-11-01T18:03:42.790023,18:03:42,9757.7,9757.7,3
2025-11-01T18:03:54.647893,18:03:54,9775.98,9775.98,3
2025-11-01T18:04:06.581418,18:04:06,9793.64,9793.64,3
2025-11-01T18:04:18.455975,18:04:18,9792.46,9792.46,3
2025-11-01T18:04:30.689218,18:04:30,9775.88,9775.88,3
2025-11-01T18:04:42.584459,18:04:42,9768.63,9768.63,3
2025-11-01T18:04:54.434740,18:04:54,9769.2,9769.2,3
2025-11-01T18:05:06.374285,18:05:06,9773.42,9773.42,3
2025-11-01T18:05:18.521600,18:05:18,9765.74,9765.74,3
2025-11-01T18:05:30.560312,18:05:30,9763.87,9763.87,3
2025-11-01T18:05:42.533612,18:05:42,9760.94,9760.94,3
2025-11-01T18:05:54.428674,18:05:54,9760.74,9760.74,3
2025-11-01T18:06:06.370688,18:06:06,9759.43,9759.43,3
2025-11-01T18:06:18.565269,18:06:18,9738.04,9738.04,3
2025-11-01T18:06:30.770305,18:06:30,9736.75,9736.75,3
2025-11-01T18:06:42.680564,18:06:42,9735.84,9735.84,3
2025-11-01T18:06:54.562358,18:06:54,9735.37,9735.37,3
2025-11-01T18:07:06.533585,18:07:06,9751.74,9751.74,3
2025-11-01T18:07:18.460791,18:07:18,9754.39,9754.39,3
2025-11-01T18:07:30.613692,18:07:30,9748.52,9748.52,3
2025-11-01T18:07:42.552204,18:07:42,9749.66,9749.66,3
2025-11-01T18:07:54.510579,18:07:54,9752.61,9752.61,3
2025-11-01T18:08:06.467489,18:08:06,9753.87,9753.87,3
2025-11-01T18:08:18.651631,18:08:18,9755.57,9755.57,3
2025-11-01T18:08:30.553013,18:08:30,9757.51,9757.51,3
2025-11-01T18:08:42.435793,18:08:42,9764.58,9764.58,3
2025-11-01T18:08:54.640719,18:08:54,9764.21,9764.21,3
2025-11-01T18:09:06.534878,18:09:06,9768.06,9768.06,3
2025-11-01T18:09:18.498022,18:09:18,9765.3,9765.3,3
2025-11-01T18:09:30.443939,18:09:30,9774.78,9774.78,3
2025-11-01T18:09:42.635889,18:09:42,9772.72,9772.72,3
2025-11-01T18:09:54.639483,18:09:54,9772.16,9772.16,3
2025-11-01T18:10:06.238316,18:10:06,9780.48,9780.48,3
2025-11-01T18:10:18.475260,18:10:18,9786.57,9786.57,3
2025-11-01T18:10:30.472917,18:10:30,9782.63,9782.63,3
2025-11-01T18:10:42.621961,18:10:42,9781.57,9781.57,3
2025-11-01T18:10:54.502518,18:10:54,9779.38,9779.38,3
2025-11-01T18:11:06.469938,18:11:06,9777.95,9777.95,3
2025-11-01T18:11:18.501533,18:11:18,9774.32,9774.32,3
2025-11-01T18:11:30.486023,18:11:30,9771.44,9771.44,3
2025-11-01T18:11:42.408564,18:11:42,9768.6,9768.6,3
2025-11-01T18:11:54.391624,18:11:54,9768.13,9768.13,3
2025-11-01T18:12:06.660363,18:12:06,9766.98,9766.98,3
2025-11-01T18:12:18.226914,18:12:18,9765.64,9765.64,3
2025-11-01T18:12:30.401228,18:12:30,9764.86,9764.86,3
2025-11-01T18:12:42.575343,18:12:42,9763.63,9763.63,3
2025-11-01T18:12:54.479147,18:12:54,9763.3,9763.3,3
2025-11-01T18:13:06.417937,18:13:06,9765.61,9765.61,3
2025-11-01T18:13:18.300383,18:13:18,9764.78,9764.78,3
2025-11-01T18:13:30.208359,18:13:30,9768.84,9768.84,3
2025-11-01T18:13:42.185830,18:13:42,9771.33,9771.33,3
2025-11-01T18:13:54.374999,18:13:54,9774.96,9774.96,3
2025-11-01T18:14:06.259509,18:14:06,9773.57,9773.57,3
2025-11-01T18:14:18.502325,18:14:18,9774.68,9774.68,3
2025-11-01T18:14:30.407121,18:14:30,9772.87,9772.87,3
2025-11-01T18:14:42.661140,18:14:42,9776.93,9776.93,3
2025-11-01T18:14:54.672815,18:14:54,9777.74,9777.74,3
2025-11-01T18:15:06.801823,18:15:06,9762.71,9762.71,3
2025-11-01T18:15:18.710086,18:15:18,9752.91,9752.91,3
2025-11-01T18:15:30.693102,18:15:30,9741.4,9741.4,3
2025-11-01T18:15:42.573217,18:15:42,9744.47,9744.47,3
2025-11-01T18:15:54.427968,18:15:54,9738.14,9738.14,3
2025-11-01T18:16:06.643248,18:16:06,9737.38,9737.38,3
2025-11-01T18:16:18.583204,18:16:18,9690.73,9690.73,3
2025-11-01T18:16:30.659411,18:16:30,9688.79,9688.79,3
2025-11-01T18:16:42.184608,18:16:42,9699.87,9699.87,3
2025-11-01T18:16:53.813347,18:16:53,9713.18,9713.18,3
2025-11-01T18:17:05.504484,18:17:05,9713.07,9713.07,3
2025-11-01T18:17:17.084411,18:17:17,9699.33,9699.33,3
2025-11-01T18:17:28.716798,18:17:28,9695.56,9695.56,3
2025-11-01T18:17:40.630834,18:17:40,9694.35,9694.35,3
2025-11-01T18:17:52.491641,18:17:52,9683.96,9683.96,3
2025-11-01T18:18:04.454557,18:18:04,9696.69,9696.69,3
2025-11-01T18:18:16.683090,18:18:16,9692.21,9692.21,3
2025-11-01T18:18:28.294078,18:18:28,9694.67,9694.67,3
2025-11-01T18:18:39.884089,18:18:39,9686.32,9686.32,3
2025-11-01T18:18:51.938785,18:18:51,9673.81,9673.81,3
2025-11-01T18:19:03.584207,18:19:03,9677.01,9677.01,3
2025-11-01T18:19:15.194971,18:19:15,9696.96,9696.96,3
2025-11-01T18:19:27.222345,18:19:27,9699.2,9699.2,3
2025-11-01T18:19:38.783139,18:19:38,9700.35,9700.35,3
2025-11-01T18:19:50.360151,18:19:50,9698.64,9698.64,3
2025-11-01T18:20:02.598243,18:20:02,9697.59,9697.59,3
2025-11-01T18:20:14.546343,18:20:14,9689.01,9689.01,3
2025-11-01T18:20:26.441839,18:20:26,9683.75,9683.75,3
2025-11-01T18:20:38.304502,18:20:38,9671.95,9671.95,3
2025-11-01T18:20:50.218933,18:20:50,9674.26,9674.26,3
2025-11-01T18:21:01.776819,18:21:01,9675.17,9675.17,3
2025-11-01T18:21:13.391500,18:21:13,9690.09,9690.09,3
2025-11-01T18:21:24.954716,18:21:24,9696.55,9696.55,3
2025-11-01T18:21:36.582155,18:21:36,9694.88,9694.88,3
2025-11-01T18:21:48.492000,18:21:48,9695.4,9695.4,3
2025-11-01T18:22:00.543862,18:22:00,9696.13,9696.13,3
2025-11-01T18:22:12.439013,18:22:12,9700.99,9700.99,3
2025-11-01T18:22:24.315541,18:22:24,9697.85,9697.85,3
2025-11-01T18:22:36.482024,18:22:36,9697.93,9697.93,3
2025-11-01T18:22:48.378428,18:22:48,9698.42,9698.42,3
2025-11-01T18:23:00.536262,18:23:00,9698.29,9698.29,3
2025-11-01T18:23:12.511071,18:23:12,9685.74,9685.74,3
2025-11-01T18:23:24.421040,18:23:24,9686.1,9686.1,3
2025-11-01T18:23:36.308235,18:23:36,9687.36,9687.36,3
2025-11-01T18:23:48.475760,18:23:48,9686.24,9686.24,3
2025-11-01T18:24:00.368624,18:24:00,9684.16,9684.16,3
2025-11-01T18:24:12.563589,18:24:12,9682.66,9682.66,3
2025-11-01T18:24:24.560294,18:24:24,9682.92,9682.92,3
2025-11-01T18:24:36.507903,18:24:36,9680.76,9680.76,3
2025-11-01T18:24:48.469665,18:24:48,9681.62,9681.62,3
2025-11-01T18:25:00.506875,18:25:00,9692.94,9692.94,3
2025-11-01T18:25:12.476527,18:25:12,9702.06,9702.06,3
2025-11-01T18:25:24.482495,18:25:24,9702.2,9702.2,3
2025-11-01T18:25:36.381208,18:25:36,9698.74,9698.74,3
2025-11-01T18:25:48.364644,18:25:48,9696.59,9696.59,3
2025-11-01T18:26:00.551067,18:26:00,9695.55,9695.55,3
2025-11-01T18:26:12.479725,18:26:12,9689.28,9689.28,3
2025-11-01T18:26:24.640486,18:26:24,9687.55,9687.55,3
2025-11-01T18:26:36.591575,18:26:36,9687.72,9687.72,3
2025-11-01T18:26:48.546622,18:26:48,9691.15,9691.15,3
2025-11-01T18:27:00.154901,18:27:00,9690.99,9690.99,3
2025-11-01T18:27:12.073134,18:27:12,9694.77,9694.77,3
2025-11-01T18:27:23.724594,18:27:23,9691.19,9691.19,3
2025-11-01T18:27:35.317245,18:27:35,9692.75,9692.75,3
2025-11-01T18:27:47.267563,18:27:47,9697.25,9697.25,3
2025-11-01T18:27:59.426766,18:27:59,9698.17,9698.17,3
2025-11-01T18:28:11.457979,18:28:11,9694.6,9694.6,3
2025-11-01T18:28:23.453638,18:28:23,9695.84,9695.84,3
2025-11-01T18:28:35.651856,18:28:35,9692.23,9692.23,3
2025-11-01T18:28:47.541653,18:28:47,9689.85,9689.85,3
2025-11-01T18:28:59.461167,18:28:59,9685.9,9685.9,3
2025-11-01T18:29:11.454324,18:29:11,9679.03,9679.03,3
2025-11-01T18:29:23.480238,18:29:23,9668.94,9668.94,3
2025-11-01T18:29:35.528866,18:29:35,9671.67,9671.67,3
2025-11-01T18:29:47.501947,18:29:47,9670.49,9670.49,3
2025-11-01T18:29:59.467886,18:29:59,9672.88,9672.88,3
2025-11-01T18:30:11.740350,18:30:11,9678.68,9678.68,3
2025-11-01T18:30:23.793742,18:30:23,9678.59,9678.59,3
2025-11-01T18:30:35.851901,18:30:35,9681.58,9681.58,3
2025-11-01T18:30:48.194958,18:30:48,9678.41,9678.41,3
2025-11-01T18:31:00.258332,18:31:00,9676.2,9676.2,3
2025-11-01T18:31:12.516354,18:31:12,9676.58,9676.58,3
2025-11-01T18:31:24.532246,18:31:24,9674.93,9674.93,3
2025-11-01T18:31:36.619278,18:31:36,9673.34,9673.34,3
2025-11-01T18:31:48.325142,18:31:48,9669.87,9669.87,3
2025-11-01T18:32:00.597384,18:32:00,9665.47,9665.47,3
2025-11-01T18:32:12.528034,18:32:12,9666.8,9666.8,3
2025-11-01T18:32:24.286013,18:32:24,9651.22,9651.22,3
2025-11-01T18:32:35.984635,18:32:35,9641.08,9641.08,3
2025-11-01T18:32:47.965993,18:32:47,9627.36,9627.36,3
2025-11-01T18:32:59.965233,18:32:59,9628.48,9628.48,3
2025-11-01T18:33:12.260020,18:33:12,9634.09,9634.09,3
2025-11-01T18:33:23.969139,18:33:23,9641.3,9641.3,3
2025-11-01T18:33:35.660335,18:33:35,9640.59,9640.59,3
2025-11-01T18:33:47.623864,18:33:47,9656.43,9656.43,3
2025-11-01T18:33:59.321710,18:33:59,9664.77,9664.77,3
2025-11-01T18:34:10.965509,18:34:10,9685.09,9685.09,3
2025-11-01T18:34:22.647050,18:34:22,9689.94,9689.94,3
2025-11-01T18:34:34.326820,18:34:34,9655.77,9655.77,3
2025-11-01T18:34:46.595089,18:34:46,9644.54,9644.54,3
2025-11-01T18:34:58.526420,18:34:58,9649.49,9649.49,3
2025-11-01T18:35:10.768016,18:35:10,9640.43,9640.43,3
2025-11-01T18:35:22.755616,18:35:22,9639.73,9639.73,3
2025-11-01T18:35:34.416800,18:35:34,9629.1,9629.1,3
2025-11-01T18:35:46.462469,18:35:46,9630.98,9630.98,3
2025-11-01T18:35:58.100653,18:35:58,9632.33,9632.33,3
2025-11-01T18:36:09.773496,18:36:09,9633.09,9633.09,3
2025-11-01T18:36:21.492318,18:36:21,9633.57,9633.57,3
2025-11-01T18:36:33.473338,18:36:33,9634.48,9634.48,3
2025-11-01T18:36:45.478847,18:36:45,9631.98,9631.98,3
2025-11-01T18:36:57.461870,18:36:57,9627.45,9627.45,3
2025-11-01T18:37:09.514519,18:37:09,9624.89,9624.89,3
2025-11-01T18:37:21.570347,18:37:21,9627.65,9627.65,3
2025-11-01T18:37:33.526804,18:37:33,9625.71,9625.71,3
2025-11-01T18:37:45.536329,18:37:45,9625.05,9625.05,3
2025-11-01T18:37:57.511911,18:37:57,9625.06,9625.06,3
2025-11-01T18:38:09.448116,18:38:09,9625.99,9625.99,3
2025-11-01T18:38:21.635185,18:38:21,9623.03,9623.03,3
2025-11-01T18:38:33.594869,18:38:33,9623.67,9623.67,3
2025-11-01T18:38:45.549771,18:38:45,9624.38,9624.38,3
2025-11-01T18:38:57.532309,18:38:57,9626.06,9626.06,3
2025-11-01T18:39:09.610078,18:39:09,9626.88,9626.88,3
2025-11-01T18:39:21.673723,18:39:21,9628.26,9628.26,3
2025-11-01T18:39:33.662118,18:39:33,9628.28,9628.28,3
2025-11-01T18:39:45.646878,18:39:45,9626.36,9626.36,3
2025-11-01T18:39:57.607736,18:39:57,9626.67,9626.67,3
2025-11-01T18:40:10.031903,18:40:10,9626.24,9626.24,3
2025-11-01T18:40:22.314502,18:40:22,9625.46,9625.46,3
2025-11-01T18:40:34.520873,18:40:34,9626.15,9626.15,3
2025-11-01T18:40:46.682037,18:40:46,9626.82,9626.82,3
2025-11-01T18:40:58.627920,18:40:58,9627.51,9627.51,3
2025-11-01T18:41:10.663342,18:41:10,9626.83,9626.83,3
2025-11-01T18:41:22.696968,18:41:22,9628.75,9628.75,3
2025-11-01T18:41:34.705015,18:41:34,9629.97,9629.97,3
2025-11-01T18:41:46.766994,18:41:46,9630.78,9630.78,3
2025-11-01T18:41:58.731036,18:41:58,9630.91,9630.91,3
2025-11-01T18:42:10.706067,18:42:10,9631.51,9631.51,3
2025-11-01T18:42:22.759705,18:42:22,9631.19,9631.19,3
2025-11-01T18:42:34.832439,18:42:34,9633.38,9633.38,3
2025-11-01T18:42:46.749640,18:42:46,9628.23,9628.23,3
2025-11-01T18:42:58.676370,18:42:58,9626.25,9626.25,3
2025-11-01T18:43:10.680487,18:43:10,9632.65,9632.65,3
2025-11-01T18:43:22.974334,18:43:22,9629.79,9629.79,3
2025-11-01T18:43:35.316636,18:43:35,9627.54,9627.54,3
2025-11-01T18:43:47.553487,18:43:47,9625.58,9625.58,3
2025-11-01T18:43:59.566341,18:43:59,9622.81,9622.81,3
2025-11-01T18:44:11.500002,18:44:11,9623.35,9623.35,3
2025-11-01T18:44:23.519214,18:44:23,9626.58,9626.58,3
2025-11-01T18:44:35.510844,18:44:35,9628.67,9628.67,3
2025-11-01T18:44:47.508052,18:44:47,9632.29,9632.29,3
2025-11-01T18:44:59.586828,18:44:59,9636.23,9636.23,3
2025-11-01T18:45:11.549577,18:45:11,9656.52,9656.52,3
2025-11-01T18:45:23.545536,18:45:23,9643.23,9643.23,3
2025-11-01T18:45:35.484150,18:45:35,9645.61,9645.61,3
2025-11-01T18:45:47.566436,18:45:47,9644.22,9644.22,3
2025-11-01T18:45:59.673942,18:45:59,9644.22,9644.22,3
2025-11-01T18:46:11.619040,18:46:11,9644.19,9644.19,3
2025-11-01T18:46:23.617413,18:46:23,9645.8,9645.8,3
2025-11-01T18:46:35.650105,18:46:35,9644.39,9644.39,3
2025-11-01T18:46:47.628369,18:46:47,9636.8,9636.8,3
2025-11-01T18:46:59.642530,18:46:59,9636.96,9636.96,3
2025-11-01T18:47:11.564022,18:47:11,9640.12,9640.12,3
2025-11-01T18:47:23.483197,18:47:23,9639.84,9639.84,3
2025-11-01T18:47:35.456069,18:47:35,9640.74,9640.74,3
2025-11-01T18:47:47.433984,18:47:47,9641.83,9641.83,3
2025-11-01T18:47:59.437380,18:47:59,9643.38,9643.38,3
2025-11-01T18:48:11.661824,18:48:11,9663.56,9663.56,3
2025-11-01T18:48:23.711493,18:48:23,9662.85,9662.85,3
2025-11-01T18:48:35.726223,18:48:35,9646.0,9646.0,3
2025-11-01T18:48:47.399683,18:48:47,9647.49,9647.49,3
2025-11-01T18:48:59.397718,18:48:59,9647.71,9647.71,3
2025-11-01T18:49:11.057098,18:49:11,9647.74,9647.74,3
2025-11-01T18:49:22.974862,18:49:22,9657.78,9657.78,3
2025-11-01T18:49:34.670961,18:49:34,9659.52,9659.52,3
2025-11-01T18:49:46.642498,18:49:46,9664.94,9664.94,3
2025-11-01T18:49:58.727111,18:49:58,9671.03,9671.03,3
2025-11-01T18:50:10.788205,18:50:10,9667.88,9667.88,3
2025-11-01T18:50:22.780527,18:50:22,9657.24,9657.24,3
2025-11-01T18:50:34.736421,18:50:34,9656.75,9656.75,3
2025-11-01T18:50:46.675361,18:50:46,9655.14,9655.14,3
2025-11-01T18:50:58.687638,18:50:58,9657.13,9657.13,3
2025-11-01T18:51:10.639156,18:51:10,9659.29,9659.29,3
2025-11-01T18:51:22.633884,18:51:22,9657.56,9657.56,3
2025-11-01T18:51:34.615142,18:51:34,9654.96,9654.96,3
2025-11-01T18:51:46.596315,18:51:46,9665.57,9665.57,3
2025-11-01T18:51:58.602849,18:51:58,9662.82,9662.82,3
2025-11-01T18:52:10.626738,18:52:10,9674.51,9674.51,3
2025-11-01T18:52:22.324519,18:52:22,9673.79,9673.79,3
2025-11-01T18:52:34.597586,18:52:34,9675.84,9675.84,3
2025-11-01T18:52:46.548957,18:52:46,9659.38,9659.38,3
2025-11-01T18:52:58.310546,18:52:58,9658.17,9658.17,3
2025-11-01T18:53:10.242760,18:53:10,9660.44,9660.44,3
2025-11-01T18:53:22.148386,18:53:22,9664.35,9664.35,3
2025-11-01T18:53:33.792479,18:53:33,9668.04,9668.04,3
2025-11-01T18:53:45.817775,18:53:45,9687.33,9687.33,3
2025-11-01T18:53:57.898866,18:53:57,9698.08,9698.08,3
2025-11-01T18:54:10.174073,18:54:10,9703.1,9703.1,3
2025-11-01T18:54:21.820423,18:54:21,9704.73,9704.73,3
2025-11-01T18:54:33.602880,18:54:33,9704.17,9704.17,3
2025-11-01T18:54:45.700735,18:54:45,9704.53,9704.53,3
2025-11-01T18:54:57.643297,18:54:57,9702.11,9702.11,3
2025-11-01T18:55:09.671151,18:55:09,9695.38,9695.38,3
2025-11-01T18:55:21.761932,18:55:21,9685.62,9685.62,3
2025-11-01T18:55:33.738371,18:55:33,9684.39,9684.39,3
2025-11-01T18:55:45.712013,18:55:45,9680.31,9680.31,3
2025-11-01T18:55:57.736614,18:55:57,9678.63,9678.63,3
2025-11-01T18:56:09.885162,18:56:09,9679.02,9679.02,3
2025-11-01T18:56:21.936885,18:56:21,9678.79,9678.79,3
2025-11-01T18:56:34.217524,18:56:34,9679.42,9679.42,3
2025-11-01T18:56:46.517027,18:56:46,9679.45,9679.45,3
2025-11-01T18:56:58.461880,18:56:58,9682.29,9682.29,3
2025-11-01T18:57:10.419833,18:57:10,9680.77,9680.77,3
2025-11-01T18:57:22.462770,18:57:22,9682.03,9682.03,3
2025-11-01T18:57:34.469851,18:57:34,9682.64,9682.64,3
2025-11-01T18:57:46.152831,18:57:46,9683.83,9683.83,3
2025-11-01T18:57:58.218634,18:57:58,9685.41,9685.41,3
2025-11-01T18:58:10.519985,18:58:10,9686.61,9686.61,3
2025-11-01T18:58:22.479441,18:58:22,9687.54,9687.54,3
2025-11-01T18:58:34.194888,18:58:34,9688.61,9688.61,3
2025-11-01T18:58:46.474781,18:58:46,9689.38,9689.38,3
2025-11-01T18:58:58.452465,18:58:58,9689.73,9689.73,3
2025-11-01T18:59:10.453494,18:59:10,9691.03,9691.03,3
2025-11-01T18:59:22.441535,18:59:22,9692.16,9692.16,3
2025-11-01T18:59:34.150780,18:59:34,9692.21,9692.21,3
2025-11-01T18:59:46.224075,18:59:46,9693.02,9693.02,3
2025-11-01T18:59:58.278449,18:59:58,9703.68,9703.68,3
2025-11-01T19:00:10.309014,19:00:10,9702.55,9702.55,3
2025-11-01T19:00:22.355722,19:00:22,9709.78,9709.78,3
2025-11-01T19:00:34.312992,19:00:34,9701.8,9701.8,3
2025-11-01T19:00:46.389158,19:00:46,9699.69,9699.69,3
2025-11-01T19:00:58.509594,19:00:58,9716.99,9716.99,3
2025-11-01T19:01:10.457884,19:01:10,9690.42,9690.42,3
2025-11-01T19:01:22.429022,19:01:22,9676.69,9676.69,3
2025-11-01T19:01:34.457409,19:01:34,9670.04,9670.04,3
2025-11-01T19:01:46.682475,19:01:46,9676.94,9676.94,3
2025-11-01T19:01:58.635569,19:01:58,9681.73,9681.73,3
2025-11-01T19:02:10.553006,19:02:10,9708.96,9708.96,3
2025-11-01T19:02:22.478900,19:02:22,9717.5,9717.5,3
2025-11-01T19:02:34.125733,19:02:34,9725.86,9725.86,3
2025-11-01T19:02:46.406295,19:02:46,9725.13,9725.13,3
2025-11-01T19:02:58.414763,19:02:58,9735.2,9735.2,3
2025-11-01T19:03:10.423502,19:03:10,9727.92,9727.92,3
2025-11-01T19:03:22.178642,19:03:22,9726.31,9726.31,3
2025-11-01T19:03:34.178360,19:03:34,9718.79,9718.79,3
2025-11-01T19:03:46.106662,19:03:46,9718.77,9718.77,3
2025-11-01T19:03:57.753540,19:03:57,9724.42,9724.42,3
2025-11-01T19:04:09.712191,19:04:09,9728.93,9728.93,3
2025-11-01T19:04:21.742692,19:04:21,9725.46,9725.46,3
2025-11-01T19:04:33.922569,19:04:33,9714.61,9714.61,3
2025-11-01T19:04:46.264951,19:04:46,9710.08,9710.08,3
2025-11-01T19:04:58.591918,19:04:58,9704.02,9704.02,3
2025-11-01T19:05:10.358079,19:05:10,9703.97,9703.97,3
2025-11-01T19:05:22.329513,19:05:22,9699.63,9699.63,3
2025-11-01T19:05:34.620698,19:05:34,9692.02,9692.02,3
2025-11-01T19:05:46.293881,19:05:46,9689.81,9689.81,3
2025-11-01T19:05:58.222706,19:05:58,9686.94,9686.94,3
2025-11-01T19:06:10.163143,19:06:10,9694.24,9694.24,3
2025-11-01T19:06:22.087470,19:06:22,9692.39,9692.39,3
2025-11-01T19:06:34.084477,19:06:34,9694.13,9694.13,3
2025-11-01T19:06:46.395145,19:06:46,9696.96,9696.96,3
2025-11-01T19:06:58.366621,19:06:58,9698.89,9698.89,3
2025-11-01T19:07:10.368048,19:07:10,9700.13,9700.13,3
2025-11-01T19:07:22.400211,19:07:22,9701.14,9701.14,3
2025-11-01T19:07:34.098015,19:07:34,9703.37,9703.37,3
2025-11-01T19:07:46.417113,19:07:46,9703.33,9703.33,3
2025-11-01T19:07:58.367643,19:07:58,9701.09,9701.09,3
2025-11-01T19:08:10.335640,19:08:10,9700.52,9700.52,3
2025-11-01T19:08:22.444435,19:08:22,9699.21,9699.21,3
2025-11-01T19:08:34.442857,19:08:34,9695.55,9695.55,3
2025-11-01T19:08:46.511664,19:08:46,9692.64,9692.64,3
2025-11-01T19:08:58.575309,19:08:58,9654.24,9654.24,3
2025-11-01T19:09:10.231039,19:09:10,9650.1,9650.1,3
2025-11-01T19:09:22.307250,19:09:22,9620.37,9620.37,3
2025-11-01T19:09:34.109482,19:09:34,9621.0,9621.0,3
2025-11-01T19:09:46.368685,19:09:46,9625.68,9625.68,3
2025-11-01T19:09:58.424323,19:09:58,9624.19,9624.19,3
2025-11-01T19:10:10.463046,19:10:10,9623.66,9623.66,3
2025-11-01T19:10:22.470049,19:10:22,9626.2,9626.2,3
2025-11-01T19:10:34.563292,19:10:34,9627.41,9627.41,3
2025-11-01T19:10:46.580238,19:10:46,9619.53,9619.53,3
2025-11-01T19:10:58.593731,19:10:58,9617.52,9617.52,3
2025-11-01T19:11:10.653327,19:11:10,9617.16,9617.16,3
2025-11-01T19:11:22.663826,19:11:22,9612.57,9612.57,3
2025-11-01T19:11:34.655602,19:11:34,9607.99,9607.99,3
2025-11-01T19:11:46.693758,19:11:46,9601.5,9601.5,3
2025-11-01T19:11:58.672136,19:11:58,9569.82,9569.82,3
2025-11-01T19:12:10.724985,19:12:10,9570.79,9570.79,3
2025-11-01T19:12:22.792201,19:12:22,9565.78,9565.78,3
2025-11-01T19:12:34.931822,19:12:34,9451.22,9451.22,3
2025-11-01T19:12:47.233264,19:12:47,9453.63,9453.63,3
2025-11-01T19:12:59.205272,19:12:59,9474.99,9474.99,3
2025-11-01T19:13:11.241084,19:13:11,9468.2,9468.2,3
2025-11-01T19:13:23.464330,19:13:23,9460.63,9460.63,3
2025-11-01T19:13:35.446865,19:13:35,9454.19,9454.19,3
2025-11-01T19:13:47.448904,19:13:47,9488.83,9488.83,3
2025-11-01T19:13:59.517700,19:13:59,9539.09,9539.09,3
2025-11-01T19:14:11.570626,19:14:11,9539.96,9539.96,3
2025-11-01T19:14:23.576879,19:14:23,9550.68,9550.68,3
2025-11-01T19:14:35.655281,19:14:35,9557.67,9557.67,3
2025-11-01T19:14:47.758324,19:14:47,9555.12,9555.12,3
2025-11-01T19:14:59.843660,19:14:59,9530.46,9530.46,3
2025-11-01T19:15:12.324754,19:15:12,9542.39,9542.39,3
2025-11-01T19:15:24.344991,19:15:24,9566.7,9566.7,3
2025-11-01T19:15:36.508154,19:15:36,9550.72,9550.72,3
2025-11-01T19:15:48.657909,19:15:48,9553.79,9553.79,3
2025-11-01T19:16:00.957081,19:16:00,9596.96,9596.96,3
2025-11-01T19:16:12.907536,19:16:12,9599.83,9599.83,3
2025-11-01T19:16:25.128599,19:16:25,9592.27,9592.27,3
2025-11-01T19:16:37.379358,19:16:37,9575.18,9575.18,3
2025-11-01T19:16:49.503362,19:16:49,9576.78,9576.78,3
2025-11-01T19:17:01.740346,19:17:01,9563.42,9563.42,3
2025-11-01T19:17:13.786893,19:17:13,9589.54,9589.54,3
2025-11-01T19:17:25.848561,19:17:25,9591.28,9591.28,3
2025-11-01T19:17:38.068397,19:17:38,9581.46,9581.46,3
2025-11-01T19:17:50.391651,19:17:50,9592.4,9592.4,3
2025-11-01T19:18:02.403773,19:18:02,9592.42,9592.42,3
2025-11-01T19:18:14.659948,19:18:14,9604.29,9604.29,3
2025-11-01T19:18:26.660891,19:18:26,9629.67,9629.67,3
2025-11-01T19:18:38.596816,19:18:38,9621.5,9621.5,3
2025-11-01T19:18:50.597596,19:18:50,9626.56,9626.56,3
2025-11-01T19:19:02.564329,19:19:02,9636.04,9636.04,3
2025-11-01T19:19:14.553019,19:19:14,9633.97,9633.97,3
2025-11-01T19:19:26.569041,19:19:26,9631.23,9631.23,3
2025-11-01T19:19:38.548893,19:19:38,9628.64,9628.64,3
2025-11-01T19:19:50.460649,19:19:50,9627.63,9627.63,3
2025-11-01T19:20:02.698995,19:20:02,9627.12,9627.12,3
2025-11-01T19:20:14.633605,19:20:14,9656.63,9656.63,3
2025-11-01T19:20:26.621988,19:20:26,9661.46,9661.46,3
2025-11-01T19:20:38.593556,19:20:38,9675.06,9675.06,3
2025-11-01T19:20:50.603077,19:20:50,9668.17,9668.17,3
2025-11-01T19:21:02.591343,19:21:02,9637.18,9637.18,3
2025-11-01T19:21:14.554918,19:21:14,9660.05,9660.05,3
2025-11-01T19:21:26.581968,19:21:26,9659.43,9659.43,3
2025-11-01T19:21:38.329494,19:21:38,9663.37,9663.37,3
2025-11-01T19:21:50.892813,19:21:50,9660.22,9660.22,3
2025-11-01T19:22:03.237536,19:22:03,9663.89,9663.89,3
2025-11-01T19:22:15.188743,19:22:15,9674.19,9674.19,3
2025-11-01T19:22:27.448104,19:22:27,9682.32,9682.32,3
2025-11-01T19:22:39.486903,19:22:39,9690.33,9690.33,3
2025-11-01T19:22:51.453271,19:22:51,9689.26,9689.26,3
2025-11-01T19:23:03.408629,19:23:03,9691.92,9691.92,3
2025-11-01T19:23:15.408637,19:23:15,9693.2,9693.2,3
2025-11-01T19:23:27.434436,19:23:27,9693.75,9693.75,3
2025-11-01T19:23:39.389186,19:23:39,9696.13,9696.13,3
2025-11-01T19:23:51.381074,19:23:51,9703.41,9703.41,3
2025-11-01T19:24:03.610771,19:24:03,9706.58,9706.58,3
2025-11-01T19:24:15.603174,19:24:15,9710.6,9710.6,3
2025-11-01T19:24:27.571895,19:24:27,9712.42,9712.42,3
2025-11-01T19:24:39.525233,19:24:39,9703.7,9703.7,3
2025-11-01T19:24:51.437839,19:24:51,9699.43,9699.43,3
2025-11-01T19:25:03.470986,19:25:03,9698.59,9698.59,3
2025-11-01T19:25:15.443235,19:25:15,9686.19,9686.19,3
2025-11-01T19:25:27.398403,19:25:27,9687.43,9687.43,3
2025-11-01T19:25:39.653139,19:25:39,9684.32,9684.32,3
2025-11-01T19:25:51.660389,19:25:51,9689.32,9689.32,3
2025-11-01T19:26:03.313460,19:26:03,9687.36,9687.36,3
2025-11-01T19:26:15.233366,19:26:15,9676.58,9676.58,3
2025-11-01T19:26:27.446122,19:26:27,9672.16,9672.16,3
2025-11-01T19:26:39.467796,19:26:39,9671.55,9671.55,3
2025-11-01T19:26:51.411648,19:26:51,9665.33,9665.33,3
2025-11-01T19:27:03.438189,19:27:03,9664.68,9664.68,3
2025-11-01T19:27:15.454875,19:27:15,9663.02,9663.02,3
2025-11-01T19:27:27.382065,19:27:27,9664.42,9664.42,3
2025-11-01T19:27:39.381000,19:27:39,9661.05,9661.05,3
2025-11-01T19:27:51.646876,19:27:51,9666.36,9666.36,3
2025-11-01T19:28:03.586362,19:28:03,9686.46,9686.46,3
2025-11-01T19:28:15.551709,19:28:15,9691.89,9691.89,3
2025-11-01T19:28:27.607067,19:28:27,9691.96,9691.96,3
2025-11-01T19:28:39.614940,19:28:39,9679.66,9679.66,3
2025-11-01T19:28:51.654891,19:28:51,9667.99,9667.99,3
2025-11-01T19:29:03.590940,19:29:03,9668.6,9668.6,3
2025-11-01T19:29:15.564796,19:29:15,9665.92,9665.92,3
2025-11-01T19:29:27.538072,19:29:27,9669.92,9669.92,3
2025-11-01T19:29:39.526653,19:29:39,9669.17,9669.17,3
2025-11-01T19:29:51.462473,19:29:51,9673.12,9673.12,3
2025-11-01T19:30:03.906941,19:30:03,9666.0,9666.0,3
2025-11-01T19:30:16.235332,19:30:16,9713.36,9713.36,3
2025-11-01T19:30:28.545869,19:30:28,9715.08,9715.08,3
2025-11-01T19:30:40.526704,19:30:40,9708.82,9708.82,3
2025-11-01T19:30:52.572531,19:30:52,9706.77,9706.77,3
2025-11-01T19:31:04.490771,19:31:04,9697.6,9697.6,3
2025-11-01T19:31:16.489820,19:31:16,9700.29,9700.29,3
2025-11-01T19:31:28.744776,19:31:28,9684.32,9684.32,3
2025-11-01T19:31:40.649295,19:31:40,9683.16,9683.16,3
2025-11-01T19:31:52.641667,19:31:52,9689.01,9689.01,3
2025-11-01T19:32:04.685276,19:32:04,9695.8,9695.8,3
2025-11-01T19:32:16.646271,19:32:16,9687.91,9687.91,3
2025-11-01T19:32:28.627129,19:32:28,9689.75,9689.75,3
2025-11-01T19:32:40.570724,19:32:40,9681.26,9681.26,3
2025-11-01T19:32:52.585073,19:32:52,9675.56,9675.56,3
2025-11-01T19:33:04.635619,19:33:04,9675.22,9675.22,3
2025-11-01T19:33:16.590945,19:33:16,9681.39,9681.39,3
2025-11-01T19:33:28.535759,19:33:28,9682.56,9682.56,3
2025-11-01T19:33:40.578040,19:33:40,9675.15,9675.15,3
2025-11-01T19:33:52.534166,19:33:52,9685.21,9685.21,3
2025-11-01T19:34:04.582861,19:34:04,9687.45,9687.45,3
2025-11-01T19:34:16.738713,19:34:16,9701.76,9701.76,3
2025-11-01T19:34:28.755807,19:34:28,9709.11,9709.11,3
2025-11-01T19:34:40.734344,19:34:40,9714.31,9714.31,3
2025-11-01T19:34:52.671653,19:34:52,9708.69,9708.69,3
2025-11-01T19:35:05.119751,19:35:05,9703.16,9703.16,3
2025-11-01T19:35:17.154326,19:35:17,9716.43,9716.43,3
2025-11-01T19:35:29.482960,19:35:29,9717.37,9717.37,3
2025-11-01T19:35:41.443097,19:35:41,9717.64,9717.64,3
2025-11-01T19:35:53.431576,19:35:53,9718.17,9718.17,3
2025-11-01T19:36:05.342142,19:36:05,9719.66,9719.66,3
2025-11-01T19:36:17.336031,19:36:17,9705.05,9705.05,3
2025-11-01T19:36:29.320395,19:36:29,9694.31,9694.31,3
2025-11-01T19:36:41.287993,19:36:41,9692.16,9692.16,3
2025-11-01T19:36:53.233748,19:36:53,9704.72,9704.72,3
2025-11-01T19:37:05.504820,19:37:05,9693.98,9693.98,3
2025-11-01T19:37:17.433716,19:37:17,9695.71,9695.71,3
2025-11-01T19:37:29.464951,19:37:29,9686.35,9686.35,3
2025-11-01T19:37:41.469571,19:37:41,9687.89,9687.89,3
2025-11-01T19:37:53.416155,19:37:53,9688.28,9688.28,3
2025-11-01T19:38:05.646271,19:38:05,9686.15,9686.15,3
2025-11-01T19:38:17.635882,19:38:17,9686.65,9686.65,3
2025-11-01T19:38:29.567675,19:38:29,9690.04,9690.04,3
2025-11-01T19:38:41.589601,19:38:41,9686.03,9686.03,3
2025-11-01T19:38:53.657596,19:38:53,9673.79,9673.79,3
2025-11-01T19:39:05.602728,19:39:05,9675.81,9675.81,3
2025-11-01T19:39:17.619738,19:39:17,9653.39,9653.39,3
2025-11-01T19:39:29.599746,19:39:29,9646.96,9646.96,3
2025-11-01T19:39:41.559328,19:39:41,9645.19,9645.19,3
2025-11-01T19:39:53.596019,19:39:53,9614.12,9614.12,3
2025-11-01T19:40:05.575641,19:40:05,9596.47,9596.47,3
2025-11-01T19:40:17.607520,19:40:17,9590.83,9590.83,3
2025-11-01T19:40:29.584481,19:40:29,9578.13,9578.13,3
2025-11-01T19:40:41.530254,19:40:41,9559.98,9559.98,3
2025-11-01T19:40:53.543093,19:40:53,9561.66,9561.66,3
2025-11-01T19:41:05.499668,19:41:05,9561.73,9561.73,3
2025-11-01T19:41:17.522053,19:41:17,9561.06,9561.06,3
2025-11-01T19:41:29.519076,19:41:29,9559.73,9559.73,3
2025-11-01T19:41:41.501429,19:41:41,9559.71,9559.71,3
2025-11-01T19:41:53.431052,19:41:53,9560.62,9560.62,3
2025-11-01T19:42:05.672189,19:42:05,9563.43,9563.43,3
2025-11-01T19:42:17.576577,19:42:17,9576.9,9576.9,3
2025-11-01T19:42:29.203417,19:42:29,9558.06,9558.06,3
2025-11-01T19:42:40.877969,19:42:40,9553.87,9553.87,3
2025-11-01T19:42:53.131728,19:42:53,9534.77,9534.77,3
2025-11-01T19:43:05.394139,19:43:05,9537.19,9537.19,3
2025-11-01T19:43:17.667368,19:43:17,9517.47,9517.47,3
2025-11-01T19:43:29.606913,19:43:29,9519.79,9519.79,3
2025-11-01T19:43:41.529647,19:43:41,9506.1,9506.1,3
2025-11-01T19:43:53.553113,19:43:53,9513.78,9513.78,3
2025-11-01T19:44:05.513357,19:44:05,9516.32,9516.32,3
2025-11-01T19:44:17.490127,19:44:17,9507.44,9507.44,3
2025-11-01T19:44:29.407628,19:44:29,9507.88,9507.88,3
2025-11-01T19:44:41.457516,19:44:41,9543.93,9543.93,3
2025-11-01T19:44:53.398058,19:44:53,9535.71,9535.71,3
2025-11-01T19:45:05.404316,19:45:05,9508.9,9508.9,3
2025-11-01T19:45:17.356946,19:45:17,9526.21,9526.21,3
2025-11-01T19:45:29.330834,19:45:29,9527.48,9527.48,3
2025-11-01T19:45:40.967794,19:45:40,9537.05,9537.05,3
2025-11-01T19:45:53.195151,19:45:53,9544.35,9544.35,3
2025-11-01T19:46:05.162018,19:46:05,9547.65,9547.65,3
2025-11-01T19:46:17.096502,19:46:17,9552.59,9552.59,3
2025-11-01T19:46:29.276455,19:46:29,9554.34,9554.34,3
2025-11-01T19:46:40.953124,19:46:40,9557.23,9557.23,3
2025-11-01T19:46:52.975345,19:46:52,9559.04,9559.04,3
2025-11-01T19:47:04.942726,19:47:04,9562.77,9562.77,3
2025-11-01T19:47:16.595487,19:47:16,9561.89,9561.89,3
2025-11-01T19:47:28.571597,19:47:28,9552.21,9552.21,3
2025-11-01T19:47:40.210281,19:47:40,9588.21,9588.21,3
2025-11-01T19:47:52.275008,19:47:52,9591.12,9591.12,3
2025-11-01T19:48:04.226292,19:48:04,9643.35,9643.35,3
2025-11-01T19:48:16.506876,19:48:16,9641.99,9641.99,3
2025-11-01T19:48:28.542590,19:48:28,9650.66,9650.66,3
2025-11-01T19:48:40.627300,19:48:40,9644.45,9644.45,3
2025-11-01T19:48:52.576067,19:48:52,9651.01,9651.01,3
2025-11-01T19:49:04.596032,19:49:04,9637.75,9637.75,3
2025-11-01T19:49:16.589855,19:49:16,9642.67,9642.67,3
2025-11-01T19:49:28.332024,19:49:28,9667.16,9667.16,3
2025-11-01T19:49:40.552745,19:49:40,9668.5,9668.5,3
2025-11-01T19:49:52.604888,19:49:52,9670.03,9670.03,3
2025-11-01T19:50:04.540927,19:50:04,9657.43,9657.43,3
2025-11-01T19:50:16.627527,19:50:16,9671.66,9671.66,3
2025-11-01T19:50:28.597051,19:50:28,9674.8,9674.8,3
2025-11-01T19:50:40.515608,19:50:40,9663.47,9663.47,3
2025-11-01T19:50:52.422449,19:50:52,9657.74,9657.74,3
2025-11-01T19:51:04.517316,19:51:04,9658.45,9658.45,3
2025-11-01T19:51:16.267925,19:51:16,9645.95,9645.95,3
2025-11-01T19:51:28.393101,19:51:28,9648.34,9648.34,3
2025-11-01T19:51:40.094273,19:51:40,9637.54,9637.54,3
2025-11-01T19:51:52.592456,19:51:52,9640.63,9640.63,3
2025-11-01T19:52:04.268917,19:52:04,9662.0,9662.0,3
2025-11-01T19:52:16.502222,19:52:16,9659.39,9659.39,3
2025-11-01T19:52:28.530169,19:52:28,9659.22,9659.22,3
2025-11-01T19:52:40.544623,19:52:40,9642.43,9642.43,3
2025-11-01T19:52:52.472790,19:52:52,9655.26,9655.26,3
2025-11-01T19:53:04.364191,19:53:04,9667.56,9667.56,3
2025-11-01T19:53:16.430213,19:53:16,9692.76,9692.76,3
2025-11-01T19:53:28.414625,19:53:28,9696.74,9696.74,3
2025-11-01T19:53:40.406934,19:53:40,9685.21,9685.21,3
2025-11-01T19:53:52.618322,19:53:52,9679.61,9679.61,3
2025-11-01T19:54:04.557287,19:54:04,9688.54,9688.54,3
2025-11-01T19:54:16.543736,19:54:16,9687.86,9687.86,3
2025-11-01T19:54:28.492595,19:54:28,9697.37,9697.37,3
2025-11-01T19:54:40.124322,19:54:40,9697.3,9697.3,3
2025-11-01T19:54:52.705980,19:54:52,9681.97,9681.97,3
2025-11-01T19:55:04.661320,19:55:04,9680.29,9680.29,3
2025-11-01T19:55:16.624097,19:55:16,9679.45,9679.45,3
2025-11-01T19:55:28.567900,19:55:28,9677.58,9677.58,3
2025-11-01T19:55:40.191072,19:55:40,9672.27,9672.27,3
2025-11-01T19:55:52.192304,19:55:52,9678.08,9678.08,3
2025-11-01T19:56:04.563394,19:56:04,9666.45,9666.45,3
2025-11-01T19:56:16.566867,19:56:16,9662.07,9662.07,3
2025-11-01T19:56:28.573430,19:56:28,9663.76,9663.76,3
2025-11-01T19:56:40.547461,19:56:40,9663.56,9663.56,3
2025-11-01T19:56:52.450022,19:56:52,9663.52,9663.52,3
2025-11-01T19:57:04.378936,19:57:04,9664.03,9664.03,3
2025-11-01T19:57:16.590774,19:57:16,9664.93,9664.93,3
2025-11-01T19:57:28.533971,19:57:28,9678.85,9678.85,3
2025-11-01T19:57:40.554394,19:57:40,9677.93,9677.93,3
2025-11-01T19:57:52.497308,19:57:52,9666.65,9666.65,3
2025-11-01T19:58:04.444866,19:58:04,9674.45,9674.45,3
2025-11-01T19:58:16.405893,19:58:16,9665.02,9665.02,3
2025-11-01T19:58:28.334762,19:58:28,9668.79,9668.79,3
2025-11-01T19:58:40.540108,19:58:40,9664.63,9664.63,3
2025-11-01T19:58:52.513043,19:58:52,9664.56,9664.56,3
2025-11-01T19:59:04.579352,19:59:04,9694.54,9694.54,3
2025-11-01T19:59:16.534988,19:59:16,9698.8,9698.8,3
2025-11-01T19:59:28.468652,19:59:28,9697.96,9697.96,3
2025-11-01T19:59:40.565222,19:59:40,9699.07,9699.07,3
2025-11-01T19:59:52.483281,19:59:52,9708.68,9708.68,3
2025-11-01T20:00:04.890616,20:00:04,9711.24,9711.24,3
2025-11-01T20:00:17.241892,20:00:17,9713.43,9713.43,3
2025-11-01T20:00:29.255385,20:00:29,9704.78,9704.78,3
2025-11-01T20:00:41.292061,20:00:41,9703.52,9703.52,3
2025-11-01T20:00:53.239242,20:00:53,9689.84,9689.84,3
2025-11-01T20:01:05.467464,20:01:05,9690.05,9690.05,3
2025-11-01T20:01:17.496472,20:01:17,9696.82,9696.82,3
2025-11-01T20:01:29.401540,20:01:29,9699.23,9699.23,3
2025-11-01T20:01:41.062615,20:01:41,9701.01,9701.01,3
2025-11-01T20:01:52.768223,20:01:52,9703.49,9703.49,3
2025-11-01T20:02:04.745994,20:02:04,9706.02,9706.02,3
2025-11-01T20:02:16.660684,20:02:16,9715.9,9715.9,3
2025-11-01T20:02:28.667960,20:02:28,9715.57,9715.57,3
2025-11-01T20:02:40.692317,20:02:40,9714.61,9714.61,3
2025-11-01T20:02:52.715859,20:02:52,9714.23,9714.23,3
2025-11-01T20:03:04.364353,20:03:04,9713.34,9713.34,3
2025-11-01T20:03:16.336720,20:03:16,9713.08,9713.08,3
2025-11-01T20:03:28.584767,20:03:28,9713.64,9713.64,3
2025-11-01T20:03:40.530680,20:03:40,9711.97,9711.97,3
2025-11-01T20:03:52.271326,20:03:52,9712.36,9712.36,3
2025-11-01T20:04:04.218647,20:04:04,9711.37,9711.37,3
2025-11-01T20:04:16.510989,20:04:16,9709.09,9709.09,3
2025-11-01T20:04:28.474332,20:04:28,9714.14,9714.14,3
2025-11-01T20:04:40.498763,20:04:40,9717.81,9717.81,3
2025-11-01T20:04:52.154399,20:04:52,9716.4,9716.4,3
2025-11-01T20:05:04.129672,20:05:04,9702.73,9702.73,3
2025-11-01T20:05:16.132832,20:05:16,9710.07,9710.07,3
2025-11-01T20:05:28.090308,20:05:28,9704.2,9704.2,3
2025-11-01T20:05:40.335045,20:05:40,9703.56,9703.56,3
2025-11-01T20:05:52.256448,20:05:52,9711.62,9711.62,3
2025-11-01T20:06:04.562770,20:06:04,9710.79,9710.79,3
2025-11-01T20:06:16.840067,20:06:16,9711.59,9711.59,3
2025-11-01T20:06:28.804524,20:06:28,9710.05,9710.05,3
2025-11-01T20:06:40.829299,20:06:40,9711.42,9711.42,3
2025-11-01T20:06:52.874388,20:06:52,9711.72,9711.72,3
2025-11-01T20:07:05.165102,20:07:05,9712.13,9712.13,3
2025-11-01T20:07:17.138712,20:07:17,9715.29,9715.29,3
2025-11-01T20:07:28.811619,20:07:28,9713.89,9713.89,3
2025-11-01T20:07:40.842317,20:07:40,9712.78,9712.78,3
2025-11-01T20:07:52.590667,20:07:52,9707.74,9707.74,3
2025-11-01T20:08:04.640260,20:08:04,9712.56,9712.56,3
2025-11-01T20:08:16.607905,20:08:16,9711.88,9711.88,3
2025-11-01T20:08:28.631686,20:08:28,9710.36,9710.36,3
2025-11-01T20:08:40.596259,20:08:40,9716.05,9716.05,3
2025-11-01T20:08:52.600553,20:08:52,9718.23,9718.23,3
2025-11-01T20:09:04.612267,20:09:04,9720.94,9720.94,3
2025-11-01T20:09:16.635444,20:09:16,9720.92,9720.92,3
2025-11-01T20:09:28.650234,20:09:28,9720.95,9720.95,3
2025-11-01T20:09:40.782811,20:09:40,9719.6,9719.6,3
2025-11-01T20:09:52.890338,20:09:52,9717.72,9717.72,3
2025-11-01T20:10:04.926274,20:10:04,9715.93,9715.93,3
2025-11-01T20:10:17.287782,20:10:17,9716.13,9716.13,3
2025-11-01T20:10:30.232026,20:10:30,9716.78,9716.78,3
2025-11-01T20:10:42.835609,20:10:42,9709.29,9709.29,3
2025-11-01T20:10:54.815759,20:10:54,9707.17,9707.17,3
2025-11-01T20:11:06.926446,20:11:06,9709.99,9709.99,3
2025-11-01T20:11:19.215143,20:11:19,9707.53,9707.53,3
2025-11-01T20:11:31.197945,20:11:31,9706.89,9706.89,3
2025-11-01T20:11:43.287973,20:11:43,9693.39,9693.39,3
2025-11-01T20:11:54.993925,20:11:54,9701.31,9701.31,3
2025-11-01T20:12:06.999037,20:12:06,9702.3,9702.3,3
2025-11-01T20:12:19.339828,20:12:19,9702.66,9702.66,3
2025-11-01T20:12:31.642814,20:12:31,9720.11,9720.11,3
2025-11-01T20:12:43.681145,20:12:43,9721.77,9721.77,3
2025-11-01T20:12:56.041842,20:12:56,9721.95,9721.95,3
2025-11-01T20:13:08.074121,20:13:08,9723.72,9723.72,3
2025-11-01T20:13:20.419396,20:13:20,9744.73,9744.73,3
2025-11-01T20:13:32.566156,20:13:32,9779.06,9779.06,3
2025-11-01T20:13:44.542501,20:13:44,9776.92,9776.92,3
2025-11-01T20:13:57.208189,20:13:57,9777.0,9777.0,3
2025-11-01T20:14:09.516381,20:14:09,9757.17,9757.17,3
2025-11-01T20:14:21.803129,20:14:21,9754.94,9754.94,3
2025-11-01T20:14:34.008022,20:14:34,9753.2,9753.2,3
2025-11-01T20:14:45.697124,20:14:45,9746.66,9746.66,3
2025-11-01T20:14:57.768790,20:14:57,9747.79,9747.79,3
2025-11-01T20:15:10.082101,20:15:10,9748.87,9748.87,3
2025-11-01T20:15:22.298077,20:15:22,9741.22,9741.22,3
2025-11-01T20:15:34.580951,20:15:34,9741.09,9741.09,3
2025-11-01T20:15:47.538107,20:15:47,9740.37,9740.37,3
2025-11-01T20:15:59.669635,20:15:59,9726.01,9726.01,3
2025-11-01T20:16:11.687165,20:16:11,9729.1,9729.1,3
2025-11-01T20:16:23.743077,20:16:23,9726.95,9726.95,3
2025-11-01T20:16:35.785596,20:16:35,9749.15,9749.15,3
2025-11-01T20:16:47.755841,20:16:47,9753.08,9753.08,3
2025-11-01T20:16:59.854201,20:16:59,9749.4,9749.4,3
2025-11-01T20:17:11.968118,20:17:11,9745.44,9745.44,3
2025-11-01T20:17:23.925755,20:17:23,9741.99,9741.99,3
2025-11-01T20:17:35.969738,20:17:35,9746.58,9746.58,3
2025-11-01T20:17:48.187641,20:17:48,9745.34,9745.34,3
2025-11-01T20:18:00.237463,20:18:00,9741.46,9741.46,3
2025-11-01T20:18:12.307618,20:18:12,9742.38,9742.38,3
2025-11-01T20:18:24.617167,20:18:24,9741.83,9741.83,3
2025-11-01T20:18:36.639598,20:18:36,9721.84,9721.84,3
2025-11-01T20:18:48.637173,20:18:48,9723.5,9723.5,3
2025-11-01T20:19:00.283906,20:19:00,9719.26,9719.26,3
2025-11-01T20:19:12.229398,20:19:12,9732.4,9732.4,3
2025-11-01T20:19:24.213613,20:19:24,9728.01,9728.01,3
2025-11-01T20:19:36.281017,20:19:36,9725.91,9725.91,3
2025-11-01T20:19:48.205824,20:19:48,9731.29,9731.29,3
2025-11-01T20:20:00.470172,20:20:00,9731.25,9731.25,3
2025-11-01T20:20:12.425743,20:20:12,9729.58,9729.58,3
2025-11-01T20:20:24.470535,20:20:24,9728.51,9728.51,3
2025-11-01T20:20:36.488508,20:20:36,9723.23,9723.23,3
2025-11-01T20:20:48.447571,20:20:48,9714.05,9714.05,3
2025-11-01T20:21:00.140938,20:21:00,9717.04,9717.04,3
2025-11-01T20:21:12.052273,20:21:12,9717.61,9717.61,3
2025-11-01T20:21:23.698321,20:21:23,9719.29,9719.29,3
2025-11-01T20:21:35.348444,20:21:35,9718.56,9718.56,3
2025-11-01T20:21:47.107848,20:21:47,9715.05,9715.05,3
2025-11-01T20:21:59.378840,20:21:59,9714.64,9714.64,3
2025-11-01T20:22:11.306555,20:22:11,9713.08,9713.08,3
2025-11-01T20:22:23.281877,20:22:23,9722.09,9722.09,3
2025-11-01T20:22:35.485708,20:22:35,9721.36,9721.36,3
2025-11-01T20:22:47.417647,20:22:47,9719.89,9719.89,3
2025-11-01T20:22:59.641296,20:22:59,9718.32,9718.32,3
2025-11-01T20:23:11.448397,20:23:11,9715.98,9715.98,3
2025-11-01T20:23:23.155538,20:23:23,9713.82,9713.82,3
2025-11-01T20:23:35.099663,20:23:35,9712.43,9712.43,3
2025-11-01T20:23:47.123830,20:23:47,9703.89,9703.89,3
2025-11-01T20:23:59.209920,20:23:59,9705.53,9705.53,3
2025-11-01T20:24:11.187786,20:24:11,9707.86,9707.86,3
2025-11-01T20:24:23.157658,20:24:23,9715.31,9715.31,3
2025-11-01T20:24:34.796447,20:24:34,9716.44,9716.44,3
2025-11-01T20:24:46.741609,20:24:46,9717.47,9717.47,3
2025-11-01T20:24:58.672888,20:24:58,9718.97,9718.97,3
2025-11-01T20:25:10.352063,20:25:10,9719.82,9719.82,3
2025-11-01T20:25:21.993455,20:25:21,9721.18,9721.18,3
2025-11-01T20:25:33.625506,20:25:33,9721.88,9721.88,3
2025-11-01T20:25:45.298858,20:25:45,9721.47,9721.47,3
2025-11-01T20:25:57.270978,20:25:57,9721.08,9721.08,3
2025-11-01T20:26:09.292427,20:26:09,9721.36,9721.36,3
2025-11-01T20:26:21.267394,20:26:21,9721.63,9721.63,3
2025-11-01T20:26:32.930975,20:26:32,9730.16,9730.16,3
2025-11-01T20:26:44.602264,20:26:44,9735.09,9735.09,3
2025-11-01T20:26:56.224603,20:26:56,9735.12,9735.12,3
2025-11-01T20:27:08.188675,20:27:08,9735.12,9735.12,3
2025-11-01T20:27:20.130570,20:27:20,9737.04,9737.04,3
2025-11-01T20:27:32.094277,20:27:32,9737.93,9737.93,3
2025-11-01T20:27:43.836005,20:27:43,9740.16,9740.16,3
2025-11-01T20:27:55.458782,20:27:55,9742.93,9742.93,3
2025-11-01T20:28:07.417271,20:28:07,9745.23,9745.23,3
2025-11-01T20:28:19.422090,20:28:19,9745.8,9745.8,3
2025-11-01T20:28:31.389193,20:28:31,9745.08,9745.08,3
2025-11-01T20:28:43.396536,20:28:43,9747.57,9747.57,3
2025-11-01T20:28:55.651637,20:28:55,9748.19,9748.19,3
2025-11-01T20:29:07.581816,20:29:07,9760.55,9760.55,3
2025-11-01T20:29:19.554889,20:29:19,9757.7,9757.7,3
2025-11-01T20:29:31.551692,20:29:31,9759.14,9759.14,3
2025-11-01T20:29:43.460369,20:29:43,9755.46,9755.46,3
2025-11-01T20:29:55.457644,20:29:55,9753.86,9753.86,3
2025-11-01T20:30:07.414203,20:30:07,9751.79,9751.79,3
2025-11-01T20:30:19.070525,20:30:19,9751.6,9751.6,3
2025-11-01T20:30:31.267175,20:30:31,9751.81,9751.81,3
2025-11-01T20:30:43.215298,20:30:43,9745.07,9745.07,3
2025-11-01T20:30:54.925664,20:30:54,9743.83,9743.83,3
2025-11-01T20:31:06.582140,20:31:06,9744.24,9744.24,3
2025-11-01T20:31:18.506701,20:31:18,9744.77,9744.77,3
2025-11-01T20:31:30.217742,20:31:30,9726.99,9726.99,3
2025-11-01T20:31:42.137732,20:31:42,9722.45,9722.45,3
2025-11-01T20:31:53.852530,20:31:53,9730.65,9730.65,3
2025-11-01T20:32:05.533772,20:32:05,9733.25,9733.25,3
2025-11-01T20:32:17.496703,20:32:17,9728.95,9728.95,3
2025-11-01T20:32:29.556741,20:32:29,9727.63,9727.63,3
2025-11-01T20:32:41.252576,20:32:41,9726.41,9726.41,3
2025-11-01T20:32:53.486271,20:32:53,9725.34,9725.34,3
2025-11-01T20:33:05.414522,20:33:05,9724.61,9724.61,3
2025-11-01T20:33:17.414462,20:33:17,9727.92,9727.92,3
2025-11-01T20:33:29.449447,20:33:29,9730.71,9730.71,3
2025-11-01T20:33:41.405826,20:33:41,9730.95,9730.95,3
2025-11-01T20:33:53.412284,20:33:53,9732.94,9732.94,3
2025-11-01T20:34:05.379689,20:34:05,9739.14,9739.14,3
2025-11-01T20:34:17.373139,20:34:17,9739.98,9739.98,3
2025-11-01T20:34:29.371305,20:34:29,9788.35,9788.35,3
2025-11-01T20:34:41.372504,20:34:41,9789.61,9789.61,3
2025-11-01T20:34:53.431607,20:34:53,9796.2,9796.2,3
2025-11-01T20:35:05.060645,20:35:05,9814.05,9814.05,3
2025-11-01T20:35:17.269049,20:35:17,9841.89,9841.89,3
2025-11-01T20:35:29.256697,20:35:29,9841.6,9841.6,3
2025-11-01T20:35:41.303241,20:35:41,9864.38,9864.38,3
2025-11-01T20:35:53.297318,20:35:53,9917.92,9917.92,3
2025-11-01T20:36:05.315711,20:36:05,9947.55,9947.55,3
2025-11-01T20:36:17.270820,20:36:17,9928.07,9928.07,3
2025-11-01T20:36:29.554264,20:36:29,9911.93,9911.93,3
2025-11-01T20:36:41.290586,20:36:41,9912.87,9912.87,3
2025-11-01T20:36:53.445586,20:36:53,9907.78,9907.78,3
2025-11-01T20:37:05.403921,20:37:05,9913.9,9913.9,3
2025-11-01T20:37:17.430153,20:37:17,9933.41,9933.41,3
2025-11-01T20:37:29.137083,20:37:29,9931.32,9931.32,3
2025-11-01T20:37:41.407591,20:37:41,9940.59,9940.59,3
2025-11-01T20:37:53.361925,20:37:53,9931.55,9931.55,3
2025-11-01T20:38:05.350053,20:38:05,10000.29,10000.29,3
2025-11-01T20:38:17.384824,20:38:17,9999.65,9999.65,3
2025-11-01T20:38:29.375761,20:38:29,10012.53,10012.53,3
2025-11-01T20:38:41.396253,20:38:41,10042.88,10042.88,3
2025-11-01T20:38:53.341987,20:38:53,10073.63,10073.63,3
2025-11-01T20:39:05.313027,20:39:05,10079.7,10079.7,3
2025-11-01T20:39:17.568880,20:39:17,10033.51,10033.51,3
2025-11-01T20:39:29.230882,20:39:29,10058.84,10058.84,3
2025-11-01T20:39:41.180862,20:39:41,10077.64,10077.64,3
2025-11-01T20:39:53.424941,20:39:53,10073.28,10073.28,3
2025-11-01T20:40:05.380887,20:40:05,10027.51,10027.51,3
2025-11-01T20:40:17.638370,20:40:17,10062.37,10062.37,3
2025-11-01T20:40:29.582628,20:40:29,10058.17,10058.17,3
2025-11-01T20:40:41.544051,20:40:41,9984.9,9984.9,3
2025-11-01T20:40:53.491904,20:40:53,9999.0,9999.0,3
2025-11-01T20:41:05.173279,20:41:05,9989.58,9989.58,3
2025-11-01T20:41:17.119359,20:41:17,9964.03,9964.03,3
2025-11-01T20:41:28.871472,20:41:28,9949.98,9949.98,3
2025-11-01T20:41:41.140704,20:41:41,9935.99,9935.99,3
2025-11-01T20:41:53.124626,20:41:53,9937.65,9937.65,3
2025-11-01T20:42:05.045874,20:42:05,9945.53,9945.53,3
2025-11-01T20:42:16.950758,20:42:16,9945.89,9945.89,3
2025-11-01T20:42:28.914753,20:42:28,9944.7,9944.7,3
2025-11-01T20:42:40.560718,20:42:40,9939.84,9939.84,3
2025-11-01T20:42:52.460266,20:42:52,9936.55,9936.55,3
2025-11-01T20:43:04.202826,20:43:04,9933.13,9933.13,3
2025-11-01T20:43:16.081676,20:43:16,9928.38,9928.38,3
2025-11-01T20:43:28.258502,20:43:28,9933.14,9933.14,3
2025-11-01T20:43:39.958558,20:43:39,9933.31,9933.31,3
2025-11-01T20:43:51.839128,20:43:51,9932.09,9932.09,3
2025-11-01T20:44:03.766133,20:44:03,9927.33,9927.33,3
2025-11-01T20:44:15.337008,20:44:15,9931.38,9931.38,3
2025-11-01T20:44:27.499869,20:44:27,9931.01,9931.01,3
2025-11-01T20:44:39.450895,20:44:39,9930.42,9930.42,3
2025-11-01T20:44:51.333521,20:44:51,9929.02,9929.02,3
2025-11-01T20:45:02.956350,20:45:02,9931.85,9931.85,3
2025-11-01T20:45:14.603734,20:45:14,9964.87,9964.87,3
2025-11-01T20:45:26.538477,20:45:26,9960.12,9960.12,3
2025-11-01T20:45:38.528737,20:45:38,9971.11,9971.11,3
2025-11-01T20:45:50.466667,20:45:50,9979.33,9979.33,3
2025-11-01T20:46:02.604460,20:46:02,9979.77,9979.77,3
2025-11-01T20:46:14.567028,20:46:14,9984.79,9984.79,3
2025-11-01T20:46:26.240385,20:46:26,9990.42,9990.42,3
2025-11-01T20:46:38.480983,20:46:38,9988.83,9988.83,3
2025-11-01T20:47:10.177242,20:47:10,9984.96,9984.96,3
2025-11-01T20:47:22.082913,20:47:22,9966.66,9966.66,3
2025-11-01T20:47:33.735057,20:47:33,9967.04,9967.04,3
2025-11-01T20:47:45.712220,20:47:45,9939.36,9939.36,3
2025-11-01T20:47:57.634816,20:47:57,9936.53,9936.53,3
2025-11-01T20:48:09.216917,20:48:09,9945.63,9945.63,3
2025-11-01T20:48:21.109695,20:48:21,9934.42,9934.42,3
2025-11-01T20:48:33.265177,20:48:33,9932.16,9932.16,3
2025-11-01T20:48:45.139796,20:48:45,9928.99,9928.99,3
2025-11-01T20:48:57.108658,20:48:57,9917.1,9917.1,3
2025-11-01T20:49:09.286302,20:49:09,9913.3,9913.3,3
2025-11-01T20:49:21.175832,20:49:21,9917.06,9917.06,3
2025-11-01T20:49:33.378563,20:49:33,9915.98,9915.98,3
2025-11-01T20:49:45.267411,20:49:45,9897.75,9897.75,3
2025-11-01T20:49:56.928770,20:49:56,9895.56,9895.56,3
2025-11-01T20:50:08.862292,20:50:08,9912.55,9912.55,3
2025-11-01T20:50:20.643393,20:50:20,9912.11,9912.11,3
2025-11-01T20:50:32.341551,20:50:32,9903.27,9903.27,3
2025-11-01T20:50:44.286857,20:50:44,9900.17,9900.17,3
2025-11-01T20:50:55.870215,20:50:55,9880.14,9880.14,3
2025-11-01T20:51:07.884233,20:51:07,9878.47,9878.47,3
2025-11-01T20:51:19.778810,20:51:19,9866.3,9866.3,3
2025-11-01T20:51:31.396356,20:51:31,9867.29,9867.29,3
2025-11-01T20:51:43.317981,20:51:43,9863.25,9863.25,3
2025-11-01T20:51:55.254071,20:51:55,9859.57,9859.57,3
2025-11-01T20:52:07.156814,20:52:07,9831.83,9831.83,3
2025-11-01T20:52:19.393841,20:52:19,9834.93,9834.93,3
2025-11-01T20:52:31.446080,20:52:31,9839.76,9839.76,3
2025-11-01T20:52:43.343077,20:52:43,9834.09,9834.09,3
2025-11-01T20:52:55.409823,20:52:55,9835.43,9835.43,3
2025-11-01T20:53:07.466010,20:53:07,9834.63,9834.63,3
2025-11-01T20:53:19.380459,20:53:19,9832.32,9832.32,3
2025-11-01T20:53:30.979526,20:53:30,9828.27,9828.27,3
2025-11-01T20:53:43.176316,20:53:43,9821.59,9821.59,3
2025-11-01T20:53:55.115094,20:53:55,9818.8,9818.8,3
2025-11-01T20:54:07.298329,20:54:07,9816.9,9816.9,3
2025-11-01T20:54:18.964758,20:54:18,9795.36,9795.36,3
2025-11-01T20:54:30.553197,20:54:30,9784.54,9784.54,3
2025-11-01T20:54:42.558552,20:54:42,9737.17,9737.17,3
2025-11-01T20:54:54.169992,20:54:54,9725.94,9725.94,3
2025-11-01T20:55:06.464786,20:55:06,9739.78,9739.78,3
2025-11-01T20:55:18.123585,20:55:18,9760.83,9760.83,3
2025-11-01T20:55:29.729561,20:55:29,9772.3,9772.3,3
2025-11-01T20:55:41.773608,20:55:41,9762.52,9762.52,3
2025-11-01T20:55:53.737652,20:55:53,9764.93,9764.93,3
2025-11-01T20:56:05.719596,20:56:05,9789.18,9789.18,3
2025-11-01T20:56:17.394100,20:56:17,9795.7,9795.7,3
2025-11-01T20:56:29.416150,20:56:29,9796.24,9796.24,3
2025-11-01T20:56:41.336926,20:56:41,9786.36,9786.36,3
2025-11-01T20:56:53.611889,20:56:53,9794.14,9794.14,3
2025-11-01T20:57:05.523974,20:57:05,9792.58,9792.58,3
2025-11-01T20:57:17.427275,20:57:17,9777.39,9777.39,3
2025-11-01T20:57:29.165623,20:57:29,9715.77,9715.77,3
2025-11-01T20:57:41.422821,20:57:41,9736.07,9736.07,3
2025-11-01T20:57:53.338651,20:57:53,9734.99,9734.99,3
2025-11-01T20:58:04.979205,20:58:04,9728.15,9728.15,3
2025-11-01T20:58:16.895952,20:58:16,9724.86,9724.86,3
2025-11-01T20:58:29.150702,20:58:29,9728.22,9728.22,3
2025-11-01T20:58:41.459595,20:58:41,9727.91,9727.91,3
2025-11-01T20:58:53.665312,20:58:53,9728.43,9728.43,3
2025-11-01T20:59:05.403568,20:59:05,9733.87,9733.87,3
2025-11-01T20:59:17.757283,20:59:17,9740.19,9740.19,3
2025-11-01T20:59:30.064497,20:59:30,9739.67,9739.67,3
2025-11-01T20:59:41.832579,20:59:41,9754.7,9754.7,3
2025-11-01T20:59:53.802528,20:59:53,9759.85,9759.85,3
2025-11-01T21:00:05.831225,21:00:05,9771.24,9771.24,3
2025-11-01T21:00:17.528258,21:00:17,9816.22,9816.22,3
2025-11-01T21:00:29.142769,21:00:29,9819.51,9819.51,3
2025-11-01T21:00:41.239075,21:00:41,9823.42,9823.42,3
2025-11-01T21:00:52.936161,21:00:52,9823.29,9823.29,3
2025-11-01T21:01:06.458965,21:01:06,9827.33,9827.33,3
2025-11-01T21:01:18.278276,21:01:18,9828.57,9828.57,3
2025-11-01T21:01:30.187880,21:01:30,9822.61,9822.61,3
2025-11-01T21:01:42.624503,21:01:42,9820.02,9820.02,3
2025-11-01T21:01:54.599625,21:01:54,9837.1,9837.1,3
2025-11-01T21:02:06.250236,21:02:06,9836.79,9836.79,3
2025-11-01T21:02:18.876426,21:02:18,9837.77,9837.77,3
2025-11-01T21:02:30.859165,21:02:30,9841.91,9841.91,3
2025-11-01T21:02:42.544229,21:02:42,9835.09,9835.09,3
2025-11-01T21:02:54.462156,21:02:54,9841.3,9841.3,3
2025-11-01T21:03:06.229453,21:03:06,9823.87,9823.87,3
2025-11-01T21:03:18.263332,21:03:18,9827.05,9827.05,3
2025-11-01T21:03:30.362025,21:03:30,9829.71,9829.71,3
2025-11-01T21:03:42.411522,21:03:42,9834.03,9834.03,3
2025-11-01T21:03:54.406275,21:03:54,9829.16,9829.16,3
2025-11-01T21:04:06.345071,21:04:06,9793.49,9793.49,3
2025-11-01T21:04:18.274086,21:04:18,9793.99,9793.99,3
2025-11-01T21:04:29.856533,21:04:29,9798.07,9798.07,3
2025-11-01T21:04:41.582798,21:04:41,9810.86,9810.86,3
2025-11-01T21:04:53.573217,21:04:53,9807.05,9807.05,3
2025-11-01T21:05:05.655822,21:05:05,9812.47,9812.47,3
2025-11-01T21:05:18.032842,21:05:18,9828.3,9828.3,3
2025-11-01T21:05:30.494610,21:05:30,9828.05,9828.05,3
2025-11-01T21:05:42.573355,21:05:42,9825.48,9825.48,3
2025-11-01T21:05:55.396397,21:05:55,9814.76,9814.76,3
2025-11-01T21:06:07.686016,21:06:07,9815.8,9815.8,3
2025-11-01T21:06:19.689222,21:06:19,9763.55,9763.55,3
2025-11-01T21:06:31.821189,21:06:31,9739.76,9739.76,3
2025-11-01T21:06:43.776342,21:06:43,9744.53,9744.53,3
2025-11-01T21:06:56.408842,21:06:56,9743.86,9743.86,3
2025-11-01T21:07:08.992916,21:07:08,9743.13,9743.13,3
2025-11-01T21:07:20.589460,21:07:20,9743.92,9743.92,3
2025-11-01T21:07:33.539722,21:07:33,9747.49,9747.49,3
2025-11-01T21:07:45.601124,21:07:45,9749.85,9749.85,3
2025-11-01T21:07:58.709725,21:07:58,9774.71,9774.71,3
2025-11-01T21:08:11.908463,21:08:11,9787.63,9787.63,3
2025-11-01T21:08:23.921321,21:08:23,9791.89,9791.89,3
2025-11-01T21:08:35.925344,21:08:35,9792.3,9792.3,3
2025-11-01T21:08:47.639172,21:08:47,9788.67,9788.67,3
2025-11-01T21:08:59.298161,21:08:59,9770.46,9770.46,3
2025-11-01T21:09:11.693244,21:09:11,9774.73,9774.73,3
2025-11-01T21:09:23.658376,21:09:23,9773.18,9773.18,3
2025-11-01T21:09:35.738867,21:09:35,9772.77,9772.77,3
2025-11-01T21:09:47.675623,21:09:47,9775.33,9775.33,3
2025-11-01T21:09:59.557581,21:09:59,9778.52,9778.52,3
2025-11-01T21:10:11.206901,21:10:11,9762.28,9762.28,3
2025-11-01T21:10:22.809439,21:10:22,9757.02,9757.02,3
2025-11-01T21:10:34.688728,21:10:34,9770.87,9770.87,3
2025-11-01T21:10:46.762512,21:10:46,9756.63,9756.63,3
2025-11-01T21:10:58.498858,21:10:58,9755.41,9755.41,3
2025-11-01T21:11:10.540889,21:11:10,9765.48,9765.48,3
2025-11-01T21:11:22.477426,21:11:22,9765.5,9765.5,3
2025-11-01T21:11:34.134135,21:11:34,9770.37,9770.37,3
2025-11-01T21:11:46.342018,21:11:46,9786.0,9786.0,3
2025-11-01T21:11:58.601296,21:11:58,9790.71,9790.71,3
2025-11-01T21:12:10.861799,21:12:10,9794.27,9794.27,3
2025-11-01T21:12:22.840587,21:12:22,9794.48,9794.48,3
2025-11-01T21:12:35.686449,21:12:35,9810.62,9810.62,3
2025-11-01T21:12:47.377106,21:12:47,9816.52,9816.52,3
2025-11-01T21:12:59.639307,21:12:59,9818.8,9818.8,3
2025-11-01T21:13:11.560199,21:13:11,9821.43,9821.43,3
2025-11-01T21:13:23.457650,21:13:23,9819.28,9819.28,3
2025-11-01T21:13:35.420902,21:13:35,9832.3,9832.3,3
2025-11-01T21:13:47.630870,21:13:47,9827.32,9827.32,3
2025-11-01T21:13:59.649103,21:13:59,9826.7,9826.7,3
2025-11-01T21:14:11.624359,21:14:11,9824.32,9824.32,3
2025-11-01T21:14:23.254777,21:14:23,9823.01,9823.01,3
2025-11-01T21:14:34.877284,21:14:34,9822.56,9822.56,3
2025-11-01T21:14:46.846740,21:14:46,9816.15,9816.15,3
2025-11-01T21:14:58.920977,21:14:58,9813.57,9813.57,3
2025-11-01T21:15:10.854889,21:15:10,9813.82,9813.82,3
2025-11-01T21:15:22.736299,21:15:22,9810.1,9810.1,3
2025-11-01T21:15:34.916662,21:15:34,9823.62,9823.62,3
2025-11-01T21:15:47.228318,21:15:47,9819.97,9819.97,3
2025-11-01T21:15:59.431061,21:15:59,9817.34,9817.34,3
2025-11-01T21:16:11.035200,21:16:11,9808.2,9808.2,3
2025-11-01T21:16:23.004425,21:16:23,9811.4,9811.4,3
2025-11-01T21:16:34.741902,21:16:34,9810.99,9810.99,3
2025-11-01T21:16:46.688956,21:16:46,9809.23,9809.23,3
2025-11-01T21:16:58.415201,21:16:58,9808.14,9808.14,3
2025-11-01T21:17:10.416077,21:17:10,9810.13,9810.13,3
2025-11-01T21:17:22.065334,21:17:22,9809.69,9809.69,3
2025-11-01T21:17:34.367230,21:17:34,9809.23,9809.23,3
2025-11-01T21:17:46.107499,21:17:46,9808.67,9808.67,3
2025-11-01T21:17:57.808846,21:17:57,9806.35,9806.35,3
2025-11-01T21:18:09.723617,21:18:09,9807.73,9807.73,3
2025-11-01T21:18:21.330808,21:18:21,9828.49,9828.49,3
2025-11-01T21:18:33.274131,21:18:33,9836.33,9836.33,3
2025-11-01T21:18:45.231159,21:18:45,9853.98,9853.98,3
2025-11-01T21:18:57.147176,21:18:57,9865.48,9865.48,3
2025-11-01T21:19:08.802039,21:19:08,9884.42,9884.42,3
2025-11-01T21:19:20.790563,21:19:20,9884.46,9884.46,3
2025-11-01T21:19:32.387841,21:19:32,9879.8,9879.8,3
2025-11-01T21:19:44.368931,21:19:44,9869.59,9869.59,3
2025-11-01T21:19:55.975149,21:19:55,9868.15,9868.15,3
2025-11-01T21:20:07.941414,21:20:07,9863.06,9863.06,3
2025-11-01T21:20:19.556687,21:20:19,9852.91,9852.91,3
2025-11-01T21:20:31.482388,21:20:31,9839.66,9839.66,3
2025-11-01T21:20:43.259459,21:20:43,9833.3,9833.3,3
2025-11-01T21:20:54.861804,21:20:54,9834.09,9834.09,3
2025-11-01T21:21:06.770503,21:21:06,9845.18,9845.18,3
2025-11-01T21:21:18.652772,21:21:18,9851.62,9851.62,3
2025-11-01T21:21:30.580494,21:21:30,9850.67,9850.67,3
2025-11-01T21:21:42.235405,21:21:42,9854.39,9854.39,3
2025-11-01T21:21:54.046554,21:21:54,9856.42,9856.42,3
2025-11-01T21:22:05.976076,21:22:05,9855.69,9855.69,3
2025-11-01T21:22:17.540269,21:22:17,9857.49,9857.49,3
2025-11-01T21:22:29.495253,21:22:29,9856.24,9856.24,3
2025-11-01T21:22:41.399930,21:22:41,9857.08,9857.08,3
2025-11-01T21:22:53.333557,21:22:53,9862.29,9862.29,3
2025-11-01T21:23:05.217563,21:23:05,9867.83,9867.83,3
2025-11-01T21:23:17.200699,21:23:17,9865.57,9865.57,3
2025-11-01T21:23:28.778614,21:23:28,9865.52,9865.52,3
2025-11-01T21:23:40.653865,21:23:40,9864.44,9864.44,3
2025-11-01T21:23:52.669136,21:23:52,9864.37,9864.37,3
2025-11-01T21:24:04.321769,21:24:04,9876.03,9876.03,3
2025-11-01T21:24:16.256363,21:24:16,9876.06,9876.06,3
2025-11-01T21:24:28.188888,21:24:28,9875.72,9875.72,3
2025-11-01T21:24:39.844829,21:24:39,9884.83,9884.83,3
2025-11-01T21:24:51.759816,21:24:51,9883.22,9883.22,3
2025-11-01T21:25:03.634100,21:25:03,9874.22,9874.22,3
2025-11-01T21:25:15.577702,21:25:15,9872.15,9872.15,3
2025-11-01T21:25:27.473648,21:25:27,9872.24,9872.24,3
2025-11-01T21:25:39.475486,21:25:39,9896.88,9896.88,3
2025-11-01T21:25:51.370228,21:25:51,9901.95,9901.95,3
2025-11-01T21:26:03.336229,21:26:03,9902.77,9902.77,3
2025-11-01T21:26:15.538322,21:26:15,9903.86,9903.86,3
2025-11-01T21:26:27.133574,21:26:27,9905.8,9905.8,3
2025-11-01T21:26:38.780727,21:26:38,9907.6,9907.6,3
2025-11-01T21:26:50.370317,21:26:50,9908.59,9908.59,3
2025-11-01T21:27:02.354504,21:27:02,9949.41,9949.41,3
2025-11-01T21:27:13.942608,21:27:13,9951.01,9951.01,3
2025-11-01T21:27:25.666001,21:27:25,9918.57,9918.57,3
2025-11-01T21:27:37.312804,21:27:37,9926.76,9926.76,3
2025-11-01T21:27:48.937657,21:27:48,9925.42,9925.42,3
2025-11-01T21:28:00.604716,21:28:00,9922.4,9922.4,3
2025-11-01T21:28:12.512318,21:28:12,9933.97,9933.97,3
2025-11-01T21:28:24.454427,21:28:24,9929.84,9929.84,3
2025-11-01T21:28:36.468542,21:28:36,9936.64,9936.64,3
2025-11-01T21:28:48.464065,21:28:48,9941.33,9941.33,3
2025-11-01T21:29:00.427322,21:29:00,9947.49,9947.49,3
2025-11-01T21:29:12.129013,21:29:12,9952.5,9952.5,3
2025-11-01T21:29:24.344514,21:29:24,10024.93,10024.93,3
2025-11-01T21:29:36.378447,21:29:36,10026.68,10026.68,3
2025-11-01T21:29:48.006429,21:29:48,10025.78,10025.78,3
2025-11-01T21:29:59.736618,21:29:59,10031.03,10031.03,3
2025-11-01T21:30:11.740147,21:30:11,10068.93,10068.93,3
2025-11-01T21:30:23.343661,21:30:23,10051.74,10051.74,3
2025-11-01T21:30:35.330293,21:30:35,10012.62,10012.62,3
2025-11-01T21:30:47.299456,21:30:47,9988.32,9988.32,3
2025-11-01T21:30:58.964842,21:30:58,9986.91,9986.91,3
2025-11-01T21:31:10.589809,21:31:10,9981.09,9981.09,3
2025-11-01T21:31:22.300061,21:31:22,9970.49,9970.49,3
2025-11-01T21:31:34.185066,21:31:34,9991.5,9991.5,3
2025-11-01T21:31:45.788400,21:31:45,9995.27,9995.27,3
2025-11-01T21:31:57.787662,21:31:57,9994.15,9994.15,3
2025-11-01T21:32:09.820308,21:32:09,9993.75,9993.75,3
2025-11-01T21:32:21.763603,21:32:21,10012.77,10012.77,3
2025-11-01T21:32:33.725867,21:32:33,10038.77,10038.77,3
2025-11-01T21:32:45.651994,21:32:45,10032.19,10032.19,3
2025-11-01T21:32:57.561587,21:32:57,10035.62,10035.62,3
2025-11-01T21:33:09.465090,21:33:09,10045.7,10045.7,3
2025-11-01T21:33:21.163753,21:33:21,10068.66,10068.66,3
2025-11-01T21:33:33.096657,21:33:33,10069.75,10069.75,3
2025-11-01T21:33:44.996082,21:33:44,10071.03,10071.03,3
2025-11-01T21:33:56.664967,21:33:56,10055.77,10055.77,3
2025-11-01T21:34:08.657059,21:34:08,10056.82,10056.82,3
2025-11-01T21:34:20.340964,21:34:20,10062.43,10062.43,3
2025-11-01T21:34:32.262637,21:34:32,10062.03,10062.03,3
2025-11-01T21:34:43.973494,21:34:43,10065.19,10065.19,3
2025-11-01T21:34:56.146842,21:34:56,10071.9,10071.9,3
2025-11-01T21:35:08.312613,21:35:08,10074.16,10074.16,3
2025-11-01T21:35:20.495581,21:35:20,10080.36,10080.36,3
2025-11-01T21:35:32.552468,21:35:32,10087.13,10087.13,3
2025-11-01T21:35:44.198090,21:35:44,10118.67,10118.67,3
2025-11-01T21:35:56.164752,21:35:56,10130.08,10130.08,3
2025-11-01T21:36:08.081830,21:36:08,10141.65,10141.65,3
2025-11-01T21:36:20.300484,21:36:20,10161.4,10161.4,3
2025-11-01T21:36:32.446924,21:36:32,10122.81,10122.81,3
2025-11-01T21:36:44.637790,21:36:44,10120.12,10120.12,3
2025-11-01T21:36:56.655496,21:36:56,10122.94,10122.94,3
2025-11-01T21:37:08.556468,21:37:08,10121.78,10121.78,3
2025-11-01T21:37:20.466149,21:37:20,10157.81,10157.81,3
2025-11-01T21:37:32.348979,21:37:32,10115.77,10115.77,3
2025-11-01T21:37:44.283196,21:37:44,10130.65,10130.65,3
2025-11-01T21:37:56.227361,21:37:56,10134.02,10134.02,3
2025-11-01T21:38:08.458104,21:38:08,10146.82,10146.82,3
2025-11-01T21:38:20.426851,21:38:20,10166.16,10166.16,3
2025-11-01T21:38:32.093959,21:38:32,10160.12,10160.12,3
2025-11-01T21:38:43.981036,21:38:43,10114.19,10114.19,3
2025-11-01T21:38:56.207505,21:38:56,10119.24,10119.24,3
2025-11-01T21:39:08.100885,21:39:08,10119.47,10119.47,3
2025-11-01T21:39:20.512649,21:39:20,10099.59,10099.59,3
2025-11-01T21:39:32.452013,21:39:32,10072.57,10072.57,3
2025-11-01T21:39:44.665018,21:39:44,10085.44,10085.44,3
2025-11-01T21:39:56.609148,21:39:56,10080.92,10080.92,3
2025-11-01T21:40:08.236610,21:40:08,10036.39,10036.39,3
2025-11-01T21:40:20.448693,21:40:20,9991.41,9991.41,3
2025-11-01T21:40:32.379072,21:40:32,9983.76,9983.76,3
2025-11-01T21:40:44.359385,21:40:44,9971.93,9971.93,3
2025-11-01T21:40:56.087459,21:40:56,9963.82,9963.82,3
2025-11-01T21:41:08.381925,21:41:08,9983.8,9983.8,3
2025-11-01T21:41:20.594254,21:41:20,9987.33,9987.33,3
2025-11-01T21:41:32.481731,21:41:32,9999.86,9999.86,3
2025-11-01T21:41:44.694096,21:41:44,10005.79,10005.79,3
2025-11-01T21:41:56.722109,21:41:56,10032.29,10032.29,3
2025-11-01T21:42:08.629105,21:42:08,10046.4,10046.4,3
2025-11-01T21:42:20.555334,21:42:20,10054.82,10054.82,3
2025-11-01T21:42:32.464345,21:42:32,10065.82,10065.82,3
2025-11-01T21:42:44.352912,21:42:44,10068.26,10068.26,3
2025-11-01T21:42:56.287590,21:42:56,10064.86,10064.86,3
2025-11-01T21:43:07.909990,21:43:07,10051.11,10051.11,3
2025-11-01T21:43:19.889434,21:43:19,10034.91,10034.91,3
2025-11-01T21:43:31.864375,21:43:31,10029.01,10029.01,3
2025-11-01T21:43:43.806539,21:43:43,10004.46,10004.46,3
2025-11-01T21:43:55.695305,21:43:55,9984.13,9984.13,3
2025-11-01T21:44:07.601694,21:44:07,9979.66,9979.66,3
2025-11-01T21:44:19.469881,21:44:19,9960.38,9960.38,3
2025-11-01T21:44:31.420385,21:44:31,9950.87,9950.87,3
2025-11-01T21:44:43.649418,21:44:43,9951.58,9951.58,3
2025-11-01T21:44:55.572418,21:44:55,9943.47,9943.47,3
2025-11-01T21:45:07.251897,21:45:07,9950.09,9950.09,3
2025-11-01T21:45:19.499489,21:45:19,9950.1,9950.1,3
2025-11-01T21:45:31.403301,21:45:31,9934.41,9934.41,3
2025-11-01T21:45:43.618927,21:45:43,9938.1,9938.1,3
2025-11-01T21:45:55.516959,21:45:55,9942.16,9942.16,3
2025-11-01T21:46:07.499711,21:46:07,9942.53,9942.53,3
2025-11-01T21:46:19.376662,21:46:19,9945.6,9945.6,3
2025-11-01T21:46:31.516400,21:46:31,9946.45,9946.45,3
2025-11-01T21:46:43.406151,21:46:43,9933.35,9933.35,3
2025-11-01T21:46:55.031602,21:46:55,9934.29,9934.29,3
2025-11-01T21:47:07.210011,21:47:07,9941.58,9941.58,3
2025-11-01T21:47:19.441203,21:47:19,9939.76,9939.76,3
2025-11-01T21:47:31.711315,21:47:31,9950.68,9950.68,3
2025-11-01T21:47:43.630082,21:47:43,9970.6,9970.6,3
2025-11-01T21:47:55.774720,21:47:55,9944.35,9944.35,3
2025-11-01T21:48:07.677324,21:48:07,9955.16,9955.16,3
2025-11-01T21:48:19.603141,21:48:19,9948.71,9948.71,3
2025-11-01T21:48:31.528513,21:48:31,9948.9,9948.9,3
2025-11-01T21:48:43.563319,21:48:43,9949.37,9949.37,3
2025-11-01T21:48:55.435953,21:48:55,9947.07,9947.07,3
2025-11-01T21:49:07.380318,21:49:07,9958.61,9958.61,3
2025-11-01T21:49:19.300564,21:49:19,9955.47,9955.47,3
2025-11-01T21:49:31.190932,21:49:31,9969.81,9969.81,3
2025-11-01T21:49:43.411504,21:49:43,9980.56,9980.56,3
2025-11-01T21:49:55.332230,21:49:55,9971.69,9971.69,3
2025-11-01T21:50:07.615950,21:50:07,9969.59,9969.59,3
2025-11-01T21:50:19.555036,21:50:19,9973.31,9973.31,3
2025-11-01T21:50:31.495394,21:50:31,9988.48,9988.48,3
2025-11-01T21:50:43.446915,21:50:43,10010.55,10010.55,3
2025-11-01T21:50:55.630528,21:50:55,10010.49,10010.49,3
2025-11-01T21:51:07.631746,21:51:07,9997.84,9997.84,3
2025-11-01T21:51:19.526287,21:51:19,9991.47,9991.47,3
2025-11-01T21:51:31.498351,21:51:31,9959.01,9959.01,3
2025-11-01T21:51:43.535219,21:51:43,9978.65,9978.65,3
2025-11-01T21:51:55.489694,21:51:55,9986.79,9986.79,3
2025-11-01T21:52:07.366888,21:52:07,10003.84,10003.84,3
2025-11-01T21:52:19.356456,21:52:19,10006.7,10006.7,3
2025-11-01T21:52:31.386678,21:52:31,10007.45,10007.45,3
2025-11-01T21:52:43.648271,21:52:43,9983.2,9983.2,3
2025-11-01T21:52:55.603460,21:52:55,9966.14,9966.14,3
2025-11-01T21:53:07.516367,21:53:07,9966.29,9966.29,3
2025-11-01T21:53:19.233340,21:53:19,9968.43,9968.43,3
2025-11-01T21:53:30.877323,21:53:30,9967.83,9967.83,3
2025-11-01T21:53:43.107952,21:53:43,9966.01,9966.01,3
2025-11-01T21:53:55.384213,21:53:55,9960.36,9960.36,3
2025-11-01T21:54:07.723708,21:54:07,9956.82,9956.82,3
2025-11-01T21:54:19.688425,21:54:19,9942.48,9942.48,3
2025-11-01T21:54:31.609481,21:54:31,9941.31,9941.31,3
2025-11-01T21:54:43.643126,21:54:43,9948.15,9948.15,3
2025-11-01T21:54:55.272461,21:54:55,9951.34,9951.34,3
2025-11-01T21:55:07.603393,21:55:07,9960.57,9960.57,3
2025-11-01T21:55:19.249544,21:55:19,9977.2,9977.2,3
2025-11-01T21:55:30.871734,21:55:30,9999.26,9999.26,3
2025-11-01T21:55:42.480054,21:55:42,10012.95,10012.95,3
2025-11-01T21:55:54.495347,21:55:54,10004.19,10004.19,3
2025-11-01T21:56:06.496762,21:56:06,9998.56,9998.56,3
2025-11-01T21:56:18.119614,21:56:18,10009.76,10009.76,3
2025-11-01T21:56:29.826969,21:56:29,9989.79,9989.79,3
2025-11-01T21:56:41.780498,21:56:41,9996.55,9996.55,3
2025-11-01T21:56:53.761267,21:56:53,9996.17,9996.17,3
2025-11-01T21:57:05.774093,21:57:05,9979.72,9979.72,3
2025-11-01T21:57:17.951017,21:57:17,9970.02,9970.02,3
2025-11-01T21:57:29.638860,21:57:29,9966.85,9966.85,3
2025-11-01T21:57:41.667000,21:57:41,9965.71,9965.71,3
2025-11-01T21:57:53.675968,21:57:53,9967.54,9967.54,3
2025-11-01T21:58:05.610057,21:58:05,9969.09,9969.09,3
2025-11-01T21:58:17.571597,21:58:17,9969.34,9969.34,3
2025-11-01T21:58:29.643277,21:58:29,9959.59,9959.59,3
2025-11-01T21:58:41.598879,21:58:41,9958.56,9958.56,3
2025-11-01T21:58:53.631091,21:58:53,9949.87,9949.87,3
2025-11-01T21:59:05.540881,21:59:05,9943.14,9943.14,3
2025-11-01T21:59:17.292337,21:59:17,9950.28,9950.28,3
2025-11-01T21:59:29.214742,21:59:29,9949.67,9949.67,3
2025-11-01T21:59:40.942215,21:59:40,9946.54,9946.54,3
2025-11-01T21:59:52.682601,21:59:52,9941.63,9941.63,3
2025-11-01T22:00:04.625705,22:00:04,9948.49,9948.49,3
2025-11-01T22:00:16.622190,22:00:16,9959.14,9959.14,3
2025-11-01T22:00:28.676781,22:00:28,9969.05,9969.05,3
2025-11-01T22:00:40.779504,22:00:40,9983.62,9983.62,3
2025-11-01T22:00:52.480035,22:00:52,9996.8,9996.8,3
2025-11-01T22:01:04.182586,22:01:04,10008.26,10008.26,3
2025-11-01T22:01:16.205985,22:01:16,10015.23,10015.23,3
2025-11-01T22:01:28.440021,22:01:28,10017.24,10017.24,3
2025-11-01T22:01:40.627341,22:01:40,10026.68,10026.68,3
2025-11-01T22:01:52.235449,22:01:52,10066.74,10066.74,3
2025-11-01T22:02:04.987361,22:02:04,10070.64,10070.64,3
2025-11-01T22:02:17.434713,22:02:17,10067.82,10067.82,3
2025-11-01T22:02:29.309964,22:02:29,10071.71,10071.71,3
2025-11-01T22:02:41.301556,22:02:41,10074.02,10074.02,3
2025-11-01T22:02:53.413139,22:02:53,10069.95,10069.95,3
2025-11-01T22:03:05.545649,22:03:05,10072.79,10072.79,3
2025-11-01T22:03:17.989498,22:03:17,10069.86,10069.86,3
2025-11-01T22:03:40.561254,22:03:40,10066.97,10066.97,3
2025-11-01T22:03:52.702704,22:03:52,10082.51,10082.51,3
2025-11-01T22:04:04.497770,22:04:04,10068.71,10068.71,3
2025-11-01T22:04:17.472382,22:04:17,10076.28,10076.28,3
2025-11-01T22:04:29.556231,22:04:29,10076.95,10076.95,3
2025-11-01T22:04:42.619705,22:04:42,10067.85,10067.85,3
2025-11-01T22:04:54.520283,22:04:54,10082.04,10082.04,3
2025-11-01T22:05:06.993626,22:05:06,10090.11,10090.11,3
2025-11-01T22:05:19.079382,22:05:19,10093.75,10093.75,3
2025-11-01T22:05:30.844472,22:05:30,10094.25,10094.25,3
2025-11-01T22:05:43.004296,22:05:43,10091.35,10091.35,3
2025-11-01T22:05:54.855499,22:05:54,10094.81,10094.81,3
2025-11-01T22:06:07.052017,22:06:07,10093.28,10093.28,3
2025-11-01T22:06:20.155507,22:06:20,10090.25,10090.25,3
2025-11-01T22:06:32.216004,22:06:32,10088.18,10088.18,3
2025-11-01T22:06:44.404643,22:06:44,10088.61,10088.61,3
2025-11-01T22:06:56.597367,22:06:56,10085.75,10085.75,3
2025-11-01T22:07:08.712687,22:07:08,10085.28,10085.28,3
2025-11-01T22:07:20.959159,22:07:20,10080.25,10080.25,3
2025-11-01T22:07:32.678669,22:07:32,10080.02,10080.02,3
2025-11-01T22:07:44.983871,22:07:44,10086.82,10086.82,3
2025-11-01T22:07:57.484844,22:07:57,10088.07,10088.07,3
2025-11-01T22:08:10.062305,22:08:10,10103.94,10103.94,3
2025-11-01T22:08:22.053651,22:08:22,10103.7,10103.7,3
2025-11-01T22:08:34.120726,22:08:34,10107.32,10107.32,3
2025-11-01T22:08:46.308471,22:08:46,10108.32,10108.32,3
2025-11-01T22:08:58.791215,22:08:58,10110.15,10110.15,3
2025-11-01T22:09:11.689268,22:09:11,10097.05,10097.05,3
2025-11-01T22:09:23.786852,22:09:23,10097.14,10097.14,3
2025-11-01T22:09:36.155550,22:09:36,10096.53,10096.53,3
2025-11-01T22:09:48.590375,22:09:48,10104.61,10104.61,3
2025-11-01T22:10:00.781253,22:10:00,10105.23,10105.23,3
2025-11-01T22:10:13.276805,22:10:13,10098.94,10098.94,3
2025-11-01T22:10:25.448253,22:10:25,10089.67,10089.67,3
2025-11-01T22:10:37.588728,22:10:37,10088.57,10088.57,3
2025-11-01T22:10:49.905393,22:10:49,10089.7,10089.7,3
2025-11-01T22:11:02.695426,22:11:02,10087.6,10087.6,3
2025-11-01T22:11:14.867917,22:11:14,10087.11,10087.11,3
2025-11-01T22:11:27.291565,22:11:27,10085.27,10085.27,3
2025-11-01T22:11:39.405984,22:11:39,10084.17,10084.17,3
2025-11-01T22:11:51.341354,22:11:51,10083.75,10083.75,3
2025-11-01T22:12:03.729030,22:12:03,10082.47,10082.47,3
2025-11-01T22:12:15.897844,22:12:15,10091.89,10091.89,3
2025-11-01T22:12:28.012437,22:12:28,10093.61,10093.61,3
2025-11-01T22:12:40.162033,22:12:40,10094.68,10094.68,3
2025-11-01T22:12:52.559901,22:12:52,10094.37,10094.37,3
2025-11-01T22:13:04.703958,22:13:04,10095.16,10095.16,3
2025-11-01T22:13:16.478482,22:13:16,10105.07,10105.07,3
2025-11-01T22:13:28.790234,22:13:28,10110.49,10110.49,3
2025-11-01T22:13:41.371423,22:13:41,10111.32,10111.32,3
2025-11-01T22:13:53.451141,22:13:53,10112.64,10112.64,3
2025-11-01T22:14:05.500338,22:14:05,10113.86,10113.86,3
2025-11-01T22:14:17.546917,22:14:17,10114.28,10114.28,3
2025-11-01T22:14:29.597255,22:14:29,10126.36,10126.36,3
2025-11-01T22:14:41.349474,22:14:41,10123.11,10123.11,3
2025-11-01T22:14:53.140518,22:14:53,10135.7,10135.7,3
2025-11-01T22:15:05.049943,22:15:05,10134.24,10134.24,3
2025-11-01T22:15:17.631059,22:15:17,10133.35,10133.35,3
2025-11-01T22:15:29.884416,22:15:29,10135.78,10135.78,3
2025-11-01T22:15:55.413554,22:15:55,10138.28,10138.28,3
2025-11-01T22:16:07.386313,22:16:07,10135.16,10135.16,3
2025-11-01T22:16:19.256527,22:16:19,10133.82,10133.82,3
2025-11-01T22:16:31.447113,22:16:31,10136.97,10136.97,3
2025-11-01T22:16:43.289656,22:16:43,10155.7,10155.7,3
2025-11-01T22:16:55.709230,22:16:55,10168.61,10168.61,3
2025-11-01T22:17:07.275753,22:17:07,10186.84,10186.84,3
2025-11-01T22:17:19.576811,22:17:19,10186.93,10186.93,3
2025-11-01T22:17:31.435189,22:17:31,10188.06,10188.06,3
2025-11-01T22:17:43.649284,22:17:43,10165.17,10165.17,3
2025-11-01T22:17:55.576208,22:17:55,10159.56,10159.56,3
2025-11-01T22:18:07.503536,22:18:07,10136.21,10136.21,3
2025-11-01T22:18:19.406043,22:18:19,10122.16,10122.16,3
2025-11-01T22:18:31.280577,22:18:31,10122.63,10122.63,3
2025-11-01T22:18:43.455228,22:18:43,10114.39,10114.39,3
2025-11-01T22:18:55.598588,22:18:55,10110.82,10110.82,3
2025-11-01T22:19:07.230448,22:19:07,10106.21,10106.21,3
2025-11-01T22:19:19.146996,22:19:19,10070.56,10070.56,3
2025-11-01T22:19:31.375665,22:19:31,10059.33,10059.33,3
2025-11-01T22:19:43.603460,22:19:43,10069.42,10069.42,3
2025-11-01T22:19:55.543695,22:19:55,10094.4,10094.4,3
2025-11-01T22:20:07.786443,22:20:07,10075.89,10075.89,3
2025-11-01T22:20:19.684833,22:20:19,10069.5,10069.5,3
2025-11-01T22:20:31.630170,22:20:31,10082.95,10082.95,3
2025-11-01T22:20:43.613618,22:20:43,10097.38,10097.38,3
2025-11-01T22:20:55.489977,22:20:55,10115.09,10115.09,3
2025-11-01T22:21:07.084550,22:21:07,10127.59,10127.59,3
2025-11-01T22:21:18.964955,22:21:18,10127.13,10127.13,3
2025-11-01T22:21:31.104501,22:21:31,10141.08,10141.08,3
2025-11-01T22:21:42.719372,22:21:42,10148.43,10148.43,3
2025-11-01T22:21:54.910834,22:21:54,10160.84,10160.84,3
2025-11-01T22:22:07.097624,22:22:07,10158.71,10158.71,3
2025-11-01T22:22:19.364548,22:22:19,10156.12,10156.12,3
2025-11-01T22:22:30.953474,22:22:30,10146.29,10146.29,3
2025-11-01T22:22:42.918152,22:22:42,10148.08,10148.08,3
2025-11-01T22:22:54.783253,22:22:54,10143.24,10143.24,3
2025-11-01T22:23:06.710888,22:23:06,10121.76,10121.76,3
2025-11-01T22:23:18.603024,22:23:18,10123.11,10123.11,3
2025-11-01T22:23:30.472849,22:23:30,10123.23,10123.23,3
2025-11-01T22:23:42.332340,22:23:42,10125.61,10125.61,3
2025-11-01T22:23:54.549305,22:23:54,10117.24,10117.24,3
2025-11-01T22:24:06.837026,22:24:06,10097.54,10097.54,3
2025-11-01T22:24:18.733398,22:24:18,10088.06,10088.06,3
2025-11-01T22:24:30.704341,22:24:30,10087.2,10087.2,3
2025-11-01T22:24:42.629553,22:24:42,10086.43,10086.43,3
2025-11-01T22:24:54.325298,22:24:54,10092.22,10092.22,3
2025-11-01T22:25:06.264527,22:25:06,10070.58,10070.58,3
2025-11-01T22:25:18.232074,22:25:18,10076.68,10076.68,3
2025-11-01T22:25:29.798514,22:25:29,10069.08,10069.08,3
2025-11-01T22:25:41.753911,22:25:41,10045.37,10045.37,3
2025-11-01T22:25:53.723756,22:25:53,10057.08,10057.08,3
2025-11-01T22:26:05.723123,22:26:05,10054.4,10054.4,3
2025-11-01T22:26:17.642095,22:26:17,10051.0,10051.0,3
2025-11-01T22:26:29.268504,22:26:29,10050.55,10050.55,3
2025-11-01T22:26:41.416451,22:26:41,10050.35,10050.35,3
2025-11-01T22:26:53.578852,22:26:53,10047.2,10047.2,3
2025-11-01T22:27:05.169885,22:27:05,10045.25,10045.25,3
2025-11-01T22:27:17.347252,22:27:17,10052.38,10052.38,3
2025-11-01T22:27:29.249552,22:27:29,10050.44,10050.44,3
2025-11-01T22:27:40.822941,22:27:40,10048.92,10048.92,3
2025-11-01T22:27:53.005703,22:27:53,10047.94,10047.94,3
2025-11-01T22:28:04.560593,22:28:04,10047.8,10047.8,3
2025-11-01T22:28:16.492832,22:28:16,10047.0,10047.0,3
2025-11-01T22:28:28.960601,22:28:28,10046.43,10046.43,3
2025-11-01T22:28:41.128504,22:28:41,10042.39,10042.39,3
2025-11-01T22:28:53.169630,22:28:53,10041.88,10041.88,3
2025-11-01T22:29:05.156216,22:29:05,10046.85,10046.85,3
2025-11-01T22:29:16.765313,22:29:16,10043.55,10043.55,3
2025-11-01T22:29:29.074861,22:29:29,10044.1,10044.1,3
2025-11-01T22:29:40.684272,22:29:40,10044.59,10044.59,3
2025-11-01T22:29:52.780933,22:29:52,10044.81,10044.81,3
2025-11-01T22:30:06.952602,22:30:06,10050.89,10050.89,3
2025-11-01T22:30:20.752403,22:30:20,10061.24,10061.24,3
2025-11-01T22:30:33.181431,22:30:33,10044.59,10044.59,3
2025-11-01T22:30:45.662665,22:30:45,10022.51,10022.51,3
2025-11-01T22:30:58.684499,22:30:58,10002.03,10002.03,3
2025-11-01T22:31:11.670448,22:31:11,9977.81,9977.81,3
2025-11-01T22:31:24.418255,22:31:24,9979.38,9979.38,3
2025-11-01T22:31:36.695895,22:31:36,9989.61,9989.61,3
2025-11-01T22:31:48.453957,22:31:48,9988.64,9988.64,3
2025-11-01T22:32:00.588120,22:32:00,9955.93,9955.93,3
2025-11-01T22:32:12.264749,22:32:12,9961.9,9961.9,3
2025-11-01T22:32:24.892763,22:32:24,9960.22,9960.22,3
2025-11-01T22:32:36.811928,22:32:36,9953.83,9953.83,3
2025-11-01T22:32:48.487496,22:32:48,9945.84,9945.84,3
2025-11-01T22:33:00.395885,22:33:00,9945.98,9945.98,3
2025-11-01T22:33:12.820871,22:33:12,9946.65,9946.65,3
2025-11-01T22:33:25.532779,22:33:25,9961.37,9961.37,3
2025-11-01T22:33:37.476921,22:33:37,9956.39,9956.39,3
2025-11-01T22:33:49.739367,22:33:49,9958.12,9958.12,3
2025-11-01T22:34:01.708015,22:34:01,9957.09,9957.09,3
2025-11-01T22:34:14.281462,22:34:14,9990.55,9990.55,3
2025-11-01T22:34:26.658217,22:34:26,9981.33,9981.33,3
2025-11-01T22:34:40.021817,22:34:40,9981.77,9981.77,3
2025-11-01T22:34:51.908258,22:34:51,9998.59,9998.59,3
2025-11-01T22:35:06.267613,22:35:06,9996.02,9996.02,3
2025-11-01T22:35:20.743820,22:35:20,9995.04,9995.04,3
2025-11-01T22:35:34.829039,22:35:34,9967.27,9967.27,3
2025-11-01T22:35:46.601240,22:35:46,9966.38,9966.38,3
2025-11-01T22:35:59.117053,22:35:59,9962.92,9962.92,3
2025-11-01T22:36:11.743038,22:36:11,9977.61,9977.61,3
2025-11-01T22:36:23.575431,22:36:23,9969.67,9969.67,3
2025-11-01T22:36:35.606130,22:36:35,9925.68,9925.68,3
2025-11-01T22:36:47.178393,22:36:47,9939.15,9939.15,3
2025-11-01T22:36:59.099930,22:36:59,9913.69,9913.69,3
2025-11-01T22:37:11.651847,22:37:11,9913.0,9913.0,3
2025-11-01T22:37:24.388164,22:37:24,9934.55,9934.55,3
2025-11-01T22:37:36.519141,22:37:36,9948.85,9948.85,3
2025-11-01T22:37:48.578945,22:37:48,9954.0,9954.0,3
2025-11-01T22:38:00.209425,22:38:00,9949.24,9949.24,3
2025-11-01T22:38:12.306890,22:38:12,9937.52,9937.52,3
2025-11-01T22:38:25.270274,22:38:25,9907.53,9907.53,3
2025-11-01T22:38:37.136784,22:38:37,9911.74,9911.74,3
2025-11-01T22:38:50.388309,22:38:50,9913.11,9913.11,3
2025-11-01T22:39:02.691051,22:39:02,9900.29,9900.29,3
2025-11-01T22:39:14.938239,22:39:14,9906.09,9906.09,3
2025-11-01T22:39:26.893688,22:39:26,9910.8,9910.8,3
2025-11-01T22:39:38.778371,22:39:38,9907.11,9907.11,3
2025-11-01T22:39:50.815906,22:39:50,9907.7,9907.7,3
2025-11-01T22:40:02.660933,22:40:02,9903.59,9903.59,3
2025-11-01T22:40:15.885719,22:40:15,9888.73,9888.73,3
2025-11-01T22:40:28.934540,22:40:28,9888.42,9888.42,3
2025-11-01T22:40:40.912628,22:40:40,9887.84,9887.84,3
2025-11-01T22:40:53.580420,22:40:53,9887.18,9887.18,3
2025-11-01T22:41:05.627884,22:41:05,9903.75,9903.75,3
2025-11-01T22:41:18.221309,22:41:18,9905.71,9905.71,3
2025-11-01T22:41:30.037892,22:41:30,9914.46,9914.46,3
2025-11-01T22:41:41.616239,22:41:41,9914.28,9914.28,3
2025-11-01T22:41:53.529372,22:41:53,9913.33,9913.33,3
2025-11-01T22:42:05.451819,22:42:05,9916.82,9916.82,3
2025-11-01T22:42:17.439142,22:42:17,9928.35,9928.35,3
2025-11-01T22:42:29.481911,22:42:29,9938.96,9938.96,3
2025-11-01T22:42:41.393940,22:42:41,9947.89,9947.89,3
2025-11-01T22:42:53.329527,22:42:53,9941.38,9941.38,3
2025-11-01T22:43:04.915259,22:43:04,9944.61,9944.61,3
2025-11-01T22:43:16.531928,22:43:16,9947.58,9947.58,3
2025-11-01T22:43:28.133238,22:43:28,9950.0,9950.0,3
2025-11-01T22:43:39.725065,22:43:39,9952.57,9952.57,3
2025-11-01T22:43:51.294707,22:43:51,9953.03,9953.03,3
2025-11-01T22:44:03.203127,22:44:03,9953.76,9953.76,3
2025-11-01T22:44:14.813427,22:44:14,9952.04,9952.04,3
2025-11-01T22:44:26.723723,22:44:26,9955.62,9955.62,3
2025-11-01T22:44:38.621737,22:44:38,9956.58,9956.58,3
2025-11-01T22:44:50.185075,22:44:50,9964.05,9964.05,3
2025-11-01T22:45:02.373976,22:45:02,9965.08,9965.08,3
2025-11-01T22:45:14.260453,22:45:14,9966.29,9966.29,3
2025-11-01T22:45:26.250302,22:45:26,9923.78,9923.78,3
2025-11-01T22:45:38.545772,22:45:38,9923.08,9923.08,3
2025-11-01T22:45:50.497715,22:45:50,9922.7,9922.7,3
2025-11-01T22:46:03.390865,22:46:03,9921.98,9921.98,3
2025-11-01T22:46:15.597595,22:46:15,9921.07,9921.07,3
2025-11-01T22:46:27.639241,22:46:27,9918.55,9918.55,3
2025-11-01T22:46:39.593426,22:46:39,9906.89,9906.89,3
2025-11-01T22:46:51.464347,22:46:51,9909.7,9909.7,3
2025-11-01T22:47:04.016005,22:47:04,9899.41,9899.41,3
2025-11-01T22:47:15.651103,22:47:15,9869.54,9869.54,3
2025-11-01T22:47:27.305842,22:47:27,9881.32,9881.32,3
2025-11-01T22:47:39.233100,22:47:39,9891.9,9891.9,3
2025-11-01T22:47:50.901517,22:47:50,9903.03,9903.03,3
2025-11-01T22:48:02.790425,22:48:02,9902.83,9902.83,3
2025-11-01T22:48:14.666056,22:48:14,9903.24,9903.24,3
2025-11-01T22:48:26.695481,22:48:26,9895.33,9895.33,3
2025-11-01T22:48:38.609177,22:48:38,9879.64,9879.64,3
2025-11-01T22:48:50.442033,22:48:50,9877.07,9877.07,3
2025-11-01T22:49:02.320446,22:49:02,9874.45,9874.45,3
2025-11-01T22:49:14.463085,22:49:14,9879.24,9879.24,3
2025-11-01T22:49:26.368237,22:49:26,9885.84,9885.84,3
2025-11-01T22:49:38.566412,22:49:38,9889.23,9889.23,3
2025-11-01T22:49:50.498828,22:49:50,9900.36,9900.36,3
2025-11-01T22:50:02.637009,22:50:02,9899.1,9899.1,3
2025-11-01T22:50:14.556494,22:50:14,9896.25,9896.25,3
2025-11-01T22:50:26.527595,22:50:26,9892.72,9892.72,3
2025-11-01T22:50:38.435886,22:50:38,9896.18,9896.18,3
2025-11-01T22:50:50.007556,22:50:50,9892.24,9892.24,3
2025-11-01T22:51:02.236803,22:51:02,9889.06,9889.06,3
2025-11-01T22:51:14.477632,22:51:14,9882.84,9882.84,3
2025-11-01T22:51:26.663211,22:51:26,9885.17,9885.17,3
2025-11-01T22:51:38.608489,22:51:38,9888.26,9888.26,3
2025-11-01T22:51:50.478376,22:51:50,9897.87,9897.87,3
2025-11-01T22:52:02.416835,22:52:02,9893.56,9893.56,3
2025-11-01T22:52:14.609036,22:52:14,9906.17,9906.17,3
2025-11-01T22:52:26.476086,22:52:26,9896.24,9896.24,3
2025-11-01T22:52:38.545039,22:52:38,9900.95,9900.95,3
2025-11-01T22:52:50.223979,22:52:50,9902.34,9902.34,3
2025-11-01T22:53:02.371144,22:53:02,9903.65,9903.65,3
2025-11-01T22:53:14.274541,22:53:14,9910.16,9910.16,3
2025-11-01T22:53:26.616471,22:53:26,9921.76,9921.76,3
2025-11-01T22:53:38.513976,22:53:38,9927.74,9927.74,3
2025-11-01T22:53:50.531330,22:53:50,9929.06,9929.06,3
2025-11-01T22:54:02.177259,22:54:02,9924.73,9924.73,3
2025-11-01T22:54:14.361196,22:54:14,9911.94,9911.94,3
2025-11-01T22:54:26.443120,22:54:26,9917.88,9917.88,3
2025-11-01T22:54:38.485714,22:54:38,9917.93,9917.93,3
2025-11-01T22:54:50.546282,22:54:50,9914.04,9914.04,3
2025-11-01T22:55:02.450195,22:55:02,9912.93,9912.93,3
2025-11-01T22:55:14.667450,22:55:14,9904.92,9904.92,3
2025-11-01T22:55:26.680529,22:55:26,9875.88,9875.88,3
2025-11-01T22:55:38.628388,22:55:38,9871.52,9871.52,3
2025-11-01T22:55:50.340145,22:55:50,9871.41,9871.41,3
2025-11-01T22:56:02.248298,22:56:02,9871.41,9871.41,3
2025-11-01T22:56:14.150091,22:56:14,9871.95,9871.95,3
2025-11-01T22:56:25.751664,22:56:25,9874.02,9874.02,3
2025-11-01T22:56:37.657973,22:56:37,9874.58,9874.58,3
2025-11-01T22:56:49.223057,22:56:49,9877.02,9877.02,3
2025-11-01T22:57:01.393386,22:57:01,9877.83,9877.83,3
2025-11-01T22:57:13.322496,22:57:13,9875.23,9875.23,3
2025-11-01T22:57:25.496613,22:57:25,9873.49,9873.49,3
2025-11-01T22:57:37.376658,22:57:37,9858.04,9858.04,3
2025-11-01T22:57:49.564011,22:57:49,9861.97,9861.97,3
2025-11-01T22:58:01.411397,22:58:01,9876.44,9876.44,3
2025-11-01T22:58:13.048466,22:58:13,9875.25,9875.25,3
2025-11-01T22:58:24.669370,22:58:24,9885.87,9885.87,3
2025-11-01T22:58:36.249929,22:58:36,9887.09,9887.09,3
2025-11-01T22:58:47.850478,22:58:47,9886.51,9886.51,3
2025-11-01T22:58:59.736434,22:58:59,9887.37,9887.37,3
2025-11-01T22:59:11.634630,22:59:11,9887.16,9887.16,3
2025-11-01T22:59:23.497627,22:59:23,9886.25,9886.25,3
2025-11-01T22:59:35.415671,22:59:35,9882.53,9882.53,3
2025-11-01T22:59:47.287552,22:59:47,9870.04,9870.04,3
2025-11-01T22:59:58.901507,22:59:58,9859.72,9859.72,3
2025-11-01T23:00:10.777821,23:00:10,9870.68,9870.68,3
2025-11-01T23:00:22.678309,23:00:22,9871.33,9871.33,3
2025-11-01T23:00:34.606486,23:00:34,9877.19,9877.19,3
2025-11-01T23:00:46.491996,23:00:46,9887.95,9887.95,3
2025-11-01T23:00:58.459487,23:00:58,9888.17,9888.17,3
2025-11-01T23:01:10.415582,23:01:10,9869.11,9869.11,3
2025-11-01T23:01:22.287139,23:01:22,9873.73,9873.73,3
2025-11-01T23:01:34.599609,23:01:34,9885.3,9885.3,3
2025-11-01T23:01:46.508157,23:01:46,9886.92,9886.92,3
2025-11-01T23:01:58.422741,23:01:58,9885.88,9885.88,3
2025-11-01T23:02:10.303054,23:02:10,9888.96,9888.96,3
2025-11-01T23:02:22.486709,23:02:22,9886.73,9886.73,3
2025-11-01T23:02:34.708468,23:02:34,9884.39,9884.39,3
2025-11-01T23:02:46.585410,23:02:46,9882.49,9882.49,3
2025-11-01T23:02:58.512405,23:02:58,9893.47,9893.47,3
2025-11-01T23:03:10.422475,23:03:10,9892.71,9892.71,3
2025-11-01T23:03:22.326008,23:03:22,9892.58,9892.58,3
2025-11-01T23:03:34.235127,23:03:34,9892.17,9892.17,3
2025-11-01T23:03:46.221037,23:03:46,9891.83,9891.83,3
2025-11-01T23:03:58.480257,23:03:58,9874.39,9874.39,3
2025-11-01T23:04:10.048092,23:04:10,9874.35,9874.35,3
2025-11-01T23:04:22.006562,23:04:22,9873.5,9873.5,3
2025-11-01T23:04:33.642023,23:04:33,9841.79,9841.79,3
2025-11-01T23:04:45.531899,23:04:45,9855.79,9855.79,3
2025-11-01T23:04:57.114548,23:04:57,9868.07,9868.07,3
2025-11-01T23:05:09.625627,23:05:09,9874.75,9874.75,3
2025-11-01T23:05:21.200057,23:05:21,9875.34,9875.34,3
2025-11-01T23:05:33.400506,23:05:33,9876.49,9876.49,3
2025-11-01T23:05:45.328202,23:05:45,9876.31,9876.31,3
2025-11-01T23:05:56.916560,23:05:56,9876.92,9876.92,3
2025-11-01T23:06:08.844456,23:06:08,9876.45,9876.45,3
2025-11-01T23:06:20.762701,23:06:20,9876.94,9876.94,3
2025-11-01T23:06:32.646449,23:06:32,9877.26,9877.26,3
2025-11-01T23:06:44.294479,23:06:44,9877.71,9877.71,3
2025-11-01T23:06:56.166171,23:06:56,9887.27,9887.27,3
2025-11-01T23:07:08.014366,23:07:08,9895.73,9895.73,3
2025-11-01T23:07:20.207067,23:07:20,9895.48,9895.48,3
2025-11-01T23:07:31.767276,23:07:31,9896.32,9896.32,3
2025-11-01T23:07:43.667512,23:07:43,9895.03,9895.03,3
2025-11-01T23:07:55.537459,23:07:55,9892.82,9892.82,3
2025-11-01T23:08:07.467675,23:08:07,9897.87,9897.87,3
2025-11-01T23:08:19.336439,23:08:19,9913.4,9913.4,3
2025-11-01T23:08:31.495181,23:08:31,9928.79,9928.79,3
2025-11-01T23:08:43.452690,23:08:43,9956.22,9956.22,3
2025-11-01T23:08:55.428459,23:08:55,9956.87,9956.87,3
2025-11-01T23:09:07.004639,23:09:07,9933.27,9933.27,3
2025-11-01T23:09:19.249641,23:09:19,9941.52,9941.52,3
2025-11-01T23:09:31.404353,23:09:31,9946.07,9946.07,3
2025-11-01T23:09:43.569893,23:09:43,9942.98,9942.98,3
2025-11-01T23:09:55.518559,23:09:55,9940.19,9940.19,3
2025-11-01T23:10:07.442911,23:10:07,9932.85,9932.85,3
2025-11-01T23:10:19.607799,23:10:19,9927.76,9927.76,3
2025-11-01T23:10:31.593253,23:10:31,9926.64,9926.64,3
2025-11-01T23:10:43.524531,23:10:43,9937.27,9937.27,3
2025-11-01T23:10:55.472237,23:10:55,9940.89,9940.89,3
2025-11-01T23:11:07.472436,23:11:07,9938.7,9938.7,3
2025-11-01T23:11:19.060985,23:11:19,9933.0,9933.0,3
2025-11-01T23:11:31.339638,23:11:31,9936.07,9936.07,3
2025-11-01T23:11:43.593289,23:11:43,9936.9,9936.9,3
2025-11-01T23:11:55.185036,23:11:55,9936.95,9936.95,3
2025-11-01T23:12:06.814822,23:12:06,9936.76,9936.76,3
2025-11-01T23:12:18.756788,23:12:18,9943.04,9943.04,3
2025-11-01T23:12:30.669749,23:12:30,9941.69,9941.69,3
2025-11-01T23:12:42.594491,23:12:42,9941.67,9941.67,3
2025-11-01T23:12:54.538719,23:12:54,9942.1,9942.1,3
2025-11-01T23:13:06.392156,23:13:06,9940.57,9940.57,3
2025-11-01T23:13:18.011188,23:13:18,9939.22,9939.22,3
2025-11-01T23:13:29.976805,23:13:29,9937.42,9937.42,3
2025-11-01T23:13:41.881266,23:13:41,9934.95,9934.95,3
2025-11-01T23:13:53.781397,23:13:53,9931.35,9931.35,3
2025-11-01T23:14:05.431569,23:14:05,9931.33,9931.33,3
2025-11-01T23:14:17.012091,23:14:17,9930.83,9930.83,3
2025-11-01T23:14:29.469730,23:14:29,9878.86,9878.86,3
2025-11-01T23:14:41.338327,23:14:41,9885.09,9885.09,3
2025-11-01T23:14:53.196941,23:14:53,9883.9,9883.9,3
2025-11-01T23:15:05.079605,23:15:05,9872.65,9872.65,3
2025-11-01T23:15:16.678654,23:15:16,9891.45,9891.45,3
2025-11-01T23:15:28.622832,23:15:28,9908.88,9908.88,3
2025-11-01T23:15:40.534712,23:15:40,9907.69,9907.69,3
2025-11-01T23:15:52.468616,23:15:52,9907.26,9907.26,3
2025-11-01T23:16:04.475785,23:16:04,9905.34,9905.34,3
2025-11-01T23:16:16.652629,23:16:16,9913.9,9913.9,3
2025-11-01T23:16:28.587958,23:16:28,9915.29,9915.29,3
2025-11-01T23:16:40.506839,23:16:40,9914.39,9914.39,3
2025-11-01T23:16:52.438481,23:16:52,9914.27,9914.27,3
2025-11-01T23:17:04.293129,23:17:04,9909.74,9909.74,3
2025-11-01T23:17:15.896236,23:17:15,9904.49,9904.49,3
2025-11-01T23:17:27.446324,23:17:27,9900.13,9900.13,3
2025-11-01T23:17:39.374677,23:17:39,9904.48,9904.48,3
2025-11-01T23:17:51.392500,23:17:51,9900.79,9900.79,3
2025-11-01T23:18:02.968061,23:18:02,9900.26,9900.26,3
2025-11-01T23:18:14.814702,23:18:14,9901.65,9901.65,3
2025-11-01T23:18:26.705286,23:18:26,9902.49,9902.49,3
2025-11-01T23:18:38.320495,23:18:38,9902.77,9902.77,3
2025-11-01T23:18:49.894919,23:18:49,9906.11,9906.11,3
2025-11-01T23:19:01.812451,23:19:01,9895.86,9895.86,3
2025-11-01T23:19:13.392245,23:19:13,9885.99,9885.99,3
2025-11-01T23:19:25.306698,23:19:25,9884.45,9884.45,3
2025-11-01T23:19:36.879432,23:19:36,9876.27,9876.27,3
2025-11-01T23:19:48.446227,23:19:48,9876.95,9876.95,3
2025-11-01T23:20:00.436017,23:20:00,9873.29,9873.29,3
2025-11-01T23:20:12.640918,23:20:12,9871.73,9871.73,3
2025-11-01T23:20:24.488333,23:20:24,9884.15,9884.15,3
2025-11-01T23:20:36.376217,23:20:36,9897.0,9897.0,3
2025-11-01T23:20:48.558835,23:20:48,9896.95,9896.95,3
2025-11-01T23:21:00.225015,23:21:00,9888.69,9888.69,3
2025-11-01T23:21:12.111254,23:21:12,9875.43,9875.43,3
2025-11-01T23:21:24.477725,23:21:24,9865.75,9865.75,3
2025-11-01T23:21:36.057498,23:21:36,9875.9,9875.9,3
2025-11-01T23:21:47.931361,23:21:47,9876.07,9876.07,3
2025-11-01T23:21:59.884486,23:21:59,9878.04,9878.04,3
2025-11-01T23:22:11.510610,23:22:11,9892.64,9892.64,3
2025-11-01T23:22:23.686791,23:22:23,9894.98,9894.98,3
2025-11-01T23:22:35.552503,23:22:35,9892.98,9892.98,3
2025-11-01T23:22:47.202423,23:22:47,9894.03,9894.03,3
2025-11-01T23:22:58.788887,23:22:58,9890.11,9890.11,3
2025-11-01T23:23:10.403901,23:23:10,9879.99,9879.99,3
2025-11-01T23:23:22.307163,23:23:22,9870.44,9870.44,3
2025-11-01T23:23:34.246424,23:23:34,9870.31,9870.31,3
2025-11-01T23:23:45.881857,23:23:45,9869.54,9869.54,3
2025-11-01T23:23:57.442404,23:23:57,9877.23,9877.23,3
2025-11-01T23:24:09.385885,23:24:09,9837.49,9837.49,3
2025-11-01T23:24:21.041171,23:24:21,9835.65,9835.65,3
2025-11-01T23:24:32.630635,23:24:32,9836.04,9836.04,3
2025-11-01T23:24:44.500675,23:24:44,9825.19,9825.19,3
2025-11-01T23:24:56.379009,23:24:56,9824.72,9824.72,3
2025-11-01T23:25:08.285027,23:25:08,9808.02,9808.02,3
2025-11-01T23:25:20.166725,23:25:20,9809.7,9809.7,3
2025-11-01T23:25:32.094212,23:25:32,9819.93,9819.93,3
2025-11-01T23:25:43.658200,23:25:43,9820.45,9820.45,3
2025-11-01T23:25:55.535746,23:25:55,9815.93,9815.93,3
2025-11-01T23:26:07.424129,23:26:07,9806.01,9806.01,3
2025-11-01T23:26:19.607561,23:26:19,9813.23,9813.23,3
2025-11-01T23:26:31.575280,23:26:31,9810.86,9810.86,3
2025-11-01T23:26:43.516434,23:26:43,9806.57,9806.57,3
2025-11-01T23:26:55.402178,23:26:55,9805.56,9805.56,3
2025-11-01T23:27:07.310532,23:27:07,9802.13,9802.13,3
2025-11-01T23:27:18.980575,23:27:18,9803.58,9803.58,3
2025-11-01T23:27:30.907988,23:27:30,9806.04,9806.04,3
2025-11-01T23:27:42.826095,23:27:42,9815.63,9815.63,3
2025-11-01T23:27:54.693508,23:27:54,9820.45,9820.45,3
2025-11-01T23:28:06.258940,23:28:06,9827.62,9827.62,3
2025-11-01T23:28:18.186591,23:28:18,9830.63,9830.63,3
2025-11-01T23:28:30.205698,23:28:30,9834.98,9834.98,3
2025-11-01T23:28:42.138918,23:28:42,9837.27,9837.27,3
2025-11-01T23:28:54.000395,23:28:54,9835.93,9835.93,3
2025-11-01T23:29:05.614865,23:29:05,9827.47,9827.47,3
2025-11-01T23:29:17.497497,23:29:17,9827.48,9827.48,3
2025-11-01T23:29:29.381062,23:29:29,9827.59,9827.59,3
2025-11-01T23:29:41.525269,23:29:41,9828.3,9828.3,3
2025-11-01T23:29:53.088329,23:29:53,9828.85,9828.85,3
2025-11-01T23:30:05.372539,23:30:05,9816.35,9816.35,3
2025-11-01T23:30:17.290294,23:30:17,9806.77,9806.77,3
2025-11-01T23:30:29.469818,23:30:29,9821.08,9821.08,3
2025-11-01T23:30:41.374536,23:30:41,9827.25,9827.25,3
2025-11-01T23:30:53.546939,23:30:53,9841.39,9841.39,3
2025-11-01T23:31:05.414514,23:31:05,9846.14,9846.14,3
2025-11-01T23:31:17.573445,23:31:17,9851.65,9851.65,3
2025-11-01T23:31:29.418553,23:31:29,9859.3,9859.3,3
2025-11-01T23:31:41.557974,23:31:41,9860.33,9860.33,3
2025-11-01T23:31:53.460689,23:31:53,9867.96,9867.96,3
2025-11-01T23:32:05.327039,23:32:05,9862.04,9862.04,3
2025-11-01T23:32:17.222037,23:32:17,9868.73,9868.73,3
2025-11-01T23:32:29.124151,23:32:29,9864.89,9864.89,3
2025-11-01T23:32:41.615171,23:32:41,9865.06,9865.06,3
2025-11-01T23:32:53.469110,23:32:53,9863.99,9863.99,3
2025-11-01T23:33:05.388340,23:33:05,9851.99,9851.99,3
2025-11-01T23:33:17.291617,23:33:17,9843.33,9843.33,3
2025-11-01T23:33:29.430127,23:33:29,9867.17,9867.17,3
2025-11-01T23:33:41.295670,23:33:41,9876.95,9876.95,3
2025-11-01T23:33:53.467522,23:33:53,9864.99,9864.99,3
2025-11-01T23:34:05.021820,23:34:05,9855.36,9855.36,3
2025-11-01T23:34:16.576662,23:34:16,9861.04,9861.04,3
2025-11-01T23:34:28.453211,23:34:28,9863.42,9863.42,3
2025-11-01T23:34:40.641784,23:34:40,9869.83,9869.83,3
2025-11-01T23:34:52.581618,23:34:52,9861.1,9861.1,3
2025-11-01T23:35:04.267109,23:35:04,9857.55,9857.55,3
2025-11-01T23:35:16.139297,23:35:16,9853.31,9853.31,3
2025-11-01T23:35:28.096457,23:35:28,9852.71,9852.71,3
2025-11-01T23:35:40.259454,23:35:40,9851.64,9851.64,3
2025-11-01T23:35:51.874262,23:35:51,9856.15,9856.15,3
2025-11-01T23:36:03.823991,23:36:03,9856.47,9856.47,3
2025-11-01T23:36:15.407367,23:36:15,9844.06,9844.06,3
2025-11-01T23:36:27.381479,23:36:27,9842.18,9842.18,3
2025-11-01T23:36:38.959339,23:36:38,9829.88,9829.88,3
2025-11-01T23:36:51.156630,23:36:51,9833.71,9833.71,3
2025-11-01T23:37:03.315628,23:37:03,9837.59,9837.59,3
2025-11-01T23:37:15.497026,23:37:15,9835.16,9835.16,3
2025-11-01T23:37:27.369821,23:37:27,9836.52,9836.52,3
2025-11-01T23:37:39.498170,23:37:39,9835.54,9835.54,3
2025-11-01T23:37:51.438761,23:37:51,9834.96,9834.96,3
2025-11-01T23:38:03.410482,23:38:03,9856.24,9856.24,3
2025-11-01T23:38:15.312413,23:38:15,9861.33,9861.33,3
2025-11-01T23:38:26.911374,23:38:26,9867.52,9867.52,3
2025-11-01T23:38:39.087586,23:38:39,9869.61,9869.61,3
2025-11-01T23:38:51.207865,23:38:51,9870.43,9870.43,3
2025-11-01T23:39:03.049300,23:39:03,9856.9,9856.9,3
2025-11-01T23:39:15.256071,23:39:15,9845.6,9845.6,3
2025-11-01T23:39:27.138811,23:39:27,9831.11,9831.11,3
2025-11-01T23:39:39.288023,23:39:39,9841.7,9841.7,3
2025-11-01T23:39:51.465829,23:39:51,9851.92,9851.92,3
2025-11-01T23:40:03.688860,23:40:03,9852.9,9852.9,3
2025-11-01T23:40:15.580000,23:40:15,9853.9,9853.9,3
2025-11-01T23:40:27.458276,23:40:27,9853.96,9853.96,3
2025-11-01T23:40:39.346186,23:40:39,9857.83,9857.83,3
2025-11-01T23:40:51.510407,23:40:51,9860.02,9860.02,3
2025-11-01T23:41:03.433983,23:41:03,9881.97,9881.97,3
2025-11-01T23:41:15.315243,23:41:15,9881.46,9881.46,3
2025-11-01T23:41:27.476417,23:41:27,9888.5,9888.5,3
2025-11-01T23:41:39.111715,23:41:39,9897.51,9897.51,3
2025-11-01T23:41:51.340133,23:41:51,9903.85,9903.85,3
2025-11-01T23:42:03.280774,23:42:03,9911.85,9911.85,3
2025-11-01T23:42:15.144136,23:42:15,9915.33,9915.33,3
2025-11-01T23:42:26.692287,23:42:26,9913.59,9913.59,3
2025-11-01T23:42:38.554645,23:42:38,9915.17,9915.17,3
2025-11-01T23:42:50.479845,23:42:50,9911.32,9911.32,3
2025-11-01T23:43:02.036512,23:43:02,9901.31,9901.31,3
2025-11-01T23:43:14.195673,23:43:14,9894.82,9894.82,3
2025-11-01T23:43:26.427305,23:43:26,9880.34,9880.34,3
2025-11-01T23:43:38.587485,23:43:38,9875.28,9875.28,3
2025-11-01T23:43:50.488185,23:43:50,9875.79,9875.79,3
2025-11-01T23:44:02.068750,23:44:02,9876.15,9876.15,3
2025-11-01T23:44:13.605227,23:44:13,9876.16,9876.16,3
2025-11-01T23:44:25.485679,23:44:25,9876.37,9876.37,3
2025-11-01T23:44:37.023799,23:44:37,9870.56,9870.56,3
2025-11-01T23:44:48.637230,23:44:48,9869.09,9869.09,3
2025-11-01T23:45:00.472378,23:45:00,9867.88,9867.88,3
2025-11-01T23:45:12.382662,23:45:12,9855.77,9855.77,3
2025-11-01T23:45:24.516599,23:45:24,9863.42,9863.42,3
2025-11-01T23:45:36.423651,23:45:36,9863.31,9863.31,3
2025-11-01T23:45:48.331277,23:45:48,9865.25,9865.25,3
2025-11-01T23:46:00.194728,23:46:00,9863.81,9863.81,3
2025-11-01T23:46:12.343215,23:46:12,9862.75,9862.75,3
2025-11-01T23:46:24.224405,23:46:24,9860.31,9860.31,3
2025-11-01T23:46:36.142153,23:46:36,9862.17,9862.17,3
2025-11-01T23:46:48.334182,23:46:48,9869.07,9869.07,3
2025-11-01T23:47:00.226319,23:47:00,9887.32,9887.32,3
2025-11-01T23:47:11.752596,23:47:11,9912.96,9912.96,3
2025-11-01T23:47:23.611959,23:47:23,9928.07,9928.07,3
2025-11-01T23:47:35.514704,23:47:35,9929.69,9929.69,3
2025-11-01T23:47:47.397069,23:47:47,9930.5,9930.5,3
2025-11-01T23:47:59.406706,23:47:59,9909.5,9909.5,3
2025-11-01T23:48:11.317454,23:48:11,9906.87,9906.87,3
2025-11-01T23:48:23.015719,23:48:23,9907.55,9907.55,3
2025-11-01T23:48:34.872255,23:48:34,9896.02,9896.02,3
2025-11-01T23:48:46.765722,23:48:46,9891.27,9891.27,3
2025-11-01T23:48:58.670986,23:48:58,9878.07,9878.07,3
2025-11-01T23:49:10.571715,23:49:10,9873.75,9873.75,3
2025-11-01T23:49:22.541570,23:49:22,9872.94,9872.94,3
2025-11-01T23:49:34.486889,23:49:34,9872.31,9872.31,3
2025-11-01T23:49:46.380695,23:49:46,9863.62,9863.62,3
2025-11-01T23:49:58.354522,23:49:58,9864.81,9864.81,3
2025-11-01T23:50:09.927430,23:50:09,9866.84,9866.84,3
2025-11-01T23:50:22.060028,23:50:22,9869.24,9869.24,3
2025-11-01T23:50:33.658185,23:50:33,9884.88,9884.88,3
2025-11-01T23:50:45.512607,23:50:45,9874.99,9874.99,3
2025-11-01T23:50:57.551209,23:50:57,9875.47,9875.47,3
2025-11-01T23:51:09.434658,23:51:09,9898.14,9898.14,3
2025-11-01T23:51:21.288981,23:51:21,9890.43,9890.43,3
2025-11-01T23:51:33.456106,23:51:33,9902.72,9902.72,3
2025-11-01T23:51:45.083284,23:51:45,9899.33,9899.33,3
2025-11-01T23:51:57.258513,23:51:57,9893.55,9893.55,3
2025-11-01T23:52:08.824846,23:52:08,9883.67,9883.67,3
2025-11-01T23:52:20.760556,23:52:20,9879.75,9879.75,3
2025-11-01T23:52:32.590453,23:52:32,9875.23,9875.23,3
2025-11-01T23:52:44.449140,23:52:44,9871.72,9871.72,3
2025-11-01T23:52:56.094762,23:52:56,9864.43,9864.43,3
2025-11-01T23:53:08.038324,23:53:08,9869.42,9869.42,3
2025-11-01T23:53:19.648450,23:53:19,9866.7,9866.7,3
2025-11-01T23:53:31.512425,23:53:31,9866.39,9866.39,3
2025-11-01T23:53:43.404397,23:53:43,9865.1,9865.1,3
2025-11-01T23:53:55.034605,23:53:55,9862.19,9862.19,3
2025-11-01T23:54:06.605436,23:54:06,9861.46,9861.46,3
2025-11-01T23:54:18.438885,23:54:18,9858.65,9858.65,3
2025-11-01T23:54:30.381075,23:54:30,9856.96,9856.96,3
2025-11-01T23:54:42.578264,23:54:42,9850.98,9850.98,3
2025-11-01T23:54:54.453441,23:54:54,9845.29,9845.29,3
2025-11-01T23:55:06.643613,23:55:06,9854.17,9854.17,3
2025-11-01T23:55:18.221832,23:55:18,9851.57,9851.57,3
2025-11-01T23:55:30.105871,23:55:30,9870.78,9870.78,3
2025-11-01T23:55:42.234461,23:55:42,9873.02,9873.02,3
2025-11-01T23:55:54.227228,23:55:54,9872.11,9872.11,3
2025-11-01T23:56:05.795321,23:56:05,9875.23,9875.23,3
2025-11-01T23:56:17.422502,23:56:17,9890.39,9890.39,3
2025-11-01T23:56:28.954026,23:56:28,9890.39,9890.39,3
2025-11-01T23:56:40.834547,23:56:40,9890.72,9890.72,3
2025-11-01T23:56:52.756528,23:56:52,9887.95,9887.95,3
2025-11-01T23:57:04.452076,23:57:04,9883.94,9883.94,3
2025-11-01T23:57:16.342042,23:57:16,9887.52,9887.52,3
2025-11-01T23:57:28.532420,23:57:28,9891.68,9891.68,3
2025-11-01T23:57:40.441092,23:57:40,9892.52,9892.52,3
2025-11-01T23:57:52.589911,23:57:52,9888.72,9888.72,3
2025-11-01T23:58:04.441951,23:58:04,9886.01,9886.01,3
2025-11-01T23:58:15.995860,23:58:15,9883.03,9883.03,3
2025-11-01T23:58:28.213001,23:58:28,9877.28,9877.28,3
2025-11-01T23:58:40.406952,23:58:40,9874.49,9874.49,3
2025-11-01T23:58:52.278597,23:58:52,9857.75,9857.75,3
2025-11-01T23:59:04.148499,23:59:04,9853.35,9853.35,3
2025-11-01T23:59:15.997571,23:59:15,9850.12,9850.12,3
2025-11-01T23:59:28.214081,23:59:28,9855.78,9855.78,3
2025-11-01T23:59:40.060808,23:59:40,9862.13,9862.13,3
2025-11-01T23:59:51.682965,23:59:51,9863.12,9863.12,3
