timestamp,time,total_pnl,unrealized_pnl,position_count
2025-11-14T08:18:45.387360,08:18:45,3153.71,3153.71,3
2025-11-14T08:18:57.768204,08:18:57,3103.23,3103.23,3
2025-11-14T08:19:10.494846,08:19:10,2998.97,2998.97,3
2025-11-14T08:19:23.285921,08:19:23,2964.38,2964.38,3
2025-11-14T08:19:35.827244,08:19:35,2855.65,2855.65,3
2025-11-14T08:19:48.313944,08:19:48,2899.24,2899.24,3
2025-11-14T08:20:00.746113,08:20:00,2933.71,2933.71,3
2025-11-14T08:20:13.520908,08:20:13,3046.59,3046.59,3
2025-11-14T08:20:25.870045,08:20:25,3145.87,3145.87,3
2025-11-14T08:20:38.220971,08:20:38,3145.74,3145.74,3
2025-11-14T08:20:50.517697,08:20:50,3185.61,3185.61,3
2025-11-14T08:21:02.932816,08:21:02,3306.36,3306.36,3
2025-11-14T08:21:15.460879,08:21:15,3325.82,3325.82,3
2025-11-14T08:21:27.913456,08:21:27,3432.22,3432.22,3
2025-11-14T08:21:40.406127,08:21:40,3401.95,3401.95,3
2025-11-14T08:21:52.731805,08:21:52,3426.75,3426.75,3
2025-11-14T08:22:05.233623,08:22:05,3352.47,3352.47,3
2025-11-14T08:22:17.604151,08:22:17,3402.56,3402.56,3
2025-11-14T08:22:30.037913,08:22:30,3372.17,3372.17,3
2025-11-14T08:22:44.383129,08:22:44,3369.84,3369.84,3
2025-11-14T08:22:56.711536,08:22:56,3334.72,3334.72,3
2025-11-14T08:23:08.870523,08:23:08,3217.55,3217.55,3
2025-11-14T08:23:21.233011,08:23:21,3212.59,3212.59,3
2025-11-14T08:23:33.502109,08:23:33,3265.71,3265.71,3
2025-11-14T08:23:45.922283,08:23:45,3207.08,3207.08,3
2025-11-14T08:23:58.638097,08:23:58,3190.5,3190.5,3
2025-11-14T08:24:11.377159,08:24:11,3162.27,3162.27,3
2025-11-14T08:24:24.163732,08:24:24,3173.04,3173.04,3
2025-11-14T08:24:36.350919,08:24:36,3193.93,3193.93,3
2025-11-14T08:24:48.834485,08:24:48,3212.35,3212.35,3
2025-11-14T08:25:01.285168,08:25:01,3235.64,3235.64,3
2025-11-14T08:25:13.692464,08:25:13,3255.42,3255.42,3
2025-11-14T08:25:26.001868,08:25:26,3230.31,3230.31,3
2025-11-14T08:25:38.744127,08:25:38,3206.31,3206.31,3
2025-11-14T08:25:50.972803,08:25:50,3219.08,3219.08,3
2025-11-14T08:26:03.528760,08:26:03,3248.02,3248.02,3
2025-11-14T08:26:15.590226,08:26:15,3244.48,3244.48,3
2025-11-14T08:26:27.845532,08:26:27,3242.02,3242.02,3
2025-11-14T08:26:40.208080,08:26:40,3314.95,3314.95,3
2025-11-14T08:26:52.328945,08:26:52,3281.41,3281.41,3
2025-11-14T08:27:04.630379,08:27:04,3223.07,3223.07,3
2025-11-14T08:27:16.943422,08:27:16,3210.12,3210.12,3
2025-11-14T08:27:28.957470,08:27:28,3156.44,3156.44,3
2025-11-14T08:27:41.469902,08:27:41,3145.35,3145.35,3
2025-11-14T08:27:53.836949,08:27:53,3165.66,3165.66,3
2025-11-14T08:28:06.079879,08:28:06,3198.07,3198.07,3
2025-11-14T08:28:18.156644,08:28:18,3163.71,3163.71,3
2025-11-14T08:28:30.598177,08:28:30,3195.25,3195.25,3
2025-11-14T08:28:43.049915,08:28:43,3224.05,3224.05,3
2025-11-14T08:28:55.117788,08:28:55,3227.31,3227.31,3
2025-11-14T08:29:07.427745,08:29:07,3266.88,3266.88,3
2025-11-14T08:29:19.841783,08:29:19,3221.47,3221.47,3
2025-11-14T08:29:32.465053,08:29:32,3227.03,3227.03,3
2025-11-14T08:29:44.766031,08:29:44,3198.88,3198.88,3
2025-11-14T08:29:57.321561,08:29:57,3191.17,3191.17,3
2025-11-14T08:30:09.471301,08:30:09,3223.14,3223.14,3
2025-11-14T08:30:24.299246,08:30:24,3192.57,3192.57,3
2025-11-14T08:30:36.462510,08:30:36,3192.98,3192.98,3
2025-11-14T08:30:48.718225,08:30:48,3221.52,3221.52,3
2025-11-14T08:31:01.317027,08:31:01,3233.79,3233.79,3
2025-11-14T08:31:13.284524,08:31:13,3230.33,3230.33,3
2025-11-14T08:31:25.718760,08:31:25,3248.0,3248.0,3
2025-11-14T08:31:37.888205,08:31:37,3148.98,3148.98,3
2025-11-14T08:31:50.184605,08:31:50,3107.03,3107.03,3
2025-11-14T08:32:02.714176,08:32:02,2978.63,2978.63,3
2025-11-14T08:32:15.599893,08:32:15,2902.92,2902.92,3
2025-11-14T08:32:29.096757,08:32:29,2883.73,2883.73,3
2025-11-14T08:32:42.624721,08:32:42,2815.38,2815.38,3
2025-11-14T08:32:55.846727,08:32:55,2745.75,2745.75,3
2025-11-14T08:33:08.924218,08:33:08,2669.05,2669.05,3
2025-11-14T08:33:22.300066,08:33:22,2750.38,2750.38,3
2025-11-14T08:33:35.445057,08:33:35,2871.92,2871.92,3
2025-11-14T08:33:48.857715,08:33:48,2831.62,2831.62,3
2025-11-14T08:34:01.105435,08:34:01,2832.17,2832.17,3
2025-11-14T08:34:13.286897,08:34:13,2743.94,2743.94,3
2025-11-14T08:34:25.540560,08:34:25,2808.84,2808.84,3
2025-11-14T08:34:37.758251,08:34:37,2822.55,2822.55,3
2025-11-14T08:34:50.396127,08:34:50,2838.8,2838.8,3
2025-11-14T08:35:02.846043,08:35:02,2817.73,2817.73,3
2025-11-14T08:35:15.132137,08:35:15,2770.89,2770.89,3
2025-11-14T08:35:27.683257,08:35:27,2703.89,2703.89,3
2025-11-14T08:35:39.866797,08:35:39,2668.02,2668.02,3
2025-11-14T08:35:52.014077,08:35:52,2738.39,2738.39,3
2025-11-14T08:36:04.208660,08:36:04,2895.53,2895.53,3
2025-11-14T08:36:16.350767,08:36:16,2752.99,2752.99,3
2025-11-14T08:36:28.515519,08:36:28,2771.75,2771.75,3
2025-11-14T08:36:40.820458,08:36:40,2743.56,2743.56,3
2025-11-14T08:36:55.705545,08:36:55,2725.26,2725.26,3
2025-11-14T08:37:07.825339,08:37:07,2528.02,2528.02,3
2025-11-14T08:37:20.234364,08:37:20,2586.6,2586.6,3
2025-11-14T08:37:32.446602,08:37:32,2578.63,2578.63,3
2025-11-14T08:37:44.496301,08:37:44,2579.22,2579.22,3
2025-11-14T08:37:56.707995,08:37:56,2660.29,2660.29,3
2025-11-14T08:38:08.932534,08:38:08,2732.66,2732.66,3
2025-11-14T08:38:21.458361,08:38:21,2766.15,2766.15,3
2025-11-14T08:38:33.820020,08:38:33,2782.41,2782.41,3
2025-11-14T08:38:46.247642,08:38:46,2779.58,2779.58,3
2025-11-14T08:38:58.868238,08:38:58,2806.13,2806.13,3
2025-11-14T08:39:14.709103,08:39:14,2842.8,2842.8,3
2025-11-14T08:39:27.319052,08:39:27,2828.17,2828.17,3
2025-11-14T08:39:40.266041,08:39:40,2899.92,2899.92,3
2025-11-14T08:39:53.588584,08:39:53,2901.93,2901.93,3
2025-11-14T08:40:06.834234,08:40:06,2911.96,2911.96,3
2025-11-14T08:40:19.882160,08:40:19,2745.26,2745.26,3
2025-11-14T08:40:33.618640,08:40:33,2668.77,2668.77,3
2025-11-14T08:40:47.098179,08:40:47,2673.78,2673.78,3
2025-11-14T08:41:00.285258,08:41:00,2711.52,2711.52,3
2025-11-14T08:41:13.670677,08:41:13,2787.65,2787.65,3
2025-11-14T08:41:26.916441,08:41:26,2731.12,2731.12,3
2025-11-14T08:41:39.873034,08:41:39,2655.69,2655.69,3
2025-11-14T08:41:53.272430,08:41:53,2685.84,2685.84,3
2025-11-14T08:42:06.651243,08:42:06,2741.14,2741.14,3
2025-11-14T08:42:19.786082,08:42:19,2754.7,2754.7,3
2025-11-14T08:42:33.417704,08:42:33,2746.48,2746.48,3
2025-11-14T08:42:46.471661,08:42:46,2641.39,2641.39,3
2025-11-14T08:42:59.559409,08:42:59,2632.03,2632.03,3
2025-11-14T08:43:13.127462,08:43:13,2648.44,2648.44,3
2025-11-14T08:43:26.029246,08:43:26,2637.77,2637.77,3
2025-11-14T08:43:39.393377,08:43:39,2649.79,2649.79,3
2025-11-14T08:43:52.330900,08:43:52,2644.96,2644.96,3
2025-11-14T08:44:05.717644,08:44:05,2645.22,2645.22,3
2025-11-14T08:44:19.334966,08:44:19,2647.02,2647.02,3
2025-11-14T08:44:32.727344,08:44:32,2644.2,2644.2,3
2025-11-14T08:44:46.074767,08:44:46,2647.39,2647.39,3
2025-11-14T08:44:59.233865,08:44:59,2669.9,2669.9,3
2025-11-14T08:45:12.530449,08:45:12,2199.48,2199.48,3
2025-11-14T08:45:25.587324,08:45:25,2076.0,2076.0,3
2025-11-14T08:45:39.334098,08:45:39,2100.33,2100.33,3
2025-11-14T08:45:52.688198,08:45:52,2164.82,2164.82,3
2025-11-14T08:46:05.687538,08:46:05,2271.26,2271.26,3
2025-11-14T08:46:18.838307,08:46:18,2256.35,2256.35,3
2025-11-14T08:46:31.972949,08:46:31,2427.57,2427.57,3
2025-11-14T08:46:47.582067,08:46:47,2491.68,2491.68,3
2025-11-14T08:47:00.779340,08:47:00,2321.68,2321.68,3
2025-11-14T08:47:13.912491,08:47:13,2299.08,2299.08,3
2025-11-14T08:47:27.198797,08:47:27,2372.92,2372.92,3
2025-11-14T08:47:40.197201,08:47:40,2378.04,2378.04,3
2025-11-14T08:47:53.496080,08:47:53,2487.87,2487.87,3
2025-11-14T08:48:06.631463,08:48:06,2418.9,2418.9,3
2025-11-14T08:48:19.167956,08:48:19,2365.94,2365.94,3
2025-11-14T08:48:31.481184,08:48:31,2338.79,2338.79,3
2025-11-14T08:48:43.737573,08:48:43,2395.6,2395.6,3
2025-11-14T08:48:56.234905,08:48:56,2418.23,2418.23,3
2025-11-14T08:49:08.358117,08:49:08,2373.39,2373.39,3
2025-11-14T08:49:20.386768,08:49:20,2381.33,2381.33,3
2025-11-14T08:49:32.862957,08:49:32,2404.53,2404.53,3
2025-11-14T08:49:45.132527,08:49:45,2278.13,2278.13,3
2025-11-14T08:49:57.252286,08:49:57,2255.55,2255.55,3
2025-11-14T08:50:09.643771,08:50:09,2295.05,2295.05,3
2025-11-14T08:50:24.450284,08:50:24,2396.51,2396.51,3
2025-11-14T08:50:36.525665,08:50:36,2360.46,2360.46,3
2025-11-14T08:50:48.763791,08:50:48,2375.37,2375.37,3
2025-11-14T08:51:01.063644,08:51:01,2352.54,2352.54,3
2025-11-14T08:51:13.263359,08:51:13,2337.56,2337.56,3
2025-11-14T08:51:25.553742,08:51:25,2391.67,2391.67,3
2025-11-14T08:51:37.704313,08:51:37,2354.19,2354.19,3
2025-11-14T08:51:50.348344,08:51:50,2310.51,2310.51,3
2025-11-14T08:52:02.916010,08:52:02,2289.56,2289.56,3
2025-11-14T08:52:15.226731,08:52:15,2268.61,2268.61,3
2025-11-14T08:52:27.870419,08:52:27,2257.45,2257.45,3
2025-11-14T08:52:40.454721,08:52:40,2256.65,2256.65,3
2025-11-14T08:52:52.843995,08:52:52,2267.56,2267.56,3
2025-11-14T08:53:07.893785,08:53:07,2230.61,2230.61,3
2025-11-14T08:53:21.066487,08:53:21,2287.47,2287.47,3
2025-11-14T08:53:34.356175,08:53:34,2292.57,2292.57,3
2025-11-14T08:53:47.019540,08:53:47,2330.29,2330.29,3
2025-11-14T08:54:00.037311,08:54:00,2376.71,2376.71,3
2025-11-14T08:54:13.229616,08:54:13,2456.1,2456.1,3
2025-11-14T08:54:26.318651,08:54:26,2499.04,2499.04,3
2025-11-14T08:54:39.365730,08:54:39,2506.2,2506.2,3
2025-11-14T08:54:52.621726,08:54:52,2549.42,2549.42,3
2025-11-14T08:55:05.967383,08:55:05,2398.75,2398.75,3
2025-11-14T08:55:19.256722,08:55:19,2415.34,2415.34,3
2025-11-14T08:55:31.968887,08:55:31,2432.81,2432.81,3
2025-11-14T08:55:44.484091,08:55:44,2419.39,2419.39,3
2025-11-14T08:55:56.894072,08:55:56,2522.63,2522.63,3
2025-11-14T08:56:09.146970,08:56:09,2642.16,2642.16,3
2025-11-14T08:56:21.376929,08:56:21,2631.03,2631.03,3
2025-11-14T08:56:33.696487,08:56:33,2587.15,2587.15,3
2025-11-14T08:56:46.028217,08:56:46,2509.04,2509.04,3
2025-11-14T08:56:58.233491,08:56:58,2615.51,2615.51,3
2025-11-14T08:57:10.458312,08:57:10,2607.71,2607.71,3
2025-11-14T08:57:22.771077,08:57:22,2552.99,2552.99,3
2025-11-14T08:57:34.930953,08:57:34,2579.09,2579.09,3
2025-11-14T08:57:47.121782,08:57:47,2601.31,2601.31,3
2025-11-14T08:57:59.311487,08:57:59,2513.66,2513.66,3
2025-11-14T08:58:11.629635,08:58:11,2585.52,2585.52,3
2025-11-14T08:58:23.714241,08:58:23,2594.15,2594.15,3
2025-11-14T08:58:35.872645,08:58:35,2592.1,2592.1,3
2025-11-14T08:58:48.434256,08:58:48,2607.66,2607.66,3
2025-11-14T08:59:00.443154,08:59:00,2587.5,2587.5,3
2025-11-14T08:59:12.421621,08:59:12,2565.71,2565.71,3
2025-11-14T08:59:25.057621,08:59:25,2563.42,2563.42,3
2025-11-14T08:59:37.415523,08:59:37,2501.88,2501.88,3
2025-11-14T08:59:50.330004,08:59:50,2520.5,2520.5,3
2025-11-14T09:00:02.673441,09:00:02,2526.44,2526.44,3
2025-11-14T09:00:14.914699,09:00:14,2550.59,2550.59,3
2025-11-14T09:00:27.089311,09:00:27,2565.62,2565.62,3
2025-11-14T09:00:39.420925,09:00:39,2549.85,2549.85,3
2025-11-14T09:00:51.635845,09:00:51,2518.83,2518.83,3
2025-11-14T09:01:03.834699,09:01:03,2572.3,2572.3,3
2025-11-14T09:01:16.176695,09:01:16,2554.08,2554.08,3
2025-11-14T09:01:28.422879,09:01:28,2548.03,2548.03,3
2025-11-14T09:01:40.628899,09:01:40,2555.53,2555.53,3
2025-11-14T09:01:53.098139,09:01:53,2502.57,2502.57,3
2025-11-14T09:02:05.543677,09:02:05,2436.87,2436.87,3
2025-11-14T09:02:17.978326,09:02:17,2311.14,2311.14,3
2025-11-14T09:02:30.249935,09:02:30,2326.84,2326.84,3
2025-11-14T09:02:42.494814,09:02:42,2394.79,2394.79,3
2025-11-14T09:02:54.978437,09:02:54,2391.94,2391.94,3
2025-11-14T09:03:07.654499,09:03:07,2543.77,2543.77,3
2025-11-14T09:03:20.319473,09:03:20,2572.13,2572.13,3
2025-11-14T09:03:32.757130,09:03:32,2571.34,2571.34,3
2025-11-14T09:03:45.134338,09:03:45,2600.17,2600.17,3
2025-11-14T09:03:57.500306,09:03:57,2599.89,2599.89,3
2025-11-14T09:04:09.853491,09:04:09,2555.13,2555.13,3
2025-11-14T09:04:22.007464,09:04:22,2559.04,2559.04,3
2025-11-14T09:04:36.973567,09:04:36,2576.82,2576.82,3
2025-11-14T09:04:49.637528,09:04:49,2579.91,2579.91,3
2025-11-14T09:05:02.378249,09:05:02,2565.43,2565.43,3
2025-11-14T09:05:15.054500,09:05:15,2466.58,2466.58,3
2025-11-14T09:05:27.519629,09:05:27,2425.6,2425.6,3
2025-11-14T09:05:40.025760,09:05:40,2387.07,2387.07,3
2025-11-14T09:05:52.519498,09:05:52,2428.98,2428.98,3
2025-11-14T09:06:04.805809,09:06:04,2432.31,2432.31,3
2025-11-14T09:06:17.151894,09:06:17,2481.38,2481.38,3
2025-11-14T09:06:29.590876,09:06:29,2483.19,2483.19,3
2025-11-14T09:06:42.417618,09:06:42,2411.38,2411.38,3
2025-11-14T09:06:54.635726,09:06:54,2317.62,2317.62,3
2025-11-14T09:07:07.263729,09:07:07,2281.43,2281.43,3
2025-11-14T09:07:19.503083,09:07:19,2287.3,2287.3,3
2025-11-14T09:07:31.501179,09:07:31,2365.84,2365.84,3
2025-11-14T09:07:43.916810,09:07:43,2229.78,2229.78,3
2025-11-14T09:07:56.417286,09:07:56,2261.62,2261.62,3
2025-11-14T09:08:08.540431,09:08:08,2169.02,2169.02,3
2025-11-14T09:08:20.820041,09:08:20,2149.99,2149.99,3
2025-11-14T09:08:33.402150,09:08:33,2155.89,2155.89,3
2025-11-14T09:08:48.168334,09:08:48,2055.07,2055.07,3
2025-11-14T09:09:00.418605,09:09:00,2079.53,2079.53,3
2025-11-14T09:09:12.843614,09:09:12,2005.69,2005.69,3
2025-11-14T09:09:25.327123,09:09:25,2100.41,2100.41,3
2025-11-14T09:09:37.465979,09:09:37,2110.07,2110.07,3
2025-11-14T09:09:49.870838,09:09:49,2113.01,2113.01,3
2025-11-14T09:10:02.418431,09:10:02,2103.62,2103.62,3
2025-11-14T09:10:14.879160,09:10:14,2083.55,2083.55,3
2025-11-14T09:10:27.167818,09:10:27,1980.19,1980.19,3
2025-11-14T09:10:39.492378,09:10:39,2082.3,2082.3,3
2025-11-14T09:10:51.716319,09:10:51,1988.47,1988.47,3
2025-11-14T09:11:04.097848,09:11:04,1986.16,1986.16,3
2025-11-14T09:11:16.901246,09:11:16,1976.64,1976.64,3
2025-11-14T09:11:29.191949,09:11:29,2020.7,2020.7,3
2025-11-14T09:11:41.584736,09:11:41,1751.81,1751.81,3
2025-11-14T09:11:54.324399,09:11:54,1792.38,1792.38,3
2025-11-14T09:12:06.761437,09:12:06,1770.56,1770.56,3
2025-11-14T09:12:19.465464,09:12:19,1785.61,1785.61,3
2025-11-14T09:12:31.756665,09:12:31,1712.88,1712.88,3
2025-11-14T09:12:44.414977,09:12:44,1743.22,1743.22,3
2025-11-14T09:12:56.628482,09:12:56,1716.77,1716.77,3
2025-11-14T09:13:09.206831,09:13:09,1757.38,1757.38,3
2025-11-14T09:13:22.172944,09:13:22,1780.46,1780.46,3
2025-11-14T09:13:34.532953,09:13:34,1787.87,1787.87,3
2025-11-14T09:13:46.687778,09:13:46,1787.31,1787.31,3
2025-11-14T09:13:59.100707,09:13:59,1799.85,1799.85,3
2025-11-14T09:14:11.451089,09:14:11,1671.37,1671.37,3
2025-11-14T09:14:24.166221,09:14:24,1621.0,1621.0,3
2025-11-14T09:14:36.368623,09:14:36,1600.48,1600.48,3
2025-11-14T09:14:49.731153,09:14:49,1630.39,1630.39,3
2025-11-14T09:15:02.374025,09:15:02,1698.22,1698.22,3
2025-11-14T09:15:14.656349,09:15:14,1713.01,1713.01,3
2025-11-14T09:15:26.929788,09:15:26,1504.47,1504.47,3
2025-11-14T09:15:39.671368,09:15:39,1472.74,1472.74,3
2025-11-14T09:15:52.254578,09:15:52,1572.83,1572.83,3
2025-11-14T09:16:04.830478,09:16:04,1613.29,1613.29,3
2025-11-14T09:16:17.765292,09:16:17,1574.09,1574.09,3
2025-11-14T09:16:30.053591,09:16:30,1482.96,1482.96,3
2025-11-14T09:16:42.512925,09:16:42,1559.73,1559.73,3
2025-11-14T09:16:54.737115,09:16:54,1645.27,1645.27,3
2025-11-14T09:17:07.253282,09:17:07,1747.4,1747.4,3
2025-11-14T09:17:19.780265,09:17:19,1748.47,1748.47,3
2025-11-14T09:17:32.174259,09:17:32,1794.13,1794.13,3
2025-11-14T09:17:44.806505,09:17:44,1789.69,1789.69,3
2025-11-14T09:17:57.021678,09:17:57,1822.71,1822.71,3
2025-11-14T09:18:09.061236,09:18:09,1938.41,1938.41,3
2025-11-14T09:18:21.998775,09:18:21,1890.22,1890.22,3
2025-11-14T09:18:34.477855,09:18:34,1967.12,1967.12,3
2025-11-14T09:18:46.622304,09:18:46,2030.46,2030.46,3
2025-11-14T09:18:59.182484,09:18:59,1973.14,1973.14,3
2025-11-14T09:19:11.254784,09:19:11,1794.75,1794.75,3
2025-11-14T09:19:23.481027,09:19:23,1775.76,1775.76,3
2025-11-14T09:19:35.687435,09:19:35,1707.57,1707.57,3
2025-11-14T09:19:48.223890,09:19:48,1754.55,1754.55,3
2025-11-14T09:20:00.486796,09:20:00,1710.43,1710.43,3
2025-11-14T09:20:12.902259,09:20:12,1738.37,1738.37,3
2025-11-14T09:20:25.296936,09:20:25,1811.7,1811.7,3
2025-11-14T09:20:37.649865,09:20:37,1832.57,1832.57,3
2025-11-14T09:20:50.148905,09:20:50,1835.13,1835.13,3
2025-11-14T09:21:02.643694,09:21:02,1797.51,1797.51,3
2025-11-14T09:21:14.961256,09:21:14,1794.63,1794.63,3
2025-11-14T09:21:27.222415,09:21:27,1847.74,1847.74,3
2025-11-14T09:21:39.472906,09:21:39,1858.08,1858.08,3
2025-11-14T09:21:51.691301,09:21:51,1860.26,1860.26,3
2025-11-14T09:22:04.195283,09:22:04,1865.87,1865.87,3
2025-11-14T09:22:16.408123,09:22:16,1880.14,1880.14,3
2025-11-14T09:22:28.888066,09:22:28,1877.05,1877.05,3
2025-11-14T09:22:41.238577,09:22:41,1940.04,1940.04,3
2025-11-14T09:22:53.566452,09:22:53,1983.57,1983.57,3
2025-11-14T09:23:05.838991,09:23:05,1979.97,1979.97,3
2025-11-14T09:23:18.416603,09:23:18,1971.8,1971.8,3
2025-11-14T09:23:31.232559,09:23:31,1977.1,1977.1,3
2025-11-14T09:23:43.537453,09:23:43,1985.05,1985.05,3
2025-11-14T09:23:55.698989,09:23:55,1901.29,1901.29,3
2025-11-14T09:24:08.058448,09:24:08,1987.27,1987.27,3
2025-11-14T09:24:20.260390,09:24:20,1968.77,1968.77,3
2025-11-14T09:24:32.547040,09:24:32,1872.65,1872.65,3
2025-11-14T09:24:45.158203,09:24:45,1839.75,1839.75,3
2025-11-14T09:24:57.085636,09:24:57,1876.07,1876.07,3
2025-11-14T09:25:09.459837,09:25:09,1932.93,1932.93,3
2025-11-14T09:25:21.868605,09:25:21,2018.09,2018.09,3
2025-11-14T09:25:33.962006,09:25:33,1994.91,1994.91,3
2025-11-14T09:25:46.336709,09:25:46,2029.53,2029.53,3
2025-11-14T09:25:58.375619,09:25:58,2052.29,2052.29,3
2025-11-14T09:26:11.329317,09:26:11,2116.33,2116.33,3
2025-11-14T09:26:23.980205,09:26:23,2126.16,2126.16,3
2025-11-14T09:26:36.198078,09:26:36,2191.9,2191.9,3
2025-11-14T09:26:49.040821,09:26:49,2109.93,2109.93,3
2025-11-14T09:27:01.170141,09:27:01,2088.15,2088.15,3
2025-11-14T09:27:14.154798,09:27:14,2074.85,2074.85,3
2025-11-14T09:27:29.834357,09:27:29,2106.05,2106.05,3
2025-11-14T09:27:43.172941,09:27:43,2099.19,2099.19,3
2025-11-14T09:27:55.815001,09:27:55,2108.47,2108.47,3
2025-11-14T09:28:09.458843,09:28:09,2096.99,2096.99,3
2025-11-14T09:28:24.408901,09:28:24,2108.56,2108.56,3
2025-11-14T09:28:36.795833,09:28:36,2106.66,2106.66,3
2025-11-14T09:28:49.092969,09:28:49,2112.3,2112.3,3
2025-11-14T09:29:01.464908,09:29:01,2181.81,2181.81,3
2025-11-14T09:29:14.074046,09:29:14,2206.58,2206.58,3
2025-11-14T09:29:26.361912,09:29:26,2210.73,2210.73,3
2025-11-14T09:29:38.546242,09:29:38,2191.62,2191.62,3
2025-11-14T09:29:50.816293,09:29:50,2180.07,2180.07,3
2025-11-14T09:30:03.326668,09:30:03,2189.83,2189.83,3
2025-11-14T09:30:15.924017,09:30:15,2196.78,2196.78,3
2025-11-14T09:30:28.094895,09:30:28,2255.74,2255.74,3
2025-11-14T09:30:40.430020,09:30:40,2188.55,2188.55,3
2025-11-14T09:30:52.768845,09:30:52,2169.18,2169.18,3
2025-11-14T09:31:05.281587,09:31:05,2189.3,2189.3,3
2025-11-14T09:31:18.266869,09:31:18,2226.48,2226.48,3
2025-11-14T09:31:30.574673,09:31:30,2244.57,2244.57,3
2025-11-14T09:31:42.861992,09:31:42,2173.54,2173.54,3
2025-11-14T09:31:55.253410,09:31:55,2193.34,2193.34,3
2025-11-14T09:32:07.662721,09:32:07,2192.23,2192.23,3
2025-11-14T09:32:20.088891,09:32:20,2200.3,2200.3,3
2025-11-14T09:32:32.650398,09:32:32,2211.48,2211.48,3
2025-11-14T09:32:48.398983,09:32:48,2180.67,2180.67,3
2025-11-14T09:33:00.854067,09:33:00,2181.38,2181.38,3
2025-11-14T09:33:13.180809,09:33:13,2193.65,2193.65,3
2025-11-14T09:33:25.444950,09:33:25,2191.2,2191.2,3
2025-11-14T09:33:37.889376,09:33:37,2149.98,2149.98,3
2025-11-14T09:33:50.111576,09:33:50,2165.46,2165.46,3
2025-11-14T09:34:02.420238,09:34:02,2190.62,2190.62,3
2025-11-14T09:34:14.951587,09:34:14,2211.05,2211.05,3
2025-11-14T09:34:27.312185,09:34:27,2097.97,2097.97,3
2025-11-14T09:34:39.642598,09:34:39,1917.44,1917.44,3
2025-11-14T09:34:51.716286,09:34:51,1899.24,1899.24,3
2025-11-14T09:35:03.954742,09:35:03,1792.37,1792.37,3
2025-11-14T09:35:16.307702,09:35:16,1735.99,1735.99,3
2025-11-14T09:35:28.753955,09:35:28,1562.86,1562.86,3
2025-11-14T09:35:41.127040,09:35:41,1674.28,1674.28,3
2025-11-14T09:35:53.476974,09:35:53,1564.61,1564.61,3
2025-11-14T09:36:06.371438,09:36:06,1547.1,1547.1,3
2025-11-14T09:36:18.628359,09:36:18,1597.89,1597.89,3
2025-11-14T09:36:30.867839,09:36:30,1531.92,1531.92,3
2025-11-14T09:36:43.127713,09:36:43,1547.69,1547.69,3
2025-11-14T09:36:55.479207,09:36:55,1522.21,1522.21,3
2025-11-14T09:37:07.786749,09:37:07,1561.78,1561.78,3
2025-11-14T09:37:20.010726,09:37:20,1441.44,1441.44,3
2025-11-14T09:37:32.266233,09:37:32,1471.32,1471.32,3
2025-11-14T09:37:44.543707,09:37:44,1492.51,1492.51,3
2025-11-14T09:37:57.172099,09:37:57,1495.07,1495.07,3
2025-11-14T09:38:09.413065,09:38:09,1515.27,1515.27,3
2025-11-14T09:38:21.737151,09:38:21,1575.05,1575.05,3
2025-11-14T09:38:34.089877,09:38:34,1509.22,1509.22,3
2025-11-14T09:38:46.459111,09:38:46,1549.7,1549.7,3
2025-11-14T09:38:58.728925,09:38:58,1564.19,1564.19,3
2025-11-14T09:39:10.969304,09:39:10,1570.56,1570.56,3
2025-11-14T09:39:23.251669,09:39:23,1548.44,1548.44,3
2025-11-14T09:39:35.442094,09:39:35,1568.88,1568.88,3
2025-11-14T09:39:48.054195,09:39:48,1544.65,1544.65,3
2025-11-14T09:40:00.221756,09:40:00,1547.55,1547.55,3
2025-11-14T09:40:15.276609,09:40:15,1564.67,1564.67,3
2025-11-14T09:40:27.451542,09:40:27,1709.39,1709.39,3
2025-11-14T09:40:39.942315,09:40:39,1577.58,1577.58,3
2025-11-14T09:40:52.064280,09:40:52,1586.75,1586.75,3
2025-11-14T09:41:06.832032,09:41:06,1647.69,1647.69,3
2025-11-14T09:41:18.976256,09:41:18,1667.29,1667.29,3
2025-11-14T09:41:31.228878,09:41:31,1749.39,1749.39,3
2025-11-14T09:41:43.407920,09:41:43,1806.51,1806.51,3
2025-11-14T09:41:55.813162,09:41:55,1810.7,1810.7,3
2025-11-14T09:42:08.437134,09:42:08,1815.67,1815.67,3
2025-11-14T09:42:20.845453,09:42:20,1728.08,1728.08,3
2025-11-14T09:42:33.042490,09:42:33,1793.03,1793.03,3
2025-11-14T09:42:45.223546,09:42:45,1826.49,1826.49,3
2025-11-14T09:42:57.523518,09:42:57,1839.64,1839.64,3
2025-11-14T09:43:09.845930,09:43:09,1905.51,1905.51,3
2025-11-14T09:43:22.021329,09:43:22,1865.51,1865.51,3
2025-11-14T09:43:34.149813,09:43:34,1840.61,1840.61,3
2025-11-14T09:43:46.551177,09:43:46,1829.26,1829.26,3
2025-11-14T09:43:58.814604,09:43:58,1802.54,1802.54,3
2025-11-14T09:44:11.492528,09:44:11,1796.15,1796.15,3
2025-11-14T09:44:23.705922,09:44:23,1823.71,1823.71,3
2025-11-14T09:44:36.289840,09:44:36,1829.99,1829.99,3
2025-11-14T09:44:48.576997,09:44:48,1796.26,1796.26,3
2025-11-14T09:45:00.724183,09:45:00,1776.57,1776.57,3
2025-11-14T09:45:12.995715,09:45:12,1747.39,1747.39,3
2025-11-14T09:45:25.239538,09:45:25,1825.35,1825.35,3
2025-11-14T09:45:37.444086,09:45:37,1798.63,1798.63,3
2025-11-14T09:45:49.815326,09:45:49,1708.72,1708.72,3
2025-11-14T09:46:02.406830,09:46:02,1707.53,1707.53,3
2025-11-14T09:46:14.731833,09:46:14,1672.3,1672.3,3
2025-11-14T09:46:27.187137,09:46:27,1713.15,1713.15,3
2025-11-14T09:46:39.742157,09:46:39,1782.98,1782.98,3
2025-11-14T09:46:52.112409,09:46:52,1740.49,1740.49,3
2025-11-14T09:47:04.540085,09:47:04,1615.06,1615.06,3
2025-11-14T09:47:16.884617,09:47:16,1524.08,1524.08,3
2025-11-14T09:47:29.566793,09:47:29,1560.57,1560.57,3
2025-11-14T09:47:42.088479,09:47:42,1654.41,1654.41,3
2025-11-14T09:47:54.301079,09:47:54,1795.62,1795.62,3
2025-11-14T09:48:06.751378,09:48:06,1842.56,1842.56,3
2025-11-14T09:48:19.064038,09:48:19,1975.77,1975.77,3
2025-11-14T09:48:31.391502,09:48:31,1855.45,1855.45,3
2025-11-14T09:48:43.826083,09:48:43,1845.14,1845.14,3
2025-11-14T09:48:56.170399,09:48:56,1882.33,1882.33,3
2025-11-14T09:49:08.780535,09:49:08,1906.71,1906.71,3
2025-11-14T09:49:21.250633,09:49:21,1890.06,1890.06,3
2025-11-14T09:49:33.885226,09:49:33,1851.75,1851.75,3
2025-11-14T09:49:46.064783,09:49:46,1896.27,1896.27,3
2025-11-14T09:49:58.494373,09:49:58,1969.08,1969.08,3
2025-11-14T09:50:10.944739,09:50:10,1942.02,1942.02,3
2025-11-14T09:50:23.332235,09:50:23,1912.02,1912.02,3
2025-11-14T09:50:35.652448,09:50:35,1842.97,1842.97,3
2025-11-14T09:50:48.136141,09:50:48,1793.55,1793.55,3
2025-11-14T09:51:00.755861,09:51:00,1749.98,1749.98,3
2025-11-14T09:51:12.997609,09:51:12,1728.96,1728.96,3
2025-11-14T09:51:25.296810,09:51:25,1728.66,1728.66,3
2025-11-14T09:51:37.608042,09:51:37,1732.23,1732.23,3
2025-11-14T09:51:50.159301,09:51:50,1741.58,1741.58,3
2025-11-14T09:52:02.750498,09:52:02,1759.83,1759.83,3
2025-11-14T09:52:15.293522,09:52:15,1789.78,1789.78,3
2025-11-14T09:52:27.838095,09:52:27,1802.53,1802.53,3
2025-11-14T09:52:40.110066,09:52:40,1820.85,1820.85,3
2025-11-14T09:52:52.559876,09:52:52,1776.83,1776.83,3
2025-11-14T09:53:04.918007,09:53:04,1786.43,1786.43,3
2025-11-14T09:53:17.076000,09:53:17,1805.48,1805.48,3
2025-11-14T09:53:29.410439,09:53:29,1760.58,1760.58,3
2025-11-14T09:53:41.519351,09:53:41,1749.92,1749.92,3
2025-11-14T09:53:53.789653,09:53:53,1645.73,1645.73,3
2025-11-14T09:54:06.033635,09:54:06,1660.91,1660.91,3
2025-11-14T09:54:18.189419,09:54:18,1653.39,1653.39,3
2025-11-14T09:54:30.350409,09:54:30,1687.62,1687.62,3
2025-11-14T09:54:42.564578,09:54:42,1634.14,1634.14,3
2025-11-14T09:54:54.950496,09:54:54,1635.08,1635.08,3
2025-11-14T09:55:07.379349,09:55:07,1633.45,1633.45,3
2025-11-14T09:55:19.847627,09:55:19,1555.48,1555.48,3
2025-11-14T09:55:32.713549,09:55:32,1618.15,1618.15,3
2025-11-14T09:55:45.097078,09:55:45,1613.9,1613.9,3
2025-11-14T09:55:57.451152,09:55:57,1626.53,1626.53,3
2025-11-14T09:56:10.053811,09:56:10,1638.3,1638.3,3
2025-11-14T09:56:22.550438,09:56:22,1656.2,1656.2,3
2025-11-14T09:56:35.714371,09:56:35,1706.19,1706.19,3
2025-11-14T09:56:48.046581,09:56:48,1766.29,1766.29,3
2025-11-14T09:57:00.343098,09:57:00,1813.33,1813.33,3
2025-11-14T09:57:12.604320,09:57:12,1831.87,1831.87,3
2025-11-14T09:57:24.769484,09:57:24,1818.17,1818.17,3
2025-11-14T09:57:36.860167,09:57:36,1813.92,1813.92,3
2025-11-14T09:57:49.256789,09:57:49,1765.01,1765.01,3
2025-11-14T09:58:01.774446,09:58:01,1746.9,1746.9,3
2025-11-14T09:58:14.288844,09:58:14,1749.73,1749.73,3
2025-11-14T09:58:26.550816,09:58:26,1822.38,1822.38,3
2025-11-14T09:58:38.928326,09:58:38,1777.01,1777.01,3
2025-11-14T09:58:51.213970,09:58:51,1775.26,1775.26,3
2025-11-14T09:59:03.564269,09:59:03,1809.44,1809.44,3
2025-11-14T09:59:18.474731,09:59:18,1845.6,1845.6,3
2025-11-14T09:59:30.579638,09:59:30,2025.85,2025.85,3
2025-11-14T09:59:43.011694,09:59:43,2001.74,2001.74,3
2025-11-14T09:59:55.248822,09:59:55,1961.53,1961.53,3
2025-11-14T10:00:07.848329,10:00:07,1832.52,1832.52,3
2025-11-14T10:00:20.127735,10:00:20,1765.59,1765.59,3
2025-11-14T10:00:32.397584,10:00:32,1666.2,1666.2,3
2025-11-14T10:00:44.750860,10:00:44,1508.95,1508.95,3
2025-11-14T10:00:57.026599,10:00:57,1453.01,1453.01,3
2025-11-14T10:01:09.318522,10:01:09,1463.8,1463.8,3
2025-11-14T10:01:21.454540,10:01:21,1455.85,1455.85,3
2025-11-14T10:01:33.946718,10:01:33,1447.72,1447.72,3
2025-11-14T10:01:46.628275,10:01:46,1400.29,1400.29,3
2025-11-14T10:01:58.812664,10:01:58,1378.18,1378.18,3
2025-11-14T10:02:11.416518,10:02:11,789.3,789.3,3
2025-11-14T10:02:23.736114,10:02:23,746.08,746.08,3
2025-11-14T10:02:36.021449,10:02:36,709.17,709.17,3
2025-11-14T10:02:48.212784,10:02:48,505.6,505.6,3
2025-11-14T10:03:00.684130,10:03:00,139.33,139.33,3
2025-11-14T10:03:12.822281,10:03:12,145.99,145.99,3
2025-11-14T10:03:25.210617,10:03:25,418.95,418.95,3
2025-11-14T10:03:37.574082,10:03:37,446.01,446.01,3
2025-11-14T10:03:49.912202,10:03:49,409.19,409.19,3
2025-11-14T10:04:02.364982,10:04:02,242.62,242.62,3
2025-11-14T10:04:14.968545,10:04:14,322.25,322.25,3
2025-11-14T10:04:27.318595,10:04:27,256.91,256.91,3
2025-11-14T10:04:39.752417,10:04:39,166.46,166.46,3
2025-11-14T10:04:52.191383,10:04:52,118.14,118.14,3
2025-11-14T10:05:04.624464,10:05:04,-655.51,-655.51,3
2025-11-14T10:05:17.056576,10:05:17,-328.58,-328.58,3
2025-11-14T10:05:29.417742,10:05:29,-67.81,-67.81,3
2025-11-14T10:05:41.588626,10:05:41,-8.55,-8.55,3
2025-11-14T10:05:53.770555,10:05:53,-371.91,-371.91,3
2025-11-14T10:06:05.857265,10:06:05,-245.93,-245.93,3
2025-11-14T10:06:18.275845,10:06:18,-396.5,-396.5,3
2025-11-14T10:06:30.415429,10:06:30,-488.17,-488.17,3
2025-11-14T10:06:42.913812,10:06:42,-690.98,-690.98,3
2025-11-14T10:06:55.095558,10:06:55,-834.6,-834.6,3
2025-11-14T10:07:07.454269,10:07:07,-838.9,-838.9,3
2025-11-14T10:07:19.506143,10:07:19,-875.39,-875.39,3
2025-11-14T10:07:31.938963,10:07:31,-869.19,-869.19,3
2025-11-14T10:07:44.261255,10:07:44,-1028.6,-1028.6,3
2025-11-14T10:07:56.731818,10:07:56,-946.83,-946.83,3
2025-11-14T10:08:11.934293,10:08:11,-1750.94,-1750.94,3
2025-11-14T10:08:24.057142,10:08:24,-2361.52,-2361.52,3
2025-11-14T10:08:36.221069,10:08:36,-2669.69,-2669.69,3
2025-11-14T10:08:48.516245,10:08:48,-2419.37,-2419.37,3
2025-11-14T10:09:00.928432,10:09:00,-2143.61,-2143.61,3
2025-11-14T10:09:13.052154,10:09:13,-1929.58,-1929.58,3
2025-11-14T10:09:25.725372,10:09:25,-2865.44,-2865.44,3
2025-11-14T10:09:38.146853,10:09:38,-3112.57,-3112.57,3
2025-11-14T10:09:50.446042,10:09:50,-3454.51,-3454.51,3
2025-11-14T10:10:02.740394,10:10:02,-2912.68,-2912.68,3
2025-11-14T10:10:16.813434,10:10:16,-2238.47,-2238.47,3
2025-11-14T10:10:29.047367,10:10:29,-2026.37,-2026.37,3
2025-11-14T10:10:41.318885,10:10:41,-2110.97,-2110.97,3
2025-11-14T10:10:53.766276,10:10:53,-2269.18,-2269.18,3
2025-11-14T10:11:06.420856,10:11:06,-2124.74,-2124.74,3
2025-11-14T10:11:18.557116,10:11:18,-2083.97,-2083.97,3
2025-11-14T10:11:30.792112,10:11:30,-1985.01,-1985.01,3
2025-11-14T10:11:43.089419,10:11:43,-2901.65,-2901.65,3
2025-11-14T10:11:55.675430,10:11:55,-2904.03,-2904.03,3
2025-11-14T10:12:07.746853,10:12:07,-2482.63,-2482.63,3
2025-11-14T10:12:20.347770,10:12:20,-2110.62,-2110.62,3
2025-11-14T10:12:32.840496,10:12:32,-2101.6,-2101.6,3
2025-11-14T10:12:45.192645,10:12:45,-2371.03,-2371.03,3
2025-11-14T10:12:58.208817,10:12:58,-2393.23,-2393.23,3
2025-11-14T10:13:10.518891,10:13:10,-1965.44,-1965.44,3
2025-11-14T10:13:22.780751,10:13:22,-1756.92,-1756.92,3
2025-11-14T10:13:35.301423,10:13:35,-1824.9,-1824.9,3
2025-11-14T10:13:47.643050,10:13:47,-1448.61,-1448.61,3
2025-11-14T10:13:59.926361,10:13:59,-1170.28,-1170.28,3
2025-11-14T10:14:12.205893,10:14:12,-984.96,-984.96,3
2025-11-14T10:14:24.592661,10:14:24,-1349.41,-1349.41,3
2025-11-14T10:14:37.012453,10:14:37,-1635.42,-1635.42,3
2025-11-14T10:14:49.859066,10:14:49,-1698.61,-1698.61,3
2025-11-14T10:15:01.999574,10:15:01,-1397.71,-1397.71,3
2025-11-14T10:15:14.180529,10:15:14,-1267.99,-1267.99,3
2025-11-14T10:15:26.434103,10:15:26,-1007.72,-1007.72,3
2025-11-14T10:15:38.920393,10:15:38,-961.88,-961.88,3
2025-11-14T10:15:51.537945,10:15:51,-673.35,-673.35,3
2025-11-14T10:16:03.935846,10:16:03,-623.06,-623.06,3
2025-11-14T10:16:16.552786,10:16:16,-651.37,-651.37,3
2025-11-14T10:16:29.028715,10:16:29,-896.39,-896.39,3
2025-11-14T10:16:41.640697,10:16:41,-1140.72,-1140.72,3
2025-11-14T10:16:54.116649,10:16:54,-1177.71,-1177.71,3
2025-11-14T10:17:06.682146,10:17:06,-1245.71,-1245.71,3
2025-11-14T10:17:18.897022,10:17:18,-1123.4,-1123.4,3
2025-11-14T10:17:31.111793,10:17:31,-1162.27,-1162.27,3
2025-11-14T10:17:43.345037,10:17:43,-1094.99,-1094.99,3
2025-11-14T10:17:55.622083,10:17:55,-1088.17,-1088.17,3
2025-11-14T10:18:07.803022,10:18:07,-930.51,-930.51,3
2025-11-14T10:18:20.399232,10:18:20,-1049.95,-1049.95,3
2025-11-14T10:18:35.699096,10:18:35,-1154.52,-1154.52,3
2025-11-14T10:18:48.213848,10:18:48,-1358.7,-1358.7,3
2025-11-14T10:19:00.292736,10:19:00,-1492.63,-1492.63,3
2025-11-14T10:19:12.548862,10:19:12,-1518.64,-1518.64,3
2025-11-14T10:19:24.798210,10:19:24,-1910.02,-1910.02,3
2025-11-14T10:19:37.326049,10:19:37,-2079.84,-2079.84,3
2025-11-14T10:19:49.718410,10:19:49,-1966.7,-1966.7,3
2025-11-14T10:20:01.935694,10:20:01,-2452.42,-2452.42,3
2025-11-14T10:20:14.470949,10:20:14,-1754.07,-1754.07,3
2025-11-14T10:20:27.334788,10:20:27,-1465.74,-1465.74,3
2025-11-14T10:20:39.919546,10:20:39,-1222.03,-1222.03,3
2025-11-14T10:20:52.095465,10:20:52,-1367.25,-1367.25,3
2025-11-14T10:21:04.485971,10:21:04,-1699.31,-1699.31,3
2025-11-14T10:21:16.602560,10:21:16,-1535.85,-1535.85,3
2025-11-14T10:21:28.938730,10:21:28,-1802.02,-1802.02,3
2025-11-14T10:21:41.785536,10:21:41,-1714.17,-1714.17,3
2025-11-14T10:21:54.263010,10:21:54,-1685.56,-1685.56,3
2025-11-14T10:22:07.482023,10:22:07,-1911.74,-1911.74,3
2025-11-14T10:22:19.775610,10:22:19,-2223.01,-2223.01,3
2025-11-14T10:22:32.230628,10:22:32,-2022.34,-2022.34,3
2025-11-14T10:22:44.472044,10:22:44,-1692.55,-1692.55,3
2025-11-14T10:22:56.795504,10:22:56,-1491.12,-1491.12,3
2025-11-14T10:23:09.218259,10:23:09,-1716.83,-1716.83,3
2025-11-14T10:23:21.876043,10:23:21,-1547.4,-1547.4,3
2025-11-14T10:23:34.148309,10:23:34,-1651.47,-1651.47,3
2025-11-14T10:23:46.512089,10:23:46,-1622.69,-1622.69,3
2025-11-14T10:23:58.863842,10:23:58,-1520.27,-1520.27,3
2025-11-14T10:24:11.491286,10:24:11,-1474.92,-1474.92,3
2025-11-14T10:24:23.852910,10:24:23,-1570.71,-1570.71,3
2025-11-14T10:24:36.552069,10:24:36,-1615.35,-1615.35,3
2025-11-14T10:24:49.487676,10:24:49,-1718.66,-1718.66,3
2025-11-14T10:25:01.848046,10:25:01,-1657.58,-1657.58,3
2025-11-14T10:25:14.395594,10:25:14,-1439.03,-1439.03,3
2025-11-14T10:25:26.858071,10:25:26,-1396.39,-1396.39,3
2025-11-14T10:25:39.289683,10:25:39,-1136.76,-1136.76,3
2025-11-14T10:25:51.666412,10:25:51,-943.25,-943.25,3
2025-11-14T10:26:04.045319,10:26:04,-961.99,-961.99,3
2025-11-14T10:26:16.723318,10:26:16,-1061.56,-1061.56,3
2025-11-14T10:26:28.992339,10:26:28,-1176.59,-1176.59,3
2025-11-14T10:26:41.322879,10:26:41,-1065.61,-1065.61,3
2025-11-14T10:26:54.368450,10:26:54,-1042.56,-1042.56,3
2025-11-14T10:27:06.781861,10:27:06,-1038.42,-1038.42,3
2025-11-14T10:27:19.188536,10:27:19,-1155.79,-1155.79,3
2025-11-14T10:27:31.330426,10:27:31,-966.27,-966.27,3
2025-11-14T10:27:43.762744,10:27:43,-1115.73,-1115.73,3
2025-11-14T10:27:56.163517,10:27:56,-1212.25,-1212.25,3
2025-11-14T10:28:08.937734,10:28:08,-1236.47,-1236.47,3
2025-11-14T10:28:21.432503,10:28:21,-1280.02,-1280.02,3
2025-11-14T10:28:33.757926,10:28:33,-1344.51,-1344.51,3
2025-11-14T10:28:45.932217,10:28:45,-1156.97,-1156.97,3
2025-11-14T10:28:58.295107,10:28:58,-1133.48,-1133.48,3
2025-11-14T10:29:10.889842,10:29:10,-1089.96,-1089.96,3
2025-11-14T10:29:23.298330,10:29:23,-1115.9,-1115.9,3
2025-11-14T10:29:35.719811,10:29:35,-1039.7,-1039.7,3
2025-11-14T10:29:48.180534,10:29:48,-1194.14,-1194.14,3
2025-11-14T10:30:01.030877,10:30:01,-1157.75,-1157.75,3
2025-11-14T10:30:13.297804,10:30:13,-1491.4,-1491.4,3
2025-11-14T10:30:26.095020,10:30:26,-1340.97,-1340.97,3
2025-11-14T10:30:38.396436,10:30:38,-1207.76,-1207.76,3
2025-11-14T10:30:50.928364,10:30:50,-1238.16,-1238.16,3
2025-11-14T10:31:03.444107,10:31:03,-1362.83,-1362.83,3
2025-11-14T10:31:16.374776,10:31:16,-1065.27,-1065.27,3
2025-11-14T10:31:28.887576,10:31:28,-930.94,-930.94,3
2025-11-14T10:31:41.475770,10:31:41,-777.93,-777.93,3
2025-11-14T10:31:54.013736,10:31:54,-697.87,-697.87,3
2025-11-14T10:32:06.324993,10:32:06,-714.72,-714.72,3
2025-11-14T10:32:18.732599,10:32:18,-705.54,-705.54,3
2025-11-14T10:32:31.188535,10:32:31,-696.74,-696.74,3
2025-11-14T10:32:44.506291,10:32:44,-709.67,-709.67,3
2025-11-14T10:32:57.076510,10:32:57,-957.91,-957.91,3
2025-11-14T10:33:09.811133,10:33:09,-1039.83,-1039.83,3
2025-11-14T10:33:22.497312,10:33:22,-1052.68,-1052.68,3
2025-11-14T10:33:34.978277,10:33:34,-924.54,-924.54,3
2025-11-14T10:33:47.782124,10:33:47,-824.68,-824.68,3
2025-11-14T10:34:00.496964,10:34:00,-891.43,-891.43,3
2025-11-14T10:34:12.927153,10:34:12,-775.16,-775.16,3
2025-11-14T10:34:26.078289,10:34:26,-790.4,-790.4,3
2025-11-14T10:34:39.846638,10:34:39,-841.56,-841.56,3
2025-11-14T10:34:52.705600,10:34:52,-779.67,-779.67,3
2025-11-14T10:35:05.629991,10:35:05,-844.98,-844.98,3
2025-11-14T10:35:18.917729,10:35:18,-965.38,-965.38,3
2025-11-14T10:35:31.497641,10:35:31,-947.74,-947.74,3
2025-11-14T10:35:44.063284,10:35:44,-1107.85,-1107.85,3
2025-11-14T10:35:56.197320,10:35:56,-1098.05,-1098.05,3
2025-11-14T10:36:08.645325,10:36:08,-1105.19,-1105.19,3
2025-11-14T10:36:21.506479,10:36:21,-1128.44,-1128.44,3
2025-11-14T10:36:33.889438,10:36:33,-1332.56,-1332.56,3
2025-11-14T10:36:46.262353,10:36:46,-1313.37,-1313.37,3
2025-11-14T10:36:58.763362,10:36:58,-1369.88,-1369.88,3
2025-11-14T10:37:11.107025,10:37:11,-1390.19,-1390.19,3
2025-11-14T10:37:23.457743,10:37:23,-1190.05,-1190.05,3
2025-11-14T10:37:36.181085,10:37:36,-1244.95,-1244.95,3
2025-11-14T10:37:48.305298,10:37:48,-1268.79,-1268.79,3
2025-11-14T10:38:00.521718,10:38:00,-1029.98,-1029.98,3
2025-11-14T10:38:13.281933,10:38:13,-1019.73,-1019.73,3
2025-11-14T10:38:26.121295,10:38:26,-1136.19,-1136.19,3
2025-11-14T10:38:38.472344,10:38:38,-1206.12,-1206.12,3
2025-11-14T10:38:50.747395,10:38:50,-1256.91,-1256.91,3
2025-11-14T10:39:02.933280,10:39:02,-1364.98,-1364.98,3
2025-11-14T10:39:15.244343,10:39:15,-1393.25,-1393.25,3
2025-11-14T10:39:27.569204,10:39:27,-1377.4,-1377.4,3
2025-11-14T10:39:39.863987,10:39:39,-1354.24,-1354.24,3
2025-11-14T10:39:52.076649,10:39:52,-1637.32,-1637.32,3
2025-11-14T10:40:04.320430,10:40:04,-1700.66,-1700.66,3
2025-11-14T10:40:16.694489,10:40:16,-1713.75,-1713.75,3
2025-11-14T10:40:29.165203,10:40:29,-1768.17,-1768.17,3
2025-11-14T10:40:41.706076,10:40:41,-1565.06,-1565.06,3
2025-11-14T10:40:54.243230,10:40:54,-1564.1,-1564.1,3
2025-11-14T10:41:06.541638,10:41:06,-1697.58,-1697.58,3
2025-11-14T10:41:18.963127,10:41:18,-1780.2,-1780.2,3
2025-11-14T10:41:31.561109,10:41:31,-1685.68,-1685.68,3
2025-11-14T10:41:43.963918,10:41:43,-1962.01,-1962.01,3
2025-11-14T10:41:56.480975,10:41:56,-1895.08,-1895.08,3
2025-11-14T10:42:09.088579,10:42:09,-1781.75,-1781.75,3
2025-11-14T10:42:21.413733,10:42:21,-1820.62,-1820.62,3
2025-11-14T10:42:33.517172,10:42:33,-1782.91,-1782.91,3
2025-11-14T10:42:45.895361,10:42:45,-1812.82,-1812.82,3
2025-11-14T10:42:58.333781,10:42:58,-1690.95,-1690.95,3
2025-11-14T10:43:10.988155,10:43:10,-1918.92,-1918.92,3
2025-11-14T10:43:23.560779,10:43:23,-1802.69,-1802.69,3
2025-11-14T10:43:35.855209,10:43:35,-1779.39,-1779.39,3
2025-11-14T10:43:48.367745,10:43:48,-1790.83,-1790.83,3
2025-11-14T10:44:00.610884,10:44:00,-1790.18,-1790.18,3
2025-11-14T10:44:12.983093,10:44:12,-1963.68,-1963.68,3
2025-11-14T10:44:25.191269,10:44:25,-2196.11,-2196.11,3
2025-11-14T10:44:37.667804,10:44:37,-2209.37,-2209.37,3
2025-11-14T10:44:49.679554,10:44:49,-2092.52,-2092.52,3
2025-11-14T10:45:02.032477,10:45:02,-2077.02,-2077.02,3
2025-11-14T10:45:14.367852,10:45:14,-2019.22,-2019.22,3
2025-11-14T10:45:27.212669,10:45:27,-1929.36,-1929.36,3
2025-11-14T10:45:39.357042,10:45:39,-2165.31,-2165.31,3
2025-11-14T10:45:51.470516,10:45:51,-2038.34,-2038.34,3
2025-11-14T10:46:03.813553,10:46:03,-2001.67,-2001.67,3
2025-11-14T10:46:16.369176,10:46:16,-2016.04,-2016.04,3
2025-11-14T10:46:28.728052,10:46:28,-2365.23,-2365.23,3
2025-11-14T10:46:41.427852,10:46:41,-2218.08,-2218.08,3
2025-11-14T10:46:53.933126,10:46:53,-2204.86,-2204.86,3
2025-11-14T10:47:06.940605,10:47:06,-1955.85,-1955.85,3
2025-11-14T10:47:19.127325,10:47:19,-1871.36,-1871.36,3
2025-11-14T10:47:31.302517,10:47:31,-1994.42,-1994.42,3
2025-11-14T10:47:43.617514,10:47:43,-2004.06,-2004.06,3
2025-11-14T10:47:55.805189,10:47:55,-1925.71,-1925.71,3
2025-11-14T10:48:07.969483,10:48:07,-2002.28,-2002.28,3
2025-11-14T10:48:20.277426,10:48:20,-1884.56,-1884.56,3
2025-11-14T10:48:32.487160,10:48:32,-1922.43,-1922.43,3
2025-11-14T10:48:44.648536,10:48:44,-1812.31,-1812.31,3
2025-11-14T10:48:56.920691,10:48:56,-1768.76,-1768.76,3
2025-11-14T10:49:09.295153,10:49:09,-1605.65,-1605.65,3
2025-11-14T10:49:21.667849,10:49:21,-1194.71,-1194.71,3
2025-11-14T10:49:33.667448,10:49:33,-1281.6,-1281.6,3
2025-11-14T10:49:45.771244,10:49:45,-1444.2,-1444.2,3
2025-11-14T10:49:58.311549,10:49:58,-1528.7,-1528.7,3
2025-11-14T10:50:10.517040,10:50:10,-1468.47,-1468.47,3
2025-11-14T10:50:22.883182,10:50:22,-1481.94,-1481.94,3
2025-11-14T10:50:34.928811,10:50:34,-1495.49,-1495.49,3
2025-11-14T10:50:46.940024,10:50:46,-1469.62,-1469.62,3
2025-11-14T10:50:59.367812,10:50:59,-1350.25,-1350.25,3
2025-11-14T10:51:11.507859,10:51:11,-1603.7,-1603.7,3
2025-11-14T10:51:23.980568,10:51:23,-1740.05,-1740.05,3
2025-11-14T10:51:36.085116,10:51:36,-1781.66,-1781.66,3
2025-11-14T10:51:48.241404,10:51:48,-1620.32,-1620.32,3
2025-11-14T10:52:00.720012,10:52:00,-1614.92,-1614.92,3
2025-11-14T10:52:12.976856,10:52:12,-1472.11,-1472.11,3
2025-11-14T10:52:25.519811,10:52:25,-1278.71,-1278.71,3
2025-11-14T10:52:37.567116,10:52:37,-1410.46,-1410.46,3
2025-11-14T10:52:50.252517,10:52:50,-1671.07,-1671.07,3
2025-11-14T10:53:02.581958,10:53:02,-1616.07,-1616.07,3
2025-11-14T10:53:14.686503,10:53:14,-1677.65,-1677.65,3
2025-11-14T10:53:26.853221,10:53:26,-1754.51,-1754.51,3
2025-11-14T10:53:39.492753,10:53:39,-1660.0,-1660.0,3
2025-11-14T10:53:51.530281,10:53:51,-1810.6,-1810.6,3
2025-11-14T10:54:03.647813,10:54:03,-1749.75,-1749.75,3
2025-11-14T10:54:15.793189,10:54:15,-1906.23,-1906.23,3
2025-11-14T10:54:28.155693,10:54:28,-1951.22,-1951.22,3
2025-11-14T10:54:40.236616,10:54:40,-1869.91,-1869.91,3
2025-11-14T10:54:52.573771,10:54:52,-1832.87,-1832.87,3
2025-11-14T10:55:05.347494,10:55:05,-1686.45,-1686.45,3
2025-11-14T10:55:17.585822,10:55:17,-1773.9,-1773.9,3
2025-11-14T10:55:29.777558,10:55:29,-1697.52,-1697.52,3
2025-11-14T10:55:42.584346,10:55:42,-1770.01,-1770.01,3
2025-11-14T10:55:54.761696,10:55:54,-1797.23,-1797.23,3
2025-11-14T10:56:07.487235,10:56:07,-1754.96,-1754.96,3
2025-11-14T10:56:19.781858,10:56:19,-1637.12,-1637.12,3
2025-11-14T10:56:32.212033,10:56:32,-1801.29,-1801.29,3
2025-11-14T10:56:44.554480,10:56:44,-1807.51,-1807.51,3
2025-11-14T10:56:56.721496,10:56:56,-1793.29,-1793.29,3
2025-11-14T10:57:09.201956,10:57:09,-1659.71,-1659.71,3
2025-11-14T10:57:21.751052,10:57:21,-1738.01,-1738.01,3
2025-11-14T10:57:34.414406,10:57:34,-1650.82,-1650.82,3
2025-11-14T10:57:46.589268,10:57:46,-1917.04,-1917.04,3
2025-11-14T10:57:58.914748,10:57:58,-2222.13,-2222.13,3
2025-11-14T10:58:11.010836,10:58:11,-2025.14,-2025.14,3
2025-11-14T10:58:23.541910,10:58:23,-2048.01,-2048.01,3
2025-11-14T10:58:35.687668,10:58:35,-2083.0,-2083.0,3
2025-11-14T10:58:48.262185,10:58:48,-2306.1,-2306.1,3
2025-11-14T10:59:00.617172,10:59:00,-2143.89,-2143.89,3
2025-11-14T10:59:13.107986,10:59:13,-2167.91,-2167.91,3
2025-11-14T10:59:25.540299,10:59:25,-2171.62,-2171.62,3
2025-11-14T10:59:37.689561,10:59:37,-2214.54,-2214.54,3
2025-11-14T10:59:50.088294,10:59:50,-2389.0,-2389.0,3
2025-11-14T11:00:02.344949,11:00:02,-2626.49,-2626.49,3
2025-11-14T11:00:14.634477,11:00:14,-2244.18,-2244.18,3
2025-11-14T11:00:26.672725,11:00:26,-2370.7,-2370.7,3
2025-11-14T11:00:38.865648,11:00:38,-2207.89,-2207.89,3
2025-11-14T11:00:51.333911,11:00:51,-2319.94,-2319.94,3
2025-11-14T11:01:03.407997,11:01:03,-2185.29,-2185.29,3
2025-11-14T11:01:15.592251,11:01:15,-2120.29,-2120.29,3
2025-11-14T11:01:28.152247,11:01:28,-2185.68,-2185.68,3
2025-11-14T11:01:40.361325,11:01:40,-2360.25,-2360.25,3
2025-11-14T11:01:52.754867,11:01:52,-2415.96,-2415.96,3
2025-11-14T11:02:05.157062,11:02:05,-2420.82,-2420.82,3
2025-11-14T11:02:17.327494,11:02:17,-2438.19,-2438.19,3
2025-11-14T11:02:29.523990,11:02:29,-2451.59,-2451.59,3
2025-11-14T11:02:41.831295,11:02:41,-2431.15,-2431.15,3
2025-11-14T11:02:55.227860,11:02:55,-2430.07,-2430.07,3
2025-11-14T11:03:07.348314,11:03:07,-2532.02,-2532.02,3
2025-11-14T11:03:19.416110,11:03:19,-2573.58,-2573.58,3
2025-11-14T11:03:31.492114,11:03:31,-2711.18,-2711.18,3
2025-11-14T11:03:46.713502,11:03:46,-2729.28,-2729.28,3
2025-11-14T11:03:59.130354,11:03:59,-2775.6,-2775.6,3
2025-11-14T11:04:11.225571,11:04:11,-2737.58,-2737.58,3
2025-11-14T11:04:23.281204,11:04:23,-2776.94,-2776.94,3
2025-11-14T11:04:35.685998,11:04:35,-2685.6,-2685.6,3
2025-11-14T11:04:48.115057,11:04:48,-2772.88,-2772.88,3
2025-11-14T11:05:00.304657,11:05:00,-3018.46,-3018.46,3
2025-11-14T11:05:12.631520,11:05:12,-2894.42,-2894.42,3
2025-11-14T11:05:24.860280,11:05:24,-2743.68,-2743.68,3
2025-11-14T11:05:37.288487,11:05:37,-2703.83,-2703.83,3
2025-11-14T11:05:49.539199,11:05:49,-2861.91,-2861.91,3
2025-11-14T11:06:01.766388,11:06:01,-2821.59,-2821.59,3
2025-11-14T11:06:14.510663,11:06:14,-3017.79,-3017.79,3
2025-11-14T11:06:26.715669,11:06:26,-3022.89,-3022.89,3
2025-11-14T11:06:39.265801,11:06:39,-3014.76,-3014.76,3
2025-11-14T11:06:51.351561,11:06:51,-2845.58,-2845.58,3
2025-11-14T11:07:03.674963,11:07:03,-2378.68,-2378.68,3
2025-11-14T11:07:16.107604,11:07:16,-1993.65,-1993.65,3
2025-11-14T11:07:28.619664,11:07:28,-2030.02,-2030.02,3
2025-11-14T11:07:40.907900,11:07:40,-2038.72,-2038.72,3
2025-11-14T11:07:53.030342,11:07:53,-2062.68,-2062.68,3
2025-11-14T11:08:05.421825,11:08:05,-1983.44,-1983.44,3
2025-11-14T11:08:17.806024,11:08:17,-1856.16,-1856.16,3
2025-11-14T11:08:30.076676,11:08:30,-1972.33,-1972.33,3
2025-11-14T11:08:42.561418,11:08:42,-1875.44,-1875.44,3
2025-11-14T11:08:54.934089,11:08:54,-2333.56,-2333.56,3
2025-11-14T11:09:07.264869,11:09:07,-2465.13,-2465.13,3
2025-11-14T11:09:19.684762,11:09:19,-2566.39,-2566.39,3
2025-11-14T11:09:31.946536,11:09:31,-2658.05,-2658.05,3
2025-11-14T11:09:44.207190,11:09:44,-2629.64,-2629.64,3
2025-11-14T11:09:56.374506,11:09:56,-2945.34,-2945.34,3
2025-11-14T11:10:11.210168,11:10:11,-2948.0,-2948.0,3
2025-11-14T11:10:23.498983,11:10:23,-2553.37,-2553.37,3
2025-11-14T11:10:35.667844,11:10:35,-2362.29,-2362.29,3
2025-11-14T11:10:48.067041,11:10:48,-2346.44,-2346.44,3
2025-11-14T11:11:00.182977,11:11:00,-2283.03,-2283.03,3
2025-11-14T11:11:12.427600,11:11:12,-2106.55,-2106.55,3
2025-11-14T11:11:24.507778,11:11:24,-2055.25,-2055.25,3
2025-11-14T11:11:36.948261,11:11:36,-2132.14,-2132.14,3
2025-11-14T11:11:49.340383,11:11:49,-2082.13,-2082.13,3
2025-11-14T11:12:01.468693,11:12:01,-2094.59,-2094.59,3
2025-11-14T11:12:13.849926,11:12:13,-2324.32,-2324.32,3
2025-11-14T11:12:26.048714,11:12:26,-2418.7,-2418.7,3
2025-11-14T11:12:38.147083,11:12:38,-2337.83,-2337.83,3
2025-11-14T11:12:50.696734,11:12:50,-2468.33,-2468.33,3
2025-11-14T11:13:03.246193,11:13:03,-2335.16,-2335.16,3
2025-11-14T11:13:15.344000,11:13:15,-2325.26,-2325.26,3
2025-11-14T11:13:27.772033,11:13:27,-2295.6,-2295.6,3
2025-11-14T11:13:40.064784,11:13:40,-2329.24,-2329.24,3
2025-11-14T11:13:52.786869,11:13:52,-2396.21,-2396.21,3
2025-11-14T11:14:05.123494,11:14:05,-2491.67,-2491.67,3
2025-11-14T11:14:17.436399,11:14:17,-2412.16,-2412.16,3
2025-11-14T11:14:29.701471,11:14:29,-2407.56,-2407.56,3
2025-11-14T11:14:41.962731,11:14:41,-2458.46,-2458.46,3
2025-11-14T11:14:54.207161,11:14:54,-2567.75,-2567.75,3
2025-11-14T11:15:06.603246,11:15:06,-2549.94,-2549.94,3
2025-11-14T11:15:18.801099,11:15:18,-2649.55,-2649.55,3
2025-11-14T11:15:31.660629,11:15:31,-2784.04,-2784.04,3
2025-11-14T11:15:43.916154,11:15:43,-2612.25,-2612.25,3
2025-11-14T11:15:56.050497,11:15:56,-2723.22,-2723.22,3
2025-11-14T11:16:08.394312,11:16:08,-2602.89,-2602.89,3
2025-11-14T11:16:20.582727,11:16:20,-2675.92,-2675.92,3
2025-11-14T11:16:35.723502,11:16:35,-2912.14,-2912.14,3
2025-11-14T11:16:47.819248,11:16:47,-2738.91,-2738.91,3
2025-11-14T11:17:00.226030,11:17:00,-2795.05,-2795.05,3
2025-11-14T11:17:12.304802,11:17:12,-2822.72,-2822.72,3
2025-11-14T11:17:24.970628,11:17:24,-2867.17,-2867.17,3
2025-11-14T11:17:37.165973,11:17:37,-2836.64,-2836.64,3
2025-11-14T11:17:49.265452,11:17:49,-2887.14,-2887.14,3
2025-11-14T11:18:01.520739,11:18:01,-2808.92,-2808.92,3
2025-11-14T11:18:13.650257,11:18:13,-2858.03,-2858.03,3
2025-11-14T11:18:25.819152,11:18:25,-2830.03,-2830.03,3
2025-11-14T11:18:37.752416,11:18:37,-2537.25,-2537.25,3
2025-11-14T11:18:50.107436,11:18:50,-2490.86,-2490.86,3
2025-11-14T11:19:02.169777,11:19:02,-2391.12,-2391.12,3
2025-11-14T11:19:14.473572,11:19:14,-2160.83,-2160.83,3
2025-11-14T11:19:27.169544,11:19:27,-1977.24,-1977.24,3
2025-11-14T11:19:39.455115,11:19:39,-2087.41,-2087.41,3
2025-11-14T11:19:51.695711,11:19:51,-2190.37,-2190.37,3
2025-11-14T11:20:03.917384,11:20:03,-2140.87,-2140.87,3
2025-11-14T11:20:16.274199,11:20:16,-1853.33,-1853.33,3
2025-11-14T11:20:28.766848,11:20:28,-1774.22,-1774.22,3
2025-11-14T11:20:41.053736,11:20:41,-2034.07,-2034.07,3
2025-11-14T11:20:53.268466,11:20:53,-2146.97,-2146.97,3
2025-11-14T11:21:05.405261,11:21:05,-1987.1,-1987.1,3
2025-11-14T11:21:17.810930,11:21:17,-1991.55,-1991.55,3
2025-11-14T11:21:30.313304,11:21:30,-2040.01,-2040.01,3
2025-11-14T11:21:42.623674,11:21:42,-2067.77,-2067.77,3
2025-11-14T11:21:55.446617,11:21:55,-2061.0,-2061.0,3
2025-11-14T11:22:08.162714,11:22:08,-2051.49,-2051.49,3
2025-11-14T11:22:20.543637,11:22:20,-2161.33,-2161.33,3
2025-11-14T11:22:33.216638,11:22:33,-2184.22,-2184.22,3
2025-11-14T11:22:45.487313,11:22:45,-2194.56,-2194.56,3
2025-11-14T11:22:58.001586,11:22:58,-2263.35,-2263.35,3
2025-11-14T11:23:10.250054,11:23:10,-2227.47,-2227.47,3
2025-11-14T11:23:22.600068,11:23:22,-2239.59,-2239.59,3
2025-11-14T11:23:34.892074,11:23:34,-2388.84,-2388.84,3
2025-11-14T11:23:47.164689,11:23:47,-2348.07,-2348.07,3
2025-11-14T11:23:59.314007,11:23:59,-2366.38,-2366.38,3
2025-11-14T11:24:11.448043,11:24:11,-2359.49,-2359.49,3
2025-11-14T11:24:23.696636,11:24:23,-2259.93,-2259.93,3
2025-11-14T11:24:36.149921,11:24:36,-2206.01,-2206.01,3
2025-11-14T11:24:48.309439,11:24:48,-2247.11,-2247.11,3
2025-11-14T11:25:00.670049,11:25:00,-2134.28,-2134.28,3
2025-11-14T11:25:12.818517,11:25:12,-2070.21,-2070.21,3
2025-11-14T11:25:25.246153,11:25:25,-2091.9,-2091.9,3
2025-11-14T11:25:37.522081,11:25:37,-2257.74,-2257.74,3
2025-11-14T11:25:49.930986,11:25:49,-2268.94,-2268.94,3
2025-11-14T11:26:02.271349,11:26:02,-2289.77,-2289.77,3
2025-11-14T11:26:14.534809,11:26:14,-2296.45,-2296.45,3
2025-11-14T11:26:26.798718,11:26:26,-2452.3,-2452.3,3
2025-11-14T11:26:38.818534,11:26:38,-2574.23,-2574.23,3
2025-11-14T11:26:51.404216,11:26:51,-2533.54,-2533.54,3
2025-11-14T11:27:03.972433,11:27:03,-2401.84,-2401.84,3
2025-11-14T11:27:16.398761,11:27:16,-2340.61,-2340.61,3
2025-11-14T11:27:29.053299,11:27:29,-2283.89,-2283.89,3
2025-11-14T11:27:41.330520,11:27:41,-2302.14,-2302.14,3
2025-11-14T11:27:53.736719,11:27:53,-2323.36,-2323.36,3
2025-11-14T11:28:06.161992,11:28:06,-2335.88,-2335.88,3
2025-11-14T11:28:18.552742,11:28:18,-2253.61,-2253.61,3
2025-11-14T11:28:30.892026,11:28:30,-2228.83,-2228.83,3
2025-11-14T11:28:43.303765,11:28:43,-2215.34,-2215.34,3
2025-11-14T11:28:55.791016,11:28:55,-2184.87,-2184.87,3
2025-11-14T11:29:08.350045,11:29:08,-2123.93,-2123.93,3
2025-11-14T11:29:20.628908,11:29:20,-2081.97,-2081.97,3
2025-11-14T11:29:32.846067,11:29:32,-2110.95,-2110.95,3
2025-11-14T11:29:45.177493,11:29:45,-2100.1,-2100.1,3
2025-11-14T11:29:57.232604,11:29:57,-2088.92,-2088.92,3
2025-11-14T11:30:09.968405,11:30:09,-2140.73,-2140.73,3
2025-11-14T11:30:22.170534,11:30:22,-2169.17,-2169.17,3
2025-11-14T11:30:34.839617,11:30:34,-2127.69,-2127.69,3
2025-11-14T11:30:47.197037,11:30:47,-2138.42,-2138.42,3
2025-11-14T11:30:59.497382,11:30:59,-2235.47,-2235.47,3
2025-11-14T11:31:11.639265,11:31:11,-2258.04,-2258.04,3
2025-11-14T11:31:24.234867,11:31:24,-2120.66,-2120.66,3
2025-11-14T11:31:36.575605,11:31:36,-2195.33,-2195.33,3
2025-11-14T11:31:49.456511,11:31:49,-2242.72,-2242.72,3
2025-11-14T11:32:01.812838,11:32:01,-2266.64,-2266.64,3
2025-11-14T11:32:14.343456,11:32:14,-2284.97,-2284.97,3
2025-11-14T11:32:26.633299,11:32:26,-2399.77,-2399.77,3
2025-11-14T11:32:39.534328,11:32:39,-2522.23,-2522.23,3
2025-11-14T11:32:52.735728,11:32:52,-2529.15,-2529.15,3
2025-11-14T11:33:06.057679,11:33:06,-2630.91,-2630.91,3
2025-11-14T11:33:18.047191,11:33:18,-2693.77,-2693.77,3
2025-11-14T11:33:30.558785,11:33:30,-2578.0,-2578.0,3
2025-11-14T11:33:43.360555,11:33:43,-2638.04,-2638.04,3
2025-11-14T11:33:55.789934,11:33:55,-2695.99,-2695.99,3
2025-11-14T11:34:07.899073,11:34:07,-2927.91,-2927.91,3
2025-11-14T11:34:20.558830,11:34:20,-2694.92,-2694.92,3
2025-11-14T11:34:32.837979,11:34:32,-2684.05,-2684.05,3
2025-11-14T11:34:45.274180,11:34:45,-2866.65,-2866.65,3
2025-11-14T11:34:57.597304,11:34:57,-2841.26,-2841.26,3
2025-11-14T11:35:10.089477,11:35:10,-2654.96,-2654.96,3
2025-11-14T11:35:22.513234,11:35:22,-2780.64,-2780.64,3
2025-11-14T11:35:35.459097,11:35:35,-2744.47,-2744.47,3
2025-11-14T11:35:47.920570,11:35:47,-2658.97,-2658.97,3
2025-11-14T11:36:00.264391,11:36:00,-2498.79,-2498.79,3
2025-11-14T11:36:13.511378,11:36:13,-2649.22,-2649.22,3
2025-11-14T11:36:26.175719,11:36:26,-2810.5,-2810.5,3
2025-11-14T11:36:38.548923,11:36:38,-2647.82,-2647.82,3
2025-11-14T11:36:51.141944,11:36:51,-2575.64,-2575.64,3
2025-11-14T11:37:03.829771,11:37:03,-2661.79,-2661.79,3
2025-11-14T11:37:16.361466,11:37:16,-2683.34,-2683.34,3
2025-11-14T11:37:28.910206,11:37:28,-2622.51,-2622.51,3
2025-11-14T11:37:41.044959,11:37:41,-2644.27,-2644.27,3
2025-11-14T11:37:53.359324,11:37:53,-2675.73,-2675.73,3
2025-11-14T11:38:05.584211,11:38:05,-2864.86,-2864.86,3
2025-11-14T11:38:18.526304,11:38:18,-2858.98,-2858.98,3
2025-11-14T11:38:30.440700,11:38:30,-2907.97,-2907.97,3
2025-11-14T11:38:42.495585,11:38:42,-2882.78,-2882.78,3
2025-11-14T11:38:54.924796,11:38:54,-2912.32,-2912.32,3
2025-11-14T11:39:07.409188,11:39:07,-2905.84,-2905.84,3
2025-11-14T11:39:19.328645,11:39:19,-2934.32,-2934.32,3
2025-11-14T11:39:31.633987,11:39:31,-3055.48,-3055.48,3
2025-11-14T11:39:43.676387,11:39:43,-3148.4,-3148.4,3
2025-11-14T11:39:55.930764,11:39:55,-3092.24,-3092.24,3
2025-11-14T11:40:08.231173,11:40:08,-2965.36,-2965.36,3
2025-11-14T11:40:20.361313,11:40:20,-2896.27,-2896.27,3
2025-11-14T11:40:32.857352,11:40:32,-2984.91,-2984.91,3
2025-11-14T11:40:45.261710,11:40:45,-3002.08,-3002.08,3
2025-11-14T11:41:01.979206,11:41:01,-2950.51,-2950.51,3
2025-11-14T11:41:14.271675,11:41:14,-2960.7,-2960.7,3
2025-11-14T11:41:26.432675,11:41:26,-2948.72,-2948.72,3
2025-11-14T11:41:38.786354,11:41:38,-2965.03,-2965.03,3
2025-11-14T11:41:51.111384,11:41:51,-2989.04,-2989.04,3
2025-11-14T11:42:03.778895,11:42:03,-3169.19,-3169.19,3
2025-11-14T11:42:16.018698,11:42:16,-3165.43,-3165.43,3
2025-11-14T11:42:28.240797,11:42:28,-3204.61,-3204.61,3
2025-11-14T11:42:40.576961,11:42:40,-3450.85,-3450.85,3
2025-11-14T11:42:53.007383,11:42:53,-3444.12,-3444.12,3
2025-11-14T11:43:05.851895,11:43:05,-3370.3,-3370.3,3
2025-11-14T11:43:18.224930,11:43:18,-3202.9,-3202.9,3
2025-11-14T11:43:30.835754,11:43:30,-3231.98,-3231.98,3
2025-11-14T11:43:43.043336,11:43:43,-3427.16,-3427.16,3
2025-11-14T11:43:55.458872,11:43:55,-3602.21,-3602.21,3
2025-11-14T11:44:07.810458,11:44:07,-3444.51,-3444.51,3
2025-11-14T11:44:20.082670,11:44:20,-3210.33,-3210.33,3
2025-11-14T11:44:32.423466,11:44:32,-2877.51,-2877.51,3
2025-11-14T11:44:45.323314,11:44:45,-3151.14,-3151.14,3
2025-11-14T11:44:57.789743,11:44:57,-3197.9,-3197.9,3
2025-11-14T11:45:10.085996,11:45:10,-3269.67,-3269.67,3
2025-11-14T11:45:22.564112,11:45:22,-3447.13,-3447.13,3
2025-11-14T11:45:35.093502,11:45:35,-3362.73,-3362.73,3
2025-11-14T11:45:47.535966,11:45:47,-3306.25,-3306.25,3
2025-11-14T11:46:00.191524,11:46:00,-3362.39,-3362.39,3
2025-11-14T11:46:13.722082,11:46:13,-3102.94,-3102.94,3
2025-11-14T11:46:29.398984,11:46:29,-5142.47,-5142.47,3
2025-11-14T11:46:42.783630,11:46:42,-3072.53,-3072.53,3
2025-11-14T11:46:56.836085,11:46:56,-3764.18,-3764.18,3
2025-11-14T11:47:10.485058,11:47:10,-3991.8,-3991.8,3
2025-11-14T11:47:23.818873,11:47:23,-3014.28,-3014.28,3
2025-11-14T11:47:38.143161,11:47:38,-4088.23,-4088.23,3
2025-11-14T11:47:53.132543,11:47:53,-7066.25,-7066.25,3
2025-11-14T11:48:06.226386,11:48:06,-7627.04,-7627.04,3
2025-11-14T11:48:19.628885,11:48:19,-8547.87,-8547.87,3
2025-11-14T11:48:32.900283,11:48:32,-7146.12,-7146.12,3
2025-11-14T11:48:46.100414,11:48:46,-7568.83,-7568.83,3
2025-11-14T11:48:59.419246,11:48:59,-7770.97,-7770.97,3
2025-11-14T11:49:12.518478,11:49:12,-7368.94,-7368.94,3
2025-11-14T11:49:25.719631,11:49:25,-6140.32,-6140.32,3
2025-11-14T11:49:39.800997,11:49:39,-4769.49,-4769.49,3
2025-11-14T11:49:55.995632,11:49:55,-4870.08,-4870.08,3
2025-11-14T11:50:09.322329,11:50:09,-5247.88,-5247.88,3
2025-11-14T11:50:22.633244,11:50:22,-6631.44,-6631.44,3
2025-11-14T11:50:36.197903,11:50:36,-7509.39,-7509.39,3
2025-11-14T11:50:49.187847,11:50:49,-7594.15,-7594.15,3
2025-11-14T11:51:02.583661,11:51:02,-6604.6,-6604.6,3
2025-11-14T11:51:16.508246,11:51:16,-4752.17,-4752.17,3
2025-11-14T11:51:29.690153,11:51:29,-5119.05,-5119.05,3
2025-11-14T11:51:43.049795,11:51:43,-7078.54,-7078.54,3
2025-11-14T11:51:56.427305,11:51:56,-7341.08,-7341.08,3
2025-11-14T11:52:09.585333,11:52:09,-7076.98,-7076.98,3
2025-11-14T11:52:23.336921,11:52:23,-7235.83,-7235.83,3
2025-11-14T11:52:36.618085,11:52:36,-7304.53,-7304.53,3
2025-11-14T11:52:49.865054,11:52:49,-10567.37,-10567.37,3
2025-11-14T11:53:03.532689,11:53:03,-11168.3,-11168.3,3
2025-11-14T11:53:16.568063,11:53:16,-9811.25,-9811.25,3
2025-11-14T11:53:29.824232,11:53:29,-9896.36,-9896.36,3
2025-11-14T11:53:43.288899,11:53:43,-9131.17,-9131.17,3
2025-11-14T11:53:56.380865,11:53:56,-10063.75,-10063.75,3
2025-11-14T11:54:10.114274,11:54:10,-10873.03,-10873.03,3
2025-11-14T11:54:23.097110,11:54:23,-10794.77,-10794.77,3
2025-11-14T11:54:36.138191,11:54:36,-10699.98,-10699.98,3
2025-11-14T11:54:49.584091,11:54:49,-9112.95,-9112.95,3
2025-11-14T11:55:02.779664,11:55:02,-10238.62,-10238.62,3
2025-11-14T11:55:16.829853,11:55:16,-10044.65,-10044.65,3
2025-11-14T11:55:30.254672,11:55:30,-6441.43,-6441.43,3
2025-11-14T11:55:43.655339,11:55:43,-7370.89,-7370.89,3
2025-11-14T11:55:56.888159,11:55:56,-8977.33,-8977.33,3
2025-11-14T11:56:10.536104,11:56:10,-11907.73,-11907.73,3
2025-11-14T11:56:26.576996,11:56:26,-13571.53,-13571.53,3
2025-11-14T11:56:39.783478,11:56:39,-12479.47,-12479.47,3
2025-11-14T11:56:52.680863,11:56:52,-13802.71,-13802.71,3
2025-11-14T11:57:05.568381,11:57:05,-13941.58,-13941.58,3
2025-11-14T11:57:18.976636,11:57:18,-11199.31,-11199.31,3
2025-11-14T11:57:32.310257,11:57:32,-9918.06,-9918.06,3
2025-11-14T11:57:45.662262,11:57:45,-11939.39,-11939.39,3
2025-11-14T11:57:58.734371,11:57:58,-11269.41,-11269.41,3
2025-11-14T11:58:12.026093,11:58:12,-11584.58,-11584.58,3
2025-11-14T11:58:29.848637,11:58:29,-10455.94,-10455.94,3
2025-11-14T11:58:45.741596,11:58:45,-10784.09,-10784.09,3
2025-11-14T11:58:59.101437,11:58:59,-10752.1,-10752.1,3
2025-11-14T11:59:12.490829,11:59:12,-8293.57,-8293.57,3
2025-11-14T11:59:25.640371,11:59:25,-4802.25,-4802.25,3
2025-11-14T11:59:38.821715,11:59:38,-7931.28,-7931.28,3
2025-11-14T11:59:51.996927,11:59:51,-6175.78,-6175.78,3
2025-11-14T12:00:05.407741,12:00:05,-7675.54,-7675.54,3
2025-11-14T12:00:18.516038,12:00:18,-5147.61,-5147.61,3
2025-11-14T12:00:31.604124,12:00:31,-6506.75,-6506.75,3
2025-11-14T12:00:45.511890,12:00:45,-5128.11,-5128.11,3
2025-11-14T12:01:01.707412,12:01:01,-5635.37,-5635.37,3
2025-11-14T12:01:19.599792,12:01:19,-3783.38,-3783.38,3
2025-11-14T12:01:34.724635,12:01:34,-5249.81,-5249.81,3
2025-11-14T12:01:47.990946,12:01:47,-5279.28,-5279.28,3
2025-11-14T12:02:01.211122,12:02:01,-5458.75,-5458.75,3
2025-11-14T12:02:14.454666,12:02:14,-10818.49,-10818.49,3
2025-11-14T12:02:27.607373,12:02:27,-10931.83,-10931.83,3
2025-11-14T12:02:40.790214,12:02:40,-11506.0,-11506.0,3
2025-11-14T12:02:54.190895,12:02:54,-13882.16,-13882.16,3
2025-11-14T12:03:07.568073,12:03:07,-12852.12,-12852.12,3
2025-11-14T12:03:20.830979,12:03:20,-13585.55,-13585.55,3
2025-11-14T12:03:34.106302,12:03:34,-13720.61,-13720.61,3
2025-11-14T12:03:47.416919,12:03:47,-12053.88,-12053.88,3
2025-11-14T12:04:00.643917,12:04:00,-7203.13,-7203.13,3
2025-11-14T12:04:14.013484,12:04:14,-11573.55,-11573.55,3
2025-11-14T12:04:27.234110,12:04:27,-12441.93,-12441.93,3
2025-11-14T12:04:40.711323,12:04:40,-12792.26,-12792.26,3
2025-11-14T12:04:54.151048,12:04:54,-15077.1,-15077.1,3
2025-11-14T12:05:07.405898,12:05:07,-12605.87,-12605.87,3
2025-11-14T12:05:20.792943,12:05:20,-11291.23,-11291.23,3
2025-11-14T12:05:33.951826,12:05:33,-11045.14,-11045.14,3
2025-11-14T12:05:47.005362,12:05:47,-9948.15,-9948.15,3
2025-11-14T12:06:00.378246,12:06:00,-13603.83,-13603.83,3
2025-11-14T12:06:14.094318,12:06:14,-15111.08,-15111.08,3
2025-11-14T12:06:27.544826,12:06:27,-10035.13,-10035.13,3
2025-11-14T12:06:40.979274,12:06:40,-9793.0,-9793.0,3
2025-11-14T12:06:54.495178,12:06:54,-8787.21,-8787.21,3
2025-11-14T12:07:08.180836,12:07:08,-9891.89,-9891.89,3
2025-11-14T12:07:24.609642,12:07:24,-7685.05,-7685.05,3
2025-11-14T12:07:37.961218,12:07:37,-6794.07,-6794.07,3
2025-11-14T12:07:51.238048,12:07:51,-6363.8,-6363.8,3
2025-11-14T12:08:04.534870,12:08:04,-7677.15,-7677.15,3
2025-11-14T12:08:17.865348,12:08:17,-7285.95,-7285.95,3
2025-11-14T12:08:31.297081,12:08:31,-9400.44,-9400.44,3
2025-11-14T12:08:44.592109,12:08:44,-12720.2,-12720.2,3
2025-11-14T12:08:58.197102,12:08:58,-10272.44,-10272.44,3
2025-11-14T12:09:11.497727,12:09:11,-14251.81,-14251.81,3
2025-11-14T12:09:24.744739,12:09:24,-14446.58,-14446.58,3
2025-11-14T12:09:37.904840,12:09:37,-18096.93,-18096.93,3
2025-11-14T12:09:51.328171,12:09:51,-15167.3,-15167.3,3
2025-11-14T12:10:07.274163,12:10:07,-14323.83,-14323.83,3
2025-11-14T12:10:22.947100,12:10:22,-11999.19,-11999.19,3
2025-11-14T12:10:36.641662,12:10:36,-10387.58,-10387.58,3
2025-11-14T12:10:50.802742,12:10:50,-11150.59,-11150.59,3
2025-11-14T12:11:04.740414,12:11:04,-11614.74,-11614.74,3
2025-11-14T12:11:19.081382,12:11:19,-12266.92,-12266.92,3
2025-11-14T12:11:32.739102,12:11:32,-9830.87,-9830.87,3
2025-11-14T12:11:46.639460,12:11:46,-11824.47,-11824.47,3
2025-11-14T12:12:00.553898,12:12:00,-13883.99,-13883.99,3
2025-11-14T12:12:14.014921,12:12:14,-10822.88,-10822.88,3
2025-11-14T12:12:27.623907,12:12:27,-10531.23,-10531.23,3
2025-11-14T12:12:41.090343,12:12:41,-10667.77,-10667.77,3
2025-11-14T12:12:54.795935,12:12:54,-13160.11,-13160.11,3
2025-11-14T12:13:08.093545,12:13:08,-16990.26,-16990.26,3
2025-11-14T12:13:21.245367,12:13:21,-18106.24,-18106.24,3
2025-11-14T12:13:34.407342,12:13:34,-18747.46,-18747.46,3
2025-11-14T12:13:49.788780,12:13:49,-15751.01,-15751.01,3
2025-11-14T12:14:02.957856,12:14:02,-14910.08,-14910.08,3
2025-11-14T12:14:19.403311,12:14:19,-13061.32,-13061.32,3
2025-11-14T12:14:32.565718,12:14:32,-15324.21,-15324.21,3
2025-11-14T12:14:46.318626,12:14:46,-14204.84,-14204.84,3
2025-11-14T12:14:59.496617,12:14:59,-16445.78,-16445.78,3
2025-11-14T12:15:15.488499,12:15:15,-15490.6,-15490.6,3
2025-11-14T12:15:28.807032,12:15:28,-14354.0,-14354.0,3
2025-11-14T12:15:41.969662,12:15:41,-15115.43,-15115.43,3
2025-11-14T12:15:55.536454,12:15:55,-16153.47,-16153.47,3
2025-11-14T12:16:08.735726,12:16:08,-18974.31,-18974.31,3
2025-11-14T12:16:22.748229,12:16:22,-19337.98,-19337.98,3
2025-11-14T12:16:36.220500,12:16:36,-23005.6,-23005.6,3
2025-11-14T12:16:49.735610,12:16:49,-24402.48,-24402.48,3
2025-11-14T12:17:03.246119,12:17:03,-27678.38,-27678.38,3
2025-11-14T12:17:16.899459,12:17:16,-27618.54,-27618.54,3
2025-11-14T12:17:31.117961,12:17:31,1991.63,1991.63,2
2025-11-14T12:17:44.160687,12:17:44,2027.65,2027.65,2
2025-11-14T12:17:57.490106,12:17:57,1986.42,1986.42,2
2025-11-14T12:18:10.529294,12:18:10,1935.69,1935.69,2
2025-11-14T12:18:23.706109,12:18:23,1856.54,1856.54,2
2025-11-14T12:18:36.981978,12:18:36,1690.96,1690.96,2
2025-11-14T12:18:50.769786,12:18:50,1630.25,1630.25,2
2025-11-14T12:19:03.993991,12:19:03,1413.69,1413.69,2
2025-11-14T12:19:17.278420,12:19:17,2005.65,2005.65,2
2025-11-14T12:19:30.961833,12:19:30,2034.48,2034.48,2
2025-11-14T12:19:44.278468,12:19:44,2068.76,2068.76,2
2025-11-14T12:19:57.579282,12:19:57,2363.72,2363.72,2
2025-11-14T12:20:10.747571,12:20:10,2458.5,2458.5,2
2025-11-14T12:20:25.209374,12:20:25,2638.33,2638.33,2
2025-11-14T12:20:38.634984,12:20:38,2592.14,2592.14,2
2025-11-14T12:20:52.213911,12:20:52,2459.99,2459.99,2
2025-11-14T12:21:05.919072,12:21:05,2287.86,2287.86,2
2025-11-14T12:21:19.255107,12:21:19,2168.81,2168.81,2
2025-11-14T12:21:32.442208,12:21:32,2164.03,2164.03,2
2025-11-14T12:21:45.463164,12:21:45,2320.92,2320.92,2
2025-11-14T12:21:58.773448,12:21:58,2193.24,2193.24,2
2025-11-14T12:22:11.996676,12:22:11,2097.22,2097.22,2
2025-11-14T12:22:25.465169,12:22:25,1995.06,1995.06,2
2025-11-14T12:22:38.808429,12:22:38,1948.62,1948.62,2
2025-11-14T12:22:54.891706,12:22:54,2040.83,2040.83,2
2025-11-14T12:23:09.444831,12:23:09,3405.8,3405.8,3
2025-11-14T12:23:23.835320,12:23:23,4797.77,4797.77,3
2025-11-14T12:23:38.104237,12:23:38,5330.19,5330.19,3
2025-11-14T12:23:52.615067,12:23:52,5410.17,5410.17,3
2025-11-14T12:24:06.666132,12:24:06,4698.48,4698.48,3
2025-11-14T12:24:21.042778,12:24:21,7238.48,7238.48,3
2025-11-14T12:24:35.245802,12:24:35,9000.62,9000.62,3
2025-11-14T12:24:49.170146,12:24:49,9810.13,9810.13,3
2025-11-14T12:25:03.507346,12:25:03,13137.13,13137.13,3
2025-11-14T12:25:17.733667,12:25:17,13488.57,13488.57,3
2025-11-14T12:25:31.769374,12:25:31,14933.32,14933.32,3
2025-11-14T12:25:45.941327,12:25:45,19202.26,19202.26,3
2025-11-14T12:26:00.250033,12:26:00,18132.6,18132.6,3
2025-11-14T12:26:14.472697,12:26:14,24868.08,24868.08,3
2025-11-14T12:26:31.229686,12:26:31,26641.64,26641.64,3
2025-11-14T12:26:45.457237,12:26:45,27596.83,27596.83,3
2025-11-14T12:26:59.354416,12:26:59,27992.55,27992.55,3
2025-11-14T12:27:13.242869,12:27:13,27583.14,27583.14,3
2025-11-14T12:27:27.582217,12:27:27,30631.64,30631.64,3
2025-11-14T12:27:39.661692,12:27:39,24285.07,24285.07,3
2025-11-14T12:27:54.530103,12:27:54,24800.5,24800.5,3
2025-11-14T12:28:06.841982,12:28:06,27602.75,27602.75,3
2025-11-14T12:28:19.478512,12:28:19,28067.24,28067.24,3
2025-11-14T12:28:31.587327,12:28:31,20905.55,20905.55,3
2025-11-14T12:28:43.853189,12:28:43,19094.08,19094.08,3
2025-11-14T12:28:56.062556,12:28:56,18429.57,18429.57,3
2025-11-14T12:29:08.222762,12:29:08,19838.03,19838.03,3
2025-11-14T12:29:20.384020,12:29:20,22929.21,22929.21,3
2025-11-14T12:29:32.617531,12:29:32,13229.51,13229.51,3
2025-11-14T12:29:49.732934,12:29:49,8468.16,8468.16,3
2025-11-14T12:30:02.154226,12:30:02,8536.33,8536.33,3
2025-11-14T12:30:14.837825,12:30:14,8127.38,8127.38,3
2025-11-14T12:30:27.334666,12:30:27,7918.6,7918.6,3
2025-11-14T12:30:42.104904,12:30:42,7804.96,7804.96,3
2025-11-14T12:30:54.591363,12:30:54,7631.17,7631.17,3
2025-11-14T12:31:06.691654,12:31:06,8707.29,8707.29,3
2025-11-14T12:31:18.920650,12:31:18,9529.9,9529.9,3
2025-11-14T12:31:31.219905,12:31:31,5323.68,5323.68,3
2025-11-14T12:31:43.665577,12:31:43,5447.76,5447.76,3
2025-11-14T12:31:55.914998,12:31:55,5356.06,5356.06,3
2025-11-14T12:32:08.304617,12:32:08,5389.13,5389.13,3
2025-11-14T12:32:20.705507,12:32:20,4913.87,4913.87,3
2025-11-14T12:32:33.271739,12:32:33,4732.66,4732.66,3
2025-11-14T12:32:45.535090,12:32:45,4487.38,4487.38,3
2025-11-14T12:32:58.155222,12:32:58,4582.41,4582.41,3
2025-11-14T12:33:10.486090,12:33:10,4630.4,4630.4,3
2025-11-14T12:33:22.703259,12:33:22,4547.26,4547.26,3
2025-11-14T12:33:34.826221,12:33:34,4271.18,4271.18,3
2025-11-14T12:33:46.951797,12:33:46,4207.47,4207.47,3
2025-11-14T12:33:59.262633,12:33:59,4105.41,4105.41,3
2025-11-14T12:34:11.808154,12:34:11,3954.98,3954.98,3
2025-11-14T12:34:24.273988,12:34:24,3990.67,3990.67,3
2025-11-14T12:34:36.532180,12:34:36,4044.42,4044.42,3
2025-11-14T12:34:48.767800,12:34:48,4046.49,4046.49,3
2025-11-14T12:35:01.569520,12:35:01,3996.75,3996.75,3
2025-11-14T12:35:13.972127,12:35:13,4112.81,4112.81,3
2025-11-14T12:35:26.450984,12:35:26,4136.53,4136.53,3
2025-11-14T12:35:38.620751,12:35:38,4146.77,4146.77,3
2025-11-14T12:35:51.052458,12:35:51,4044.34,4044.34,3
2025-11-14T12:36:03.529510,12:36:03,3956.66,3956.66,3
2025-11-14T12:36:15.932258,12:36:15,3968.29,3968.29,3
2025-11-14T12:36:28.318814,12:36:28,3996.8,3996.8,3
2025-11-14T12:36:40.956275,12:36:40,3686.23,3686.23,3
2025-11-14T12:36:53.381757,12:36:53,3610.57,3610.57,3
2025-11-14T12:37:05.610508,12:37:05,3839.27,3839.27,3
2025-11-14T12:37:18.181518,12:37:18,3810.27,3810.27,3
2025-11-14T12:37:30.462691,12:37:30,4076.02,4076.02,3
2025-11-14T12:37:43.383635,12:37:43,4015.17,4015.17,3
2025-11-14T12:37:55.966302,12:37:55,4039.54,4039.54,3
2025-11-14T12:38:12.783823,12:38:12,3781.95,3781.95,3
2025-11-14T12:38:25.174005,12:38:25,3696.38,3696.38,3
2025-11-14T12:38:37.664534,12:38:37,3603.45,3603.45,3
2025-11-14T12:38:49.886840,12:38:49,3345.17,3345.17,3
2025-11-14T12:39:02.580351,12:39:02,3441.15,3441.15,3
2025-11-14T12:39:14.662357,12:39:14,3438.46,3438.46,3
2025-11-14T12:39:26.938172,12:39:26,3619.26,3619.26,3
2025-11-14T12:39:39.000170,12:39:39,3697.01,3697.01,3
2025-11-14T12:39:50.938491,12:39:50,3685.09,3685.09,3
2025-11-14T12:40:03.528891,12:40:03,3729.9,3729.9,3
2025-11-14T12:40:15.761079,12:40:15,3770.0,3770.0,3
2025-11-14T12:40:28.572314,12:40:28,3810.49,3810.49,3
2025-11-14T12:40:41.373740,12:40:41,3715.27,3715.27,3
2025-11-14T12:40:53.808043,12:40:53,3669.03,3669.03,3
2025-11-14T12:41:06.068819,12:41:06,3344.47,3344.47,3
2025-11-14T12:41:18.354241,12:41:18,3459.81,3459.81,3
2025-11-14T12:41:30.602177,12:41:30,3496.72,3496.72,3
2025-11-14T12:41:42.554329,12:41:42,3620.74,3620.74,3
2025-11-14T12:41:54.930772,12:41:54,3718.66,3718.66,3
2025-11-14T12:42:07.553675,12:42:07,3747.93,3747.93,3
2025-11-14T12:42:19.636768,12:42:19,3844.59,3844.59,3
2025-11-14T12:42:31.831604,12:42:31,3846.48,3846.48,3
2025-11-14T12:42:44.429426,12:42:44,3728.24,3728.24,3
2025-11-14T12:42:56.784470,12:42:56,3839.08,3839.08,3
2025-11-14T12:43:08.813548,12:43:08,4008.58,4008.58,3
2025-11-14T12:43:21.181031,12:43:21,4051.99,4051.99,3
2025-11-14T12:43:33.722113,12:43:33,3972.97,3972.97,3
2025-11-14T12:43:45.846627,12:43:45,4136.39,4136.39,3
2025-11-14T12:43:58.182906,12:43:58,4427.11,4427.11,3
2025-11-14T12:44:10.320740,12:44:10,4266.03,4266.03,3
2025-11-14T12:44:22.577351,12:44:22,4380.17,4380.17,3
2025-11-14T12:44:34.675423,12:44:34,4331.91,4331.91,3
2025-11-14T12:44:47.009915,12:44:47,4374.07,4374.07,3
2025-11-14T12:44:59.179326,12:44:59,4277.29,4277.29,3
2025-11-14T12:45:11.481830,12:45:11,4227.36,4227.36,3
2025-11-14T12:45:23.849561,12:45:23,4072.8,4072.8,3
2025-11-14T12:45:36.082393,12:45:36,4088.51,4088.51,3
2025-11-14T12:45:48.479181,12:45:48,4089.26,4089.26,3
2025-11-14T12:46:00.783662,12:46:00,4184.21,4184.21,3
2025-11-14T12:46:13.162383,12:46:13,4403.05,4403.05,3
2025-11-14T12:46:25.298034,12:46:25,4647.04,4647.04,3
2025-11-14T12:46:37.834214,12:46:37,4536.31,4536.31,3
2025-11-14T12:46:51.084992,12:46:51,4484.01,4484.01,3
2025-11-14T12:47:03.570424,12:47:03,4512.49,4512.49,3
2025-11-14T12:47:16.130004,12:47:16,4391.26,4391.26,3
2025-11-14T12:47:28.267113,12:47:28,4319.6,4319.6,3
2025-11-14T12:47:40.589913,12:47:40,4479.56,4479.56,3
2025-11-14T12:47:52.812954,12:47:52,4477.06,4477.06,3
2025-11-14T12:48:05.062735,12:48:05,4627.84,4627.84,3
2025-11-14T12:48:17.703351,12:48:17,4385.06,4385.06,3
2025-11-14T12:48:29.740206,12:48:29,4265.51,4265.51,3
2025-11-14T12:48:42.214756,12:48:42,4278.18,4278.18,3
2025-11-14T12:48:54.469873,12:48:54,4298.63,4298.63,3
2025-11-14T12:49:07.031917,12:49:07,4320.1,4320.1,3
2025-11-14T12:49:19.166551,12:49:19,4434.86,4434.86,3
2025-11-14T12:49:31.607950,12:49:31,4369.23,4369.23,3
2025-11-14T12:49:43.918434,12:49:43,4483.21,4483.21,3
2025-11-14T12:49:56.542148,12:49:56,4366.19,4366.19,3
2025-11-14T12:50:08.930815,12:50:08,4352.66,4352.66,3
2025-11-14T12:50:20.909034,12:50:20,4402.45,4402.45,3
2025-11-14T12:50:33.089180,12:50:33,4575.78,4575.78,3
2025-11-14T12:50:45.145369,12:50:45,4437.69,4437.69,3
2025-11-14T12:50:57.422739,12:50:57,4563.81,4563.81,3
2025-11-14T12:51:09.709387,12:51:09,4313.46,4313.46,3
2025-11-14T12:51:22.022047,12:51:22,4295.74,4295.74,3
2025-11-14T12:51:34.412647,12:51:34,4347.57,4347.57,3
2025-11-14T12:51:46.774199,12:51:46,4377.02,4377.02,3
2025-11-14T12:51:58.929450,12:51:58,4372.07,4372.07,3
2025-11-14T12:52:11.329841,12:52:11,4594.52,4594.52,3
2025-11-14T12:52:23.974142,12:52:23,4711.54,4711.54,3
2025-11-14T12:52:36.289578,12:52:36,4595.6,4595.6,3
2025-11-14T12:52:48.690002,12:52:48,4641.07,4641.07,3
2025-11-14T12:53:01.090002,12:53:01,4609.32,4609.32,3
2025-11-14T12:53:13.349155,12:53:13,4456.59,4456.59,3
2025-11-14T12:53:25.981571,12:53:25,4516.09,4516.09,3
2025-11-14T12:53:38.729571,12:53:38,4507.87,4507.87,3
2025-11-14T12:53:51.470616,12:53:51,4762.39,4762.39,3
2025-11-14T12:54:03.608684,12:54:03,4678.19,4678.19,3
2025-11-14T12:54:15.897829,12:54:15,4595.85,4595.85,3
2025-11-14T12:54:28.298645,12:54:28,4557.87,4557.87,3
2025-11-14T12:54:40.793842,12:54:40,4460.36,4460.36,3
2025-11-14T12:54:53.144522,12:54:53,4435.17,4435.17,3
2025-11-14T12:55:05.380912,12:55:05,4525.07,4525.07,3
2025-11-14T12:55:17.720659,12:55:17,4706.52,4706.52,3
2025-11-14T12:55:30.006218,12:55:30,4723.89,4723.89,3
2025-11-14T12:55:42.573605,12:55:42,4651.77,4651.77,3
2025-11-14T12:55:54.775507,12:55:54,4740.69,4740.69,3
2025-11-14T12:56:07.408536,12:56:07,4839.19,4839.19,3
2025-11-14T12:56:19.735170,12:56:19,4697.35,4697.35,3
2025-11-14T12:56:32.027768,12:56:32,4788.15,4788.15,3
2025-11-14T12:56:44.192513,12:56:44,4772.0,4772.0,3
2025-11-14T12:56:56.448757,12:56:56,4772.79,4772.79,3
2025-11-14T12:57:09.031177,12:57:09,4619.56,4619.56,3
2025-11-14T12:57:21.239352,12:57:21,4660.14,4660.14,3
2025-11-14T12:57:33.768675,12:57:33,4606.94,4606.94,3
2025-11-14T12:57:45.810957,12:57:45,4629.27,4629.27,3
2025-11-14T12:57:58.099895,12:57:58,4665.73,4665.73,3
2025-11-14T12:58:10.537790,12:58:10,4643.69,4643.69,3
2025-11-14T12:58:22.884727,12:58:22,4693.01,4693.01,3
2025-11-14T12:58:35.160029,12:58:35,4735.56,4735.56,3
2025-11-14T12:58:47.683315,12:58:47,4729.58,4729.58,3
2025-11-14T12:59:00.483567,12:59:00,4790.2,4790.2,3
2025-11-14T12:59:12.724015,12:59:12,4867.06,4867.06,3
2025-11-14T12:59:24.708615,12:59:24,4937.67,4937.67,3
2025-11-14T12:59:37.274068,12:59:37,5006.53,5006.53,3
2025-11-14T12:59:49.544260,12:59:49,5078.97,5078.97,3
2025-11-14T13:00:02.098302,13:00:02,5078.09,5078.09,3
2025-11-14T13:00:14.560743,13:00:14,5109.13,5109.13,3
2025-11-14T13:00:26.730077,13:00:26,5020.57,5020.57,3
2025-11-14T13:00:39.056933,13:00:39,5089.93,5089.93,3
2025-11-14T13:00:51.344049,13:00:51,5079.11,5079.11,3
2025-11-14T13:01:03.746104,13:01:03,5024.05,5024.05,3
2025-11-14T13:01:16.324345,13:01:16,5152.01,5152.01,3
2025-11-14T13:01:28.932691,13:01:28,5158.49,5158.49,3
2025-11-14T13:01:41.505411,13:01:41,5265.83,5265.83,3
2025-11-14T13:01:54.349735,13:01:54,5216.97,5216.97,3
2025-11-14T13:02:06.812756,13:02:06,5066.58,5066.58,3
2025-11-14T13:02:19.026861,13:02:19,4978.59,4978.59,3
2025-11-14T13:02:31.220188,13:02:31,4795.28,4795.28,3
2025-11-14T13:02:43.965094,13:02:43,4800.24,4800.24,3
2025-11-14T13:02:56.611717,13:02:56,4680.61,4680.61,3
2025-11-14T13:03:09.387867,13:03:09,4452.19,4452.19,3
2025-11-14T13:03:21.951928,13:03:21,4481.03,4481.03,3
2025-11-14T13:03:34.258177,13:03:34,4457.63,4457.63,3
2025-11-14T13:03:46.663609,13:03:46,4413.99,4413.99,3
2025-11-14T13:03:58.915043,13:03:58,4341.27,4341.27,3
2025-11-14T13:04:11.427732,13:04:11,4363.03,4363.03,3
2025-11-14T13:04:23.772216,13:04:23,4415.41,4415.41,3
2025-11-14T13:04:36.128319,13:04:36,4340.82,4340.82,3
2025-11-14T13:04:48.547446,13:04:48,4221.9,4221.9,3
2025-11-14T13:05:01.330010,13:05:01,4295.59,4295.59,3
2025-11-14T13:05:13.605150,13:05:13,4230.91,4230.91,3
2025-11-14T13:05:25.767205,13:05:25,4243.1,4243.1,3
2025-11-14T13:05:38.374473,13:05:38,4259.09,4259.09,3
2025-11-14T13:05:50.697370,13:05:50,4234.75,4234.75,3
2025-11-14T13:06:03.104618,13:06:03,4172.7,4172.7,3
2025-11-14T13:06:15.422818,13:06:15,4119.1,4119.1,3
2025-11-14T13:06:27.649557,13:06:27,3951.96,3951.96,3
2025-11-14T13:06:40.057819,13:06:40,4094.82,4094.82,3
2025-11-14T13:06:52.212718,13:06:52,4082.54,4082.54,3
2025-11-14T13:07:04.404915,13:07:04,3828.13,3828.13,3
2025-11-14T13:07:16.520546,13:07:16,3787.45,3787.45,3
2025-11-14T13:07:29.002101,13:07:29,3703.51,3703.51,3
2025-11-14T13:07:41.068539,13:07:41,3747.47,3747.47,3
2025-11-14T13:07:53.219241,13:07:53,3596.86,3596.86,3
2025-11-14T13:08:05.599255,13:08:05,3748.94,3748.94,3
2025-11-14T13:08:17.870890,13:08:17,3710.67,3710.67,3
2025-11-14T13:08:30.169863,13:08:30,3641.23,3641.23,3
2025-11-14T13:08:42.525115,13:08:42,3640.57,3640.57,3
2025-11-14T13:08:54.992904,13:08:54,3576.68,3576.68,3
2025-11-14T13:09:07.428824,13:09:07,3507.75,3507.75,3
2025-11-14T13:09:20.069851,13:09:20,3270.64,3270.64,3
2025-11-14T13:09:32.704833,13:09:32,3344.58,3344.58,3
2025-11-14T13:09:45.158692,13:09:45,3426.4,3426.4,3
2025-11-14T13:09:57.447394,13:09:57,3574.45,3574.45,3
2025-11-14T13:10:09.935350,13:10:09,3678.72,3678.72,3
2025-11-14T13:10:22.203056,13:10:22,3470.55,3470.55,3
2025-11-14T13:10:34.369428,13:10:34,3792.96,3792.96,3
2025-11-14T13:10:47.109853,13:10:47,3842.14,3842.14,3
2025-11-14T13:10:59.672041,13:10:59,3817.49,3817.49,3
2025-11-14T13:11:11.807501,13:11:11,3662.66,3662.66,3
2025-11-14T13:11:24.228229,13:11:24,3611.07,3611.07,3
2025-11-14T13:11:36.365327,13:11:36,3645.97,3645.97,3
2025-11-14T13:11:48.620003,13:11:48,3633.28,3633.28,3
2025-11-14T13:12:00.687481,13:12:00,3610.77,3610.77,3
2025-11-14T13:12:13.148665,13:12:13,3573.77,3573.77,3
2025-11-14T13:12:25.598193,13:12:25,3670.3,3670.3,3
2025-11-14T13:12:37.813302,13:12:37,3898.65,3898.65,3
2025-11-14T13:12:49.726377,13:12:49,3889.28,3889.28,3
2025-11-14T13:13:02.121076,13:13:02,4049.64,4049.64,3
2025-11-14T13:13:14.509412,13:13:14,3900.53,3900.53,3
2025-11-14T13:13:26.569173,13:13:26,3951.39,3951.39,3
2025-11-14T13:13:38.563736,13:13:38,4113.21,4113.21,3
2025-11-14T13:13:50.743707,13:13:50,4130.7,4130.7,3
2025-11-14T13:14:03.188024,13:14:03,4167.06,4167.06,3
2025-11-14T13:14:15.864376,13:14:15,4113.01,4113.01,3
2025-11-14T13:14:28.462535,13:14:28,4075.09,4075.09,3
2025-11-14T13:14:40.533396,13:14:40,4094.7,4094.7,3
2025-11-14T13:14:53.211191,13:14:53,4045.19,4045.19,3
2025-11-14T13:15:05.615416,13:15:05,4257.35,4257.35,3
2025-11-14T13:15:17.810667,13:15:17,4423.63,4423.63,3
2025-11-14T13:15:30.047822,13:15:30,4490.92,4490.92,3
2025-11-14T13:15:42.898912,13:15:42,4554.82,4554.82,3
2025-11-14T13:15:54.981140,13:15:54,4453.01,4453.01,3
2025-11-14T13:16:07.127798,13:16:07,4670.97,4670.97,3
2025-11-14T13:16:19.734471,13:16:19,4680.58,4680.58,3
2025-11-14T13:16:31.890075,13:16:31,4803.09,4803.09,3
2025-11-14T13:16:44.058712,13:16:44,4939.45,4939.45,3
2025-11-14T13:16:56.722421,13:16:56,5031.7,5031.7,3
2025-11-14T13:17:09.223030,13:17:09,5261.36,5261.36,3
2025-11-14T13:17:21.468809,13:17:21,5357.27,5357.27,3
2025-11-14T13:17:33.784393,13:17:33,5192.78,5192.78,3
2025-11-14T13:17:46.054553,13:17:46,5212.02,5212.02,3
2025-11-14T13:17:58.546302,13:17:58,5111.88,5111.88,3
2025-11-14T13:18:10.720803,13:18:10,5076.45,5076.45,3
2025-11-14T13:18:22.790944,13:18:22,5031.18,5031.18,3
2025-11-14T13:18:34.860015,13:18:34,5044.17,5044.17,3
2025-11-14T13:18:47.203236,13:18:47,5007.23,5007.23,3
2025-11-14T13:18:59.514672,13:18:59,5039.45,5039.45,3
2025-11-14T13:19:12.094455,13:19:12,5194.16,5194.16,3
2025-11-14T13:19:24.727805,13:19:24,5249.59,5249.59,3
2025-11-14T13:19:37.208022,13:19:37,5170.81,5170.81,3
2025-11-14T13:19:49.555222,13:19:49,5108.29,5108.29,3
2025-11-14T13:20:01.767945,13:20:01,5107.08,5107.08,3
2025-11-14T13:20:14.009996,13:20:14,5181.91,5181.91,3
2025-11-14T13:20:26.217407,13:20:26,5174.59,5174.59,3
2025-11-14T13:20:38.844835,13:20:38,5300.89,5300.89,3
2025-11-14T13:20:51.146612,13:20:51,5310.65,5310.65,3
2025-11-14T13:21:03.452101,13:21:03,5429.96,5429.96,3
2025-11-14T13:21:15.861817,13:21:15,5476.59,5476.59,3
2025-11-14T13:21:28.365939,13:21:28,5461.1,5461.1,3
2025-11-14T13:21:40.774746,13:21:40,5329.66,5329.66,3
2025-11-14T13:21:53.137091,13:21:53,5263.5,5263.5,3
2025-11-14T13:22:05.039674,13:22:05,5274.29,5274.29,3
2025-11-14T13:22:17.366751,13:22:17,5175.61,5175.61,3
2025-11-14T13:22:29.582720,13:22:29,5175.58,5175.58,3
2025-11-14T13:22:41.831410,13:22:41,5079.05,5079.05,3
2025-11-14T13:22:53.942268,13:22:53,5086.03,5086.03,3
2025-11-14T13:23:06.355967,13:23:06,5111.53,5111.53,3
2025-11-14T13:23:18.345402,13:23:18,5002.25,5002.25,3
2025-11-14T13:23:30.447517,13:23:30,4985.11,4985.11,3
2025-11-14T13:23:42.712448,13:23:42,4922.46,4922.46,3
2025-11-14T13:23:54.887416,13:23:54,4768.83,4768.83,3
2025-11-14T13:24:07.120663,13:24:07,4697.29,4697.29,3
2025-11-14T13:24:19.670697,13:24:19,4796.06,4796.06,3
2025-11-14T13:24:31.926156,13:24:31,4804.71,4804.71,3
2025-11-14T13:24:44.505061,13:24:44,4732.98,4732.98,3
2025-11-14T13:24:56.730165,13:24:56,4756.15,4756.15,3
2025-11-14T13:25:09.209270,13:25:09,4858.2,4858.2,3
2025-11-14T13:25:21.532688,13:25:21,4798.73,4798.73,3
2025-11-14T13:25:33.933161,13:25:33,4806.65,4806.65,3
2025-11-14T13:25:46.379163,13:25:46,4825.04,4825.04,3
2025-11-14T13:25:58.778751,13:25:58,4888.13,4888.13,3
2025-11-14T13:26:11.104993,13:26:11,4751.97,4751.97,3
2025-11-14T13:26:23.167523,13:26:23,4742.82,4742.82,3
2025-11-14T13:26:35.533437,13:26:35,4773.58,4773.58,3
2025-11-14T13:26:47.825692,13:26:47,4765.27,4765.27,3
2025-11-14T13:27:00.358401,13:27:00,4791.7,4791.7,3
2025-11-14T13:27:12.820441,13:27:12,4853.31,4853.31,3
2025-11-14T13:27:25.274342,13:27:25,4979.87,4979.87,3
2025-11-14T13:27:37.654028,13:27:37,4902.79,4902.79,3
2025-11-14T13:27:49.887468,13:27:49,4854.16,4854.16,3
2025-11-14T13:28:02.016541,13:28:02,4873.79,4873.79,3
2025-11-14T13:28:14.329604,13:28:14,4812.53,4812.53,3
2025-11-14T13:28:26.452483,13:28:26,4718.09,4718.09,3
2025-11-14T13:28:41.477999,13:28:41,4531.36,4531.36,3
2025-11-14T13:28:53.782723,13:28:53,4639.73,4639.73,3
2025-11-14T13:29:06.269316,13:29:06,4593.46,4593.46,3
2025-11-14T13:29:18.719765,13:29:18,4610.05,4610.05,3
2025-11-14T13:29:31.500368,13:29:31,4570.18,4570.18,3
2025-11-14T13:29:43.960797,13:29:43,4578.34,4578.34,3
2025-11-14T13:29:56.340817,13:29:56,4559.56,4559.56,3
2025-11-14T13:30:08.548047,13:30:08,4534.3,4534.3,3
2025-11-14T13:30:20.780220,13:30:20,4431.53,4431.53,3
2025-11-14T13:30:33.037415,13:30:33,4412.34,4412.34,3
2025-11-14T13:30:45.448663,13:30:45,4503.17,4503.17,3
2025-11-14T13:30:57.741370,13:30:57,4454.45,4454.45,3
2025-11-14T13:31:12.549267,13:31:12,4385.7,4385.7,3
2025-11-14T13:31:24.844833,13:31:24,4456.7,4456.7,3
2025-11-14T13:31:37.314720,13:31:37,4603.33,4603.33,3
2025-11-14T13:31:49.764533,13:31:49,4503.64,4503.64,3
2025-11-14T13:32:01.876493,13:32:01,4535.35,4535.35,3
2025-11-14T13:32:14.072082,13:32:14,4467.85,4467.85,3
2025-11-14T13:32:26.289908,13:32:26,4420.77,4420.77,3
2025-11-14T13:32:39.343559,13:32:39,4415.5,4415.5,3
2025-11-14T13:32:51.495436,13:32:51,4456.74,4456.74,3
2025-11-14T13:33:03.800959,13:33:03,4438.2,4438.2,3
2025-11-14T13:33:16.215930,13:33:16,4337.39,4337.39,3
2025-11-14T13:33:28.765836,13:33:28,4379.68,4379.68,3
2025-11-14T13:33:41.136306,13:33:41,4316.53,4316.53,3
2025-11-14T13:33:53.531077,13:33:53,4345.61,4345.61,3
2025-11-14T13:34:05.644144,13:34:05,4359.14,4359.14,3
2025-11-14T13:34:17.791298,13:34:17,4330.72,4330.72,3
2025-11-14T13:34:30.398064,13:34:30,4327.97,4327.97,3
2025-11-14T13:34:42.602887,13:34:42,4270.04,4270.04,3
2025-11-14T13:34:55.253988,13:34:55,4331.37,4331.37,3
2025-11-14T13:35:07.483784,13:35:07,4307.96,4307.96,3
2025-11-14T13:35:20.085020,13:35:20,4312.33,4312.33,3
2025-11-14T13:35:32.248820,13:35:32,4323.32,4323.32,3
2025-11-14T13:35:44.717456,13:35:44,4312.16,4312.16,3
2025-11-14T13:35:57.044241,13:35:57,4284.54,4284.54,3
2025-11-14T13:36:09.466919,13:36:09,4323.75,4323.75,3
2025-11-14T13:36:21.573015,13:36:21,4301.32,4301.32,3
2025-11-14T13:36:33.807202,13:36:33,4410.05,4410.05,3
2025-11-14T13:36:45.953317,13:36:45,4352.43,4352.43,3
2025-11-14T13:36:58.155803,13:36:58,4322.43,4322.43,3
2025-11-14T13:37:10.479872,13:37:10,4342.71,4342.71,3
2025-11-14T13:37:23.282976,13:37:23,4327.91,4327.91,3
2025-11-14T13:37:35.393322,13:37:35,4279.65,4279.65,3
2025-11-14T13:37:47.759560,13:37:47,4405.58,4405.58,3
2025-11-14T13:38:00.015124,13:38:00,4407.94,4407.94,3
2025-11-14T13:38:12.448792,13:38:12,4465.46,4465.46,3
2025-11-14T13:38:24.829943,13:38:24,4397.31,4397.31,3
2025-11-14T13:38:36.879392,13:38:36,4357.42,4357.42,3
2025-11-14T13:38:49.035101,13:38:49,4365.86,4365.86,3
2025-11-14T13:39:01.333874,13:39:01,4457.73,4457.73,3
2025-11-14T13:39:13.699689,13:39:13,4389.88,4389.88,3
2025-11-14T13:39:26.123349,13:39:26,4358.69,4358.69,3
2025-11-14T13:39:38.323604,13:39:38,4250.62,4250.62,3
2025-11-14T13:39:50.638051,13:39:50,4275.14,4275.14,3
2025-11-14T13:40:02.851831,13:40:02,4150.14,4150.14,3
2025-11-14T13:40:15.387841,13:40:15,4027.09,4027.09,3
2025-11-14T13:40:27.871067,13:40:27,4139.66,4139.66,3
2025-11-14T13:40:40.102055,13:40:40,4300.2,4300.2,3
2025-11-14T13:40:52.385913,13:40:52,4372.76,4372.76,3
2025-11-14T13:41:04.845688,13:41:04,4387.57,4387.57,3
2025-11-14T13:41:16.863670,13:41:16,4493.63,4493.63,3
2025-11-14T13:41:29.225805,13:41:29,4715.2,4715.2,3
2025-11-14T13:41:41.303301,13:41:41,4683.29,4683.29,3
2025-11-14T13:41:53.481036,13:41:53,4740.39,4740.39,3
2025-11-14T13:42:05.806355,13:42:05,4748.51,4748.51,3
2025-11-14T13:42:17.993750,13:42:17,4716.56,4716.56,3
2025-11-14T13:42:30.273913,13:42:30,4685.79,4685.79,3
2025-11-14T13:42:42.424573,13:42:42,4561.64,4561.64,3
2025-11-14T13:42:54.757167,13:42:54,4505.17,4505.17,3
2025-11-14T13:43:07.139040,13:43:07,4403.38,4403.38,3
2025-11-14T13:43:19.468241,13:43:19,4445.63,4445.63,3
2025-11-14T13:43:31.972311,13:43:31,4388.18,4388.18,3
2025-11-14T13:43:44.336071,13:43:44,4314.19,4314.19,3
2025-11-14T13:43:56.705226,13:43:56,4302.98,4302.98,3
2025-11-14T13:44:09.031726,13:44:09,4541.61,4541.61,3
2025-11-14T13:44:21.875761,13:44:21,4466.29,4466.29,3
2025-11-14T13:44:34.289401,13:44:34,4609.65,4609.65,3
2025-11-14T13:44:46.568666,13:44:46,4537.76,4537.76,3
2025-11-14T13:44:58.714938,13:44:58,4307.93,4307.93,3
2025-11-14T13:45:10.823014,13:45:10,4232.73,4232.73,3
2025-11-14T13:45:23.027317,13:45:23,4304.52,4304.52,3
2025-11-14T13:45:35.336601,13:45:35,4348.55,4348.55,3
2025-11-14T13:45:47.748701,13:45:47,4297.33,4297.33,3
2025-11-14T13:46:00.319485,13:46:00,4263.64,4263.64,3
2025-11-14T13:46:12.761845,13:46:12,4285.13,4285.13,3
2025-11-14T13:46:25.021952,13:46:25,4452.39,4452.39,3
2025-11-14T13:46:37.917209,13:46:37,4563.02,4563.02,3
2025-11-14T13:46:50.324762,13:46:50,4613.25,4613.25,3
2025-11-14T13:47:02.503732,13:47:02,4569.83,4569.83,3
2025-11-14T13:47:14.773782,13:47:14,4654.1,4654.1,3
2025-11-14T13:47:27.069073,13:47:27,4786.38,4786.38,3
2025-11-14T13:47:39.534011,13:47:39,4812.63,4812.63,3
2025-11-14T13:47:52.092198,13:47:52,4839.31,4839.31,3
2025-11-14T13:48:06.857714,13:48:06,4848.67,4848.67,3
2025-11-14T13:48:19.030512,13:48:19,4796.76,4796.76,3
2025-11-14T13:48:31.525740,13:48:31,4959.24,4959.24,3
2025-11-14T13:48:43.951773,13:48:43,5083.98,5083.98,3
2025-11-14T13:48:56.508436,13:48:56,5102.12,5102.12,3
2025-11-14T13:49:08.912429,13:49:08,5205.77,5205.77,3
2025-11-14T13:49:21.319264,13:49:21,5467.13,5467.13,3
2025-11-14T13:49:33.539193,13:49:33,5729.29,5729.29,3
2025-11-14T13:49:45.917782,13:49:45,5752.45,5752.45,3
2025-11-14T13:49:58.389637,13:49:58,5686.41,5686.41,3
2025-11-14T13:50:10.574405,13:50:10,5749.63,5749.63,3
2025-11-14T13:50:23.335870,13:50:23,5642.74,5642.74,3
2025-11-14T13:50:35.604060,13:50:35,5651.71,5651.71,3
2025-11-14T13:50:47.794252,13:50:47,5543.53,5543.53,3
2025-11-14T13:51:00.452860,13:51:00,5391.15,5391.15,3
2025-11-14T13:51:12.774796,13:51:12,5258.0,5258.0,3
2025-11-14T13:51:25.129868,13:51:25,5402.48,5402.48,3
2025-11-14T13:51:37.210966,13:51:37,5420.35,5420.35,3
2025-11-14T13:51:49.714424,13:51:49,5444.52,5444.52,3
2025-11-14T13:52:02.647137,13:52:02,5424.46,5424.46,3
2025-11-14T13:52:15.951377,13:52:15,5471.91,5471.91,3
2025-11-14T13:52:29.132431,13:52:29,5448.2,5448.2,3
2025-11-14T13:52:41.940845,13:52:41,5421.06,5421.06,3
2025-11-14T13:52:55.092597,13:52:55,5165.89,5165.89,3
2025-11-14T13:53:07.990173,13:53:07,5105.94,5105.94,3
2025-11-14T13:53:21.341091,13:53:21,5204.01,5204.01,3
2025-11-14T13:53:34.171984,13:53:34,5340.73,5340.73,3
2025-11-14T13:53:46.602094,13:53:46,5279.01,5279.01,3
2025-11-14T13:53:59.322090,13:53:59,5341.36,5341.36,3
2025-11-14T13:54:12.447925,13:54:12,5251.58,5251.58,3
2025-11-14T13:54:26.290185,13:54:26,5161.85,5161.85,3
2025-11-14T13:54:39.522458,13:54:39,5040.24,5040.24,3
2025-11-14T13:54:52.564922,13:54:52,4965.28,4965.28,3
2025-11-14T13:55:05.308432,13:55:05,5025.56,5025.56,3
2025-11-14T13:55:18.065307,13:55:18,4871.83,4871.83,3
2025-11-14T13:55:30.930836,13:55:30,4894.56,4894.56,3
2025-11-14T13:55:43.444304,13:55:43,4974.57,4974.57,3
2025-11-14T13:55:56.357378,13:55:56,5057.77,5057.77,3
2025-11-14T13:56:08.708020,13:56:08,4782.38,4782.38,3
2025-11-14T13:56:21.218048,13:56:21,4662.49,4662.49,3
2025-11-14T13:56:33.828132,13:56:33,4648.38,4648.38,3
2025-11-14T13:56:46.180829,13:56:46,4524.43,4524.43,3
2025-11-14T13:56:58.494445,13:56:58,4512.14,4512.14,3
2025-11-14T13:57:10.746353,13:57:10,4575.77,4575.77,3
2025-11-14T13:57:23.342586,13:57:23,4497.6,4497.6,3
2025-11-14T13:57:35.510574,13:57:35,4507.4,4507.4,3
2025-11-14T13:57:47.903562,13:57:47,4481.29,4481.29,3
2025-11-14T13:58:00.531942,13:58:00,4537.77,4537.77,3
2025-11-14T13:58:12.691890,13:58:12,4480.02,4480.02,3
2025-11-14T13:58:25.201452,13:58:25,4482.33,4482.33,3
2025-11-14T13:58:37.701966,13:58:37,4510.13,4510.13,3
2025-11-14T13:58:50.070922,13:58:50,4558.0,4558.0,3
2025-11-14T13:59:02.378068,13:59:02,4596.45,4596.45,3
2025-11-14T13:59:14.501046,13:59:14,4591.77,4591.77,3
2025-11-14T13:59:26.830772,13:59:26,4610.66,4610.66,3
2025-11-14T13:59:39.047521,13:59:39,4614.88,4614.88,3
2025-11-14T13:59:51.296757,13:59:51,4634.48,4634.48,3
2025-11-14T14:00:03.833124,14:00:03,4587.77,4587.77,3
2025-11-14T14:00:16.176457,14:00:16,4598.88,4598.88,3
2025-11-14T14:00:28.414429,14:00:28,4521.84,4521.84,3
2025-11-14T14:00:40.832758,14:00:40,4439.3,4439.3,3
2025-11-14T14:00:52.902927,14:00:52,4443.02,4443.02,3
2025-11-14T14:01:05.127726,14:01:05,4377.83,4377.83,3
2025-11-14T14:01:17.407224,14:01:17,4278.75,4278.75,3
2025-11-14T14:01:29.840575,14:01:29,4288.13,4288.13,3
2025-11-14T14:01:42.355914,14:01:42,4458.78,4458.78,3
2025-11-14T14:01:54.501428,14:01:54,4526.42,4526.42,3
2025-11-14T14:02:07.108088,14:02:07,4466.48,4466.48,3
2025-11-14T14:02:19.692623,14:02:19,4502.89,4502.89,3
2025-11-14T14:02:32.050714,14:02:32,4393.06,4393.06,3
2025-11-14T14:02:44.351123,14:02:44,4325.94,4325.94,3
2025-11-14T14:02:56.457063,14:02:56,4418.31,4418.31,3
2025-11-14T14:03:08.736316,14:03:08,4405.51,4405.51,3
2025-11-14T14:03:21.049289,14:03:21,4487.9,4487.9,3
2025-11-14T14:03:33.616050,14:03:33,4536.26,4536.26,3
2025-11-14T14:03:45.875767,14:03:45,4649.4,4649.4,3
2025-11-14T14:03:58.052141,14:03:58,4554.91,4554.91,3
2025-11-14T14:04:10.374162,14:04:10,4647.78,4647.78,3
2025-11-14T14:04:22.837878,14:04:22,4632.63,4632.63,3
2025-11-14T14:04:35.461694,14:04:35,4638.52,4638.52,3
2025-11-14T14:04:47.820942,14:04:47,4687.11,4687.11,3
2025-11-14T14:05:00.000028,14:05:00,4721.07,4721.07,3
2025-11-14T14:05:12.345241,14:05:12,4710.13,4710.13,3
2025-11-14T14:05:24.855060,14:05:24,4770.28,4770.28,3
2025-11-14T14:05:37.105559,14:05:37,4876.42,4876.42,3
2025-11-14T14:05:49.812377,14:05:49,4896.64,4896.64,3
2025-11-14T14:06:02.357130,14:06:02,5015.74,5015.74,3
2025-11-14T14:06:14.663911,14:06:14,5240.19,5240.19,3
2025-11-14T14:06:27.255343,14:06:27,5290.84,5290.84,3
2025-11-14T14:06:39.533070,14:06:39,5341.56,5341.56,3
2025-11-14T14:06:51.807225,14:06:51,5312.59,5312.59,3
2025-11-14T14:07:03.998364,14:07:03,5259.17,5259.17,3
2025-11-14T14:07:16.458674,14:07:16,5258.47,5258.47,3
2025-11-14T14:07:28.611929,14:07:28,5235.16,5235.16,3
2025-11-14T14:07:40.922290,14:07:40,5269.14,5269.14,3
2025-11-14T14:07:53.463579,14:07:53,5206.32,5206.32,3
2025-11-14T14:08:05.805082,14:08:05,5160.88,5160.88,3
2025-11-14T14:08:18.047365,14:08:18,5194.21,5194.21,3
2025-11-14T14:08:30.290196,14:08:30,5218.79,5218.79,3
2025-11-14T14:08:42.538383,14:08:42,5214.58,5214.58,3
2025-11-14T14:08:55.347362,14:08:55,5079.25,5079.25,3
2025-11-14T14:09:07.634282,14:09:07,5165.69,5165.69,3
2025-11-14T14:09:20.140142,14:09:20,5208.88,5208.88,3
2025-11-14T14:09:32.594292,14:09:32,5197.02,5197.02,3
2025-11-14T14:09:44.830867,14:09:44,5254.84,5254.84,3
2025-11-14T14:09:57.118064,14:09:57,5193.01,5193.01,3
2025-11-14T14:10:09.750483,14:10:09,5032.11,5032.11,3
2025-11-14T14:10:22.003175,14:10:22,4640.22,4640.22,3
2025-11-14T14:10:34.266148,14:10:34,4585.21,4585.21,3
2025-11-14T14:10:46.693008,14:10:46,4573.62,4573.62,3
2025-11-14T14:10:59.321843,14:10:59,4716.8,4716.8,3
2025-11-14T14:11:11.687755,14:11:11,4706.79,4706.79,3
2025-11-14T14:11:23.944856,14:11:23,4836.1,4836.1,3
2025-11-14T14:11:36.961075,14:11:36,4792.4,4792.4,3
2025-11-14T14:11:49.185673,14:11:49,4945.33,4945.33,3
2025-11-14T14:12:01.629303,14:12:01,4962.17,4962.17,3
2025-11-14T14:12:13.842503,14:12:13,4909.13,4909.13,3
2025-11-14T14:12:26.243611,14:12:26,4964.39,4964.39,3
2025-11-14T14:12:38.715340,14:12:38,5049.02,5049.02,3
2025-11-14T14:12:51.055897,14:12:51,5197.9,5197.9,3
2025-11-14T14:13:03.447739,14:13:03,5263.74,5263.74,3
2025-11-14T14:13:15.813917,14:13:15,5233.1,5233.1,3
2025-11-14T14:13:28.362352,14:13:28,5227.71,5227.71,3
2025-11-14T14:13:40.513980,14:13:40,5225.76,5225.76,3
2025-11-14T14:13:52.698469,14:13:52,5259.07,5259.07,3
2025-11-14T14:14:05.257337,14:14:05,5283.21,5283.21,3
2025-11-14T14:14:20.325888,14:14:20,5274.35,5274.35,3
2025-11-14T14:14:32.495390,14:14:32,5233.75,5233.75,3
2025-11-14T14:14:44.693509,14:14:44,5276.64,5276.64,3
2025-11-14T14:14:57.231889,14:14:57,5281.35,5281.35,3
2025-11-14T14:15:09.350426,14:15:09,5154.29,5154.29,3
2025-11-14T14:15:21.564100,14:15:21,5176.07,5176.07,3
2025-11-14T14:15:33.913740,14:15:33,5255.74,5255.74,3
2025-11-14T14:15:46.497383,14:15:46,5122.44,5122.44,3
2025-11-14T14:15:58.703671,14:15:58,5166.67,5166.67,3
2025-11-14T14:16:10.984539,14:16:10,5174.55,5174.55,3
2025-11-14T14:16:23.043047,14:16:23,5128.17,5128.17,3
2025-11-14T14:16:35.441750,14:16:35,5108.41,5108.41,3
2025-11-14T14:16:47.486923,14:16:47,5018.0,5018.0,3
2025-11-14T14:16:59.708728,14:16:59,5047.08,5047.08,3
2025-11-14T14:17:11.990503,14:17:11,4999.99,4999.99,3
2025-11-14T14:17:24.336954,14:17:24,4879.94,4879.94,3
2025-11-14T14:17:36.836859,14:17:36,4797.87,4797.87,3
2025-11-14T14:17:49.124343,14:17:49,4815.24,4815.24,3
2025-11-14T14:18:01.216900,14:18:01,4866.41,4866.41,3
2025-11-14T14:18:13.540955,14:18:13,4913.29,4913.29,3
2025-11-14T14:18:25.687774,14:18:25,4940.51,4940.51,3
2025-11-14T14:18:38.230907,14:18:38,4904.45,4904.45,3
2025-11-14T14:18:50.599323,14:18:50,4963.84,4963.84,3
2025-11-14T14:19:02.863825,14:19:02,5127.58,5127.58,3
2025-11-14T14:19:15.209227,14:19:15,5048.99,5048.99,3
2025-11-14T14:19:27.448893,14:19:27,5128.72,5128.72,3
2025-11-14T14:19:41.351913,14:19:41,5130.54,5130.54,3
2025-11-14T14:19:53.696384,14:19:53,5156.71,5156.71,3
2025-11-14T14:20:06.052826,14:20:06,5206.5,5206.5,3
2025-11-14T14:20:18.169058,14:20:18,5296.46,5296.46,3
2025-11-14T14:20:30.615805,14:20:30,5365.58,5365.58,3
2025-11-14T14:20:43.079120,14:20:43,5388.98,5388.98,3
2025-11-14T14:20:55.223953,14:20:55,5385.88,5385.88,3
2025-11-14T14:21:07.724453,14:21:07,5409.23,5409.23,3
2025-11-14T14:21:20.121180,14:21:20,5370.11,5370.11,3
2025-11-14T14:21:32.393605,14:21:32,5357.03,5357.03,3
2025-11-14T14:21:44.759614,14:21:44,5508.77,5508.77,3
2025-11-14T14:21:57.493173,14:21:57,5575.05,5575.05,3
2025-11-14T14:22:09.718286,14:22:09,5586.97,5586.97,3
2025-11-14T14:22:22.104582,14:22:22,5608.14,5608.14,3
2025-11-14T14:22:34.543699,14:22:34,5610.23,5610.23,3
2025-11-14T14:22:47.325186,14:22:47,5744.69,5744.69,3
2025-11-14T14:22:59.719558,14:22:59,5646.51,5646.51,3
2025-11-14T14:23:12.097820,14:23:12,5629.06,5629.06,3
2025-11-14T14:23:24.585870,14:23:24,5710.67,5710.67,3
2025-11-14T14:23:36.583548,14:23:36,5775.9,5775.9,3
2025-11-14T14:23:48.686639,14:23:48,5799.36,5799.36,3
2025-11-14T14:24:01.224787,14:24:01,5790.25,5790.25,3
2025-11-14T14:24:13.565920,14:24:13,5782.52,5782.52,3
2025-11-14T14:24:25.807620,14:24:25,5683.54,5683.54,3
2025-11-14T14:24:38.308255,14:24:38,5735.01,5735.01,3
2025-11-14T14:24:50.453845,14:24:50,5737.64,5737.64,3
2025-11-14T14:25:02.653189,14:25:02,5807.9,5807.9,3
2025-11-14T14:25:15.054340,14:25:15,5868.02,5868.02,3
2025-11-14T14:25:27.597765,14:25:27,5960.71,5960.71,3
2025-11-14T14:25:39.784622,14:25:39,5941.57,5941.57,3
2025-11-14T14:25:55.003687,14:25:55,6009.01,6009.01,3
2025-11-14T14:26:07.270282,14:26:07,6040.95,6040.95,3
2025-11-14T14:26:19.694202,14:26:19,6002.13,6002.13,3
2025-11-14T14:26:32.245333,14:26:32,5930.35,5930.35,3
2025-11-14T14:26:44.511971,14:26:44,5880.8,5880.8,3
2025-11-14T14:26:56.877366,14:26:56,5921.11,5921.11,3
2025-11-14T14:27:09.347438,14:27:09,5861.16,5861.16,3
2025-11-14T14:27:21.660597,14:27:21,5931.77,5931.77,3
2025-11-14T14:27:34.509114,14:27:34,6031.16,6031.16,3
2025-11-14T14:27:47.306638,14:27:47,6070.55,6070.55,3
2025-11-14T14:28:00.278760,14:28:00,5998.06,5998.06,3
2025-11-14T14:28:13.325060,14:28:13,6132.6,6132.6,3
2025-11-14T14:28:25.973517,14:28:25,6260.7,6260.7,3
2025-11-14T14:28:38.381018,14:28:38,6264.4,6264.4,3
2025-11-14T14:28:50.939934,14:28:50,6086.48,6086.48,3
2025-11-14T14:29:03.422397,14:29:03,6079.47,6079.47,3
2025-11-14T14:29:16.082555,14:29:16,6060.04,6060.04,3
2025-11-14T14:29:29.160281,14:29:29,6118.26,6118.26,3
2025-11-14T14:29:41.671440,14:29:41,6183.86,6183.86,3
2025-11-14T14:29:53.822952,14:29:53,6074.77,6074.77,3
2025-11-14T14:30:05.971662,14:30:05,6088.5,6088.5,3
2025-11-14T14:30:18.172451,14:30:18,6101.79,6101.79,3
2025-11-14T14:30:30.495720,14:30:30,6128.29,6128.29,3
2025-11-14T14:30:42.964457,14:30:42,6165.62,6165.62,3
2025-11-14T14:30:57.698000,14:30:57,6263.97,6263.97,3
2025-11-14T14:31:09.892891,14:31:09,6194.39,6194.39,3
2025-11-14T14:31:22.046754,14:31:22,6128.41,6128.41,3
2025-11-14T14:31:33.961242,14:31:33,6028.31,6028.31,3
2025-11-14T14:31:46.334162,14:31:46,5942.46,5942.46,3
2025-11-14T14:31:58.438948,14:31:58,5985.66,5985.66,3
2025-11-14T14:32:10.686045,14:32:10,6096.35,6096.35,3
2025-11-14T14:32:22.770566,14:32:22,6178.1,6178.1,3
2025-11-14T14:32:35.145688,14:32:35,6184.56,6184.56,3
2025-11-14T14:32:47.407442,14:32:47,6156.12,6156.12,3
2025-11-14T14:32:59.947031,14:32:59,6357.39,6357.39,3
2025-11-14T14:33:12.619374,14:33:12,6350.32,6350.32,3
2025-11-14T14:33:25.195801,14:33:25,6485.83,6485.83,3
2025-11-14T14:33:37.540648,14:33:37,6402.98,6402.98,3
2025-11-14T14:33:49.958577,14:33:49,6368.05,6368.05,3
2025-11-14T14:34:02.513037,14:34:02,6395.38,6395.38,3
2025-11-14T14:34:14.615751,14:34:14,6304.41,6304.41,3
2025-11-14T14:34:26.941938,14:34:26,6226.36,6226.36,3
2025-11-14T14:34:39.054778,14:34:39,6161.87,6161.87,3
2025-11-14T14:34:51.139017,14:34:51,6290.62,6290.62,3
2025-11-14T14:35:03.784584,14:35:03,6387.78,6387.78,3
2025-11-14T14:35:15.943226,14:35:15,6402.79,6402.79,3
2025-11-14T14:35:28.000623,14:35:28,6538.31,6538.31,3
2025-11-14T14:35:40.399045,14:35:40,6578.42,6578.42,3
2025-11-14T14:35:52.651726,14:35:52,6535.11,6535.11,3
2025-11-14T14:36:04.715570,14:36:04,6526.49,6526.49,3
2025-11-14T14:36:16.874227,14:36:16,6506.04,6506.04,3
2025-11-14T14:36:28.921163,14:36:28,6495.55,6495.55,3
2025-11-14T14:36:41.083257,14:36:41,6471.92,6471.92,3
2025-11-14T14:36:53.245124,14:36:53,6502.2,6502.2,3
2025-11-14T14:37:05.598012,14:37:05,6451.24,6451.24,3
2025-11-14T14:37:18.016518,14:37:18,6440.12,6440.12,3
2025-11-14T14:37:30.499252,14:37:30,6277.68,6277.68,3
2025-11-14T14:37:42.666897,14:37:42,6237.55,6237.55,3
2025-11-14T14:37:55.083142,14:37:55,6132.4,6132.4,3
2025-11-14T14:38:07.694181,14:38:07,6054.33,6054.33,3
2025-11-14T14:38:19.990634,14:38:19,6052.91,6052.91,3
2025-11-14T14:38:32.373071,14:38:32,6043.88,6043.88,3
2025-11-14T14:38:44.592731,14:38:44,6251.33,6251.33,3
2025-11-14T14:38:57.092827,14:38:57,6404.19,6404.19,3
2025-11-14T14:39:09.254240,14:39:09,6422.61,6422.61,3
2025-11-14T14:39:21.921423,14:39:21,6414.24,6414.24,3
2025-11-14T14:39:35.762297,14:39:35,6402.03,6402.03,3
2025-11-14T14:39:47.887458,14:39:47,6440.81,6440.81,3
2025-11-14T14:40:00.111454,14:40:00,6421.61,6421.61,3
2025-11-14T14:40:12.307529,14:40:12,6279.3,6279.3,3
2025-11-14T14:40:24.445566,14:40:24,6219.83,6219.83,3
2025-11-14T14:40:36.737360,14:40:36,6123.9,6123.9,3
2025-11-14T14:40:48.957164,14:40:48,6127.62,6127.62,3
2025-11-14T14:41:01.821460,14:41:01,6164.22,6164.22,3
2025-11-14T14:41:14.186240,14:41:14,6323.22,6323.22,3
2025-11-14T14:41:26.507392,14:41:26,6256.34,6256.34,3
2025-11-14T14:41:38.831148,14:41:38,6314.23,6314.23,3
2025-11-14T14:41:51.461082,14:41:51,6357.07,6357.07,3
2025-11-14T14:42:03.683513,14:42:03,6341.8,6341.8,3
2025-11-14T14:42:16.286723,14:42:16,6396.62,6396.62,3
2025-11-14T14:42:28.223629,14:42:28,6406.38,6406.38,3
2025-11-14T14:42:40.396942,14:42:40,6419.26,6419.26,3
2025-11-14T14:42:52.738347,14:42:52,6490.55,6490.55,3
2025-11-14T14:43:05.403837,14:43:05,6598.85,6598.85,3
2025-11-14T14:43:18.089405,14:43:18,6566.14,6566.14,3
2025-11-14T14:43:30.217608,14:43:30,6262.4,6262.4,3
2025-11-14T14:43:42.306769,14:43:42,6151.69,6151.69,3
2025-11-14T14:43:55.070650,14:43:55,5998.87,5998.87,3
2025-11-14T14:44:07.299433,14:44:07,5924.83,5924.83,3
2025-11-14T14:44:20.337271,14:44:20,6168.22,6168.22,3
2025-11-14T14:44:32.736374,14:44:32,6102.57,6102.57,3
2025-11-14T14:44:45.250721,14:44:45,6126.17,6126.17,3
2025-11-14T14:44:57.825387,14:44:57,6175.7,6175.7,3
2025-11-14T14:45:10.373418,14:45:10,6200.81,6200.81,3
2025-11-14T14:45:22.858510,14:45:22,6107.44,6107.44,3
2025-11-14T14:45:35.206682,14:45:35,6082.66,6082.66,3
2025-11-14T14:45:47.491575,14:45:47,6082.99,6082.99,3
2025-11-14T14:45:59.679123,14:45:59,6112.45,6112.45,3
2025-11-14T14:46:12.062391,14:46:12,5959.31,5959.31,3
2025-11-14T14:46:24.275089,14:46:24,6068.12,6068.12,3
2025-11-14T14:46:36.569913,14:46:36,5947.17,5947.17,3
2025-11-14T14:46:49.130366,14:46:49,5939.72,5939.72,3
2025-11-14T14:47:01.351758,14:47:01,5944.08,5944.08,3
2025-11-14T14:47:13.415947,14:47:13,5783.01,5783.01,3
2025-11-14T14:47:25.654546,14:47:25,5922.49,5922.49,3
2025-11-14T14:47:38.302167,14:47:38,5911.05,5911.05,3
2025-11-14T14:47:50.591511,14:47:50,6043.02,6043.02,3
2025-11-14T14:48:02.985331,14:48:02,5926.21,5926.21,3
2025-11-14T14:48:15.297527,14:48:15,5932.66,5932.66,3
2025-11-14T14:48:27.763583,14:48:27,5851.69,5851.69,3
2025-11-14T14:48:40.309485,14:48:40,5781.82,5781.82,3
2025-11-14T14:48:52.372416,14:48:52,5743.41,5743.41,3
2025-11-14T14:49:04.679759,14:49:04,5661.29,5661.29,3
2025-11-14T14:49:16.860654,14:49:16,5652.64,5652.64,3
2025-11-14T14:49:28.767158,14:49:28,5554.28,5554.28,3
2025-11-14T14:49:41.071976,14:49:41,5494.82,5494.82,3
2025-11-14T14:49:53.330943,14:49:53,5411.69,5411.69,3
2025-11-14T14:50:05.510621,14:50:05,5579.81,5579.81,3
2025-11-14T14:50:17.927385,14:50:17,5463.86,5463.86,3
2025-11-14T14:50:30.113082,14:50:30,5551.87,5551.87,3
2025-11-14T14:50:42.414391,14:50:42,5517.65,5517.65,3
2025-11-14T14:50:54.774931,14:50:54,5512.36,5512.36,3
2025-11-14T14:51:07.221354,14:51:07,5569.61,5569.61,3
2025-11-14T14:51:19.364571,14:51:19,5670.78,5670.78,3
2025-11-14T14:51:31.588858,14:51:31,5624.13,5624.13,3
2025-11-14T14:51:44.051734,14:51:44,5592.99,5592.99,3
2025-11-14T14:51:56.167903,14:51:56,5632.88,5632.88,3
2025-11-14T14:52:08.330407,14:52:08,5661.79,5661.79,3
2025-11-14T14:52:20.576040,14:52:20,5740.5,5740.5,3
2025-11-14T14:52:33.093869,14:52:33,5767.02,5767.02,3
2025-11-14T14:52:45.549978,14:52:45,5907.73,5907.73,3
2025-11-14T14:52:57.759063,14:52:57,5841.32,5841.32,3
2025-11-14T14:53:09.875505,14:53:09,6020.52,6020.52,3
2025-11-14T14:53:22.297450,14:53:22,6071.66,6071.66,3
2025-11-14T14:53:35.180685,14:53:35,6045.07,6045.07,3
2025-11-14T14:53:47.431297,14:53:47,6044.96,6044.96,3
2025-11-14T14:53:59.697669,14:53:59,5999.58,5999.58,3
2025-11-14T14:54:12.055511,14:54:12,6069.38,6069.38,3
2025-11-14T14:54:24.248315,14:54:24,6196.31,6196.31,3
2025-11-14T14:54:36.489692,14:54:36,6307.12,6307.12,3
2025-11-14T14:54:48.775242,14:54:48,6324.76,6324.76,3
2025-11-14T14:55:01.330800,14:55:01,6262.41,6262.41,3
2025-11-14T14:55:13.628454,14:55:13,6251.99,6251.99,3
2025-11-14T14:55:26.141653,14:55:26,6234.28,6234.28,3
2025-11-14T14:55:38.456303,14:55:38,6124.47,6124.47,3
2025-11-14T14:55:50.555977,14:55:50,6090.12,6090.12,3
2025-11-14T14:56:03.082293,14:56:03,6089.58,6089.58,3
2025-11-14T14:56:15.279947,14:56:15,6083.79,6083.79,3
2025-11-14T14:56:27.439296,14:56:27,6105.17,6105.17,3
2025-11-14T14:56:39.764059,14:56:39,6091.52,6091.52,3
2025-11-14T14:56:51.923642,14:56:51,6054.34,6054.34,3
2025-11-14T14:57:04.539668,14:57:04,5870.71,5870.71,3
2025-11-14T14:57:16.740887,14:57:16,5892.16,5892.16,3
2025-11-14T14:57:29.192599,14:57:29,5774.82,5774.82,3
2025-11-14T14:57:41.803182,14:57:41,5737.78,5737.78,3
2025-11-14T14:57:54.206317,14:57:54,5693.59,5693.59,3
2025-11-14T14:58:06.793953,14:58:06,5644.94,5644.94,3
2025-11-14T14:58:19.053970,14:58:19,5617.0,5617.0,3
2025-11-14T14:58:31.758899,14:58:31,5632.85,5632.85,3
2025-11-14T14:58:44.146212,14:58:44,5707.09,5707.09,3
2025-11-14T14:58:56.543923,14:58:56,5746.85,5746.85,3
2025-11-14T14:59:09.049182,14:59:09,5719.88,5719.88,3
2025-11-14T14:59:21.099655,14:59:21,5751.07,5751.07,3
2025-11-14T14:59:33.279185,14:59:33,5644.08,5644.08,3
2025-11-14T14:59:45.435329,14:59:45,5530.29,5530.29,3
2025-11-14T14:59:57.645119,14:59:57,5569.52,5569.52,3
2025-11-14T15:00:09.924768,15:00:09,5586.8,5586.8,3
2025-11-14T15:00:22.244633,15:00:22,5679.22,5679.22,3
2025-11-14T15:00:34.499403,15:00:34,5539.25,5539.25,3
2025-11-14T15:00:46.828625,15:00:46,5531.14,5531.14,3
2025-11-14T15:00:59.153428,15:00:59,5524.38,5524.38,3
2025-11-14T15:01:11.440277,15:01:11,5423.26,5423.26,3
2025-11-14T15:01:23.837034,15:01:23,5548.38,5548.38,3
2025-11-14T15:01:36.084549,15:01:36,5494.56,5494.56,3
2025-11-14T15:01:48.198521,15:01:48,5421.16,5421.16,3
2025-11-14T15:02:00.409640,15:02:00,5462.82,5462.82,3
2025-11-14T15:02:12.552456,15:02:12,5413.55,5413.55,3
2025-11-14T15:02:24.730168,15:02:24,5469.46,5469.46,3
2025-11-14T15:02:37.150703,15:02:37,5381.4,5381.4,3
2025-11-14T15:02:50.237348,15:02:50,5359.67,5359.67,3
2025-11-14T15:03:02.639480,15:03:02,5291.81,5291.81,3
2025-11-14T15:03:14.858107,15:03:14,5388.59,5388.59,3
2025-11-14T15:03:27.165823,15:03:27,5367.03,5367.03,3
2025-11-14T15:03:39.367188,15:03:39,5288.6,5288.6,3
2025-11-14T15:03:51.508772,15:03:51,5269.66,5269.66,3
2025-11-14T15:04:03.947430,15:04:03,5124.61,5124.61,3
2025-11-14T15:04:15.910595,15:04:15,4806.64,4806.64,3
2025-11-14T15:04:27.908273,15:04:27,4779.74,4779.74,3
2025-11-14T15:04:40.667652,15:04:40,4669.22,4669.22,3
2025-11-14T15:04:52.789260,15:04:52,4677.98,4677.98,3
2025-11-14T15:05:04.862493,15:05:04,4967.49,4967.49,3
2025-11-14T15:05:16.965504,15:05:16,4952.77,4952.77,3
2025-11-14T15:05:29.154141,15:05:29,4728.81,4728.81,3
2025-11-14T15:05:41.333120,15:05:41,4756.89,4756.89,3
2025-11-14T15:05:53.724214,15:05:53,4955.41,4955.41,3
2025-11-14T15:06:06.055658,15:06:06,4982.51,4982.51,3
2025-11-14T15:06:18.293162,15:06:18,5180.23,5180.23,3
2025-11-14T15:06:30.615608,15:06:30,5136.19,5136.19,3
2025-11-14T15:06:42.668999,15:06:42,5300.56,5300.56,3
2025-11-14T15:06:54.558651,15:06:54,5340.35,5340.35,3
2025-11-14T15:07:06.982608,15:07:06,5196.92,5196.92,3
2025-11-14T15:07:19.247781,15:07:19,5068.51,5068.51,3
2025-11-14T15:07:31.747026,15:07:31,4964.03,4964.03,3
2025-11-14T15:07:44.251739,15:07:44,5028.1,5028.1,3
2025-11-14T15:07:56.551085,15:07:56,5008.87,5008.87,3
2025-11-14T15:08:08.732084,15:08:08,5012.16,5012.16,3
2025-11-14T15:08:20.999774,15:08:20,4932.66,4932.66,3
2025-11-14T15:08:33.207568,15:08:33,5056.29,5056.29,3
2025-11-14T15:08:45.551976,15:08:45,5127.24,5127.24,3
2025-11-14T15:09:00.773257,15:09:00,5176.33,5176.33,3
2025-11-14T15:09:13.083677,15:09:13,5231.34,5231.34,3
2025-11-14T15:09:25.215271,15:09:25,5444.75,5444.75,3
2025-11-14T15:09:37.664021,15:09:37,5402.1,5402.1,3
2025-11-14T15:09:49.880276,15:09:49,5282.0,5282.0,3
2025-11-14T15:10:02.083374,15:10:02,5339.45,5339.45,3
2025-11-14T15:10:14.521898,15:10:14,5456.83,5456.83,3
2025-11-14T15:10:27.040045,15:10:27,5460.14,5460.14,3
2025-11-14T15:10:39.206824,15:10:39,5442.87,5442.87,3
2025-11-14T15:10:51.103713,15:10:51,5544.44,5544.44,3
2025-11-14T15:11:03.585653,15:11:03,5578.93,5578.93,3
2025-11-14T15:11:15.858403,15:11:15,5608.81,5608.81,3
2025-11-14T15:11:28.125099,15:11:28,5605.89,5605.89,3
2025-11-14T15:11:40.316973,15:11:40,5656.52,5656.52,3
2025-11-14T15:11:52.843422,15:11:52,5717.24,5717.24,3
2025-11-14T15:12:05.138869,15:12:05,5661.34,5661.34,3
2025-11-14T15:12:17.631342,15:12:17,5631.75,5631.75,3
2025-11-14T15:12:29.808309,15:12:29,5555.89,5555.89,3
2025-11-14T15:12:41.999865,15:12:41,5535.97,5535.97,3
2025-11-14T15:12:54.366707,15:12:54,5588.19,5588.19,3
2025-11-14T15:13:06.829714,15:13:06,5624.61,5624.61,3
2025-11-14T15:13:19.288087,15:13:19,5635.39,5635.39,3
2025-11-14T15:13:31.908551,15:13:31,5654.69,5654.69,3
2025-11-14T15:13:44.066885,15:13:44,5629.77,5629.77,3
2025-11-14T15:13:56.493671,15:13:56,5625.15,5625.15,3
2025-11-14T15:14:09.060447,15:14:09,5645.36,5645.36,3
2025-11-14T15:14:22.086116,15:14:22,5601.78,5601.78,3
2025-11-14T15:14:34.293641,15:14:34,5629.9,5629.9,3
2025-11-14T15:14:46.337391,15:14:46,5642.1,5642.1,3
2025-11-14T15:14:59.032961,15:14:59,5649.9,5649.9,3
2025-11-14T15:15:11.228991,15:15:11,5738.91,5738.91,3
2025-11-14T15:15:23.406607,15:15:23,5707.73,5707.73,3
2025-11-14T15:15:35.730234,15:15:35,5734.12,5734.12,3
2025-11-14T15:15:47.980130,15:15:47,5713.66,5713.66,3
2025-11-14T15:16:00.315946,15:16:00,5678.01,5678.01,3
2025-11-14T15:16:12.845111,15:16:12,5551.88,5551.88,3
2025-11-14T15:16:25.032129,15:16:25,5528.3,5528.3,3
2025-11-14T15:16:37.738732,15:16:37,5631.55,5631.55,3
2025-11-14T15:16:50.324644,15:16:50,5607.99,5607.99,3
2025-11-14T15:17:02.625784,15:17:02,5550.08,5550.08,3
2025-11-14T15:17:15.063280,15:17:15,5233.35,5233.35,3
2025-11-14T15:17:27.243826,15:17:27,5137.86,5137.86,3
2025-11-14T15:17:40.142681,15:17:40,5153.52,5153.52,3
2025-11-14T15:17:52.511128,15:17:52,5231.72,5231.72,3
2025-11-14T15:18:04.964813,15:18:04,5081.4,5081.4,3
2025-11-14T15:18:17.560650,15:18:17,4972.09,4972.09,3
2025-11-14T15:18:29.779388,15:18:29,4948.71,4948.71,3
2025-11-14T15:18:41.912080,15:18:41,4963.08,4963.08,3
2025-11-14T15:18:54.035885,15:18:54,4889.04,4889.04,3
2025-11-14T15:19:09.321702,15:19:09,4790.77,4790.77,3
2025-11-14T15:19:21.737987,15:19:21,4818.19,4818.19,3
2025-11-14T15:19:33.993900,15:19:33,4767.68,4767.68,3
2025-11-14T15:19:46.368866,15:19:46,4846.5,4846.5,3
2025-11-14T15:19:59.141540,15:19:59,4927.87,4927.87,3
2025-11-14T15:20:11.377203,15:20:11,4850.74,4850.74,3
2025-11-14T15:20:23.951803,15:20:23,4870.11,4870.11,3
2025-11-14T15:20:36.341848,15:20:36,4914.62,4914.62,3
2025-11-14T15:20:48.801012,15:20:48,4934.96,4934.96,3
2025-11-14T15:21:01.260980,15:21:01,4949.22,4949.22,3
2025-11-14T15:21:13.397846,15:21:13,5005.6,5005.6,3
2025-11-14T15:21:25.685477,15:21:25,4993.95,4993.95,3
2025-11-14T15:21:37.824197,15:21:37,4944.4,4944.4,3
2025-11-14T15:21:49.972654,15:21:49,5038.59,5038.59,3
2025-11-14T15:22:02.293353,15:22:02,5095.16,5095.16,3
2025-11-14T15:22:14.541882,15:22:14,5077.12,5077.12,3
2025-11-14T15:22:26.929898,15:22:26,5131.73,5131.73,3
2025-11-14T15:22:39.227261,15:22:39,4946.49,4946.49,3
2025-11-14T15:22:51.576102,15:22:51,4835.3,4835.3,3
2025-11-14T15:23:03.967946,15:23:03,4929.48,4929.48,3
2025-11-14T15:23:16.000647,15:23:16,5023.31,5023.31,3
2025-11-14T15:23:28.145672,15:23:28,4950.1,4950.1,3
2025-11-14T15:23:40.130720,15:23:40,4955.01,4955.01,3
2025-11-14T15:23:52.414634,15:23:52,4919.88,4919.88,3
2025-11-14T15:24:04.655682,15:24:04,4943.91,4943.91,3
2025-11-14T15:24:17.002363,15:24:17,5051.75,5051.75,3
2025-11-14T15:24:29.227016,15:24:29,4957.21,4957.21,3
2025-11-14T15:24:41.414555,15:24:41,4814.78,4814.78,3
2025-11-14T15:24:53.815001,15:24:53,4876.12,4876.12,3
2025-11-14T15:25:06.033680,15:25:06,4899.33,4899.33,3
2025-11-14T15:25:18.301141,15:25:18,4962.16,4962.16,3
2025-11-14T15:25:30.540150,15:25:30,5062.7,5062.7,3
2025-11-14T15:25:43.088193,15:25:43,4996.14,4996.14,3
2025-11-14T15:25:55.527153,15:25:55,5050.7,5050.7,3
2025-11-14T15:26:07.547181,15:26:07,4993.82,4993.82,3
2025-11-14T15:26:20.179076,15:26:20,5057.34,5057.34,3
2025-11-14T15:26:32.205186,15:26:32,5016.07,5016.07,3
2025-11-14T15:26:44.539348,15:26:44,5007.77,5007.77,3
2025-11-14T15:26:56.817225,15:26:56,5018.4,5018.4,3
2025-11-14T15:27:09.094975,15:27:09,5046.72,5046.72,3
2025-11-14T15:27:21.704055,15:27:21,4995.39,4995.39,3
2025-11-14T15:27:33.905692,15:27:33,5035.63,5035.63,3
2025-11-14T15:27:46.818028,15:27:46,5015.17,5015.17,3
2025-11-14T15:27:59.159866,15:27:59,5023.93,5023.93,3
2025-11-14T15:28:11.511467,15:28:11,5017.4,5017.4,3
2025-11-14T15:28:24.103426,15:28:24,5023.24,5023.24,3
2025-11-14T15:28:36.352829,15:28:36,5049.52,5049.52,3
2025-11-14T15:28:48.836599,15:28:48,4985.76,4985.76,3
2025-11-14T15:29:01.131477,15:29:01,4989.28,4989.28,3
2025-11-14T15:29:13.389631,15:29:13,5069.64,5069.64,3
2025-11-14T15:29:25.513944,15:29:25,5063.47,5063.47,3
2025-11-14T15:29:37.975644,15:29:37,5006.93,5006.93,3
2025-11-14T15:29:50.440610,15:29:50,4980.11,4980.11,3
2025-11-14T15:30:02.980953,15:30:02,4975.39,4975.39,3
2025-11-14T15:30:15.353650,15:30:15,4945.0,4945.0,3
2025-11-14T15:30:27.545186,15:30:27,4962.08,4962.08,3
2025-11-14T15:30:39.983594,15:30:39,4995.84,4995.84,3
2025-11-14T15:30:52.350387,15:30:52,4967.52,4967.52,3
2025-11-14T15:31:04.846229,15:31:04,5006.18,5006.18,3
2025-11-14T15:31:17.017854,15:31:17,5094.22,5094.22,3
2025-11-14T15:31:29.309805,15:31:29,5082.2,5082.2,3
2025-11-14T15:31:41.634031,15:31:41,5029.92,5029.92,3
2025-11-14T15:31:53.796558,15:31:53,5072.48,5072.48,3
2025-11-14T15:32:05.922062,15:32:05,5049.62,5049.62,3
2025-11-14T15:32:18.351947,15:32:18,5030.93,5030.93,3
2025-11-14T15:32:30.588186,15:32:30,5080.6,5080.6,3
2025-11-14T15:32:43.188370,15:32:43,5041.3,5041.3,3
2025-11-14T15:32:55.660472,15:32:55,5070.51,5070.51,3
2025-11-14T15:33:08.330788,15:33:08,5161.14,5161.14,3
2025-11-14T15:33:20.784261,15:33:20,5018.43,5018.43,3
2025-11-14T15:33:33.376095,15:33:33,5005.54,5005.54,3
2025-11-14T15:33:45.700573,15:33:45,4958.15,4958.15,3
2025-11-14T15:33:58.038629,15:33:58,4919.36,4919.36,3
2025-11-14T15:34:10.277310,15:34:10,4653.74,4653.74,3
2025-11-14T15:34:23.077885,15:34:23,4677.07,4677.07,3
2025-11-14T15:34:35.925197,15:34:35,4687.24,4687.24,3
2025-11-14T15:34:48.644019,15:34:48,4761.65,4761.65,3
2025-11-14T15:35:00.965571,15:35:00,4701.0,4701.0,3
2025-11-14T15:35:13.258041,15:35:13,4917.89,4917.89,3
2025-11-14T15:35:25.534275,15:35:25,5029.51,5029.51,3
2025-11-14T15:35:38.396935,15:35:38,5111.98,5111.98,3
2025-11-14T15:35:50.338988,15:35:50,5076.33,5076.33,3
2025-11-14T15:36:02.315900,15:36:02,5041.64,5041.64,3
2025-11-14T15:36:14.324503,15:36:14,4966.78,4966.78,3
2025-11-14T15:36:26.924690,15:36:26,5058.98,5058.98,3
2025-11-14T15:36:43.607805,15:36:43,4945.2,4945.2,3
2025-11-14T15:36:56.027949,15:36:56,5018.71,5018.71,3
2025-11-14T15:37:08.374183,15:37:08,5098.52,5098.52,3
2025-11-14T15:37:20.548513,15:37:20,5097.34,5097.34,3
2025-11-14T15:37:32.744585,15:37:32,5125.64,5125.64,3
2025-11-14T15:37:44.854904,15:37:44,5059.63,5059.63,3
2025-11-14T15:37:57.227302,15:37:57,5088.56,5088.56,3
2025-11-14T15:38:09.271949,15:38:09,5192.04,5192.04,3
2025-11-14T15:38:21.514385,15:38:21,5268.11,5268.11,3
2025-11-14T15:38:34.062748,15:38:34,5338.32,5338.32,3
2025-11-14T15:38:46.232599,15:38:46,5163.08,5163.08,3
2025-11-14T15:38:58.448557,15:38:58,5170.2,5170.2,3
2025-11-14T15:39:10.616807,15:39:10,5240.39,5240.39,3
2025-11-14T15:39:26.028071,15:39:26,5286.75,5286.75,3
2025-11-14T15:39:38.181792,15:39:38,5385.83,5385.83,3
2025-11-14T15:39:50.187860,15:39:50,5388.2,5388.2,3
2025-11-14T15:40:02.557439,15:40:02,5411.66,5411.66,3
2025-11-14T15:40:14.763701,15:40:14,5378.94,5378.94,3
2025-11-14T15:40:27.006264,15:40:27,5396.49,5396.49,3
2025-11-14T15:40:39.368905,15:40:39,5361.52,5361.52,3
2025-11-14T15:40:51.639586,15:40:51,5308.25,5308.25,3
2025-11-14T15:41:04.293206,15:41:04,5307.86,5307.86,3
2025-11-14T15:41:16.393962,15:41:16,5388.52,5388.52,3
2025-11-14T15:41:28.580841,15:41:28,5347.9,5347.9,3
2025-11-14T15:41:40.921469,15:41:40,5306.4,5306.4,3
2025-11-14T15:41:53.612496,15:41:53,5200.96,5200.96,3
2025-11-14T15:42:05.706416,15:42:05,5206.1,5206.1,3
2025-11-14T15:42:18.138187,15:42:18,5247.01,5247.01,3
2025-11-14T15:42:30.520311,15:42:30,5299.93,5299.93,3
2025-11-14T15:42:42.827529,15:42:42,5306.58,5306.58,3
2025-11-14T15:42:55.084786,15:42:55,5303.71,5303.71,3
2025-11-14T15:43:07.863236,15:43:07,5257.51,5257.51,3
2025-11-14T15:43:20.483571,15:43:20,5220.34,5220.34,3
2025-11-14T15:43:32.551651,15:43:32,5179.37,5179.37,3
2025-11-14T15:43:44.618984,15:43:44,5199.62,5199.62,3
2025-11-14T15:43:56.838766,15:43:56,5203.47,5203.47,3
2025-11-14T15:44:09.430208,15:44:09,5228.47,5228.47,3
2025-11-14T15:44:21.570090,15:44:21,5191.18,5191.18,3
2025-11-14T15:44:33.786282,15:44:33,5227.61,5227.61,3
2025-11-14T15:44:46.123568,15:44:46,5235.81,5235.81,3
2025-11-14T15:44:58.438288,15:44:58,5252.16,5252.16,3
2025-11-14T15:45:10.516375,15:45:10,5240.87,5240.87,3
2025-11-14T15:45:22.650094,15:45:22,5163.47,5163.47,3
2025-11-14T15:45:35.023873,15:45:35,5212.72,5212.72,3
2025-11-14T15:45:46.907856,15:45:46,5241.75,5241.75,3
2025-11-14T15:45:59.091594,15:45:59,5311.86,5311.86,3
2025-11-14T15:46:11.410002,15:46:11,5356.6,5356.6,3
2025-11-14T15:46:23.541500,15:46:23,5344.46,5344.46,3
2025-11-14T15:46:35.576696,15:46:35,5204.43,5204.43,3
2025-11-14T15:46:47.602587,15:46:47,5225.21,5225.21,3
2025-11-14T15:46:59.868893,15:46:59,5266.55,5266.55,3
2025-11-14T15:47:12.090969,15:47:12,5216.37,5216.37,3
2025-11-14T15:47:24.361024,15:47:24,5273.12,5273.12,3
2025-11-14T15:47:36.532358,15:47:36,5355.67,5355.67,3
2025-11-14T15:47:48.755019,15:47:48,5405.49,5405.49,3
2025-11-14T15:48:01.036913,15:48:01,5331.05,5331.05,3
2025-11-14T15:48:13.254171,15:48:13,5270.22,5270.22,3
2025-11-14T15:48:25.314022,15:48:25,5233.79,5233.79,3
2025-11-14T15:48:37.882686,15:48:37,5225.19,5225.19,3
2025-11-14T15:48:50.363560,15:48:50,5245.67,5245.67,3
2025-11-14T15:49:02.670060,15:49:02,5249.9,5249.9,3
2025-11-14T15:49:14.797642,15:49:14,5234.69,5234.69,3
2025-11-14T15:49:27.054629,15:49:27,5347.32,5347.32,3
2025-11-14T15:49:39.233557,15:49:39,5387.4,5387.4,3
2025-11-14T15:49:51.352714,15:49:51,5395.77,5395.77,3
2025-11-14T15:50:03.883034,15:50:03,5463.89,5463.89,3
2025-11-14T15:50:16.136960,15:50:16,5445.68,5445.68,3
2025-11-14T15:50:28.586668,15:50:28,5546.69,5546.69,3
2025-11-14T15:50:40.793641,15:50:40,5589.47,5589.47,3
2025-11-14T15:50:53.267463,15:50:53,5593.59,5593.59,3
2025-11-14T15:51:05.690880,15:51:05,5520.73,5520.73,3
2025-11-14T15:51:18.017315,15:51:18,5442.39,5442.39,3
2025-11-14T15:51:30.132190,15:51:30,5492.1,5492.1,3
2025-11-14T15:51:42.541309,15:51:42,5456.5,5456.5,3
2025-11-14T15:51:54.478410,15:51:54,5533.46,5533.46,3
2025-11-14T15:52:06.716890,15:52:06,5626.62,5626.62,3
2025-11-14T15:52:18.821556,15:52:18,5635.51,5635.51,3
2025-11-14T15:52:31.470455,15:52:31,5578.53,5578.53,3
2025-11-14T15:52:44.231797,15:52:44,5529.78,5529.78,3
2025-11-14T15:52:56.273834,15:52:56,5544.33,5544.33,3
2025-11-14T15:53:08.632692,15:53:08,5523.45,5523.45,3
2025-11-14T15:53:20.805679,15:53:20,5548.68,5548.68,3
2025-11-14T15:53:33.251105,15:53:33,5516.1,5516.1,3
2025-11-14T15:53:45.353635,15:53:45,5496.72,5496.72,3
2025-11-14T15:53:57.574457,15:53:57,5442.35,5442.35,3
2025-11-14T15:54:09.586624,15:54:09,5406.53,5406.53,3
2025-11-14T15:54:21.689152,15:54:21,5432.67,5432.67,3
2025-11-14T15:54:33.835116,15:54:33,5456.93,5456.93,3
2025-11-14T15:54:45.890959,15:54:45,5348.57,5348.57,3
2025-11-14T15:54:57.995039,15:54:57,5372.81,5372.81,3
2025-11-14T15:55:10.376978,15:55:10,5395.7,5395.7,3
2025-11-14T15:55:22.420254,15:55:22,5405.82,5405.82,3
2025-11-14T15:55:34.669591,15:55:34,5488.97,5488.97,3
2025-11-14T15:55:46.985687,15:55:46,5488.58,5488.58,3
2025-11-14T15:55:59.153051,15:55:59,5490.46,5490.46,3
2025-11-14T15:56:11.244026,15:56:11,5482.76,5482.76,3
2025-11-14T15:56:23.645464,15:56:23,5481.84,5481.84,3
2025-11-14T15:56:35.898973,15:56:35,5497.84,5497.84,3
2025-11-14T15:56:47.974195,15:56:47,5512.4,5512.4,3
2025-11-14T15:57:00.708683,15:57:00,5527.89,5527.89,3
2025-11-14T15:57:15.322009,15:57:15,5527.08,5527.08,3
2025-11-14T15:57:27.827083,15:57:27,5544.85,5544.85,3
2025-11-14T15:57:40.004646,15:57:40,5524.21,5524.21,3
2025-11-14T15:57:52.601584,15:57:52,5529.09,5529.09,3
2025-11-14T15:58:04.979920,15:58:04,5495.15,5495.15,3
2025-11-14T15:58:17.522906,15:58:17,5482.2,5482.2,3
2025-11-14T15:58:29.516042,15:58:29,5342.84,5342.84,3
2025-11-14T15:58:41.856320,15:58:41,5338.19,5338.19,3
2025-11-14T15:58:54.009347,15:58:54,5318.67,5318.67,3
2025-11-14T15:59:06.114690,15:59:06,5323.29,5323.29,3
2025-11-14T15:59:18.448871,15:59:18,5321.1,5321.1,3
2025-11-14T15:59:30.614230,15:59:30,5420.64,5420.64,3
2025-11-14T15:59:42.930726,15:59:42,5449.3,5449.3,3
2025-11-14T15:59:55.625340,15:59:55,5394.61,5394.61,3
2025-11-14T16:00:08.165008,16:00:08,5370.43,5370.43,3
2025-11-14T16:00:20.332662,16:00:20,5392.85,5392.85,3
2025-11-14T16:00:32.685704,16:00:32,5421.85,5421.85,3
2025-11-14T16:00:45.272559,16:00:45,5416.8,5416.8,3
2025-11-14T16:00:57.841068,16:00:57,5408.95,5408.95,3
2025-11-14T16:01:09.978473,16:01:09,5306.77,5306.77,3
2025-11-14T16:01:22.329660,16:01:22,5225.96,5225.96,3
2025-11-14T16:01:34.694797,16:01:34,5260.0,5260.0,3
2025-11-14T16:01:47.059655,16:01:47,5253.9,5253.9,3
2025-11-14T16:01:59.468637,16:01:59,5368.82,5368.82,3
2025-11-14T16:02:14.139067,16:02:14,5371.87,5371.87,3
2025-11-14T16:02:26.556475,16:02:26,5362.48,5362.48,3
2025-11-14T16:02:38.829773,16:02:38,5285.28,5285.28,3
2025-11-14T16:02:51.267096,16:02:51,5324.11,5324.11,3
2025-11-14T16:03:03.693202,16:03:03,5303.9,5303.9,3
2025-11-14T16:03:15.786812,16:03:15,5272.91,5272.91,3
2025-11-14T16:03:28.028973,16:03:28,5304.34,5304.34,3
2025-11-14T16:03:40.187577,16:03:40,5375.52,5375.52,3
2025-11-14T16:03:52.370047,16:03:52,5378.61,5378.61,3
2025-11-14T16:04:04.518225,16:04:04,5384.88,5384.88,3
2025-11-14T16:04:16.849187,16:04:16,5331.26,5331.26,3
2025-11-14T16:04:29.377432,16:04:29,5355.55,5355.55,3
2025-11-14T16:04:41.552686,16:04:41,5437.79,5437.79,3
2025-11-14T16:04:56.257296,16:04:56,5763.63,5763.63,3
2025-11-14T16:05:08.534852,16:05:08,5545.48,5545.48,3
2025-11-14T16:05:20.717153,16:05:20,5572.18,5572.18,3
2025-11-14T16:05:32.689315,16:05:32,5642.85,5642.85,3
2025-11-14T16:05:44.843836,16:05:44,5628.69,5628.69,3
2025-11-14T16:05:56.969027,16:05:56,5639.08,5639.08,3
2025-11-14T16:06:08.978301,16:06:08,5665.9,5665.9,3
2025-11-14T16:06:21.139855,16:06:21,5613.64,5613.64,3
2025-11-14T16:06:33.114818,16:06:33,5480.18,5480.18,3
2025-11-14T16:06:45.337840,16:06:45,5560.71,5560.71,3
2025-11-14T16:06:57.329356,16:06:57,5880.24,5880.24,3
2025-11-14T16:07:09.540108,16:07:09,5891.18,5891.18,3
2025-11-14T16:07:21.660910,16:07:21,5941.57,5941.57,3
2025-11-14T16:07:33.721665,16:07:33,6068.82,6068.82,3
2025-11-14T16:07:46.195810,16:07:46,6034.85,6034.85,3
2025-11-14T16:07:58.353118,16:07:58,6079.69,6079.69,3
2025-11-14T16:08:10.482992,16:08:10,6028.37,6028.37,3
2025-11-14T16:08:22.906816,16:08:22,5927.65,5927.65,3
2025-11-14T16:08:34.933127,16:08:34,5934.79,5934.79,3
2025-11-14T16:08:46.943063,16:08:46,5942.45,5942.45,3
2025-11-14T16:08:59.322139,16:08:59,5956.7,5956.7,3
2025-11-14T16:09:11.634081,16:09:11,6033.45,6033.45,3
2025-11-14T16:09:23.949461,16:09:23,5929.98,5929.98,3
2025-11-14T16:09:36.178203,16:09:36,5941.75,5941.75,3
2025-11-14T16:09:51.251889,16:09:51,5957.81,5957.81,3
2025-11-14T16:10:03.921435,16:10:03,5942.66,5942.66,3
2025-11-14T16:10:16.198160,16:10:16,5890.67,5890.67,3
2025-11-14T16:10:28.293304,16:10:28,5859.39,5859.39,3
2025-11-14T16:10:40.529566,16:10:40,5825.63,5825.63,3
2025-11-14T16:10:53.023863,16:10:53,5832.73,5832.73,3
2025-11-14T16:11:05.254332,16:11:05,5869.3,5869.3,3
2025-11-14T16:11:18.104228,16:11:18,5823.84,5823.84,3
2025-11-14T16:11:30.213834,16:11:30,5887.85,5887.85,3
2025-11-14T16:11:42.494954,16:11:42,5821.2,5821.2,3
2025-11-14T16:11:54.673226,16:11:54,5820.23,5820.23,3
2025-11-14T16:12:07.131869,16:12:07,5839.9,5839.9,3
2025-11-14T16:12:19.419019,16:12:19,5867.24,5867.24,3
2025-11-14T16:12:31.644800,16:12:31,5907.98,5907.98,3
2025-11-14T16:12:43.885660,16:12:43,5884.23,5884.23,3
2025-11-14T16:12:56.094480,16:12:56,5946.95,5946.95,3
2025-11-14T16:13:08.341555,16:13:08,5876.93,5876.93,3
2025-11-14T16:13:20.442857,16:13:20,5840.32,5840.32,3
2025-11-14T16:13:32.695139,16:13:32,5735.32,5735.32,3
2025-11-14T16:13:45.203226,16:13:45,5743.81,5743.81,3
2025-11-14T16:13:57.631543,16:13:57,5751.48,5751.48,3
2025-11-14T16:14:09.858134,16:14:09,5892.78,5892.78,3
2025-11-14T16:14:22.115775,16:14:22,5848.92,5848.92,3
2025-11-14T16:14:34.255244,16:14:34,5889.88,5889.88,3
2025-11-14T16:14:46.333631,16:14:46,5899.98,5899.98,3
2025-11-14T16:14:58.549908,16:14:58,5908.7,5908.7,3
2025-11-14T16:15:10.544548,16:15:10,5914.04,5914.04,3
2025-11-14T16:15:22.864981,16:15:22,5842.69,5842.69,3
2025-11-14T16:15:35.058816,16:15:35,5860.64,5860.64,3
2025-11-14T16:15:47.708452,16:15:47,5882.74,5882.74,3
2025-11-14T16:15:59.843300,16:15:59,5883.75,5883.75,3
2025-11-14T16:16:12.121672,16:16:12,5850.34,5850.34,3
2025-11-14T16:16:25.027022,16:16:25,5844.42,5844.42,3
2025-11-14T16:16:37.523331,16:16:37,5794.19,5794.19,3
2025-11-14T16:16:49.974403,16:16:49,5776.72,5776.72,3
2025-11-14T16:17:02.790677,16:17:02,5804.22,5804.22,3
2025-11-14T16:17:15.175679,16:17:15,5889.0,5889.0,3
2025-11-14T16:17:27.506412,16:17:27,5898.27,5898.27,3
2025-11-14T16:17:39.712431,16:17:39,5840.31,5840.31,3
2025-11-14T16:17:52.089039,16:17:52,5858.05,5858.05,3
2025-11-14T16:18:04.153475,16:18:04,5890.19,5890.19,3
2025-11-14T16:18:16.455344,16:18:16,5822.72,5822.72,3
2025-11-14T16:18:28.692760,16:18:28,5701.48,5701.48,3
2025-11-14T16:18:41.119488,16:18:41,5735.79,5735.79,3
2025-11-14T16:18:53.358422,16:18:53,5760.14,5760.14,3
2025-11-14T16:19:05.874909,16:19:05,5752.65,5752.65,3
2025-11-14T16:19:18.477651,16:19:18,5826.53,5826.53,3
2025-11-14T16:19:30.821057,16:19:30,5782.52,5782.52,3
2025-11-14T16:19:43.224160,16:19:43,5795.0,5795.0,3
2025-11-14T16:19:55.614897,16:19:55,5727.33,5727.33,3
2025-11-14T16:20:07.929706,16:20:07,5827.48,5827.48,3
2025-11-14T16:20:20.593637,16:20:20,5781.59,5781.59,3
2025-11-14T16:20:33.111685,16:20:33,5795.27,5795.27,3
2025-11-14T16:20:45.397136,16:20:45,5869.23,5869.23,3
2025-11-14T16:20:57.701859,16:20:57,5826.01,5826.01,3
2025-11-14T16:21:10.067748,16:21:10,5731.19,5731.19,3
2025-11-14T16:21:25.135474,16:21:25,5709.83,5709.83,3
2025-11-14T16:21:37.780144,16:21:37,5658.56,5658.56,3
2025-11-14T16:21:50.032866,16:21:50,5663.38,5663.38,3
2025-11-14T16:22:02.432915,16:22:02,5663.91,5663.91,3
2025-11-14T16:22:14.847610,16:22:14,5589.19,5589.19,3
2025-11-14T16:22:27.090017,16:22:27,5678.22,5678.22,3
2025-11-14T16:22:39.309897,16:22:39,5675.09,5675.09,3
2025-11-14T16:22:51.241880,16:22:51,5658.72,5658.72,3
2025-11-14T16:23:03.634592,16:23:03,5638.38,5638.38,3
2025-11-14T16:23:15.853665,16:23:15,5624.93,5624.93,3
2025-11-14T16:23:28.449255,16:23:28,5677.13,5677.13,3
2025-11-14T16:23:40.932870,16:23:40,5588.76,5588.76,3
2025-11-14T16:23:53.268366,16:23:53,5588.45,5588.45,3
2025-11-14T16:24:05.682518,16:24:05,5670.08,5670.08,3
2025-11-14T16:24:18.418932,16:24:18,5656.05,5656.05,3
2025-11-14T16:24:30.560459,16:24:30,5643.3,5643.3,3
2025-11-14T16:24:42.897984,16:24:42,5585.35,5585.35,3
2025-11-14T16:24:55.111328,16:24:55,5480.68,5480.68,3
2025-11-14T16:25:07.648114,16:25:07,5389.14,5389.14,3
2025-11-14T16:25:20.094757,16:25:20,5282.87,5282.87,3
2025-11-14T16:25:32.499377,16:25:32,5276.77,5276.77,3
2025-11-14T16:25:44.710081,16:25:44,5285.39,5285.39,3
2025-11-14T16:25:56.918509,16:25:56,5235.14,5235.14,3
2025-11-14T16:26:09.232159,16:26:09,5232.33,5232.33,3
2025-11-14T16:26:21.947200,16:26:21,5109.73,5109.73,3
2025-11-14T16:26:33.983850,16:26:33,5150.12,5150.12,3
2025-11-14T16:26:46.534206,16:26:46,5152.5,5152.5,3
2025-11-14T16:26:58.997430,16:26:58,5180.52,5180.52,3
2025-11-14T16:27:11.440262,16:27:11,4842.95,4842.95,3
2025-11-14T16:27:24.389633,16:27:24,4860.71,4860.71,3
2025-11-14T16:27:37.134117,16:27:37,4851.72,4851.72,3
2025-11-14T16:27:50.781077,16:27:50,4773.48,4773.48,3
2025-11-14T16:28:03.702900,16:28:03,4760.84,4760.84,3
2025-11-14T16:28:16.552659,16:28:16,4842.39,4842.39,3
2025-11-14T16:28:28.790245,16:28:28,4986.71,4986.71,3
2025-11-14T16:28:41.154572,16:28:41,4632.04,4632.04,3
2025-11-14T16:28:53.410480,16:28:53,4656.11,4656.11,3
2025-11-14T16:29:06.121302,16:29:06,4660.5,4660.5,3
2025-11-14T16:29:18.644371,16:29:18,4787.96,4787.96,3
2025-11-14T16:29:31.011742,16:29:31,4801.03,4801.03,3
2025-11-14T16:29:43.866276,16:29:43,4833.26,4833.26,3
2025-11-14T16:29:56.465795,16:29:56,4837.1,4837.1,3
2025-11-14T16:30:08.794317,16:30:08,4682.77,4682.77,3
2025-11-14T16:30:21.113851,16:30:21,4649.66,4649.66,3
2025-11-14T16:30:33.916160,16:30:33,4684.29,4684.29,3
2025-11-14T16:30:46.140241,16:30:46,4780.12,4780.12,3
2025-11-14T16:30:58.535086,16:30:58,4699.91,4699.91,3
2025-11-14T16:31:11.567077,16:31:11,4797.07,4797.07,3
2025-11-14T16:31:24.439426,16:31:24,4899.66,4899.66,3
2025-11-14T16:31:36.778688,16:31:36,4877.53,4877.53,3
2025-11-14T16:31:49.333791,16:31:49,4828.1,4828.1,3
2025-11-14T16:32:01.534017,16:32:01,4768.91,4768.91,3
2025-11-14T16:32:14.187296,16:32:14,4721.67,4721.67,3
2025-11-14T16:32:26.770885,16:32:26,4762.94,4762.94,3
2025-11-14T16:32:38.957775,16:32:38,4748.8,4748.8,3
2025-11-14T16:32:51.095343,16:32:51,4763.26,4763.26,3
2025-11-14T16:33:03.768286,16:33:03,4734.6,4734.6,3
2025-11-14T16:33:16.017807,16:33:16,4742.34,4742.34,3
2025-11-14T16:33:28.837413,16:33:28,4742.12,4742.12,3
2025-11-14T16:33:41.655687,16:33:41,4812.75,4812.75,3
2025-11-14T16:33:54.507352,16:33:54,4855.0,4855.0,3
2025-11-14T16:34:08.467997,16:34:08,4846.86,4846.86,3
2025-11-14T16:34:20.796252,16:34:20,4934.54,4934.54,3
2025-11-14T16:34:33.037639,16:34:33,5028.89,5028.89,3
2025-11-14T16:34:45.815318,16:34:45,5118.83,5118.83,3
2025-11-14T16:34:58.605366,16:34:58,5115.76,5115.76,3
2025-11-14T16:35:11.462026,16:35:11,5040.65,5040.65,3
2025-11-14T16:35:24.158494,16:35:24,4978.81,4978.81,3
2025-11-14T16:35:36.949196,16:35:36,5044.0,5044.0,3
2025-11-14T16:35:49.773379,16:35:49,5140.68,5140.68,3
2025-11-14T16:36:01.999152,16:36:01,5172.4,5172.4,3
2025-11-14T16:36:14.303515,16:36:14,5173.54,5173.54,3
2025-11-14T16:36:26.712494,16:36:26,5119.57,5119.57,3
2025-11-14T16:36:39.730944,16:36:39,4963.37,4963.37,3
2025-11-14T16:36:52.310593,16:36:52,4982.7,4982.7,3
2025-11-14T16:37:05.065650,16:37:05,5022.86,5022.86,3
2025-11-14T16:37:17.378807,16:37:17,5079.81,5079.81,3
2025-11-14T16:37:30.227950,16:37:30,5013.59,5013.59,3
2025-11-14T16:37:42.570303,16:37:42,4861.51,4861.51,3
2025-11-14T16:37:55.104381,16:37:55,4755.74,4755.74,3
2025-11-14T16:38:07.191306,16:38:07,4726.05,4726.05,3
2025-11-14T16:38:19.353045,16:38:19,4609.24,4609.24,3
2025-11-14T16:38:31.818879,16:38:31,4670.54,4670.54,3
2025-11-14T16:38:43.984498,16:38:43,4620.74,4620.74,3
2025-11-14T16:38:56.213586,16:38:56,4673.4,4673.4,3
2025-11-14T16:39:08.354224,16:39:08,4684.2,4684.2,3
2025-11-14T16:39:21.304192,16:39:21,4607.3,4607.3,3
2025-11-14T16:39:33.557209,16:39:33,4616.14,4616.14,3
2025-11-14T16:39:46.513505,16:39:46,4651.89,4651.89,3
2025-11-14T16:39:59.285612,16:39:59,4713.99,4713.99,3
2025-11-14T16:40:12.205142,16:40:12,4675.83,4675.83,3
2025-11-14T16:40:24.794299,16:40:24,4714.58,4714.58,3
2025-11-14T16:40:37.754037,16:40:37,4717.85,4717.85,3
2025-11-14T16:40:50.251195,16:40:50,4605.88,4605.88,3
2025-11-14T16:41:02.707149,16:41:02,4673.59,4673.59,3
2025-11-14T16:41:15.058523,16:41:15,4677.16,4677.16,3
2025-11-14T16:41:27.095266,16:41:27,4662.12,4662.12,3
2025-11-14T16:41:41.782389,16:41:41,4719.96,4719.96,3
2025-11-14T16:41:54.184516,16:41:54,4719.78,4719.78,3
2025-11-14T16:42:06.727489,16:42:06,4682.15,4682.15,3
2025-11-14T16:42:19.582595,16:42:19,4681.05,4681.05,3
2025-11-14T16:42:32.193328,16:42:32,4658.5,4658.5,3
2025-11-14T16:42:44.309969,16:42:44,4604.15,4604.15,3
2025-11-14T16:42:56.498241,16:42:56,4549.03,4549.03,3
2025-11-14T16:43:08.638571,16:43:08,4625.03,4625.03,3
2025-11-14T16:43:21.425030,16:43:21,4632.79,4632.79,3
2025-11-14T16:43:33.516900,16:43:33,4645.52,4645.52,3
2025-11-14T16:43:46.388204,16:43:46,4585.07,4585.07,3
2025-11-14T16:43:58.833793,16:43:58,4545.41,4545.41,3
2025-11-14T16:44:11.386835,16:44:11,4520.03,4520.03,3
2025-11-14T16:44:24.474156,16:44:24,4598.25,4598.25,3
2025-11-14T16:44:37.241066,16:44:37,4624.59,4624.59,3
2025-11-14T16:44:50.150471,16:44:50,4638.29,4638.29,3
2025-11-14T16:45:02.591641,16:45:02,4697.28,4697.28,3
2025-11-14T16:45:15.102230,16:45:15,4644.95,4644.95,3
2025-11-14T16:45:27.263901,16:45:27,4691.33,4691.33,3
2025-11-14T16:45:39.692620,16:45:39,4614.21,4614.21,3
2025-11-14T16:45:51.950143,16:45:51,4559.95,4559.95,3
2025-11-14T16:46:04.255788,16:46:04,4671.95,4671.95,3
2025-11-14T16:46:17.084381,16:46:17,4653.0,4653.0,3
2025-11-14T16:46:29.670051,16:46:29,4795.55,4795.55,3
2025-11-14T16:46:42.128837,16:46:42,4653.89,4653.89,3
2025-11-14T16:46:54.604165,16:46:54,4667.8,4667.8,3
2025-11-14T16:47:07.145760,16:47:07,4551.89,4551.89,3
2025-11-14T16:47:19.609001,16:47:19,4501.51,4501.51,3
2025-11-14T16:47:31.875412,16:47:31,4468.41,4468.41,3
2025-11-14T16:47:44.377516,16:47:44,4388.48,4388.48,3
2025-11-14T16:47:57.007258,16:47:57,4374.04,4374.04,3
2025-11-14T16:48:09.685806,16:48:09,4406.38,4406.38,3
2025-11-14T16:48:21.780114,16:48:21,4367.52,4367.52,3
2025-11-14T16:48:34.521242,16:48:34,4281.6,4281.6,3
2025-11-14T16:48:47.325170,16:48:47,4119.98,4119.98,3
2025-11-14T16:48:59.608019,16:48:59,3926.18,3926.18,3
2025-11-14T16:49:11.773333,16:49:11,4073.48,4073.48,3
2025-11-14T16:49:24.138524,16:49:24,3930.6,3930.6,3
2025-11-14T16:49:36.580733,16:49:36,3796.88,3796.88,3
2025-11-14T16:49:49.005292,16:49:49,3834.96,3834.96,3
2025-11-14T16:50:01.205060,16:50:01,3923.29,3923.29,3
2025-11-14T16:50:14.058397,16:50:14,4139.87,4139.87,3
2025-11-14T16:50:26.531850,16:50:26,3929.59,3929.59,3
2025-11-14T16:50:42.224303,16:50:42,3813.52,3813.52,3
2025-11-14T16:50:54.414174,16:50:54,3962.5,3962.5,3
2025-11-14T16:51:06.812025,16:51:06,3905.07,3905.07,3
2025-11-14T16:51:18.698455,16:51:18,3757.09,3757.09,3
2025-11-14T16:51:31.000040,16:51:31,3733.42,3733.42,3
2025-11-14T16:51:43.454114,16:51:43,3764.0,3764.0,3
2025-11-14T16:51:56.257519,16:51:56,3775.83,3775.83,3
2025-11-14T16:52:08.528958,16:52:08,3707.12,3707.12,3
2025-11-14T16:52:21.217505,16:52:21,3749.88,3749.88,3
2025-11-14T16:52:33.755369,16:52:33,3861.26,3861.26,3
2025-11-14T16:52:46.278048,16:52:46,4052.8,4052.8,3
2025-11-14T16:52:58.494403,16:52:58,4172.11,4172.11,3
2025-11-14T16:53:11.146240,16:53:11,3984.12,3984.12,3
2025-11-14T16:53:23.457769,16:53:23,4087.71,4087.71,3
2025-11-14T16:53:35.501121,16:53:35,4155.17,4155.17,3
2025-11-14T16:53:47.690622,16:53:47,4071.86,4071.86,3
2025-11-14T16:54:00.011168,16:54:00,4134.24,4134.24,3
2025-11-14T16:54:12.649128,16:54:12,4226.85,4226.85,3
2025-11-14T16:54:25.438671,16:54:25,4307.93,4307.93,3
2025-11-14T16:54:38.349451,16:54:38,4388.39,4388.39,3
2025-11-14T16:54:51.058350,16:54:51,4337.54,4337.54,3
2025-11-14T16:55:03.540998,16:55:03,4499.71,4499.71,3
2025-11-14T16:55:15.995768,16:55:15,4463.15,4463.15,3
2025-11-14T16:55:28.635958,16:55:28,4585.3,4585.3,3
2025-11-14T16:55:40.822094,16:55:40,4576.65,4576.65,3
2025-11-14T16:55:53.311435,16:55:53,4543.54,4543.54,3
2025-11-14T16:56:05.670125,16:56:05,4653.58,4653.58,3
2025-11-14T16:56:17.778503,16:56:17,4579.84,4579.84,3
2025-11-14T16:56:30.322922,16:56:30,4470.51,4470.51,3
2025-11-14T16:56:42.827806,16:56:42,4394.5,4394.5,3
2025-11-14T16:56:55.749777,16:56:55,4410.79,4410.79,3
2025-11-14T16:57:08.518937,16:57:08,4261.58,4261.58,3
2025-11-14T16:57:20.862435,16:57:20,4167.88,4167.88,3
2025-11-14T16:57:33.386948,16:57:33,4209.42,4209.42,3
2025-11-14T16:57:46.013811,16:57:46,4278.44,4278.44,3
2025-11-14T16:57:58.161892,16:57:58,4415.15,4415.15,3
2025-11-14T16:58:10.423227,16:58:10,3989.21,3989.21,3
2025-11-14T16:58:22.525756,16:58:22,3859.17,3859.17,3
2025-11-14T16:58:35.410737,16:58:35,3842.3,3842.3,3
2025-11-14T16:58:48.329475,16:58:48,3729.4,3729.4,3
2025-11-14T16:59:00.958920,16:59:00,3861.45,3861.45,3
2025-11-14T16:59:13.416416,16:59:13,3906.57,3906.57,3
2025-11-14T16:59:26.366398,16:59:26,3944.53,3944.53,3
2025-11-14T16:59:38.534033,16:59:38,3995.21,3995.21,3
2025-11-14T16:59:50.624722,16:59:50,4003.66,4003.66,3
2025-11-14T17:00:03.254114,17:00:03,4009.12,4009.12,3
2025-11-14T17:00:15.642579,17:00:15,4111.99,4111.99,3
2025-11-14T17:00:28.445289,17:00:28,3909.21,3909.21,3
2025-11-14T17:00:40.754381,17:00:40,3906.74,3906.74,3
2025-11-14T17:00:53.321279,17:00:53,3684.63,3684.63,3
2025-11-14T17:01:06.428985,17:01:06,3563.18,3563.18,3
2025-11-14T17:01:18.623917,17:01:18,3636.6,3636.6,3
2025-11-14T17:01:30.870952,17:01:30,3721.06,3721.06,3
2025-11-14T17:01:42.864865,17:01:42,3669.87,3669.87,3
2025-11-14T17:01:55.424967,17:01:55,3711.11,3711.11,3
2025-11-14T17:02:08.328043,17:02:08,3634.16,3634.16,3
2025-11-14T17:02:20.500414,17:02:20,3465.59,3465.59,3
2025-11-14T17:02:32.692735,17:02:32,3438.32,3438.32,3
2025-11-14T17:02:45.351960,17:02:45,3352.92,3352.92,3
2025-11-14T17:02:57.739759,17:02:57,3246.63,3246.63,3
2025-11-14T17:03:09.959577,17:03:09,3239.75,3239.75,3
2025-11-14T17:03:22.632855,17:03:22,3208.67,3208.67,3
2025-11-14T17:03:34.736503,17:03:34,3029.03,3029.03,3
2025-11-14T17:03:47.716932,17:03:47,3301.27,3301.27,3
2025-11-14T17:04:00.415047,17:04:00,3481.2,3481.2,3
2025-11-14T17:04:12.722324,17:04:12,3443.01,3443.01,3
2025-11-14T17:04:25.385836,17:04:25,3461.12,3461.12,3
2025-11-14T17:04:38.254886,17:04:38,3431.04,3431.04,3
2025-11-14T17:04:50.641991,17:04:50,3428.19,3428.19,3
2025-11-14T17:05:03.326652,17:05:03,3331.34,3331.34,3
2025-11-14T17:05:16.495179,17:05:16,3245.61,3245.61,3
2025-11-14T17:05:29.288639,17:05:29,3066.2,3066.2,3
2025-11-14T17:05:42.136287,17:05:42,2902.93,2902.93,3
2025-11-14T17:05:54.712186,17:05:54,2889.17,2889.17,3
2025-11-14T17:06:06.781436,17:06:06,2837.11,2837.11,3
2025-11-14T17:06:19.018296,17:06:19,2728.34,2728.34,3
2025-11-14T17:06:31.186968,17:06:31,2686.67,2686.67,3
2025-11-14T17:06:43.502677,17:06:43,2892.05,2892.05,3
2025-11-14T17:06:56.541882,17:06:56,2846.13,2846.13,3
2025-11-14T17:07:09.164941,17:07:09,2955.69,2955.69,3
2025-11-14T17:07:21.315377,17:07:21,2962.1,2962.1,3
2025-11-14T17:07:33.933088,17:07:33,2874.5,2874.5,3
2025-11-14T17:07:46.354146,17:07:46,2830.42,2830.42,3
2025-11-14T17:07:58.712804,17:07:58,2763.5,2763.5,3
2025-11-14T17:08:10.772364,17:08:10,2766.73,2766.73,3
2025-11-14T17:08:23.538973,17:08:23,2801.61,2801.61,3
2025-11-14T17:08:35.812406,17:08:35,2873.77,2873.77,3
2025-11-14T17:08:48.657490,17:08:48,3034.56,3034.56,3
2025-11-14T17:09:01.373719,17:09:01,2961.95,2961.95,3
2025-11-14T17:09:14.215212,17:09:14,2992.65,2992.65,3
2025-11-14T17:09:26.596369,17:09:26,3164.22,3164.22,3
2025-11-14T17:09:39.287096,17:09:39,3105.92,3105.92,3
2025-11-14T17:09:52.547410,17:09:52,3114.4,3114.4,3
2025-11-14T17:10:05.855356,17:10:05,3208.54,3208.54,3
2025-11-14T17:10:19.206595,17:10:19,3154.26,3154.26,3
2025-11-14T17:10:32.565605,17:10:32,3085.09,3085.09,3
2025-11-14T17:10:45.704602,17:10:45,2827.85,2827.85,3
2025-11-14T17:10:59.282549,17:10:59,2689.63,2689.63,3
2025-11-14T17:11:12.038055,17:11:12,2674.79,2674.79,3
2025-11-14T17:11:25.464359,17:11:25,2688.17,2688.17,3
2025-11-14T17:11:38.416783,17:11:38,2781.12,2781.12,3
2025-11-14T17:11:51.672484,17:11:51,2760.97,2760.97,3
2025-11-14T17:12:05.024779,17:12:05,2726.83,2726.83,3
2025-11-14T17:12:18.005574,17:12:18,2606.93,2606.93,3
2025-11-14T17:12:31.054166,17:12:31,2578.98,2578.98,3
2025-11-14T17:12:43.922794,17:12:43,2518.38,2518.38,3
2025-11-14T17:12:56.733080,17:12:56,2417.77,2417.77,3
2025-11-14T17:13:09.518063,17:13:09,2586.35,2586.35,3
2025-11-14T17:13:22.835177,17:13:22,2635.32,2635.32,3
2025-11-14T17:13:36.209596,17:13:36,2488.94,2488.94,3
2025-11-14T17:13:49.426197,17:13:49,2586.33,2586.33,3
2025-11-14T17:14:03.057343,17:14:03,2553.88,2553.88,3
2025-11-14T17:14:16.722208,17:14:16,2398.18,2398.18,3
2025-11-14T17:14:29.552536,17:14:29,1994.15,1994.15,3
2025-11-14T17:14:42.736353,17:14:42,2596.13,2596.13,3
2025-11-14T17:14:56.266033,17:14:56,2893.71,2893.71,3
2025-11-14T17:15:09.424375,17:15:09,2941.17,2941.17,3
2025-11-14T17:15:22.755431,17:15:22,2638.3,2638.3,3
2025-11-14T17:15:36.408732,17:15:36,2431.79,2431.79,3
2025-11-14T17:15:49.331318,17:15:49,2631.42,2631.42,3
2025-11-14T17:16:02.537433,17:16:02,2735.59,2735.59,3
2025-11-14T17:16:15.671654,17:16:15,3050.2,3050.2,3
2025-11-14T17:16:28.979417,17:16:28,2935.7,2935.7,3
2025-11-14T17:16:42.171129,17:16:42,2597.75,2597.75,3
2025-11-14T17:16:54.928601,17:16:54,2573.61,2573.61,3
2025-11-14T17:17:08.523167,17:17:08,2443.81,2443.81,3
2025-11-14T17:17:22.474488,17:17:22,2325.71,2325.71,3
2025-11-14T17:17:35.558853,17:17:35,2523.49,2523.49,3
2025-11-14T17:17:48.758002,17:17:48,2533.95,2533.95,3
2025-11-14T17:18:02.234990,17:18:02,2633.83,2633.83,3
2025-11-14T17:18:15.664106,17:18:15,2614.17,2614.17,3
2025-11-14T17:18:29.184688,17:18:29,2841.18,2841.18,3
2025-11-14T17:18:42.328297,17:18:42,2782.27,2782.27,3
2025-11-14T17:18:55.668873,17:18:55,2722.21,2722.21,3
2025-11-14T17:19:08.749693,17:19:08,2623.32,2623.32,3
2025-11-14T17:19:22.108808,17:19:22,2631.11,2631.11,3
2025-11-14T17:19:35.481030,17:19:35,2646.05,2646.05,3
2025-11-14T17:19:49.337430,17:19:49,2473.29,2473.29,3
2025-11-14T17:20:02.709406,17:20:02,2623.57,2623.57,3
2025-11-14T17:20:15.801027,17:20:15,2589.41,2589.41,3
2025-11-14T17:20:28.675895,17:20:28,2553.76,2553.76,3
2025-11-14T17:20:41.922035,17:20:41,2614.85,2614.85,3
2025-11-14T17:20:54.999300,17:20:54,2598.88,2598.88,3
2025-11-14T17:21:08.264141,17:21:08,2678.81,2678.81,3
2025-11-14T17:21:22.154150,17:21:22,2533.05,2533.05,3
2025-11-14T17:21:35.250315,17:21:35,2304.49,2304.49,3
2025-11-14T17:21:48.613835,17:21:48,2311.73,2311.73,3
2025-11-14T17:22:01.614627,17:22:01,2283.94,2283.94,3
2025-11-14T17:22:15.388551,17:22:15,2415.48,2415.48,3
2025-11-14T17:22:28.778497,17:22:28,2366.48,2366.48,3
2025-11-14T17:22:42.269633,17:22:42,2332.92,2332.92,3
2025-11-14T17:22:55.684314,17:22:55,2342.0,2342.0,3
2025-11-14T17:23:08.560143,17:23:08,2184.62,2184.62,3
2025-11-14T17:23:21.688882,17:23:21,2123.73,2123.73,3
2025-11-14T17:23:34.530095,17:23:34,2063.18,2063.18,3
2025-11-14T17:23:48.725316,17:23:48,1941.42,1941.42,3
2025-11-14T17:24:02.222705,17:24:02,1918.46,1918.46,3
2025-11-14T17:24:14.534925,17:24:14,1869.72,1869.72,3
2025-11-14T17:24:26.626367,17:24:26,1770.84,1770.84,3
2025-11-14T17:24:39.282660,17:24:39,2066.75,2066.75,3
2025-11-14T17:24:51.644190,17:24:51,1954.94,1954.94,3
2025-11-14T17:25:04.308859,17:25:04,1918.98,1918.98,3
2025-11-14T17:25:16.658757,17:25:16,1897.82,1897.82,3
2025-11-14T17:25:29.091208,17:25:29,1890.02,1890.02,3
2025-11-14T17:25:41.435519,17:25:41,2151.88,2151.88,3
2025-11-14T17:25:53.823259,17:25:53,2074.58,2074.58,3
2025-11-14T17:26:05.869649,17:26:05,2156.32,2156.32,3
2025-11-14T17:26:18.271327,17:26:18,2216.34,2216.34,3
2025-11-14T17:26:30.510738,17:26:30,2167.29,2167.29,3
2025-11-14T17:26:42.585565,17:26:42,2138.65,2138.65,3
2025-11-14T17:26:54.645600,17:26:54,2175.46,2175.46,3
2025-11-14T17:27:06.619567,17:27:06,2225.92,2225.92,3
2025-11-14T17:27:18.904173,17:27:18,2282.1,2282.1,3
2025-11-14T17:27:31.403814,17:27:31,2417.1,2417.1,3
2025-11-14T17:27:43.796540,17:27:43,2566.56,2566.56,3
2025-11-14T17:27:56.528613,17:27:56,2568.09,2568.09,3
2025-11-14T17:28:08.884402,17:28:08,2579.11,2579.11,3
2025-11-14T17:28:21.204892,17:28:21,2606.84,2606.84,3
2025-11-14T17:28:33.696004,17:28:33,2684.09,2684.09,3
2025-11-14T17:28:45.865422,17:28:45,2577.57,2577.57,3
2025-11-14T17:28:58.757667,17:28:58,2614.77,2614.77,3
2025-11-14T17:29:11.194806,17:29:11,2672.73,2672.73,3
2025-11-14T17:29:23.594744,17:29:23,2749.73,2749.73,3
2025-11-14T17:29:35.824998,17:29:35,2797.06,2797.06,3
2025-11-14T17:29:47.893815,17:29:47,2852.27,2852.27,3
2025-11-14T17:30:00.049493,17:30:00,2751.76,2751.76,3
2025-11-14T17:30:16.807926,17:30:16,2625.49,2625.49,3
2025-11-14T17:30:29.466443,17:30:29,2554.9,2554.9,3
2025-11-14T17:30:42.008119,17:30:42,2562.1,2562.1,3
2025-11-14T17:30:54.505327,17:30:54,2435.38,2435.38,3
2025-11-14T17:31:07.291386,17:31:07,2547.69,2547.69,3
2025-11-14T17:31:19.745245,17:31:19,2245.91,2245.91,3
2025-11-14T17:31:32.383876,17:31:32,2219.88,2219.88,3
2025-11-14T17:31:44.578197,17:31:44,2381.06,2381.06,3
2025-11-14T17:31:56.689026,17:31:56,2301.78,2301.78,3
2025-11-14T17:32:08.798589,17:32:08,2236.7,2236.7,3
2025-11-14T17:32:21.159229,17:32:21,2084.95,2084.95,3
2025-11-14T17:32:33.640506,17:32:33,2049.86,2049.86,3
2025-11-14T17:32:45.646416,17:32:45,2107.61,2107.61,3
2025-11-14T17:32:58.113761,17:32:58,2088.71,2088.71,3
2025-11-14T17:33:10.683564,17:33:10,2061.33,2061.33,3
2025-11-14T17:33:23.545845,17:33:23,2110.87,2110.87,3
2025-11-14T17:33:35.896943,17:33:35,2074.89,2074.89,3
2025-11-14T17:33:48.849009,17:33:48,2063.11,2063.11,3
2025-11-14T17:34:01.655218,17:34:01,2045.84,2045.84,3
2025-11-14T17:34:14.486522,17:34:14,1998.6,1998.6,3
2025-11-14T17:34:27.140000,17:34:27,1923.38,1923.38,3
2025-11-14T17:34:39.327757,17:34:39,1925.34,1925.34,3
2025-11-14T17:34:51.543016,17:34:51,1987.62,1987.62,3
2025-11-14T17:35:03.806191,17:35:03,2002.48,2002.48,3
2025-11-14T17:35:16.444974,17:35:16,2051.28,2051.28,3
2025-11-14T17:35:29.163069,17:35:29,2052.16,2052.16,3
2025-11-14T17:35:41.515633,17:35:41,2214.86,2214.86,3
2025-11-14T17:35:53.762664,17:35:53,2199.15,2199.15,3
2025-11-14T17:36:06.355438,17:36:06,2226.67,2226.67,3
2025-11-14T17:36:18.566995,17:36:18,2109.0,2109.0,3
2025-11-14T17:36:30.716637,17:36:30,2132.38,2132.38,3
2025-11-14T17:36:42.811657,17:36:42,2131.71,2131.71,3
2025-11-14T17:36:54.924436,17:36:54,2200.17,2200.17,3
2025-11-14T17:37:07.454302,17:37:07,2072.42,2072.42,3
2025-11-14T17:37:19.758804,17:37:19,2001.13,2001.13,3
2025-11-14T17:37:32.329419,17:37:32,2065.34,2065.34,3
2025-11-14T17:37:45.244636,17:37:45,2063.8,2063.8,3
2025-11-14T17:37:57.567589,17:37:57,2083.08,2083.08,3
2025-11-14T17:38:09.716284,17:38:09,2125.03,2125.03,3
2025-11-14T17:38:22.390881,17:38:22,2224.25,2224.25,3
2025-11-14T17:38:34.457402,17:38:34,2185.6,2185.6,3
2025-11-14T17:38:46.845421,17:38:46,2253.25,2253.25,3
2025-11-14T17:38:58.907940,17:38:58,2363.46,2363.46,3
2025-11-14T17:39:11.360041,17:39:11,2241.48,2241.48,3
2025-11-14T17:39:23.680318,17:39:23,2178.31,2178.31,3
2025-11-14T17:39:35.752302,17:39:35,2129.99,2129.99,3
2025-11-14T17:39:48.314343,17:39:48,2114.99,2114.99,3
2025-11-14T17:40:00.583206,17:40:00,2229.12,2229.12,3
2025-11-14T17:40:12.718950,17:40:12,2320.01,2320.01,3
2025-11-14T17:40:25.498241,17:40:25,2402.92,2402.92,3
2025-11-14T17:40:38.256680,17:40:38,2473.05,2473.05,3
2025-11-14T17:40:50.852644,17:40:50,2554.74,2554.74,3
2025-11-14T17:41:03.539142,17:41:03,2632.28,2632.28,3
2025-11-14T17:41:15.605359,17:41:15,2435.04,2435.04,3
2025-11-14T17:41:27.933046,17:41:27,2188.87,2188.87,3
2025-11-14T17:41:40.018227,17:41:40,2023.77,2023.77,3
2025-11-14T17:41:52.261852,17:41:52,1960.06,1960.06,3
2025-11-14T17:42:04.403171,17:42:04,1758.43,1758.43,3
2025-11-14T17:42:16.642509,17:42:16,1657.39,1657.39,3
2025-11-14T17:42:28.533363,17:42:28,1593.91,1593.91,3
2025-11-14T17:42:40.843666,17:42:40,1411.13,1411.13,3
2025-11-14T17:42:52.956904,17:42:52,1352.2,1352.2,3
2025-11-14T17:43:05.849080,17:43:05,1286.48,1286.48,3
2025-11-14T17:43:18.048126,17:43:18,1186.67,1186.67,3
2025-11-14T17:43:30.197970,17:43:30,1396.98,1396.98,3
2025-11-14T17:43:42.934251,17:43:42,1276.3,1276.3,3
2025-11-14T17:43:55.208816,17:43:55,1326.75,1326.75,3
2025-11-14T17:44:07.711250,17:44:07,1233.58,1233.58,3
2025-11-14T17:44:20.643012,17:44:20,1370.56,1370.56,3
2025-11-14T17:44:32.930779,17:44:32,1202.73,1202.73,3
2025-11-14T17:44:45.145026,17:44:45,1120.0,1120.0,3
2025-11-14T17:44:57.382512,17:44:57,1046.61,1046.61,3
2025-11-14T17:45:09.543970,17:45:09,1441.09,1441.09,3
2025-11-14T17:45:22.018077,17:45:22,1157.65,1157.65,3
2025-11-14T17:45:34.292697,17:45:34,1049.99,1049.99,3
2025-11-14T17:45:46.562555,17:45:46,1093.14,1093.14,3
2025-11-14T17:45:59.010318,17:45:59,1129.45,1129.45,3
2025-11-14T17:46:11.173263,17:46:11,1231.58,1231.58,3
2025-11-14T17:46:23.662780,17:46:23,1165.27,1165.27,3
2025-11-14T17:46:35.712945,17:46:35,1152.49,1152.49,3
2025-11-14T17:46:48.301260,17:46:48,1078.43,1078.43,3
2025-11-14T17:47:00.847221,17:47:00,888.15,888.15,3
2025-11-14T17:47:12.942035,17:47:12,1107.08,1107.08,3
2025-11-14T17:47:24.902679,17:47:24,1198.64,1198.64,3
2025-11-14T17:47:37.009952,17:47:37,1192.73,1192.73,3
2025-11-14T17:47:48.933616,17:47:48,1224.16,1224.16,3
2025-11-14T17:48:01.429594,17:48:01,1213.34,1213.34,3
2025-11-14T17:48:14.148934,17:48:14,1493.91,1493.91,3
2025-11-14T17:48:26.172332,17:48:26,1528.68,1528.68,3
2025-11-14T17:48:38.481803,17:48:38,1523.5,1523.5,3
2025-11-14T17:48:51.001909,17:48:51,1460.44,1460.44,3
2025-11-14T17:49:03.321383,17:49:03,1312.72,1312.72,3
2025-11-14T17:49:15.419450,17:49:15,1091.75,1091.75,3
2025-11-14T17:49:27.611584,17:49:27,946.25,946.25,3
2025-11-14T17:49:40.459096,17:49:40,1011.04,1011.04,3
2025-11-14T17:49:52.710726,17:49:52,1049.41,1049.41,3
2025-11-14T17:50:05.191948,17:50:05,1168.74,1168.74,3
2025-11-14T17:50:17.495192,17:50:17,1095.16,1095.16,3
2025-11-14T17:50:29.653783,17:50:29,997.95,997.95,3
2025-11-14T17:50:41.891129,17:50:41,952.85,952.85,3
2025-11-14T17:50:54.281115,17:50:54,872.78,872.78,3
2025-11-14T17:51:06.817343,17:51:06,930.8,930.8,3
2025-11-14T17:51:19.289483,17:51:19,821.06,821.06,3
2025-11-14T17:51:31.637596,17:51:31,807.61,807.61,3
2025-11-14T17:51:44.075328,17:51:44,868.14,868.14,3
2025-11-14T17:51:56.493478,17:51:56,813.09,813.09,3
2025-11-14T17:52:09.341834,17:52:09,867.98,867.98,3
2025-11-14T17:52:21.753011,17:52:21,698.91,698.91,3
2025-11-14T17:52:34.496211,17:52:34,534.03,534.03,3
2025-11-14T17:52:46.969052,17:52:46,690.76,690.76,3
2025-11-14T17:52:59.406968,17:52:59,589.77,589.77,3
2025-11-14T17:53:12.291058,17:53:12,538.42,538.42,3
2025-11-14T17:53:24.752781,17:53:24,667.46,667.46,3
2025-11-14T17:53:36.887831,17:53:36,802.51,802.51,3
2025-11-14T17:53:49.501399,17:53:49,747.25,747.25,3
2025-11-14T17:54:01.804776,17:54:01,696.99,696.99,3
2025-11-14T17:54:14.135417,17:54:14,624.8,624.8,3
2025-11-14T17:54:26.731611,17:54:26,719.86,719.86,3
2025-11-14T17:54:39.315416,17:54:39,630.16,630.16,3
2025-11-14T17:54:51.657519,17:54:51,644.12,644.12,3
2025-11-14T17:55:03.940311,17:55:03,752.78,752.78,3
2025-11-14T17:55:16.203033,17:55:16,776.89,776.89,3
2025-11-14T17:55:28.560985,17:55:28,774.25,774.25,3
2025-11-14T17:55:41.030355,17:55:41,760.86,760.86,3
2025-11-14T17:55:53.090668,17:55:53,828.47,828.47,3
2025-11-14T17:56:05.406050,17:56:05,893.31,893.31,3
2025-11-14T17:56:20.655011,17:56:20,905.65,905.65,3
2025-11-14T17:56:33.254238,17:56:33,1132.43,1132.43,3
2025-11-14T17:56:45.619497,17:56:45,1108.12,1108.12,3
2025-11-14T17:56:57.535345,17:56:57,1103.99,1103.99,3
2025-11-14T17:57:10.179629,17:57:10,1146.72,1146.72,3
2025-11-14T17:57:22.442234,17:57:22,1251.74,1251.74,3
2025-11-14T17:57:34.693567,17:57:34,1211.87,1211.87,3
2025-11-14T17:57:46.681327,17:57:46,1223.36,1223.36,3
2025-11-14T17:57:59.285117,17:57:59,1244.59,1244.59,3
2025-11-14T17:58:11.761243,17:58:11,1324.33,1324.33,3
2025-11-14T17:58:24.223798,17:58:24,1415.49,1415.49,3
2025-11-14T17:58:36.982577,17:58:36,1446.87,1446.87,3
2025-11-14T17:58:49.252009,17:58:49,1439.64,1439.64,3
2025-11-14T17:59:02.135584,17:59:02,1261.04,1261.04,3
2025-11-14T17:59:14.322301,17:59:14,956.06,956.06,3
2025-11-14T17:59:26.674154,17:59:26,805.69,805.69,3
2025-11-14T17:59:38.769785,17:59:38,969.51,969.51,3
2025-11-14T17:59:51.306902,17:59:51,1046.52,1046.52,3
2025-11-14T18:00:03.498970,18:00:03,1027.22,1027.22,3
2025-11-14T18:00:15.619273,18:00:15,1138.57,1138.57,3
2025-11-14T18:00:27.906685,18:00:27,1172.6,1172.6,3
2025-11-14T18:00:39.808991,18:00:39,1302.83,1302.83,3
2025-11-14T18:00:52.440111,18:00:52,1204.72,1204.72,3
2025-11-14T18:01:04.892064,18:01:04,1273.56,1273.56,3
2025-11-14T18:01:17.235145,18:01:17,1374.06,1374.06,3
2025-11-14T18:01:29.207154,18:01:29,1220.77,1220.77,3
2025-11-14T18:01:41.486274,18:01:41,1160.63,1160.63,3
2025-11-14T18:01:53.523812,18:01:53,946.4,946.4,3
2025-11-14T18:02:05.994801,18:02:05,769.31,769.31,3
2025-11-14T18:02:18.630095,18:02:18,716.81,716.81,3
2025-11-14T18:02:31.140017,18:02:31,706.75,706.75,3
2025-11-14T18:02:43.269840,18:02:43,587.0,587.0,3
2025-11-14T18:02:55.778839,18:02:55,487.35,487.35,3
2025-11-14T18:03:08.389562,18:03:08,490.67,490.67,3
2025-11-14T18:03:20.877118,18:03:20,414.75,414.75,3
2025-11-14T18:03:33.367456,18:03:33,405.79,405.79,3
2025-11-14T18:03:45.913669,18:03:45,95.88,95.88,3
2025-11-14T18:03:58.487815,18:03:58,-30.17,-30.17,3
2025-11-14T18:04:10.558375,18:04:10,15.54,15.54,3
2025-11-14T18:04:22.914595,18:04:22,-190.12,-190.12,3
2025-11-14T18:04:35.505200,18:04:35,-401.27,-401.27,3
2025-11-14T18:04:48.366899,18:04:48,-662.48,-662.48,3
2025-11-14T18:05:00.709339,18:05:00,-673.94,-673.94,3
2025-11-14T18:05:12.881676,18:05:12,-517.46,-517.46,3
2025-11-14T18:05:24.894606,18:05:24,-542.69,-542.69,3
2025-11-14T18:05:36.993619,18:05:36,-801.63,-801.63,3
2025-11-14T18:05:49.171305,18:05:49,-698.22,-698.22,3
2025-11-14T18:06:01.551951,18:06:01,-664.87,-664.87,3
2025-11-14T18:06:13.677379,18:06:13,-645.95,-645.95,3
2025-11-14T18:06:26.417558,18:06:26,-963.86,-963.86,3
2025-11-14T18:06:39.233468,18:06:39,-910.38,-910.38,3
2025-11-14T18:06:51.707677,18:06:51,-358.31,-358.31,3
2025-11-14T18:07:04.158717,18:07:04,-282.25,-282.25,3
2025-11-14T18:07:16.457134,18:07:16,-478.17,-478.17,3
2025-11-14T18:07:28.803250,18:07:28,-747.04,-747.04,3
2025-11-14T18:07:41.103423,18:07:41,-931.31,-931.31,3
2025-11-14T18:07:53.272253,18:07:53,-1011.91,-1011.91,3
2025-11-14T18:08:05.503562,18:08:05,-1110.94,-1110.94,3
2025-11-14T18:08:17.501862,18:08:17,-992.49,-992.49,3
2025-11-14T18:08:29.912035,18:08:29,-1143.93,-1143.93,3
2025-11-14T18:08:42.771333,18:08:42,-1173.37,-1173.37,3
2025-11-14T18:08:55.319599,18:08:55,-1177.01,-1177.01,3
2025-11-14T18:09:07.471590,18:09:07,-1200.52,-1200.52,3
2025-11-14T18:09:20.189634,18:09:20,-1235.85,-1235.85,3
2025-11-14T18:09:32.676456,18:09:32,-1235.43,-1235.43,3
2025-11-14T18:09:44.799250,18:09:44,-1235.16,-1235.16,3
2025-11-14T18:09:56.853246,18:09:56,-1509.41,-1509.41,3
2025-11-14T18:10:09.087876,18:10:09,-1403.79,-1403.79,3
2025-11-14T18:10:24.326480,18:10:24,-1356.81,-1356.81,3
2025-11-14T18:10:36.571549,18:10:36,-1375.37,-1375.37,3
2025-11-14T18:10:48.729892,18:10:48,-1423.35,-1423.35,3
2025-11-14T18:11:00.851618,18:11:00,-1910.27,-1910.27,3
2025-11-14T18:11:13.016295,18:11:13,-2273.89,-2273.89,3
2025-11-14T18:11:25.366673,18:11:25,-2215.22,-2215.22,3
2025-11-14T18:11:38.452620,18:11:38,-1694.29,-1694.29,3
2025-11-14T18:11:50.703973,18:11:50,-1789.23,-1789.23,3
2025-11-14T18:12:03.078757,18:12:03,-2146.87,-2146.87,3
2025-11-14T18:12:15.573809,18:12:15,-2586.27,-2586.27,3
2025-11-14T18:12:27.823501,18:12:27,-2301.68,-2301.68,3
2025-11-14T18:12:40.090453,18:12:40,-2407.27,-2407.27,3
2025-11-14T18:12:52.293863,18:12:52,-2341.03,-2341.03,3
2025-11-14T18:13:04.708257,18:13:04,-2229.99,-2229.99,3
2025-11-14T18:13:17.076718,18:13:17,-2416.4,-2416.4,3
2025-11-14T18:13:29.208965,18:13:29,-2551.1,-2551.1,3
2025-11-14T18:13:41.838787,18:13:41,-2885.15,-2885.15,3
2025-11-14T18:13:54.105363,18:13:54,-2800.94,-2800.94,3
2025-11-14T18:14:06.375297,18:14:06,-2461.04,-2461.04,3
2025-11-14T18:14:18.884788,18:14:18,-2467.95,-2467.95,3
2025-11-14T18:14:31.178958,18:14:31,-2686.85,-2686.85,3
2025-11-14T18:14:43.469993,18:14:43,-2268.27,-2268.27,3
2025-11-14T18:14:55.832165,18:14:55,-2231.56,-2231.56,3
2025-11-14T18:15:08.031903,18:15:08,-2043.12,-2043.12,3
2025-11-14T18:15:20.205985,18:15:20,-2238.03,-2238.03,3
2025-11-14T18:15:32.659898,18:15:32,-1963.4,-1963.4,3
2025-11-14T18:15:44.658236,18:15:44,-2091.53,-2091.53,3
2025-11-14T18:15:56.660292,18:15:56,-1992.52,-1992.52,3
2025-11-14T18:16:08.894490,18:16:08,-2031.51,-2031.51,3
2025-11-14T18:16:21.771140,18:16:21,-2034.63,-2034.63,3
2025-11-14T18:16:34.492718,18:16:34,-1782.8,-1782.8,3
2025-11-14T18:16:49.382151,18:16:49,-1578.52,-1578.52,3
2025-11-14T18:17:01.990583,18:17:01,-1223.56,-1223.56,3
2025-11-14T18:17:14.599593,18:17:14,-1207.81,-1207.81,3
2025-11-14T18:17:26.850732,18:17:26,-1762.51,-1762.51,3
2025-11-14T18:17:39.180931,18:17:39,-2011.0,-2011.0,3
2025-11-14T18:17:51.504088,18:17:51,-1884.22,-1884.22,3
2025-11-14T18:18:03.706140,18:18:03,-1778.22,-1778.22,3
2025-11-14T18:18:16.240645,18:18:16,-1256.88,-1256.88,3
2025-11-14T18:18:28.681559,18:18:28,-1451.34,-1451.34,3
2025-11-14T18:18:40.798525,18:18:40,-1174.99,-1174.99,3
2025-11-14T18:18:52.882037,18:18:52,-891.1,-891.1,3
2025-11-14T18:19:05.334707,18:19:05,-767.75,-767.75,3
2025-11-14T18:19:17.658318,18:19:17,-369.64,-369.64,3
2025-11-14T18:19:29.690953,18:19:29,-610.25,-610.25,3
2025-11-14T18:19:41.760612,18:19:41,-616.84,-616.84,3
2025-11-14T18:19:53.871129,18:19:53,-501.88,-501.88,3
2025-11-14T18:20:06.326460,18:20:06,-459.92,-459.92,3
2025-11-14T18:20:19.046628,18:20:19,-17.95,-17.95,3
2025-11-14T18:20:32.143329,18:20:32,-141.05,-141.05,3
2025-11-14T18:20:45.282365,18:20:45,-385.26,-385.26,3
2025-11-14T18:20:58.261582,18:20:58,-590.41,-590.41,3
2025-11-14T18:21:11.248724,18:21:11,-489.19,-489.19,3
2025-11-14T18:21:23.403848,18:21:23,-581.02,-581.02,3
2025-11-14T18:21:35.904540,18:21:35,-744.15,-744.15,3
2025-11-14T18:21:50.388109,18:21:50,-714.8,-714.8,3
2025-11-14T18:22:02.457094,18:22:02,-583.41,-583.41,3
2025-11-14T18:22:14.615512,18:22:14,-579.51,-579.51,3
2025-11-14T18:22:26.968989,18:22:26,-650.29,-650.29,3
2025-11-14T18:22:39.161221,18:22:39,-538.45,-538.45,3
2025-11-14T18:22:51.667725,18:22:51,-408.4,-408.4,3
2025-11-14T18:23:04.014347,18:23:04,-652.1,-652.1,3
2025-11-14T18:23:16.452770,18:23:16,-200.98,-200.98,3
2025-11-14T18:23:28.870412,18:23:28,-217.64,-217.64,3
2025-11-14T18:23:40.893939,18:23:40,-142.43,-142.43,3
2025-11-14T18:23:53.173885,18:23:53,-59.85,-59.85,3
2025-11-14T18:24:05.687895,18:24:05,-103.55,-103.55,3
2025-11-14T18:24:17.815438,18:24:17,25.28,25.28,3
2025-11-14T18:24:29.929563,18:24:29,-134.39,-134.39,3
2025-11-14T18:24:42.223245,18:24:42,-324.26,-324.26,3
2025-11-14T18:24:54.394455,18:24:54,-522.53,-522.53,3
2025-11-14T18:25:06.728115,18:25:06,-363.33,-363.33,3
2025-11-14T18:25:19.007755,18:25:19,-203.65,-203.65,3
2025-11-14T18:25:31.179360,18:25:31,-413.94,-413.94,3
2025-11-14T18:25:43.068439,18:25:43,-603.52,-603.52,3
2025-11-14T18:25:55.432832,18:25:55,-612.08,-612.08,3
2025-11-14T18:26:07.574290,18:26:07,-562.52,-562.52,3
2025-11-14T18:26:19.666538,18:26:19,-781.29,-781.29,3
2025-11-14T18:26:31.811029,18:26:31,-943.55,-943.55,3
2025-11-14T18:26:44.043217,18:26:44,-804.75,-804.75,3
2025-11-14T18:26:56.333452,18:26:56,-842.65,-842.65,3
2025-11-14T18:27:08.414068,18:27:08,-807.77,-807.77,3
2025-11-14T18:27:20.691939,18:27:20,-474.84,-474.84,3
2025-11-14T18:27:32.866222,18:27:32,-74.56,-74.56,3
2025-11-14T18:27:45.555483,18:27:45,-87.2,-87.2,3
2025-11-14T18:27:58.140891,18:27:58,-108.73,-108.73,3
2025-11-14T18:28:10.222095,18:28:10,-231.28,-231.28,3
2025-11-14T18:28:22.675968,18:28:22,-214.12,-214.12,3
2025-11-14T18:28:34.840046,18:28:34,-110.38,-110.38,3
2025-11-14T18:28:47.359551,18:28:47,-137.01,-137.01,3
2025-11-14T18:28:59.772788,18:28:59,-373.03,-373.03,3
2025-11-14T18:29:12.338490,18:29:12,-408.53,-408.53,3
2025-11-14T18:29:24.668770,18:29:24,-434.54,-434.54,3
2025-11-14T18:29:37.028164,18:29:37,-387.61,-387.61,3
2025-11-14T18:29:49.607808,18:29:49,-402.16,-402.16,3
2025-11-14T18:30:01.718478,18:30:01,-231.76,-231.76,3
2025-11-14T18:30:13.925315,18:30:13,-319.06,-319.06,3
2025-11-14T18:30:26.210656,18:30:26,-214.68,-214.68,3
2025-11-14T18:30:38.478514,18:30:38,-243.85,-243.85,3
2025-11-14T18:30:50.742093,18:30:50,-111.69,-111.69,3
2025-11-14T18:31:03.128098,18:31:03,-374.7,-374.7,3
2025-11-14T18:31:15.521770,18:31:15,-390.01,-390.01,3
2025-11-14T18:31:27.591001,18:31:27,-537.25,-537.25,3
2025-11-14T18:31:40.293893,18:31:40,-708.86,-708.86,3
2025-11-14T18:31:52.639977,18:31:52,-690.89,-690.89,3
2025-11-14T18:32:05.151596,18:32:05,-457.86,-457.86,3
2025-11-14T18:32:17.517167,18:32:17,-495.53,-495.53,3
2025-11-14T18:32:29.450813,18:32:29,-288.12,-288.12,3
2025-11-14T18:32:41.702537,18:32:41,-84.03,-84.03,3
2025-11-14T18:32:54.003686,18:32:54,516.9,516.9,3
2025-11-14T18:33:06.368173,18:33:06,677.82,677.82,3
2025-11-14T18:33:18.735627,18:33:18,560.72,560.72,3
2025-11-14T18:33:30.741992,18:33:30,292.76,292.76,3
2025-11-14T18:33:42.874611,18:33:42,184.81,184.81,3
2025-11-14T18:33:55.390817,18:33:55,-3.93,-3.93,3
2025-11-14T18:34:07.643881,18:34:07,-60.08,-60.08,3
2025-11-14T18:34:19.669171,18:34:19,139.82,139.82,3
2025-11-14T18:34:31.770922,18:34:31,177.61,177.61,3
2025-11-14T18:34:43.828501,18:34:43,387.02,387.02,3
2025-11-14T18:34:55.931084,18:34:55,287.29,287.29,3
2025-11-14T18:35:08.208061,18:35:08,162.93,162.93,3
2025-11-14T18:35:20.485887,18:35:20,43.24,43.24,3
2025-11-14T18:35:32.480697,18:35:32,-13.82,-13.82,3
2025-11-14T18:35:44.696079,18:35:44,-16.44,-16.44,3
2025-11-14T18:35:57.202468,18:35:57,35.95,35.95,3
2025-11-14T18:36:09.820594,18:36:09,-238.82,-238.82,3
2025-11-14T18:36:22.246370,18:36:22,-365.12,-365.12,3
2025-11-14T18:36:34.335739,18:36:34,-323.03,-323.03,3
2025-11-14T18:36:46.553199,18:36:46,-330.23,-330.23,3
2025-11-14T18:36:58.735375,18:36:58,-227.04,-227.04,3
2025-11-14T18:37:11.408335,18:37:11,12.91,12.91,3
2025-11-14T18:37:23.886670,18:37:23,-156.22,-156.22,3
2025-11-14T18:37:36.277323,18:37:36,-212.91,-212.91,3
2025-11-14T18:37:48.484925,18:37:48,-173.8,-173.8,3
2025-11-14T18:38:01.058216,18:38:01,-321.14,-321.14,3
2025-11-14T18:38:13.148627,18:38:13,-597.18,-597.18,3
2025-11-14T18:38:25.327779,18:38:25,-594.47,-594.47,3
2025-11-14T18:38:37.898888,18:38:37,-512.85,-512.85,3
2025-11-14T18:38:49.735730,18:38:49,-358.19,-358.19,3
2025-11-14T18:39:01.991465,18:39:01,-369.08,-369.08,3
2025-11-14T18:39:14.116464,18:39:14,-598.78,-598.78,3
2025-11-14T18:39:26.371838,18:39:26,-686.4,-686.4,3
2025-11-14T18:39:38.556626,18:39:38,-673.81,-673.81,3
2025-11-14T18:39:50.867252,18:39:50,-608.23,-608.23,3
2025-11-14T18:40:03.791296,18:40:03,-608.19,-608.19,3
2025-11-14T18:40:16.114502,18:40:16,-480.73,-480.73,3
2025-11-14T18:40:28.645825,18:40:28,-518.78,-518.78,3
2025-11-14T18:40:41.265895,18:40:41,-661.6,-661.6,3
2025-11-14T18:40:53.877268,18:40:53,-565.63,-565.63,3
2025-11-14T18:41:07.146888,18:41:07,-484.26,-484.26,3
2025-11-14T18:41:19.633283,18:41:19,-671.73,-671.73,3
2025-11-14T18:41:31.748769,18:41:31,-748.61,-748.61,3
2025-11-14T18:41:44.193391,18:41:44,-778.89,-778.89,3
2025-11-14T18:41:56.654822,18:41:56,-727.04,-727.04,3
2025-11-14T18:42:09.888068,18:42:09,-910.57,-910.57,3
2025-11-14T18:42:22.066542,18:42:22,-1043.32,-1043.32,3
2025-11-14T18:42:34.451868,18:42:34,-984.14,-984.14,3
2025-11-14T18:42:46.842605,18:42:46,-1185.32,-1185.32,3
2025-11-14T18:42:59.187516,18:42:59,-1210.47,-1210.47,3
2025-11-14T18:43:11.608882,18:43:11,-1190.81,-1190.81,3
2025-11-14T18:43:26.185115,18:43:26,-1223.23,-1223.23,3
2025-11-14T18:43:38.341584,18:43:38,-1284.33,-1284.33,3
2025-11-14T18:43:50.831011,18:43:50,-1283.64,-1283.64,3
2025-11-14T18:44:03.470886,18:44:03,-1220.27,-1220.27,3
2025-11-14T18:44:16.052976,18:44:16,-1224.62,-1224.62,3
2025-11-14T18:44:28.645337,18:44:28,-1077.65,-1077.65,3
2025-11-14T18:44:41.157394,18:44:41,-1133.42,-1133.42,3
2025-11-14T18:44:53.166445,18:44:53,-1218.15,-1218.15,3
2025-11-14T18:45:05.340046,18:45:05,-1126.86,-1126.86,3
2025-11-14T18:45:17.419732,18:45:17,-834.1,-834.1,3
2025-11-14T18:45:29.389738,18:45:29,-1107.29,-1107.29,3
2025-11-14T18:45:41.746544,18:45:41,-1190.17,-1190.17,3
2025-11-14T18:45:53.806616,18:45:53,-808.5,-808.5,3
2025-11-14T18:46:06.070779,18:46:06,-767.65,-767.65,3
2025-11-14T18:46:18.054401,18:46:18,-896.55,-896.55,3
2025-11-14T18:46:30.257222,18:46:30,-942.12,-942.12,3
2025-11-14T18:46:42.539639,18:46:42,-1029.05,-1029.05,3
2025-11-14T18:46:55.154136,18:46:55,-957.65,-957.65,3
2025-11-14T18:47:07.579458,18:47:07,-1253.65,-1253.65,3
2025-11-14T18:47:19.909708,18:47:19,-846.95,-846.95,3
2025-11-14T18:47:32.309660,18:47:32,-1013.63,-1013.63,3
2025-11-14T18:47:44.774354,18:47:44,-1187.11,-1187.11,3
2025-11-14T18:47:57.079623,18:47:57,-1296.68,-1296.68,3
2025-11-14T18:48:09.263654,18:48:09,-1223.11,-1223.11,3
2025-11-14T18:48:22.095922,18:48:22,-1306.04,-1306.04,3
2025-11-14T18:48:34.682929,18:48:34,-1237.63,-1237.63,3
2025-11-14T18:48:46.988603,18:48:46,-1394.44,-1394.44,3
2025-11-14T18:48:59.395387,18:48:59,-1364.79,-1364.79,3
2025-11-14T18:49:11.560849,18:49:11,-1341.99,-1341.99,3
2025-11-14T18:49:23.982866,18:49:23,-1335.48,-1335.48,3
2025-11-14T18:49:36.131279,18:49:36,-1350.96,-1350.96,3
2025-11-14T18:49:48.378716,18:49:48,-1295.26,-1295.26,3
2025-11-14T18:50:00.628590,18:50:00,-1568.8,-1568.8,3
2025-11-14T18:50:12.781421,18:50:12,-1508.89,-1508.89,3
2025-11-14T18:50:25.085323,18:50:25,-1403.89,-1403.89,3
2025-11-14T18:50:37.188261,18:50:37,-1443.87,-1443.87,3
2025-11-14T18:50:49.666738,18:50:49,-1659.76,-1659.76,3
2025-11-14T18:51:02.263947,18:51:02,-1882.82,-1882.82,3
2025-11-14T18:51:14.426041,18:51:14,-2180.91,-2180.91,3
2025-11-14T18:51:26.628125,18:51:26,-1589.27,-1589.27,3
2025-11-14T18:51:38.698223,18:51:38,-1431.41,-1431.41,3
2025-11-14T18:51:51.636758,18:51:51,-1505.04,-1505.04,3
2025-11-14T18:52:04.143673,18:52:04,-1371.02,-1371.02,3
2025-11-14T18:52:17.121079,18:52:17,-1360.75,-1360.75,3
2025-11-14T18:52:29.531144,18:52:29,-1408.39,-1408.39,3
2025-11-14T18:52:41.553986,18:52:41,-1483.76,-1483.76,3
2025-11-14T18:52:53.494231,18:52:53,-1876.6,-1876.6,3
2025-11-14T18:53:05.800971,18:53:05,-2074.28,-2074.28,3
2025-11-14T18:53:18.434363,18:53:18,-2158.49,-2158.49,3
2025-11-14T18:53:30.567533,18:53:30,-1756.79,-1756.79,3
2025-11-14T18:53:42.851848,18:53:42,-1528.74,-1528.74,3
2025-11-14T18:53:55.158308,18:53:55,-1722.99,-1722.99,3
2025-11-14T18:54:07.216252,18:54:07,-2085.81,-2085.81,3
2025-11-14T18:54:19.339234,18:54:19,-2068.09,-2068.09,3
2025-11-14T18:54:31.691023,18:54:31,-2181.44,-2181.44,3
2025-11-14T18:54:43.894783,18:54:43,-1926.33,-1926.33,3
2025-11-14T18:54:56.054551,18:54:56,-1678.33,-1678.33,3
2025-11-14T18:55:08.173754,18:55:08,-2048.34,-2048.34,3
2025-11-14T18:55:20.265857,18:55:20,-1994.04,-1994.04,3
2025-11-14T18:55:32.565791,18:55:32,-1739.63,-1739.63,3
2025-11-14T18:55:44.807214,18:55:44,-1657.56,-1657.56,3
2025-11-14T18:55:57.317752,18:55:57,-1477.7,-1477.7,3
2025-11-14T18:56:09.567627,18:56:09,-1616.28,-1616.28,3
2025-11-14T18:56:22.060998,18:56:22,-1654.41,-1654.41,3
2025-11-14T18:56:34.344792,18:56:34,-1516.13,-1516.13,3
2025-11-14T18:56:46.409585,18:56:46,-1556.0,-1556.0,3
2025-11-14T18:56:58.612624,18:56:58,-1584.13,-1584.13,3
2025-11-14T18:57:10.715548,18:57:10,-1629.44,-1629.44,3
2025-11-14T18:57:23.100947,18:57:23,-1622.13,-1622.13,3
2025-11-14T18:57:35.406584,18:57:35,-1226.49,-1226.49,3
2025-11-14T18:57:47.738951,18:57:47,-1321.45,-1321.45,3
2025-11-14T18:57:59.734315,18:57:59,-1236.28,-1236.28,3
2025-11-14T18:58:12.339664,18:58:12,-1245.22,-1245.22,3
2025-11-14T18:58:24.756469,18:58:24,-1011.96,-1011.96,3
2025-11-14T18:58:37.425574,18:58:37,-1267.18,-1267.18,3
2025-11-14T18:58:50.457880,18:58:50,-1250.95,-1250.95,3
2025-11-14T18:59:03.116245,18:59:03,-1492.46,-1492.46,3
2025-11-14T18:59:16.241343,18:59:16,-1381.92,-1381.92,3
2025-11-14T18:59:28.478848,18:59:28,-1359.76,-1359.76,3
2025-11-14T18:59:40.603449,18:59:40,-1370.46,-1370.46,3
2025-11-14T18:59:52.723689,18:59:52,-1114.02,-1114.02,3
2025-11-14T19:00:05.012270,19:00:05,-840.32,-840.32,3
2025-11-14T19:00:17.133534,19:00:17,-935.33,-935.33,3
2025-11-14T19:00:29.381780,19:00:29,-1264.22,-1264.22,3
2025-11-14T19:00:41.680168,19:00:41,-1145.36,-1145.36,3
2025-11-14T19:00:53.665276,19:00:53,-1140.16,-1140.16,3
2025-11-14T19:01:08.403612,19:01:08,-981.14,-981.14,3
2025-11-14T19:01:20.897538,19:01:20,-948.73,-948.73,3
2025-11-14T19:01:33.185396,19:01:33,-1037.47,-1037.47,3
2025-11-14T19:01:45.380516,19:01:45,-1086.53,-1086.53,3
2025-11-14T19:01:57.704157,19:01:57,-1126.42,-1126.42,3
2025-11-14T19:02:10.326465,19:02:10,-1396.23,-1396.23,3
2025-11-14T19:02:22.866230,19:02:22,-1459.22,-1459.22,3
2025-11-14T19:02:35.102520,19:02:35,-1073.5,-1073.5,3
2025-11-14T19:02:47.116095,19:02:47,-1126.48,-1126.48,3
2025-11-14T19:02:59.142871,19:02:59,-1426.16,-1426.16,3
2025-11-14T19:03:11.537143,19:03:11,-1452.09,-1452.09,3
2025-11-14T19:03:24.115998,19:03:24,-1437.62,-1437.62,3
2025-11-14T19:03:36.384693,19:03:36,-1677.59,-1677.59,3
2025-11-14T19:03:48.459837,19:03:48,-1672.99,-1672.99,3
2025-11-14T19:04:01.170000,19:04:01,-1741.88,-1741.88,3
2025-11-14T19:04:13.251683,19:04:13,-1623.97,-1623.97,3
2025-11-14T19:04:25.608432,19:04:25,-1927.55,-1927.55,3
2025-11-14T19:04:37.815330,19:04:37,-2184.98,-2184.98,3
2025-11-14T19:04:49.919333,19:04:49,-2319.62,-2319.62,3
2025-11-14T19:05:02.544562,19:05:02,-1890.94,-1890.94,3
2025-11-14T19:05:14.859003,19:05:14,-1875.74,-1875.74,3
2025-11-14T19:05:26.999327,19:05:26,-2070.1,-2070.1,3
2025-11-14T19:05:39.472978,19:05:39,-1875.87,-1875.87,3
2025-11-14T19:05:51.616376,19:05:51,-2020.29,-2020.29,3
2025-11-14T19:06:03.850347,19:06:03,-1963.23,-1963.23,3
2025-11-14T19:06:15.718111,19:06:15,-2031.46,-2031.46,3
2025-11-14T19:06:27.628731,19:06:27,-2123.92,-2123.92,3
2025-11-14T19:06:39.809277,19:06:39,-2029.45,-2029.45,3
2025-11-14T19:06:52.007504,19:06:52,-2274.43,-2274.43,3
2025-11-14T19:07:04.373585,19:07:04,-2291.22,-2291.22,3
2025-11-14T19:07:16.889369,19:07:16,-2094.98,-2094.98,3
2025-11-14T19:07:29.058622,19:07:29,-2185.58,-2185.58,3
2025-11-14T19:07:41.156390,19:07:41,-2297.29,-2297.29,3
2025-11-14T19:07:53.379129,19:07:53,-2299.74,-2299.74,3
2025-11-14T19:08:05.434170,19:08:05,-2280.37,-2280.37,3
2025-11-14T19:08:17.728835,19:08:17,-2125.62,-2125.62,3
2025-11-14T19:08:30.156362,19:08:30,-2066.5,-2066.5,3
2025-11-14T19:08:42.488241,19:08:42,-1957.2,-1957.2,3
2025-11-14T19:08:54.787711,19:08:54,-1819.01,-1819.01,3
2025-11-14T19:09:07.460705,19:09:07,-1625.56,-1625.56,3
2025-11-14T19:09:20.244544,19:09:20,-1842.86,-1842.86,3
2025-11-14T19:09:32.553987,19:09:32,-1953.12,-1953.12,3
2025-11-14T19:09:44.470676,19:09:44,-2056.69,-2056.69,3
2025-11-14T19:09:57.207558,19:09:57,-2352.29,-2352.29,3
2025-11-14T19:10:09.380766,19:10:09,-2334.01,-2334.01,3
2025-11-14T19:10:21.675472,19:10:21,-2462.65,-2462.65,3
2025-11-14T19:10:34.114859,19:10:34,-2287.1,-2287.1,3
2025-11-14T19:10:46.626763,19:10:46,-2326.86,-2326.86,3
2025-11-14T19:10:58.962516,19:10:58,-2460.81,-2460.81,3
2025-11-14T19:11:11.158887,19:11:11,-2191.21,-2191.21,3
2025-11-14T19:11:23.217419,19:11:23,-2165.65,-2165.65,3
2025-11-14T19:11:35.341189,19:11:35,-2172.88,-2172.88,3
2025-11-14T19:11:47.650469,19:11:47,-2062.39,-2062.39,3
2025-11-14T19:11:59.965722,19:11:59,-1843.45,-1843.45,3
2025-11-14T19:12:12.394500,19:12:12,-2133.47,-2133.47,3
2025-11-14T19:12:24.746659,19:12:24,-1841.46,-1841.46,3
2025-11-14T19:12:37.004474,19:12:37,-2218.51,-2218.51,3
2025-11-14T19:12:49.690404,19:12:49,-2485.86,-2485.86,3
2025-11-14T19:13:02.156440,19:13:02,-2532.31,-2532.31,3
2025-11-14T19:13:14.204722,19:13:14,-2671.16,-2671.16,3
2025-11-14T19:13:26.263831,19:13:26,-2768.71,-2768.71,3
2025-11-14T19:13:38.642344,19:13:38,-2769.65,-2769.65,3
2025-11-14T19:13:51.186067,19:13:51,-2747.07,-2747.07,3
2025-11-14T19:14:03.604148,19:14:03,-2645.29,-2645.29,3
2025-11-14T19:14:15.988379,19:14:15,-2507.69,-2507.69,3
2025-11-14T19:14:27.950661,19:14:27,-2427.82,-2427.82,3
2025-11-14T19:14:39.870545,19:14:39,-2305.87,-2305.87,3
2025-11-14T19:14:52.220059,19:14:52,-2281.8,-2281.8,3
2025-11-14T19:15:04.465086,19:15:04,-2182.75,-2182.75,3
2025-11-14T19:15:16.495969,19:15:16,-2247.06,-2247.06,3
2025-11-14T19:15:28.727848,19:15:28,-2577.96,-2577.96,3
2025-11-14T19:15:41.320371,19:15:41,-2586.68,-2586.68,3
2025-11-14T19:15:53.661347,19:15:53,-2576.6,-2576.6,3
2025-11-14T19:16:05.784218,19:16:05,-2550.14,-2550.14,3
2025-11-14T19:16:18.022008,19:16:18,-2727.85,-2727.85,3
2025-11-14T19:16:30.277942,19:16:30,-2600.96,-2600.96,3
2025-11-14T19:16:42.705984,19:16:42,-2309.38,-2309.38,3
2025-11-14T19:16:54.686016,19:16:54,-2303.01,-2303.01,3
2025-11-14T19:17:06.836392,19:17:06,-2246.15,-2246.15,3
2025-11-14T19:17:19.108430,19:17:19,-2044.71,-2044.71,3
2025-11-14T19:17:31.348945,19:17:31,-2108.05,-2108.05,3
2025-11-14T19:17:43.569253,19:17:43,-1998.07,-1998.07,3
2025-11-14T19:17:55.920263,19:17:55,-2172.47,-2172.47,3
2025-11-14T19:18:08.512928,19:18:08,-2310.37,-2310.37,3
2025-11-14T19:18:20.967710,19:18:20,-2285.85,-2285.85,3
2025-11-14T19:18:33.466559,19:18:33,-2295.41,-2295.41,3
2025-11-14T19:18:45.940943,19:18:45,-2293.98,-2293.98,3
2025-11-14T19:18:58.506891,19:18:58,-2263.18,-2263.18,3
2025-11-14T19:19:10.598146,19:19:10,-1924.29,-1924.29,3
2025-11-14T19:19:22.918177,19:19:22,-2012.64,-2012.64,3
2025-11-14T19:19:34.837672,19:19:34,-2226.7,-2226.7,3
2025-11-14T19:19:47.099653,19:19:47,-2271.03,-2271.03,3
2025-11-14T19:19:59.797922,19:19:59,-2052.62,-2052.62,3
2025-11-14T19:20:12.196316,19:20:12,-1976.97,-1976.97,3
2025-11-14T19:20:24.712690,19:20:24,-2280.8,-2280.8,3
2025-11-14T19:20:37.039098,19:20:37,-1858.81,-1858.81,3
2025-11-14T19:20:49.371199,19:20:49,-1776.63,-1776.63,3
2025-11-14T19:21:01.751573,19:21:01,-1581.9,-1581.9,3
2025-11-14T19:21:13.867766,19:21:13,-1320.2,-1320.2,3
2025-11-14T19:21:26.362503,19:21:26,-654.9,-654.9,3
2025-11-14T19:21:38.400258,19:21:38,-372.9,-372.9,3
2025-11-14T19:21:50.542451,19:21:50,-723.76,-723.76,3
2025-11-14T19:22:02.701393,19:22:02,-606.07,-606.07,3
2025-11-14T19:22:15.041847,19:22:15,-717.33,-717.33,3
2025-11-14T19:22:27.235380,19:22:27,-393.92,-393.92,3
2025-11-14T19:22:39.305016,19:22:39,-768.37,-768.37,3
2025-11-14T19:22:51.635569,19:22:51,-819.41,-819.41,3
2025-11-14T19:23:03.659292,19:23:03,-534.47,-534.47,3
2025-11-14T19:23:15.716046,19:23:15,-380.77,-380.77,3
2025-11-14T19:23:28.445180,19:23:28,-80.12,-80.12,3
2025-11-14T19:23:40.602861,19:23:40,-34.94,-34.94,3
2025-11-14T19:23:52.991166,19:23:52,-6.49,-6.49,3
2025-11-14T19:24:05.078380,19:24:05,-50.85,-50.85,3
2025-11-14T19:24:17.280703,19:24:17,-251.44,-251.44,3
2025-11-14T19:24:29.533105,19:24:29,-256.71,-256.71,3
2025-11-14T19:24:41.747080,19:24:41,-172.22,-172.22,3
2025-11-14T19:24:54.131964,19:24:54,-228.33,-228.33,3
2025-11-14T19:25:06.363527,19:25:06,-306.45,-306.45,3
2025-11-14T19:25:18.912508,19:25:18,-105.92,-105.92,3
2025-11-14T19:25:31.520395,19:25:31,343.53,343.53,3
2025-11-14T19:25:43.709328,19:25:43,444.65,444.65,3
2025-11-14T19:25:55.879417,19:25:55,182.14,182.14,3
2025-11-14T19:26:08.349365,19:26:08,421.05,421.05,3
2025-11-14T19:26:20.482208,19:26:20,78.33,78.33,3
2025-11-14T19:26:32.677164,19:26:32,179.86,179.86,3
2025-11-14T19:26:45.456106,19:26:45,145.77,145.77,3
2025-11-14T19:26:57.841449,19:26:57,190.09,190.09,3
2025-11-14T19:27:10.154857,19:27:10,81.39,81.39,3
2025-11-14T19:27:22.445376,19:27:22,-672.88,-672.88,3
2025-11-14T19:27:34.535374,19:27:34,-578.94,-578.94,3
2025-11-14T19:27:46.763138,19:27:46,-738.33,-738.33,3
2025-11-14T19:27:59.425165,19:27:59,-661.98,-661.98,3
2025-11-14T19:28:11.903465,19:28:11,-607.53,-607.53,3
2025-11-14T19:28:24.252114,19:28:24,-672.29,-672.29,3
2025-11-14T19:28:36.938708,19:28:36,-590.1,-590.1,3
2025-11-14T19:28:48.958464,19:28:48,-455.55,-455.55,3
2025-11-14T19:29:01.260373,19:29:01,-390.79,-390.79,3
2025-11-14T19:29:13.482262,19:29:13,-295.86,-295.86,3
2025-11-14T19:29:25.776171,19:29:25,-257.0,-257.0,3
2025-11-14T19:29:38.051489,19:29:38,-339.57,-339.57,3
2025-11-14T19:29:50.556792,19:29:50,-422.73,-422.73,3
2025-11-14T19:30:03.829389,19:30:03,-363.09,-363.09,3
2025-11-14T19:30:16.129074,19:30:16,-122.47,-122.47,3
2025-11-14T19:30:28.374853,19:30:28,-71.75,-71.75,3
2025-11-14T19:30:40.480095,19:30:40,-312.29,-312.29,3
2025-11-14T19:30:52.791870,19:30:52,-590.47,-590.47,3
2025-11-14T19:31:05.179204,19:31:05,-549.79,-549.79,3
2025-11-14T19:31:17.401937,19:31:17,-957.4,-957.4,3
2025-11-14T19:31:29.304569,19:31:29,-924.83,-924.83,3
2025-11-14T19:31:41.585545,19:31:41,-639.3,-639.3,3
2025-11-14T19:31:53.692576,19:31:53,-772.14,-772.14,3
2025-11-14T19:32:05.841511,19:32:05,-867.22,-867.22,3
2025-11-14T19:32:18.429659,19:32:18,-890.95,-890.95,3
2025-11-14T19:32:30.492679,19:32:30,-981.3,-981.3,3
2025-11-14T19:32:42.667303,19:32:42,-642.61,-642.61,3
2025-11-14T19:32:54.811910,19:32:54,-721.15,-721.15,3
2025-11-14T19:33:06.803511,19:33:06,-509.92,-509.92,3
2025-11-14T19:33:19.020866,19:33:19,-93.41,-93.41,3
2025-11-14T19:33:31.369334,19:33:31,52.86,52.86,3
2025-11-14T19:33:43.440601,19:33:43,-194.72,-194.72,3
2025-11-14T19:33:55.483163,19:33:55,-384.0,-384.0,3
2025-11-14T19:34:07.801497,19:34:07,-240.21,-240.21,3
2025-11-14T19:34:19.890614,19:34:19,-153.0,-153.0,3
2025-11-14T19:34:32.097318,19:34:32,-55.27,-55.27,3
2025-11-14T19:34:44.493829,19:34:44,205.84,205.84,3
2025-11-14T19:34:56.704021,19:34:56,328.54,328.54,3
2025-11-14T19:35:09.711411,19:35:09,472.48,472.48,3
2025-11-14T19:35:21.693032,19:35:21,287.55,287.55,3
2025-11-14T19:35:33.771098,19:35:33,217.09,217.09,3
2025-11-14T19:35:46.187194,19:35:46,457.29,457.29,3
2025-11-14T19:35:58.408432,19:35:58,661.24,661.24,3
2025-11-14T19:36:10.881739,19:36:10,766.54,766.54,3
2025-11-14T19:36:23.122755,19:36:23,672.94,672.94,3
2025-11-14T19:36:35.343234,19:36:35,587.37,587.37,3
2025-11-14T19:36:47.491870,19:36:47,625.91,625.91,3
2025-11-14T19:36:59.634274,19:36:59,669.34,669.34,3
2025-11-14T19:37:11.663223,19:37:11,530.72,530.72,3
2025-11-14T19:37:24.396638,19:37:24,621.97,621.97,3
2025-11-14T19:37:36.722015,19:37:36,794.43,794.43,3
2025-11-14T19:37:49.593010,19:37:49,854.53,854.53,3
2025-11-14T19:38:01.920103,19:38:01,806.96,806.96,3
2025-11-14T19:38:14.501620,19:38:14,1039.96,1039.96,3
2025-11-14T19:38:26.517799,19:38:26,918.69,918.69,3
2025-11-14T19:38:38.679646,19:38:38,689.64,689.64,3
2025-11-14T19:38:51.257955,19:38:51,599.21,599.21,3
2025-11-14T19:39:03.294603,19:39:03,318.42,318.42,3
2025-11-14T19:39:15.907123,19:39:15,108.96,108.96,3
2025-11-14T19:39:27.900509,19:39:27,158.57,158.57,3
2025-11-14T19:39:39.945017,19:39:39,149.77,149.77,3
2025-11-14T19:39:52.335851,19:39:52,277.63,277.63,3
2025-11-14T19:40:06.130142,19:40:06,595.11,595.11,3
2025-11-14T19:40:18.210822,19:40:18,319.72,319.72,3
2025-11-14T19:40:30.509158,19:40:30,171.21,171.21,3
2025-11-14T19:40:42.597471,19:40:42,-77.27,-77.27,3
2025-11-14T19:40:54.906751,19:40:54,148.32,148.32,3
2025-11-14T19:41:06.874827,19:41:06,-83.4,-83.4,3
2025-11-14T19:41:19.495762,19:41:19,21.23,21.23,3
2025-11-14T19:41:31.734500,19:41:31,-232.87,-232.87,3
2025-11-14T19:41:44.406760,19:41:44,-297.68,-297.68,3
2025-11-14T19:41:56.558137,19:41:56,-99.09,-99.09,3
2025-11-14T19:42:08.821336,19:42:08,-114.13,-114.13,3
2025-11-14T19:42:21.474800,19:42:21,-177.2,-177.2,3
2025-11-14T19:42:33.798323,19:42:33,-180.83,-180.83,3
2025-11-14T19:42:46.346158,19:42:46,-175.42,-175.42,3
2025-11-14T19:42:58.647798,19:42:58,-43.0,-43.0,3
2025-11-14T19:43:11.135377,19:43:11,-232.4,-232.4,3
2025-11-14T19:43:23.543497,19:43:23,-158.33,-158.33,3
2025-11-14T19:43:35.983157,19:43:35,-246.54,-246.54,3
2025-11-14T19:43:50.970105,19:43:50,-339.68,-339.68,3
2025-11-14T19:44:03.132781,19:44:03,-310.43,-310.43,3
2025-11-14T19:44:15.377457,19:44:15,-380.68,-380.68,3
2025-11-14T19:44:27.782477,19:44:27,-398.41,-398.41,3
2025-11-14T19:44:40.288019,19:44:40,-526.89,-526.89,3
2025-11-14T19:44:53.372144,19:44:53,-410.55,-410.55,3
2025-11-14T19:45:06.060532,19:45:06,-385.11,-385.11,3
2025-11-14T19:45:19.197831,19:45:19,-448.71,-448.71,3
2025-11-14T19:45:31.944681,19:45:31,-410.92,-410.92,3
2025-11-14T19:45:45.381455,19:45:45,-21.05,-21.05,3
2025-11-14T19:45:58.309092,19:45:58,153.25,153.25,3
2025-11-14T19:46:11.360332,19:46:11,189.02,189.02,3
2025-11-14T19:46:24.457977,19:46:24,266.51,266.51,3
2025-11-14T19:46:37.679690,19:46:37,27.71,27.71,3
2025-11-14T19:46:50.295314,19:46:50,59.46,59.46,3
2025-11-14T19:47:03.102467,19:47:03,165.53,165.53,3
2025-11-14T19:47:15.400573,19:47:15,244.62,244.62,3
2025-11-14T19:47:28.083248,19:47:28,400.83,400.83,3
2025-11-14T19:47:40.236423,19:47:40,289.21,289.21,3
2025-11-14T19:47:52.536893,19:47:52,584.64,584.64,3
2025-11-14T19:48:04.797306,19:48:04,462.97,462.97,3
2025-11-14T19:48:17.121479,19:48:17,534.98,534.98,3
2025-11-14T19:48:29.378882,19:48:29,499.11,499.11,3
2025-11-14T19:48:41.336989,19:48:41,587.46,587.46,3
2025-11-14T19:48:53.503179,19:48:53,546.07,546.07,3
2025-11-14T19:49:05.683680,19:49:05,716.21,716.21,3
2025-11-14T19:49:18.547798,19:49:18,805.64,805.64,3
2025-11-14T19:49:30.738298,19:49:30,552.52,552.52,3
2025-11-14T19:49:43.239702,19:49:43,462.33,462.33,3
2025-11-14T19:49:55.431676,19:49:55,491.72,491.72,3
2025-11-14T19:50:07.903046,19:50:07,419.36,419.36,3
2025-11-14T19:50:20.304263,19:50:20,450.96,450.96,3
2025-11-14T19:50:32.423836,19:50:32,495.91,495.91,3
2025-11-14T19:50:44.515060,19:50:44,489.82,489.82,3
2025-11-14T19:50:56.948102,19:50:56,360.38,360.38,3
2025-11-14T19:51:09.169628,19:51:09,377.99,377.99,3
2025-11-14T19:51:21.765593,19:51:21,415.07,415.07,3
2025-11-14T19:51:34.429769,19:51:34,116.25,116.25,3
2025-11-14T19:51:46.661239,19:51:46,227.97,227.97,3
2025-11-14T19:51:58.739339,19:51:58,300.85,300.85,3
2025-11-14T19:52:11.280707,19:52:11,290.41,290.41,3
2025-11-14T19:52:23.487629,19:52:23,319.25,319.25,3
2025-11-14T19:52:35.569649,19:52:35,327.61,327.61,3
2025-11-14T19:52:48.008871,19:52:48,427.31,427.31,3
2025-11-14T19:53:00.500413,19:53:00,424.93,424.93,3
2025-11-14T19:53:13.042245,19:53:13,373.27,373.27,3
2025-11-14T19:53:25.514834,19:53:25,572.67,572.67,3
2025-11-14T19:53:37.493426,19:53:37,529.35,529.35,3
2025-11-14T19:53:50.266910,19:53:50,549.54,549.54,3
2025-11-14T19:54:02.363754,19:54:02,416.68,416.68,3
2025-11-14T19:54:14.679194,19:54:14,500.52,500.52,3
2025-11-14T19:54:27.185213,19:54:27,606.92,606.92,3
2025-11-14T19:54:39.622400,19:54:39,732.63,732.63,3
2025-11-14T19:54:51.702429,19:54:51,753.85,753.85,3
2025-11-14T19:55:03.873790,19:55:03,666.2,666.2,3
2025-11-14T19:55:16.397881,19:55:16,809.51,809.51,3
2025-11-14T19:55:29.020790,19:55:29,760.2,760.2,3
2025-11-14T19:55:41.298748,19:55:41,469.26,469.26,3
2025-11-14T19:55:54.198907,19:55:54,423.77,423.77,3
2025-11-14T19:56:06.648829,19:56:06,493.9,493.9,3
2025-11-14T19:56:18.878192,19:56:18,471.07,471.07,3
2025-11-14T19:56:31.411187,19:56:31,424.68,424.68,3
2025-11-14T19:56:43.678645,19:56:43,527.56,527.56,3
2025-11-14T19:56:55.864185,19:56:55,353.23,353.23,3
2025-11-14T19:57:08.106977,19:57:08,291.23,291.23,3
2025-11-14T19:57:20.396254,19:57:20,195.89,195.89,3
2025-11-14T19:57:32.585773,19:57:32,193.37,193.37,3
2025-11-14T19:57:44.661385,19:57:44,18.27,18.27,3
2025-11-14T19:57:56.751758,19:57:56,-139.32,-139.32,3
2025-11-14T19:58:08.905826,19:58:08,120.59,120.59,3
2025-11-14T19:58:21.480750,19:58:21,118.99,118.99,3
2025-11-14T19:58:33.667460,19:58:33,1.15,1.15,3
2025-11-14T19:58:45.789105,19:58:45,-59.14,-59.14,3
2025-11-14T19:58:57.998876,19:58:57,12.49,12.49,3
2025-11-14T19:59:10.102495,19:59:10,-59.68,-59.68,3
2025-11-14T19:59:22.442821,19:59:22,-77.32,-77.32,3
2025-11-14T19:59:35.014102,19:59:35,-138.55,-138.55,3
2025-11-14T19:59:47.353371,19:59:47,-93.98,-93.98,3
2025-11-14T19:59:59.509838,19:59:59,-70.27,-70.27,3
2025-11-14T20:00:14.933946,20:00:14,450.88,450.88,3
2025-11-14T20:00:27.150291,20:00:27,497.11,497.11,3
2025-11-14T20:00:39.422479,20:00:39,717.54,717.54,3
2025-11-14T20:00:52.079236,20:00:52,367.99,367.99,3
2025-11-14T20:01:04.584805,20:01:04,405.81,405.81,3
2025-11-14T20:01:16.991883,20:01:16,193.68,193.68,3
2025-11-14T20:01:29.716277,20:01:29,5.61,5.61,3
2025-11-14T20:01:44.323333,20:01:44,-574.98,-574.98,3
2025-11-14T20:01:56.440016,20:01:56,-591.89,-591.89,3
2025-11-14T20:02:08.833987,20:02:08,-300.31,-300.31,3
2025-11-14T20:02:21.035180,20:02:21,-635.24,-635.24,3
2025-11-14T20:02:33.157461,20:02:33,-817.21,-817.21,3
2025-11-14T20:02:45.590434,20:02:45,-900.62,-900.62,3
2025-11-14T20:02:57.919245,20:02:57,-589.53,-589.53,3
2025-11-14T20:03:10.263052,20:03:10,-1013.4,-1013.4,3
2025-11-14T20:03:22.506146,20:03:22,-1350.49,-1350.49,3
2025-11-14T20:03:34.690777,20:03:34,-1253.08,-1253.08,3
2025-11-14T20:03:47.138869,20:03:47,-1164.18,-1164.18,3
2025-11-14T20:03:59.931407,20:03:59,-1007.63,-1007.63,3
2025-11-14T20:04:12.124200,20:04:12,-821.66,-821.66,3
2025-11-14T20:04:24.483629,20:04:24,-243.07,-243.07,3
2025-11-14T20:04:36.707831,20:04:36,75.91,75.91,3
2025-11-14T20:04:49.229078,20:04:49,675.31,675.31,3
2025-11-14T20:05:01.439919,20:05:01,367.83,367.83,3
2025-11-14T20:05:13.858440,20:05:13,923.16,923.16,3
2025-11-14T20:05:26.540049,20:05:26,681.32,681.32,3
2025-11-14T20:05:38.841754,20:05:38,1022.12,1022.12,3
2025-11-14T20:05:50.989035,20:05:50,1304.9,1304.9,3
2025-11-14T20:06:03.478061,20:06:03,1421.41,1421.41,3
2025-11-14T20:06:16.051664,20:06:16,2061.16,2061.16,3
2025-11-14T20:06:28.595207,20:06:28,2536.29,2536.29,3
2025-11-14T20:06:41.614031,20:06:41,2296.85,2296.85,3
2025-11-14T20:06:53.843868,20:06:53,2196.0,2196.0,3
2025-11-14T20:07:06.267232,20:07:06,2221.07,2221.07,3
2025-11-14T20:07:18.642623,20:07:18,2561.3,2561.3,3
2025-11-14T20:07:31.211566,20:07:31,2396.91,2396.91,3
2025-11-14T20:07:43.521467,20:07:43,2115.08,2115.08,3
2025-11-14T20:07:55.732103,20:07:55,2057.48,2057.48,3
2025-11-14T20:08:08.636207,20:08:08,2163.17,2163.17,3
2025-11-14T20:08:20.734035,20:08:20,2231.88,2231.88,3
2025-11-14T20:08:32.827705,20:08:32,2504.89,2504.89,3
2025-11-14T20:08:45.656822,20:08:45,2834.81,2834.81,3
2025-11-14T20:08:58.321950,20:08:58,3057.69,3057.69,3
2025-11-14T20:09:10.698103,20:09:10,2640.97,2640.97,3
2025-11-14T20:09:22.752069,20:09:22,2795.47,2795.47,3
2025-11-14T20:09:34.809300,20:09:34,2514.64,2514.64,3
2025-11-14T20:09:47.217312,20:09:47,2689.28,2689.28,3
2025-11-14T20:09:59.319708,20:09:59,2552.7,2552.7,3
2025-11-14T20:10:11.508616,20:10:11,2379.0,2379.0,3
2025-11-14T20:10:24.411054,20:10:24,2127.12,2127.12,3
2025-11-14T20:10:36.699471,20:10:36,1777.63,1777.63,3
2025-11-14T20:10:48.958699,20:10:48,1743.25,1743.25,3
2025-11-14T20:11:01.193859,20:11:01,1630.5,1630.5,3
2025-11-14T20:11:13.402998,20:11:13,2191.4,2191.4,3
2025-11-14T20:11:25.658142,20:11:25,2682.78,2682.78,3
2025-11-14T20:11:38.383399,20:11:38,2615.94,2615.94,3
2025-11-14T20:11:55.346665,20:11:55,2559.29,2559.29,3
2025-11-14T20:12:07.446847,20:12:07,2631.98,2631.98,3
2025-11-14T20:12:19.470303,20:12:19,2273.16,2273.16,3
2025-11-14T20:12:31.836417,20:12:31,2235.6,2235.6,3
2025-11-14T20:12:44.476745,20:12:44,2182.21,2182.21,3
2025-11-14T20:12:56.598522,20:12:56,2569.88,2569.88,3
2025-11-14T20:13:08.936341,20:13:08,2421.01,2421.01,3
2025-11-14T20:13:20.963951,20:13:20,2737.41,2737.41,3
2025-11-14T20:13:33.421730,20:13:33,2595.43,2595.43,3
2025-11-14T20:13:45.597634,20:13:45,2781.37,2781.37,3
2025-11-14T20:13:58.106849,20:13:58,2841.82,2841.82,3
2025-11-14T20:14:10.739326,20:14:10,3043.5,3043.5,3
2025-11-14T20:14:22.999258,20:14:22,3324.1,3324.1,3
2025-11-14T20:14:35.304257,20:14:35,3241.32,3241.32,3
2025-11-14T20:14:47.832127,20:14:47,3194.76,3194.76,3
2025-11-14T20:15:00.208909,20:15:00,3104.05,3104.05,3
2025-11-14T20:15:13.161399,20:15:13,3229.8,3229.8,3
2025-11-14T20:15:26.010383,20:15:26,3583.86,3583.86,3
2025-11-14T20:15:38.270634,20:15:38,3661.53,3661.53,3
2025-11-14T20:15:50.359755,20:15:50,3619.2,3619.2,3
2025-11-14T20:16:02.579676,20:16:02,3694.98,3694.98,3
2025-11-14T20:16:14.837158,20:16:14,3404.61,3404.61,3
2025-11-14T20:16:27.311087,20:16:27,3347.84,3347.84,3
2025-11-14T20:16:39.826169,20:16:39,3505.11,3505.11,3
2025-11-14T20:16:52.288133,20:16:52,3290.75,3290.75,3
2025-11-14T20:17:04.864130,20:17:04,3368.31,3368.31,3
2025-11-14T20:17:17.042995,20:17:17,3061.03,3061.03,3
2025-11-14T20:17:29.778178,20:17:29,3123.9,3123.9,3
2025-11-14T20:17:42.184582,20:17:42,2984.04,2984.04,3
2025-11-14T20:17:54.596120,20:17:54,3256.18,3256.18,3
2025-11-14T20:18:07.088231,20:18:07,3462.41,3462.41,3
2025-11-14T20:18:19.338936,20:18:19,3517.25,3517.25,3
2025-11-14T20:18:31.629714,20:18:31,3617.48,3617.48,3
2025-11-14T20:18:43.956952,20:18:43,3617.04,3617.04,3
2025-11-14T20:18:56.836693,20:18:56,3718.39,3718.39,3
2025-11-14T20:19:09.515336,20:19:09,3775.08,3775.08,3
2025-11-14T20:19:22.211315,20:19:22,3882.45,3882.45,3
2025-11-14T20:19:34.417652,20:19:34,3596.49,3596.49,3
2025-11-14T20:19:46.338105,20:19:46,3518.32,3518.32,3
2025-11-14T20:19:58.684361,20:19:58,3531.27,3531.27,3
2025-11-14T20:20:10.893182,20:20:10,3482.11,3482.11,3
2025-11-14T20:20:23.075885,20:20:23,3291.46,3291.46,3
2025-11-14T20:20:35.456657,20:20:35,3091.15,3091.15,3
2025-11-14T20:20:47.859899,20:20:47,2915.75,2915.75,3
2025-11-14T20:21:00.404629,20:21:00,3012.54,3012.54,3
2025-11-14T20:21:12.974791,20:21:12,2896.82,2896.82,3
2025-11-14T20:21:25.719485,20:21:25,2667.02,2667.02,3
2025-11-14T20:21:38.024773,20:21:38,2744.21,2744.21,3
2025-11-14T20:21:50.599272,20:21:50,2807.07,2807.07,3
2025-11-14T20:22:02.798037,20:22:02,2909.89,2909.89,3
2025-11-14T20:22:15.386631,20:22:15,3146.31,3146.31,3
2025-11-14T20:22:27.749065,20:22:27,3134.47,3134.47,3
2025-11-14T20:22:39.945653,20:22:39,3520.18,3520.18,3
2025-11-14T20:22:52.528543,20:22:52,3645.64,3645.64,3
2025-11-14T20:23:05.206377,20:23:05,3693.96,3693.96,3
2025-11-14T20:23:17.924149,20:23:17,3725.31,3725.31,3
2025-11-14T20:23:30.227579,20:23:30,3997.3,3997.3,3
2025-11-14T20:23:42.508752,20:23:42,3988.54,3988.54,3
2025-11-14T20:23:54.747110,20:23:54,3811.24,3811.24,3
2025-11-14T20:24:07.048939,20:24:07,3816.37,3816.37,3
2025-11-14T20:24:19.327731,20:24:19,3749.64,3749.64,3
2025-11-14T20:24:31.466045,20:24:31,3680.31,3680.31,3
2025-11-14T20:24:43.547548,20:24:43,3519.43,3519.43,3
2025-11-14T20:24:56.010424,20:24:56,3483.49,3483.49,3
2025-11-14T20:25:08.384187,20:25:08,3414.06,3414.06,3
2025-11-14T20:25:20.782705,20:25:20,3065.54,3065.54,3
2025-11-14T20:25:33.180276,20:25:33,3192.31,3192.31,3
2025-11-14T20:25:45.415403,20:25:45,3012.32,3012.32,3
2025-11-14T20:25:58.124931,20:25:58,3152.97,3152.97,3
2025-11-14T20:26:10.287628,20:26:10,3164.13,3164.13,3
2025-11-14T20:26:23.122336,20:26:23,3384.63,3384.63,3
2025-11-14T20:26:35.550577,20:26:35,3543.63,3543.63,3
2025-11-14T20:26:48.381145,20:26:48,3544.41,3544.41,3
2025-11-14T20:27:00.682096,20:27:00,3413.97,3413.97,3
2025-11-14T20:27:13.075436,20:27:13,3220.98,3220.98,3
2025-11-14T20:27:25.603051,20:27:25,3194.61,3194.61,3
2025-11-14T20:27:38.437281,20:27:38,3233.9,3233.9,3
2025-11-14T20:27:50.641142,20:27:50,3244.49,3244.49,3
2025-11-14T20:28:03.019468,20:28:03,3233.19,3233.19,3
2025-11-14T20:28:15.364456,20:28:15,3452.92,3452.92,3
2025-11-14T20:28:27.778518,20:28:27,3251.68,3251.68,3
2025-11-14T20:28:39.841832,20:28:39,3273.24,3273.24,3
2025-11-14T20:28:52.014780,20:28:52,3361.68,3361.68,3
2025-11-14T20:29:06.618925,20:29:06,3465.18,3465.18,3
2025-11-14T20:29:18.800495,20:29:18,3514.45,3514.45,3
2025-11-14T20:29:31.477612,20:29:31,3786.9,3786.9,3
2025-11-14T20:29:43.708659,20:29:43,3679.06,3679.06,3
2025-11-14T20:29:55.881580,20:29:55,3620.25,3620.25,3
2025-11-14T20:30:08.777615,20:30:08,3649.68,3649.68,3
2025-11-14T20:30:20.929542,20:30:20,3607.36,3607.36,3
2025-11-14T20:30:33.638145,20:30:33,3233.84,3233.84,3
2025-11-14T20:30:45.939663,20:30:45,3131.55,3131.55,3
2025-11-14T20:30:58.342741,20:30:58,3102.52,3102.52,3
2025-11-14T20:31:10.608473,20:31:10,3034.83,3034.83,3
2025-11-14T20:31:23.417987,20:31:23,2941.83,2941.83,3
2025-11-14T20:31:36.553458,20:31:36,2926.14,2926.14,3
2025-11-14T20:31:49.543185,20:31:49,2774.5,2774.5,3
2025-11-14T20:32:01.850655,20:32:01,2948.44,2948.44,3
2025-11-14T20:32:14.763069,20:32:14,2880.24,2880.24,3
2025-11-14T20:32:28.015980,20:32:28,2701.71,2701.71,3
2025-11-14T20:32:41.218189,20:32:41,2632.99,2632.99,3
2025-11-14T20:32:53.713691,20:32:53,2567.51,2567.51,3
2025-11-14T20:33:06.234829,20:33:06,2333.97,2333.97,3
2025-11-14T20:33:18.713025,20:33:18,2324.04,2324.04,3
2025-11-14T20:33:30.699388,20:33:30,2544.59,2544.59,3
2025-11-14T20:33:42.989506,20:33:42,2265.62,2265.62,3
2025-11-14T20:33:55.450226,20:33:55,2445.97,2445.97,3
2025-11-14T20:34:07.476183,20:34:07,2287.98,2287.98,3
2025-11-14T20:34:19.744355,20:34:19,2536.18,2536.18,3
2025-11-14T20:34:31.725927,20:34:31,2451.64,2451.64,3
2025-11-14T20:34:44.087531,20:34:44,2348.97,2348.97,3
2025-11-14T20:34:56.590761,20:34:56,2233.71,2233.71,3
2025-11-14T20:35:10.105110,20:35:10,2033.48,2033.48,3
2025-11-14T20:35:22.506855,20:35:22,2111.05,2111.05,3
2025-11-14T20:35:34.425253,20:35:34,1941.9,1941.9,3
2025-11-14T20:35:46.635399,20:35:46,2044.34,2044.34,3
2025-11-14T20:35:58.733958,20:35:58,2380.65,2380.65,3
2025-11-14T20:36:10.959046,20:36:10,2469.13,2469.13,3
2025-11-14T20:36:23.413142,20:36:23,2482.34,2482.34,3
2025-11-14T20:36:35.581089,20:36:35,3025.0,3025.0,3
2025-11-14T20:36:48.458334,20:36:48,3012.79,3012.79,3
2025-11-14T20:37:01.118350,20:37:01,3185.93,3185.93,3
2025-11-14T20:37:13.722477,20:37:13,2881.0,2881.0,3
2025-11-14T20:37:26.150361,20:37:26,2748.15,2748.15,3
2025-11-14T20:37:38.379845,20:37:38,2651.66,2651.66,3
2025-11-14T20:37:50.612171,20:37:50,2763.91,2763.91,3
2025-11-14T20:38:03.148720,20:38:03,2789.26,2789.26,3
2025-11-14T20:38:15.485692,20:38:15,2880.88,2880.88,3
2025-11-14T20:38:27.741471,20:38:27,2893.7,2893.7,3
2025-11-14T20:38:39.824422,20:38:39,2864.19,2864.19,3
2025-11-14T20:38:52.041249,20:38:52,3247.05,3247.05,3
2025-11-14T20:39:04.345520,20:39:04,3128.21,3128.21,3
2025-11-14T20:39:16.727128,20:39:16,3131.29,3131.29,3
2025-11-14T20:39:28.859489,20:39:28,3134.4,3134.4,3
2025-11-14T20:39:41.334506,20:39:41,3341.18,3341.18,3
2025-11-14T20:39:54.058678,20:39:54,3332.09,3332.09,3
2025-11-14T20:40:06.997221,20:40:06,3166.37,3166.37,3
2025-11-14T20:40:19.293435,20:40:19,3187.17,3187.17,3
2025-11-14T20:40:31.583860,20:40:31,3224.83,3224.83,3
2025-11-14T20:40:44.324849,20:40:44,3320.79,3320.79,3
2025-11-14T20:40:56.576335,20:40:56,3127.86,3127.86,3
2025-11-14T20:41:08.832246,20:41:08,3127.39,3127.39,3
2025-11-14T20:41:21.056888,20:41:21,2936.5,2936.5,3
2025-11-14T20:41:33.672796,20:41:33,2670.63,2670.63,3
2025-11-14T20:41:46.016874,20:41:46,2625.03,2625.03,3
2025-11-14T20:41:58.466929,20:41:58,2615.39,2615.39,3
2025-11-14T20:42:11.377301,20:42:11,2440.54,2440.54,3
2025-11-14T20:42:24.035124,20:42:24,2423.54,2423.54,3
2025-11-14T20:42:36.736555,20:42:36,2394.08,2394.08,3
2025-11-14T20:42:48.838192,20:42:48,2260.39,2260.39,3
2025-11-14T20:43:01.447397,20:43:01,2125.65,2125.65,3
2025-11-14T20:43:13.643543,20:43:13,1941.6,1941.6,3
2025-11-14T20:43:25.939413,20:43:25,1786.32,1786.32,3
2025-11-14T20:43:38.390098,20:43:38,1541.47,1541.47,3
2025-11-14T20:43:50.657071,20:43:50,1659.9,1659.9,3
2025-11-14T20:44:03.022943,20:44:03,1773.09,1773.09,3
2025-11-14T20:44:15.750796,20:44:15,1739.18,1739.18,3
2025-11-14T20:44:28.129897,20:44:28,1919.04,1919.04,3
2025-11-14T20:44:40.401625,20:44:40,1917.48,1917.48,3
2025-11-14T20:44:55.415008,20:44:55,2095.12,2095.12,3
2025-11-14T20:45:07.727336,20:45:07,2081.6,2081.6,3
2025-11-14T20:45:19.939954,20:45:19,2074.13,2074.13,3
2025-11-14T20:45:32.202814,20:45:32,2163.65,2163.65,3
2025-11-14T20:45:44.466668,20:45:44,1956.26,1956.26,3
2025-11-14T20:45:57.023303,20:45:57,2001.63,2001.63,3
2025-11-14T20:46:09.563134,20:46:09,2137.82,2137.82,3
2025-11-14T20:46:21.694492,20:46:21,2588.4,2588.4,3
2025-11-14T20:46:34.030794,20:46:34,2431.31,2431.31,3
2025-11-14T20:46:46.619113,20:46:46,2520.49,2520.49,3
2025-11-14T20:46:58.751791,20:46:58,2474.81,2474.81,3
2025-11-14T20:47:11.583178,20:47:11,2481.96,2481.96,3
2025-11-14T20:47:24.207932,20:47:24,2352.41,2352.41,3
2025-11-14T20:47:36.799042,20:47:36,2709.19,2709.19,3
2025-11-14T20:47:49.291730,20:47:49,2637.97,2637.97,3
2025-11-14T20:48:01.314226,20:48:01,2582.29,2582.29,3
2025-11-14T20:48:13.733916,20:48:13,2734.54,2734.54,3
2025-11-14T20:48:26.668384,20:48:26,2418.17,2418.17,3
2025-11-14T20:48:38.965923,20:48:38,2687.7,2687.7,3
2025-11-14T20:48:51.067067,20:48:51,2526.76,2526.76,3
2025-11-14T20:49:03.781956,20:49:03,2626.82,2626.82,3
2025-11-14T20:49:16.529401,20:49:16,2460.05,2460.05,3
2025-11-14T20:49:28.699831,20:49:28,2322.39,2322.39,3
2025-11-14T20:49:41.267814,20:49:41,2230.39,2230.39,3
2025-11-14T20:49:53.721500,20:49:53,2080.32,2080.32,3
2025-11-14T20:50:06.117965,20:50:06,2224.51,2224.51,3
2025-11-14T20:50:18.532084,20:50:18,2457.0,2457.0,3
2025-11-14T20:50:30.877457,20:50:30,2285.86,2285.86,3
2025-11-14T20:50:43.027266,20:50:43,2480.01,2480.01,3
2025-11-14T20:50:55.162271,20:50:55,2648.8,2648.8,3
2025-11-14T20:51:07.501415,20:51:07,2400.16,2400.16,3
2025-11-14T20:51:19.873720,20:51:19,2141.84,2141.84,3
2025-11-14T20:51:32.296481,20:51:32,2119.89,2119.89,3
2025-11-14T20:51:44.797446,20:51:44,2291.1,2291.1,3
2025-11-14T20:51:57.130066,20:51:57,2510.58,2510.58,3
2025-11-14T20:52:09.769320,20:52:09,2500.24,2500.24,3
2025-11-14T20:52:21.822844,20:52:21,2675.84,2675.84,3
2025-11-14T20:52:34.733246,20:52:34,2825.03,2825.03,3
2025-11-14T20:52:47.342416,20:52:47,2815.71,2815.71,3
2025-11-14T20:52:59.812370,20:52:59,2729.61,2729.61,3
2025-11-14T20:53:12.294521,20:53:12,2806.08,2806.08,3
2025-11-14T20:53:24.904151,20:53:24,2563.72,2563.72,3
2025-11-14T20:53:37.021936,20:53:37,2506.12,2506.12,3
2025-11-14T20:53:49.690228,20:53:49,2261.2,2261.2,3
2025-11-14T20:54:02.274884,20:54:02,2383.02,2383.02,3
2025-11-14T20:54:14.714008,20:54:14,2319.2,2319.2,3
2025-11-14T20:54:27.031089,20:54:27,2151.96,2151.96,3
2025-11-14T20:54:39.456402,20:54:39,2399.21,2399.21,3
2025-11-14T20:54:52.412388,20:54:52,2515.83,2515.83,3
2025-11-14T20:55:04.890506,20:55:04,2177.42,2177.42,3
2025-11-14T20:55:16.961333,20:55:16,2098.45,2098.45,3
2025-11-14T20:55:29.219362,20:55:29,1882.74,1882.74,3
2025-11-14T20:55:41.319791,20:55:41,1959.6,1959.6,3
2025-11-14T20:55:53.934729,20:55:53,1865.0,1865.0,3
2025-11-14T20:56:06.157252,20:56:06,1855.84,1855.84,3
2025-11-14T20:56:18.396487,20:56:18,1978.0,1978.0,3
2025-11-14T20:56:30.670172,20:56:30,2126.73,2126.73,3
2025-11-14T20:56:42.942658,20:56:42,2191.63,2191.63,3
2025-11-14T20:56:55.519177,20:56:55,2668.15,2668.15,3
2025-11-14T20:57:07.671546,20:57:07,2855.07,2855.07,3
2025-11-14T20:57:19.844851,20:57:19,2870.63,2870.63,3
2025-11-14T20:57:32.044160,20:57:32,2936.73,2936.73,3
2025-11-14T20:57:44.256766,20:57:44,2979.79,2979.79,3
2025-11-14T20:57:56.589349,20:57:56,3289.01,3289.01,3
2025-11-14T20:58:08.988061,20:58:08,3738.36,3738.36,3
2025-11-14T20:58:21.405174,20:58:21,3755.87,3755.87,3
2025-11-14T20:58:33.691589,20:58:33,3811.86,3811.86,4
2025-11-14T20:58:46.116736,20:58:46,3843.1,3843.1,4
2025-11-14T20:58:58.436200,20:58:58,4139.96,4139.96,4
2025-11-14T20:59:10.652131,20:59:10,3662.6,3662.6,4
2025-11-14T20:59:23.456645,20:59:23,3526.43,3526.43,4
2025-11-14T20:59:35.654807,20:59:35,3519.71,3519.71,4
2025-11-14T20:59:48.427879,20:59:48,3379.91,3379.91,4
2025-11-14T21:00:00.917190,21:00:00,3433.2,3433.2,4
2025-11-14T21:00:13.520449,21:00:13,3942.11,3942.11,4
2025-11-14T21:00:26.091602,21:00:26,3948.07,3948.07,4
2025-11-14T21:00:38.386896,21:00:38,4285.98,4285.98,4
2025-11-14T21:00:50.620151,21:00:50,4273.52,4273.52,4
2025-11-14T21:01:02.682402,21:01:02,4052.85,4052.85,4
2025-11-14T21:01:15.647012,21:01:15,3862.11,3862.11,4
2025-11-14T21:01:27.784912,21:01:27,3700.24,3700.24,4
2025-11-14T21:01:39.824155,21:01:39,3697.74,3697.74,4
2025-11-14T21:01:52.474860,21:01:52,3626.62,3626.62,4
2025-11-14T21:02:05.158463,21:02:05,3685.06,3685.06,4
2025-11-14T21:02:17.383130,21:02:17,3683.16,3683.16,4
2025-11-14T21:02:29.807737,21:02:29,3664.15,3664.15,4
2025-11-14T21:02:42.172148,21:02:42,3683.37,3683.37,4
2025-11-14T21:02:54.301011,21:02:54,3681.1,3681.1,4
2025-11-14T21:03:06.530201,21:03:06,3844.41,3844.41,4
2025-11-14T21:03:18.856178,21:03:18,3871.39,3871.39,4
2025-11-14T21:03:30.954751,21:03:30,3543.97,3543.97,4
2025-11-14T21:03:43.554372,21:03:43,3548.24,3548.24,4
2025-11-14T21:03:56.030374,21:03:56,3545.45,3545.45,4
2025-11-14T21:04:08.529900,21:04:08,3477.54,3477.54,4
2025-11-14T21:04:21.332124,21:04:21,3563.89,3563.89,4
2025-11-14T21:04:33.502372,21:04:33,3712.57,3712.57,4
2025-11-14T21:04:45.717342,21:04:45,3556.64,3556.64,4
2025-11-14T21:04:58.408279,21:04:58,3554.61,3554.61,4
2025-11-14T21:05:10.774993,21:05:10,3403.92,3403.92,4
2025-11-14T21:05:23.572072,21:05:23,3474.05,3474.05,4
2025-11-14T21:05:35.623259,21:05:35,3604.76,3604.76,4
2025-11-14T21:05:47.862368,21:05:47,3709.83,3709.83,4
2025-11-14T21:06:00.171647,21:06:00,3682.55,3682.55,4
2025-11-14T21:06:13.132334,21:06:13,3471.8,3471.8,4
2025-11-14T21:06:25.195362,21:06:25,3746.88,3746.88,4
2025-11-14T21:06:37.565574,21:06:37,3978.65,3978.65,4
2025-11-14T21:06:50.039523,21:06:50,3706.74,3706.74,4
2025-11-14T21:07:02.361146,21:07:02,3695.14,3695.14,4
2025-11-14T21:07:14.684379,21:07:14,3795.94,3795.94,4
2025-11-14T21:07:26.956208,21:07:26,3902.92,3902.92,4
2025-11-14T21:07:39.130888,21:07:39,3892.2,3892.2,4
2025-11-14T21:07:51.388357,21:07:51,3852.67,3852.67,4
2025-11-14T21:08:03.818479,21:08:03,4166.55,4166.55,4
2025-11-14T21:08:16.637623,21:08:16,4091.25,4091.25,4
2025-11-14T21:08:28.905714,21:08:28,4309.88,4309.88,4
2025-11-14T21:08:41.030385,21:08:41,3977.61,3977.61,4
2025-11-14T21:08:53.797942,21:08:53,4079.58,4079.58,4
2025-11-14T21:09:06.175762,21:09:06,4111.34,4111.34,4
2025-11-14T21:09:18.664644,21:09:18,4135.36,4135.36,4
2025-11-14T21:09:30.955611,21:09:30,4194.27,4194.27,4
2025-11-14T21:09:43.406189,21:09:43,4284.48,4284.48,4
2025-11-14T21:09:55.828156,21:09:55,4224.37,4224.37,4
2025-11-14T21:10:08.238558,21:10:08,4203.79,4203.79,4
2025-11-14T21:10:21.178399,21:10:21,4274.22,4274.22,4
2025-11-14T21:10:33.607853,21:10:33,4367.14,4367.14,4
2025-11-14T21:10:46.194345,21:10:46,4122.64,4122.64,4
2025-11-14T21:10:58.714108,21:10:58,4038.18,4038.18,4
2025-11-14T21:11:11.225146,21:11:11,4053.83,4053.83,4
2025-11-14T21:11:23.683572,21:11:23,3978.59,3978.59,4
2025-11-14T21:11:35.608885,21:11:35,3918.9,3918.9,4
2025-11-14T21:11:48.002259,21:11:48,3858.27,3858.27,4
2025-11-14T21:12:00.688925,21:12:00,3869.42,3869.42,4
2025-11-14T21:12:13.096215,21:12:13,4081.59,4081.59,4
2025-11-14T21:12:25.404668,21:12:25,4054.62,4054.62,4
2025-11-14T21:12:37.662030,21:12:37,4063.0,4063.0,4
2025-11-14T21:12:50.153232,21:12:50,4247.03,4247.03,4
2025-11-14T21:13:02.407111,21:13:02,4020.27,4020.27,4
2025-11-14T21:13:14.763860,21:13:14,4280.57,4280.57,4
2025-11-14T21:13:27.059689,21:13:27,4331.24,4331.24,4
2025-11-14T21:13:39.711450,21:13:39,4268.22,4268.22,4
2025-11-14T21:13:51.994605,21:13:51,4453.44,4453.44,4
2025-11-14T21:14:04.385515,21:14:04,4565.18,4565.18,4
2025-11-14T21:14:16.772214,21:14:16,4284.92,4284.92,4
2025-11-14T21:14:29.125924,21:14:29,4512.43,4512.43,4
2025-11-14T21:14:41.889668,21:14:41,4500.18,4500.18,4
2025-11-14T21:14:54.097443,21:14:54,4498.0,4498.0,4
2025-11-14T21:15:06.595034,21:15:06,4399.71,4399.71,4
2025-11-14T21:15:19.148598,21:15:19,4472.79,4472.79,4
2025-11-14T21:15:31.528973,21:15:31,4744.77,4744.77,4
2025-11-14T21:15:43.860343,21:15:43,4847.81,4847.81,4
2025-11-14T21:15:56.624307,21:15:56,4798.15,4798.15,4
2025-11-14T21:16:08.846992,21:16:08,4737.45,4737.45,4
2025-11-14T21:16:21.046058,21:16:21,4669.13,4669.13,4
2025-11-14T21:16:33.235211,21:16:33,4808.66,4808.66,4
2025-11-14T21:16:45.570971,21:16:45,4958.31,4958.31,4
2025-11-14T21:16:58.054249,21:16:58,5118.58,5118.58,4
2025-11-14T21:17:10.776421,21:17:10,5227.91,5227.91,4
2025-11-14T21:17:23.173192,21:17:23,5288.38,5288.38,4
2025-11-14T21:17:35.575006,21:17:35,5459.82,5459.82,4
2025-11-14T21:17:48.645416,21:17:48,5379.22,5379.22,4
2025-11-14T21:18:00.839937,21:18:00,5494.21,5494.21,4
2025-11-14T21:18:13.155557,21:18:13,5706.58,5706.58,4
2025-11-14T21:18:25.300628,21:18:25,5770.97,5770.97,4
2025-11-14T21:18:37.406343,21:18:37,5505.08,5505.08,4
2025-11-14T21:18:49.818056,21:18:49,5430.95,5430.95,4
2025-11-14T21:19:02.761698,21:19:02,5333.18,5333.18,4
2025-11-14T21:19:15.074935,21:19:15,5431.93,5431.93,4
2025-11-14T21:19:27.649584,21:19:27,5453.92,5453.92,4
2025-11-14T21:19:40.767068,21:19:40,5484.18,5484.18,4
2025-11-14T21:19:53.382174,21:19:53,5301.2,5301.2,4
2025-11-14T21:20:05.701488,21:20:05,5367.6,5367.6,4
2025-11-14T21:20:18.068634,21:20:18,5406.06,5406.06,4
2025-11-14T21:20:30.449593,21:20:30,5374.81,5374.81,4
2025-11-14T21:20:42.991041,21:20:42,5210.37,5210.37,4
2025-11-14T21:20:55.513289,21:20:55,5294.84,5294.84,4
2025-11-14T21:21:07.852072,21:21:07,5579.65,5579.65,4
2025-11-14T21:21:20.609309,21:21:20,5435.03,5435.03,4
2025-11-14T21:21:33.004707,21:21:33,5465.9,5465.9,4
2025-11-14T21:21:45.969099,21:21:45,5439.36,5439.36,4
2025-11-14T21:21:58.433312,21:21:58,5329.25,5329.25,4
2025-11-14T21:22:11.008069,21:22:11,5213.77,5213.77,4
2025-11-14T21:22:23.430771,21:22:23,5093.59,5093.59,4
2025-11-14T21:22:36.292676,21:22:36,5145.46,5145.46,4
2025-11-14T21:22:48.997497,21:22:48,5208.65,5208.65,4
2025-11-14T21:23:01.310280,21:23:01,5175.88,5175.88,4
2025-11-14T21:23:13.589511,21:23:13,5086.35,5086.35,4
2025-11-14T21:23:25.832097,21:23:25,5009.55,5009.55,4
2025-11-14T21:23:37.995283,21:23:37,4913.4,4913.4,4
2025-11-14T21:23:51.410724,21:23:51,4981.57,4981.57,4
2025-11-14T21:24:04.211848,21:24:04,4989.19,4989.19,4
2025-11-14T21:24:16.867686,21:24:16,4872.82,4872.82,4
2025-11-14T21:24:29.284957,21:24:29,4829.69,4829.69,4
2025-11-14T21:24:41.791708,21:24:41,4786.13,4786.13,4
2025-11-14T21:24:54.199760,21:24:54,4889.58,4889.58,4
2025-11-14T21:25:06.837507,21:25:06,4848.48,4848.48,4
2025-11-14T21:25:19.312129,21:25:19,4958.11,4958.11,4
2025-11-14T21:25:31.985857,21:25:31,5104.11,5104.11,4
2025-11-14T21:25:44.314542,21:25:44,5104.59,5104.59,4
2025-11-14T21:25:56.820048,21:25:56,4858.54,4858.54,4
2025-11-14T21:26:09.890956,21:26:09,4748.48,4748.48,4
2025-11-14T21:26:23.257138,21:26:23,4913.47,4913.47,4
2025-11-14T21:26:36.570507,21:26:36,4890.49,4890.49,4
2025-11-14T21:26:49.549380,21:26:49,4760.96,4760.96,4
2025-11-14T21:27:02.275744,21:27:02,4870.36,4870.36,4
2025-11-14T21:27:15.107126,21:27:15,4897.61,4897.61,4
2025-11-14T21:27:28.215261,21:27:28,4951.65,4951.65,4
2025-11-14T21:27:40.921620,21:27:40,4876.51,4876.51,4
2025-11-14T21:27:54.075932,21:27:54,4726.57,4726.57,4
2025-11-14T21:28:06.708103,21:28:06,4685.49,4685.49,4
2025-11-14T21:28:19.950699,21:28:19,4418.02,4418.02,4
2025-11-14T21:28:32.758920,21:28:32,4530.67,4530.67,4
2025-11-14T21:28:45.839235,21:28:45,4731.78,4731.78,4
2025-11-14T21:28:58.972396,21:28:58,4663.6,4663.6,4
2025-11-14T21:29:14.554581,21:29:14,4652.17,4652.17,4
2025-11-14T21:29:27.409919,21:29:27,4529.88,4529.88,4
2025-11-14T21:29:40.408869,21:29:40,4524.51,4524.51,4
2025-11-14T21:29:53.627289,21:29:53,4558.45,4558.45,4
2025-11-14T21:30:07.522531,21:30:07,4566.79,4566.79,4
2025-11-14T21:30:20.830726,21:30:20,4638.8,4638.8,4
2025-11-14T21:30:34.521711,21:30:34,4496.74,4496.74,4
2025-11-14T21:30:47.555509,21:30:47,4492.55,4492.55,4
2025-11-14T21:31:00.956901,21:31:00,4472.75,4472.75,4
2025-11-14T21:31:13.926477,21:31:13,4445.14,4445.14,4
2025-11-14T21:31:26.811823,21:31:26,4396.71,4396.71,4
2025-11-14T21:31:41.012525,21:31:41,4355.94,4355.94,4
2025-11-14T21:31:54.317919,21:31:54,4287.89,4287.89,4
2025-11-14T21:32:07.350372,21:32:07,4256.81,4256.81,4
2025-11-14T21:32:20.386417,21:32:20,4137.48,4137.48,4
2025-11-14T21:32:33.367284,21:32:33,4253.01,4253.01,4
2025-11-14T21:32:46.489970,21:32:46,4215.09,4215.09,4
2025-11-14T21:33:00.227605,21:33:00,4194.61,4194.61,4
2025-11-14T21:33:13.433495,21:33:13,4291.28,4291.28,4
2025-11-14T21:33:26.395733,21:33:26,4267.99,4267.99,4
2025-11-14T21:33:39.559334,21:33:39,4158.12,4158.12,4
2025-11-14T21:33:52.618149,21:33:52,4264.34,4264.34,4
2025-11-14T21:34:05.655631,21:34:05,4118.48,4118.48,4
2025-11-14T21:34:18.650278,21:34:18,4058.91,4058.91,4
2025-11-14T21:34:31.468517,21:34:31,3760.78,3760.78,4
2025-11-14T21:34:45.239574,21:34:45,3732.69,3732.69,4
2025-11-14T21:34:58.274921,21:34:58,3853.08,3853.08,4
2025-11-14T21:35:11.245105,21:35:11,3589.93,3589.93,4
2025-11-14T21:35:24.451450,21:35:24,3417.89,3417.89,4
2025-11-14T21:35:37.307387,21:35:37,3409.9,3409.9,4
2025-11-14T21:35:50.310401,21:35:50,3334.41,3334.41,4
2025-11-14T21:36:03.598845,21:36:03,3449.99,3449.99,4
2025-11-14T21:36:16.725383,21:36:16,3516.32,3516.32,4
2025-11-14T21:36:29.581047,21:36:29,3582.73,3582.73,4
2025-11-14T21:36:42.521303,21:36:42,3712.47,3712.47,4
2025-11-14T21:36:55.506664,21:36:55,3632.02,3632.02,4
2025-11-14T21:37:08.528303,21:37:08,3438.99,3438.99,4
2025-11-14T21:37:21.580776,21:37:21,3261.91,3261.91,4
2025-11-14T21:37:34.445971,21:37:34,3466.24,3466.24,4
2025-11-14T21:37:47.558538,21:37:47,3403.12,3403.12,4
2025-11-14T21:38:01.182640,21:38:01,3418.49,3418.49,4
2025-11-14T21:38:14.539080,21:38:14,3686.76,3686.76,4
2025-11-14T21:38:27.592717,21:38:27,3655.76,3655.76,4
2025-11-14T21:38:40.539764,21:38:40,3701.53,3701.53,4
2025-11-14T21:38:53.879999,21:38:53,3678.98,3678.98,4
2025-11-14T21:39:07.061067,21:39:07,3679.6,3679.6,4
2025-11-14T21:39:20.524329,21:39:20,3669.25,3669.25,4
2025-11-14T21:39:33.843281,21:39:33,3714.07,3714.07,4
2025-11-14T21:39:46.909182,21:39:46,3879.26,3879.26,4
2025-11-14T21:40:00.056650,21:40:00,3991.28,3991.28,4
2025-11-14T21:40:14.649582,21:40:14,3765.37,3765.37,4
2025-11-14T21:40:27.974771,21:40:27,3864.69,3864.69,4
2025-11-14T21:40:41.237853,21:40:41,3868.45,3868.45,4
2025-11-14T21:40:54.155490,21:40:54,4086.57,4086.57,4
2025-11-14T21:41:07.480434,21:41:07,3985.25,3985.25,4
2025-11-14T21:41:20.696780,21:41:20,3998.01,3998.01,4
2025-11-14T21:41:33.526567,21:41:33,4022.53,4022.53,4
2025-11-14T21:41:46.318293,21:41:46,4039.11,4039.11,4
2025-11-14T21:42:01.666877,21:42:01,4090.74,4090.74,4
2025-11-14T21:42:14.755198,21:42:14,4027.72,4027.72,4
2025-11-14T21:42:27.802927,21:42:27,4021.44,4021.44,4
2025-11-14T21:42:41.220247,21:42:41,3951.28,3951.28,4
2025-11-14T21:42:54.209934,21:42:54,3933.28,3933.28,4
2025-11-14T21:43:07.240965,21:43:07,3912.8,3912.8,4
2025-11-14T21:43:20.465341,21:43:20,4078.76,4078.76,4
2025-11-14T21:43:33.040798,21:43:33,4214.82,4214.82,4
2025-11-14T21:43:46.393933,21:43:46,4223.09,4223.09,4
2025-11-14T21:43:59.683780,21:43:59,4204.12,4204.12,4
2025-11-14T21:44:12.761884,21:44:12,4134.56,4134.56,4
2025-11-14T21:44:26.071928,21:44:26,4106.25,4106.25,4
2025-11-14T21:44:38.725952,21:44:38,4077.97,4077.97,4
2025-11-14T21:44:51.683548,21:44:51,4003.78,4003.78,4
2025-11-14T21:45:05.315143,21:45:05,3935.56,3935.56,4
2025-11-14T21:45:18.307445,21:45:18,4002.72,4002.72,4
2025-11-14T21:45:31.223258,21:45:31,4118.3,4118.3,4
2025-11-14T21:45:43.790338,21:45:43,4213.95,4213.95,4
2025-11-14T21:45:56.555330,21:45:56,4116.02,4116.02,4
2025-11-14T21:46:09.687953,21:46:09,4200.67,4200.67,4
2025-11-14T21:46:22.612441,21:46:22,4148.53,4148.53,4
2025-11-14T21:46:35.558645,21:46:35,4060.94,4060.94,4
2025-11-14T21:46:48.671198,21:46:48,3840.1,3840.1,4
2025-11-14T21:47:01.735521,21:47:01,3879.21,3879.21,4
2025-11-14T21:47:14.727137,21:47:14,3740.01,3740.01,4
2025-11-14T21:47:27.273533,21:47:27,3761.02,3761.02,4
2025-11-14T21:47:40.109042,21:47:40,3704.17,3704.17,4
2025-11-14T21:47:53.698669,21:47:53,3625.5,3625.5,4
2025-11-14T21:48:06.624465,21:48:06,3538.12,3538.12,4
2025-11-14T21:48:19.282578,21:48:19,3362.71,3362.71,4
2025-11-14T21:48:32.671541,21:48:32,3335.53,3335.53,4
2025-11-14T21:48:45.525830,21:48:45,3307.46,3307.46,4
2025-11-14T21:48:58.586545,21:48:58,3548.65,3548.65,4
2025-11-14T21:49:12.250216,21:49:12,3589.07,3589.07,4
2025-11-14T21:49:25.856077,21:49:25,3599.99,3599.99,4
2025-11-14T21:49:39.521822,21:49:39,3532.93,3532.93,4
2025-11-14T21:49:52.920653,21:49:52,3660.68,3660.68,4
2025-11-14T21:50:05.728906,21:50:05,3640.17,3640.17,4
2025-11-14T21:50:19.213012,21:50:19,3850.34,3850.34,4
2025-11-14T21:50:32.793047,21:50:32,3781.65,3781.65,4
2025-11-14T21:50:45.553658,21:50:45,3696.54,3696.54,4
2025-11-14T21:50:58.459110,21:50:58,3531.46,3531.46,4
2025-11-14T21:51:11.108907,21:51:11,3740.16,3740.16,4
2025-11-14T21:51:24.361139,21:51:24,3651.65,3651.65,4
2025-11-14T21:51:37.084816,21:51:37,3804.81,3804.81,4
2025-11-14T21:51:52.150152,21:51:52,3779.41,3779.41,4
2025-11-14T21:52:05.431191,21:52:05,3644.04,3644.04,4
2025-11-14T21:52:19.286126,21:52:19,3526.26,3526.26,4
2025-11-14T21:52:32.370079,21:52:32,3545.46,3545.46,4
2025-11-14T21:52:45.671224,21:52:45,3627.05,3627.05,4
2025-11-14T21:52:58.922026,21:52:58,3625.64,3625.64,4
2025-11-14T21:53:12.123763,21:53:12,3767.86,3767.86,4
2025-11-14T21:53:25.515792,21:53:25,3767.96,3767.96,4
2025-11-14T21:53:38.580258,21:53:38,4021.95,4021.95,4
2025-11-14T21:53:51.878780,21:53:51,4121.57,4121.57,4
2025-11-14T21:54:05.141663,21:54:05,4229.04,4229.04,4
2025-11-14T21:54:17.915936,21:54:17,4184.46,4184.46,4
2025-11-14T21:54:31.387629,21:54:31,4342.1,4342.1,4
2025-11-14T21:54:44.797118,21:54:44,4416.0,4416.0,4
2025-11-14T21:54:57.528120,21:54:57,4447.85,4447.85,4
2025-11-14T21:55:10.635648,21:55:10,4433.17,4433.17,4
2025-11-14T21:55:24.498777,21:55:24,4510.85,4510.85,4
2025-11-14T21:55:38.554624,21:55:38,4619.51,4619.51,4
2025-11-14T21:55:52.589158,21:55:52,4844.47,4844.47,4
2025-11-14T21:56:05.644690,21:56:05,4685.73,4685.73,4
2025-11-14T21:56:18.862238,21:56:18,4698.93,4698.93,4
2025-11-14T21:56:31.681009,21:56:31,4876.11,4876.11,4
2025-11-14T21:56:44.804110,21:56:44,4960.59,4960.59,4
2025-11-14T21:56:58.512193,21:56:58,5004.61,5004.61,4
2025-11-14T21:57:11.290258,21:57:11,4979.44,4979.44,4
2025-11-14T21:57:24.489465,21:57:24,4993.82,4993.82,4
2025-11-14T21:57:38.396970,21:57:38,5030.71,5030.71,4
2025-11-14T21:57:51.725990,21:57:51,5058.99,5058.99,4
2025-11-14T21:58:05.018869,21:58:05,5204.7,5204.7,4
2025-11-14T21:58:18.802912,21:58:18,5396.24,5396.24,4
2025-11-14T21:58:31.856421,21:58:31,5587.63,5587.63,4
2025-11-14T21:58:44.848988,21:58:44,5488.26,5488.26,4
2025-11-14T21:58:58.240917,21:58:58,5435.68,5435.68,4
2025-11-14T21:59:11.335137,21:59:11,5314.98,5314.98,4
2025-11-14T21:59:24.888841,21:59:24,5201.38,5201.38,4
2025-11-14T21:59:38.326505,21:59:38,5224.52,5224.52,4
2025-11-14T21:59:51.556962,21:59:51,5203.15,5203.15,4
2025-11-14T22:00:04.950804,22:00:04,5288.89,5288.89,4
2025-11-14T22:00:18.638107,22:00:18,5275.25,5275.25,4
2025-11-14T22:00:31.773042,22:00:31,5109.28,5109.28,4
2025-11-14T22:00:45.056439,22:00:45,5066.77,5066.77,4
2025-11-14T22:01:00.946603,22:01:00,5065.85,5065.85,4
2025-11-14T22:01:14.646992,22:01:14,5235.22,5235.22,4
2025-11-14T22:01:28.323220,22:01:28,5160.45,5160.45,4
2025-11-14T22:01:42.158546,22:01:42,5093.6,5093.6,4
2025-11-14T22:01:55.434097,22:01:55,5198.92,5198.92,4
2025-11-14T22:02:08.413177,22:02:08,5263.51,5263.51,4
2025-11-14T22:02:21.533867,22:02:21,5303.5,5303.5,4
2025-11-14T22:02:34.328994,22:02:34,5318.07,5318.07,4
2025-11-14T22:02:47.387123,22:02:47,5305.98,5305.98,4
2025-11-14T22:03:01.253233,22:03:01,5357.81,5357.81,4
2025-11-14T22:03:14.617699,22:03:14,5464.72,5464.72,4
2025-11-14T22:03:27.531444,22:03:27,5496.24,5496.24,4
2025-11-14T22:03:41.103326,22:03:41,5546.9,5546.9,4
2025-11-14T22:03:53.943105,22:03:53,5642.16,5642.16,4
2025-11-14T22:04:07.160752,22:04:07,5551.61,5551.61,4
2025-11-14T22:04:20.489729,22:04:20,5728.01,5728.01,4
2025-11-14T22:04:34.313846,22:04:34,5860.47,5860.47,4
2025-11-14T22:04:47.771393,22:04:47,5769.1,5769.1,4
2025-11-14T22:05:00.881633,22:05:00,5598.02,5598.02,4
2025-11-14T22:05:14.308919,22:05:14,5674.8,5674.8,4
2025-11-14T22:05:27.648137,22:05:27,5391.66,5391.66,4
2025-11-14T22:05:40.804630,22:05:40,5530.15,5530.15,4
2025-11-14T22:05:54.787134,22:05:54,5692.86,5692.86,4
2025-11-14T22:06:07.636196,22:06:07,5822.67,5822.67,4
2025-11-14T22:06:20.682724,22:06:20,5823.1,5823.1,4
2025-11-14T22:06:34.075670,22:06:34,5838.35,5838.35,4
2025-11-14T22:06:47.480848,22:06:47,5890.81,5890.81,4
2025-11-14T22:07:00.684943,22:07:00,5869.79,5869.79,4
2025-11-14T22:07:14.464510,22:07:14,5715.42,5715.42,4
2025-11-14T22:07:27.579983,22:07:27,5695.64,5695.64,4
2025-11-14T22:07:40.264418,22:07:40,5769.94,5769.94,4
2025-11-14T22:07:53.376426,22:07:53,5953.66,5953.66,4
2025-11-14T22:08:06.578261,22:08:06,6109.44,6109.44,4
2025-11-14T22:08:19.746051,22:08:19,6007.88,6007.88,4
2025-11-14T22:08:35.248345,22:08:35,6195.41,6195.41,4
2025-11-14T22:08:48.280954,22:08:48,6221.51,6221.51,4
2025-11-14T22:09:01.462876,22:09:01,6106.66,6106.66,4
2025-11-14T22:09:14.877382,22:09:14,5958.72,5958.72,4
2025-11-14T22:09:28.620923,22:09:28,5964.85,5964.85,4
2025-11-14T22:09:42.536335,22:09:42,5764.5,5764.5,4
2025-11-14T22:09:55.631842,22:09:55,5767.09,5767.09,4
2025-11-14T22:10:08.690695,22:10:08,5515.75,5515.75,4
2025-11-14T22:10:21.167111,22:10:21,5718.84,5718.84,4
2025-11-14T22:10:34.859982,22:10:34,5658.1,5658.1,4
2025-11-14T22:10:48.105830,22:10:48,5665.6,5665.6,4
2025-11-14T22:11:01.102718,22:11:01,5670.42,5670.42,4
2025-11-14T22:11:13.809662,22:11:13,5788.15,5788.15,4
2025-11-14T22:11:26.525894,22:11:26,5696.02,5696.02,4
2025-11-14T22:11:40.155024,22:11:40,6162.73,6162.73,4
2025-11-14T22:11:53.347039,22:11:53,5905.81,5905.81,4
2025-11-14T22:12:06.271447,22:12:06,5795.39,5795.39,4
2025-11-14T22:12:19.777352,22:12:19,5669.57,5669.57,4
2025-11-14T22:12:33.253768,22:12:33,5570.43,5570.43,4
2025-11-14T22:12:46.930619,22:12:46,5541.3,5541.3,4
2025-11-14T22:12:59.824993,22:12:59,5507.55,5507.55,4
2025-11-14T22:13:12.934553,22:13:12,5731.34,5731.34,4
2025-11-14T22:13:26.139175,22:13:26,5670.14,5670.14,4
2025-11-14T22:13:42.335176,22:13:42,5656.93,5656.93,4
2025-11-14T22:13:55.457909,22:13:55,5604.49,5604.49,4
2025-11-14T22:14:08.328515,22:14:08,5585.72,5585.72,4
2025-11-14T22:14:21.599511,22:14:21,5497.12,5497.12,4
2025-11-14T22:14:34.606889,22:14:34,5471.44,5471.44,4
2025-11-14T22:14:47.615883,22:14:47,5435.44,5435.44,4
2025-11-14T22:15:01.552037,22:15:01,5556.68,5556.68,4
2025-11-14T22:15:14.373451,22:15:14,5373.94,5373.94,4
2025-11-14T22:15:27.098514,22:15:27,5303.96,5303.96,4
2025-11-14T22:15:39.806152,22:15:39,5261.83,5261.83,4
2025-11-14T22:15:55.146519,22:15:55,5346.54,5346.54,4
2025-11-14T22:16:07.688811,22:16:07,5258.11,5258.11,4
2025-11-14T22:16:20.280189,22:16:20,5260.25,5260.25,4
2025-11-14T22:16:32.596544,22:16:32,5285.75,5285.75,4
2025-11-14T22:16:45.300649,22:16:45,5365.52,5365.52,4
2025-11-14T22:16:57.594009,22:16:57,5369.59,5369.59,4
2025-11-14T22:17:10.389192,22:17:10,5230.5,5230.5,4
2025-11-14T22:17:22.973268,22:17:22,5256.11,5256.11,4
2025-11-14T22:17:35.196495,22:17:35,5202.29,5202.29,4
2025-11-14T22:17:47.982642,22:17:47,5180.6,5180.6,4
2025-11-14T22:18:00.277445,22:18:00,5139.31,5139.31,4
2025-11-14T22:18:12.654279,22:18:12,5101.09,5101.09,4
2025-11-14T22:18:25.311079,22:18:25,5135.15,5135.15,4
2025-11-14T22:18:37.944216,22:18:37,5274.82,5274.82,4
2025-11-14T22:18:50.893088,22:18:50,5170.02,5170.02,4
2025-11-14T22:19:03.039536,22:19:03,5261.91,5261.91,4
2025-11-14T22:19:15.446561,22:19:15,5138.71,5138.71,4
2025-11-14T22:19:27.876634,22:19:27,5174.15,5174.15,4
2025-11-14T22:19:40.209694,22:19:40,5341.83,5341.83,4
2025-11-14T22:19:52.311798,22:19:52,5433.49,5433.49,4
2025-11-14T22:20:05.806350,22:20:05,5449.0,5449.0,4
2025-11-14T22:20:18.456393,22:20:18,5614.09,5614.09,4
2025-11-14T22:20:30.647644,22:20:30,5678.48,5678.48,4
2025-11-14T22:20:43.260882,22:20:43,5681.64,5681.64,4
2025-11-14T22:20:56.111359,22:20:56,5721.15,5721.15,4
2025-11-14T22:21:08.976845,22:21:08,5583.4,5583.4,4
2025-11-14T22:21:21.451160,22:21:21,5677.23,5677.23,4
2025-11-14T22:21:34.567243,22:21:34,5798.66,5798.66,4
2025-11-14T22:21:46.854228,22:21:46,5735.39,5735.39,4
2025-11-14T22:21:59.558124,22:21:59,5774.27,5774.27,4
2025-11-14T22:22:12.090392,22:22:12,5935.13,5935.13,4
2025-11-14T22:22:24.456105,22:22:24,5889.55,5889.55,4
2025-11-14T22:22:36.888262,22:22:36,5685.37,5685.37,4
2025-11-14T22:22:50.272021,22:22:50,5808.96,5808.96,4
2025-11-14T22:23:02.788802,22:23:02,5805.87,5805.87,4
2025-11-14T22:23:15.132965,22:23:15,5741.28,5741.28,4
2025-11-14T22:23:27.875921,22:23:27,5718.52,5718.52,4
2025-11-14T22:23:40.859904,22:23:40,5850.17,5850.17,4
2025-11-14T22:23:53.651559,22:23:53,5910.31,5910.31,4
2025-11-14T22:24:06.296577,22:24:06,5873.87,5873.87,4
2025-11-14T22:24:18.935655,22:24:18,5843.75,5843.75,4
2025-11-14T22:24:32.174162,22:24:32,5677.04,5677.04,4
2025-11-14T22:24:44.395544,22:24:44,5724.34,5724.34,4
2025-11-14T22:24:56.640340,22:24:56,5691.51,5691.51,4
2025-11-14T22:25:09.052051,22:25:09,5650.14,5650.14,4
2025-11-14T22:25:21.718348,22:25:21,5655.64,5655.64,4
2025-11-14T22:25:33.955938,22:25:33,5609.95,5609.95,4
2025-11-14T22:25:46.268237,22:25:46,5589.1,5589.1,4
2025-11-14T22:25:58.769547,22:25:58,5649.35,5649.35,4
2025-11-14T22:26:11.151826,22:26:11,5842.63,5842.63,4
2025-11-14T22:26:23.907551,22:26:23,5830.47,5830.47,4
2025-11-14T22:26:36.414361,22:26:36,5761.34,5761.34,4
2025-11-14T22:26:48.881780,22:26:48,5635.23,5635.23,4
2025-11-14T22:27:01.296268,22:27:01,5620.68,5620.68,4
2025-11-14T22:27:13.818458,22:27:13,5546.97,5546.97,4
2025-11-14T22:27:26.142965,22:27:26,5531.92,5531.92,4
2025-11-14T22:27:38.867026,22:27:38,5533.28,5533.28,4
2025-11-14T22:27:51.218563,22:27:51,5521.28,5521.28,4
2025-11-14T22:28:03.489902,22:28:03,5438.24,5438.24,4
2025-11-14T22:28:16.520489,22:28:16,5402.33,5402.33,4
2025-11-14T22:28:33.461727,22:28:33,5385.9,5385.9,4
2025-11-14T22:28:47.106455,22:28:47,5511.69,5511.69,4
2025-11-14T22:29:00.361085,22:29:00,5527.57,5527.57,4
2025-11-14T22:29:14.495409,22:29:14,5508.38,5508.38,4
2025-11-14T22:29:28.056898,22:29:28,5449.06,5449.06,4
2025-11-14T22:29:40.866148,22:29:40,5379.26,5379.26,4
2025-11-14T22:29:54.391004,22:29:54,5374.77,5374.77,4
2025-11-14T22:30:07.798418,22:30:07,5324.74,5324.74,4
2025-11-14T22:30:20.671226,22:30:20,5449.09,5449.09,4
2025-11-14T22:30:33.432164,22:30:33,5418.37,5418.37,4
2025-11-14T22:30:45.785658,22:30:45,5310.9,5310.9,4
2025-11-14T22:30:58.005014,22:30:58,5332.2,5332.2,4
2025-11-14T22:31:13.029870,22:31:13,5371.18,5371.18,4
2025-11-14T22:31:25.251237,22:31:25,5431.11,5431.11,4
2025-11-14T22:31:38.194487,22:31:38,5386.7,5386.7,4
2025-11-14T22:31:50.627603,22:31:50,5394.28,5394.28,4
2025-11-14T22:32:03.176371,22:32:03,5415.1,5415.1,4
2025-11-14T22:32:15.543387,22:32:15,5396.19,5396.19,4
2025-11-14T22:32:28.173686,22:32:28,5337.98,5337.98,4
2025-11-14T22:32:40.607152,22:32:40,5282.38,5282.38,4
2025-11-14T22:32:53.145909,22:32:53,5327.31,5327.31,4
2025-11-14T22:33:05.569265,22:33:05,5270.32,5270.32,4
2025-11-14T22:33:18.026853,22:33:18,5290.85,5290.85,4
2025-11-14T22:33:30.207405,22:33:30,5445.87,5445.87,4
2025-11-14T22:33:43.321909,22:33:43,5409.63,5409.63,4
2025-11-14T22:33:55.870517,22:33:55,5481.56,5481.56,4
2025-11-14T22:34:08.636137,22:34:08,5548.33,5548.33,4
2025-11-14T22:34:21.829469,22:34:21,5518.25,5518.25,4
2025-11-14T22:34:34.356766,22:34:34,5461.25,5461.25,4
2025-11-14T22:34:48.968864,22:34:48,5429.87,5429.87,4
2025-11-14T22:35:01.507065,22:35:01,5545.43,5545.43,4
2025-11-14T22:35:13.829808,22:35:13,5425.92,5425.92,4
2025-11-14T22:35:26.444331,22:35:26,5400.34,5400.34,4
2025-11-14T22:35:38.815204,22:35:38,5369.89,5369.89,4
2025-11-14T22:35:51.709781,22:35:51,5425.06,5425.06,4
2025-11-14T22:36:04.134173,22:36:04,5350.24,5350.24,4
2025-11-14T22:36:17.164840,22:36:17,5270.67,5270.67,4
2025-11-14T22:36:29.545564,22:36:29,5294.91,5294.91,4
2025-11-14T22:36:42.082223,22:36:42,5314.81,5314.81,4
2025-11-14T22:36:54.449615,22:36:54,5465.03,5465.03,4
2025-11-14T22:37:07.154699,22:37:07,5353.67,5353.67,4
2025-11-14T22:37:20.039034,22:37:20,5293.87,5293.87,4
2025-11-14T22:37:32.276139,22:37:32,5287.07,5287.07,4
2025-11-14T22:37:44.415458,22:37:44,5267.97,5267.97,4
2025-11-14T22:37:56.533042,22:37:56,5261.66,5261.66,4
2025-11-14T22:38:08.831456,22:38:08,5399.86,5399.86,4
2025-11-14T22:38:21.326122,22:38:21,5436.67,5436.67,4
2025-11-14T22:38:33.771081,22:38:33,5310.26,5310.26,4
2025-11-14T22:38:48.477770,22:38:48,5398.69,5398.69,4
2025-11-14T22:39:00.854675,22:39:00,5479.81,5479.81,4
2025-11-14T22:39:13.281549,22:39:13,5370.72,5370.72,4
2025-11-14T22:39:25.677796,22:39:25,5364.04,5364.04,4
2025-11-14T22:39:37.904662,22:39:37,5403.6,5403.6,4
2025-11-14T22:39:50.378928,22:39:50,5385.17,5385.17,4
2025-11-14T22:40:02.670452,22:40:02,5345.93,5345.93,4
2025-11-14T22:40:14.926191,22:40:14,5571.09,5571.09,4
2025-11-14T22:40:27.647668,22:40:27,5514.28,5514.28,4
2025-11-14T22:40:40.103689,22:40:40,5551.02,5551.02,4
2025-11-14T22:40:52.158745,22:40:52,5569.6,5569.6,4
2025-11-14T22:41:04.296045,22:41:04,5547.5,5547.5,4
2025-11-14T22:41:16.611090,22:41:16,5338.35,5338.35,4
2025-11-14T22:41:29.023942,22:41:29,5514.85,5514.85,4
2025-11-14T22:41:41.150348,22:41:41,5487.14,5487.14,4
2025-11-14T22:41:53.326514,22:41:53,5580.92,5580.92,4
2025-11-14T22:42:05.785106,22:42:05,5520.71,5520.71,4
2025-11-14T22:42:18.647677,22:42:18,5342.51,5342.51,4
2025-11-14T22:42:30.950337,22:42:30,5327.67,5327.67,4
2025-11-14T22:42:43.272256,22:42:43,5322.06,5322.06,4
2025-11-14T22:42:55.734946,22:42:55,5314.78,5314.78,4
2025-11-14T22:43:08.084194,22:43:08,5319.72,5319.72,4
2025-11-14T22:43:20.545041,22:43:20,5411.22,5411.22,4
2025-11-14T22:43:33.228330,22:43:33,5333.81,5333.81,4
2025-11-14T22:43:45.705221,22:43:45,5250.28,5250.28,4
2025-11-14T22:43:58.100313,22:43:58,5289.92,5289.92,4
2025-11-14T22:44:10.311379,22:44:10,5257.24,5257.24,4
2025-11-14T22:44:22.572402,22:44:22,5292.33,5292.33,4
2025-11-14T22:44:35.160698,22:44:35,5290.13,5290.13,4
2025-11-14T22:44:47.636377,22:44:47,5353.68,5353.68,4
2025-11-14T22:45:00.177662,22:45:00,5372.52,5372.52,4
2025-11-14T22:45:12.529682,22:45:12,5343.19,5343.19,4
2025-11-14T22:45:25.063646,22:45:25,5253.86,5253.86,4
2025-11-14T22:45:37.887976,22:45:37,5315.81,5315.81,4
2025-11-14T22:45:50.167736,22:45:50,5184.66,5184.66,4
2025-11-14T22:46:02.546165,22:46:02,5312.14,5312.14,4
2025-11-14T22:46:14.855427,22:46:14,5347.44,5347.44,4
2025-11-14T22:46:27.283506,22:46:27,5381.15,5381.15,4
2025-11-14T22:46:39.465492,22:46:39,5373.89,5373.89,4
2025-11-14T22:46:51.706055,22:46:51,5399.97,5399.97,4
2025-11-14T22:47:04.381648,22:47:04,5526.68,5526.68,4
2025-11-14T22:47:16.576804,22:47:16,5554.67,5554.67,4
2025-11-14T22:47:28.849896,22:47:28,5662.27,5662.27,4
2025-11-14T22:47:41.189471,22:47:41,5697.31,5697.31,4
2025-11-14T22:47:53.423799,22:47:53,5740.94,5740.94,4
2025-11-14T22:48:05.698647,22:48:05,5716.96,5716.96,4
2025-11-14T22:48:18.566913,22:48:18,5576.62,5576.62,4
2025-11-14T22:48:30.615546,22:48:30,5591.98,5591.98,4
2025-11-14T22:48:42.882905,22:48:42,5521.75,5521.75,4
2025-11-14T22:48:54.934274,22:48:54,5464.68,5464.68,4
2025-11-14T22:49:07.385760,22:49:07,5473.9,5473.9,4
2025-11-14T22:49:19.476995,22:49:19,5377.53,5377.53,4
2025-11-14T22:49:31.488476,22:49:31,5351.61,5351.61,4
2025-11-14T22:49:43.740364,22:49:43,5303.24,5303.24,4
2025-11-14T22:49:56.156662,22:49:56,5320.65,5320.65,4
2025-11-14T22:50:08.790791,22:50:08,5336.57,5336.57,4
2025-11-14T22:50:21.466400,22:50:21,5316.86,5316.86,4
2025-11-14T22:50:33.727393,22:50:33,5284.78,5284.78,4
2025-11-14T22:50:45.905483,22:50:45,5288.12,5288.12,4
2025-11-14T22:50:58.180334,22:50:58,5253.19,5253.19,4
2025-11-14T22:51:10.411680,22:51:10,5214.95,5214.95,4
2025-11-14T22:51:22.673423,22:51:22,5361.84,5361.84,4
2025-11-14T22:51:34.894554,22:51:34,5266.65,5266.65,4
2025-11-14T22:51:47.596031,22:51:47,5306.08,5306.08,4
2025-11-14T22:51:59.904605,22:51:59,5268.41,5268.41,4
2025-11-14T22:52:11.964618,22:52:11,5368.1,5368.1,4
2025-11-14T22:52:24.146007,22:52:24,5223.16,5223.16,4
2025-11-14T22:52:36.163170,22:52:36,5259.37,5259.37,4
2025-11-14T22:52:48.741463,22:52:48,5255.38,5255.38,4
2025-11-14T22:53:01.193169,22:53:01,5318.75,5318.75,4
2025-11-14T22:53:13.413508,22:53:13,5497.65,5497.65,4
2025-11-14T22:53:25.727953,22:53:25,5298.73,5298.73,4
2025-11-14T22:53:37.998034,22:53:37,5378.98,5378.98,4
2025-11-14T22:53:53.077236,22:53:53,5379.32,5379.32,4
2025-11-14T22:54:05.722339,22:54:05,5371.67,5371.67,4
2025-11-14T22:54:18.322064,22:54:18,5286.77,5286.77,4
2025-11-14T22:54:31.003013,22:54:31,5321.15,5321.15,4
2025-11-14T22:54:43.690448,22:54:43,5327.13,5327.13,4
2025-11-14T22:54:56.049025,22:54:56,5210.14,5210.14,4
2025-11-14T22:55:09.369107,22:55:09,5184.22,5184.22,4
2025-11-14T22:55:21.651676,22:55:21,5206.5,5206.5,4
2025-11-14T22:55:34.406638,22:55:34,5211.36,5211.36,4
2025-11-14T22:55:46.829001,22:55:46,5173.06,5173.06,4
2025-11-14T22:55:59.059941,22:55:59,4918.52,4918.52,4
2025-11-14T22:56:11.293067,22:56:11,4707.28,4707.28,4
2025-11-14T22:56:23.652722,22:56:23,4612.24,4612.24,4
2025-11-14T22:56:35.954304,22:56:35,4705.72,4705.72,4
2025-11-14T22:56:48.455855,22:56:48,4630.8,4630.8,4
2025-11-14T22:57:00.577516,22:57:00,4638.88,4638.88,4
2025-11-14T22:57:13.092597,22:57:13,4601.01,4601.01,4
2025-11-14T22:57:25.373623,22:57:25,4720.79,4720.79,4
2025-11-14T22:57:38.058246,22:57:38,4610.35,4610.35,4
2025-11-14T22:57:50.538462,22:57:50,4606.32,4606.32,4
2025-11-14T22:58:03.032832,22:58:03,4623.33,4623.33,4
2025-11-14T22:58:15.296983,22:58:15,4455.67,4455.67,4
2025-11-14T22:58:27.641785,22:58:27,4499.58,4499.58,4
2025-11-14T22:58:39.925188,22:58:39,4353.96,4353.96,4
2025-11-14T22:58:52.194189,22:58:52,4427.45,4427.45,4
2025-11-14T22:59:04.342416,22:59:04,4629.67,4629.67,4
2025-11-14T22:59:16.655497,22:59:16,4677.31,4677.31,4
2025-11-14T22:59:28.995388,22:59:28,4704.65,4704.65,4
2025-11-14T22:59:41.433882,22:59:41,4741.59,4741.59,4
2025-11-14T22:59:53.669106,22:59:53,4788.2,4788.2,4
2025-11-14T23:00:06.034668,23:00:06,4573.83,4573.83,4
2025-11-14T23:00:18.318541,23:00:18,4586.86,4586.86,4
2025-11-14T23:00:30.597111,23:00:30,4471.13,4471.13,4
2025-11-14T23:00:43.182740,23:00:43,4452.57,4452.57,4
2025-11-14T23:00:55.445678,23:00:55,4484.13,4484.13,4
2025-11-14T23:01:07.662094,23:01:07,4618.0,4618.0,4
2025-11-14T23:01:19.983001,23:01:19,4572.68,4572.68,4
2025-11-14T23:01:32.379664,23:01:32,4619.98,4619.98,4
2025-11-14T23:01:44.740160,23:01:44,4608.16,4608.16,4
2025-11-14T23:01:56.987483,23:01:56,4582.74,4582.74,4
2025-11-14T23:02:09.230212,23:02:09,4466.98,4466.98,4
2025-11-14T23:02:21.456061,23:02:21,4474.26,4474.26,4
2025-11-14T23:02:33.595679,23:02:33,4444.8,4444.8,4
2025-11-14T23:02:45.816235,23:02:45,4409.47,4409.47,4
2025-11-14T23:02:58.034383,23:02:58,4454.68,4454.68,4
2025-11-14T23:03:10.353417,23:03:10,4519.02,4519.02,4
2025-11-14T23:03:23.015827,23:03:23,4588.33,4588.33,4
2025-11-14T23:03:35.069928,23:03:35,4560.64,4560.64,4
2025-11-14T23:03:47.297527,23:03:47,4443.85,4443.85,4
2025-11-14T23:03:59.562551,23:03:59,4551.14,4551.14,4
2025-11-14T23:04:14.854310,23:04:14,4512.05,4512.05,4
2025-11-14T23:04:27.266441,23:04:27,4438.97,4438.97,4
2025-11-14T23:04:40.005542,23:04:40,4432.37,4432.37,4
2025-11-14T23:04:52.457259,23:04:52,4500.68,4500.68,4
2025-11-14T23:05:04.850384,23:05:04,4579.16,4579.16,4
2025-11-14T23:05:17.316544,23:05:17,4499.31,4499.31,4
2025-11-14T23:05:29.713396,23:05:29,4565.03,4565.03,4
2025-11-14T23:05:41.960489,23:05:41,4563.4,4563.4,4
2025-11-14T23:05:54.202865,23:05:54,4585.4,4585.4,4
2025-11-14T23:06:06.874035,23:06:06,4438.19,4438.19,4
2025-11-14T23:06:19.195154,23:06:19,4403.58,4403.58,4
2025-11-14T23:06:31.499952,23:06:31,4466.89,4466.89,4
2025-11-14T23:06:43.691304,23:06:43,4431.16,4431.16,4
2025-11-14T23:06:55.803532,23:06:55,4080.57,4080.57,4
2025-11-14T23:07:08.347141,23:07:08,4256.81,4256.81,4
2025-11-14T23:07:20.738837,23:07:20,4093.2,4093.2,4
2025-11-14T23:07:32.962426,23:07:32,3968.99,3968.99,4
2025-11-14T23:07:45.393313,23:07:45,4192.05,4192.05,4
2025-11-14T23:07:57.442726,23:07:57,4336.15,4336.15,4
2025-11-14T23:08:09.560922,23:08:09,4462.64,4462.64,4
2025-11-14T23:08:21.802969,23:08:21,4327.38,4327.38,4
2025-11-14T23:08:34.232233,23:08:34,4413.18,4413.18,4
2025-11-14T23:08:46.513871,23:08:46,4392.42,4392.42,4
2025-11-14T23:08:58.733363,23:08:58,4435.32,4435.32,4
2025-11-14T23:09:11.151174,23:09:11,4348.74,4348.74,4
2025-11-14T23:09:23.407274,23:09:23,4327.07,4327.07,4
2025-11-14T23:09:35.544959,23:09:35,4226.33,4226.33,4
2025-11-14T23:09:47.845936,23:09:47,4215.86,4215.86,4
2025-11-14T23:10:00.285485,23:10:00,4229.53,4229.53,4
2025-11-14T23:10:13.011174,23:10:13,4057.12,4057.12,4
2025-11-14T23:10:25.622779,23:10:25,4126.08,4126.08,4
2025-11-14T23:10:38.262176,23:10:38,4118.22,4118.22,4
2025-11-14T23:10:50.354847,23:10:50,4056.73,4056.73,4
2025-11-14T23:11:02.682271,23:11:02,4146.05,4146.05,4
2025-11-14T23:11:15.077703,23:11:15,4191.42,4191.42,4
2025-11-14T23:11:27.295831,23:11:27,4037.27,4037.27,4
2025-11-14T23:11:39.529451,23:11:39,4095.25,4095.25,4
2025-11-14T23:11:51.797512,23:11:51,4038.45,4038.45,4
2025-11-14T23:12:05.686707,23:12:05,3878.75,3878.75,4
2025-11-14T23:12:18.038234,23:12:18,3852.11,3852.11,4
2025-11-14T23:12:30.331140,23:12:30,3865.93,3865.93,4
2025-11-14T23:12:42.540438,23:12:42,3858.8,3858.8,4
2025-11-14T23:12:54.962139,23:12:54,3779.51,3779.51,4
2025-11-14T23:13:07.276320,23:13:07,3850.13,3850.13,4
2025-11-14T23:13:19.621739,23:13:19,3893.56,3893.56,4
2025-11-14T23:13:32.619578,23:13:32,3881.75,3881.75,4
2025-11-14T23:13:45.115892,23:13:45,3968.45,3968.45,4
2025-11-14T23:13:57.868045,23:13:57,3876.33,3876.33,4
2025-11-14T23:14:10.314916,23:14:10,3789.61,3789.61,4
2025-11-14T23:14:22.695341,23:14:22,3828.58,3828.58,4
2025-11-14T23:14:35.260694,23:14:35,3790.84,3790.84,4
2025-11-14T23:14:47.632014,23:14:47,3852.52,3852.52,4
2025-11-14T23:15:00.090413,23:15:00,3823.35,3823.35,4
2025-11-14T23:15:12.231242,23:15:12,3829.31,3829.31,4
2025-11-14T23:15:24.732753,23:15:24,3840.53,3840.53,4
2025-11-14T23:15:37.186206,23:15:37,3919.96,3919.96,4
2025-11-14T23:15:49.679189,23:15:49,3891.0,3891.0,4
2025-11-14T23:16:02.215524,23:16:02,3859.18,3859.18,4
2025-11-14T23:16:14.608605,23:16:14,3654.56,3654.56,4
2025-11-14T23:16:26.764646,23:16:26,3554.87,3554.87,4
2025-11-14T23:16:39.190287,23:16:39,3423.0,3423.0,4
2025-11-14T23:16:51.555062,23:16:51,3155.78,3155.78,4
2025-11-14T23:17:04.058416,23:17:04,3224.2,3224.2,4
2025-11-14T23:17:16.409409,23:17:16,3262.75,3262.75,4
2025-11-14T23:17:29.076014,23:17:29,3136.14,3136.14,4
2025-11-14T23:17:41.362854,23:17:41,3021.53,3021.53,4
2025-11-14T23:17:54.228561,23:17:54,3279.78,3279.78,4
2025-11-14T23:18:06.431633,23:18:06,3164.68,3164.68,4
2025-11-14T23:18:18.949184,23:18:18,2944.48,2944.48,4
2025-11-14T23:18:31.208062,23:18:31,2887.99,2887.99,4
2025-11-14T23:18:43.638576,23:18:43,2764.91,2764.91,4
2025-11-14T23:18:56.174946,23:18:56,2843.59,2843.59,4
2025-11-14T23:19:08.611402,23:19:08,2710.56,2710.56,4
2025-11-14T23:19:21.006924,23:19:21,2608.07,2608.07,4
2025-11-14T23:19:33.281834,23:19:33,2622.04,2622.04,4
2025-11-14T23:19:45.698483,23:19:45,2785.3,2785.3,4
2025-11-14T23:19:57.674623,23:19:57,2683.58,2683.58,4
2025-11-14T23:20:10.123008,23:20:10,2795.91,2795.91,4
2025-11-14T23:20:22.655241,23:20:22,2780.6,2780.6,4
2025-11-14T23:20:34.763723,23:20:34,2665.47,2665.47,4
2025-11-14T23:20:47.056799,23:20:47,2577.05,2577.05,4
2025-11-14T23:20:59.735844,23:20:59,2590.47,2590.47,4
2025-11-14T23:21:12.089786,23:21:12,2627.72,2627.72,4
2025-11-14T23:21:24.190301,23:21:24,2495.34,2495.34,4
2025-11-14T23:21:36.610335,23:21:36,2451.86,2451.86,4
2025-11-14T23:21:48.611498,23:21:48,1968.84,1968.84,4
2025-11-14T23:22:00.912831,23:22:00,1977.9,1977.9,4
2025-11-14T23:22:13.169178,23:22:13,1984.75,1984.75,4
2025-11-14T23:22:25.441509,23:22:25,1765.69,1765.69,4
2025-11-14T23:22:37.352440,23:22:37,2083.12,2083.12,4
2025-11-14T23:22:49.756758,23:22:49,2338.86,2338.86,4
2025-11-14T23:23:01.927521,23:23:01,2552.82,2552.82,4
2025-11-14T23:23:14.448666,23:23:14,2450.88,2450.88,4
2025-11-14T23:23:26.767631,23:23:26,2416.22,2416.22,4
2025-11-14T23:23:39.012480,23:23:39,2364.91,2364.91,4
2025-11-14T23:23:51.473042,23:23:51,2269.77,2269.77,4
2025-11-14T23:24:03.515446,23:24:03,2202.19,2202.19,4
2025-11-14T23:24:15.516848,23:24:15,2281.84,2281.84,4
2025-11-14T23:24:27.694814,23:24:27,2198.27,2198.27,4
2025-11-14T23:24:39.990409,23:24:39,2373.83,2373.83,4
2025-11-14T23:24:52.412434,23:24:52,2663.75,2663.75,4
2025-11-14T23:25:05.269835,23:25:05,2681.45,2681.45,4
2025-11-14T23:25:17.849481,23:25:17,3037.7,3037.7,4
2025-11-14T23:25:29.979519,23:25:29,2829.88,2829.88,4
2025-11-14T23:25:42.301051,23:25:42,2751.33,2751.33,4
2025-11-14T23:25:54.617299,23:25:54,2922.24,2922.24,4
2025-11-14T23:26:06.835186,23:26:06,2793.72,2793.72,4
2025-11-14T23:26:19.302307,23:26:19,2764.41,2764.41,4
2025-11-14T23:26:31.644087,23:26:31,2657.22,2657.22,4
2025-11-14T23:26:43.926052,23:26:43,2715.16,2715.16,4
2025-11-14T23:26:56.478777,23:26:56,2702.95,2702.95,4
2025-11-14T23:27:11.468239,23:27:11,2915.39,2915.39,4
2025-11-14T23:27:23.498142,23:27:23,2868.33,2868.33,4
2025-11-14T23:27:36.456937,23:27:36,2789.32,2789.32,4
2025-11-14T23:27:48.928535,23:27:48,2694.13,2694.13,4
2025-11-14T23:28:01.057729,23:28:01,2746.33,2746.33,4
2025-11-14T23:28:13.705348,23:28:13,2774.89,2774.89,4
2025-11-14T23:28:26.002284,23:28:26,2585.29,2585.29,4
2025-11-14T23:28:38.357667,23:28:38,2470.39,2470.39,4
2025-11-14T23:28:51.255286,23:28:51,2455.58,2455.58,4
2025-11-14T23:29:04.314296,23:29:04,2446.97,2446.97,4
2025-11-14T23:29:16.506746,23:29:16,2391.23,2391.23,4
2025-11-14T23:29:28.824486,23:29:28,2233.71,2233.71,4
2025-11-14T23:29:41.215028,23:29:41,2343.23,2343.23,4
2025-11-14T23:29:53.644865,23:29:53,2419.89,2419.89,4
2025-11-14T23:30:06.147464,23:30:06,2482.1,2482.1,4
2025-11-14T23:30:18.383546,23:30:18,2319.28,2319.28,4
2025-11-14T23:30:30.900523,23:30:30,2197.74,2197.74,4
2025-11-14T23:30:43.224852,23:30:43,2058.63,2058.63,4
2025-11-14T23:30:55.440781,23:30:55,1793.81,1793.81,4
2025-11-14T23:31:07.979019,23:31:07,2236.83,2236.83,4
2025-11-14T23:31:20.290214,23:31:20,2312.73,2312.73,4
2025-11-14T23:31:32.588333,23:31:32,2306.42,2306.42,4
2025-11-14T23:31:45.336102,23:31:45,2337.67,2337.67,4
2025-11-14T23:31:57.459399,23:31:57,2221.92,2221.92,4
2025-11-14T23:32:09.717868,23:32:09,2207.18,2207.18,4
2025-11-14T23:32:21.987076,23:32:21,2202.97,2202.97,4
2025-11-14T23:32:34.288739,23:32:34,2220.77,2220.77,4
2025-11-14T23:32:46.758561,23:32:46,2289.1,2289.1,4
2025-11-14T23:32:59.293678,23:32:59,2439.09,2439.09,4
2025-11-14T23:33:11.637974,23:33:11,2301.88,2301.88,4
2025-11-14T23:33:24.103891,23:33:24,2138.26,2138.26,4
2025-11-14T23:33:36.137537,23:33:36,2085.27,2085.27,4
2025-11-14T23:33:48.270889,23:33:48,2113.21,2113.21,4
2025-11-14T23:34:00.519763,23:34:00,2127.06,2127.06,4
2025-11-14T23:34:12.685630,23:34:12,2179.76,2179.76,4
2025-11-14T23:34:24.958571,23:34:24,2355.17,2355.17,4
2025-11-14T23:34:37.072256,23:34:37,2289.83,2289.83,4
2025-11-14T23:34:49.425927,23:34:49,2408.53,2408.53,4
2025-11-14T23:35:02.201922,23:35:02,2363.48,2363.48,4
2025-11-14T23:35:15.491899,23:35:15,2328.42,2328.42,4
2025-11-14T23:35:27.782306,23:35:27,2384.28,2384.28,4
2025-11-14T23:35:40.333322,23:35:40,2334.46,2334.46,4
2025-11-14T23:35:52.531346,23:35:52,2221.32,2221.32,4
2025-11-14T23:36:04.753416,23:36:04,2199.3,2199.3,4
2025-11-14T23:36:16.986602,23:36:16,2219.03,2219.03,4
2025-11-14T23:36:29.236828,23:36:29,2347.82,2347.82,4
2025-11-14T23:36:41.541708,23:36:41,2411.35,2411.35,4
2025-11-14T23:36:54.184160,23:36:54,2551.52,2551.52,4
2025-11-14T23:37:06.285850,23:37:06,2481.46,2481.46,4
2025-11-14T23:37:18.614172,23:37:18,2674.57,2674.57,4
2025-11-14T23:37:31.404683,23:37:31,2711.42,2711.42,4
2025-11-14T23:37:43.783879,23:37:43,2865.04,2865.04,4
2025-11-14T23:37:55.853811,23:37:55,2819.9,2819.9,4
2025-11-14T23:38:07.984912,23:38:07,2639.82,2639.82,4
2025-11-14T23:38:20.298915,23:38:20,2521.92,2521.92,4
2025-11-14T23:38:32.388897,23:38:32,2654.12,2654.12,4
2025-11-14T23:38:44.792239,23:38:44,2585.59,2585.59,4
2025-11-14T23:38:57.099106,23:38:57,2512.22,2512.22,4
2025-11-14T23:39:09.350516,23:39:09,2631.28,2631.28,4
2025-11-14T23:39:21.536339,23:39:21,2621.0,2621.0,4
2025-11-14T23:39:34.295189,23:39:34,2690.31,2690.31,4
2025-11-14T23:39:46.556894,23:39:46,2675.72,2675.72,4
2025-11-14T23:39:58.820819,23:39:58,2800.69,2800.69,4
2025-11-14T23:40:10.947289,23:40:10,2781.44,2781.44,4
2025-11-14T23:40:22.840249,23:40:22,2578.48,2578.48,4
2025-11-14T23:40:34.909122,23:40:34,2562.26,2562.26,4
2025-11-14T23:40:47.296901,23:40:47,2838.51,2838.51,4
2025-11-14T23:40:59.565554,23:40:59,2871.34,2871.34,4
2025-11-14T23:41:11.714143,23:41:11,3017.79,3017.79,4
2025-11-14T23:41:24.402256,23:41:24,2990.2,2990.2,4
2025-11-14T23:41:37.632072,23:41:37,2823.91,2823.91,4
2025-11-14T23:41:50.158740,23:41:50,2885.96,2885.96,4
2025-11-14T23:42:02.633681,23:42:02,2944.83,2944.83,4
2025-11-14T23:42:16.098491,23:42:16,3111.92,3111.92,4
2025-11-14T23:42:28.814463,23:42:28,3278.56,3278.56,4
2025-11-14T23:42:41.120908,23:42:41,3331.67,3331.67,4
2025-11-14T23:42:53.133995,23:42:53,3439.95,3439.95,4
2025-11-14T23:43:05.387837,23:43:05,3434.02,3434.02,4
2025-11-14T23:43:17.594992,23:43:17,3521.13,3521.13,4
2025-11-14T23:43:29.754604,23:43:29,3743.11,3743.11,4
2025-11-14T23:43:42.123525,23:43:42,3636.73,3636.73,4
2025-11-14T23:43:54.174534,23:43:54,3669.89,3669.89,4
2025-11-14T23:44:06.263203,23:44:06,3819.51,3819.51,4
2025-11-14T23:44:18.438274,23:44:18,3716.58,3716.58,4
2025-11-14T23:44:30.379863,23:44:30,3746.04,3746.04,4
2025-11-14T23:44:42.764516,23:44:42,3825.63,3825.63,4
2025-11-14T23:44:54.734593,23:44:54,3814.47,3814.47,4
2025-11-14T23:45:06.867664,23:45:06,3814.79,3814.79,4
2025-11-14T23:45:18.820320,23:45:18,3599.17,3599.17,4
2025-11-14T23:45:31.416076,23:45:31,3613.76,3613.76,4
2025-11-14T23:45:43.650281,23:45:43,3577.46,3577.46,4
2025-11-14T23:45:56.227546,23:45:56,3677.67,3677.67,4
2025-11-14T23:46:08.115613,23:46:08,3917.03,3917.03,4
2025-11-14T23:46:20.349300,23:46:20,3801.25,3801.25,4
2025-11-14T23:46:32.738291,23:46:32,3502.89,3502.89,4
2025-11-14T23:46:44.952179,23:46:44,3496.1,3496.1,4
2025-11-14T23:46:57.103909,23:46:57,3359.89,3359.89,4
2025-11-14T23:47:09.017259,23:47:09,3412.49,3412.49,4
2025-11-14T23:47:21.275990,23:47:21,3368.59,3368.59,4
2025-11-14T23:47:33.654367,23:47:33,3351.11,3351.11,4
2025-11-14T23:47:46.399476,23:47:46,3293.25,3293.25,4
2025-11-14T23:47:58.433067,23:47:58,3276.55,3276.55,4
2025-11-14T23:48:10.436515,23:48:10,3242.46,3242.46,4
2025-11-14T23:48:22.498646,23:48:22,3202.98,3202.98,4
2025-11-14T23:48:37.493018,23:48:37,3006.57,3006.57,4
2025-11-14T23:48:49.597094,23:48:49,2873.41,2873.41,4
2025-11-14T23:49:01.621217,23:49:01,2966.68,2966.68,4
2025-11-14T23:49:13.738620,23:49:13,3056.25,3056.25,4
2025-11-14T23:49:25.866518,23:49:25,3154.31,3154.31,4
2025-11-14T23:49:38.010579,23:49:38,3153.17,3153.17,4
2025-11-14T23:49:50.122708,23:49:50,3214.75,3214.75,4
2025-11-14T23:50:02.627149,23:50:02,3233.1,3233.1,4
2025-11-14T23:50:14.603214,23:50:14,3148.7,3148.7,4
2025-11-14T23:50:26.784041,23:50:26,3102.99,3102.99,4
2025-11-14T23:50:38.912684,23:50:38,3192.88,3192.88,4
2025-11-14T23:50:51.031597,23:50:51,3195.97,3195.97,4
2025-11-14T23:51:03.177080,23:51:03,3180.86,3180.86,4
2025-11-14T23:51:15.592155,23:51:15,3138.17,3138.17,4
2025-11-14T23:51:27.739405,23:51:27,3202.76,3202.76,4
2025-11-14T23:51:40.487861,23:51:40,3145.11,3145.11,4
2025-11-14T23:51:52.557737,23:51:52,3011.81,3011.81,4
2025-11-14T23:52:04.857562,23:52:04,3016.82,3016.82,4
2025-11-14T23:52:17.124777,23:52:17,2814.82,2814.82,4
2025-11-14T23:52:29.277913,23:52:29,2817.33,2817.33,4
2025-11-14T23:52:41.912969,23:52:41,2878.79,2878.79,4
2025-11-14T23:52:54.244096,23:52:54,2709.81,2709.81,4
2025-11-14T23:53:06.315548,23:53:06,2698.35,2698.35,4
2025-11-14T23:53:18.530768,23:53:18,2553.1,2553.1,4
2025-11-14T23:53:30.641500,23:53:30,2513.06,2513.06,4
2025-11-14T23:53:42.834166,23:53:42,2541.17,2541.17,4
2025-11-14T23:53:55.536841,23:53:55,2676.61,2676.61,4
2025-11-14T23:54:07.731019,23:54:07,2868.14,2868.14,4
2025-11-14T23:54:20.129306,23:54:20,2854.17,2854.17,4
2025-11-14T23:54:32.522183,23:54:32,2703.61,2703.61,4
2025-11-14T23:54:44.750497,23:54:44,2713.84,2713.84,4
2025-11-14T23:54:56.678462,23:54:56,2651.18,2651.18,4
2025-11-14T23:55:08.809228,23:55:08,2813.27,2813.27,4
2025-11-14T23:55:20.936736,23:55:20,2734.11,2734.11,4
2025-11-14T23:55:33.007129,23:55:33,2723.54,2723.54,4
2025-11-14T23:55:45.216697,23:55:45,2597.98,2597.98,4
2025-11-14T23:55:57.293792,23:55:57,2605.76,2605.76,4
2025-11-14T23:56:09.398908,23:56:09,2494.02,2494.02,4
2025-11-14T23:56:21.862106,23:56:21,2474.64,2474.64,4
2025-11-14T23:56:34.051147,23:56:34,2251.78,2251.78,4
2025-11-14T23:56:46.110352,23:56:46,2316.35,2316.35,4
2025-11-14T23:56:58.686840,23:56:58,2359.65,2359.65,4
2025-11-14T23:57:11.237852,23:57:11,2618.15,2618.15,4
2025-11-14T23:57:23.286947,23:57:23,2525.75,2525.75,4
2025-11-14T23:57:35.511360,23:57:35,2586.22,2586.22,4
2025-11-14T23:57:47.662547,23:57:47,2652.76,2652.76,4
2025-11-14T23:57:59.798324,23:57:59,2688.58,2688.58,4
2025-11-14T23:58:11.979043,23:58:11,2591.12,2591.12,4
2025-11-14T23:58:24.025197,23:58:24,2844.84,2844.84,4
2025-11-14T23:58:36.046447,23:58:36,3076.91,3076.91,4
2025-11-14T23:58:48.452209,23:58:48,3114.33,3114.33,4
2025-11-14T23:59:00.756445,23:59:00,3144.66,3144.66,4
2025-11-14T23:59:12.862032,23:59:12,2986.21,2986.21,4
2025-11-14T23:59:25.225632,23:59:25,2982.77,2982.77,4
2025-11-14T23:59:37.638586,23:59:37,3036.16,3036.16,4
2025-11-14T23:59:49.808833,23:59:49,3046.49,3046.49,4
