timestamp,time,total_pnl,unrealized_pnl,position_count
2025-10-30T00:00:03.356502,00:00:03,8920.5,758242.23,3
2025-10-30T00:00:05.101770,00:00:05,8917.69,758003.3,3
2025-10-30T00:00:15.513040,00:00:15,8885.48,755265.71,3
2025-10-30T00:00:16.771006,00:00:16,8898.71,756390.52,3
2025-10-30T00:00:27.136529,00:00:27,8924.8,758607.66,3
2025-10-30T00:00:28.414357,00:00:28,8924.19,758556.07,3
2025-10-30T00:00:38.704780,00:00:38,8922.58,758419.12,3
2025-10-30T00:00:40.591274,00:00:40,8923.79,758522.11,3
2025-10-30T00:00:50.257493,00:00:50,8865.7,753584.15,3
2025-10-30T00:00:52.272242,00:00:52,8861.39,753217.8,3
2025-10-30T00:01:01.830890,00:01:01,8879.11,754724.26,3
2025-10-30T00:01:03.836386,00:01:03,8891.08,755741.48,3
2025-10-30T00:01:13.456317,00:01:13,8931.8,759202.64,3
2025-10-30T00:01:15.610332,00:01:15,8963.51,761897.99,3
2025-10-30T00:01:25.324778,00:01:25,9015.9,766351.23,3
2025-10-30T00:01:27.528984,00:01:27,8988.85,764052.13,3
2025-10-30T00:01:36.943126,00:01:36,8945.93,760404.39,3
2025-10-30T00:01:39.482827,00:01:39,8959.64,761569.16,3
2025-10-30T00:01:48.803858,00:01:48,8938.91,759807.2,3
2025-10-30T00:01:51.798410,00:01:51,8928.77,758945.37,3
2025-10-30T00:02:00.673171,00:02:00,8872.44,754157.47,3
2025-10-30T00:02:03.649342,00:02:03,8877.18,754560.2,3
2025-10-30T00:02:12.182653,00:02:12,8881.96,754966.74,3
2025-10-30T00:02:15.543488,00:02:15,8901.83,756655.49,3
2025-10-30T00:02:23.733016,00:02:23,8918.82,758099.31,3
2025-10-30T00:02:27.545742,00:02:27,8928.05,758884.23,3
2025-10-30T00:02:35.555395,00:02:35,8927.21,758812.56,3
2025-10-30T00:02:39.467499,00:02:39,8990.56,764197.18,3
2025-10-30T00:02:47.381768,00:02:47,9027.31,767321.05,3
2025-10-30T00:02:51.342034,00:02:51,9022.82,766939.5,3
2025-10-30T00:02:59.555640,00:02:59,9035.26,767996.9,3
2025-10-30T00:03:03.179225,00:03:03,9026.13,767221.46,3
2025-10-30T00:03:11.072171,00:03:11,9056.55,769807.14,3
2025-10-30T00:03:15.102223,00:03:15,9043.93,768734.34,3
2025-10-30T00:03:22.621897,00:03:22,8998.85,764902.5,3
2025-10-30T00:03:26.669417,00:03:26,8994.32,764517.39,3
2025-10-30T00:03:34.176091,00:03:34,8982.17,763484.45,3
2025-10-30T00:03:38.502799,00:03:38,9018.19,766545.87,3
2025-10-30T00:03:45.789662,00:03:45,9006.24,765530.53,3
2025-10-30T00:03:50.165984,00:03:50,9014.65,766245.27,3
2025-10-30T00:03:57.637539,00:03:57,9062.51,770313.65,3
2025-10-30T00:04:01.792915,00:04:01,9064.95,770520.92,3
2025-10-30T00:04:09.215458,00:04:09,9126.08,775716.92,3
2025-10-30T00:04:13.709999,00:04:13,9137.56,776692.74,3
2025-10-30T00:04:20.821284,00:04:20,9134.85,776462.05,3
2025-10-30T00:04:25.642501,00:04:25,9137.43,776681.59,3
2025-10-30T00:04:32.400035,00:04:32,9153.4,778038.64,3
2025-10-30T00:04:37.313548,00:04:37,9183.07,780560.58,3
2025-10-30T00:04:44.298965,00:04:44,9187.8,780963.03,3
2025-10-30T00:04:49.189261,00:04:49,9191.18,781250.66,3
2025-10-30T00:04:56.103246,00:04:56,9195.51,781617.98,3
2025-10-30T00:05:01.363057,00:05:01,9171.32,779562.2,3
2025-10-30T00:05:07.968882,00:05:07,9177.75,780109.11,3
2025-10-30T00:05:12.986776,00:05:12,9155.57,778223.34,3
2025-10-30T00:05:19.577621,00:05:19,9135.35,776504.69,3
2025-10-30T00:05:24.620369,00:05:24,9139.59,776865.3,3
2025-10-30T00:05:31.155228,00:05:31,8828.16,750393.32,3
2025-10-30T00:05:36.211639,00:05:36,8737.33,742673.06,3
2025-10-30T00:05:42.715268,00:05:42,8781.44,746422.79,3
2025-10-30T00:05:47.815003,00:05:47,8709.01,740265.83,3
2025-10-30T00:05:54.592790,00:05:54,8427.62,716347.34,3
2025-10-30T00:05:59.501024,00:05:59,8207.06,697600.39,3
2025-10-30T00:06:06.431037,00:06:06,8133.52,691349.45,3
2025-10-30T00:06:11.696227,00:06:11,8308.97,706262.62,3
2025-10-30T00:06:18.599739,00:06:18,8346.94,709489.66,3
2025-10-30T00:06:23.358645,00:06:23,8409.72,714826.58,3
2025-10-30T00:06:30.458108,00:06:30,8346.41,709444.67,3
2025-10-30T00:06:35.040726,00:06:35,8363.67,710912.04,3
2025-10-30T00:06:42.333808,00:06:42,8314.9,706766.46,3
2025-10-30T00:06:46.623875,00:06:46,8323.94,707534.97,3
2025-10-30T00:06:53.963054,00:06:53,8308.79,706247.34,3
2025-10-30T00:06:58.498270,00:06:58,8450.52,718294.14,3
2025-10-30T00:07:05.866835,00:07:05,8413.77,715170.3,3
2025-10-30T00:07:10.356597,00:07:10,8440.23,717419.41,3
2025-10-30T00:07:17.588344,00:07:17,8340.03,708902.16,3
2025-10-30T00:07:22.056241,00:07:22,8399.54,713960.75,3
2025-10-30T00:07:29.179592,00:07:29,8271.14,703047.26,3
2025-10-30T00:07:33.985376,00:07:33,8374.07,711795.71,3
2025-10-30T00:07:40.794401,00:07:40,8278.63,703683.61,3
2025-10-30T00:07:45.915795,00:07:45,8312.89,706596.07,3
2025-10-30T00:07:52.660581,00:07:52,8321.55,707331.51,3
2025-10-30T00:07:57.609016,00:07:57,8310.87,706424.12,3
2025-10-30T00:08:04.239122,00:08:04,8182.67,695527.26,3
2025-10-30T00:08:09.183832,00:08:09,7981.12,678395.0,3
2025-10-30T00:08:15.783662,00:08:15,8103.81,688823.76,3
2025-10-30T00:08:20.791203,00:08:20,8096.86,688232.95,3
2025-10-30T00:08:27.677268,00:08:27,7905.62,671977.9,3
2025-10-30T00:08:32.727927,00:08:32,7964.81,677009.04,3
2025-10-30T00:08:39.271841,00:08:39,8082.41,687004.92,3
2025-10-30T00:08:44.699545,00:08:44,8040.71,683460.31,3
2025-10-30T00:08:50.830575,00:08:50,8132.62,691272.98,3
2025-10-30T00:08:56.626698,00:08:56,7999.11,679924.55,3
2025-10-30T00:09:02.686159,00:09:02,7975.01,677876.04,3
2025-10-30T00:09:08.657708,00:09:08,7989.01,679065.7,3
2025-10-30T00:09:14.235721,00:09:14,7755.07,659180.53,3
2025-10-30T00:09:20.895251,00:09:20,7875.56,669422.23,3
2025-10-30T00:09:26.149752,00:09:26,7778.42,661165.94,3
2025-10-30T00:09:32.528532,00:09:32,7402.5,629212.25,3
2025-10-30T00:09:37.751700,00:09:37,7543.16,641168.85,3
2025-10-30T00:09:44.261900,00:09:44,7531.43,640171.34,3
2025-10-30T00:09:50.078935,00:09:50,7455.14,633687.15,3
2025-10-30T00:09:56.244541,00:09:56,7376.51,627003.34,3
2025-10-30T00:10:01.738482,00:10:01,7132.37,606251.63,3
2025-10-30T00:10:07.879940,00:10:07,7237.11,615154.64,3
2025-10-30T00:10:13.351996,00:10:13,7442.32,632596.82,3
2025-10-30T00:10:19.770049,00:10:19,7486.13,636321.06,3
2025-10-30T00:10:25.249212,00:10:25,7488.18,636495.27,3
2025-10-30T00:10:31.670771,00:10:31,7123.97,605537.62,3
2025-10-30T00:10:36.866028,00:10:36,7409.47,629804.87,3
2025-10-30T00:10:44.249834,00:10:44,7531.99,640219.02,3
2025-10-30T00:10:48.791411,00:10:48,7431.03,631637.87,3
2025-10-30T00:10:56.518442,00:10:56,7420.58,630748.92,3
2025-10-30T00:11:00.611949,00:11:00,7328.32,622907.18,3
2025-10-30T00:11:08.141779,00:11:08,7512.05,638524.45,3
2025-10-30T00:11:12.213554,00:11:12,7377.94,627124.9,3
2025-10-30T00:11:19.783925,00:11:19,7165.95,609105.41,3
2025-10-30T00:11:23.905358,00:11:23,7270.08,617956.57,3
2025-10-30T00:11:31.731100,00:11:31,7221.71,613845.1,3
2025-10-30T00:11:35.827221,00:11:35,7232.13,614731.04,3
2025-10-30T00:11:43.374905,00:11:43,7305.91,621002.64,3
2025-10-30T00:11:47.466218,00:11:47,7192.74,611382.51,3
2025-10-30T00:11:55.326118,00:11:55,7104.85,603912.46,3
2025-10-30T00:11:59.027598,00:11:59,7099.33,603443.45,3
2025-10-30T00:12:07.240267,00:12:07,7187.89,610970.25,3
2025-10-30T00:12:10.726247,00:12:10,7084.45,602178.56,3
2025-10-30T00:12:18.822450,00:12:18,7134.59,606440.13,3
2025-10-30T00:12:22.292062,00:12:22,7118.55,605076.56,3
2025-10-30T00:12:30.690326,00:12:30,7146.6,607461.4,3
2025-10-30T00:12:33.948002,00:12:33,7129.53,606010.41,3
2025-10-30T00:12:42.578134,00:12:42,7277.36,618575.9,3
2025-10-30T00:12:46.060846,00:12:46,7223.21,613973.12,3
2025-10-30T00:12:55.064347,00:12:55,7250.67,616306.96,3
2025-10-30T00:12:57.692515,00:12:57,7259.05,617019.5,3
2025-10-30T00:13:07.635110,00:13:07,7374.88,626864.9,3
2025-10-30T00:13:09.219314,00:13:09,7323.09,622462.53,3
2025-10-30T00:13:19.548837,00:13:19,7278.93,618708.97,3
2025-10-30T00:13:20.810864,00:13:20,7264.96,617521.67,3
2025-10-30T00:13:31.455182,00:13:31,7533.45,640342.97,3
2025-10-30T00:13:32.424137,00:13:32,7491.81,636803.46,3
2025-10-30T00:13:43.573275,00:13:43,7540.7,640959.5,3
2025-10-30T00:13:44.567754,00:13:44,7551.31,641861.58,3
2025-10-30T00:13:55.501505,00:13:55,7584.42,644675.62,3
2025-10-30T00:13:56.412004,00:13:56,7518.22,639048.71,3
2025-10-30T00:14:07.425063,00:14:07,7588.92,645058.05,3
2025-10-30T00:14:08.652071,00:14:08,7555.97,642257.75,3
2025-10-30T00:14:19.306349,00:14:19,7575.18,643890.68,3
2025-10-30T00:14:20.528013,00:14:20,7569.1,643373.82,3
2025-10-30T00:14:31.528159,00:14:31,7381.54,627431.23,3
2025-10-30T00:14:32.395914,00:14:32,7396.31,628686.12,3
2025-10-30T00:14:43.473209,00:14:43,7365.16,626038.63,3
2025-10-30T00:14:44.274415,00:14:44,7371.25,626556.32,3
2025-10-30T00:14:55.536271,00:14:55,7304.78,620906.51,3
2025-10-30T00:14:56.197100,00:14:56,7309.19,621280.74,3
2025-10-30T00:15:07.486168,00:15:07,7309.09,621272.66,3
2025-10-30T00:15:08.377086,00:15:08,7324.43,622576.86,3
2025-10-30T00:15:19.080280,00:15:19,7485.46,636264.39,3
2025-10-30T00:15:20.246718,00:15:20,7518.24,639050.11,3
2025-10-30T00:15:30.683229,00:15:30,7591.55,645281.66,3
2025-10-30T00:15:32.436119,00:15:32,7631.93,648714.21,3
2025-10-30T00:15:42.718728,00:15:42,7650.53,650295.19,3
2025-10-30T00:15:43.964860,00:15:43,7628.98,648463.01,3
2025-10-30T00:15:54.675809,00:15:54,7675.37,652406.84,3
2025-10-30T00:15:56.106378,00:15:56,7709.45,655302.97,3
2025-10-30T00:16:06.838982,00:16:06,7666.38,651642.66,3
2025-10-30T00:16:07.982853,00:16:07,7646.6,649961.36,3
2025-10-30T00:16:19.068507,00:16:19,7603.03,646257.89,3
2025-10-30T00:16:19.812273,00:16:19,7622.96,647951.45,3
2025-10-30T00:16:31.327244,00:16:31,7645.93,649904.39,3
2025-10-30T00:16:31.637050,00:16:31,7690.4,653684.15,3
2025-10-30T00:16:43.627881,00:16:43,7727.75,656858.95,3
2025-10-30T00:16:43.914107,00:16:43,7727.78,656861.03,3
2025-10-30T00:16:55.750541,00:16:55,7741.91,658062.32,3
2025-10-30T00:16:56.242088,00:16:56,7745.88,658399.47,3
2025-10-30T00:17:08.178416,00:17:08,7717.65,655999.95,3
2025-10-30T00:17:08.460227,00:17:08,7713.61,655656.45,3
2025-10-30T00:17:20.398012,00:17:20,7721.23,656304.92,3
2025-10-30T00:17:20.406377,00:17:20,7715.81,655843.59,3
2025-10-30T00:17:32.242801,00:17:32,7710.25,655371.67,3
2025-10-30T00:17:32.969860,00:17:32,7708.35,655209.49,3
2025-10-30T00:17:44.087935,00:17:44,7696.12,654170.14,3
2025-10-30T00:17:44.935288,00:17:44,7688.81,653549.01,3
2025-10-30T00:17:56.305836,00:17:56,7629.05,648469.19,3
2025-10-30T00:17:56.595360,00:17:56,7630.04,648553.66,3
2025-10-30T00:18:07.869842,00:18:07,7573.64,643759.74,3
2025-10-30T00:18:08.491011,00:18:08,7586.25,644831.51,3
2025-10-30T00:18:19.761947,00:18:19,7661.77,651250.29,3
2025-10-30T00:18:20.111967,00:18:20,7669.89,651940.58,3
2025-10-30T00:18:31.703213,00:18:31,7730.08,657056.52,3
2025-10-30T00:18:32.108871,00:18:32,7730.08,657056.52,3
2025-10-30T00:18:43.578584,00:18:43,7702.54,654715.7,3
2025-10-30T00:18:44.284336,00:18:44,7721.55,656331.78,3
2025-10-30T00:18:55.744431,00:18:55,7798.74,662893.19,3
2025-10-30T00:18:56.257886,00:18:56,7804.17,663354.73,3
2025-10-30T00:19:08.154446,00:19:08,7796.69,662718.62,3
2025-10-30T00:19:08.364095,00:19:08,7785.68,661782.58,3
2025-10-30T00:19:20.261728,00:19:20,7782.68,661527.76,3
2025-10-30T00:19:20.341672,00:19:20,7793.61,662456.66,3
2025-10-30T00:19:32.552455,00:19:32,7684.31,653166.47,3
2025-10-30T00:19:32.796106,00:19:32,7684.31,653166.47,3
2025-10-30T00:19:44.415721,00:19:44,7739.59,657865.45,3
2025-10-30T00:19:45.029039,00:19:45,7747.11,658504.19,3
2025-10-30T00:19:56.518150,00:19:56,7759.94,659595.26,3
2025-10-30T00:19:56.587914,00:19:56,7762.94,659849.87,3
2025-10-30T00:20:08.675184,00:20:08,7842.63,666623.7,3
2025-10-30T00:20:08.825305,00:20:08,7859.18,668030.15,3
2025-10-30T00:20:20.494308,00:20:20,7969.57,677413.45,3
2025-10-30T00:20:20.564459,00:20:20,7943.84,675226.13,3
2025-10-30T00:20:32.062878,00:20:32,8002.28,680193.45,3
2025-10-30T00:20:32.126288,00:20:32,8003.21,680273.2,3
2025-10-30T00:20:43.700789,00:20:43,8145.97,692407.79,3
2025-10-30T00:20:43.961951,00:20:43,8158.8,693497.83,3
2025-10-30T00:20:55.283700,00:20:55,8112.92,689598.06,3
2025-10-30T00:20:55.483039,00:20:55,8078.7,686689.43,3
2025-10-30T00:21:07.004015,00:21:07,8164.05,693944.51,3
2025-10-30T00:21:07.229715,00:21:07,8158.26,693451.7,3
2025-10-30T00:21:19.290726,00:21:19,8093.21,687922.98,3
2025-10-30T00:21:19.300270,00:21:19,8093.21,687922.98,3
2025-10-30T00:21:31.298999,00:21:31,8087.22,687413.54,3
2025-10-30T00:21:31.577620,00:21:31,8073.87,686279.3,3
2025-10-30T00:21:43.416667,00:21:43,8074.17,686304.3,3
2025-10-30T00:21:43.795121,00:21:43,8065.5,685567.63,3
2025-10-30T00:21:55.665484,00:21:55,8077.36,686575.78,3
2025-10-30T00:21:56.009317,00:21:56,8077.36,686575.78,3
2025-10-30T00:22:07.894438,00:22:07,8205.22,697443.78,3
2025-10-30T00:22:08.286797,00:22:08,8199.86,696988.45,3
2025-10-30T00:22:20.065263,00:22:20,8231.94,699715.29,3
2025-10-30T00:22:20.441343,00:22:20,8227.94,699374.48,3
2025-10-30T00:22:31.672241,00:22:31,8166.03,694112.13,3
2025-10-30T00:22:32.190213,00:22:32,8159.98,693598.27,3
2025-10-30T00:22:43.540766,00:22:43,8143.88,692229.81,3
2025-10-30T00:22:44.145996,00:22:44,8178.16,695143.69,3
2025-10-30T00:22:55.483291,00:22:55,8253.45,701543.06,3
2025-10-30T00:22:56.394418,00:22:56,8241.13,700496.11,3
2025-10-30T00:23:07.275913,00:23:07,8205.97,697507.18,3
2025-10-30T00:23:08.261499,00:23:08,8212.6,698071.25,3
2025-10-30T00:23:19.374298,00:23:19,8266.97,702692.82,3
2025-10-30T00:23:20.507523,00:23:20,8280.71,703860.69,3
2025-10-30T00:23:30.941898,00:23:30,8343.11,709164.1,3
2025-10-30T00:23:32.502598,00:23:32,8347.93,709574.11,3
2025-10-30T00:23:42.755548,00:23:42,8422.58,715919.41,3
2025-10-30T00:23:44.173307,00:23:44,8413.9,715181.13,3
2025-10-30T00:23:54.620672,00:23:54,8495.68,722133.17,3
2025-10-30T00:23:56.049622,00:23:56,8495.17,722089.46,3
2025-10-30T00:24:06.196094,00:24:06,8346.52,709453.96,3
2025-10-30T00:24:07.655212,00:24:07,8342.06,709075.33,3
2025-10-30T00:24:18.333779,00:24:18,8330.13,708061.42,3
2025-10-30T00:24:19.786658,00:24:19,8356.17,710274.76,3
2025-10-30T00:24:30.205639,00:24:30,8442.78,717635.92,3
2025-10-30T00:24:31.619554,00:24:31,8447.36,718025.28,3
2025-10-30T00:24:42.051638,00:24:42,8391.63,713288.87,3
2025-10-30T00:24:43.473278,00:24:43,8402.51,714213.03,3
2025-10-30T00:24:53.928492,00:24:53,8349.27,709688.32,3
2025-10-30T00:24:55.341094,00:24:55,8336.6,708611.17,3
2025-10-30T00:25:05.756230,00:25:05,8375.63,711928.94,3
2025-10-30T00:25:07.236132,00:25:07,8413.57,715153.87,3
2025-10-30T00:25:17.569152,00:25:17,8401.14,714096.93,3
2025-10-30T00:25:19.165259,00:25:19,8397.83,713815.76,3
2025-10-30T00:25:29.438559,00:25:29,8363.39,710887.9,3
2025-10-30T00:25:31.211022,00:25:31,8424.53,716085.36,3
2025-10-30T00:25:40.974609,00:25:40,8438.7,717289.75,3
2025-10-30T00:25:42.877401,00:25:42,8467.17,719709.27,3
2025-10-30T00:25:52.496765,00:25:52,8431.88,716709.51,3
2025-10-30T00:25:54.744000,00:25:54,8461.94,719264.77,3
2025-10-30T00:26:04.134985,00:26:04,8424.27,716062.82,3
2025-10-30T00:26:06.301311,00:26:06,8402.91,714247.35,3
2025-10-30T00:26:15.747046,00:26:15,8363.13,710865.97,3
2025-10-30T00:26:18.211029,00:26:18,8367.39,711228.54,3
2025-10-30T00:26:27.924007,00:26:27,8344.54,709285.91,3
2025-10-30T00:26:29.824550,00:26:29,8332.31,708246.34,3
2025-10-30T00:26:40.206851,00:26:40,8294.17,705004.62,3
2025-10-30T00:26:41.401478,00:26:41,8296.15,705173.03,3
2025-10-30T00:26:52.406532,00:26:52,8219.48,698655.75,3
2025-10-30T00:26:52.986818,00:26:52,8222.44,698907.03,3
2025-10-30T00:27:03.966239,00:27:03,8212.27,698042.56,3
2025-10-30T00:27:04.582348,00:27:04,8191.5,696277.12,3
2025-10-30T00:27:16.089641,00:27:16,8229.14,699476.77,3
2025-10-30T00:27:17.060272,00:27:17,8229.28,699489.1,3
2025-10-30T00:27:27.949563,00:27:27,8279.61,703767.25,3
2025-10-30T00:27:29.066714,00:27:29,8245.33,700853.4,3
2025-10-30T00:27:40.121820,00:27:40,8257.8,701912.7,3
2025-10-30T00:27:40.987715,00:27:40,8263.26,702376.87,3
2025-10-30T00:27:52.302699,00:27:52,8212.07,698026.17,3
2025-10-30T00:27:53.229139,00:27:53,8210.11,697859.3,3
2025-10-30T00:28:03.917408,00:28:03,8246.29,700934.8,3
2025-10-30T00:28:05.421529,00:28:05,8232.95,699801.11,3
2025-10-30T00:28:15.453434,00:28:15,8171.54,694581.2,3
2025-10-30T00:28:17.592774,00:28:17,8210.69,697908.81,3
2025-10-30T00:28:27.294264,00:28:27,8144.19,692256.08,3
2025-10-30T00:28:29.458571,00:28:29,8136.29,691584.46,3
2025-10-30T00:28:38.817557,00:28:38,8127.19,690810.8,3
2025-10-30T00:28:41.391391,00:28:41,8134.33,691418.32,3
2025-10-30T00:28:50.931126,00:28:50,8161.86,693757.68,3
2025-10-30T00:28:52.965194,00:28:52,8167.61,694246.96,3
2025-10-30T00:29:02.491284,00:29:02,8197.76,696809.8,3
2025-10-30T00:29:04.650897,00:29:04,8222.54,698915.94,3
2025-10-30T00:29:14.306968,00:29:14,8211.27,697957.87,3
2025-10-30T00:29:16.695998,00:29:16,8234.53,699934.72,3
2025-10-30T00:29:26.202227,00:29:26,8219.92,698693.56,3
2025-10-30T00:29:28.568982,00:29:28,8188.72,696041.56,3
2025-10-30T00:29:37.775969,00:29:37,8123.96,690536.54,3
2025-10-30T00:29:40.435753,00:29:40,8125.42,690660.8,3
2025-10-30T00:29:50.085120,00:29:50,8211.85,698007.41,3
2025-10-30T00:29:52.606027,00:29:52,8215.36,698305.72,3
2025-10-30T00:30:02.406024,00:30:02,8235.14,699987.2,3
2025-10-30T00:30:04.242853,00:30:04,8202.76,697234.24,3
2025-10-30T00:30:14.287838,00:30:14,8245.66,700881.43,3
2025-10-30T00:30:16.230689,00:30:16,8220.85,698771.92,3
2025-10-30T00:30:25.840685,00:30:25,8307.22,706113.45,3
2025-10-30T00:30:27.999011,00:30:27,8335.91,708552.39,3
2025-10-30T00:30:38.031533,00:30:38,8347.69,709553.75,3
2025-10-30T00:30:40.089282,00:30:40,8371.79,711601.86,3
2025-10-30T00:30:49.949461,00:30:49,8425.74,716188.29,3
2025-10-30T00:30:52.213388,00:30:52,8464.52,719483.99,3
2025-10-30T00:31:01.590678,00:31:01,8463.34,719383.75,3
2025-10-30T00:31:03.833406,00:31:03,8409.42,714801.03,3
2025-10-30T00:31:13.123443,00:31:13,8326.33,707738.2,3
2025-10-30T00:31:15.694072,00:31:15,8310.46,706389.44,3
2025-10-30T00:31:24.666500,00:31:24,8309.46,706304.08,3
2025-10-30T00:31:27.982361,00:31:27,8331.77,708200.35,3
2025-10-30T00:31:36.481049,00:31:36,8363.73,710916.79,3
2025-10-30T00:31:39.631732,00:31:39,8339.99,708899.33,3
2025-10-30T00:31:48.322426,00:31:48,8336.01,708560.75,3
2025-10-30T00:31:51.521744,00:31:51,8345.08,709332.14,3
2025-10-30T00:31:59.972185,00:31:59,8370.37,711481.68,3
2025-10-30T00:32:03.410321,00:32:03,8318.36,707060.92,3
2025-10-30T00:32:11.795032,00:32:11,8331.66,708191.15,3
2025-10-30T00:32:15.291966,00:32:15,8329.79,708032.07,3
2025-10-30T00:32:23.540512,00:32:23,8312.45,706558.31,3
2025-10-30T00:32:26.895196,00:32:26,8310.68,706407.93,3
2025-10-30T00:32:35.079821,00:32:35,8374.73,711852.23,3
2025-10-30T00:32:38.731571,00:32:38,8356.52,710304.38,3
2025-10-30T00:32:46.673403,00:32:46,8408.56,714727.99,3
2025-10-30T00:32:50.338055,00:32:50,8417.14,715456.58,3
2025-10-30T00:32:58.391916,00:32:58,8499.76,722480.01,3
2025-10-30T00:33:01.952417,00:33:01,8487.17,721409.28,3
2025-10-30T00:33:10.212913,00:33:10,8560.35,727630.12,3
2025-10-30T00:33:13.825519,00:33:13,8538.95,725810.46,3
2025-10-30T00:33:21.852488,00:33:21,8546.87,726483.98,3
2025-10-30T00:33:25.734276,00:33:25,8561.19,727700.95,3
2025-10-30T00:33:33.576687,00:33:33,8540.41,725934.45,3
2025-10-30T00:33:37.374543,00:33:37,8460.25,719121.46,3
2025-10-30T00:33:45.561958,00:33:45,8417.25,715466.19,3
2025-10-30T00:33:49.496347,00:33:49,8355.42,710210.64,3
2025-10-30T00:33:57.751871,00:33:57,8343.3,709180.17,3
2025-10-30T00:34:01.130776,00:34:01,8334.77,708455.6,3
2025-10-30T00:34:10.023517,00:34:10,8411.06,714940.24,3
2025-10-30T00:34:13.171459,00:34:13,8405.48,714465.75,3
2025-10-30T00:34:22.423076,00:34:22,8297.89,705320.85,3
2025-10-30T00:34:25.099255,00:34:25,8292.47,704860.33,3
2025-10-30T00:34:34.607300,00:34:34,8280.02,703802.12,3
2025-10-30T00:34:36.737273,00:34:36,8273.15,703218.14,3
2025-10-30T00:34:46.283083,00:34:46,8266.44,702647.2,3
2025-10-30T00:34:48.692687,00:34:48,8282.4,704003.96,3
2025-10-30T00:34:58.537161,00:34:58,8276.19,703475.84,3
2025-10-30T00:35:00.409937,00:35:00,8307.98,706178.09,3
2025-10-30T00:35:10.610169,00:35:10,8388.63,713033.37,3
2025-10-30T00:35:11.968872,00:35:11,8437.06,717149.89,3
2025-10-30T00:35:22.440064,00:35:22,8484.23,721159.78,3
2025-10-30T00:35:23.815507,00:35:23,8498.52,722374.56,3
2025-10-30T00:35:34.786052,00:35:34,8538.86,725803.5,3
2025-10-30T00:35:35.663576,00:35:35,8532.55,725266.73,3
2025-10-30T00:35:47.240969,00:35:47,8480.22,720818.47,3
2025-10-30T00:35:47.241058,00:35:47,8480.66,720856.44,3
2025-10-30T00:35:59.392122,00:35:59,8509.15,723277.74,3
2025-10-30T00:35:59.399183,00:35:59,8519.03,724117.13,3
2025-10-30T00:36:11.270313,00:36:11,8618.36,732560.34,3
2025-10-30T00:36:11.819452,00:36:11,8622.78,732936.32,3
2025-10-30T00:36:23.065148,00:36:23,8551.39,726868.14,3
2025-10-30T00:36:24.236512,00:36:24,8537.33,725673.02,3
2025-10-30T00:36:34.567952,00:36:34,8536.71,725620.43,3
2025-10-30T00:36:36.423834,00:36:36,8528.19,724896.18,3
2025-10-30T00:36:46.402345,00:36:46,8518.19,724046.47,3
2025-10-30T00:36:48.340952,00:36:48,8525.63,724678.81,3
2025-10-30T00:36:57.965930,00:36:57,8505.76,722990.01,3
2025-10-30T00:37:00.061436,00:37:00,8530.15,725062.35,3
2025-10-30T00:37:10.223911,00:37:10,8634.85,733962.3,3
2025-10-30T00:37:11.890997,00:37:11,8666.01,736610.99,3
2025-10-30T00:37:22.069977,00:37:22,8650.43,735286.2,3
2025-10-30T00:37:23.530705,00:37:23,8651.84,735406.4,3
2025-10-30T00:37:34.163611,00:37:34,8730.53,742095.16,3
2025-10-30T00:37:35.727693,00:37:35,8730.58,742099.31,3
2025-10-30T00:37:45.745265,00:37:45,8747.13,743505.72,3
2025-10-30T00:37:47.638344,00:37:47,8749.0,743664.61,3
2025-10-30T00:37:57.926928,00:37:57,8762.57,744818.45,3
2025-10-30T00:37:59.623824,00:37:59,8769.07,745370.96,3
2025-10-30T00:38:09.853858,00:38:09,8799.74,747978.07,3
2025-10-30T00:38:11.218913,00:38:11,8765.09,745032.91,3
2025-10-30T00:38:21.419392,00:38:21,8802.16,748184.0,3
2025-10-30T00:38:23.236999,00:38:23,8794.49,747531.78,3
2025-10-30T00:38:33.312321,00:38:33,8758.58,744479.07,3
2025-10-30T00:38:34.894867,00:38:34,8768.55,745327.01,3
2025-10-30T00:38:45.475535,00:38:45,8746.34,743438.64,3
2025-10-30T00:38:46.494456,00:38:46,8738.59,742780.11,3
2025-10-30T00:38:57.410246,00:38:57,8760.29,744624.48,3
2025-10-30T00:38:58.702109,00:38:58,8743.45,743193.22,3
2025-10-30T00:39:09.607370,00:39:09,8773.26,745727.08,3
2025-10-30T00:39:10.926795,00:39:10,8773.54,745750.93,3
2025-10-30T00:39:21.415980,00:39:21,8858.32,752957.15,3
2025-10-30T00:39:22.595721,00:39:22,8853.0,752504.65,3
2025-10-30T00:39:33.588765,00:39:33,8876.54,754505.7,3
2025-10-30T00:39:34.289689,00:39:34,8876.33,754487.99,3
2025-10-30T00:39:45.744529,00:39:45,8772.08,745626.53,3
2025-10-30T00:39:46.165433,00:39:46,8770.0,745449.77,3
2025-10-30T00:39:57.566395,00:39:57,8754.55,744136.8,3
2025-10-30T00:39:58.392607,00:39:58,8754.18,744105.46,3
2025-10-30T00:40:09.780810,00:40:09,8776.81,746028.43,3
2025-10-30T00:40:10.251836,00:40:10,8784.03,746642.85,3
2025-10-30T00:40:21.934965,00:40:21,8743.94,743234.87,3
2025-10-30T00:40:22.475556,00:40:22,8735.11,742484.55,3
2025-10-30T00:40:34.047750,00:40:34,8769.55,745411.48,3
2025-10-30T00:40:34.703211,00:40:34,8769.05,745369.5,3
2025-10-30T00:40:45.798696,00:40:45,8848.96,752161.21,3
2025-10-30T00:40:46.919823,00:40:46,8843.8,751722.64,3
2025-10-30T00:40:57.914276,00:40:57,8844.46,751778.75,3
2025-10-30T00:40:59.098460,00:40:59,8822.04,749873.35,3
2025-10-30T00:41:09.722657,00:41:09,8846.12,751919.9,3
2025-10-30T00:41:10.668278,00:41:10,8835.67,751031.77,3
2025-10-30T00:41:21.838843,00:41:21,8839.54,751360.65,3
2025-10-30T00:41:22.231635,00:41:22,8826.59,750259.99,3
2025-10-30T00:41:33.444173,00:41:33,8841.58,751534.48,3
2025-10-30T00:41:33.997246,00:41:33,8842.46,751608.99,3
2025-10-30T00:41:45.321258,00:41:45,8848.58,752129.32,3
2025-10-30T00:41:45.579657,00:41:45,8849.77,752230.78,3
2025-10-30T00:41:57.459056,00:41:57,8845.93,751904.11,3
2025-10-30T00:41:57.515528,00:41:57,8846.25,751931.18,3
2025-10-30T00:42:09.324849,00:42:09,8874.62,754342.64,3
2025-10-30T00:42:09.686283,00:42:09,8877.89,754620.59,3
2025-10-30T00:42:21.009249,00:42:21,8853.68,752562.43,3
2025-10-30T00:42:21.225004,00:42:21,8848.19,752095.99,3
2025-10-30T00:42:32.813585,00:42:32,8898.87,756403.91,3
2025-10-30T00:42:33.205340,00:42:33,8899.03,756417.56,3
2025-10-30T00:42:44.627416,00:42:44,8913.68,757662.43,3
2025-10-30T00:42:45.062017,00:42:45,8898.99,756414.23,3
2025-10-30T00:42:56.427583,00:42:56,8873.87,754278.91,3
2025-10-30T00:42:56.901748,00:42:56,8864.62,753492.42,3
2025-10-30T00:43:08.602523,00:43:08,8835.83,751045.28,3
2025-10-30T00:43:08.796893,00:43:08,8836.39,751092.84,3
2025-10-30T00:43:20.397803,00:43:20,8844.99,751824.27,3
2025-10-30T00:43:20.773437,00:43:20,8847.59,752045.26,3
2025-10-30T00:43:32.338888,00:43:32,8838.07,751236.31,3
2025-10-30T00:43:33.009802,00:43:33,8838.48,751270.71,3
2025-10-30T00:43:44.622458,00:43:44,8791.71,747295.48,3
2025-10-30T00:43:44.890574,00:43:44,8790.52,747193.89,3
2025-10-30T00:43:56.168678,00:43:56,8713.82,740674.51,3
2025-10-30T00:43:56.460554,00:43:56,8714.88,740765.05,3
2025-10-30T00:44:08.339323,00:44:08,8694.08,738997.09,3
2025-10-30T00:44:08.353095,00:44:08,8694.08,738997.09,3
2025-10-30T00:44:20.506003,00:44:20,8694.86,739062.89,3
2025-10-30T00:44:20.533081,00:44:20,8694.86,739062.89,3
2025-10-30T00:44:32.391852,00:44:32,8703.35,739784.39,3
2025-10-30T00:44:32.665229,00:44:32,8703.35,739784.39,3
2025-10-30T00:44:44.563531,00:44:44,8687.2,738411.71,3
2025-10-30T00:44:44.780261,00:44:44,8685.52,738269.46,3
2025-10-30T00:44:56.420483,00:44:56,8700.63,739553.27,3
2025-10-30T00:44:56.655282,00:44:56,8700.24,739520.55,3
2025-10-30T00:45:08.505746,00:45:08,8749.84,743736.49,3
2025-10-30T00:45:08.826980,00:45:08,8749.84,743736.49,3
2025-10-30T00:45:20.964001,00:45:20,8699.06,739420.39,3
2025-10-30T00:45:21.272286,00:45:21,8697.4,739278.9,3
2025-10-30T00:45:32.835060,00:45:32,8680.49,737841.51,3
2025-10-30T00:45:33.610774,00:45:33,8680.49,737841.9,3
2025-10-30T00:45:44.664974,00:45:44,8680.61,737851.89,3
2025-10-30T00:45:45.734200,00:45:45,8684.02,738141.87,3
2025-10-30T00:45:56.492806,00:45:56,8658.36,735960.73,3
2025-10-30T00:45:57.613386,00:45:57,8664.94,736519.6,3
2025-10-30T00:46:08.391888,00:46:08,8623.64,733009.01,3
2025-10-30T00:46:09.607360,00:46:09,8657.36,735875.43,3
2025-10-30T00:46:20.607256,00:46:20,8571.4,728568.7,3
2025-10-30T00:46:21.675584,00:46:21,8567.34,728224.12,3
2025-10-30T00:46:32.520634,00:46:32,8545.42,726360.8,3
2025-10-30T00:46:33.645610,00:46:33,8545.35,726354.68,3
2025-10-30T00:46:44.331720,00:46:44,8532.81,725288.45,3
2025-10-30T00:46:45.527579,00:46:45,8498.78,722396.16,3
2025-10-30T00:46:56.298394,00:46:56,8519.64,724169.41,3
2025-10-30T00:46:57.362599,00:46:57,8518.2,724046.6,3
2025-10-30T00:47:08.524246,00:47:08,8527.93,724874.21,3
2025-10-30T00:47:08.932289,00:47:08,8524.35,724570.15,3
2025-10-30T00:47:20.633762,00:47:20,8508.93,723259.38,3
2025-10-30T00:47:21.117742,00:47:21,8508.93,723259.38,3
2025-10-30T00:47:32.446372,00:47:32,8532.2,725236.97,3
2025-10-30T00:47:32.791460,00:47:32,8521.7,724344.41,3
2025-10-30T00:47:44.298375,00:47:44,8532.22,725238.38,3
2025-10-30T00:47:44.707523,00:47:44,8524.14,724552.03,3
2025-10-30T00:47:56.442468,00:47:56,8534.49,725431.68,3
2025-10-30T00:47:56.898805,00:47:56,8534.4,725424.42,3
2025-10-30T00:48:08.336575,00:48:08,8508.66,723235.68,3
2025-10-30T00:48:09.015670,00:48:09,8503.63,722808.58,3
2025-10-30T00:48:20.231054,00:48:20,8498.98,722412.96,3
2025-10-30T00:48:20.892270,00:48:20,8487.54,721441.25,3
2025-10-30T00:48:32.047388,00:48:32,8391.19,713250.97,3
2025-10-30T00:48:32.445409,00:48:32,8390.69,713209.05,3
2025-10-30T00:48:43.892063,00:48:43,8421.94,715864.48,3
2025-10-30T00:48:44.568929,00:48:44,8427.56,716342.27,3
2025-10-30T00:48:55.739418,00:48:55,8491.29,721759.92,3
2025-10-30T00:48:56.557465,00:48:56,8496.44,722197.42,3
2025-10-30T00:49:07.556267,00:49:07,8493.93,721983.78,3
2025-10-30T00:49:08.700730,00:49:08,8493.39,721937.81,3
2025-10-30T00:49:19.396538,00:49:19,8506.88,723084.78,3
2025-10-30T00:49:20.727067,00:49:20,8507.79,723162.44,3
2025-10-30T00:49:31.211533,00:49:31,8510.05,723354.05,3
2025-10-30T00:49:32.461643,00:49:32,8514.02,723692.01,3
2025-10-30T00:49:43.355474,00:49:43,8497.05,722248.86,3
2025-10-30T00:49:44.330657,00:49:44,8497.22,722263.78,3
2025-10-30T00:49:55.281695,00:49:55,8495.15,722087.54,3
2025-10-30T00:49:56.218308,00:49:56,8495.24,722095.2,3
2025-10-30T00:50:06.938687,00:50:06,8508.57,723228.68,3
2025-10-30T00:50:07.849815,00:50:07,8477.38,720577.34,3
2025-10-30T00:50:19.111515,00:50:19,8435.78,717041.51,3
2025-10-30T00:50:20.045353,00:50:20,8435.62,717027.77,3
2025-10-30T00:50:31.323182,00:50:31,8406.7,714569.14,3
2025-10-30T00:50:31.637173,00:50:31,8405.75,714488.69,3
2025-10-30T00:50:43.509929,00:50:43,8440.22,717418.52,3
2025-10-30T00:50:44.131387,00:50:44,8427.66,716351.08,3
2025-10-30T00:50:55.354990,00:50:55,8517.35,723974.99,3
2025-10-30T00:50:55.975552,00:50:55,8517.21,723962.44,3
2025-10-30T00:51:07.237866,00:51:07,8552.73,726981.78,3
2025-10-30T00:51:07.621295,00:51:07,8548.29,726604.43,3
2025-10-30T00:51:19.348664,00:51:19,8503.35,722784.78,3
2025-10-30T00:51:19.812267,00:51:19,8504.89,722915.5,3
2025-10-30T00:51:31.395363,00:51:31,8433.78,716871.04,3
2025-10-30T00:51:31.503131,00:51:31,8433.49,716846.88,3
2025-10-30T00:51:43.286777,00:51:43,8459.81,719083.45,3
2025-10-30T00:51:43.345821,00:51:43,8461.72,719245.94,3
2025-10-30T00:51:55.432231,00:51:55,8452.49,718461.94,3
2025-10-30T00:51:55.864717,00:51:55,8450.44,718287.14,3
2025-10-30T00:52:07.333490,00:52:07,8477.65,720600.66,3
2025-10-30T00:52:07.966428,00:52:07,8512.29,723544.56,3
2025-10-30T00:52:19.211634,00:52:19,8595.98,730658.53,3
2025-10-30T00:52:19.502895,00:52:19,8596.44,730697.37,3
2025-10-30T00:52:31.111602,00:52:31,8585.77,729790.77,3
2025-10-30T00:52:31.617802,00:52:31,8579.98,729298.59,3
2025-10-30T00:52:42.767767,00:52:42,8583.79,729622.3,3
2025-10-30T00:52:43.421752,00:52:43,8591.9,730311.86,3
2025-10-30T00:52:54.651340,00:52:54,8606.69,731568.29,3
2025-10-30T00:52:54.974316,00:52:54,8601.78,731151.39,3
2025-10-30T00:53:06.786190,00:53:06,8555.77,727240.39,3
2025-10-30T00:53:06.830399,00:53:06,8556.0,727259.89,3
2025-10-30T00:53:18.661485,00:53:18,8535.21,725492.83,3
2025-10-30T00:53:18.726145,00:53:18,8534.44,725427.69,3
2025-10-30T00:53:30.528683,00:53:30,8466.63,719663.63,3
2025-10-30T00:53:30.619007,00:53:30,8466.84,719681.23,3
2025-10-30T00:53:42.101412,00:53:42,8488.15,721492.88,3
2025-10-30T00:53:42.520441,00:53:42,8487.84,721466.65,3
2025-10-30T00:53:54.275001,00:53:54,8485.46,721264.08,3
2025-10-30T00:53:54.432949,00:53:54,8484.95,721220.95,3
2025-10-30T00:54:06.224578,00:54:06,8483.34,721084.05,3
2025-10-30T00:54:06.627698,00:54:06,8475.05,720379.12,3
2025-10-30T00:54:18.094996,00:54:18,8507.73,723157.16,3
2025-10-30T00:54:18.812077,00:54:18,8511.75,723498.87,3
2025-10-30T00:54:29.913585,00:54:29,8441.04,717488.23,3
2025-10-30T00:54:30.748016,00:54:30,8441.28,717508.83,3
2025-10-30T00:54:42.126205,00:54:42,8445.88,717900.07,3
2025-10-30T00:54:42.961456,00:54:42,8447.05,717999.63,3
2025-10-30T00:54:54.046562,00:54:54,8452.16,718433.27,3
2025-10-30T00:54:55.164964,00:54:55,8459.29,719039.25,3
2025-10-30T00:55:06.163296,00:55:06,8433.77,716870.13,3
2025-10-30T00:55:06.785642,00:55:06,8397.12,713755.27,3
2025-10-30T00:55:18.060088,00:55:18,8483.72,721116.26,3
2025-10-30T00:55:18.670999,00:55:18,8484.1,721148.83,3
2025-10-30T00:55:29.603717,00:55:29,8533.54,725351.01,3
2025-10-30T00:55:30.543066,00:55:30,8533.78,725371.61,3
2025-10-30T00:55:41.217175,00:55:41,8537.85,725717.18,3
2025-10-30T00:55:42.445782,00:55:42,8543.96,726236.47,3
2025-10-30T00:55:53.382851,00:55:53,8598.54,730875.64,3
2025-10-30T00:55:54.359015,00:55:54,8618.77,732595.55,3
2025-10-30T00:56:05.296977,00:56:05,8629.41,733500.07,3
2025-10-30T00:56:06.523466,00:56:06,8627.67,733351.94,3
2025-10-30T00:56:16.859098,00:56:16,8619.31,732640.95,3
2025-10-30T00:56:18.430539,00:56:18,8629.97,733547.83,3
2025-10-30T00:56:28.686664,00:56:28,8622.59,732920.34,3
2025-10-30T00:56:29.977998,00:56:29,8621.19,732800.96,3
2025-10-30T00:56:40.552222,00:56:40,8608.63,731733.4,3
2025-10-30T00:56:41.833653,00:56:41,8607.9,731671.64,3
2025-10-30T00:56:52.407747,00:56:52,8568.82,728350.12,3
2025-10-30T00:56:53.722872,00:56:53,8546.84,726481.1,3
2025-10-30T00:57:03.992809,00:57:03,8511.54,723481.32,3
2025-10-30T00:57:05.656992,00:57:05,8498.52,722374.38,3
2025-10-30T00:57:15.611061,00:57:15,8493.02,721906.55,3
2025-10-30T00:57:17.595396,00:57:17,8492.14,721832.05,3
2025-10-30T00:57:27.470072,00:57:27,8485.12,721235.6,3
2025-10-30T00:57:29.452611,00:57:29,8487.6,721446.42,3
2025-10-30T00:57:39.302213,00:57:39,8469.67,719921.55,3
2025-10-30T00:57:41.026559,00:57:41,8480.4,720834.08,3
2025-10-30T00:57:51.234104,00:57:51,8481.58,720934.14,3
2025-10-30T00:57:52.938224,00:57:52,8492.16,721833.97,3
2025-10-30T00:58:02.792020,00:58:02,8506.6,723060.72,3
2025-10-30T00:58:04.758240,00:58:04,8521.64,724339.3,3
2025-10-30T00:58:14.421905,00:58:14,8521.52,724328.82,3
2025-10-30T00:58:16.695399,00:58:16,8520.9,724276.14,3
2025-10-30T00:58:25.954286,00:58:25,8507.55,723141.45,3
2025-10-30T00:58:28.399747,00:58:28,8507.38,723127.62,3
2025-10-30T00:58:37.556365,00:58:37,8503.09,722762.9,3
2025-10-30T00:58:40.431874,00:58:40,8520.84,724271.63,3
2025-10-30T00:58:49.421107,00:58:49,8511.42,723470.96,3
2025-10-30T00:58:52.434915,00:58:52,8529.72,725025.8,3
2025-10-30T00:59:00.949934,00:59:00,8524.34,724568.48,3
2025-10-30T00:59:04.134447,00:59:04,8502.58,722719.11,3
2025-10-30T00:59:12.809461,00:59:12,8499.09,722422.73,3
2025-10-30T00:59:15.800192,00:59:15,8461.17,719199.74,3
2025-10-30T00:59:24.657251,00:59:24,8423.64,716009.3,3
2025-10-30T00:59:27.404427,00:59:27,8462.87,719343.63,3
2025-10-30T00:59:36.542650,00:59:36,8493.28,721928.86,3
2025-10-30T00:59:39.288248,00:59:39,8490.11,721659.3,3
2025-10-30T00:59:48.488518,00:59:48,8487.23,721414.52,3
2025-10-30T00:59:51.525764,00:59:51,8464.97,719522.53,3
2025-10-30T01:00:00.396411,01:00:00,8456.87,718834.09,3
2025-10-30T01:00:03.118388,01:00:03,8446.28,717933.97,3
2025-10-30T01:00:12.227203,01:00:12,8415.15,715287.66,3
2025-10-30T01:00:15.006693,01:00:15,8406.63,714563.45,3
2025-10-30T01:00:23.825016,01:00:23,8385.6,712775.99,3
2025-10-30T01:00:26.712091,01:00:26,8427.31,716321.57,3
2025-10-30T01:00:35.659377,01:00:35,8405.14,714436.81,3
2025-10-30T01:00:38.324911,01:00:38,8411.68,714993.18,3
2025-10-30T01:00:48.092570,01:00:48,8431.17,716649.29,3
2025-10-30T01:00:49.961596,01:00:49,8423.36,715985.45,3
2025-10-30T01:00:59.645498,01:00:59,8405.99,714509.27,3
2025-10-30T01:01:01.806032,01:01:01,8409.2,714781.92,3
2025-10-30T01:01:12.330770,01:01:12,8406.15,714522.46,3
2025-10-30T01:01:13.679373,01:01:13,8394.3,713515.81,3
2025-10-30T01:01:24.191468,01:01:24,8390.13,713161.27,3
2025-10-30T01:01:25.517452,01:01:25,8441.09,717492.74,3
2025-10-30T01:01:36.340951,01:01:36,8351.59,709885.44,3
2025-10-30T01:01:37.364854,01:01:37,8352.79,709987.29,3
2025-10-30T01:01:48.190476,01:01:48,8350.28,709773.86,3
2025-10-30T01:01:49.240009,01:01:49,8349.42,709700.73,3
2025-10-30T01:02:00.016064,01:02:00,8326.13,707721.1,3
2025-10-30T01:02:01.648443,01:02:01,8334.82,708459.32,3
2025-10-30T01:02:11.637178,01:02:11,8326.62,707762.76,3
2025-10-30T01:02:13.501314,01:02:13,8296.26,705182.27,3
2025-10-30T01:02:23.265498,01:02:23,8279.99,703798.76,3
2025-10-30T01:02:25.110016,01:02:25,8289.99,704648.96,3
2025-10-30T01:02:35.156156,01:02:35,8283.68,704112.57,3
2025-10-30T01:02:37.065336,01:02:37,8282.02,703971.58,3
2025-10-30T01:02:47.044593,01:02:47,8283.88,704129.82,3
2025-10-30T01:02:48.633761,01:02:48,8272.29,703144.47,3
2025-10-30T01:02:58.877333,01:02:58,8248.83,701150.75,3
2025-10-30T01:03:00.582598,01:03:00,8251.09,701343.05,3
2025-10-30T01:03:10.866478,01:03:10,8232.26,699742.17,3
2025-10-30T01:03:12.452349,01:03:12,8232.27,699743.34,3
2025-10-30T01:03:22.778550,01:03:22,8137.26,691666.81,3
2025-10-30T01:03:24.585652,01:03:24,8164.31,693965.98,3
2025-10-30T01:03:34.751146,01:03:34,8162.47,693809.89,3
2025-10-30T01:03:36.199927,01:03:36,8165.94,694104.76,3
2025-10-30T01:03:46.691759,01:03:46,8151.08,692841.62,3
2025-10-30T01:03:47.804023,01:03:47,8149.69,692723.84,3
2025-10-30T01:03:58.794968,01:03:58,8209.96,697846.51,3
2025-10-30T01:03:59.453619,01:03:59,8225.65,699180.2,3
2025-10-30T01:04:10.631813,01:04:10,8158.77,693495.48,3
2025-10-30T01:04:11.332899,01:04:11,8161.97,693767.82,3
2025-10-30T01:04:22.511490,01:04:22,8126.34,690738.95,3
2025-10-30T01:04:23.277587,01:04:23,8137.29,691669.66,3
2025-10-30T01:04:34.727746,01:04:34,8156.07,693265.9,3
2025-10-30T01:04:35.465464,01:04:35,8155.51,693218.14,3
2025-10-30T01:04:46.960292,01:04:46,8171.45,694573.14,3
2025-10-30T01:04:47.323020,01:04:47,8174.38,694822.43,3
2025-10-30T01:04:58.531386,01:04:58,8216.35,698390.05,3
2025-10-30T01:04:59.010121,01:04:59,8219.3,698640.64,3
2025-10-30T01:05:10.650564,01:05:10,8186.1,695818.4,3
2025-10-30T01:05:10.993336,01:05:10,8178.19,695146.19,3
2025-10-30T01:05:22.160377,01:05:22,8159.56,693562.94,3
2025-10-30T01:05:23.226805,01:05:23,8132.28,691244.05,3
2025-10-30T01:05:34.026292,01:05:34,8124.47,690580.25,3
2025-10-30T01:05:35.446458,01:05:35,8123.03,690457.92,3
2025-10-30T01:05:45.869736,01:05:45,8097.83,688315.16,3
2025-10-30T01:05:47.342932,01:05:47,8122.34,690399.21,3
2025-10-30T01:05:57.708816,01:05:57,8115.64,689829.33,3
2025-10-30T01:05:59.012130,01:05:59,8118.9,690106.2,3
2025-10-30T01:06:09.284040,01:06:09,8086.08,687316.99,3
2025-10-30T01:06:10.648524,01:06:10,8085.7,687284.5,3
2025-10-30T01:06:21.143459,01:06:21,8098.01,688331.02,3
2025-10-30T01:06:22.531966,01:06:22,8092.35,687849.68,3
2025-10-30T01:06:32.957222,01:06:32,8065.62,685577.96,3
2025-10-30T01:06:34.187507,01:06:34,8047.56,684042.33,3
2025-10-30T01:06:45.100239,01:06:45,7993.0,679405.11,3
2025-10-30T01:06:46.379289,01:06:46,7993.42,679440.46,3
2025-10-30T01:06:56.722333,01:06:56,7979.85,678287.11,3
2025-10-30T01:06:58.269974,01:06:58,7980.04,678303.56,3
2025-10-30T01:07:08.352658,01:07:08,7996.65,679714.89,3
2025-10-30T01:07:10.480716,01:07:10,8030.56,682597.35,3
2025-10-30T01:07:19.964845,01:07:19,8067.09,685702.53,3
2025-10-30T01:07:22.386777,01:07:22,8049.28,684188.74,3
2025-10-30T01:07:31.527936,01:07:31,8042.51,683613.51,3
2025-10-30T01:07:33.977935,01:07:33,8040.45,683438.57,3
2025-10-30T01:07:43.141871,01:07:43,8033.09,682812.78,3
2025-10-30T01:07:45.796349,01:07:45,8029.86,682538.22,3
2025-10-30T01:07:54.711163,01:07:54,8095.1,688083.31,3
2025-10-30T01:07:57.630113,01:07:57,8104.76,688904.45,3
2025-10-30T01:08:06.535391,01:08:06,8108.68,689237.94,3
2025-10-30T01:08:09.816339,01:08:09,8136.74,691622.73,3
2025-10-30T01:08:18.400356,01:08:18,8155.89,693250.32,3
2025-10-30T01:08:22.382871,01:08:22,8201.21,697103.08,3
2025-10-30T01:08:30.271647,01:08:30,8220.35,698729.66,3
2025-10-30T01:08:34.349181,01:08:34,8211.83,698005.35,3
2025-10-30T01:08:42.082232,01:08:42,8207.13,697606.42,3
2025-10-30T01:08:46.250069,01:08:46,8180.54,695345.86,3
2025-10-30T01:08:53.654599,01:08:53,8158.82,693499.36,3
2025-10-30T01:08:57.872756,01:08:57,8147.96,692577.0,3
2025-10-30T01:09:05.786698,01:09:05,8141.76,692049.28,3
2025-10-30T01:09:09.469975,01:09:09,8130.18,691065.51,3
2025-10-30T01:09:17.386571,01:09:17,8117.82,690015.1,3
2025-10-30T01:09:21.044759,01:09:21,8095.9,688151.28,3
2025-10-30T01:09:29.513743,01:09:29,8104.59,688889.79,3
2025-10-30T01:09:32.675084,01:09:32,8078.23,686649.24,3
2025-10-30T01:09:41.087565,01:09:41,8066.01,685610.46,3
2025-10-30T01:09:44.659173,01:09:44,8074.32,686317.34,3
2025-10-30T01:09:53.214669,01:09:53,8086.91,687387.67,3
2025-10-30T01:09:56.245177,01:09:56,8063.76,685419.73,3
2025-10-30T01:10:04.827482,01:10:04,8028.54,682426.12,3
2025-10-30T01:10:07.880319,01:10:07,8027.84,682366.3,3
2025-10-30T01:10:16.649891,01:10:16,7964.79,677006.99,3
2025-10-30T01:10:19.831329,01:10:19,7936.41,674594.94,3
2025-10-30T01:10:28.497170,01:10:28,7969.79,677431.82,3
2025-10-30T01:10:31.449035,01:10:31,7964.69,676999.02,3
2025-10-30T01:10:40.299209,01:10:40,7905.74,671987.58,3
2025-10-30T01:10:43.042420,01:10:43,7925.85,673697.55,3
2025-10-30T01:10:51.851263,01:10:51,7934.37,674421.49,3
2025-10-30T01:10:54.678256,01:10:54,7942.87,675143.81,3
2025-10-30T01:11:03.722078,01:11:03,7931.85,674207.54,3
2025-10-30T01:11:06.252126,01:11:06,7927.14,673806.99,3
2025-10-30T01:11:15.273175,01:11:15,7956.19,676276.07,3
2025-10-30T01:11:17.844243,01:11:17,7939.02,674817.12,3
2025-10-30T01:11:26.902736,01:11:26,7914.52,672734.33,3
2025-10-30T01:11:29.446014,01:11:29,7910.91,672427.43,3
2025-10-30T01:11:38.786740,01:11:38,7921.32,673312.04,3
2025-10-30T01:11:41.389626,01:11:41,7924.36,673570.83,3
2025-10-30T01:11:50.399400,01:11:50,7897.36,671275.18,3
2025-10-30T01:11:53.336139,01:11:53,7901.58,671634.54,3
2025-10-30T01:12:02.823372,01:12:02,7875.43,669411.79,3
2025-10-30T01:12:05.223847,01:12:05,7841.16,666499.01,3
2025-10-30T01:12:14.992352,01:12:14,7850.44,667287.64,3
2025-10-30T01:12:17.163000,01:12:17,7842.08,666576.85,3
2025-10-30T01:12:27.513013,01:12:27,7865.89,668600.63,3
2025-10-30T01:12:28.778422,01:12:28,7872.79,669186.87,3
2025-10-30T01:12:39.384175,01:12:39,7896.33,671188.43,3
2025-10-30T01:12:40.429178,01:12:40,7911.13,672445.91,3
2025-10-30T01:12:51.299138,01:12:51,7882.04,669973.38,3
2025-10-30T01:12:52.325499,01:12:52,7889.46,670604.12,3
2025-10-30T01:13:03.553620,01:13:03,7955.81,676243.9,3
2025-10-30T01:13:04.265108,01:13:04,7960.74,676662.56,3
2025-10-30T01:13:15.093091,01:13:15,7977.72,678106.5,3
2025-10-30T01:13:16.212679,01:13:16,7974.54,677836.3,3
2025-10-30T01:13:26.925477,01:13:26,7992.99,679403.95,3
2025-10-30T01:13:28.133336,01:13:28,8015.58,681324.33,3
2025-10-30T01:13:39.048633,01:13:39,8034.47,682929.6,3
2025-10-30T01:13:39.733348,01:13:39,8034.53,682935.34,3
2025-10-30T01:13:50.607396,01:13:50,8038.41,683264.69,3
2025-10-30T01:13:51.304174,01:13:51,8038.69,683288.91,3
2025-10-30T01:14:02.432694,01:14:02,8038.71,683290.19,3
2025-10-30T01:14:02.900620,01:14:02,8039.6,683366.38,3
2025-10-30T01:14:14.527184,01:14:14,7972.55,677666.87,3
2025-10-30T01:14:14.786282,01:14:14,7970.82,677520.02,3
2025-10-30T01:14:26.982358,01:14:26,7981.68,678442.73,3
2025-10-30T01:14:26.990943,01:14:26,7981.68,678442.73,3
2025-10-30T01:14:38.837364,01:14:38,8012.88,681095.16,3
2025-10-30T01:14:38.888812,01:14:38,8012.91,681097.37,3
2025-10-30T01:14:50.651128,01:14:50,8007.4,680628.64,3
2025-10-30T01:14:51.066736,01:14:51,8007.4,680628.64,3
2025-10-30T01:15:02.761417,01:15:02,8024.17,682054.32,3
2025-10-30T01:15:03.004602,01:15:03,8022.72,681930.86,3
2025-10-30T01:15:14.854496,01:15:14,8053.55,684551.77,3
2025-10-30T01:15:15.248008,01:15:15,8056.7,684819.25,3
2025-10-30T01:15:26.734622,01:15:26,8114.52,689734.18,3
2025-10-30T01:15:27.626197,01:15:27,8109.62,689317.3,3
2025-10-30T01:15:38.638779,01:15:38,8169.88,694440.05,3
2025-10-30T01:15:39.631536,01:15:39,8153.84,693076.63,3
2025-10-30T01:15:50.522974,01:15:50,8153.47,693044.79,3
2025-10-30T01:15:51.841964,01:15:51,8154.31,693116.15,3
2025-10-30T01:16:02.126080,01:16:02,8159.26,693537.03,3
2025-10-30T01:16:03.548257,01:16:03,8153.52,693049.47,3
2025-10-30T01:16:14.322976,01:16:14,8075.4,686409.11,3
2025-10-30T01:16:15.688830,01:16:15,8083.04,687058.27,3
2025-10-30T01:16:26.100025,01:16:26,8076.67,686517.22,3
2025-10-30T01:16:27.535357,01:16:27,8074.38,686322.47,3
2025-10-30T01:16:38.283948,01:16:38,8104.46,688879.18,3
2025-10-30T01:16:39.401310,01:16:39,8084.31,687166.66,3
2025-10-30T01:16:50.475056,01:16:50,8102.45,688707.94,3
2025-10-30T01:16:51.247620,01:16:51,8086.59,687359.76,3
2025-10-30T01:17:03.024330,01:17:03,8073.21,686222.85,3
2025-10-30T01:17:03.766198,01:17:03,8071.31,686061.75,3
2025-10-30T01:17:14.915532,01:17:14,8065.29,685549.56,3
2025-10-30T01:17:15.610313,01:17:15,8064.24,685460.73,3
2025-10-30T01:17:26.738393,01:17:26,8078.27,686652.64,3
2025-10-30T01:17:27.115429,01:17:27,8088.63,687533.29,3
2025-10-30T01:17:38.607550,01:17:38,8113.24,689624.99,3
2025-10-30T01:17:39.208199,01:17:39,8112.79,689587.19,3
2025-10-30T01:17:51.023588,01:17:51,8105.85,688997.01,3
2025-10-30T01:17:51.417312,01:17:51,8107.43,689131.62,3
2025-10-30T01:18:03.188078,01:18:03,8104.84,688911.77,3
2025-10-30T01:18:03.513709,01:18:03,8105.65,688980.1,3
2025-10-30T01:18:15.318271,01:18:15,8129.15,690977.41,3
2025-10-30T01:18:15.459421,01:18:15,8125.27,690648.09,3
2025-10-30T01:18:27.272958,01:18:27,8169.23,694384.32,3
2025-10-30T01:18:27.417395,01:18:27,8171.52,694579.55,3
2025-10-30T01:18:39.074231,01:18:39,8274.43,703326.63,3
2025-10-30T01:18:39.300797,01:18:39,8269.42,702901.07,3
2025-10-30T01:18:50.727470,01:18:50,8281.1,703893.7,3
2025-10-30T01:18:51.154627,01:18:51,8284.22,704159.11,3
2025-10-30T01:19:02.225127,01:19:02,8268.62,702832.75,3
2025-10-30T01:19:03.307995,01:19:03,8275.04,703377.99,3
2025-10-30T01:19:14.121301,01:19:14,8293.54,704950.48,3
2025-10-30T01:19:15.357631,01:19:15,8303.86,705827.74,3
2025-10-30T01:19:26.257178,01:19:26,8258.34,701959.26,3
2025-10-30T01:19:27.050965,01:19:27,8251.07,701340.77,3
2025-10-30T01:19:37.831327,01:19:37,8252.87,701494.13,3
2025-10-30T01:19:38.918316,01:19:38,8252.77,701485.51,3
2025-10-30T01:19:49.674257,01:19:49,8268.34,702809.13,3
2025-10-30T01:19:50.833037,01:19:50,8266.22,702628.51,3
2025-10-30T01:20:02.016381,01:20:02,8279.42,703750.61,3
2025-10-30T01:20:03.601629,01:20:03,8358.81,710498.92,3
2025-10-30T01:20:13.572095,01:20:13,8378.07,712136.18,3
2025-10-30T01:20:15.791748,01:20:15,8378.36,712160.82,3
2025-10-30T01:20:25.167430,01:20:25,8381.92,712462.96,3
2025-10-30T01:20:27.383090,01:20:27,8395.57,713623.27,3
2025-10-30T01:20:36.737465,01:20:36,8423.64,716008.99,3
2025-10-30T01:20:39.064623,01:20:39,8420.03,715702.44,3
2025-10-30T01:20:48.291023,01:20:48,8447.2,718011.89,3
2025-10-30T01:20:50.665762,01:20:50,8424.65,716095.56,3
2025-10-30T01:21:00.392537,01:21:00,8431.87,716709.21,3
2025-10-30T01:21:02.347723,01:21:02,8448.63,718133.56,3
2025-10-30T01:21:11.965879,01:21:11,8433.88,716880.1,3
2025-10-30T01:21:14.479128,01:21:14,8432.23,716739.42,3
2025-10-30T01:21:23.864951,01:21:23,8438.1,717238.56,3
2025-10-30T01:21:26.063911,01:21:26,8420.75,715763.99,3
2025-10-30T01:21:35.744480,01:21:35,8374.56,711837.21,3
2025-10-30T01:21:38.309410,01:21:38,8381.67,712441.85,3
2025-10-30T01:21:47.427402,01:21:47,8393.79,713472.19,3
2025-10-30T01:21:50.014768,01:21:50,8383.29,712580.06,3
2025-10-30T01:21:59.582569,01:21:59,8365.67,711081.97,3
2025-10-30T01:22:02.034022,01:22:02,8365.69,711083.67,3
2025-10-30T01:22:11.659781,01:22:11,8284.61,704192.02,3
2025-10-30T01:22:13.945771,01:22:13,8279.76,703779.2,3
2025-10-30T01:22:23.257969,01:22:23,8294.69,705048.4,3
2025-10-30T01:22:25.826119,01:22:25,8296.38,705192.21,3
2025-10-30T01:22:35.122295,01:22:35,8290.97,704732.46,3
2025-10-30T01:22:37.736480,01:22:37,8274.08,703296.65,3
2025-10-30T01:22:47.292227,01:22:47,8255.62,701727.71,3
2025-10-30T01:22:49.666591,01:22:49,8262.34,702299.1,3
2025-10-30T01:22:58.845261,01:22:58,8262.88,702345.21,3
2025-10-30T01:23:01.639388,01:23:01,8287.27,704418.21,3
2025-10-30T01:23:10.795679,01:23:10,8332.97,708302.35,3
2025-10-30T01:23:13.548267,01:23:13,8332.93,708299.41,3
2025-10-30T01:23:22.893917,01:23:22,8329.28,707989.13,3
2025-10-30T01:23:25.400101,01:23:25,8316.36,706890.81,3
2025-10-30T01:23:35.084605,01:23:35,8287.4,704428.73,3
2025-10-30T01:23:37.001645,01:23:37,8287.89,704470.29,3
2025-10-30T01:23:46.886516,01:23:46,8259.44,702052.5,3
2025-10-30T01:23:48.941654,01:23:48,8258.42,701966.11,3
2025-10-30T01:23:59.121789,01:23:59,8258.54,701975.88,3
2025-10-30T01:24:00.541133,01:24:00,8259.04,702017.98,3
2025-10-30T01:24:10.967749,01:24:10,8283.41,704089.9,3
2025-10-30T01:24:12.478102,01:24:12,8282.69,704028.33,3
2025-10-30T01:24:22.788931,01:24:22,8292.61,704871.64,3
2025-10-30T01:24:24.011479,01:24:24,8293.86,704978.01,3
2025-10-30T01:24:35.267253,01:24:35,8333.31,708331.55,3
2025-10-30T01:24:35.640261,01:24:35,8332.26,708242.3,3
2025-10-30T01:24:47.146599,01:24:47,8316.88,706934.82,3
2025-10-30T01:24:47.492731,01:24:47,8316.56,706907.26,3
2025-10-30T01:24:59.283248,01:24:59,8315.93,706853.82,3
2025-10-30T01:24:59.455634,01:24:59,8315.89,706850.6,3
2025-10-30T01:25:11.489899,01:25:11,8363.0,710854.75,3
2025-10-30T01:25:11.653795,01:25:11,8362.87,710843.92,3
2025-10-30T01:25:23.098443,01:25:23,8423.07,715960.6,3
2025-10-30T01:25:23.846471,01:25:23,8423.42,715990.71,3
2025-10-30T01:25:34.950700,01:25:34,8427.88,716369.58,3
2025-10-30T01:25:35.730223,01:25:35,8425.2,716142.29,3
2025-10-30T01:25:46.494369,01:25:46,8436.46,717098.77,3
2025-10-30T01:25:47.668995,01:25:47,8421.14,715796.73,3
2025-10-30T01:25:58.330864,01:25:58,8372.7,711679.66,3
2025-10-30T01:25:59.325478,01:25:59,8375.77,711940.26,3
2025-10-30T01:26:10.206091,01:26:10,8357.3,710370.33,3
2025-10-30T01:26:11.278526,01:26:11,8361.96,710766.52,3
2025-10-30T01:26:22.090745,01:26:22,8354.44,710127.57,3
2025-10-30T01:26:23.193115,01:26:23,8354.09,710098.07,3
2025-10-30T01:26:33.672063,01:26:33,8352.42,709956.05,3
2025-10-30T01:26:35.127915,01:26:35,8351.52,709879.52,3
2025-10-30T01:26:45.255921,01:26:45,8353.76,710069.43,3
2025-10-30T01:26:47.311839,01:26:47,8360.53,710644.9,3
2025-10-30T01:26:56.859376,01:26:56,8372.57,711668.63,3
2025-10-30T01:26:59.202499,01:26:59,8364.78,711006.3,3
2025-10-30T01:27:08.528120,01:27:08,8374.95,711870.47,3
2025-10-30T01:27:10.874454,01:27:10,8363.27,710877.87,3
2025-10-30T01:27:20.372832,01:27:20,8350.96,709831.83,3
2025-10-30T01:27:22.810657,01:27:22,8348.56,709627.91,3
2025-10-30T01:27:32.230013,01:27:32,8351.25,709856.63,3
2025-10-30T01:27:34.490075,01:27:34,8351.93,709914.02,3
2025-10-30T01:27:44.097331,01:27:44,8350.85,709822.04,3
2025-10-30T01:27:46.081900,01:27:46,8348.71,709640.75,3
2025-10-30T01:27:55.704279,01:27:55,8343.47,709195.05,3
2025-10-30T01:27:57.735289,01:27:57,8344.39,709273.48,3
2025-10-30T01:28:07.561408,01:28:07,8303.6,705805.72,3
2025-10-30T01:28:09.687962,01:28:09,8305.88,706000.1,3
2025-10-30T01:28:19.161365,01:28:19,8306.81,706079.22,3
2025-10-30T01:28:21.330569,01:28:21,8323.35,707484.58,3
2025-10-30T01:28:30.714622,01:28:30,8319.53,707160.28,3
2025-10-30T01:28:32.939450,01:28:32,8320.61,707251.71,3
2025-10-30T01:28:42.289909,01:28:42,8302.83,705740.62,3
2025-10-30T01:28:44.551567,01:28:44,8301.64,705639.0,3
2025-10-30T01:28:53.882383,01:28:53,8290.04,704653.75,3
2025-10-30T01:28:56.781109,01:28:56,8292.52,704864.26,3
2025-10-30T01:29:05.716285,01:29:05,8276.67,703516.59,3
2025-10-30T01:29:08.503022,01:29:08,8313.6,706656.07,3
2025-10-30T01:29:17.282866,01:29:17,8308.95,706260.55,3
2025-10-30T01:29:20.164253,01:29:20,8284.12,704150.41,3
2025-10-30T01:29:29.135523,01:29:29,8289.97,704647.36,3
2025-10-30T01:29:32.303519,01:29:32,8279.1,703723.55,3
2025-10-30T01:29:40.684100,01:29:40,8299.64,705469.69,3
2025-10-30T01:29:44.012144,01:29:44,8316.01,706860.64,3
2025-10-30T01:29:52.278237,01:29:52,8314.93,706768.87,3
2025-10-30T01:29:56.190000,01:29:56,8316.08,706866.38,3
2025-10-30T01:30:04.190057,01:30:04,8343.31,709181.04,3
2025-10-30T01:30:08.052051,01:30:08,8344.46,709279.44,3
2025-10-30T01:30:15.727142,01:30:15,8412.65,715075.01,3
2025-10-30T01:30:19.890825,01:30:19,8420.81,715768.56,3
2025-10-30T01:30:27.310843,01:30:27,8427.56,716342.54,3
2025-10-30T01:30:31.743611,01:30:31,8423.98,716038.05,3
2025-10-30T01:30:38.896659,01:30:38,8372.07,711625.94,3
2025-10-30T01:30:43.369917,01:30:43,8338.04,708733.38,3
2025-10-30T01:30:50.718841,01:30:50,8345.61,709376.7,3
2025-10-30T01:30:54.924500,01:30:54,8406.03,714512.74,3
2025-10-30T01:31:02.816981,01:31:02,8426.24,716230.17,3
2025-10-30T01:31:06.487997,01:31:06,8469.4,719898.81,3
2025-10-30T01:31:14.362354,01:31:14,8453.31,718531.56,3
2025-10-30T01:31:18.315036,01:31:18,8476.58,720509.47,3
2025-10-30T01:31:26.301673,01:31:26,8517.46,723984.24,3
2025-10-30T01:31:29.863070,01:31:29,8474.78,720356.62,3
2025-10-30T01:31:38.298809,01:31:38,8509.13,723276.34,3
2025-10-30T01:31:41.410390,01:31:41,8466.69,719668.95,3
2025-10-30T01:31:49.823545,01:31:49,8455.42,718710.83,3
2025-10-30T01:31:53.249594,01:31:53,8473.13,720216.4,3
2025-10-30T01:32:01.875482,01:32:01,8456.95,718840.92,3
2025-10-30T01:32:04.771172,01:32:04,8427.6,716346.06,3
2025-10-30T01:32:13.401723,01:32:13,8432.25,716741.37,3
2025-10-30T01:32:16.318174,01:32:16,8411.74,714997.65,3
2025-10-30T01:32:24.900119,01:32:24,8443.08,717661.44,3
2025-10-30T01:32:27.905774,01:32:27,8436.33,717088.18,3
2025-10-30T01:32:36.752240,01:32:36,8433.09,716812.76,3
2025-10-30T01:32:39.539247,01:32:39,8440.62,717452.56,3
2025-10-30T01:32:48.899249,01:32:48,8435.99,717058.78,3
2025-10-30T01:32:51.365649,01:32:51,8421.62,715837.78,3
2025-10-30T01:33:00.776726,01:33:00,8350.03,709752.58,3
2025-10-30T01:33:03.232134,01:33:03,8373.49,711746.62,3
2025-10-30T01:33:12.944199,01:33:12,8334.0,708389.9,3
2025-10-30T01:33:14.789331,01:33:14,8397.08,713751.53,3
2025-10-30T01:33:24.766087,01:33:24,8413.92,715183.29,3
2025-10-30T01:33:26.405877,01:33:26,8411.86,715008.29,3
2025-10-30T01:33:36.663814,01:33:36,8368.12,711289.94,3
2025-10-30T01:33:37.973895,01:33:37,8371.83,711605.19,3
2025-10-30T01:33:48.165823,01:33:48,8306.25,706030.91,3
2025-10-30T01:33:49.864361,01:33:49,8296.27,705182.7,3
2025-10-30T01:33:59.690313,01:33:59,8270.2,702966.71,3
2025-10-30T01:34:01.423155,01:34:01,8265.98,702608.55,3
2025-10-30T01:34:11.482967,01:34:11,8253.83,701575.39,3
2025-10-30T01:34:13.516879,01:34:13,8245.19,700840.89,3
2025-10-30T01:34:23.091325,01:34:23,8252.24,701440.65,3
2025-10-30T01:34:25.314183,01:34:25,8240.66,700456.4,3
2025-10-30T01:34:34.622032,01:34:34,8258.04,701933.58,3
2025-10-30T01:34:37.166927,01:34:37,8273.53,703250.37,3
2025-10-30T01:34:46.442511,01:34:46,8343.68,709212.41,3
2025-10-30T01:34:49.257388,01:34:49,8345.46,709363.86,3
2025-10-30T01:34:58.299779,01:34:58,8334.61,708442.01,3
2025-10-30T01:35:01.181818,01:35:01,8331.37,708166.52,3
2025-10-30T01:35:10.079758,01:35:10,8246.78,700976.23,3
2025-10-30T01:35:12.977832,01:35:12,8266.63,702663.28,3
2025-10-30T01:35:21.587858,01:35:21,8214.22,698208.3,3
2025-10-30T01:35:24.798847,01:35:24,8188.87,696054.13,3
2025-10-30T01:35:33.432053,01:35:33,8201.34,697114.03,3
2025-10-30T01:35:36.623812,01:35:36,8196.73,696721.74,3
2025-10-30T01:35:45.020889,01:35:45,8168.6,694330.88,3
2025-10-30T01:35:48.212303,01:35:48,8183.33,695583.16,3
2025-10-30T01:35:56.548137,01:35:56,8162.91,693847.65,3
2025-10-30T01:36:00.041851,01:36:00,8151.22,692854.08,3
2025-10-30T01:36:08.382899,01:36:08,8143.53,692199.92,3
2025-10-30T01:36:11.847291,01:36:11,8140.39,691933.37,3
2025-10-30T01:36:19.994398,01:36:19,8139.85,691887.12,3
2025-10-30T01:36:23.469541,01:36:23,8140.32,691927.06,3
2025-10-30T01:36:31.527790,01:36:31,8168.69,694338.75,3
2025-10-30T01:36:34.997211,01:36:34,8176.06,694964.85,3
2025-10-30T01:36:43.043546,01:36:43,8164.01,693940.85,3
2025-10-30T01:36:47.100417,01:36:47,8127.62,690847.33,3
2025-10-30T01:36:54.562966,01:36:54,8129.08,690972.15,3
2025-10-30T01:36:58.687398,01:36:58,8120.77,690265.66,3
2025-10-30T01:37:06.054945,01:37:06,8129.14,690976.86,3
2025-10-30T01:37:10.812834,01:37:10,8158.67,693487.05,3
2025-10-30T01:37:17.604576,01:37:17,8129.82,691034.91,3
2025-10-30T01:37:22.617005,01:37:22,8152.31,692946.11,3
2025-10-30T01:37:29.417398,01:37:29,8145.63,692378.19,3
2025-10-30T01:37:34.194792,01:37:34,8145.76,692389.52,3
2025-10-30T01:37:41.301610,01:37:41,8166.34,694139.08,3
2025-10-30T01:37:45.811106,01:37:45,8146.58,692458.96,3
2025-10-30T01:37:53.448181,01:37:53,8113.43,689641.69,3
2025-10-30T01:37:57.414177,01:37:57,8139.87,691889.36,3
2025-10-30T01:38:04.973490,01:38:04,8180.85,695372.35,3
2025-10-30T01:38:09.004737,01:38:09,8130.75,691114.14,3
2025-10-30T01:38:16.487071,01:38:16,8179.7,695274.15,3
2025-10-30T01:38:20.558663,01:38:20,8204.66,697396.14,3
2025-10-30T01:38:28.349729,01:38:28,8202.29,697194.98,3
2025-10-30T01:38:32.182658,01:38:32,8228.86,699453.12,3
2025-10-30T01:38:40.425146,01:38:40,8230.12,699560.24,3
2025-10-30T01:38:43.706348,01:38:43,8247.7,701054.22,3
2025-10-30T01:38:52.106823,01:38:52,8249.41,701199.45,3
2025-10-30T01:38:55.262023,01:38:55,8254.32,701617.28,3
2025-10-30T01:39:03.677280,01:39:03,8292.86,704892.81,3
2025-10-30T01:39:07.417413,01:39:07,8322.19,707386.56,3
2025-10-30T01:39:15.257958,01:39:15,8348.04,709583.27,3
2025-10-30T01:39:19.236148,01:39:19,8334.38,708422.26,3
2025-10-30T01:39:26.791143,01:39:26,8344.98,709322.99,3
2025-10-30T01:39:31.124518,01:39:31,8333.18,708320.44,3
2025-10-30T01:39:38.298556,01:39:38,8319.06,707120.48,3
2025-10-30T01:39:42.723906,01:39:42,8298.31,705356.22,3
2025-10-30T01:39:50.126648,01:39:50,8289.38,704597.17,3
2025-10-30T01:39:54.262557,01:39:54,8293.54,704950.92,3
2025-10-30T01:40:01.671899,01:40:01,8296.65,705215.01,3
2025-10-30T01:40:06.097445,01:40:06,8310.37,706381.5,3
2025-10-30T01:40:13.249118,01:40:13,8329.44,708002.2,3
2025-10-30T01:40:17.630414,01:40:17,8317.92,707023.56,3
2025-10-30T01:40:25.623112,01:40:25,8288.69,704538.59,3
2025-10-30T01:40:29.248441,01:40:29,8286.65,704365.47,3
2025-10-30T01:40:37.143082,01:40:37,8295.13,705085.89,3
2025-10-30T01:40:40.800195,01:40:40,8294.39,705022.92,3
2025-10-30T01:40:48.654464,01:40:48,8290.22,704668.75,3
2025-10-30T01:40:52.362784,01:40:52,8292.22,704838.3,3
2025-10-30T01:41:00.284228,01:41:00,8136.38,691592.28,3
2025-10-30T01:41:03.926899,01:41:03,8144.76,692304.4,3
2025-10-30T01:41:12.386658,01:41:12,8146.34,692439.23,3
2025-10-30T01:41:15.742505,01:41:15,8159.42,693551.06,3
2025-10-30T01:41:23.955852,01:41:23,8134.43,691426.91,3
2025-10-30T01:41:27.270701,01:41:27,8160.19,693616.24,3
2025-10-30T01:41:35.475277,01:41:35,8160.34,693628.71,3
2025-10-30T01:41:38.868279,01:41:38,8153.25,693026.29,3
2025-10-30T01:41:47.263439,01:41:47,8151.86,692908.15,3
2025-10-30T01:41:50.411877,01:41:50,8178.69,695188.78,3
2025-10-30T01:41:58.781837,01:41:58,8177.15,695057.69,3
2025-10-30T01:42:01.930533,01:42:01,8176.32,694986.93,3
2025-10-30T01:42:10.347029,01:42:10,8180.26,695322.46,3
2025-10-30T01:42:13.779729,01:42:13,8180.3,695325.5,3
2025-10-30T01:42:21.833651,01:42:21,8185.96,695806.41,3
2025-10-30T01:42:25.954139,01:42:25,8211.11,697944.53,3
2025-10-30T01:42:33.396929,01:42:33,8213.33,698133.08,3
2025-10-30T01:42:38.082851,01:42:38,8228.44,699417.39,3
2025-10-30T01:42:45.206552,01:42:45,8199.85,696987.03,3
2025-10-30T01:42:49.940501,01:42:49,8199.96,696996.67,3
2025-10-30T01:42:57.063367,01:42:57,8201.98,697168.26,3
2025-10-30T01:43:01.770565,01:43:01,8201.08,697091.43,3
2025-10-30T01:43:08.870508,01:43:08,8200.35,697029.65,3
2025-10-30T01:43:13.297208,01:43:13,8228.14,699391.7,3
2025-10-30T01:43:20.749559,01:43:20,8230.77,699615.34,3
2025-10-30T01:43:25.106601,01:43:25,8221.4,698818.93,3
2025-10-30T01:43:32.550674,01:43:32,8216.96,698441.48,3
2025-10-30T01:43:36.675515,01:43:36,8228.27,699403.36,3
2025-10-30T01:43:44.380634,01:43:44,8241.15,700497.76,3
2025-10-30T01:43:48.510093,01:43:48,8249.28,701189.07,3
2025-10-30T01:43:56.584364,01:43:56,8250.05,701254.61,3
2025-10-30T01:44:00.081871,01:44:00,8252.16,701433.22,3
2025-10-30T01:44:08.404007,01:44:08,8252.9,701496.34,3
2025-10-30T01:44:11.674502,01:44:11,8262.82,702339.81,3
2025-10-30T01:44:20.200467,01:44:20,8250.8,701317.97,3
2025-10-30T01:44:23.545242,01:44:23,8249.62,701218.1,3
2025-10-30T01:44:31.713680,01:44:31,8258.55,701976.96,3
2025-10-30T01:44:35.059292,01:44:35,8269.94,702944.51,3
2025-10-30T01:44:43.553785,01:44:43,8264.66,702495.69,3
2025-10-30T01:44:47.152159,01:44:47,8288.9,704556.34,3
2025-10-30T01:44:55.056022,01:44:55,8293.11,704914.16,3
2025-10-30T01:44:58.670795,01:44:58,8293.55,704951.81,3
2025-10-30T01:45:06.861185,01:45:06,8277.72,703606.59,3
2025-10-30T01:45:10.493072,01:45:10,8293.54,704951.23,3
2025-10-30T01:45:19.018132,01:45:19,8305.93,706003.66,3
2025-10-30T01:45:22.012630,01:45:22,8304.34,705868.53,3
2025-10-30T01:45:30.601179,01:45:30,8295.44,705112.76,3
2025-10-30T01:45:33.504400,01:45:33,8295.17,705089.55,3
2025-10-30T01:45:42.138064,01:45:42,8262.08,702276.73,3
2025-10-30T01:45:44.998483,01:45:44,8256.09,701767.58,3
2025-10-30T01:45:53.653923,01:45:53,8233.65,699860.27,3
2025-10-30T01:45:56.486717,01:45:56,8228.64,699434.14,3
2025-10-30T01:46:06.070535,01:46:06,8275.95,703455.5,3
2025-10-30T01:46:08.018379,01:46:08,8282.7,704029.49,3
2025-10-30T01:46:17.692498,01:46:17,8242.6,700621.2,3
2025-10-30T01:46:19.540408,01:46:19,8236.72,700121.16,3
2025-10-30T01:46:30.116853,01:46:30,8247.72,701055.9,3
2025-10-30T01:46:31.125782,01:46:31,8251.95,701415.69,3
2025-10-30T01:46:42.271292,01:46:42,8278.11,703639.68,3
2025-10-30T01:46:42.932229,01:46:42,8282.1,703978.4,3
2025-10-30T01:46:54.082255,01:46:54,8339.86,708888.35,3
2025-10-30T01:46:54.814861,01:46:54,8340.25,708921.56,3
2025-10-30T01:47:05.875402,01:47:05,8375.36,711905.75,3
2025-10-30T01:47:06.584274,01:47:06,8358.85,710501.91,3
2025-10-30T01:47:17.707994,01:47:17,8365.73,711087.41,3
2025-10-30T01:47:18.386769,01:47:18,8367.48,711235.71,3
2025-10-30T01:47:29.874902,01:47:29,8377.43,712081.69,3
2025-10-30T01:47:30.534906,01:47:30,8382.82,712539.74,3
2025-10-30T01:47:41.851776,01:47:41,8402.93,714248.94,3
2025-10-30T01:47:42.657756,01:47:42,8401.12,714094.78,3
2025-10-30T01:47:53.656002,01:47:53,8402.51,714213.69,3
2025-10-30T01:47:55.080738,01:47:55,8404.01,714340.44,3
2025-10-30T01:48:05.542145,01:48:05,8415.3,715300.84,3
2025-10-30T01:48:06.603386,01:48:06,8428.62,716433.05,3
2025-10-30T01:48:17.387936,01:48:17,8413.14,715116.71,3
2025-10-30T01:48:18.378167,01:48:18,8411.79,715002.35,3
2025-10-30T01:48:29.490044,01:48:29,8420.2,715717.15,3
2025-10-30T01:48:30.127570,01:48:30,8426.84,716281.17,3
2025-10-30T01:48:41.615678,01:48:41,8449.55,718212.16,3
2025-10-30T01:48:42.327105,01:48:42,8451.19,718351.16,3
2025-10-30T01:48:53.423335,01:48:53,8456.08,718767.18,3
2025-10-30T01:48:54.223734,01:48:54,8456.52,718804.04,3
2025-10-30T01:49:05.586786,01:49:05,8446.04,717913.67,3
2025-10-30T01:49:05.997200,01:49:05,8452.17,718434.4,3
2025-10-30T01:49:17.413550,01:49:17,8438.78,717296.23,3
2025-10-30T01:49:18.038798,01:49:18,8454.43,718626.22,3
2025-10-30T01:49:29.546873,01:49:29,8459.35,719045.0,3
2025-10-30T01:49:29.827001,01:49:29,8459.1,719023.48,3
2025-10-30T01:49:41.357757,01:49:41,8492.27,721842.98,3
2025-10-30T01:49:41.662783,01:49:41,8491.47,721775.26,3
2025-10-30T01:49:53.176177,01:49:53,8524.95,724621.0,3
2025-10-30T01:49:53.198121,01:49:53,8524.86,724613.35,3
2025-10-30T01:50:04.728692,01:50:04,8523.61,724506.85,3
2025-10-30T01:50:05.017273,01:50:05,8523.61,724506.85,3
2025-10-30T01:50:16.612196,01:50:16,8518.79,724097.18,3
2025-10-30T01:50:17.417367,01:50:17,8519.16,724128.89,3
2025-10-30T01:50:28.416505,01:50:28,8499.62,722468.06,3
2025-10-30T01:50:29.591931,01:50:29,8495.05,722079.41,3
2025-10-30T01:50:39.909951,01:50:39,8466.16,719623.9,3
2025-10-30T01:50:41.122725,01:50:41,8466.3,719635.19,3
2025-10-30T01:50:51.422535,01:50:51,8436.06,717065.16,3
2025-10-30T01:50:52.687245,01:50:52,8435.94,717054.77,3
2025-10-30T01:51:02.926402,01:51:02,8441.85,717557.53,3
2025-10-30T01:51:04.209975,01:51:04,8443.42,717691.11,3
2025-10-30T01:51:15.030869,01:51:15,8435.86,717048.08,3
2025-10-30T01:51:16.085203,01:51:16,8433.83,716875.34,3
2025-10-30T01:51:26.553522,01:51:26,8434.9,716966.67,3
2025-10-30T01:51:27.909428,01:51:27,8448.62,718132.32,3
2025-10-30T01:51:38.096025,01:51:38,8447.74,718057.84,3
2025-10-30T01:51:39.761734,01:51:39,8450.51,718293.34,3
2025-10-30T01:51:49.920456,01:51:49,8456.0,718759.73,3
2025-10-30T01:51:51.839523,01:51:51,8448.24,718100.57,3
2025-10-30T01:52:01.446108,01:52:01,8443.64,717709.59,3
2025-10-30T01:52:04.004735,01:52:04,8442.95,717650.66,3
2025-10-30T01:52:12.978225,01:52:12,8436.5,717102.48,3
2025-10-30T01:52:15.538400,01:52:15,8445.74,717887.93,3
2025-10-30T01:52:24.498078,01:52:24,8469.08,719871.5,3
2025-10-30T01:52:27.364999,01:52:27,8504.32,722867.33,3
2025-10-30T01:52:35.999558,01:52:35,8497.14,722257.16,3
2025-10-30T01:52:39.183174,01:52:39,8495.74,722137.55,3
2025-10-30T01:52:47.578446,01:52:47,8495.2,722092.19,3
2025-10-30T01:52:51.345341,01:52:51,8512.65,723574.89,3
2025-10-30T01:52:59.181086,01:52:59,8513.79,723672.54,3
2025-10-30T01:53:03.176019,01:53:03,8515.69,723833.37,3
2025-10-30T01:53:10.689274,01:53:10,8497.72,722305.85,3
2025-10-30T01:53:14.770383,01:53:14,8513.37,723636.47,3
2025-10-30T01:53:22.239681,01:53:22,8590.74,730212.58,3
2025-10-30T01:53:26.283891,01:53:26,8592.11,730329.26,3
2025-10-30T01:53:34.326047,01:53:34,8635.0,733974.59,3
2025-10-30T01:53:38.156540,01:53:38,8615.47,732314.86,3
2025-10-30T01:53:45.859106,01:53:45,8603.22,731273.58,3
2025-10-30T01:53:49.704793,01:53:49,8620.96,732781.41,3
2025-10-30T01:53:57.421484,01:53:57,8602.74,731233.27,3
2025-10-30T01:54:01.520019,01:54:01,8586.72,729871.41,3
2025-10-30T01:54:08.935395,01:54:08,8618.37,732561.61,3
2025-10-30T01:54:13.300893,01:54:13,8594.68,730547.6,3
2025-10-30T01:54:20.439801,01:54:20,8599.37,730946.07,3
2025-10-30T01:54:24.816122,01:54:24,8602.37,731201.63,3
2025-10-30T01:54:32.582089,01:54:32,8596.11,730669.46,3
2025-10-30T01:54:36.463914,01:54:36,8594.39,730522.75,3
2025-10-30T01:54:44.436202,01:54:44,8586.74,729873.06,3
2025-10-30T01:54:48.036595,01:54:48,8597.75,730808.77,3
2025-10-30T01:54:56.257381,01:54:56,8585.91,729802.24,3
2025-10-30T01:54:59.620850,01:54:59,8592.79,730387.11,3
2025-10-30T01:55:07.767902,01:55:07,8581.23,729404.48,3
2025-10-30T01:55:11.466337,01:55:11,8586.91,729887.7,3
2025-10-30T01:55:19.303401,01:55:19,8608.32,731707.04,3
2025-10-30T01:55:23.315755,01:55:23,8607.95,731675.92,3
2025-10-30T01:55:30.798362,01:55:30,8644.9,734816.76,3
2025-10-30T01:55:35.035734,01:55:35,8634.51,733933.54,3
2025-10-30T01:55:42.933759,01:55:42,8635.38,734006.95,3
2025-10-30T01:55:46.566718,01:55:46,8649.18,735180.72,3
2025-10-30T01:55:54.739030,01:55:54,8666.6,736661.08,3
2025-10-30T01:55:58.090987,01:55:58,8669.19,736881.45,3
2025-10-30T01:56:06.264905,01:56:06,8720.63,741253.91,3
2025-10-30T01:56:09.629234,01:56:09,8705.43,739961.96,3
2025-10-30T01:56:18.089201,01:56:18,8689.91,738642.33,3
2025-10-30T01:56:21.190603,01:56:21,8694.16,739003.23,3
2025-10-30T01:56:29.631842,01:56:29,8731.48,742175.67,3
2025-10-30T01:56:32.807732,01:56:32,8732.77,742285.06,3
2025-10-30T01:56:41.173130,01:56:41,8741.6,743036.27,3
2025-10-30T01:56:44.657768,01:56:44,8748.46,743619.23,3
2025-10-30T01:56:53.015134,01:56:53,8755.93,744253.81,3
2025-10-30T01:56:56.768623,01:56:56,8748.54,743626.11,3
2025-10-30T01:57:04.856883,01:57:04,8761.96,744766.27,3
2025-10-30T01:57:08.301166,01:57:08,8745.95,743405.59,3
2025-10-30T01:57:16.441827,01:57:16,8737.38,742677.19,3
2025-10-30T01:57:19.835521,01:57:19,8734.77,742455.79,3
2025-10-30T01:57:28.287353,01:57:28,8730.23,742069.75,3
2025-10-30T01:57:31.679282,01:57:31,8727.2,741812.32,3
2025-10-30T01:57:39.804983,01:57:39,8719.01,741115.99,3
2025-10-30T01:57:43.227136,01:57:43,8716.88,740935.13,3
2025-10-30T01:57:51.657031,01:57:51,8714.73,740751.76,3
2025-10-30T01:57:54.754603,01:57:54,8730.34,742078.74,3
2025-10-30T01:58:03.175999,01:58:03,8735.44,742511.98,3
2025-10-30T01:58:06.542564,01:58:06,8711.7,740494.15,3
2025-10-30T01:58:14.984463,01:58:14,8712.91,740596.95,3
2025-10-30T01:58:18.334523,01:58:18,8712.01,740521.05,3
2025-10-30T01:58:26.522531,01:58:26,8712.83,740590.43,3
2025-10-30T01:58:29.857255,01:58:29,8715.47,740815.15,3
2025-10-30T01:58:38.420644,01:58:38,8716.59,740910.45,3
2025-10-30T01:58:41.700636,01:58:41,8724.34,741568.91,3
2025-10-30T01:58:50.563785,01:58:50,8727.15,741807.74,3
2025-10-30T01:58:53.569263,01:58:53,8728.1,741888.21,3
2025-10-30T01:59:02.710852,01:59:02,8771.93,745614.07,3
2025-10-30T01:59:05.109257,01:59:05,8783.02,746557.12,3
2025-10-30T01:59:14.887932,01:59:14,8785.81,746794.17,3
2025-10-30T01:59:16.735990,01:59:16,8786.62,746862.98,3
2025-10-30T01:59:26.418340,01:59:26,8828.52,750424.49,3
2025-10-30T01:59:28.601999,01:59:28,8831.57,750683.77,3
2025-10-30T01:59:38.552131,01:59:38,8819.06,749619.77,3
2025-10-30T01:59:40.485422,01:59:40,8819.51,749657.98,3
2025-10-30T01:59:50.404767,01:59:50,8808.46,748718.76,3
2025-10-30T01:59:51.997697,01:59:51,8787.33,746923.42,3
2025-10-30T02:00:02.223561,02:00:02,8793.47,747445.14,3
2025-10-30T02:00:03.849912,02:00:03,8796.56,747707.48,3
2025-10-30T02:00:14.624137,02:00:14,8781.82,746454.52,3
2025-10-30T02:00:15.395563,02:00:15,8780.99,746384.25,3
2025-10-30T02:00:26.212339,02:00:26,8761.54,744731.22,3
2025-10-30T02:00:27.529914,02:00:27,8772.76,745684.63,3
2025-10-30T02:00:37.761342,02:00:37,8746.43,743446.86,3
2025-10-30T02:00:39.372020,02:00:39,8746.44,743447.64,3
2025-10-30T02:00:49.597507,02:00:49,8735.6,742525.87,3
2025-10-30T02:00:51.200080,02:00:51,8719.44,741152.68,3
2025-10-30T02:01:01.496544,02:01:01,8701.39,739618.38,3
2025-10-30T02:01:03.062294,02:01:03,8695.96,739156.38,3
2025-10-30T02:01:13.878346,02:01:13,8647.31,735021.0,3
2025-10-30T02:01:14.627675,02:01:14,8646.77,734975.24,3
2025-10-30T02:01:25.712328,02:01:25,8647.46,735034.45,3
2025-10-30T02:01:26.465658,02:01:26,8647.97,735077.8,3
2025-10-30T02:01:37.246440,02:01:37,8647.87,735068.59,3
2025-10-30T02:01:38.314916,02:01:38,8647.66,735050.9,3
2025-10-30T02:01:49.087784,02:01:49,8632.56,733767.28,3
2025-10-30T02:01:50.431364,02:01:50,8631.61,733686.68,3
2025-10-30T02:02:00.656388,02:02:00,8625.59,733174.93,3
2025-10-30T02:02:02.606996,02:02:02,8597.6,730795.66,3
2025-10-30T02:02:12.477515,02:02:12,8605.07,731431.25,3
2025-10-30T02:02:14.441323,02:02:14,8618.76,732594.93,3
2025-10-30T02:02:24.008845,02:02:24,8637.37,734176.29,3
2025-10-30T02:02:25.982172,02:02:25,8645.7,734884.64,3
2025-10-30T02:02:35.805813,02:02:35,8658.31,735956.57,3
2025-10-30T02:02:37.521107,02:02:37,8662.92,736348.49,3
2025-10-30T02:02:47.632861,02:02:47,8666.19,736625.84,3
2025-10-30T02:02:49.634503,02:02:49,8668.17,736794.69,3
2025-10-30T02:02:59.474226,02:02:59,8682.24,737990.65,3
2025-10-30T02:03:01.789418,02:03:01,8683.5,738097.51,3
2025-10-30T02:03:11.355584,02:03:11,8668.55,736827.17,3
2025-10-30T02:03:13.330824,02:03:13,8653.03,735507.23,3
2025-10-30T02:03:22.915591,02:03:22,8633.38,733837.56,3
2025-10-30T02:03:24.963189,02:03:24,8634.84,733961.68,3
2025-10-30T02:03:34.468806,02:03:34,8651.55,735381.75,3
2025-10-30T02:03:36.554727,02:03:36,8651.05,735339.65,3
2025-10-30T02:03:46.331274,02:03:46,8649.21,735182.64,3
2025-10-30T02:03:48.423782,02:03:48,8650.83,735320.27,3
2025-10-30T02:03:57.930639,02:03:57,8650.49,735291.95,3
2025-10-30T02:04:00.308863,02:04:00,8650.32,735276.84,3
2025-10-30T02:04:09.787228,02:04:09,8626.77,733275.72,3
2025-10-30T02:04:11.912651,02:04:11,8629.63,733518.58,3
2025-10-30T02:04:21.729390,02:04:21,8630.3,733575.91,3
2025-10-30T02:04:23.507234,02:04:23,8627.57,733343.48,3
2025-10-30T02:04:33.601220,02:04:33,8625.41,733159.77,3
2025-10-30T02:04:35.390463,02:04:35,8625.38,733156.91,3
2025-10-30T02:04:45.228390,02:04:45,8616.23,732379.71,3
2025-10-30T02:04:46.974743,02:04:46,8615.91,732352.11,3
2025-10-30T02:04:57.161472,02:04:57,8619.03,732617.93,3
2025-10-30T02:04:58.603503,02:04:58,8616.2,732376.72,3
2025-10-30T02:05:09.043537,02:05:09,8610.49,731891.28,3
2025-10-30T02:05:10.769200,02:05:10,8611.21,731953.17,3
2025-10-30T02:05:20.624870,02:05:20,8623.65,733010.16,3
2025-10-30T02:05:22.712505,02:05:22,8624.72,733101.24,3
2025-10-30T02:05:32.240209,02:05:32,8629.83,733535.7,3
2025-10-30T02:05:34.378841,02:05:34,8650.96,735331.65,3
2025-10-30T02:05:44.141822,02:05:44,8688.09,738487.94,3
2025-10-30T02:05:46.383581,02:05:46,8690.96,738731.47,3
2025-10-30T02:05:55.730871,02:05:55,8694.63,739043.69,3
2025-10-30T02:05:58.604799,02:05:58,8696.58,739209.37,3
2025-10-30T02:06:07.638018,02:06:07,8689.65,738620.66,3
2025-10-30T02:06:10.301616,02:06:10,8686.22,738328.99,3
2025-10-30T02:06:19.586883,02:06:19,8678.68,737688.15,3
2025-10-30T02:06:21.897557,02:06:21,8680.72,737861.47,3
2025-10-30T02:06:31.486087,02:06:31,8694.73,739052.35,3
2025-10-30T02:06:33.880296,02:06:33,8694.21,739007.85,3
2025-10-30T02:06:43.391047,02:06:43,8699.6,739466.32,3
2025-10-30T02:06:45.786215,02:06:45,8705.91,740002.09,3
2025-10-30T02:06:55.183286,02:06:55,8710.42,740385.65,3
2025-10-30T02:06:57.764705,02:06:57,8709.35,740294.69,3
2025-10-30T02:07:07.104726,02:07:07,8697.07,739250.8,3
2025-10-30T02:07:09.405518,02:07:09,8692.57,738868.67,3
2025-10-30T02:07:19.274602,02:07:19,8678.46,737668.83,3
2025-10-30T02:07:21.314940,02:07:21,8678.79,737697.56,3
2025-10-30T02:07:31.427016,02:07:31,8676.75,737523.53,3
2025-10-30T02:07:33.254775,02:07:33,8676.26,737482.37,3
2025-10-30T02:07:43.033573,02:07:43,8675.68,737433.14,3
2025-10-30T02:07:44.916083,02:07:44,8675.06,737379.87,3
2025-10-30T02:07:54.630179,02:07:54,8679.92,737793.43,3
2025-10-30T02:07:56.811034,02:07:56,8682.39,738002.83,3
2025-10-30T02:08:06.548746,02:08:06,8679.53,737760.01,3
2025-10-30T02:08:08.445114,02:08:08,8692.1,738828.41,3
2025-10-30T02:08:18.429112,02:08:18,8693.46,738943.71,3
2025-10-30T02:08:20.335205,02:08:20,8689.61,738617.23,3
2025-10-30T02:08:30.649830,02:08:30,8683.73,738117.4,3
2025-10-30T02:08:31.938014,02:08:31,8684.34,738168.58,3
2025-10-30T02:08:42.951473,02:08:42,8682.7,738029.44,3
2025-10-30T02:08:43.934729,02:08:43,8684.64,738194.52,3
2025-10-30T02:08:54.840572,02:08:54,8699.55,739461.84,3
2025-10-30T02:08:55.947930,02:08:55,8743.55,743201.91,3
2025-10-30T02:09:07.019763,02:09:07,8766.45,745148.21,3
2025-10-30T02:09:08.225110,02:09:08,8765.8,745092.82,3
2025-10-30T02:09:18.981400,02:09:18,8769.31,745391.27,3
2025-10-30T02:09:20.455816,02:09:20,8769.32,745392.05,3
2025-10-30T02:09:30.899631,02:09:30,8774.83,745860.75,3
2025-10-30T02:09:32.341731,02:09:32,8776.81,746028.43,3
2025-10-30T02:09:43.138264,02:09:43,8830.74,750613.01,3
2025-10-30T02:09:44.125164,02:09:44,8826.49,750251.5,3
2025-10-30T02:09:55.114904,02:09:55,8824.79,750107.2,3
2025-10-30T02:09:56.110846,02:09:56,8824.54,750086.24,3
2025-10-30T02:10:06.876911,02:10:06,8820.52,749743.8,3
2025-10-30T02:10:08.027238,02:10:08,8820.6,749751.18,3
2025-10-30T02:10:18.463742,02:10:18,8766.51,745153.41,3
2025-10-30T02:10:19.740758,02:10:19,8762.48,744811.08,3
2025-10-30T02:10:30.648385,02:10:30,8783.1,746563.4,3
2025-10-30T02:10:31.625175,02:10:31,8783.25,746575.89,3
2025-10-30T02:10:42.827911,02:10:42,8755.19,744191.46,3
2025-10-30T02:10:43.498498,02:10:43,8752.92,743998.32,3
2025-10-30T02:10:55.031762,02:10:55,8739.88,742889.56,3
2025-10-30T02:10:55.394533,02:10:55,8739.8,742882.9,3
2025-10-30T02:11:07.457614,02:11:07,8710.07,740356.34,3
2025-10-30T02:11:07.619334,02:11:07,8710.16,740363.8,3
2025-10-30T02:11:19.674312,02:11:19,8734.58,742439.67,3
2025-10-30T02:11:20.081717,02:11:20,8735.24,742495.0,3
2025-10-30T02:11:31.882510,02:11:31,8723.2,741471.86,3
2025-10-30T02:11:32.557030,02:11:32,8722.73,741432.38,3
2025-10-30T02:11:43.903564,02:11:43,8714.16,740703.62,3
2025-10-30T02:11:44.822726,02:11:44,8714.09,740697.75,3
2025-10-30T02:11:55.493655,02:11:55,8726.66,741765.99,3
2025-10-30T02:11:56.788328,02:11:56,8725.57,741673.3,3
2025-10-30T02:12:07.631808,02:12:07,8704.93,739919.37,3
2025-10-30T02:12:08.700421,02:12:08,8706.38,740042.49,3
2025-10-30T02:12:20.288407,02:12:20,8700.77,739565.17,3
2025-10-30T02:12:20.308545,02:12:20,8713.32,740632.19,3
2025-10-30T02:12:32.229920,02:12:32,8701.68,739642.87,3
2025-10-30T02:12:32.527138,02:12:32,8701.69,739643.26,3
2025-10-30T02:12:44.705010,02:12:44,8716.21,740878.03,3
2025-10-30T02:12:45.030801,02:12:45,8716.17,740874.57,3
2025-10-30T02:12:56.554286,02:12:56,8729.28,741989.09,3
2025-10-30T02:12:56.877085,02:12:56,8725.14,741636.65,3
2025-10-30T02:13:08.174754,02:13:08,8697.87,739319.24,3
2025-10-30T02:13:08.451713,02:13:08,8697.79,739312.17,3
2025-10-30T02:13:20.025892,02:13:20,8694.39,739023.4,3
2025-10-30T02:13:20.377731,02:13:20,8694.39,739023.4,3
2025-10-30T02:13:31.878259,02:13:31,8691.51,738778.41,3
2025-10-30T02:13:32.297253,02:13:32,8691.51,738778.41,3
2025-10-30T02:13:44.093805,02:13:44,8690.55,738696.42,3
2025-10-30T02:13:44.496835,02:13:44,8693.34,738933.88,3
2025-10-30T02:13:56.006560,02:13:56,8693.96,738986.52,3
2025-10-30T02:13:56.761500,02:13:56,8693.66,738961.12,3
2025-10-30T02:14:08.170825,02:14:08,8678.38,737662.49,3
2025-10-30T02:14:09.590289,02:14:09,8678.17,737644.51,3
2025-10-30T02:14:20.058255,02:14:20,8665.53,736569.63,3
2025-10-30T02:14:21.524882,02:14:21,8666.12,736620.16,3
2025-10-30T02:14:32.257128,02:14:32,8659.5,736057.27,3
2025-10-30T02:14:33.403804,02:14:33,8660.18,736115.27,3
2025-10-30T02:14:44.146550,02:14:44,8661.84,736256.42,3
2025-10-30T02:14:45.313145,02:14:45,8663.02,736356.67,3
2025-10-30T02:14:55.721629,02:14:55,8678.3,737655.25,3
2025-10-30T02:14:57.474664,02:14:57,8678.09,737637.52,3
2025-10-30T02:15:07.586865,02:15:07,8659.73,736076.78,3
2025-10-30T02:15:09.615810,02:15:09,8659.85,736087.13,3
2025-10-30T02:15:19.499994,02:15:19,8660.82,736169.79,3
2025-10-30T02:15:21.215946,02:15:21,8661.34,736214.27,3
2025-10-30T02:15:31.420571,02:15:31,8663.73,736417.33,3
2025-10-30T02:15:33.104783,02:15:33,8663.93,736434.45,3
2025-10-30T02:15:42.998251,02:15:42,8658.18,735945.43,3
2025-10-30T02:15:44.721412,02:15:44,8657.88,735919.47,3
2025-10-30T02:15:54.625026,02:15:54,8641.77,734550.69,3
2025-10-30T02:15:56.385223,02:15:56,8646.03,734912.13,3
2025-10-30T02:16:06.777568,02:16:06,8660.12,736110.33,3
2025-10-30T02:16:08.089162,02:16:08,8651.48,735375.93,3
2025-10-30T02:16:18.427909,02:16:18,8653.87,735578.62,3
2025-10-30T02:16:20.030219,02:16:20,8654.73,735652.15,3
2025-10-30T02:16:30.610736,02:16:30,8657.46,735884.21,3
2025-10-30T02:16:31.642142,02:16:31,8657.44,735882.07,3
2025-10-30T02:16:42.810680,02:16:42,8668.08,736786.98,3
2025-10-30T02:16:43.550285,02:16:43,8668.59,736830.39,3
2025-10-30T02:16:54.672387,02:16:54,8663.67,736411.94,3
2025-10-30T02:16:55.420384,02:16:55,8665.52,736569.0,3
2025-10-30T02:17:06.909235,02:17:06,8670.09,736957.87,3
2025-10-30T02:17:07.415351,02:17:07,8670.18,736965.22,3
2025-10-30T02:17:18.789111,02:17:18,8711.76,740499.38,3
2025-10-30T02:17:19.382629,02:17:19,8711.85,740506.83,3
2025-10-30T02:17:31.294601,02:17:31,8728.85,741952.14,3
2025-10-30T02:17:31.609302,02:17:31,8728.85,741952.38,3
2025-10-30T02:17:43.511323,02:17:43,8731.89,742210.91,3
2025-10-30T02:17:44.177866,02:17:44,8732.31,742246.15,3
2025-10-30T02:17:55.687565,02:17:55,8747.71,743555.46,3
2025-10-30T02:17:56.364568,02:17:56,8744.78,743306.45,3
2025-10-30T02:18:07.621011,02:18:07,8733.61,742356.51,3
2025-10-30T02:18:07.949650,02:18:07,8740.43,742936.13,3
2025-10-30T02:18:19.540741,02:18:19,8763.09,744862.62,3
2025-10-30T02:18:19.919121,02:18:19,8763.54,744900.98,3
2025-10-30T02:18:31.521745,02:18:31,8764.67,744997.12,3
2025-10-30T02:18:31.826721,02:18:31,8764.67,744997.12,3
2025-10-30T02:18:43.408026,02:18:43,8768.2,745296.78,3
2025-10-30T02:18:43.435743,02:18:43,8770.12,745460.32,3
2025-10-30T02:18:55.283984,02:18:55,8781.54,746430.85,3
2025-10-30T02:18:55.329717,02:18:55,8782.88,746544.78,3
2025-10-30T02:19:06.891019,02:19:06,8779.51,746257.98,3
2025-10-30T02:19:07.256126,02:19:07,8779.9,746291.3,3
2025-10-30T02:19:19.090956,02:19:19,8775.58,745924.52,3
2025-10-30T02:19:19.480815,02:19:19,8776.16,745973.81,3
2025-10-30T02:19:30.977591,02:19:30,8759.5,744557.43,3
2025-10-30T02:19:31.710299,02:19:31,8764.29,744964.97,3
2025-10-30T02:19:43.219150,02:19:43,8758.01,744431.08,3
2025-10-30T02:19:43.907839,02:19:43,8757.95,744426.05,3
2025-10-30T02:19:55.451128,02:19:55,8754.48,744130.96,3
2025-10-30T02:19:56.468582,02:19:56,8753.63,744058.53,3
2025-10-30T02:20:07.422179,02:20:07,8759.25,744536.21,3
2025-10-30T02:20:08.652404,02:20:08,8762.81,744839.08,3
2025-10-30T02:20:19.323755,02:20:19,8758.9,744506.8,3
2025-10-30T02:20:20.272841,02:20:20,8757.2,744361.76,3
2025-10-30T02:20:31.593306,02:20:31,8725.79,741691.83,3
2025-10-30T02:20:32.162514,02:20:32,8731.43,742171.3,3
2025-10-30T02:20:43.507970,02:20:43,8751.47,743874.81,3
2025-10-30T02:20:44.049871,02:20:44,8751.98,743918.27,3
2025-10-30T02:20:55.166504,02:20:55,8888.61,755531.56,3
2025-10-30T02:20:56.023969,02:20:56,8889.13,755576.23,3
2025-10-30T02:21:07.077310,02:21:07,8887.49,755436.4,3
2025-10-30T02:21:07.879534,02:21:07,8887.13,755405.68,3
2025-10-30T02:21:19.640644,02:21:19,8906.4,757043.63,3
2025-10-30T02:21:19.821354,02:21:19,8903.18,756770.11,3
2025-10-30T02:21:31.546389,02:21:31,8885.56,755272.52,3
2025-10-30T02:21:31.791377,02:21:31,8885.93,755304.25,3
2025-10-30T02:21:43.403170,02:21:43,8883.49,755096.78,3
2025-10-30T02:21:43.794820,02:21:43,8883.49,755096.78,3
2025-10-30T02:21:55.028215,02:21:55,8893.9,755981.61,3
2025-10-30T02:21:56.038169,02:21:56,8893.98,755988.62,3
2025-10-30T02:22:06.908488,02:22:06,8900.58,756549.57,3
2025-10-30T02:22:07.966840,02:22:07,8896.56,756207.73,3
2025-10-30T02:22:19.089954,02:22:19,8895.67,756131.97,3
2025-10-30T02:22:20.134947,02:22:20,8894.9,756066.12,3
2025-10-30T02:22:30.994597,02:22:30,8879.92,754793.1,3
2025-10-30T02:22:32.629444,02:22:32,8879.93,754793.65,3
2025-10-30T02:22:42.625995,02:22:42,8883.29,755079.99,3
2025-10-30T02:22:44.608529,02:22:44,8885.14,755236.93,3
2025-10-30T02:22:54.598983,02:22:54,8889.75,755628.83,3
2025-10-30T02:22:56.557155,02:22:56,8889.64,755619.22,3
2025-10-30T02:23:06.189121,02:23:06,8890.04,755653.52,3
2025-10-30T02:23:08.155811,02:23:08,8902.24,756690.01,3
2025-10-30T02:23:17.822260,02:23:17,8908.22,757198.95,3
2025-10-30T02:23:19.774658,02:23:19,8907.6,757146.41,3
2025-10-30T02:23:29.692455,02:23:29,8906.12,757020.2,3
2025-10-30T02:23:31.629769,02:23:31,8904.01,756841.07,3
2025-10-30T02:23:41.583518,02:23:41,8886.95,755390.57,3
2025-10-30T02:23:43.335433,02:23:43,8885.09,755232.77,3
2025-10-30T02:23:53.485097,02:23:53,8901.56,756632.37,3
2025-10-30T02:23:55.221109,02:23:55,8902.56,756717.91,3
2025-10-30T02:24:05.395999,02:24:05,8896.07,756165.61,3
2025-10-30T02:24:07.177415,02:24:07,8895.22,756093.92,3
2025-10-30T02:24:17.313898,02:24:17,8902.18,756685.09,3
2025-10-30T02:24:19.110136,02:24:19,8902.76,756734.18,3
2025-10-30T02:24:29.548095,02:24:29,8903.15,756767.65,3
2025-10-30T02:24:30.972587,02:24:30,8899.39,756448.18,3
2025-10-30T02:24:41.734659,02:24:41,8895.91,756152.26,3
2025-10-30T02:24:42.898706,02:24:42,8895.99,756159.54,3
2025-10-30T02:24:53.686644,02:24:53,8891.68,755792.96,3
2025-10-30T02:24:54.797312,02:24:54,8892.59,755870.2,3
2025-10-30T02:25:05.603872,02:25:05,8835.89,751051.06,3
2025-10-30T02:25:06.735743,02:25:06,8838.8,751298.2,3
2025-10-30T02:25:17.467120,02:25:17,8825.72,750186.31,3
2025-10-30T02:25:18.748866,02:25:18,8825.73,750186.7,3
2025-10-30T02:25:29.372127,02:25:29,8824.19,750056.2,3
2025-10-30T02:25:30.364304,02:25:30,8824.16,750053.26,3
2025-10-30T02:25:41.592874,02:25:41,8839.15,751327.89,3
2025-10-30T02:25:42.208616,02:25:42,8838.84,751301.08,3
2025-10-30T02:25:53.488360,02:25:53,8836.76,751124.69,3
2025-10-30T02:25:54.129663,02:25:54,8836.99,751144.0,3
2025-10-30T02:26:05.420648,02:26:05,8848.69,752139.05,3
2025-10-30T02:26:06.291356,02:26:06,8850.9,752326.79,3
2025-10-30T02:26:17.322429,02:26:17,8866.27,753632.85,3
2025-10-30T02:26:18.569940,02:26:18,8877.93,754623.75,3
2025-10-30T02:26:29.201873,02:26:29,8879.18,754730.45,3
2025-10-30T02:26:30.793260,02:26:30,8879.47,754754.78,3
2025-10-30T02:26:41.121740,02:26:41,8876.63,754513.41,3
2025-10-30T02:26:42.440036,02:26:42,8876.13,754471.37,3
2025-10-30T02:26:53.032039,02:26:53,8875.43,754411.79,3
2025-10-30T02:26:54.883488,02:26:54,8877.14,754556.52,3
2025-10-30T02:27:04.614772,02:27:04,8879.72,754776.04,3
2025-10-30T02:27:06.484426,02:27:06,8879.57,754763.39,3
2025-10-30T02:27:16.266438,02:27:16,8871.82,754104.48,3
2025-10-30T02:27:18.388356,02:27:18,8871.91,754112.74,3
2025-10-30T02:27:28.216980,02:27:28,8877.99,754628.82,3
2025-10-30T02:27:30.648704,02:27:30,8875.19,754390.87,3
2025-10-30T02:27:39.864734,02:27:39,8879.3,754740.56,3
2025-10-30T02:27:42.648498,02:27:42,8878.58,754679.68,3
2025-10-30T02:27:51.509103,02:27:51,8838.57,751278.64,3
2025-10-30T02:27:54.247575,02:27:54,8844.11,751749.58,3
2025-10-30T02:28:03.107734,02:28:03,8834.99,750973.88,3
2025-10-30T02:28:05.850926,02:28:05,8834.1,750898.52,3
2025-10-30T02:28:14.975485,02:28:14,8800.13,748010.88,3
2025-10-30T02:28:17.814252,02:28:17,8801.46,748123.87,3
2025-10-30T02:28:26.563860,02:28:26,8793.38,747437.01,3
2025-10-30T02:28:29.462848,02:28:29,8763.39,744888.05,3
2025-10-30T02:28:38.457478,02:28:38,8762.7,744829.86,3
2025-10-30T02:28:41.677938,02:28:41,8790.78,747216.63,3
2025-10-30T02:28:50.356016,02:28:50,8777.24,746065.35,3
2025-10-30T02:28:53.571640,02:28:53,8776.6,746010.68,3
2025-10-30T02:29:02.231639,02:29:02,8767.5,745237.25,3
2025-10-30T02:29:05.460219,02:29:05,8771.47,745574.56,3
2025-10-30T02:29:14.112520,02:29:14,8773.72,745766.27,3
2025-10-30T02:29:17.392707,02:29:17,8775.65,745930.63,3
2025-10-30T02:29:25.736735,02:29:25,8775.11,745884.59,3
2025-10-30T02:29:29.384966,02:29:29,8775.22,745893.64,3
2025-10-30T02:29:37.683340,02:29:37,8790.43,747186.37,3
2025-10-30T02:29:41.379398,02:29:41,8791.07,747240.71,3
2025-10-30T02:29:49.694287,02:29:49,8804.1,748348.16,3
2025-10-30T02:29:52.990433,02:29:52,8801.89,748160.92,3
2025-10-30T02:30:01.654962,02:30:01,8798.49,747871.9,3
2025-10-30T02:30:04.888348,02:30:04,8792.32,747347.23,3
2025-10-30T02:30:13.610664,02:30:13,8775.24,745895.18,3
2025-10-30T02:30:16.503600,02:30:16,8776.33,745987.95,3
2025-10-30T02:30:25.532551,02:30:25,8788.75,747043.44,3
2025-10-30T02:30:28.119569,02:30:28,8785.97,746807.65,3
2025-10-30T02:30:37.551285,02:30:37,8783.2,746571.95,3
2025-10-30T02:30:39.716246,02:30:39,8782.06,746475.52,3
2025-10-30T02:30:49.166245,02:30:49,8781.47,746424.63,3
2025-10-30T02:30:51.697246,02:30:51,8776.09,745967.54,3
2025-10-30T02:31:00.812254,02:31:00,8783.61,746606.69,3
2025-10-30T02:31:03.580533,02:31:03,8783.74,746617.81,3
2025-10-30T02:31:12.703477,02:31:12,8780.08,746306.91,3
2025-10-30T02:31:15.261146,02:31:15,8778.8,746197.92,3
2025-10-30T02:31:24.569173,02:31:24,8787.26,746916.7,3
2025-10-30T02:31:26.872187,02:31:26,8787.52,746939.38,3
2025-10-30T02:31:36.455104,02:31:36,8791.99,747319.29,3
2025-10-30T02:31:38.773606,02:31:38,8790.44,747187.05,3
2025-10-30T02:31:48.071895,02:31:48,8794.65,747545.57,3
2025-10-30T02:31:50.372945,02:31:50,8794.43,747526.41,3
2025-10-30T02:31:59.766697,02:31:59,8794.83,747560.36,3
2025-10-30T02:32:02.220333,02:32:02,8795.38,747607.55,3
2025-10-30T02:32:11.664149,02:32:11,8796.41,747694.93,3
2025-10-30T02:32:13.849775,02:32:13,8796.7,747719.27,3
2025-10-30T02:32:23.620181,02:32:23,8794.63,747543.36,3
2025-10-30T02:32:25.461896,02:32:25,8794.53,747535.36,3
2025-10-30T02:32:35.512715,02:32:35,8792.6,747370.86,3
2025-10-30T02:32:37.450135,02:32:37,8792.61,747371.64,3
2025-10-30T02:32:47.709391,02:32:47,8772.89,745695.66,3
2025-10-30T02:32:49.670581,02:32:49,8772.45,745658.64,3
2025-10-30T02:32:59.360153,02:32:59,8763.78,744921.07,3
2025-10-30T02:33:01.387403,02:33:01,8765.42,745060.82,3
2025-10-30T02:33:11.229699,02:33:11,8759.18,744529.92,3
2025-10-30T02:33:13.528650,02:33:13,8758.12,744440.16,3
2025-10-30T02:33:23.379601,02:33:23,8784.23,746659.17,3
2025-10-30T02:33:25.396675,02:33:25,8784.23,746659.96,3
2025-10-30T02:33:35.285329,02:33:35,8787.66,746951.01,3
2025-10-30T02:33:37.017636,02:33:37,8788.63,747033.83,3
2025-10-30T02:33:47.213575,02:33:47,8819.54,749660.71,3
2025-10-30T02:33:48.628444,02:33:48,8819.71,749675.38,3
2025-10-30T02:33:59.299378,02:33:59,8842.96,751651.98,3
2025-10-30T02:34:00.534027,02:34:00,8845.02,751826.54,3
2025-10-30T02:34:11.476448,02:34:11,8863.58,753404.65,3
2025-10-30T02:34:12.427647,02:34:12,8870.05,753953.88,3
2025-10-30T02:34:23.483509,02:34:23,8877.35,754575.06,3
2025-10-30T02:34:24.312733,02:34:24,8877.36,754575.45,3
2025-10-30T02:34:35.075702,02:34:35,8873.34,754233.54,3
2025-10-30T02:34:36.218218,02:34:36,8871.25,754056.62,3
2025-10-30T02:34:47.287260,02:34:47,8865.14,753537.0,3
2025-10-30T02:34:48.266706,02:34:48,8865.15,753537.39,3
2025-10-30T02:34:59.209128,02:34:59,8846.13,751920.97,3
2025-10-30T02:35:00.157233,02:35:00,8846.79,751976.74,3
2025-10-30T02:35:11.062415,02:35:11,8823.31,749981.31,3
2025-10-30T02:35:12.078069,02:35:12,8822.97,749952.25,3
2025-10-30T02:35:22.948859,02:35:22,8799.96,747996.18,3
2025-10-30T02:35:23.726311,02:35:23,8795.47,747614.71,3
2025-10-30T02:35:34.607718,02:35:34,8787.56,746943.0,3
2025-10-30T02:35:35.410860,02:35:35,8788.0,746980.2,3
2025-10-30T02:35:46.251997,02:35:46,8766.26,745132.31,3
2025-10-30T02:35:47.636258,02:35:47,8766.93,745188.65,3
2025-10-30T02:35:57.923063,02:35:57,8779.09,746222.39,3
2025-10-30T02:35:59.864604,02:35:59,8779.44,746252.13,3
2025-10-30T02:36:09.764269,02:36:09,8794.81,747559.03,3
2025-10-30T02:36:11.532173,02:36:11,8808.92,748758.02,3
2025-10-30T02:36:21.822350,02:36:21,8818.66,749585.76,3
2025-10-30T02:36:23.454901,02:36:23,8819.88,749690.16,3
2025-10-30T02:36:33.766635,02:36:33,8823.47,749994.68,3
2025-10-30T02:36:35.133945,02:36:35,8823.48,749995.47,3
2025-10-30T02:36:45.939295,02:36:45,8827.05,750299.44,3
2025-10-30T02:36:46.967762,02:36:46,8827.84,750366.42,3
2025-10-30T02:36:57.877222,02:36:57,8831.25,750656.35,3
2025-10-30T02:36:59.217637,02:36:59,8832.72,750781.25,3
2025-10-30T02:37:09.451009,02:37:09,8866.14,753621.93,3
2025-10-30T02:37:10.861463,02:37:10,8867.11,753704.5,3
2025-10-30T02:37:21.069293,02:37:21,8863.37,753386.48,3
2025-10-30T02:37:22.472220,02:37:22,8863.09,753362.47,3
2025-10-30T02:37:33.351403,02:37:33,8849.33,752193.1,3
2025-10-30T02:37:34.108979,02:37:34,8847.54,752040.68,3
2025-10-30T02:37:44.926543,02:37:44,8844.93,751819.19,3
2025-10-30T02:37:46.299070,02:37:46,8844.93,751819.41,3
2025-10-30T02:37:56.562398,02:37:56,8836.43,751096.67,3
2025-10-30T02:37:58.481115,02:37:58,8836.6,751111.27,3
2025-10-30T02:38:08.713468,02:38:08,8833.85,750877.64,3
2025-10-30T02:38:10.368577,02:38:10,8833.66,750861.06,3
2025-10-30T02:38:20.293338,02:38:20,8812.11,749029.34,3
2025-10-30T02:38:22.294627,02:38:22,8804.14,748352.2,3
2025-10-30T02:38:32.175135,02:38:32,8801.01,748086.18,3
2025-10-30T02:38:33.892897,02:38:33,8810.95,748931.17,3
2025-10-30T02:38:43.785323,02:38:43,8811.5,748977.89,3
2025-10-30T02:38:46.159190,02:38:46,8812.07,749025.98,3
2025-10-30T02:38:55.430182,02:38:55,8813.73,749167.27,3
2025-10-30T02:38:57.846372,02:38:57,8815.52,749319.29,3
2025-10-30T02:39:07.373722,02:39:07,8819.61,749666.91,3
2025-10-30T02:39:09.820719,02:39:09,8818.83,749600.49,3
2025-10-30T02:39:18.960257,02:39:18,8842.08,751577.13,3
2025-10-30T02:39:21.768264,02:39:21,8842.04,751573.18,3
2025-10-30T02:39:30.587035,02:39:30,8823.84,750026.5,3
2025-10-30T02:39:33.651161,02:39:33,8825.94,750205.11,3
2025-10-30T02:39:42.234105,02:39:42,8823.96,750036.75,3
2025-10-30T02:39:45.377811,02:39:45,8822.56,749917.22,3
2025-10-30T02:39:54.182552,02:39:54,8822.18,749885.19,3
2025-10-30T02:39:57.315469,02:39:57,8822.1,749878.32,3
2025-10-30T02:40:06.071039,02:40:06,8821.47,749825.21,3
2025-10-30T02:40:09.187514,02:40:09,8821.66,749841.34,3
2025-10-30T02:40:18.016758,02:40:18,8820.95,749780.73,3
2025-10-30T02:40:20.746576,02:40:20,8823.67,750012.32,3
2025-10-30T02:40:30.207184,02:40:30,8821.81,749853.71,3
2025-10-30T02:40:32.743869,02:40:32,8824.73,750102.31,3
2025-10-30T02:40:42.064332,02:40:42,8825.69,750183.43,3
2025-10-30T02:40:44.630984,02:40:44,8825.42,750160.49,3
2025-10-30T02:40:53.655098,02:40:53,8824.39,750072.85,3
2025-10-30T02:40:56.257304,02:40:56,8824.19,750056.38,3
2025-10-30T02:41:05.604333,02:41:05,8827.91,750372.04,3
2025-10-30T02:41:08.138051,02:41:08,8827.6,750345.78,3
2025-10-30T02:41:17.293303,02:41:17,8821.81,749854.13,3
2025-10-30T02:41:19.708386,02:41:19,8821.28,749809.19,3
2025-10-30T02:41:29.187929,02:41:29,8821.83,749855.81,3
2025-10-30T02:41:31.639645,02:41:31,8822.26,749891.82,3
2025-10-30T02:41:41.047262,02:41:41,8812.86,749092.94,3
2025-10-30T02:41:43.258253,02:41:43,8814.77,749255.84,3
2025-10-30T02:41:52.937921,02:41:52,8806.54,748556.08,3
2025-10-30T02:41:54.920671,02:41:54,8807.64,748649.37,3
2025-10-30T02:42:04.819338,02:42:04,8799.61,747966.86,3
2025-10-30T02:42:06.824750,02:42:06,8795.3,747600.76,3
2025-10-30T02:42:17.278339,02:42:17,8801.01,748086.01,3
2025-10-30T02:42:18.432840,02:42:18,8801.9,748161.65,3
2025-10-30T02:42:29.102803,02:42:29,8759.52,744559.19,3
2025-10-30T02:42:30.054035,02:42:30,8759.44,744552.0,3
2025-10-30T02:42:41.240985,02:42:41,8757.47,744385.18,3
2025-10-30T02:42:41.663146,02:42:41,8759.14,744526.61,3
2025-10-30T02:42:52.914365,02:42:52,8759.06,744519.72,3
2025-10-30T02:42:53.548247,02:42:53,8759.06,744520.12,3
2025-10-30T02:43:05.425350,02:43:05,8756.98,744343.41,3
2025-10-30T02:43:05.722896,02:43:05,8757.07,744350.82,3
2025-10-30T02:43:17.305715,02:43:17,8780.85,746371.86,3
2025-10-30T02:43:17.572693,02:43:17,8780.92,746378.35,3
2025-10-30T02:43:29.177943,02:43:29,8803.33,748283.16,3
2025-10-30T02:43:29.469575,02:43:29,8803.33,748283.16,3
2025-10-30T02:43:41.067013,02:43:41,8802.26,748192.49,3
2025-10-30T02:43:41.413375,02:43:41,8802.26,748192.49,3
2025-10-30T02:43:52.959584,02:43:52,8826.88,750284.43,3
2025-10-30T02:43:53.334719,02:43:53,8827.35,750324.73,3
2025-10-30T02:44:04.555313,02:44:04,8839.45,751353.14,3
2025-10-30T02:44:05.495044,02:44:05,8839.77,751380.68,3
2025-10-30T02:44:16.225123,02:44:16,8807.9,748671.71,3
2025-10-30T02:44:17.365507,02:44:17,8807.26,748617.2,3
2025-10-30T02:44:27.813318,02:44:27,8805.28,748449.06,3
2025-10-30T02:44:29.243089,02:44:29,8805.25,748446.66,3
2025-10-30T02:44:39.807254,02:44:39,8767.54,745241.03,3
2025-10-30T02:44:40.845860,02:44:40,8761.75,744748.84,3
2025-10-30T02:44:52.011814,02:44:52,8760.71,744660.45,3
2025-10-30T02:44:52.833124,02:44:52,8753.53,744050.37,3
2025-10-30T02:45:03.614100,02:45:03,8711.07,740440.86,3
2025-10-30T02:45:05.060016,02:45:05,8711.03,740437.4,3
2025-10-30T02:45:15.251501,02:45:15,8748.05,743584.4,3
2025-10-30T02:45:16.941971,02:45:16,8754.63,744143.3,3
2025-10-30T02:45:27.408748,02:45:27,8770.02,745452.09,3
2025-10-30T02:45:28.587229,02:45:28,8765.25,745045.89,3
2025-10-30T02:45:39.327624,02:45:39,8768.86,745352.87,3
2025-10-30T02:45:40.212867,02:45:40,8769.81,745433.55,3
2025-10-30T02:45:51.322289,02:45:51,8773.85,745777.09,3
2025-10-30T02:45:52.477936,02:45:52,8776.82,746029.29,3
2025-10-30T02:46:03.210604,02:46:03,8781.38,746417.09,3
2025-10-30T02:46:04.393508,02:46:04,8779.88,746289.67,3
2025-10-30T02:46:15.091658,02:46:15,8785.9,746801.12,3
2025-10-30T02:46:16.046354,02:46:16,8785.65,746779.99,3
2025-10-30T02:46:26.664339,02:46:26,8777.39,746078.26,3
2025-10-30T02:46:28.014849,02:46:28,8777.17,746059.78,3
2025-10-30T02:46:38.590491,02:46:38,8777.03,746047.47,3
2025-10-30T02:46:39.647520,02:46:39,8777.03,746047.86,3
2025-10-30T02:46:50.207876,02:46:50,8759.94,744594.93,3
2025-10-30T02:46:51.636724,02:46:51,8761.85,744756.98,3
2025-10-30T02:47:02.418497,02:47:02,8768.67,745337.33,3
2025-10-30T02:47:03.512962,02:47:03,8764.9,745016.59,3
2025-10-30T02:47:14.313094,02:47:14,8798.86,747902.85,3
2025-10-30T02:47:15.417002,02:47:15,8798.95,747910.48,3
2025-10-30T02:47:26.509584,02:47:26,8801.41,748120.19,3
2025-10-30T02:47:27.378618,02:47:27,8801.58,748134.58,3
2025-10-30T02:47:38.759302,02:47:38,8834.0,750889.79,3
2025-10-30T02:47:39.869354,02:47:39,8834.19,750906.04,3
2025-10-30T02:47:51.282149,02:47:51,8826.22,750228.29,3
2025-10-30T02:47:51.787453,02:47:51,8826.96,750291.64,3
2025-10-30T02:48:03.276763,02:48:03,8819.91,749692.14,3
2025-10-30T02:48:04.016234,02:48:04,8816.98,749443.06,3
2025-10-30T02:48:14.886519,02:48:14,8815.62,749327.3,3
2025-10-30T02:48:16.231032,02:48:16,8814.77,749255.06,3
2025-10-30T02:48:26.869597,02:48:26,8824.12,750049.98,3
2025-10-30T02:48:28.134117,02:48:28,8823.6,750006.35,3
2025-10-30T02:48:38.746603,02:48:38,8838.5,751272.3,3
2025-10-30T02:48:39.749655,02:48:39,8839.28,751338.54,3
2025-10-30T02:48:50.612475,02:48:50,8838.31,751256.51,3
2025-10-30T02:48:51.336002,02:48:51,8839.09,751322.99,3
2025-10-30T02:49:02.548729,02:49:02,8842.1,751578.08,3
2025-10-30T02:49:03.211116,02:49:03,8844.56,751787.77,3
2025-10-30T02:49:14.398014,02:49:14,8849.33,752192.86,3
2025-10-30T02:49:15.144970,02:49:15,8849.33,752192.86,3
2025-10-30T02:49:26.284689,02:49:26,8854.97,752672.13,3
2025-10-30T02:49:27.081242,02:49:27,8855.72,752736.47,3
2025-10-30T02:49:37.900289,02:49:37,8874.96,754371.25,3
2025-10-30T02:49:39.021795,02:49:39,8874.88,754365.1,3
2025-10-30T02:49:49.795764,02:49:49,8858.89,753005.53,3
2025-10-30T02:49:51.216002,02:49:51,8859.95,753096.05,3
2025-10-30T02:50:01.425952,02:50:01,8857.94,752924.56,3
2025-10-30T02:50:03.114162,02:50:03,8857.79,752912.11,3
2025-10-30T02:50:13.605092,02:50:13,8858.43,752966.61,3
2025-10-30T02:50:14.725406,02:50:14,8858.44,752967.0,3
2025-10-30T02:50:25.210335,02:50:25,8852.75,752483.83,3
2025-10-30T02:50:27.459376,02:50:27,8854.13,752601.37,3
2025-10-30T02:50:36.887027,02:50:36,8845.33,751853.47,3
2025-10-30T02:50:39.420936,02:50:39,8844.81,751808.81,3
2025-10-30T02:50:48.839129,02:50:48,8849.35,752195.14,3
2025-10-30T02:50:51.626170,02:50:51,8849.53,752209.76,3
2025-10-30T02:51:00.458058,02:51:00,8853.67,752561.81,3
2025-10-30T02:51:03.336615,02:51:03,8855.94,752754.97,3
2025-10-30T02:51:12.043911,02:51:12,8859.71,753075.28,3
2025-10-30T02:51:14.969021,02:51:14,8859.55,753061.95,3
2025-10-30T02:51:23.708788,02:51:23,8858.48,752970.5,3
2025-10-30T02:51:27.208836,02:51:27,8857.77,752910.44,3
2025-10-30T02:51:35.612323,02:51:35,8859.58,753064.11,3
2025-10-30T02:51:39.421650,02:51:39,8861.38,753217.68,3
2025-10-30T02:51:47.496383,02:51:47,8863.52,753399.56,3
2025-10-30T02:51:51.380416,02:51:51,8863.91,753432.18,3
2025-10-30T02:51:59.724570,02:51:59,8853.52,752549.15,3
2025-10-30T02:52:03.083660,02:52:03,8846.41,751945.26,3
2025-10-30T02:52:11.320515,02:52:11,8848.84,752151.56,3
2025-10-30T02:52:14.703735,02:52:14,8824.65,750095.38,3
2025-10-30T02:52:23.567115,02:52:23,8838.49,751271.29,3
2025-10-30T02:52:26.302828,02:52:26,8849.72,752225.92,3
2025-10-30T02:52:35.439416,02:52:35,8836.6,751110.83,3
2025-10-30T02:52:38.313975,02:52:38,8837.97,751227.57,3
2025-10-30T02:52:47.342838,02:52:47,8843.94,751734.82,3
2025-10-30T02:52:50.202460,02:52:50,8847.33,752023.06,3
2025-10-30T02:52:59.541784,02:52:59,8855.01,752675.87,3
2025-10-30T02:53:02.103878,02:53:02,8861.22,753204.08,3
2025-10-30T02:53:11.740560,02:53:11,8861.74,753247.86,3
2025-10-30T02:53:13.755318,02:53:13,8862.79,753336.91,3
2025-10-30T02:53:23.627856,02:53:23,8860.55,753146.99,3
2025-10-30T02:53:25.457020,02:53:25,8860.53,753145.05,3
2025-10-30T02:53:35.818357,02:53:35,8860.97,753182.5,3
2025-10-30T02:53:37.331773,02:53:37,8860.48,753140.49,3
2025-10-30T02:53:47.399785,02:53:47,8861.57,753233.8,3
2025-10-30T02:53:49.186359,02:53:49,8861.88,753259.63,3
2025-10-30T02:53:59.025231,02:53:59,8883.17,755069.67,3
2025-10-30T02:54:01.076099,02:54:01,8882.07,754976.13,3
2025-10-30T02:54:10.906451,02:54:10,8909.67,757321.95,3
2025-10-30T02:54:12.697166,02:54:12,8910.44,757387.27,3
2025-10-30T02:54:22.578049,02:54:22,8916.51,757903.61,3
2025-10-30T02:54:24.361363,02:54:24,8916.19,757875.98,3
2025-10-30T02:54:34.190022,02:54:34,8914.95,757770.74,3
2025-10-30T02:54:35.941311,02:54:35,8915.21,757792.62,3
2025-10-30T02:54:46.056945,02:54:46,8914.36,757720.38,3
2025-10-30T02:54:47.645053,02:54:47,8913.38,757637.03,3
2025-10-30T02:54:58.271769,02:54:58,8911.39,757468.44,3
2025-10-30T02:54:59.264443,02:54:59,8908.65,757235.59,3
2025-10-30T02:55:10.139512,02:55:10,8881.7,754944.47,3
2025-10-30T02:55:11.437854,02:55:11,8881.92,754963.23,3
2025-10-30T02:55:21.810774,02:55:21,8907.76,757159.93,3
2025-10-30T02:55:23.162515,02:55:23,8907.1,757103.82,3
2025-10-30T02:55:33.418744,02:55:33,8898.86,756402.99,3
2025-10-30T02:55:35.040918,02:55:35,8898.4,756364.01,3
2025-10-30T02:55:45.030337,02:55:45,8900.27,756522.77,3
2025-10-30T02:55:47.237311,02:55:47,8903.21,756773.18,3
2025-10-30T02:55:57.245404,02:55:57,8906.53,757054.81,3
2025-10-30T02:55:58.897989,02:55:58,8908.3,757205.91,3
2025-10-30T02:56:09.460739,02:56:09,8903.43,756791.9,3
2025-10-30T02:56:10.537704,02:56:10,8901.63,756638.41,3
2025-10-30T02:56:21.378761,02:56:21,8906.13,757021.14,3
2025-10-30T02:56:22.149959,02:56:22,8905.34,756953.71,3
2025-10-30T02:56:33.607242,02:56:33,8907.18,757110.59,3
2025-10-30T02:56:34.182257,02:56:34,8907.19,757110.98,3
2025-10-30T02:56:45.810533,02:56:45,8910.49,757391.74,3
2025-10-30T02:56:46.409763,02:56:46,8910.46,757389.11,3
2025-10-30T02:56:58.003137,02:56:58,8907.71,757155.21,3
2025-10-30T02:56:58.355783,02:56:58,8907.4,757129.36,3
2025-10-30T02:57:10.165369,02:57:10,8910.79,757416.86,3
2025-10-30T02:57:10.598356,02:57:10,8910.02,757352.1,3
2025-10-30T02:57:21.785897,02:57:21,8915.74,757837.93,3
2025-10-30T02:57:22.444095,02:57:22,8914.3,757715.81,3
2025-10-30T02:57:33.376909,02:57:33,8925.84,758696.2,3
2025-10-30T02:57:34.030462,02:57:34,8926.34,758738.84,3
2025-10-30T02:57:45.510210,02:57:45,8947.43,760531.15,3
2025-10-30T02:57:46.166599,02:57:46,8946.83,760480.35,3
2025-10-30T02:57:57.466353,02:57:57,8958.4,761464.34,3
2025-10-30T02:57:58.361834,02:57:58,8958.4,761464.34,3
2025-10-30T02:58:09.749004,02:58:09,8978.56,763177.87,3
2025-10-30T02:58:10.248354,02:58:10,8982.4,763504.11,3
2025-10-30T02:58:21.655826,02:58:21,9008.81,765748.76,3
2025-10-30T02:58:22.410437,02:58:22,9009.12,765774.83,3
2025-10-30T02:58:34.119446,02:58:34,9036.43,768096.73,3
2025-10-30T02:58:34.613958,02:58:34,9036.44,768097.11,3
2025-10-30T02:58:46.038741,02:58:46,9047.7,769054.32,3
2025-10-30T02:58:46.497986,02:58:46,9047.78,769061.52,3
2025-10-30T02:58:57.655078,02:58:57,9050.84,769321.23,3
2025-10-30T02:58:58.345039,02:58:58,9052.02,769422.01,3
2025-10-30T02:59:09.983878,02:59:09,9034.56,767937.34,3
2025-10-30T02:59:10.594348,02:59:10,9032.9,767796.09,3
2025-10-30T02:59:22.182964,02:59:22,9020.83,766770.87,3
2025-10-30T02:59:22.499156,02:59:22,9020.84,766771.25,3
2025-10-30T02:59:34.384112,02:59:34,9002.31,765196.6,3
2025-10-30T02:59:34.689260,02:59:34,9002.8,765237.66,3
2025-10-30T02:59:46.595748,02:59:46,8996.19,764675.98,3
2025-10-30T02:59:46.895439,02:59:46,8996.19,764675.98,3
2025-10-30T02:59:58.814600,02:59:58,8986.11,763819.15,3
2025-10-30T02:59:58.891924,02:59:58,8985.91,763802.08,3
2025-10-30T03:00:10.432005,03:00:10,8997.9,764821.8,3
2025-10-30T03:00:10.843120,03:00:10,8997.83,764815.3,3
2025-10-30T03:00:22.019495,03:00:22,9025.74,767188.11,3
2025-10-30T03:00:23.130352,03:00:23,9025.6,767175.79,3
2025-10-30T03:00:33.626914,03:00:33,9024.75,767103.65,3
2025-10-30T03:00:35.083918,03:00:35,9024.38,767072.12,3
2025-10-30T03:00:45.200606,03:00:45,9029.19,767480.74,3
2025-10-30T03:00:46.966107,03:00:46,9029.1,767473.83,3
2025-10-30T03:00:57.363704,03:00:57,9032.17,767734.32,3
2025-10-30T03:00:58.585431,03:00:58,9032.52,767763.78,3
2025-10-30T03:01:08.961137,03:01:08,9037.6,768195.71,3
2025-10-30T03:01:10.772886,03:01:10,9038.2,768246.81,3
2025-10-30T03:01:20.574703,03:01:20,9039.55,768361.76,3
2025-10-30T03:01:22.729259,03:01:22,9040.17,768414.28,3
2025-10-30T03:01:32.479481,03:01:32,9061.99,770268.76,3
2025-10-30T03:01:34.651728,03:01:34,9062.41,770304.7,3
2025-10-30T03:01:44.068467,03:01:44,9067.15,770708.17,3
2025-10-30T03:01:46.617872,03:01:46,9066.78,770676.61,3
2025-10-30T03:01:55.955833,03:01:55,9070.22,770969.09,3
2025-10-30T03:01:58.290570,03:01:58,9069.75,770928.58,3
2025-10-30T03:02:08.155058,03:02:08,9066.65,770665.05,3
2025-10-30T03:02:10.181016,03:02:10,9064.94,770519.64,3
2025-10-30T03:02:20.013851,03:02:20,9062.12,770279.95,3
2025-10-30T03:02:21.837681,03:02:21,9060.53,770144.8,3
2025-10-30T03:02:32.175650,03:02:32,9044.07,768745.68,3
2025-10-30T03:02:33.504592,03:02:33,9051.9,769411.52,3
2025-10-30T03:02:43.783076,03:02:43,9048.75,769143.43,3
2025-10-30T03:02:45.076205,03:02:45,9048.75,769143.97,3
2025-10-30T03:02:55.360580,03:02:55,9051.61,769386.67,3
2025-10-30T03:02:57.243988,03:02:57,9051.82,769404.49,3
2025-10-30T03:03:06.944454,03:03:06,9052.44,769457.55,3
2025-10-30T03:03:09.477505,03:03:09,9052.4,769454.0,3
2025-10-30T03:03:18.545603,03:03:18,9059.03,770017.69,3
2025-10-30T03:03:21.132396,03:03:21,9060.82,770169.79,3
2025-10-30T03:03:30.222522,03:03:30,9081.63,771938.61,3
2025-10-30T03:03:33.090392,03:03:33,9084.32,772167.23,3
2025-10-30T03:03:42.170071,03:03:42,9096.47,773200.02,3
2025-10-30T03:03:44.746675,03:03:44,9101.83,773655.51,3
2025-10-30T03:03:53.771005,03:03:53,9114.41,774725.2,3
2025-10-30T03:03:56.696543,03:03:56,9115.75,774838.96,3
2025-10-30T03:04:05.695068,03:04:05,9105.37,773956.16,3
2025-10-30T03:04:08.319593,03:04:08,9107.47,774135.12,3
2025-10-30T03:04:17.529156,03:04:17,9115.38,774806.88,3
2025-10-30T03:04:20.241355,03:04:20,9117.35,774974.89,3
2025-10-30T03:04:29.125779,03:04:29,9130.79,776117.49,3
2025-10-30T03:04:31.810438,03:04:31,9132.21,776237.59,3
2025-10-30T03:04:40.714861,03:04:40,9135.28,776499.06,3
2025-10-30T03:04:43.417049,03:04:43,9135.39,776508.0,3
2025-10-30T03:04:52.598817,03:04:52,9152.14,777931.76,3
2025-10-30T03:04:55.589935,03:04:55,9147.67,777552.08,3
2025-10-30T03:05:04.502231,03:05:04,9145.5,777367.64,3
2025-10-30T03:05:07.220406,03:05:07,9149.46,777703.79,3
2025-10-30T03:05:16.121871,03:05:16,9163.44,778892.25,3
2025-10-30T03:05:18.860798,03:05:18,9162.72,778831.2,3
2025-10-30T03:05:28.352791,03:05:28,9142.16,777083.55,3
2025-10-30T03:05:30.852916,03:05:30,9136.23,776579.37,3
2025-10-30T03:05:40.231225,03:05:40,9134.95,776470.69,3
2025-10-30T03:05:42.828532,03:05:42,9135.62,776527.95,3
2025-10-30T03:05:51.846760,03:05:51,9129.77,776030.63,3
2025-10-30T03:05:54.705763,03:05:54,9123.3,775480.17,3
2025-10-30T03:06:03.821794,03:06:03,9110.03,774352.68,3
2025-10-30T03:06:06.317255,03:06:06,9098.17,773344.61,3
2025-10-30T03:06:15.721869,03:06:15,9096.06,773165.35,3
2025-10-30T03:06:17.914985,03:06:17,9093.93,772984.19,3
2025-10-30T03:06:27.425185,03:06:27,9075.28,771398.98,3
2025-10-30T03:06:29.776483,03:06:29,9073.17,771219.4,3
2025-10-30T03:06:39.362473,03:06:39,9071.33,771063.16,3
2025-10-30T03:06:41.514711,03:06:41,9074.68,771347.74,3
2025-10-30T03:06:51.599253,03:06:51,9079.06,771720.2,3
2025-10-30T03:06:53.278543,03:06:53,9081.17,771899.85,3
2025-10-30T03:07:03.455887,03:07:03,9086.01,772310.45,3
2025-10-30T03:07:05.199181,03:07:05,9080.98,771883.24,3
2025-10-30T03:07:15.645209,03:07:15,9089.9,772641.44,3
2025-10-30T03:07:17.075900,03:07:17,9091.9,772811.49,3
2025-10-30T03:07:27.828866,03:07:27,9092.66,772876.36,3
2025-10-30T03:07:28.974579,03:07:28,9092.59,772869.9,3
2025-10-30T03:07:39.438295,03:07:39,9144.11,777249.03,3
2025-10-30T03:07:41.185816,03:07:41,9146.35,777439.33,3
2025-10-30T03:07:51.316838,03:07:51,9147.66,777551.45,3
2025-10-30T03:07:52.810941,03:07:52,9148.24,777600.68,3
2025-10-30T03:08:02.913102,03:08:02,9127.48,775835.39,3
2025-10-30T03:08:04.454211,03:08:04,9125.32,775652.08,3
2025-10-30T03:08:14.824557,03:08:14,9124.06,775544.69,3
2025-10-30T03:08:16.380650,03:08:16,9123.82,775524.88,3
2025-10-30T03:08:26.795930,03:08:26,9137.7,776704.26,3
2025-10-30T03:08:28.562543,03:08:28,9138.07,776735.86,3
2025-10-30T03:08:38.771306,03:08:38,9138.2,776746.58,3
2025-10-30T03:08:40.460769,03:08:40,9137.54,776691.11,3
2025-10-30T03:08:50.729166,03:08:50,9135.08,776481.39,3
2025-10-30T03:08:52.406418,03:08:52,9134.43,776426.13,3
2025-10-30T03:09:02.669495,03:09:02,9131.64,776189.11,3
2025-10-30T03:09:04.019640,03:09:04,9131.95,776215.96,3
2025-10-30T03:09:14.618808,03:09:14,9146.26,777432.04,3
2025-10-30T03:09:15.627765,03:09:15,9146.01,777410.71,3
2025-10-30T03:09:26.566458,03:09:26,9138.71,776789.98,3
2025-10-30T03:09:27.549867,03:09:27,9138.37,776761.22,3
2025-10-30T03:09:38.739113,03:09:38,9139.41,776849.61,3
2025-10-30T03:09:39.131971,03:09:39,9139.22,776833.65,3
2025-10-30T03:09:50.629163,03:09:50,9140.91,776977.35,3
2025-10-30T03:09:51.058919,03:09:51,9140.91,776977.58,3
2025-10-30T03:10:02.778302,03:10:02,9118.88,775104.52,3
2025-10-30T03:10:03.777954,03:10:03,9118.73,775091.88,3
2025-10-30T03:10:14.371359,03:10:14,9100.43,773536.84,3
2025-10-30T03:10:15.986228,03:10:15,9099.65,773470.58,3
2025-10-30T03:10:26.548081,03:10:26,9081.07,771891.14,3
2025-10-30T03:10:27.948513,03:10:27,9082.07,771975.96,3
2025-10-30T03:10:38.158880,03:10:38,9074.96,771371.99,3
2025-10-30T03:10:39.558929,03:10:39,9075.02,771376.43,3
2025-10-30T03:10:49.756942,03:10:49,9076.86,771533.01,3
2025-10-30T03:10:51.157211,03:10:51,9077.83,771615.97,3
2025-10-30T03:11:02.164663,03:11:02,9080.85,771872.41,3
2025-10-30T03:11:03.442953,03:11:03,9082.01,771970.68,3
2025-10-30T03:11:14.332679,03:11:14,9075.88,771449.7,3
2025-10-30T03:11:15.341141,03:11:15,9079.1,771723.11,3
2025-10-30T03:11:26.798254,03:11:26,9068.74,770842.65,3
2025-10-30T03:11:27.003452,03:11:27,9068.57,770828.4,3
2025-10-30T03:11:38.486509,03:11:38,9076.35,771489.83,3
2025-10-30T03:11:39.211728,03:11:39,9076.35,771489.83,3
2025-10-30T03:11:50.707024,03:11:50,9081.4,771918.63,3
2025-10-30T03:11:51.689190,03:11:51,9082.54,772015.77,3
2025-10-30T03:12:02.389601,03:12:02,9082.09,771977.46,3
2025-10-30T03:12:03.874135,03:12:03,9083.48,772095.68,3
2025-10-30T03:12:14.262221,03:12:14,9078.03,771632.27,3
2025-10-30T03:12:15.456812,03:12:15,9077.49,771586.79,3
2025-10-30T03:12:26.146212,03:12:26,9076.91,771537.59,3
2025-10-30T03:12:27.397392,03:12:27,9087.64,772449.75,3
2025-10-30T03:12:38.968483,03:12:38,9090.11,772659.32,3
2025-10-30T03:12:39.296135,03:12:39,9090.15,772662.52,3
2025-10-30T03:12:50.844111,03:12:50,9090.16,772664.02,3
2025-10-30T03:12:51.534358,03:12:51,9089.83,772635.86,3
2025-10-30T03:13:03.056566,03:13:03,9093.46,772944.41,3
2025-10-30T03:13:03.778705,03:13:03,9093.31,772931.04,3
2025-10-30T03:13:14.659926,03:13:14,9089.83,772635.65,3
2025-10-30T03:13:15.398611,03:13:15,9089.38,772597.16,3
2025-10-30T03:13:26.565959,03:13:26,9087.54,772440.81,3
2025-10-30T03:13:27.327339,03:13:27,9087.55,772441.94,3
2025-10-30T03:13:38.441784,03:13:38,9083.39,772087.76,3
2025-10-30T03:13:39.223352,03:13:39,9083.43,772091.81,3
2025-10-30T03:13:50.362802,03:13:50,9083.25,772075.96,3
2025-10-30T03:13:51.458312,03:13:51,9084.01,772141.14,3
2025-10-30T03:14:01.974822,03:14:01,9086.0,772309.78,3
2025-10-30T03:14:03.391467,03:14:03,9086.23,772329.81,3
2025-10-30T03:14:14.206416,03:14:14,9075.97,771457.28,3
2025-10-30T03:14:15.258062,03:14:15,9073.55,771251.57,3
2025-10-30T03:14:25.785302,03:14:25,9053.77,769570.15,3
2025-10-30T03:14:27.454883,03:14:27,9053.98,769588.61,3
2025-10-30T03:14:37.755272,03:14:37,9052.97,769502.07,3
2025-10-30T03:14:39.043023,03:14:39,9052.37,769451.3,3
2025-10-30T03:14:49.951707,03:14:49,9051.89,769410.79,3
2025-10-30T03:14:50.928254,03:14:50,9051.48,769375.54,3
2025-10-30T03:15:02.245858,03:15:02,9050.38,769282.23,3
2025-10-30T03:15:02.840484,03:15:02,9050.68,769307.87,3
2025-10-30T03:15:14.696264,03:15:14,9045.72,768886.61,3
2025-10-30T03:15:14.805385,03:15:14,9045.73,768886.84,3
2025-10-30T03:15:26.592135,03:15:26,9046.67,768966.65,3
2025-10-30T03:15:26.798343,03:15:26,9046.7,768969.5,3
2025-10-30T03:15:38.837132,03:15:38,9030.81,767619.12,3
2025-10-30T03:15:38.987760,03:15:38,9030.81,767619.12,3
2025-10-30T03:15:50.443182,03:15:50,8988.17,763994.76,3
2025-10-30T03:15:51.222841,03:15:51,8988.41,764014.74,3
2025-10-30T03:16:02.461080,03:16:02,8942.34,760098.74,3
2025-10-30T03:16:03.438504,03:16:03,8943.96,760236.89,3
2025-10-30T03:16:14.363553,03:16:14,8938.19,759746.04,3
2025-10-30T03:16:15.341785,03:16:15,8938.19,759746.28,3
2025-10-30T03:16:26.243858,03:16:26,8975.2,762892.03,3
2025-10-30T03:16:27.203923,03:16:27,8975.62,762927.74,3
2025-10-30T03:16:38.184317,03:16:38,8991.48,764276.2,3
2025-10-30T03:16:39.081909,03:16:39,8992.11,764328.94,3
2025-10-30T03:16:49.827565,03:16:49,9000.81,765069.12,3
2025-10-30T03:16:51.280973,03:16:51,9004.24,765360.02,3
2025-10-30T03:17:01.443316,03:17:01,9039.38,768347.48,3
2025-10-30T03:17:03.197197,03:17:03,9040.46,768439.29,3
2025-10-30T03:17:13.345369,03:17:13,9060.19,770115.75,3
2025-10-30T03:17:14.871347,03:17:14,9061.13,770196.02,3
2025-10-30T03:17:24.967175,03:17:24,9064.51,770483.46,3
2025-10-30T03:17:26.763990,03:17:26,9065.41,770560.07,3
2025-10-30T03:17:36.945993,03:17:36,9077.73,771606.74,3
2025-10-30T03:17:39.001392,03:17:39,9077.97,771627.48,3
2025-10-30T03:17:48.531416,03:17:48,9082.13,771980.92,3
2025-10-30T03:17:50.874920,03:17:50,9086.6,772360.88,3
2025-10-30T03:18:00.444879,03:18:00,9086.01,772311.22,3
2025-10-30T03:18:03.040533,03:18:03,9095.08,773081.8,3
2025-10-30T03:18:12.087433,03:18:12,9105.96,774007.02,3
2025-10-30T03:18:14.945538,03:18:14,9109.07,774270.84,3
2025-10-30T03:18:23.746389,03:18:23,9116.35,774889.96,3
2025-10-30T03:18:26.605630,03:18:26,9116.43,774896.76,3
2025-10-30T03:18:35.340776,03:18:35,9118.97,775112.86,3
2025-10-30T03:18:38.606555,03:18:38,9119.36,775145.33,3
2025-10-30T03:18:47.228214,03:18:47,9131.14,776146.63,3
2025-10-30T03:18:50.215756,03:18:50,9133.39,776338.34,3
2025-10-30T03:18:59.092442,03:18:59,9136.3,776585.26,3
2025-10-30T03:19:02.412835,03:19:02,9140.44,776937.1,3
2025-10-30T03:19:11.282238,03:19:11,9144.65,777295.67,3
2025-10-30T03:19:14.070000,03:19:14,9145.33,777353.45,3
2025-10-30T03:19:23.197492,03:19:23,9148.75,777643.33,3
2025-10-30T03:19:25.721063,03:19:25,9152.67,777977.23,3
2025-10-30T03:19:35.423653,03:19:35,9165.82,779095.02,3
2025-10-30T03:19:37.298225,03:19:37,9168.09,779287.61,3
2025-10-30T03:19:47.029436,03:19:47,9184.29,780664.47,3
2025-10-30T03:19:49.485540,03:19:49,9189.35,781094.86,3
2025-10-30T03:19:58.665730,03:19:58,9186.16,780823.55,3
2025-10-30T03:20:01.109181,03:20:01,9188.43,781016.2,3
2025-10-30T03:20:10.625181,03:20:10,9180.93,780379.15,3
2025-10-30T03:20:12.699945,03:20:12,9169.48,779405.79,3
2025-10-30T03:20:22.587096,03:20:22,9160.77,778665.42,3
2025-10-30T03:20:24.326908,03:20:24,9160.49,778641.66,3
2025-10-30T03:20:34.812247,03:20:34,9130.37,776081.7,3
2025-10-30T03:20:36.217939,03:20:36,9129.88,776039.75,3
2025-10-30T03:20:46.719234,03:20:46,9105.42,773960.73,3
2025-10-30T03:20:48.458314,03:20:48,9108.24,774200.63,3
2025-10-30T03:20:58.639287,03:20:58,9087.16,772408.62,3
2025-10-30T03:21:00.067019,03:21:00,9097.21,773263.02,3
2025-10-30T03:21:10.262753,03:21:10,9112.1,774528.1,3
2025-10-30T03:21:11.652626,03:21:11,9111.58,774484.2,3
2025-10-30T03:21:22.464444,03:21:22,9111.43,774471.73,3
2025-10-30T03:21:23.254817,03:21:23,9111.4,774469.21,3
2025-10-30T03:21:34.645753,03:21:34,9113.79,774672.38,3
2025-10-30T03:21:35.454860,03:21:35,9113.8,774672.76,3
2025-10-30T03:21:46.613942,03:21:46,9137.06,776650.4,3
2025-10-30T03:21:47.358341,03:21:47,9139.05,776819.62,3
2025-10-30T03:21:58.532213,03:21:58,9138.18,776745.14,3
2025-10-30T03:21:59.509857,03:21:59,9138.13,776741.47,3
2025-10-30T03:22:10.657597,03:22:10,9135.86,776548.14,3
2025-10-30T03:22:11.110858,03:22:11,9136.16,776573.76,3
2025-10-30T03:22:22.927237,03:22:22,9141.49,777026.95,3
2025-10-30T03:22:23.027328,03:22:23,9141.58,777033.88,3
2025-10-30T03:22:34.801709,03:22:34,9139.65,776870.19,3
2025-10-30T03:22:35.204237,03:22:35,9139.65,776870.19,3
2025-10-30T03:22:46.705697,03:22:46,9138.28,776753.91,3
2025-10-30T03:22:47.105834,03:22:47,9139.32,776841.9,3
2025-10-30T03:22:58.858031,03:22:58,9137.47,776685.11,3
2025-10-30T03:22:59.070217,03:22:59,9137.47,776685.26,3
2025-10-30T03:23:10.794825,03:23:10,9119.26,775137.02,3
2025-10-30T03:23:11.269370,03:23:11,9119.26,775137.41,3
2025-10-30T03:23:22.780052,03:23:22,9092.52,772864.17,3
2025-10-30T03:23:23.145200,03:23:23,9092.52,772864.17,3
2025-10-30T03:23:34.634480,03:23:34,9085.32,772251.9,3
2025-10-30T03:23:35.041796,03:23:35,9085.04,772228.8,3
2025-10-30T03:23:46.874122,03:23:46,9078.27,771653.37,3
2025-10-30T03:23:47.207262,03:23:47,9078.27,771653.37,3
2025-10-30T03:23:58.780909,03:23:58,9092.56,772867.6,3
2025-10-30T03:23:58.828379,03:23:58,9092.56,772867.6,3
2025-10-30T03:24:10.746423,03:24:10,9092.68,772878.08,3
2025-10-30T03:24:10.805220,03:24:10,9092.68,772878.08,3
2025-10-30T03:24:22.390099,03:24:22,9096.77,773225.14,3
2025-10-30T03:24:22.776531,03:24:22,9096.77,773225.14,3
2025-10-30T03:24:34.083172,03:24:34,9100.04,773503.11,3
2025-10-30T03:24:34.430015,03:24:34,9100.04,773503.5,3
2025-10-30T03:24:45.993617,03:24:45,9102.22,773688.69,3
2025-10-30T03:24:46.310693,03:24:46,9102.22,773688.69,3
2025-10-30T03:24:58.289543,03:24:58,9102.89,773745.65,3
2025-10-30T03:24:58.482714,03:24:58,9102.89,773746.04,3
2025-10-30T03:25:10.270439,03:25:10,9101.91,773662.38,3
2025-10-30T03:25:10.663926,03:25:10,9101.64,773639.54,3
2025-10-30T03:25:22.482587,03:25:22,9061.78,770251.67,3
2025-10-30T03:25:22.905425,03:25:22,9060.88,770174.43,3
2025-10-30T03:25:34.655752,03:25:34,9053.36,769535.48,3
2025-10-30T03:25:35.062653,03:25:35,9056.43,769796.66,3
2025-10-30T03:25:46.872080,03:25:46,9060.48,770140.73,3
2025-10-30T03:25:47.254798,03:25:47,9060.48,770140.73,3
2025-10-30T03:25:59.227668,03:25:59,9061.85,770257.5,3
2025-10-30T03:25:59.316771,03:25:59,9061.85,770257.26,3
2025-10-30T03:26:10.880317,03:26:10,9062.57,770318.83,3
2025-10-30T03:26:11.225698,03:26:11,9062.58,770319.21,3
2025-10-30T03:26:22.773283,03:26:22,9065.01,770525.95,3
2025-10-30T03:26:23.472309,03:26:23,9065.02,770526.34,3
2025-10-30T03:26:34.682607,03:26:34,9028.45,767418.4,3
2025-10-30T03:26:35.362477,03:26:35,9027.72,767356.32,3
2025-10-30T03:26:46.612789,03:26:46,9023.25,766975.96,3
2025-10-30T03:26:47.240795,03:26:47,9023.25,766976.35,3
2025-10-30T03:26:58.817900,03:26:58,9021.62,766837.9,3
2025-10-30T03:26:59.397243,03:26:59,9020.47,766739.53,3
2025-10-30T03:27:10.720258,03:27:10,9029.76,767529.86,3
2025-10-30T03:27:10.980256,03:27:10,9034.5,767932.4,3
2025-10-30T03:27:22.640320,03:27:22,9038.3,768255.52,3
2025-10-30T03:27:22.866131,03:27:22,9038.26,768251.96,3
2025-10-30T03:27:34.365668,03:27:34,9039.86,768388.02,3
2025-10-30T03:27:34.780420,03:27:34,9039.82,768384.57,3
2025-10-30T03:27:46.295802,03:27:46,9044.1,768748.09,3
2025-10-30T03:27:47.011955,03:27:47,9044.57,768788.76,3
2025-10-30T03:27:58.523334,03:27:58,9053.6,769555.62,3
2025-10-30T03:27:58.935425,03:27:58,9054.07,769595.84,3
2025-10-30T03:28:10.708441,03:28:10,9060.57,770148.26,3
2025-10-30T03:28:10.924163,03:28:10,9060.33,770127.75,3
2025-10-30T03:28:22.965184,03:28:22,9063.75,770419.08,3
2025-10-30T03:28:23.048936,03:28:23,9063.75,770419.08,3
2025-10-30T03:28:34.990574,03:28:34,9096.21,773177.66,3
2025-10-30T03:28:35.202255,03:28:35,9096.21,773177.66,3
2025-10-30T03:28:46.651746,03:28:46,9159.18,778529.88,3
2025-10-30T03:28:47.394250,03:28:47,9162.51,778813.76,3
2025-10-30T03:28:58.530924,03:28:58,9081.33,771913.11,3
2025-10-30T03:28:58.980003,03:28:58,9081.33,771913.26,3
2025-10-30T03:29:10.707327,03:29:10,9117.84,775016.8,3
2025-10-30T03:29:11.130183,03:29:11,9117.92,775023.3,3
2025-10-30T03:29:22.297693,03:29:22,9116.07,774865.66,3
2025-10-30T03:29:23.095970,03:29:23,9115.97,774857.35,3
2025-10-30T03:29:34.243578,03:29:34,9090.45,772688.23,3
2025-10-30T03:29:35.106710,03:29:35,9088.82,772549.68,3
2025-10-30T03:29:45.876471,03:29:45,9111.52,774479.39,3
2025-10-30T03:29:47.357303,03:29:47,9112.93,774599.42,3
2025-10-30T03:29:57.829888,03:29:57,9121.63,775338.61,3
2025-10-30T03:29:59.568618,03:29:59,9123.33,775483.12,3
2025-10-30T03:30:09.721811,03:30:09,9111.53,774479.65,3
2025-10-30T03:30:11.441922,03:30:11,9113.92,774683.2,3
2025-10-30T03:30:21.624406,03:30:21,9125.21,775643.16,3
2025-10-30T03:30:23.339201,03:30:23,9117.42,774980.74,3
2025-10-30T03:30:33.518573,03:30:33,9101.65,773640.6,3
2025-10-30T03:30:35.290100,03:30:35,9101.43,773621.72,3
2025-10-30T03:30:45.112749,03:30:45,9100.76,773565.02,3
2025-10-30T03:30:47.514357,03:30:47,9093.86,772977.84,3
2025-10-30T03:30:56.685597,03:30:56,9094.12,773000.01,3
2025-10-30T03:30:59.443209,03:30:59,9086.42,772345.35,3
2025-10-30T03:31:08.874564,03:31:08,9083.9,772131.16,3
2025-10-30T03:31:11.693596,03:31:11,9067.75,770758.82,3
2025-10-30T03:31:20.748626,03:31:20,9072.2,771137.3,3
2025-10-30T03:31:23.821885,03:31:23,9071.56,771082.34,3
2025-10-30T03:31:32.331377,03:31:32,9071.15,771047.53,3
2025-10-30T03:31:36.036033,03:31:36,9070.69,771008.39,3
2025-10-30T03:31:43.939050,03:31:43,9068.04,770783.27,3
2025-10-30T03:31:47.951621,03:31:47,9067.16,770708.96,3
2025-10-30T03:31:55.802543,03:31:55,9065.33,770552.9,3
2025-10-30T03:31:59.883423,03:31:59,9065.31,770551.05,3
2025-10-30T03:32:07.693502,03:32:07,9055.16,769688.75,3
2025-10-30T03:32:11.499612,03:32:11,9048.34,769109.2,3
2025-10-30T03:32:19.295139,03:32:19,9054.21,769607.57,3
2025-10-30T03:32:23.116974,03:32:23,9053.18,769520.02,3
2025-10-30T03:32:30.930608,03:32:30,9048.95,769161.02,3
2025-10-30T03:32:34.678722,03:32:34,9035.53,768020.13,3
2025-10-30T03:32:43.053967,03:32:43,9049.29,769189.94,3
2025-10-30T03:32:46.580485,03:32:46,9051.32,769362.62,3
2025-10-30T03:32:54.940642,03:32:54,9054.95,769671.14,3
2025-10-30T03:32:58.204030,03:32:58,9053.82,769574.86,3
2025-10-30T03:33:06.584034,03:33:06,9049.93,769243.66,3
2025-10-30T03:33:09.854845,03:33:09,9061.18,770200.63,3
2025-10-30T03:33:18.453939,03:33:18,9060.33,770127.94,3
2025-10-30T03:33:21.509056,03:33:21,9064.36,770470.48,3
2025-10-30T03:33:30.424594,03:33:30,9061.63,770238.59,3
2025-10-30T03:33:33.432712,03:33:33,9060.56,770147.24,3
2025-10-30T03:33:42.368010,03:33:42,9053.04,769508.8,3
2025-10-30T03:33:45.401567,03:33:45,9055.25,769696.0,3
2025-10-30T03:33:53.963799,03:33:53,9050.81,769319.09,3
2025-10-30T03:33:57.307316,03:33:57,9050.6,769300.67,3
2025-10-30T03:34:05.948038,03:34:05,9057.52,769888.84,3
2025-10-30T03:34:09.199535,03:34:09,9063.85,770427.47,3
2025-10-30T03:34:18.130513,03:34:18,9079.72,771776.38,3
2025-10-30T03:34:20.866960,03:34:20,9081.7,771944.34,3
2025-10-30T03:34:30.304805,03:34:30,9082.69,772028.92,3
2025-10-30T03:34:32.709523,03:34:32,9083.03,772057.78,3
2025-10-30T03:34:42.182086,03:34:42,9099.18,773429.92,3
2025-10-30T03:34:44.897561,03:34:44,9100.53,773545.28,3
2025-10-30T03:34:54.112486,03:34:54,9107.02,774096.93,3
2025-10-30T03:34:56.508004,03:34:56,9083.46,772093.78,3
2025-10-30T03:35:05.966707,03:35:05,9084.22,772158.43,3
2025-10-30T03:35:08.172059,03:35:08,9077.97,771627.67,3
2025-10-30T03:35:17.881015,03:35:17,9052.31,769446.2,3
2025-10-30T03:35:19.873674,03:35:19,9053.04,769508.07,3
2025-10-30T03:35:29.817405,03:35:29,9051.53,769380.44,3
2025-10-30T03:35:31.833109,03:35:31,9051.13,769346.32,3
2025-10-30T03:35:41.474667,03:35:41,9045.01,768826.27,3
2025-10-30T03:35:43.517862,03:35:43,9042.58,768619.56,3
2025-10-30T03:35:53.362958,03:35:53,9034.52,767934.43,3
2025-10-30T03:35:55.139398,03:35:55,9031.74,767697.64,3
2025-10-30T03:36:05.277164,03:36:05,8980.24,763320.36,3
2025-10-30T03:36:06.774717,03:36:06,8979.91,763292.63,3
2025-10-30T03:36:17.182216,03:36:17,8931.73,759197.14,3
2025-10-30T03:36:18.408399,03:36:18,8924.79,758606.88,3
2025-10-30T03:36:28.852630,03:36:28,8859.63,753068.41,3
2025-10-30T03:36:30.628250,03:36:30,8859.06,753020.11,3
2025-10-30T03:36:40.433796,03:36:40,8818.68,749587.51,3
2025-10-30T03:36:42.582132,03:36:42,8818.69,749588.28,3
2025-10-30T03:36:52.310579,03:36:52,8795.37,747606.37,3
2025-10-30T03:36:54.171840,03:36:54,8795.95,747655.37,3
2025-10-30T03:37:03.906456,03:37:03,8799.99,747999.08,3
2025-10-30T03:37:06.523826,03:37:06,8827.31,750320.97,3
2025-10-30T03:37:15.560957,03:37:15,8841.32,751512.54,3
2025-10-30T03:37:18.183957,03:37:18,8836.29,751084.42,3
2025-10-30T03:37:27.192080,03:37:27,8902.29,756694.86,3
2025-10-30T03:37:29.833648,03:37:29,8916.71,757920.65,3
2025-10-30T03:37:39.384536,03:37:39,8968.89,762355.29,3
2025-10-30T03:37:41.726164,03:37:41,8971.85,762606.91,3
2025-10-30T03:37:50.998806,03:37:50,9022.08,766876.77,3
2025-10-30T03:37:53.347487,03:37:53,9020.29,766724.66,3
2025-10-30T03:38:03.404058,03:38:03,9081.26,771906.72,3
2025-10-30T03:38:04.981423,03:38:04,9082.47,772010.18,3
2025-10-30T03:38:15.632222,03:38:15,9057.63,769898.39,3
2025-10-30T03:38:16.582706,03:38:16,9059.9,770091.58,3
2025-10-30T03:38:27.247753,03:38:27,9085.46,772264.47,3
2025-10-30T03:38:28.257444,03:38:28,9086.48,772350.61,3
2025-10-30T03:38:39.206246,03:38:39,9100.07,773506.31,3
2025-10-30T03:38:40.521352,03:38:40,9100.14,773511.49,3
2025-10-30T03:38:51.446638,03:38:51,9096.35,773190.06,3
2025-10-30T03:38:52.422748,03:38:52,9083.93,772134.17,3
2025-10-30T03:39:03.475771,03:39:03,9069.44,770902.66,3
2025-10-30T03:39:04.657386,03:39:04,9070.76,771014.74,3
2025-10-30T03:39:15.660388,03:39:15,9064.37,770471.13,3
2025-10-30T03:39:16.567515,03:39:16,9088.43,772516.53,3
2025-10-30T03:39:27.811450,03:39:27,9123.07,775460.62,3
2025-10-30T03:39:28.456189,03:39:28,9122.67,775427.16,3
2025-10-30T03:39:39.700088,03:39:39,9120.52,775244.58,3
2025-10-30T03:39:40.343556,03:39:40,9118.76,775094.37,3
2025-10-30T03:39:51.577767,03:39:51,9131.09,776142.92,3
2025-10-30T03:39:52.254731,03:39:52,9131.09,776142.92,3
2025-10-30T03:40:03.476138,03:40:03,9143.13,777166.32,3
2025-10-30T03:40:04.151160,03:40:04,9144.03,777242.5,3
2025-10-30T03:40:15.670506,03:40:15,9152.98,778003.24,3
2025-10-30T03:40:16.204722,03:40:16,9152.0,777919.9,3
2025-10-30T03:40:27.634769,03:40:27,9153.95,778085.61,3
2025-10-30T03:40:28.409898,03:40:28,9154.11,778099.48,3
2025-10-30T03:40:39.610970,03:40:39,9158.01,778430.91,3
2025-10-30T03:40:40.313176,03:40:40,9158.01,778431.06,3
2025-10-30T03:40:51.461911,03:40:51,9127.19,775811.41,3
2025-10-30T03:40:52.535728,03:40:52,9127.43,775831.15,3
2025-10-30T03:41:03.643185,03:41:03,9127.28,775818.77,3
2025-10-30T03:41:04.497410,03:41:04,9127.55,775842.0,3
2025-10-30T03:41:15.287357,03:41:15,9109.2,774282.26,3
2025-10-30T03:41:16.673582,03:41:16,9096.31,773186.37,3
2025-10-30T03:41:27.463495,03:41:27,9080.63,771853.78,3
2025-10-30T03:41:28.579275,03:41:28,9080.5,771842.33,3
2025-10-30T03:41:39.647972,03:41:39,9079.07,771720.89,3
2025-10-30T03:41:40.472472,03:41:40,9079.07,771721.28,3
2025-10-30T03:41:51.563244,03:41:51,9098.75,773393.42,3
2025-10-30T03:41:52.361189,03:41:52,9096.53,773204.88,3
2025-10-30T03:42:03.790458,03:42:03,9082.58,772019.39,3
2025-10-30T03:42:04.647444,03:42:04,9082.59,772019.91,3
2025-10-30T03:42:16.280725,03:42:16,9054.75,769653.79,3
2025-10-30T03:42:16.549465,03:42:16,9054.88,769665.14,3
2025-10-30T03:42:28.447724,03:42:28,9045.57,768873.05,3
2025-10-30T03:42:28.488153,03:42:28,9045.57,768873.05,3
2025-10-30T03:42:40.620526,03:42:40,9012.97,766102.61,3
2025-10-30T03:42:40.711221,03:42:40,9012.42,766055.62,3
2025-10-30T03:42:52.221341,03:42:52,8998.63,764883.59,3
2025-10-30T03:42:52.632873,03:42:52,8998.68,764887.7,3
2025-10-30T03:43:04.419257,03:43:04,8965.21,762042.48,3
2025-10-30T03:43:04.821976,03:43:04,8946.48,760450.95,3
2025-10-30T03:43:16.462752,03:43:16,8980.83,763370.75,3
2025-10-30T03:43:16.588571,03:43:16,8980.83,763370.75,3
2025-10-30T03:43:28.358206,03:43:28,8971.58,762584.61,3
2025-10-30T03:43:29.073803,03:43:29,8971.58,762584.61,3
2025-10-30T03:43:40.289260,03:43:40,8988.7,764039.35,3
2025-10-30T03:43:41.273109,03:43:41,8985.28,763748.42,3
2025-10-30T03:43:52.462770,03:43:52,8991.15,764248.15,3
2025-10-30T03:43:53.462442,03:43:53,9006.01,765510.92,3
2025-10-30T03:44:05.207682,03:44:05,9025.29,767149.51,3
2025-10-30T03:44:05.400807,03:44:05,9025.29,767149.9,3
2025-10-30T03:44:17.163809,03:44:17,9025.06,767130.29,3
2025-10-30T03:44:17.381105,03:44:17,9025.06,767130.29,3
2025-10-30T03:44:28.994435,03:44:28,9016.34,766389.01,3
2025-10-30T03:44:29.346144,03:44:29,9016.34,766389.01,3
2025-10-30T03:44:41.163911,03:44:41,9036.99,768144.53,3
2025-10-30T03:44:41.542826,03:44:41,9039.3,768340.76,3
2025-10-30T03:44:53.046992,03:44:53,9042.81,768639.2,3
2025-10-30T03:44:53.426602,03:44:53,9042.99,768654.48,3
2025-10-30T03:45:04.947321,03:45:04,9042.33,768598.01,3
2025-10-30T03:45:05.607572,03:45:05,9042.33,768598.25,3
2025-10-30T03:45:16.830007,03:45:16,9100.8,773567.98,3
2025-10-30T03:45:17.895336,03:45:17,9100.8,773568.36,3
2025-10-30T03:45:28.451422,03:45:28,9071.09,771042.34,3
2025-10-30T03:45:29.511248,03:45:29,9070.42,770985.42,3
2025-10-30T03:45:40.438154,03:45:40,9052.29,769444.32,3
2025-10-30T03:45:41.229472,03:45:41,9051.75,769398.81,3
2025-10-30T03:45:52.635060,03:45:52,9003.19,765270.88,3
2025-10-30T03:45:52.848201,03:45:52,9003.2,765271.74,3
2025-10-30T03:46:04.228060,03:46:04,8997.17,764759.08,3
2025-10-30T03:46:04.723531,03:46:04,8997.08,764751.94,3
2025-10-30T03:46:16.099390,03:46:16,8985.35,763755.17,3
2025-10-30T03:46:16.604268,03:46:16,8978.41,763165.23,3
2025-10-30T03:46:28.008291,03:46:28,8974.93,762869.42,3
2025-10-30T03:46:28.863941,03:46:28,8975.36,762905.57,3
2025-10-30T03:46:39.589550,03:46:39,8973.15,762717.49,3
2025-10-30T03:46:40.782797,03:46:40,8973.95,762786.03,3
2025-10-30T03:46:51.191586,03:46:51,8970.88,762525.13,3
2025-10-30T03:46:52.648264,03:46:52,8953.93,761083.97,3
2025-10-30T03:47:03.081940,03:47:03,8975.11,762884.51,3
2025-10-30T03:47:04.520312,03:47:04,8968.09,762287.48,3
2025-10-30T03:47:15.257100,03:47:15,8989.27,764088.0,3
2025-10-30T03:47:16.392867,03:47:16,8990.93,764228.93,3
2025-10-30T03:47:27.153971,03:47:27,8992.03,764322.97,3
2025-10-30T03:47:28.277305,03:47:28,8992.04,764323.35,3
2025-10-30T03:47:39.154470,03:47:39,8994.7,764549.11,3
2025-10-30T03:47:40.198496,03:47:40,8994.7,764549.49,3
2025-10-30T03:47:51.081471,03:47:51,9028.32,767407.01,3
2025-10-30T03:47:52.100198,03:47:52,9019.64,766669.17,3
2025-10-30T03:48:03.278293,03:48:03,9022.46,766909.4,3
2025-10-30T03:48:04.251870,03:48:04,9023.02,766956.49,3
2025-10-30T03:48:15.777410,03:48:15,9023.17,766969.17,3
2025-10-30T03:48:16.141895,03:48:16,9022.63,766923.93,3
2025-10-30T03:48:28.033989,03:48:28,9038.95,768310.93,3
2025-10-30T03:48:28.050647,03:48:28,9038.95,768310.93,3
2025-10-30T03:48:40.208891,03:48:40,9049.07,769170.83,3
2025-10-30T03:48:40.285068,03:48:40,9049.07,769171.07,3
2025-10-30T03:48:52.415483,03:48:52,9065.74,770587.69,3
2025-10-30T03:48:52.514852,03:48:52,9067.46,770733.68,3
2025-10-30T03:49:04.575547,03:49:04,9082.42,772005.55,3
2025-10-30T03:49:04.818198,03:49:04,9083.44,772092.3,3
2025-10-30T03:49:16.191261,03:49:16,9090.14,772662.16,3
2025-10-30T03:49:16.704457,03:49:16,9090.38,772682.46,3
2025-10-30T03:49:27.800326,03:49:27,9093.49,772946.46,3
2025-10-30T03:49:29.148979,03:49:29,9076.83,771530.85,3
2025-10-30T03:49:39.983477,03:49:39,9083.93,772134.13,3
2025-10-30T03:49:41.040610,03:49:41,9084.97,772222.76,3
2025-10-30T03:49:52.189454,03:49:52,9083.47,772095.23,3
2025-10-30T03:49:52.915092,03:49:52,9083.03,772057.7,3
2025-10-30T03:50:04.026586,03:50:04,9088.1,772488.76,3
2025-10-30T03:50:05.144388,03:50:05,9089.2,772581.89,3
2025-10-30T03:50:15.593084,03:50:15,9095.99,773158.98,3
2025-10-30T03:50:16.783812,03:50:16,9098.18,773345.07,3
2025-10-30T03:50:27.503517,03:50:27,9107.67,774152.33,3
2025-10-30T03:50:28.759071,03:50:28,9107.68,774152.7,3
2025-10-30T03:50:39.402657,03:50:39,9092.25,772841.52,3
2025-10-30T03:50:40.693625,03:50:40,9093.44,772942.17,3
2025-10-30T03:50:51.584630,03:50:51,9111.22,774453.51,3
2025-10-30T03:50:52.635032,03:50:52,9111.22,774454.12,3
2025-10-30T03:51:03.470301,03:51:03,9107.0,774095.01,3
2025-10-30T03:51:04.515624,03:51:04,9106.92,774088.24,3
2025-10-30T03:51:15.326825,03:51:15,9113.88,774679.58,3
2025-10-30T03:51:16.742239,03:51:16,9113.25,774626.23,3
2025-10-30T03:51:27.554321,03:51:27,9110.54,774395.5,3
2025-10-30T03:51:28.995876,03:51:28,9109.87,774339.15,3
2025-10-30T03:51:39.142155,03:51:39,9100.65,773555.66,3
2025-10-30T03:51:40.616825,03:51:40,9095.54,773120.77,3
2025-10-30T03:51:51.030665,03:51:51,9073.47,771245.17,3
2025-10-30T03:51:52.513919,03:51:52,9072.25,771141.66,3
2025-10-30T03:52:02.754423,03:52:02,9066.4,770643.64,3
2025-10-30T03:52:04.416180,03:52:04,9063.61,770407.15,3
2025-10-30T03:52:14.745468,03:52:14,9055.74,769737.71,3
2025-10-30T03:52:16.359861,03:52:16,9063.67,770411.7,3
2025-10-30T03:52:26.363815,03:52:26,9073.67,771262.25,3
2025-10-30T03:52:28.254022,03:52:28,9074.14,771301.71,3
2025-10-30T03:52:37.994535,03:52:37,9086.05,772313.98,3
2025-10-30T03:52:40.263221,03:52:40,9086.17,772324.22,3
2025-10-30T03:52:50.232666,03:52:50,9066.52,770653.91,3
2025-10-30T03:52:51.902573,03:52:51,9077.39,771578.0,3
2025-10-30T03:53:02.392109,03:53:02,9061.17,770199.04,3
2025-10-30T03:53:03.526659,03:53:03,9062.53,770314.93,3
2025-10-30T03:53:14.367209,03:53:14,9063.61,770406.77,3
2025-10-30T03:53:15.715068,03:53:15,9063.62,770407.39,3
2025-10-30T03:53:26.578474,03:53:26,9065.72,770586.07,3
2025-10-30T03:53:27.317184,03:53:27,9065.94,770604.95,3
2025-10-30T03:53:38.789818,03:53:38,9068.63,770833.71,3
2025-10-30T03:53:39.219775,03:53:39,9067.79,770762.26,3
2025-10-30T03:53:51.025736,03:53:51,9068.14,770791.78,3
2025-10-30T03:53:51.233214,03:53:51,9068.14,770791.92,3
2025-10-30T03:54:02.898167,03:54:02,9064.92,770517.93,3
2025-10-30T03:54:03.446238,03:54:03,9064.84,770511.34,3
2025-10-30T03:54:15.092028,03:54:15,9065.09,770533.06,3
2025-10-30T03:54:15.459745,03:54:15,9065.1,770533.44,3
2025-10-30T03:54:26.973101,03:54:26,9083.45,772093.43,3
2025-10-30T03:54:27.425177,03:54:27,9083.42,772090.73,3
2025-10-30T03:54:38.551416,03:54:38,9092.96,772901.43,3
2025-10-30T03:54:39.300705,03:54:39,9092.96,772901.81,3
2025-10-30T03:54:50.441324,03:54:50,9096.02,773161.31,3
2025-10-30T03:54:50.918911,03:54:50,9096.02,773161.95,3
2025-10-30T03:55:02.546371,03:55:02,9100.85,773572.6,3
2025-10-30T03:55:02.786919,03:55:02,9102.52,773714.26,3
2025-10-30T03:55:14.469496,03:55:14,9104.27,773862.85,3
2025-10-30T03:55:15.004312,03:55:15,9096.42,773195.3,3
2025-10-30T03:55:26.361700,03:55:26,9084.38,772172.31,3
2025-10-30T03:55:26.695357,03:55:26,9084.71,772200.31,3
2025-10-30T03:55:38.276511,03:55:38,9072.32,771147.16,3
2025-10-30T03:55:38.654025,03:55:38,9072.32,771147.16,3
2025-10-30T03:55:50.237552,03:55:50,9071.43,771071.23,3
2025-10-30T03:55:50.534232,03:55:50,9071.43,771071.23,3
2025-10-30T03:56:02.690490,03:56:02,9068.98,770863.25,3
2025-10-30T03:56:02.788632,03:56:02,9068.94,770859.67,3
2025-10-30T03:56:14.879922,03:56:14,9064.1,770448.1,3
2025-10-30T03:56:15.311641,03:56:15,9064.1,770448.34,3
2025-10-30T03:56:27.076151,03:56:27,9065.52,770569.04,3
2025-10-30T03:56:27.805515,03:56:27,9065.43,770561.17,3
2025-10-30T03:56:39.805578,03:56:39,9060.1,770108.52,3
2025-10-30T03:56:40.014060,03:56:40,9062.07,770275.59,3
2025-10-30T03:56:51.930878,03:56:51,9063.33,770382.73,3
2025-10-30T03:56:52.168215,03:56:52,9064.06,770445.36,3
2025-10-30T03:57:03.609598,03:57:03,9064.75,770504.11,3
2025-10-30T03:57:04.648212,03:57:04,9062.31,770296.01,3
2025-10-30T03:57:15.524892,03:57:15,9057.59,769894.74,3
2025-10-30T03:57:16.250794,03:57:16,9057.0,769844.83,3
2025-10-30T03:57:27.508762,03:57:27,9015.77,766340.58,3
2025-10-30T03:57:28.429609,03:57:28,9015.89,766350.7,3
2025-10-30T03:57:39.474173,03:57:39,9008.86,765753.09,3
2025-10-30T03:57:40.439549,03:57:40,9008.86,765753.47,3
2025-10-30T03:57:51.413459,03:57:51,8976.54,763006.2,3
2025-10-30T03:57:52.365102,03:57:52,8977.01,763045.78,3
2025-10-30T03:58:03.586274,03:58:03,8963.64,761909.24,3
2025-10-30T03:58:03.981715,03:58:03,8964.6,761991.42,3
2025-10-30T03:58:15.783438,03:58:15,8948.4,760613.72,3
2025-10-30T03:58:16.539064,03:58:16,8948.4,760614.1,3
2025-10-30T03:58:27.682619,03:58:27,8951.54,760881.2,3
2025-10-30T03:58:28.738655,03:58:28,8951.55,760881.58,3
2025-10-30T03:58:39.590487,03:58:39,8957.3,761370.79,3
2025-10-30T03:58:40.616529,03:58:40,8958.13,761440.84,3
2025-10-30T03:58:51.182728,03:58:51,8959.98,761598.02,3
2025-10-30T03:58:52.573291,03:58:52,8959.98,761598.4,3
2025-10-30T03:59:03.075019,03:59:03,8960.73,761662.0,3
2025-10-30T03:59:04.472339,03:59:04,8961.29,761709.72,3
2025-10-30T03:59:14.982362,03:59:14,8961.85,761757.39,3
2025-10-30T03:59:16.323475,03:59:16,8961.52,761728.91,3
2025-10-30T03:59:26.850611,03:59:26,8936.59,759610.03,3
2025-10-30T03:59:28.459668,03:59:28,8933.22,759323.79,3
2025-10-30T03:59:39.066761,03:59:39,8923.11,758464.23,3
2025-10-30T03:59:40.067484,03:59:40,8923.43,758491.14,3
2025-10-30T03:59:50.663380,03:59:50,8928.15,758892.89,3
2025-10-30T03:59:51.667507,03:59:51,8928.74,758943.12,3
2025-10-30T04:00:02.598970,04:00:02,8929.66,759021.13,3
2025-10-30T04:00:03.271398,04:00:03,8926.3,758735.32,3
2025-10-30T04:00:15.102034,04:00:15,8924.55,758587.14,3
2025-10-30T04:00:15.469588,04:00:15,8921.97,758367.7,3
2025-10-30T04:00:26.970825,04:00:26,8920.11,758209.14,3
2025-10-30T04:00:27.352719,04:00:27,8919.98,758198.21,3
2025-10-30T04:00:38.913685,04:00:38,8904.9,756916.08,3
2025-10-30T04:00:39.034633,04:00:39,8904.9,756916.08,3
2025-10-30T04:00:50.814385,04:00:50,8904.55,756887.08,3
2025-10-30T04:00:51.008912,04:00:51,8904.55,756887.08,3
2025-10-30T04:01:02.968589,04:01:02,8900.56,756547.85,3
2025-10-30T04:01:03.067958,04:01:03,8900.0,756500.16,3
2025-10-30T04:01:14.559514,04:01:14,8910.62,757402.64,3
2025-10-30T04:01:15.216584,04:01:15,8913.67,757661.6,3
2025-10-30T04:01:27.030273,04:01:27,8884.04,755143.12,3
2025-10-30T04:01:27.088964,04:01:27,8883.95,755136.01,3
2025-10-30T04:01:39.267763,04:01:39,8890.09,755657.79,3
2025-10-30T04:01:39.315090,04:01:39,8890.09,755657.93,3
2025-10-30T04:01:51.166188,04:01:51,8876.99,754544.28,3
2025-10-30T04:01:51.229555,04:01:51,8876.94,754540.09,3
2025-10-30T04:02:03.079167,04:02:03,8878.33,754658.08,3
2025-10-30T04:02:03.124884,04:02:03,8878.33,754658.08,3
2025-10-30T04:02:14.702965,04:02:14,8919.98,758198.39,3
2025-10-30T04:02:14.787609,04:02:14,8919.98,758198.39,3
2025-10-30T04:02:26.301624,04:02:26,8903.16,756768.31,3
2025-10-30T04:02:26.386646,04:02:26,8903.16,756768.31,3
2025-10-30T04:02:38.202457,04:02:38,8919.33,758143.43,3
2025-10-30T04:02:38.544536,04:02:38,8918.82,758099.74,3
2025-10-30T04:02:50.454159,04:02:50,8918.41,758064.7,3
2025-10-30T04:02:50.799351,04:02:50,8918.16,758043.52,3
2025-10-30T04:03:02.721300,04:03:02,8917.18,757960.68,3
2025-10-30T04:03:02.722300,04:03:02,8916.89,757935.7,3
2025-10-30T04:03:14.612803,04:03:14,8896.22,756178.42,3
2025-10-30T04:03:15.196732,04:03:15,8894.42,756025.7,3
2025-10-30T04:03:26.801923,04:03:26,8893.84,755976.36,3
2025-10-30T04:03:27.115520,04:03:27,8893.84,755976.6,3
2025-10-30T04:03:38.749390,04:03:38,8892.2,755836.62,3
2025-10-30T04:03:39.274327,04:03:39,8891.28,755759.08,3
2025-10-30T04:03:50.996393,04:03:50,8888.42,755515.86,3
2025-10-30T04:03:51.510866,04:03:51,8888.43,755516.24,3
2025-10-30T04:04:03.128392,04:04:03,8878.03,754632.43,3
2025-10-30T04:04:03.460887,04:04:03,8885.89,755300.7,3
2025-10-30T04:04:15.354722,04:04:15,8879.1,754723.16,3
2025-10-30T04:04:15.801712,04:04:15,8879.1,754723.16,3
2025-10-30T04:04:27.845610,04:04:27,8876.51,754503.23,3
2025-10-30T04:04:27.981408,04:04:27,8876.51,754503.23,3
2025-10-30T04:04:39.969393,04:04:39,8861.37,753216.32,3
2025-10-30T04:04:40.245968,04:04:40,8861.06,753190.32,3
2025-10-30T04:04:52.181273,04:04:52,8873.36,754235.94,3
2025-10-30T04:04:52.196545,04:04:52,8875.93,754453.87,3
2025-10-30T04:05:04.367046,04:05:04,8847.84,752066.06,3
2025-10-30T04:05:04.378691,04:05:04,8847.84,752066.06,3
2025-10-30T04:05:16.299449,04:05:16,8849.48,752205.45,3
2025-10-30T04:05:16.327425,04:05:16,8849.56,752212.42,3
2025-10-30T04:05:27.915074,04:05:27,8820.84,749771.44,3
2025-10-30T04:05:28.514830,04:05:28,8820.84,749771.82,3
2025-10-30T04:05:39.876990,04:05:39,8836.31,751085.99,3
2025-10-30T04:05:40.713980,04:05:40,8838.93,751308.66,3
2025-10-30T04:05:51.484964,04:05:51,8831.45,750673.09,3
2025-10-30T04:05:52.395372,04:05:52,8831.46,750674.33,3
2025-10-30T04:06:03.366705,04:06:03,8853.25,752526.15,3
2025-10-30T04:06:04.333228,04:06:04,8851.85,752407.58,3
2025-10-30T04:06:15.310337,04:06:15,8852.97,752502.18,3
2025-10-30T04:06:16.221504,04:06:16,8852.59,752469.96,3
2025-10-30T04:06:26.933206,04:06:26,8859.26,753037.13,3
2025-10-30T04:06:27.871534,04:06:27,8859.02,753016.38,3
2025-10-30T04:06:39.137530,04:06:39,8861.46,753224.11,3
2025-10-30T04:06:39.814135,04:06:39,8861.4,753219.28,3
2025-10-30T04:06:51.348853,04:06:51,8856.29,752784.86,3
2025-10-30T04:06:51.714575,04:06:51,8856.38,752792.42,3
2025-10-30T04:07:03.244075,04:07:03,8857.64,752899.33,3
2025-10-30T04:07:03.629542,04:07:03,8857.64,752899.33,3
2025-10-30T04:07:15.193225,04:07:15,8854.25,752611.18,3
2025-10-30T04:07:16.182144,04:07:16,8855.51,752718.65,3
2025-10-30T04:07:27.132061,04:07:27,8848.02,752081.84,3
2025-10-30T04:07:27.802247,04:07:27,8847.94,752074.89,3
2025-10-30T04:07:39.303622,04:07:39,8848.52,752124.25,3
2025-10-30T04:07:39.767573,04:07:39,8849.45,752202.86,3
2025-10-30T04:07:51.519071,04:07:51,8851.43,752371.68,3
2025-10-30T04:07:51.697154,04:07:51,8851.43,752371.68,3
2025-10-30T04:08:03.152434,04:08:03,8846.77,751975.27,3
2025-10-30T04:08:03.903632,04:08:03,8845.99,751909.41,3
2025-10-30T04:08:15.369392,04:08:15,8843.67,751711.76,3
2025-10-30T04:08:16.109366,04:08:16,8842.79,751637.25,3
2025-10-30T04:08:27.182714,04:08:27,8820.19,749715.98,3
2025-10-30T04:08:28.304897,04:08:28,8820.28,749724.08,3
2025-10-30T04:08:38.837792,04:08:38,8820.45,749737.96,3
2025-10-30T04:08:40.540494,04:08:40,8821.02,749786.61,3
2025-10-30T04:08:50.457516,04:08:50,8818.93,749609.3,3
2025-10-30T04:08:52.161323,04:08:52,8818.12,749540.01,3
2025-10-30T04:09:02.083482,04:09:02,8817.61,749496.9,3
2025-10-30T04:09:04.468889,04:09:04,8818.71,749590.34,3
2025-10-30T04:09:13.774752,04:09:13,8819.37,749646.67,3
2025-10-30T04:09:16.439838,04:09:16,8819.94,749694.72,3
2025-10-30T04:09:25.396938,04:09:25,8822.22,749889.03,3
2025-10-30T04:09:28.179845,04:09:28,8828.31,750406.09,3
2025-10-30T04:09:37.111269,04:09:37,8833.26,750826.83,3
2025-10-30T04:09:40.160658,04:09:40,8832.69,750778.63,3
2025-10-30T04:09:49.429868,04:09:49,8835.23,750994.63,3
2025-10-30T04:09:52.063378,04:09:52,8849.42,752200.88,3
2025-10-30T04:10:01.344710,04:10:01,8857.98,752928.72,3
2025-10-30T04:10:03.973491,04:10:03,8846.07,751916.08,3
2025-10-30T04:10:12.993652,04:10:12,8879.55,754761.98,3
2025-10-30T04:10:15.601279,04:10:15,8887.26,755416.7,3
2025-10-30T04:10:25.441254,04:10:25,8929.34,758994.02,3
2025-10-30T04:10:27.500036,04:10:27,8914.02,757691.61,3
2025-10-30T04:10:37.334936,04:10:37,8917.17,757959.25,3
2025-10-30T04:10:39.420860,04:10:39,8919.07,758120.58,3
2025-10-30T04:10:49.531990,04:10:49,8922.09,758377.64,3
2025-10-30T04:10:51.342942,04:10:51,8923.57,758503.83,3
2025-10-30T04:11:01.489139,04:11:01,8936.87,759633.79,3
2025-10-30T04:11:03.015313,04:11:03,8932.37,759251.78,3
2025-10-30T04:11:13.928512,04:11:13,8925.82,758694.64,3
2025-10-30T04:11:14.639436,04:11:14,8925.75,758688.74,3
2025-10-30T04:11:25.825555,04:11:25,8927.65,758850.21,3
2025-10-30T04:11:26.887013,04:11:26,8927.08,758801.76,3
2025-10-30T04:11:37.725011,04:11:37,8929.53,759010.46,3
2025-10-30T04:11:38.833729,04:11:38,8940.13,759911.06,3
2025-10-30T04:11:49.612505,04:11:49,8926.98,758793.11,3
2025-10-30T04:11:50.772145,04:11:50,8927.92,758872.84,3
2025-10-30T04:12:01.226928,04:12:01,8923.86,758528.16,3
2025-10-30T04:12:02.733249,04:12:02,8920.84,758271.31,3
2025-10-30T04:12:12.822310,04:12:12,8917.34,757973.71,3
2025-10-30T04:12:14.405569,04:12:14,8917.35,757974.47,3
2025-10-30T04:12:24.731185,04:12:24,8910.54,757395.59,3
2025-10-30T04:12:26.319925,04:12:26,8909.98,757347.89,3
2025-10-30T04:12:36.597880,04:12:36,8907.17,757109.34,3
2025-10-30T04:12:38.231241,04:12:38,8905.73,756986.94,3
2025-10-30T04:12:48.554145,04:12:48,8900.33,756528.02,3
2025-10-30T04:12:50.163049,04:12:50,8902.12,756679.79,3
2025-10-30T04:13:00.554582,04:13:00,8900.39,756533.25,3
2025-10-30T04:13:01.816601,04:13:01,8898.16,756343.18,3
2025-10-30T04:13:12.202464,04:13:12,8880.96,754881.99,3
2025-10-30T04:13:13.500208,04:13:13,8881.14,754896.61,3
2025-10-30T04:13:24.428767,04:13:24,8887.56,755442.35,3
2025-10-30T04:13:25.117292,04:13:25,8887.56,755442.5,3
2025-10-30T04:13:36.332719,04:13:36,8895.01,756075.73,3
2025-10-30T04:13:36.791159,04:13:36,8896.02,756161.93,3
2025-10-30T04:13:48.512349,04:13:48,8900.7,756559.72,3
2025-10-30T04:13:48.538547,04:13:48,8900.96,756581.91,3
2025-10-30T04:14:00.432398,04:14:00,8876.39,754493.55,3
2025-10-30T04:14:00.718808,04:14:00,8876.39,754493.55,3
2025-10-30T04:14:12.287383,04:14:12,8862.43,753306.57,3
2025-10-30T04:14:12.717814,04:14:12,8862.43,753306.57,3
2025-10-30T04:14:24.479208,04:14:24,8842.17,751584.72,3
2025-10-30T04:14:25.202081,04:14:25,8841.07,751491.07,3
2025-10-30T04:14:36.682449,04:14:36,8832.87,750794.05,3
2025-10-30T04:14:37.156199,04:14:37,8832.23,750739.43,3
2025-10-30T04:14:48.563756,04:14:48,8831.49,750676.76,3
2025-10-30T04:14:49.392478,04:14:49,8833.05,750809.08,3
2025-10-30T04:15:01.067390,04:15:01,8830.07,750555.75,3
2025-10-30T04:15:01.258123,04:15:01,8830.32,750577.59,3
2025-10-30T04:15:12.869590,04:15:12,8855.04,752678.67,3
2025-10-30T04:15:13.279833,04:15:13,8855.04,752678.67,3
2025-10-30T04:15:24.728508,04:15:24,8857.68,752902.58,3
2025-10-30T04:15:25.480231,04:15:25,8858.28,752953.94,3
2025-10-30T04:15:36.630952,04:15:36,8862.74,753332.91,3
2025-10-30T04:15:37.699077,04:15:37,8862.6,753321.35,3
2025-10-30T04:15:48.854647,04:15:48,8861.4,753219.13,3
2025-10-30T04:15:49.918669,04:15:49,8861.58,753234.07,3
2025-10-30T04:16:00.506429,04:16:00,8860.47,753140.27,3
2025-10-30T04:16:01.884716,04:16:01,8861.1,753193.72,3
2025-10-30T04:16:12.100469,04:16:12,8861.01,753185.81,3
2025-10-30T04:16:13.808777,04:16:13,8861.82,753254.52,3
2025-10-30T04:16:24.030150,04:16:24,8864.32,753467.49,3
2025-10-30T04:16:25.433150,04:16:25,8863.3,753380.68,3
2025-10-30T04:16:35.925495,04:16:35,8862.42,753305.57,3
2025-10-30T04:16:37.345864,04:16:37,8862.77,753335.62,3
2025-10-30T04:16:48.184557,04:16:48,8862.48,753311.05,3
2025-10-30T04:16:49.306996,04:16:49,8847.85,752067.59,3
2025-10-30T04:16:59.794566,04:16:59,8860.35,753129.49,3
2025-10-30T04:17:01.332171,04:17:01,8858.39,752962.76,3
2025-10-30T04:17:11.966461,04:17:11,8857.14,752856.86,3
2025-10-30T04:17:13.292707,04:17:13,8856.12,752770.46,3
2025-10-30T04:17:23.577123,04:17:23,8856.24,752780.68,3
2025-10-30T04:17:25.490689,04:17:25,8856.43,752796.4,3
2025-10-30T04:17:35.193614,04:17:35,8852.44,752457.31,3
2025-10-30T04:17:37.397158,04:17:37,8852.58,752469.2,3
2025-10-30T04:17:46.903501,04:17:46,8873.41,754239.74,3
2025-10-30T04:17:49.088938,04:17:49,8876.48,754501.02,3
2025-10-30T04:17:59.100227,04:17:59,8874.43,754326.83,3
2025-10-30T04:18:00.717765,04:18:00,8874.52,754334.17,3
2025-10-30T04:18:10.758164,04:18:10,8889.75,755629.17,3
2025-10-30T04:18:12.687858,04:18:12,8889.95,755645.42,3
2025-10-30T04:18:22.608393,04:18:22,8888.5,755522.36,3
2025-10-30T04:18:24.313836,04:18:24,8888.82,755549.58,3
2025-10-30T04:18:34.814618,04:18:34,8876.05,754464.16,3
2025-10-30T04:18:35.950372,04:18:35,8876.04,754463.01,3
2025-10-30T04:18:47.362941,04:18:47,8875.2,754391.98,3
2025-10-30T04:18:47.878879,04:18:47,8875.4,754408.8,3
2025-10-30T04:18:59.306233,04:18:59,8877.63,754598.75,3
2025-10-30T04:18:59.588360,04:18:59,8877.64,754599.13,3
2025-10-30T04:19:11.511615,04:19:11,8853.76,752569.5,3
2025-10-30T04:19:11.827954,04:19:11,8853.76,752569.5,3
2025-10-30T04:19:24.006069,04:19:24,8851.19,752351.2,3
2025-10-30T04:19:24.013226,04:19:24,8850.59,752300.21,3
2025-10-30T04:19:35.908079,04:19:35,8847.41,752030.24,3
2025-10-30T04:19:36.282236,04:19:36,8847.41,752030.24,3
2025-10-30T04:19:47.759374,04:19:47,8843.25,751676.11,3
2025-10-30T04:19:48.753288,04:19:48,8841.46,751524.21,3
2025-10-30T04:19:59.937996,04:19:59,8836.26,751081.8,3
2025-10-30T04:20:01.307655,04:20:01,8835.57,751023.82,3
2025-10-30T04:20:11.825525,04:20:11,8847.18,752009.97,3
2025-10-30T04:20:12.923781,04:20:12,8847.71,752055.45,3
2025-10-30T04:20:23.717435,04:20:23,8853.33,752532.74,3
2025-10-30T04:20:24.837888,04:20:24,8853.49,752546.47,3
2025-10-30T04:20:35.614198,04:20:35,8853.75,752568.92,3
2025-10-30T04:20:36.781301,04:20:36,8853.53,752549.84,3
2025-10-30T04:20:47.235570,04:20:47,8854.91,752667.77,3
2025-10-30T04:20:48.406487,04:20:48,8855.42,752711.01,3
2025-10-30T04:20:59.192576,04:20:59,8857.96,752926.38,3
2025-10-30T04:21:00.069290,04:21:00,8857.81,752914.1,3
2025-10-30T04:21:11.354314,04:21:11,8856.64,752814.49,3
2025-10-30T04:21:11.959042,04:21:11,8856.64,752814.63,3
2025-10-30T04:21:23.243446,04:21:23,8855.77,752740.53,3
2025-10-30T04:21:24.206775,04:21:24,8855.06,752679.97,3
2025-10-30T04:21:35.131254,04:21:35,8852.47,752459.56,3
2025-10-30T04:21:36.387192,04:21:36,8852.54,752466.11,3
2025-10-30T04:21:47.304502,04:21:47,8850.22,752268.51,3
2025-10-30T04:21:48.349835,04:21:48,8849.99,752249.17,3
2025-10-30T04:21:59.225876,04:21:59,8849.24,752185.39,3
2025-10-30T04:22:00.267096,04:22:00,8849.2,752181.89,3
2025-10-30T04:22:11.086983,04:22:11,8823.24,749975.7,3
2025-10-30T04:22:12.571957,04:22:12,8823.53,749999.91,3
2025-10-30T04:22:22.711396,04:22:22,8828.55,750427.0,3
2025-10-30T04:22:24.193141,04:22:24,8828.09,750387.49,3
2025-10-30T04:22:34.619146,04:22:34,8824.91,750117.25,3
2025-10-30T04:22:36.180333,04:22:36,8830.33,750577.95,3
2025-10-30T04:22:46.929249,04:22:46,8839.94,751395.1,3
2025-10-30T04:22:47.898726,04:22:47,8839.57,751363.59,3
2025-10-30T04:22:59.255549,04:22:59,8841.81,751554.09,3
2025-10-30T04:22:59.544783,04:22:59,8841.82,751554.47,3
2025-10-30T04:23:11.185454,04:23:11,8836.03,751062.78,3
2025-10-30T04:23:11.445398,04:23:11,8836.04,751063.17,3
2025-10-30T04:23:23.087998,04:23:23,8828.05,750384.66,3
2025-10-30T04:23:23.419618,04:23:23,8828.06,750384.81,3
2025-10-30T04:23:35.314989,04:23:35,8825.91,750201.98,3
2025-10-30T04:23:35.320183,04:23:35,8827.79,750362.06,3
2025-10-30T04:23:47.524023,04:23:47,8835.96,751056.93,3
2025-10-30T04:23:47.617845,04:23:47,8836.07,751065.98,3
2025-10-30T04:23:59.730278,04:23:59,8835.55,751021.38,3
2025-10-30T04:24:00.030711,04:24:00,8835.55,751021.38,3
2025-10-30T04:24:11.692763,04:24:11,8835.25,750996.39,3
2025-10-30T04:24:12.212392,04:24:12,8835.25,750996.39,3
2025-10-30T04:24:23.604621,04:24:23,8869.36,753896.02,3
2025-10-30T04:24:24.413890,04:24:24,8879.38,754747.27,3
2025-10-30T04:24:35.829798,04:24:35,8894.47,756029.79,3
2025-10-30T04:24:36.687557,04:24:36,8894.89,756065.62,3
2025-10-30T04:24:47.745336,04:24:47,8911.85,757507.54,3
2025-10-30T04:24:48.338307,04:24:48,8911.77,757500.75,3
2025-10-30T04:24:59.692822,04:24:59,8909.34,757294.13,3
2025-10-30T04:25:00.203504,04:25:00,8909.35,757294.51,3
2025-10-30T04:25:12.030229,04:25:12,8909.69,757323.45,3
2025-10-30T04:25:12.378908,04:25:12,8909.74,757327.79,3
2025-10-30T04:25:24.276964,04:25:24,8881.87,754959.18,3
2025-10-30T04:25:24.612658,04:25:24,8882.14,754982.22,3
2025-10-30T04:25:36.483212,04:25:36,8885.02,755226.89,3
2025-10-30T04:25:36.865342,04:25:36,8885.02,755226.89,3
2025-10-30T04:25:48.386146,04:25:48,8884.94,755219.83,3
2025-10-30T04:25:48.754831,04:25:48,8885.32,755251.88,3
2025-10-30T04:26:00.339699,04:26:00,8884.98,755223.17,3
2025-10-30T04:26:00.673357,04:26:00,8884.98,755223.17,3
2025-10-30T04:26:12.546126,04:26:12,8859.49,753056.96,3
2025-10-30T04:26:12.589906,04:26:12,8859.49,753056.96,3
2025-10-30T04:26:24.181186,04:26:24,8860.22,753118.86,3
2025-10-30T04:26:24.479164,04:26:24,8860.22,753118.86,3
2025-10-30T04:26:36.143855,04:26:36,8846.8,751978.2,3
2025-10-30T04:26:36.657352,04:26:36,8846.81,751978.58,3
2025-10-30T04:26:47.799609,04:26:47,8828.83,750450.88,3
2025-10-30T04:26:48.547721,04:26:48,8824.43,750076.3,3
2025-10-30T04:26:59.762198,04:26:59,8820.22,749718.92,3
2025-10-30T04:27:00.492510,04:27:00,8820.23,749719.3,3
2025-10-30T04:27:12.019253,04:27:12,8805.61,748476.52,3
2025-10-30T04:27:12.716068,04:27:12,8807.49,748636.39,3
2025-10-30T04:27:24.188439,04:27:24,8790.51,747193.69,3
2025-10-30T04:27:24.634733,04:27:24,8789.36,747095.7,3
2025-10-30T04:27:36.373416,04:27:36,8749.8,743733.4,3
2025-10-30T04:27:37.400952,04:27:37,8749.85,743737.29,3
2025-10-30T04:27:48.531102,04:27:48,8726.63,741763.53,3
2025-10-30T04:27:49.351242,04:27:49,8727.34,741823.53,3
2025-10-30T04:28:00.210658,04:28:00,8743.68,743212.69,3
2025-10-30T04:28:01.250900,04:28:01,8743.6,743206.31,3
2025-10-30T04:28:12.250225,04:28:12,8761.71,744745.29,3
2025-10-30T04:28:13.444230,04:28:13,8761.89,744760.42,3
2025-10-30T04:28:24.197101,04:28:24,8755.24,744195.06,3
2025-10-30T04:28:25.315042,04:28:25,8758.56,744477.4,3
2025-10-30T04:28:36.252737,04:28:36,8763.38,744887.19,3
2025-10-30T04:28:37.247403,04:28:37,8761.79,744752.56,3
2025-10-30T04:28:48.501040,04:28:48,8747.4,743528.79,3
2025-10-30T04:28:49.162191,04:28:49,8716.99,740944.52,3
2025-10-30T04:29:00.541010,04:29:00,8709.53,740309.99,3
2025-10-30T04:29:01.134660,04:29:01,8709.53,740310.13,3
2025-10-30T04:29:12.527287,04:29:12,8717.27,740968.12,3
2025-10-30T04:29:12.693218,04:29:12,8717.4,740978.99,3
2025-10-30T04:29:24.428146,04:29:24,8732.63,742273.94,3
2025-10-30T04:29:24.908424,04:29:24,8732.89,742295.59,3
2025-10-30T04:29:36.386841,04:29:36,8742.36,743100.38,3
2025-10-30T04:29:36.959345,04:29:36,8742.36,743100.62,3
2025-10-30T04:29:48.669305,04:29:48,8762.84,744841.2,3
2025-10-30T04:29:48.843788,04:29:48,8764.0,744940.22,3
2025-10-30T04:30:01.132789,04:30:01,8776.24,745980.47,3
2025-10-30T04:30:01.334286,04:30:01,8776.24,745980.47,3
2025-10-30T04:30:12.792307,04:30:12,8776.16,745973.44,3
2025-10-30T04:30:13.227602,04:30:13,8775.02,745877.06,3
2025-10-30T04:30:25.050428,04:30:25,8792.47,747359.57,3
2025-10-30T04:30:25.411092,04:30:25,8798.62,747882.5,3
2025-10-30T04:30:37.243316,04:30:37,8814.64,749244.55,3
2025-10-30T04:30:37.420446,04:30:37,8814.64,749244.55,3
2025-10-30T04:30:49.526267,04:30:49,8779.25,746236.6,3
2025-10-30T04:30:49.895311,04:30:49,8779.24,746235.74,3
2025-10-30T04:31:01.751434,04:31:01,8765.35,745054.39,3
2025-10-30T04:31:01.852422,04:31:01,8765.38,745057.55,3
2025-10-30T04:31:13.477848,04:31:13,8778.84,746201.75,3
2025-10-30T04:31:13.948732,04:31:13,8778.84,746201.75,3
2025-10-30T04:31:25.925341,04:31:25,8776.02,745961.41,3
2025-10-30T04:31:25.934157,04:31:25,8776.1,745968.77,3
2025-10-30T04:31:37.803115,04:31:37,8759.07,744521.23,3
2025-10-30T04:31:38.092417,04:31:38,8759.07,744521.23,3
2025-10-30T04:31:49.966150,04:31:49,8745.44,743362.42,3
2025-10-30T04:31:49.986242,04:31:49,8745.89,743400.57,3
2025-10-30T04:32:01.565514,04:32:01,8718.0,741030.02,3
2025-10-30T04:32:02.492098,04:32:02,8716.84,740930.99,3
2025-10-30T04:32:13.719039,04:32:13,8743.87,743229.09,3
2025-10-30T04:32:14.165856,04:32:14,8743.95,743235.97,3
2025-10-30T04:32:25.576616,04:32:25,8722.32,741397.45,3
2025-10-30T04:32:26.090898,04:32:26,8720.97,741282.53,3
2025-10-30T04:32:37.797155,04:32:37,8726.3,741735.44,3
2025-10-30T04:32:38.354185,04:32:38,8725.86,741697.98,3
2025-10-30T04:32:50.046226,04:32:50,8713.66,740660.76,3
2025-10-30T04:32:50.599565,04:32:50,8713.6,740655.69,3
2025-10-30T04:33:02.223148,04:33:02,8720.5,741242.39,3
2025-10-30T04:33:02.807877,04:33:02,8720.5,741242.39,3
2025-10-30T04:33:14.404046,04:33:14,8726.14,741721.68,3
2025-10-30T04:33:15.014468,04:33:15,8726.29,741734.84,3
2025-10-30T04:33:26.421541,04:33:26,8718.98,741113.14,3
2025-10-30T04:33:27.049802,04:33:27,8719.24,741135.46,3
2025-10-30T04:33:38.650380,04:33:38,8691.07,738740.53,3
2025-10-30T04:33:39.286578,04:33:39,8691.42,738770.41,3
2025-10-30T04:33:50.519768,04:33:50,8664.47,736479.82,3
2025-10-30T04:33:51.186187,04:33:51,8648.17,735094.38,3
2025-10-30T04:34:02.779067,04:34:02,8661.78,736251.51,3
2025-10-30T04:34:02.943514,04:34:02,8661.23,736204.37,3
2025-10-30T04:34:14.794551,04:34:14,8683.42,738090.42,3
2025-10-30T04:34:14.945997,04:34:14,8684.73,738202.41,3
2025-10-30T04:34:27.299246,04:34:27,8666.61,736661.56,3
2025-10-30T04:34:27.473457,04:34:27,8666.76,736674.31,3
2025-10-30T04:34:39.239851,04:34:39,8658.45,735968.07,3
2025-10-30T04:34:39.661728,04:34:39,8658.45,735968.45,3
2025-10-30T04:34:51.489987,04:34:51,8670.29,736974.88,3
2025-10-30T04:34:51.941782,04:34:51,8671.23,737054.65,3
2025-10-30T04:35:03.409436,04:35:03,8652.14,735431.85,3
2025-10-30T04:35:04.226091,04:35:04,8651.21,735352.75,3
2025-10-30T04:35:15.315966,04:35:15,8672.52,737164.39,3
2025-10-30T04:35:15.956172,04:35:15,8671.11,737044.52,3
2025-10-30T04:35:27.191979,04:35:27,8658.78,735995.89,3
2025-10-30T04:35:27.920918,04:35:27,8659.34,736043.53,3
2025-10-30T04:35:39.067371,04:35:39,8653.06,735510.16,3
2025-10-30T04:35:39.539388,04:35:39,8652.88,735495.22,3
2025-10-30T04:35:50.672118,04:35:50,8658.48,735970.59,3
2025-10-30T04:35:51.801687,04:35:51,8658.9,736006.73,3
2025-10-30T04:36:02.272125,04:36:02,8648.93,735159.02,3
2025-10-30T04:36:03.755858,04:36:03,8645.71,734885.58,3
2025-10-30T04:36:14.513084,04:36:14,8659.23,736034.65,3
2025-10-30T04:36:15.978250,04:36:15,8665.44,736562.48,3
2025-10-30T04:36:26.400043,04:36:26,8644.31,734766.19,3
2025-10-30T04:36:27.627749,04:36:27,8643.42,734690.29,3
2025-10-30T04:36:38.307975,04:36:38,8644.28,734763.57,3
2025-10-30T04:36:39.831817,04:36:39,8642.35,734599.86,3
2025-10-30T04:36:50.510493,04:36:50,8635.06,733980.23,3
2025-10-30T04:36:51.539001,04:36:51,8639.29,734339.55,3
2025-10-30T04:37:02.369887,04:37:02,8634.9,733966.71,3
2025-10-30T04:37:03.725948,04:37:03,8634.38,733922.19,3
2025-10-30T04:37:14.559844,04:37:14,8630.77,733615.5,3
2025-10-30T04:37:15.632123,04:37:15,8631.37,733666.07,3
2025-10-30T04:37:26.443216,04:37:26,8624.77,733105.8,3
2025-10-30T04:37:27.587864,04:37:27,8621.49,732826.97,3
2025-10-30T04:37:38.088769,04:37:38,8593.24,730425.55,3
2025-10-30T04:37:39.235026,04:37:39,8594.13,730501.0,3
2025-10-30T04:37:50.329933,04:37:50,8570.18,728464.89,3
2025-10-30T04:37:51.159479,04:37:51,8570.67,728506.99,3
2025-10-30T04:38:02.562402,04:38:02,8548.05,726584.0,3
2025-10-30T04:38:03.394465,04:38:03,8550.82,726819.34,3
2025-10-30T04:38:14.165338,04:38:14,8566.37,728141.41,3
2025-10-30T04:38:15.090958,04:38:15,8557.19,727361.14,3
2025-10-30T04:38:26.083604,04:38:26,8558.82,727500.08,3
2025-10-30T04:38:27.277947,04:38:27,8565.6,728076.29,3
2025-10-30T04:38:38.256185,04:38:38,8596.23,730679.83,3
2025-10-30T04:38:39.265498,04:38:39,8595.97,730657.53,3
2025-10-30T04:38:50.162676,04:38:50,8610.28,731873.77,3
2025-10-30T04:38:51.457110,04:38:51,8601.75,731148.34,3
2025-10-30T04:39:01.797378,04:39:01,8621.48,732825.99,3
2025-10-30T04:39:03.417247,04:39:03,8617.11,732454.35,3
2025-10-30T04:39:13.644868,04:39:13,8589.08,730071.43,3
2025-10-30T04:39:15.048695,04:39:15,8588.9,730056.83,3
2025-10-30T04:39:25.298964,04:39:25,8484.94,721220.17,3
2025-10-30T04:39:26.970872,04:39:26,8476.93,720539.28,3
2025-10-30T04:39:37.197383,04:39:37,8471.08,720041.7,3
2025-10-30T04:39:38.884817,04:39:38,8470.73,720011.73,3
2025-10-30T04:39:49.431095,04:39:49,8457.81,718913.61,3
2025-10-30T04:39:50.545071,04:39:50,8453.83,718575.7,3
2025-10-30T04:40:01.939116,04:40:01,8466.77,719675.45,3
2025-10-30T04:40:02.851989,04:40:02,8463.47,719394.77,3
2025-10-30T04:40:13.851409,04:40:13,8432.9,716796.73,3
2025-10-30T04:40:14.531536,04:40:14,8433.8,716873.38,3
2025-10-30T04:40:25.729607,04:40:25,8413.49,715146.89,3
2025-10-30T04:40:26.432737,04:40:26,8412.96,715101.35,3
2025-10-30T04:40:37.726373,04:40:37,8442.15,717582.77,3
2025-10-30T04:40:38.342769,04:40:38,8438.95,717311.04,3
2025-10-30T04:40:49.701622,04:40:49,8448.83,718150.54,3
2025-10-30T04:40:49.997894,04:40:49,8448.48,718120.4,3
2025-10-30T04:41:01.616686,04:41:01,8417.77,715510.21,3
2025-10-30T04:41:02.260881,04:41:02,8414.87,715263.79,3
2025-10-30T04:41:13.569382,04:41:13,8427.19,716311.5,3
2025-10-30T04:41:13.939365,04:41:13,8428.67,716437.2,3
2025-10-30T04:41:25.524387,04:41:25,8453.13,718516.28,3
2025-10-30T04:41:26.214129,04:41:26,8454.43,718626.79,3
2025-10-30T04:41:37.413677,04:41:37,8450.68,718307.49,3
2025-10-30T04:41:38.779577,04:41:38,8453.17,718519.42,3
2025-10-30T04:41:49.335034,04:41:49,8455.22,718693.9,3
2025-10-30T04:41:51.041840,04:41:51,8455.28,718698.71,3
2025-10-30T04:42:01.257218,04:42:01,8445.78,717891.4,3
2025-10-30T04:42:03.393276,04:42:03,8434.63,716943.67,3
2025-10-30T04:42:12.865203,04:42:12,8400.94,714079.5,3
2025-10-30T04:42:15.597095,04:42:15,8416.9,715436.68,3
2025-10-30T04:42:24.708294,04:42:24,8394.6,713541.3,3
2025-10-30T04:42:27.242178,04:42:27,8392.85,713391.95,3
2025-10-30T04:42:36.328277,04:42:36,8358.6,710480.61,3
2025-10-30T04:42:38.891263,04:42:38,8349.37,709696.68,3
2025-10-30T04:42:47.960086,04:42:47,8347.25,709516.3,3
2025-10-30T04:42:50.550495,04:42:50,8342.12,709079.92,3
2025-10-30T04:42:59.584128,04:42:59,8320.8,707267.98,3
2025-10-30T04:43:02.514833,04:43:02,8331.84,708206.11,3
2025-10-30T04:43:11.223258,04:43:11,8303.17,705769.24,3
2025-10-30T04:43:14.207956,04:43:14,8300.05,705504.23,3
2025-10-30T04:43:22.850152,04:43:22,8325.11,707634.63,3
2025-10-30T04:43:25.861503,04:43:25,8322.08,707377.22,3
2025-10-30T04:43:34.466590,04:43:34,8323.53,707499.68,3
2025-10-30T04:43:38.132268,04:43:38,8330.17,708064.43,3
2025-10-30T04:43:46.347791,04:43:46,8349.64,709718.99,3
2025-10-30T04:43:49.823696,04:43:49,8360.61,710651.76,3
2025-10-30T04:43:58.338661,04:43:58,8360.47,710640.22,3
2025-10-30T04:44:02.037514,04:44:02,8358.75,710493.96,3
2025-10-30T04:44:09.950361,04:44:09,8373.14,711716.54,3
2025-10-30T04:44:14.063593,04:44:14,8374.14,711801.94,3
2025-10-30T04:44:21.569946,04:44:21,8358.71,710490.43,3
2025-10-30T04:44:26.016614,04:44:26,8354.63,710143.43,3
2025-10-30T04:44:33.167183,04:44:33,8337.65,708700.1,3
2025-10-30T04:44:37.635515,04:44:37,8336.58,708609.44,3
2025-10-30T04:44:45.089080,04:44:45,8324.49,707581.51,3
2025-10-30T04:44:49.254875,04:44:49,8316.87,706933.8,3
2025-10-30T04:44:56.812579,04:44:56,8310.77,706415.43,3
2025-10-30T04:45:00.874979,04:45:00,8306.74,706073.14,3
2025-10-30T04:45:08.431298,04:45:08,8298.81,705399.05,3
2025-10-30T04:45:12.542340,04:45:12,8288.99,704564.23,3
2025-10-30T04:45:20.003642,04:45:20,8298.53,705375.0,3
2025-10-30T04:45:24.218799,04:45:24,8291.49,704776.44,3
2025-10-30T04:45:31.633861,04:45:31,8301.16,705598.86,3
2025-10-30T04:45:35.854108,04:45:35,8299.56,705462.98,3
2025-10-30T04:45:43.257888,04:45:43,8302.86,705742.74,3
2025-10-30T04:45:47.505694,04:45:47,8309.91,706342.01,3
2025-10-30T04:45:55.245040,04:45:55,8299.75,705479.14,3
2025-10-30T04:45:59.288832,04:45:59,8293.55,704952.09,3
2025-10-30T04:46:07.721640,04:46:07,8282.9,704046.7,3
2025-10-30T04:46:10.919136,04:46:10,8298.3,705355.6,3
2025-10-30T04:46:19.326135,04:46:19,8300.21,705517.85,3
2025-10-30T04:46:22.560881,04:46:22,8298.45,705367.83,3
2025-10-30T04:46:30.941930,04:46:30,8286.87,704383.91,3
2025-10-30T04:46:34.251606,04:46:34,8291.68,704792.98,3
2025-10-30T04:46:42.860771,04:46:42,8262.85,702342.6,3
2025-10-30T04:46:46.189014,04:46:46,8260.63,702153.82,3
2025-10-30T04:46:54.838518,04:46:54,8254.0,701589.65,3
2025-10-30T04:46:57.871571,04:46:57,8250.63,701303.67,3
2025-10-30T04:47:06.731784,04:47:06,8255.8,701743.4,3
2025-10-30T04:47:09.506254,04:47:09,8243.18,700670.23,3
2025-10-30T04:47:19.188878,04:47:19,8223.45,698993.42,3
2025-10-30T04:47:21.209271,04:47:21,8223.08,698961.54,3
2025-10-30T04:47:31.476983,04:47:31,8213.27,698128.18,3
2025-10-30T04:47:32.848163,04:47:32,8249.62,701217.83,3
2025-10-30T04:47:43.690479,04:47:43,8215.4,698309.3,3
2025-10-30T04:47:44.490742,04:47:44,8226.74,699272.94,3
2025-10-30T04:47:55.891466,04:47:55,8211.82,698004.9,3
2025-10-30T04:47:56.681911,04:47:56,8210.48,697890.51,3
2025-10-30T04:48:08.399176,04:48:08,8173.38,694737.34,3
2025-10-30T04:48:09.235934,04:48:09,8168.88,694354.56,3
2025-10-30T04:48:20.636506,04:48:20,8157.78,693411.46,3
2025-10-30T04:48:21.264209,04:48:21,8157.75,693408.56,3
2025-10-30T04:48:32.544453,04:48:32,8153.5,693047.62,3
2025-10-30T04:48:32.873887,04:48:32,8154.13,693101.06,3
2025-10-30T04:48:44.978987,04:48:44,8162.88,693845.22,3
2025-10-30T04:48:45.163648,04:48:45,8161.76,693749.85,3
2025-10-30T04:48:56.638290,04:48:56,8164.43,693976.4,3
2025-10-30T04:48:57.672685,04:48:57,8164.51,693983.06,3
2025-10-30T04:49:09.088409,04:49:09,8178.11,695139.6,3
2025-10-30T04:49:09.927465,04:49:09,8179.02,695216.85,3
2025-10-30T04:49:20.989692,04:49:20,8191.94,696314.73,3
2025-10-30T04:49:21.885507,04:49:21,8191.94,696315.13,3
2025-10-30T04:49:33.475880,04:49:33,8196.26,696681.75,3
2025-10-30T04:49:34.172586,04:49:34,8195.97,696657.45,3
2025-10-30T04:49:45.638876,04:49:45,8194.82,696559.89,3
2025-10-30T04:49:46.078340,04:49:46,8211.86,698008.21,3
2025-10-30T04:49:57.533690,04:49:57,8188.76,696044.44,3
2025-10-30T04:49:58.028540,04:49:58,8188.72,696041.3,3
2025-10-30T04:50:09.411969,04:50:09,8204.74,697403.08,3
2025-10-30T04:50:09.732706,04:50:09,8204.74,697403.23,3
2025-10-30T04:50:21.303852,04:50:21,8194.81,696559.11,3
2025-10-30T04:50:21.353659,04:50:21,8194.81,696559.11,3
2025-10-30T04:50:33.265150,04:50:33,8192.26,696342.38,3
2025-10-30T04:50:33.634789,04:50:33,8192.92,696398.31,3
2025-10-30T04:50:45.583549,04:50:45,8193.7,696464.31,3
2025-10-30T04:50:46.416562,04:50:46,8197.14,696757.22,3
2025-10-30T04:50:57.515116,04:50:57,8194.13,696500.95,3
2025-10-30T04:50:58.651364,04:50:58,8192.91,696397.69,3
2025-10-30T04:51:09.443036,04:51:09,8174.99,694874.0,3
2025-10-30T04:51:10.554620,04:51:10,8166.75,694173.89,3
2025-10-30T04:51:21.321138,04:51:21,8152.1,692928.24,3
2025-10-30T04:51:22.529043,04:51:22,8152.03,692922.72,3
2025-10-30T04:51:33.793805,04:51:33,8139.01,691815.79,3
2025-10-30T04:51:34.163140,04:51:34,8134.49,691431.96,3
2025-10-30T04:51:45.704075,04:51:45,8128.94,690959.98,3
2025-10-30T04:51:46.437480,04:51:46,8129.06,690970.21,3
2025-10-30T04:51:57.342801,04:51:57,8125.58,690674.14,3
2025-10-30T04:51:58.360732,04:51:58,8125.68,690683.08,3
2025-10-30T04:52:09.304045,04:52:09,8114.24,689710.11,3
2025-10-30T04:52:10.311652,04:52:10,8114.1,689698.22,3
2025-10-30T04:52:21.453765,04:52:21,8133.55,691351.94,3
2025-10-30T04:52:22.543213,04:52:22,8133.56,691352.74,3
2025-10-30T04:52:33.373050,04:52:33,8129.99,691049.44,3
2025-10-30T04:52:34.692567,04:52:34,8134.52,691433.96,3
2025-10-30T04:52:45.316342,04:52:45,8135.05,691479.24,3
2025-10-30T04:52:46.689050,04:52:46,8129.1,690973.59,3
2025-10-30T04:52:57.543413,04:52:57,8101.98,688668.45,3
2025-10-30T04:52:58.648327,04:52:58,8101.32,688612.19,3
2025-10-30T04:53:09.436710,04:53:09,8078.53,686675.15,3
2025-10-30T04:53:10.582634,04:53:10,8069.51,685908.39,3
2025-10-30T04:53:21.654657,04:53:21,8043.24,683675.78,3
2025-10-30T04:53:22.903343,04:53:22,8042.38,683602.27,3
2025-10-30T04:53:33.632646,04:53:33,8007.93,680674.3,3
2025-10-30T04:53:34.815399,04:53:34,7994.38,679522.19,3
2025-10-30T04:53:45.530913,04:53:45,7943.17,675169.09,3
2025-10-30T04:53:47.112663,04:53:47,7943.59,675205.3,3
2025-10-30T04:53:58.014561,04:53:58,7924.79,673607.29,3
2025-10-30T04:53:58.811269,04:53:58,7924.89,673615.48,3
2025-10-30T04:54:10.252202,04:54:10,7793.11,662414.14,3
2025-10-30T04:54:11.115827,04:54:11,7798.01,662830.71,3
2025-10-30T04:54:22.204877,04:54:22,7805.29,663449.82,3
2025-10-30T04:54:23.104977,04:54:23,7803.18,663270.14,3
2025-10-30T04:54:34.177169,04:54:34,7729.69,657023.59,3
2025-10-30T04:54:35.290256,04:54:35,7730.15,657062.34,3
2025-10-30T04:54:46.091822,04:54:46,7754.46,659129.22,3
2025-10-30T04:54:47.217349,04:54:47,7761.63,659738.35,3
2025-10-30T04:54:58.352228,04:54:58,7754.48,659130.9,3
2025-10-30T04:54:58.874832,04:54:58,7754.48,659130.9,3
2025-10-30T04:55:10.546325,04:55:10,7812.78,664085.92,3
2025-10-30T04:55:10.567512,04:55:10,7812.74,664082.62,3
2025-10-30T04:55:22.469935,04:55:22,7815.53,664319.77,3
2025-10-30T04:55:22.766416,04:55:22,7815.62,664327.81,3
2025-10-30T04:55:34.662488,04:55:34,7825.43,665161.65,3
2025-10-30T04:55:34.789801,04:55:34,7825.43,665161.65,3
2025-10-30T04:55:46.583817,04:55:46,7761.66,659741.41,3
2025-10-30T04:55:46.804969,04:55:46,7761.66,659741.41,3
2025-10-30T04:55:58.444601,04:55:58,7767.14,660207.11,3
2025-10-30T04:55:58.867194,04:55:58,7764.53,659985.03,3
2025-10-30T04:56:10.659399,04:56:10,7725.23,656644.32,3
2025-10-30T04:56:11.101751,04:56:11,7725.69,656683.91,3
2025-10-30T04:56:22.820086,04:56:22,7697.43,654281.7,3
2025-10-30T04:56:23.083198,04:56:23,7697.11,654254.1,3
2025-10-30T04:56:34.989662,04:56:34,7669.64,651919.68,3
2025-10-30T04:56:35.091790,04:56:35,7669.64,651919.68,3
2025-10-30T04:56:46.607878,04:56:46,7682.08,652977.05,3
2025-10-30T04:56:47.032914,04:56:47,7682.08,652977.05,3
2025-10-30T04:56:58.506172,04:56:58,7676.37,652491.31,3
2025-10-30T04:56:58.979429,04:56:58,7653.23,650524.62,3
2025-10-30T04:57:10.738091,04:57:10,7641.55,649531.33,3
2025-10-30T04:57:10.929612,04:57:10,7641.55,649531.33,3
2025-10-30T04:57:22.579096,04:57:22,7676.84,652531.14,3
2025-10-30T04:57:22.919389,04:57:22,7676.84,652531.14,3
2025-10-30T04:57:34.533293,04:57:34,7692.3,653845.36,3
2025-10-30T04:57:34.896105,04:57:34,7693.89,653980.68,3
2025-10-30T04:57:46.476872,04:57:46,7686.02,653311.96,3
2025-10-30T04:57:46.790254,04:57:46,7686.25,653330.99,3
2025-10-30T04:57:58.107431,04:57:58,7661.28,651208.51,3
2025-10-30T04:57:58.796213,04:57:58,7661.28,651208.66,3
2025-10-30T04:58:10.024360,04:58:10,7634.21,648908.16,3
2025-10-30T04:58:10.783663,04:58:10,7626.84,648281.28,3
2025-10-30T04:58:21.720574,04:58:21,7609.84,646836.59,3
2025-10-30T04:58:22.391243,04:58:22,7609.85,646837.01,3
2025-10-30T04:58:33.965076,04:58:33,7597.5,645787.11,3
2025-10-30T04:58:34.234131,04:58:34,7597.34,645774.2,3
2025-10-30T04:58:46.140302,04:58:46,7591.95,645315.89,3
2025-10-30T04:58:46.147113,04:58:46,7591.96,645316.31,3
2025-10-30T04:58:58.343037,04:58:58,7601.64,646139.32,3
2025-10-30T04:58:58.347765,04:58:58,7601.64,646139.32,3
2025-10-30T04:59:10.893323,04:59:10,7634.78,648956.21,3
2025-10-30T04:59:11.163845,04:59:11,7634.78,648956.21,3
2025-10-30T04:59:23.081869,04:59:23,7646.91,649987.46,3
2025-10-30T04:59:23.137828,04:59:23,7646.91,649987.46,3
2025-10-30T04:59:35.303982,04:59:35,7638.85,649302.6,3
2025-10-30T04:59:35.705422,04:59:35,7639.06,649320.32,3
2025-10-30T04:59:47.258168,04:59:47,7602.69,646229.07,3
2025-10-30T04:59:47.918841,04:59:47,7602.7,646229.48,3
2025-10-30T04:59:59.208392,04:59:59,7576.12,643970.28,3
2025-10-30T04:59:59.604657,04:59:59,7576.69,644018.25,3
2025-10-30T05:00:11.435692,05:00:11,7526.27,639733.14,3
2025-10-30T05:00:11.784614,05:00:11,7526.84,639781.44,3
2025-10-30T05:00:23.343586,05:00:23,7482.09,635977.75,3
2025-10-30T05:00:23.774177,05:00:23,7482.13,635981.05,3
2025-10-30T05:00:34.908108,05:00:34,7445.29,632849.79,3
2025-10-30T05:00:35.726994,05:00:35,7445.1,632833.43,3
2025-10-30T05:00:46.589913,05:00:46,7440.68,632457.83,3
2025-10-30T05:00:47.731980,05:00:47,7441.11,632494.62,3
2025-10-30T05:00:58.710181,05:00:58,7440.5,632442.32,3
2025-10-30T05:00:59.664439,05:00:59,7412.46,630059.42,3
2025-10-30T05:01:10.631701,05:01:10,7422.67,630926.53,3
2025-10-30T05:01:11.879084,05:01:11,7424.18,631055.04,3
2025-10-30T05:01:22.246328,05:01:22,7451.26,633356.98,3
2025-10-30T05:01:23.500683,05:01:23,7445.45,632863.23,3
2025-10-30T05:01:34.393424,05:01:34,7430.28,631573.48,3
2025-10-30T05:01:35.126325,05:01:35,7432.68,631777.8,3
2025-10-30T05:01:46.326877,05:01:46,7430.37,631581.11,3
2025-10-30T05:01:46.781014,05:01:46,7430.27,631573.14,3
2025-10-30T05:01:57.949708,05:01:57,7425.65,631180.02,3
2025-10-30T05:01:58.989729,05:01:58,7426.68,631268.01,3
2025-10-30T05:02:09.599189,05:02:09,7449.55,633212.09,3
2025-10-30T05:02:10.902374,05:02:10,7455.17,633689.63,3
2025-10-30T05:02:21.482365,05:02:21,7481.28,635908.42,3
2025-10-30T05:02:22.876856,05:02:22,7488.0,636479.6,3
2025-10-30T05:02:33.186008,05:02:33,7485.43,636261.44,3
2025-10-30T05:02:34.501275,05:02:34,7484.87,636213.74,3
2025-10-30T05:02:45.110347,05:02:45,7472.54,635165.71,3
2025-10-30T05:02:46.188369,05:02:46,7470.57,634998.3,3
2025-10-30T05:02:57.054103,05:02:57,7465.17,634539.65,3
2025-10-30T05:02:57.856333,05:02:57,7465.12,634534.93,3
2025-10-30T05:03:08.950748,05:03:08,7405.73,629487.05,3
2025-10-30T05:03:09.766695,05:03:09,7405.93,629503.67,3
2025-10-30T05:03:20.554315,05:03:20,7402.12,629180.14,3
2025-10-30T05:03:21.406747,05:03:21,7395.97,628657.29,3
2025-10-30T05:03:32.459767,05:03:32,7413.67,630161.66,3
2025-10-30T05:03:33.647656,05:03:33,7414.15,630202.69,3
2025-10-30T05:03:44.119156,05:03:44,7399.96,628996.18,3
2025-10-30T05:03:46.185301,05:03:46,7396.14,628671.49,3
2025-10-30T05:03:56.028143,05:03:56,7382.85,627541.99,3
2025-10-30T05:03:57.812318,05:03:57,7376.97,627042.47,3
2025-10-30T05:04:07.923877,05:04:07,7323.73,622517.47,3
2025-10-30T05:04:10.315148,05:04:10,7323.45,622492.93,3
2025-10-30T05:04:20.119696,05:04:20,7283.64,619109.2,3
2025-10-30T05:04:21.975353,05:04:21,7283.01,619056.05,3
2025-10-30T05:04:31.835931,05:04:31,7291.35,619764.95,3
2025-10-30T05:04:34.273976,05:04:34,7287.73,619456.71,3
2025-10-30T05:04:43.842300,05:04:43,7288.72,619540.81,3
2025-10-30T05:04:46.193970,05:04:46,7290.38,619682.17,3
2025-10-30T05:04:55.793539,05:04:55,7279.27,618737.81,3
2025-10-30T05:04:57.872462,05:04:57,7280.17,618814.42,3
2025-10-30T05:05:07.681426,05:05:07,7265.37,617556.21,3
2025-10-30T05:05:10.088181,05:05:10,7258.3,616955.16,3
2025-10-30T05:05:20.234139,05:05:20,7271.3,618060.26,3
2025-10-30T05:05:21.705953,05:05:21,7286.46,619348.69,3
2025-10-30T05:05:32.409000,05:05:32,7291.06,619740.01,3
2025-10-30T05:05:33.316110,05:05:33,7289.62,619617.76,3
2025-10-30T05:05:44.319736,05:05:44,7306.99,621094.01,3
2025-10-30T05:05:45.023202,05:05:45,7307.55,621141.97,3
2025-10-30T05:05:56.525244,05:05:56,7304.06,620844.72,3
2025-10-30T05:05:56.964083,05:05:56,7304.09,620847.95,3
2025-10-30T05:06:08.403087,05:06:08,7275.08,618381.91,3
2025-10-30T05:06:08.938169,05:06:08,7275.14,618387.05,3
2025-10-30T05:06:20.293065,05:06:20,7277.05,618549.08,3
2025-10-30T05:06:21.158714,05:06:21,7275.86,618448.34,3
2025-10-30T05:06:32.552630,05:06:32,7251.64,616389.48,3
2025-10-30T05:06:33.153811,05:06:33,7251.45,616373.01,3
2025-10-30T05:06:44.435317,05:06:44,7235.05,614979.15,3
2025-10-30T05:06:44.792348,05:06:44,7233.98,614887.93,3
2025-10-30T05:06:56.056549,05:06:56,7223.21,613972.5,3
2025-10-30T05:06:56.796483,05:06:56,7222.95,613950.77,3
2025-10-30T05:07:07.948022,05:07:07,7219.75,613678.92,3
2025-10-30T05:07:08.450481,05:07:08,7218.01,613530.61,3
2025-10-30T05:07:20.107287,05:07:20,7193.35,611434.63,3
2025-10-30T05:07:20.162089,05:07:20,7193.52,611449.25,3
2025-10-30T05:07:32.062098,05:07:32,7175.48,609915.91,3
2025-10-30T05:07:32.367494,05:07:32,7176.93,610038.66,3
2025-10-30T05:07:44.306424,05:07:44,7118.32,605056.87,3
2025-10-30T05:07:44.316649,05:07:44,7127.16,605808.81,3
2025-10-30T05:07:56.235227,05:07:56,7118.18,605045.42,3
2025-10-30T05:07:56.846656,05:07:56,7118.18,605045.42,3
2025-10-30T05:08:07.847978,05:08:07,7118.34,605058.55,3
2025-10-30T05:08:08.739767,05:08:08,7121.39,605318.2,3
2025-10-30T05:08:20.123083,05:08:20,7137.31,606671.54,3
2025-10-30T05:08:20.381025,05:08:20,7133.97,606387.08,3
2025-10-30T05:08:31.872288,05:08:31,7075.22,601393.54,3
2025-10-30T05:08:32.616143,05:08:32,7073.9,601281.65,3
2025-10-30T05:08:44.121084,05:08:44,7082.21,601987.58,3
2025-10-30T05:08:44.598791,05:08:44,7090.05,602654.66,3
2025-10-30T05:08:56.053630,05:08:56,7059.5,600057.13,3
2025-10-30T05:08:56.564045,05:08:56,7057.58,599894.62,3
2025-10-30T05:09:07.766553,05:09:07,7036.58,598108.93,3
2025-10-30T05:09:09.112027,05:09:09,7029.96,597546.93,3
2025-10-30T05:09:19.488579,05:09:19,7066.13,600620.66,3
2025-10-30T05:09:21.301299,05:09:21,7066.48,600650.66,3
2025-10-30T05:09:31.429049,05:09:31,7052.74,599483.27,3
2025-10-30T05:09:33.199862,05:09:33,7048.13,599090.68,3
2025-10-30T05:09:43.339264,05:09:43,6936.77,589625.83,3
2025-10-30T05:09:45.128574,05:09:45,6939.29,589839.78,3
2025-10-30T05:09:55.616181,05:09:55,6904.22,586859.08,3
2025-10-30T05:09:56.725076,05:09:56,6916.97,587942.59,3
2025-10-30T05:10:07.551964,05:10:07,6946.56,590457.99,3
2025-10-30T05:10:08.624691,05:10:08,6974.41,592824.54,3
2025-10-30T05:10:19.465714,05:10:19,6974.84,592861.02,3
2025-10-30T05:10:20.529596,05:10:20,6975.64,592929.1,3
2025-10-30T05:10:31.651478,05:10:31,6962.61,591821.77,3
2025-10-30T05:10:32.719473,05:10:32,6957.75,591408.99,3
2025-10-30T05:10:43.559560,05:10:43,6969.89,592440.69,3
2025-10-30T05:10:44.920010,05:10:44,6965.22,592043.35,3
2025-10-30T05:10:55.534242,05:10:55,6974.32,592817.26,3
2025-10-30T05:10:56.652524,05:10:56,6978.24,593150.33,3
2025-10-30T05:11:07.715110,05:11:07,6948.72,590641.39,3
2025-10-30T05:11:08.594865,05:11:08,6949.09,590672.79,3
2025-10-30T05:11:19.926336,05:11:19,6818.52,579574.49,3
2025-10-30T05:11:21.081833,05:11:21,6801.57,578133.51,3
2025-10-30T05:11:32.133594,05:11:32,6852.19,582436.49,3
2025-10-30T05:11:33.054237,05:11:33,6854.38,582621.88,3
2025-10-30T05:11:44.403070,05:11:44,6807.02,578597.02,3
2025-10-30T05:11:44.692857,05:11:44,6808.59,578730.04,3
2025-10-30T05:11:56.315121,05:11:56,6772.29,575644.66,3
2025-10-30T05:11:56.640440,05:11:56,6772.29,575644.66,3
2025-10-30T05:12:08.216518,05:12:08,6802.76,578234.73,3
2025-10-30T05:12:08.271014,05:12:08,6803.88,578329.71,3
2025-10-30T05:12:20.070524,05:12:20,6842.06,581574.94,3
2025-10-30T05:12:20.185562,05:12:20,6838.32,581257.02,3
2025-10-30T05:12:31.663144,05:12:31,6834.76,580954.54,3
2025-10-30T05:12:32.390641,05:12:32,6835.04,580978.44,3
2025-10-30T05:12:43.275899,05:12:43,6867.6,583746.05,3
2025-10-30T05:12:44.322317,05:12:44,6868.11,583789.04,3
2025-10-30T05:12:55.209749,05:12:55,6863.73,583417.35,3
2025-10-30T05:12:56.264196,05:12:56,6863.74,583417.78,3
2025-10-30T05:13:07.403767,05:13:07,6870.9,584026.92,3
2025-10-30T05:13:08.191866,05:13:08,6854.58,582639.62,3
2025-10-30T05:13:19.340808,05:13:19,6852.74,582482.98,3
2025-10-30T05:13:20.377171,05:13:20,6858.86,583003.1,3
2025-10-30T05:13:31.364864,05:13:31,6871.79,584102.26,3
2025-10-30T05:13:32.337133,05:13:32,6875.11,584384.28,3
2025-10-30T05:13:43.606561,05:13:43,6902.9,586746.64,3
2025-10-30T05:13:44.025273,05:13:44,6906.56,587057.98,3
2025-10-30T05:13:55.870399,05:13:55,6971.24,592555.18,3
2025-10-30T05:13:56.285879,05:13:56,6978.46,593169.1,3
2025-10-30T05:14:07.736143,05:14:07,6984.34,593669.31,3
2025-10-30T05:14:08.484437,05:14:08,6984.94,593719.79,3
2025-10-30T05:14:19.950437,05:14:19,6979.69,593273.56,3
2025-10-30T05:14:20.509214,05:14:20,6966.87,592184.0,3
2025-10-30T05:14:31.887909,05:14:31,6958.87,591503.61,3
2025-10-30T05:14:32.417773,05:14:32,6959.96,591596.4,3
2025-10-30T05:14:44.058596,05:14:44,6943.79,590222.07,3
2025-10-30T05:14:44.058804,05:14:44,6943.79,590222.07,3
2025-10-30T05:14:56.022460,05:14:56,6929.14,588977.09,3
2025-10-30T05:14:56.379285,05:14:56,6929.14,588977.09,3
2025-10-30T05:15:08.193673,05:15:08,6926.63,588763.54,3
2025-10-30T05:15:08.567439,05:15:08,6925.65,588679.93,3
2025-10-30T05:15:20.386061,05:15:20,6903.99,586839.26,3
2025-10-30T05:15:20.416296,05:15:20,6902.97,586752.33,3
2025-10-30T05:15:32.352141,05:15:32,6866.58,583659.28,3
2025-10-30T05:15:32.947338,05:15:32,6866.58,583659.28,3
2025-10-30T05:15:43.978132,05:15:43,6867.49,583736.56,3
2025-10-30T05:15:44.926560,05:15:44,6867.2,583711.68,3
2025-10-30T05:15:56.507807,05:15:56,6851.23,582354.35,3
2025-10-30T05:15:56.535200,05:15:56,6853.31,582531.33,3
2025-10-30T05:16:08.409485,05:16:08,6886.39,585343.29,3
2025-10-30T05:16:08.771470,05:16:08,6886.39,585343.29,3
2025-10-30T05:16:20.596794,05:16:20,6878.1,584638.22,3
2025-10-30T05:16:20.679287,05:16:20,6878.27,584653.13,3
2025-10-30T05:16:32.834777,05:16:32,6846.29,581934.74,3
2025-10-30T05:16:33.187129,05:16:33,6844.78,581806.09,3
2025-10-30T05:16:44.704572,05:16:44,6840.59,581450.55,3
2025-10-30T05:16:45.418685,05:16:45,6843.67,581711.55,3
2025-10-30T05:16:57.464041,05:16:57,6820.33,579728.1,3
2025-10-30T05:16:57.498638,05:16:57,6818.72,579591.14,3
2025-10-30T05:17:09.349479,05:17:09,6783.74,576618.21,3
2025-10-30T05:17:09.481567,05:17:09,6783.52,576599.45,3
2025-10-30T05:17:21.019972,05:17:21,6811.16,578948.73,3
2025-10-30T05:17:21.484250,05:17:21,6811.16,578948.73,3
2025-10-30T05:17:32.629025,05:17:32,6779.11,576224.28,3
2025-10-30T05:17:33.438312,05:17:33,6780.97,576382.72,3
2025-10-30T05:17:44.582986,05:17:44,6785.36,576755.18,3
2025-10-30T05:17:45.642280,05:17:45,6785.22,576743.86,3
2025-10-30T05:17:56.473720,05:17:56,6774.34,575818.94,3
2025-10-30T05:17:57.275245,05:17:57,6765.44,575062.29,3
2025-10-30T05:18:08.057693,05:18:08,6741.92,573062.93,3
2025-10-30T05:18:08.924268,05:18:08,6746.72,573470.97,3
2025-10-30T05:18:20.302033,05:18:20,6756.7,574319.79,3
2025-10-30T05:18:20.848280,05:18:20,6761.13,574696.19,3
2025-10-30T05:18:32.186729,05:18:32,6766.29,575134.63,3
2025-10-30T05:18:32.815899,05:18:32,6766.29,575135.06,3
2025-10-30T05:18:44.334313,05:18:44,6770.43,575486.63,3
2025-10-30T05:18:44.704074,05:18:44,6771.02,575536.29,3
2025-10-30T05:18:56.521543,05:18:56,6744.26,573261.98,3
2025-10-30T05:18:56.594736,05:18:56,6744.38,573272.08,3
2025-10-30T05:19:08.452549,05:19:08,6734.26,572412.3,3
2025-10-30T05:19:08.470949,05:19:08,6734.26,572412.3,3
2025-10-30T05:19:20.682656,05:19:20,6686.03,568312.22,3
2025-10-30T05:19:20.715192,05:19:20,6686.03,568312.22,3
2025-10-30T05:19:32.343198,05:19:32,6678.17,567644.7,3
2025-10-30T05:19:32.926279,05:19:32,6678.4,567663.85,3
2025-10-30T05:19:43.983052,05:19:43,6690.16,568663.42,3
2025-10-30T05:19:44.514084,05:19:44,6696.24,569180.13,3
2025-10-30T05:19:55.927128,05:19:55,6697.77,569310.44,3
2025-10-30T05:19:56.447685,05:19:56,6697.77,569310.87,3
2025-10-30T05:20:08.096606,05:20:08,6702.66,569725.82,3
2025-10-30T05:20:08.686005,05:20:08,6702.94,569749.77,3
2025-10-30T05:20:19.764447,05:20:19,6728.28,571903.64,3
2025-10-30T05:20:20.721221,05:20:20,6719.19,571130.89,3
2025-10-30T05:20:31.523330,05:20:31,6710.24,570370.66,3
2025-10-30T05:20:32.605198,05:20:32,6710.93,570429.04,3
2025-10-30T05:20:43.440987,05:20:43,6715.17,570789.38,3
2025-10-30T05:20:44.237065,05:20:44,6717.64,570999.69,3
2025-10-30T05:20:55.044977,05:20:55,6740.05,572903.99,3
2025-10-30T05:20:56.387416,05:20:56,6740.05,572904.42,3
2025-10-30T05:21:06.681158,05:21:06,6746.32,573437.14,3
2025-10-30T05:21:08.577670,05:21:08,6746.36,573440.8,3
2025-10-30T05:21:18.615531,05:21:18,6725.91,571702.57,3
2025-10-30T05:21:20.421617,05:21:20,6731.26,572157.24,3
2025-10-30T05:21:30.276585,05:21:30,6760.49,574641.32,3
2025-10-30T05:21:31.981627,05:21:31,6765.53,575070.17,3
2025-10-30T05:21:41.879334,05:21:41,6805.16,578439.01,3
2025-10-30T05:21:43.599627,05:21:43,6805.25,578445.97,3
2025-10-30T05:21:53.773878,05:21:53,6812.6,579070.59,3
2025-10-30T05:21:55.177728,05:21:55,6813.51,579148.55,3
2025-10-30T05:22:05.454136,05:22:05,6814.1,579198.13,3
2025-10-30T05:22:06.748377,05:22:06,6894.0,585990.26,3
2025-10-30T05:22:17.515899,05:22:17,6961.52,591729.55,3
2025-10-30T05:22:18.734447,05:22:18,6964.45,591977.98,3
2025-10-30T05:22:29.153822,05:22:29,6945.88,590399.44,3
2025-10-30T05:22:30.925569,05:22:30,6943.18,590170.06,3
2025-10-30T05:22:40.830825,05:22:40,6880.51,584843.27,3
2025-10-30T05:22:42.512439,05:22:42,6880.5,584842.55,3
2025-10-30T05:22:52.459075,05:22:52,6855.92,582753.42,3
2025-10-30T05:22:54.391729,05:22:54,6852.12,582430.54,3
2025-10-30T05:23:04.440525,05:23:04,6830.03,580552.52,3
2025-10-30T05:23:05.971466,05:23:05,6804.9,578416.84,3
2025-10-30T05:23:16.039197,05:23:16,6769.3,575390.13,3
2025-10-30T05:23:17.594316,05:23:17,6759.64,574569.11,3
2025-10-30T05:23:28.516025,05:23:28,6773.26,575727.37,3
2025-10-30T05:23:29.445409,05:23:29,6789.15,577078.15,3
2025-10-30T05:23:40.421913,05:23:40,6769.31,575391.61,3
2025-10-30T05:23:41.333585,05:23:41,6769.42,575400.69,3
2025-10-30T05:23:52.059697,05:23:52,6770.78,575516.43,3
2025-10-30T05:23:52.973854,05:23:52,6770.39,575483.41,3
2025-10-30T05:24:04.071704,05:24:04,6807.64,578649.65,3
2025-10-30T05:24:04.933721,05:24:04,6808.53,578725.3,3
2025-10-30T05:24:16.268868,05:24:16,6843.06,581659.93,3
2025-10-30T05:24:16.558926,05:24:16,6843.02,581657.07,3
2025-10-30T05:24:28.478016,05:24:28,6856.07,582766.13,3
2025-10-30T05:24:28.505349,05:24:28,6856.07,582765.99,3
2025-10-30T05:24:40.326974,05:24:40,6875.45,584413.44,3
2025-10-30T05:24:40.701025,05:24:40,6888.26,585502.06,3
2025-10-30T05:24:51.887945,05:24:51,6914.29,587714.51,3
2025-10-30T05:24:52.367760,05:24:52,6914.33,587718.23,3
2025-10-30T05:25:03.995509,05:25:03,6979.03,593217.88,3
2025-10-30T05:25:04.354190,05:25:04,6978.74,593192.66,3
2025-10-30T05:25:15.983542,05:25:15,7034.79,597957.46,3
2025-10-30T05:25:16.497918,05:25:16,7038.41,598265.26,3
2025-10-30T05:25:27.608865,05:25:27,7050.57,599298.18,3
2025-10-30T05:25:28.946211,05:25:28,7050.77,599315.22,3
2025-10-30T05:25:39.250260,05:25:39,7036.23,598079.94,3
2025-10-30T05:25:40.817986,05:25:40,7037.47,598184.71,3
2025-10-30T05:25:51.169802,05:25:51,7056.14,599771.55,3
2025-10-30T05:25:52.899143,05:25:52,7058.25,599951.66,3
2025-10-30T05:26:02.840312,05:26:02,7070.36,600981.0,3
2025-10-30T05:26:04.486176,05:26:04,7078.58,601679.71,3
2025-10-30T05:26:14.782115,05:26:14,7091.04,602738.42,3
2025-10-30T05:26:16.460202,05:26:16,7088.77,602545.33,3
2025-10-30T05:26:26.418372,05:26:26,7097.16,603258.35,3
2025-10-30T05:26:28.440390,05:26:28,7110.95,604430.49,3
2025-10-30T05:26:38.467946,05:26:38,7119.88,605190.01,3
2025-10-30T05:26:40.084735,05:26:40,7121.01,605286.12,3
2025-10-30T05:26:50.394249,05:26:50,7075.54,601421.13,3
2025-10-30T05:26:51.969413,05:26:51,7078.15,601642.61,3
2025-10-30T05:27:02.625073,05:27:02,7031.5,597677.2,3
2025-10-30T05:27:03.575903,05:27:03,7033.2,597821.75,3
2025-10-30T05:27:15.391944,05:27:15,7028.77,597445.22,3
2025-10-30T05:27:15.450114,05:27:15,7028.65,597435.62,3
2025-10-30T05:27:27.613764,05:27:27,7061.67,600242.02,3
2025-10-30T05:27:27.718406,05:27:27,7067.78,600761.18,3
2025-10-30T05:27:39.589988,05:27:39,7031.75,597699.09,3
2025-10-30T05:27:39.888847,05:27:39,7031.89,597710.66,3
2025-10-30T05:27:51.479277,05:27:51,7016.75,596423.8,3
2025-10-30T05:27:52.042831,05:27:52,7015.38,596307.23,3
2025-10-30T05:28:03.665396,05:28:03,7009.39,595797.92,3
2025-10-30T05:28:04.464545,05:28:04,7009.59,595815.02,3
2025-10-30T05:28:16.243800,05:28:16,7029.53,597510.22,3
2025-10-30T05:28:16.413997,05:28:16,7027.23,597314.41,3
2025-10-30T05:28:28.427416,05:28:28,7072.08,601127.16,3
2025-10-30T05:28:28.639370,05:28:28,7064.77,600505.64,3
2025-10-30T05:28:40.580018,05:28:40,7020.07,596705.55,3
2025-10-30T05:28:40.767741,05:28:40,7020.07,596705.55,3
2025-10-30T05:28:53.009534,05:28:53,7029.19,597481.3,3
2025-10-30T05:28:53.076163,05:28:53,7029.19,597481.3,3
2025-10-30T05:29:04.667652,05:29:04,7035.8,598042.77,3
2025-10-30T05:29:05.619603,05:29:05,7035.8,598042.77,3
2025-10-30T05:29:16.592030,05:29:16,7076.02,601461.59,3
2025-10-30T05:29:17.755117,05:29:17,7058.08,599937.21,3
2025-10-30T05:29:28.518416,05:29:28,7062.28,600293.41,3
2025-10-30T05:29:29.927668,05:29:29,7050.03,599252.25,3
2025-10-30T05:29:40.160322,05:29:40,7056.2,599777.06,3
2025-10-30T05:29:41.822280,05:29:41,7055.26,599696.96,3
2025-10-30T05:29:52.095498,05:29:52,7058.48,599971.08,3
2025-10-30T05:29:53.768525,05:29:53,7064.96,600521.99,3
2025-10-30T05:30:04.235071,05:30:04,7067.95,600775.95,3
2025-10-30T05:30:05.965449,05:30:05,7063.79,600422.46,3
2025-10-30T05:30:16.423534,05:30:16,7063.5,600397.1,3
2025-10-30T05:30:17.634864,05:30:17,7062.93,600349.22,3
2025-10-30T05:30:28.418517,05:30:28,7054.96,599671.94,3
2025-10-30T05:30:29.784675,05:30:29,7051.07,599340.53,3
2025-10-30T05:30:40.503039,05:30:40,7052.22,599438.78,3
2025-10-30T05:30:42.006855,05:30:42,7052.46,599458.93,3
2025-10-30T05:30:52.744746,05:30:52,7064.09,600447.99,3
2025-10-30T05:30:53.662155,05:30:53,7064.1,600448.41,3
2025-10-30T05:31:04.950235,05:31:04,7064.14,600451.93,3
2025-10-30T05:31:05.606682,05:31:05,7064.64,600494.04,3
2025-10-30T05:31:16.981491,05:31:16,7028.73,597442.06,3
2025-10-30T05:31:17.504500,05:31:17,7029.51,597508.14,3
2025-10-30T05:31:28.578575,05:31:28,7025.83,597195.9,3
2025-10-30T05:31:29.436836,05:31:29,7025.74,597187.95,3
2025-10-30T05:31:41.378791,05:31:41,7054.43,599626.29,3
2025-10-30T05:31:41.719561,05:31:41,7058.39,599962.97,3
2025-10-30T05:31:53.678226,05:31:53,7039.96,598396.22,3
2025-10-30T05:31:53.883319,05:31:53,7040.84,598471.41,3
2025-10-30T05:32:05.977473,05:32:05,7041.43,598521.49,3
2025-10-30T05:32:06.024820,05:32:06,7041.54,598530.82,3
2025-10-30T05:32:17.910782,05:32:17,7061.78,600251.1,3
2025-10-30T05:32:18.201590,05:32:18,7061.78,600251.1,3
2025-10-30T05:32:29.781045,05:32:29,7033.72,597866.06,3
2025-10-30T05:32:30.154762,05:32:30,7033.72,597866.06,3
2025-10-30T05:32:42.245178,05:32:42,7072.55,601166.95,3
2025-10-30T05:32:42.438692,05:32:42,7072.91,601197.72,3
2025-10-30T05:32:54.385679,05:32:54,7080.54,601845.95,3
2025-10-30T05:32:54.436878,05:32:54,7080.92,601878.56,3
2025-10-30T05:33:06.357540,05:33:06,7101.26,603606.78,3
2025-10-30T05:33:06.610538,05:33:06,7101.94,603664.84,3
2025-10-30T05:33:18.333313,05:33:18,7090.85,602721.95,3
2025-10-30T05:33:19.042179,05:33:19,7091.05,602738.99,3
2025-10-30T05:33:30.238153,05:33:30,7099.48,603455.42,3
2025-10-30T05:33:31.197357,05:33:31,7099.32,603442.04,3
2025-10-30T05:33:42.232668,05:33:42,7162.69,608828.36,3
2025-10-30T05:33:43.345064,05:33:43,7146.9,607486.52,3
2025-10-30T05:33:54.216795,05:33:54,7147.61,607546.81,3
2025-10-30T05:33:55.852157,05:33:55,7160.07,608606.07,3
2025-10-30T05:34:06.453252,05:34:06,7126.7,605769.54,3
2025-10-30T05:34:07.458052,05:34:07,7113.27,604627.64,3
2025-10-30T05:34:18.194546,05:34:18,7123.88,605529.92,3
2025-10-30T05:34:19.659689,05:34:19,7113.4,604639.23,3
2025-10-30T05:34:30.172185,05:34:30,7090.86,602722.8,3
2025-10-30T05:34:31.533593,05:34:31,7090.15,602662.54,3
2025-10-30T05:34:42.359858,05:34:42,7066.37,600641.11,3
2025-10-30T05:34:43.144603,05:34:43,7053.12,599514.95,3
2025-10-30T05:34:54.348974,05:34:54,7014.75,596253.56,3
2025-10-30T05:34:55.100054,05:34:55,7014.65,596245.61,3
2025-10-30T05:35:06.575002,05:35:06,7032.49,597761.84,3
2025-10-30T05:35:06.774135,05:35:06,7032.72,597781.61,3
2025-10-30T05:35:18.298287,05:35:18,7019.66,596670.75,3
2025-10-30T05:35:19.248830,05:35:19,7019.63,596668.89,3
2025-10-30T05:35:30.243826,05:35:30,7053.53,599549.69,3
2025-10-30T05:35:30.865705,05:35:30,7053.45,599543.22,3
2025-10-30T05:35:42.286597,05:35:42,7023.63,597008.94,3
2025-10-30T05:35:42.749097,05:35:42,7031.41,597669.69,3
2025-10-30T05:35:54.251826,05:35:54,7061.8,600253.13,3
2025-10-30T05:35:55.241925,05:35:55,7055.42,599710.91,3
2025-10-30T05:36:06.759088,05:36:06,7008.3,595705.2,3
2025-10-30T05:36:07.124535,05:36:07,7005.4,595459.16,3
2025-10-30T05:36:19.011933,05:36:19,6974.42,592825.65,3
2025-10-30T05:36:19.365067,05:36:19,6974.12,592800.31,3
2025-10-30T05:36:31.274153,05:36:31,6986.31,593836.35,3
2025-10-30T05:36:31.526406,05:36:31,6986.51,593853.63,3
2025-10-30T05:36:43.482304,05:36:43,6968.51,592323.74,3
2025-10-30T05:36:43.862685,05:36:43,6968.51,592323.74,3
2025-10-30T05:36:55.660746,05:36:55,6962.02,591771.59,3
2025-10-30T05:36:56.145022,05:36:56,6951.85,590907.06,3
2025-10-30T05:37:07.873363,05:37:07,6901.35,586614.9,3
2025-10-30T05:37:08.458140,05:37:08,6898.58,586379.66,3
2025-10-30T05:37:20.058601,05:37:20,6913.12,587615.02,3
2025-10-30T05:37:20.697097,05:37:20,6912.92,587598.41,3
2025-10-30T05:37:32.227176,05:37:32,6921.14,588296.78,3
2025-10-30T05:37:32.641967,05:37:32,6917.43,587981.63,3
2025-10-30T05:37:44.102838,05:37:44,6936.4,589593.69,3
2025-10-30T05:37:44.613306,05:37:44,6936.65,589615.67,3
2025-10-30T05:37:55.680463,05:37:55,6901.15,586597.83,3
2025-10-30T05:37:56.623042,05:37:56,6903.56,586803.01,3
2025-10-30T05:38:07.571233,05:38:07,6930.44,589087.71,3
2025-10-30T05:38:08.537625,05:38:08,6937.95,589725.76,3
2025-10-30T05:38:19.188170,05:38:19,6927.57,588843.51,3
2025-10-30T05:38:20.775592,05:38:20,6931.53,589179.71,3
2025-10-30T05:38:31.368470,05:38:31,6920.32,588227.57,3
2025-10-30T05:38:32.480183,05:38:32,6890.52,585694.2,3
2025-10-30T05:38:43.577675,05:38:43,6872.61,584172.14,3
2025-10-30T05:38:44.149206,05:38:44,6862.11,583279.21,3
2025-10-30T05:38:55.448522,05:38:55,6879.09,584722.49,3
2025-10-30T05:38:56.122325,05:38:56,6878.15,584642.43,3
2025-10-30T05:39:07.399482,05:39:07,6861.66,583240.8,3
2025-10-30T05:39:07.747603,05:39:07,6861.21,583203.02,3
2025-10-30T05:39:18.993665,05:39:18,6838.93,581308.65,3
2025-10-30T05:39:19.370303,05:39:19,6838.8,581298.4,3
2025-10-30T05:39:30.564114,05:39:30,6873.31,584231.04,3
2025-10-30T05:39:31.574576,05:39:31,6873.61,584257.1,3
2025-10-30T05:39:42.190048,05:39:42,6867.61,583747.16,3
2025-10-30T05:39:43.223495,05:39:43,6874.51,584333.76,3
2025-10-30T05:39:53.768113,05:39:53,6863.55,583402.17,3
2025-10-30T05:39:54.925803,05:39:54,6864.06,583445.3,3
2025-10-30T05:40:05.490587,05:40:05,6869.09,583872.4,3
2025-10-30T05:40:06.824439,05:40:06,6866.31,583636.76,3
2025-10-30T05:40:17.088890,05:40:17,6892.29,585844.9,3
2025-10-30T05:40:18.461871,05:40:18,6899.58,586464.71,3
2025-10-30T05:40:28.742156,05:40:28,6939.91,589892.32,3
2025-10-30T05:40:30.160595,05:40:30,6942.62,590122.81,3
2025-10-30T05:40:40.320289,05:40:40,6973.8,592773.29,3
2025-10-30T05:40:41.790436,05:40:41,6975.7,592934.32,3
2025-10-30T05:40:51.955054,05:40:51,6979.47,593254.65,3
2025-10-30T05:40:53.453869,05:40:53,6980.37,593331.76,3
2025-10-30T05:41:03.560501,05:41:03,6996.4,594694.21,3
2025-10-30T05:41:05.676585,05:41:05,7003.55,595301.38,3
2025-10-30T05:41:15.435240,05:41:15,7034.89,597965.84,3
2025-10-30T05:41:17.287093,05:41:17,7038.11,598238.93,3
2025-10-30T05:41:27.019908,05:41:27,7084.6,602191.35,3
2025-10-30T05:41:28.944982,05:41:28,7085.88,602299.38,3
2025-10-30T05:41:38.910976,05:41:38,7119.77,605180.39,3
2025-10-30T05:41:40.541603,05:41:40,7119.39,605147.81,3
2025-10-30T05:41:51.392149,05:41:51,7136.34,606588.51,3
2025-10-30T05:41:52.439131,05:41:52,7136.44,606597.34,3
2025-10-30T05:42:03.311723,05:42:03,7162.85,608842.43,3
2025-10-30T05:42:04.455390,05:42:04,7173.43,609741.16,3
2025-10-30T05:42:15.205294,05:42:15,7187.98,610978.5,3
2025-10-30T05:42:16.061977,05:42:16,7194.95,611570.78,3
2025-10-30T05:42:26.881616,05:42:26,7194.59,611539.79,3
2025-10-30T05:42:27.995515,05:42:27,7194.99,611573.84,3
2025-10-30T05:42:39.064777,05:42:39,7190.92,611227.87,3
2025-10-30T05:42:39.982338,05:42:39,7193.58,611454.22,3
2025-10-30T05:42:50.995070,05:42:50,7142.91,607147.74,3
2025-10-30T05:42:51.613393,05:42:51,7142.43,607106.74,3
2025-10-30T05:43:03.246983,05:43:03,7131.48,606175.77,3
2025-10-30T05:43:03.255077,05:43:03,7122.93,605449.39,3
2025-10-30T05:43:14.831856,05:43:14,7117.41,604979.55,3
2025-10-30T05:43:15.574754,05:43:15,7117.41,604979.97,3
2025-10-30T05:43:26.790507,05:43:26,7113.01,604605.98,3
2025-10-30T05:43:27.819704,05:43:27,7116.99,604943.92,3
2025-10-30T05:43:38.804700,05:43:38,7129.63,606018.63,3
2025-10-30T05:43:39.478796,05:43:39,7130.3,606075.46,3
2025-10-30T05:43:50.996070,05:43:50,7131.2,606152.28,3
2025-10-30T05:43:51.405873,05:43:51,7129.61,606016.59,3
2025-10-30T05:44:02.583930,05:44:02,7158.11,608439.76,3
2025-10-30T05:44:03.560665,05:44:03,7159.56,608563.01,3
2025-10-30T05:44:14.228464,05:44:14,7151.51,607878.16,3
2025-10-30T05:44:15.188445,05:44:15,7155.37,608206.05,3
2025-10-30T05:44:26.381812,05:44:26,7229.45,614503.54,3
2025-10-30T05:44:26.841251,05:44:26,7229.3,614490.5,3
2025-10-30T05:44:37.980246,05:44:37,7230.43,614586.9,3
2025-10-30T05:44:39.061709,05:44:39,7230.31,614576.35,3
2025-10-30T05:44:50.141251,05:44:50,7238.54,615275.57,3
2025-10-30T05:44:50.748201,05:44:50,7241.82,615555.09,3
2025-10-30T05:45:02.176822,05:45:02,7264.84,617511.36,3
2025-10-30T05:45:02.991688,05:45:02,7273.04,618208.81,3
2025-10-30T05:45:14.179388,05:45:14,7324.65,622595.27,3
2025-10-30T05:45:14.953956,05:45:14,7342.3,624095.26,3
2025-10-30T05:45:25.797319,05:45:25,7337.94,623725.15,3
2025-10-30T05:45:27.172258,05:45:27,7329.22,622983.31,3
2025-10-30T05:45:38.022016,05:45:38,7314.76,621754.69,3
2025-10-30T05:45:38.804281,05:45:38,7315.97,621857.34,3
2025-10-30T05:45:49.662531,05:45:49,7299.15,620427.8,3
2025-10-30T05:45:50.696953,05:45:50,7287.11,619404.57,3
2025-10-30T05:46:01.927932,05:46:01,7292.43,619856.4,3
2025-10-30T05:46:02.411489,05:46:02,7280.63,618853.25,3
2025-10-30T05:46:14.109318,05:46:14,7295.44,620112.67,3
2025-10-30T05:46:14.652433,05:46:14,7269.02,617866.51,3
2025-10-30T05:46:26.335192,05:46:26,7253.18,616519.92,3
2025-10-30T05:46:26.639675,05:46:26,7254.34,616618.66,3
2025-10-30T05:46:38.847740,05:46:38,7238.45,615267.91,3
2025-10-30T05:46:38.930397,05:46:38,7238.45,615267.91,3
2025-10-30T05:46:50.813495,05:46:50,7199.81,611984.11,3
2025-10-30T05:46:50.941748,05:46:50,7199.79,611982.36,3
2025-10-30T05:47:02.586511,05:47:02,7206.42,612545.82,3
2025-10-30T05:47:02.949219,05:47:02,7209.39,612797.83,3
2025-10-30T05:47:14.216164,05:47:14,7194.88,611564.45,3
2025-10-30T05:47:14.895393,05:47:14,7195.26,611597.48,3
2025-10-30T05:47:26.152902,05:47:26,7134.58,606439.67,3
2025-10-30T05:47:26.467169,05:47:26,7153.07,608010.69,3
2025-10-30T05:47:38.071723,05:47:38,7156.47,608299.55,3
2025-10-30T05:47:38.076183,05:47:38,7156.7,608319.34,3
2025-10-30T05:47:49.974484,05:47:49,7165.86,609098.3,3
2025-10-30T05:47:50.362435,05:47:50,7165.3,609050.12,3
2025-10-30T05:48:01.553752,05:48:01,7203.4,612288.79,3
2025-10-30T05:48:02.034962,05:48:02,7203.97,612337.86,3
2025-10-30T05:48:13.666363,05:48:13,7275.02,618376.44,3
2025-10-30T05:48:13.735926,05:48:13,7273.67,618261.91,3
2025-10-30T05:48:25.603651,05:48:25,7280.62,618852.86,3
2025-10-30T05:48:25.891240,05:48:25,7281.21,618902.7,3
2025-10-30T05:48:37.517142,05:48:37,7238.89,615305.9,3
2025-10-30T05:48:38.083975,05:48:38,7236.28,615083.74,3
2025-10-30T05:48:49.448348,05:48:49,7240.75,615463.89,3
2025-10-30T05:48:50.001813,05:48:50,7240.71,615460.65,3
2025-10-30T05:49:01.486685,05:49:01,7271.68,618092.62,3
2025-10-30T05:49:01.957347,05:49:01,7276.8,618528.24,3
2025-10-30T05:49:13.413070,05:49:13,7245.03,615827.61,3
2025-10-30T05:49:13.604793,05:49:13,7244.49,615781.92,3
2025-10-30T05:49:25.384281,05:49:25,7247.83,616065.54,3
2025-10-30T05:49:25.594779,05:49:25,7246.61,615961.85,3
2025-10-30T05:49:37.185784,05:49:37,7274.75,618353.64,3
2025-10-30T05:49:37.683593,05:49:37,7274.56,618337.31,3
2025-10-30T05:49:48.825422,05:49:48,7306.7,621069.36,3
2025-10-30T05:49:49.620953,05:49:49,7306.7,621069.78,3
2025-10-30T05:50:00.731429,05:50:00,7324.56,622587.34,3
2025-10-30T05:50:01.729984,05:50:01,7328.29,622904.42,3
2025-10-30T05:50:12.562050,05:50:12,7358.02,625431.57,3
2025-10-30T05:50:13.964336,05:50:13,7355.93,625254.0,3
2025-10-30T05:50:24.437377,05:50:24,7329.04,622968.69,3
2025-10-30T05:50:25.591010,05:50:25,7307.08,621102.02,3
2025-10-30T05:50:36.336971,05:50:36,7265.45,617563.3,3
2025-10-30T05:50:37.489506,05:50:37,7265.46,617563.72,3
2025-10-30T05:50:48.235623,05:50:48,7294.38,620022.29,3
2025-10-30T05:50:49.705943,05:50:49,7298.34,620358.89,3
2025-10-30T05:51:00.464607,05:51:00,7342.21,624088.23,3
2025-10-30T05:51:02.103741,05:51:02,7346.22,624428.69,3
2025-10-30T05:51:12.338111,05:51:12,7308.38,621212.33,3
2025-10-30T05:51:14.028570,05:51:14,7292.53,619864.99,3
2025-10-30T05:51:24.257931,05:51:24,7283.7,619114.85,3
2025-10-30T05:51:25.954352,05:51:25,7281.21,618902.84,3
2025-10-30T05:51:36.131863,05:51:36,7321.45,622323.61,3
2025-10-30T05:51:37.594310,05:51:37,7321.56,622332.61,3
2025-10-30T05:51:47.727925,05:51:47,7343.46,624194.1,3
2025-10-30T05:51:49.514643,05:51:49,7340.59,623949.96,3
2025-10-30T05:51:59.602537,05:51:59,7322.5,622412.26,3
2025-10-30T05:52:01.447038,05:52:01,7344.77,624305.16,3
2025-10-30T05:52:11.223975,05:52:11,7363.73,625916.79,3
2025-10-30T05:52:13.694604,05:52:13,7356.6,625311.16,3
2025-10-30T05:52:23.439286,05:52:23,7329.04,622968.37,3
2025-10-30T05:52:25.356646,05:52:25,7327.62,622847.96,3
2025-10-30T05:52:35.351789,05:52:35,7319.93,622194.09,3
2025-10-30T05:52:37.299418,05:52:37,7315.14,621786.59,3
2025-10-30T05:52:47.574766,05:52:47,7299.41,620450.16,3
2025-10-30T05:52:48.982719,05:52:48,7296.11,620168.95,3
2025-10-30T05:53:00.042750,05:53:00,7256.09,616767.52,3
2025-10-30T05:53:00.966562,05:53:00,7256.19,616776.14,3
2025-10-30T05:53:11.965765,05:53:11,7202.9,612246.09,3
2025-10-30T05:53:12.954033,05:53:12,7211.42,612970.54,3
2025-10-30T05:53:23.886881,05:53:23,7193.99,611488.91,3
2025-10-30T05:53:24.910044,05:53:24,7195.81,611644.26,3
2025-10-30T05:53:36.389209,05:53:36,7235.65,615030.25,3
2025-10-30T05:53:36.867040,05:53:36,7238.21,615247.58,3
2025-10-30T05:53:48.044094,05:53:48,7255.26,616696.8,3
2025-10-30T05:53:49.135497,05:53:49,7257.38,616877.24,3
2025-10-30T05:53:59.943557,05:53:59,7267.5,617737.33,3
2025-10-30T05:54:01.632263,05:54:01,7262.68,617327.77,3
2025-10-30T05:54:11.588673,05:54:11,7344.0,624240.16,3
2025-10-30T05:54:13.560392,05:54:13,7343.65,624209.86,3
2025-10-30T05:54:23.470703,05:54:23,7321.88,622359.39,3
2025-10-30T05:54:25.208407,05:54:25,7315.16,621788.55,3
2025-10-30T05:54:35.344754,05:54:35,7345.08,624331.52,3
2025-10-30T05:54:37.123463,05:54:37,7343.79,624222.5,3
2025-10-30T05:54:47.285253,05:54:47,7324.73,622601.81,3
2025-10-30T05:54:48.790356,05:54:48,7324.73,622602.23,3
2025-10-30T05:54:59.190085,05:54:59,7347.34,624523.54,3
2025-10-30T05:55:00.703684,05:55:00,7352.89,624996.01,3
2025-10-30T05:55:11.399160,05:55:11,7330.42,623086.02,3
2025-10-30T05:55:12.396182,05:55:12,7331.87,623208.61,3
2025-10-30T05:55:23.326273,05:55:23,7325.31,622651.69,3
2025-10-30T05:55:24.072190,05:55:24,7326.13,622720.76,3
2025-10-30T05:55:35.261543,05:55:35,7373.17,626719.33,3
2025-10-30T05:55:36.027459,05:55:36,7371.74,626597.84,3
2025-10-30T05:55:46.926357,05:55:46,7399.32,628942.45,3
2025-10-30T05:55:48.038771,05:55:48,7400.25,629021.07,3
2025-10-30T05:55:58.530952,05:55:58,7413.17,630119.76,3
2025-10-30T05:55:59.974596,05:55:59,7416.6,630410.68,3
2025-10-30T05:56:10.452460,05:56:10,7361.5,625727.76,3
2025-10-30T05:56:11.986814,05:56:11,7360.53,625644.69,3
2025-10-30T05:56:22.633264,05:56:22,7387.99,627979.44,3
2025-10-30T05:56:24.279104,05:56:24,7385.37,627756.18,3
2025-10-30T05:56:34.633919,05:56:34,7389.81,628133.7,3
2025-10-30T05:56:36.196866,05:56:36,7393.63,628458.63,3
2025-10-30T05:56:46.279542,05:56:46,7407.03,629597.54,3
2025-10-30T05:56:48.105148,05:56:48,7399.15,628928.1,3
2025-10-30T05:56:58.202084,05:56:58,7400.5,629042.1,3
2025-10-30T05:57:00.387125,05:57:00,7398.79,628897.31,3
2025-10-30T05:57:09.790243,05:57:09,7392.99,628404.57,3
2025-10-30T05:57:12.004911,05:57:12,7393.26,628427.08,3
2025-10-30T05:57:21.461285,05:57:21,7394.97,628572.41,3
2025-10-30T05:57:23.612597,05:57:23,7394.05,628494.57,3
2025-10-30T05:57:33.385178,05:57:33,7375.35,626905.03,3
2025-10-30T05:57:35.403292,05:57:35,7368.45,626318.05,3
2025-10-30T05:57:45.599626,05:57:45,7340.34,623928.86,3
2025-10-30T05:57:47.356615,05:57:47,7340.77,623965.57,3
2025-10-30T05:57:57.485664,05:57:57,7335.4,623508.75,3
2025-10-30T05:57:59.590921,05:57:59,7332.81,623288.74,3
2025-10-30T05:58:09.330027,05:58:09,7341.31,624011.43,3
2025-10-30T05:58:11.218112,05:58:11,7358.83,625500.21,3
2025-10-30T05:58:21.261683,05:58:21,7355.27,625197.83,3
2025-10-30T05:58:23.121684,05:58:23,7351.11,624843.96,3
2025-10-30T05:58:33.484061,05:58:33,7346.65,624465.45,3
2025-10-30T05:58:35.365516,05:58:35,7345.68,624382.96,3
2025-10-30T05:58:45.705819,05:58:45,7366.39,626143.02,3
2025-10-30T05:58:47.089604,05:58:47,7373.13,626715.72,3
2025-10-30T05:58:57.668628,05:58:57,7361.22,625703.47,3
2025-10-30T05:58:59.064973,05:58:59,7355.83,625245.41,3
2025-10-30T05:59:09.864126,05:59:09,7395.44,628612.2,3
2025-10-30T05:59:11.266393,05:59:11,7395.52,628619.0,3
2025-10-30T05:59:21.790537,05:59:21,7401.84,629156.13,3
2025-10-30T05:59:23.231157,05:59:23,7379.47,627255.3,3
2025-10-30T05:59:33.684213,05:59:33,7423.2,630972.15,3
2025-10-30T05:59:35.212296,05:59:35,7423.13,630966.41,3
2025-10-30T05:59:45.632079,05:59:45,7456.52,633803.81,3
2025-10-30T05:59:46.906765,05:59:46,7456.33,633788.1,3
2025-10-30T05:59:57.861697,05:59:57,7470.54,634995.65,3
2025-10-30T05:59:58.560433,05:59:58,7473.66,635260.74,3
2025-10-30T06:00:09.463191,06:00:09,7437.55,632191.58,3
2025-10-30T06:00:10.765317,06:00:10,7437.26,632167.31,3
2025-10-30T06:00:21.717812,06:00:21,7444.95,632820.75,3
2025-10-30T06:00:23.026913,06:00:23,7447.11,633004.47,3
2025-10-30T06:00:33.911361,06:00:33,7466.49,634651.5,3
2025-10-30T06:00:34.674508,06:00:34,7466.25,634631.29,3
2025-10-30T06:00:45.808668,06:00:45,7457.72,633906.01,3
2025-10-30T06:00:46.606206,06:00:46,7457.72,633906.43,3
2025-10-30T06:00:57.442944,06:00:57,7453.88,633580.0,3
2025-10-30T06:00:58.809796,06:00:58,7453.89,633580.41,3
2025-10-30T06:01:09.336285,06:01:09,7437.62,632197.3,3
2025-10-30T06:01:10.541376,06:01:10,7435.71,632035.57,3
2025-10-30T06:01:21.178542,06:01:21,7456.47,633800.12,3
2025-10-30T06:01:22.489866,06:01:22,7459.51,634058.12,3
2025-10-30T06:01:33.143223,06:01:33,7538.03,640732.23,3
2025-10-30T06:01:34.127751,06:01:34,7537.58,640694.13,3
2025-10-30T06:01:45.031824,06:01:45,7547.36,641525.98,3
2025-10-30T06:01:46.427210,06:01:46,7547.96,641576.28,3
2025-10-30T06:01:57.263987,06:01:57,7507.4,638129.08,3
2025-10-30T06:01:58.110920,06:01:58,7509.87,638338.63,3
2025-10-30T06:02:08.925684,06:02:08,7515.6,638826.17,3
2025-10-30T06:02:09.740208,06:02:09,7515.42,638810.58,3
2025-10-30T06:02:20.505460,06:02:20,7501.56,637632.52,3
2025-10-30T06:02:21.665374,06:02:21,7501.22,637603.96,3
2025-10-30T06:02:32.450430,06:02:32,7495.89,637150.94,3
2025-10-30T06:02:33.702634,06:02:33,7496.2,637176.68,3
2025-10-30T06:02:44.387932,06:02:44,7521.65,639340.02,3
2025-10-30T06:02:45.735209,06:02:45,7530.76,640114.28,3
2025-10-30T06:02:56.560289,06:02:56,7528.69,639938.54,3
2025-10-30T06:02:57.957268,06:02:57,7536.98,640642.9,3
2025-10-30T06:03:08.770437,06:03:08,7511.53,638480.22,3
2025-10-30T06:03:09.624875,06:03:09,7518.94,639110.12,3
2025-10-30T06:03:20.681310,06:03:20,7528.17,639894.31,3
2025-10-30T06:03:21.618532,06:03:21,7530.77,640115.64,3
2025-10-30T06:03:33.153976,06:03:33,7571.33,643562.85,3
2025-10-30T06:03:33.535640,06:03:33,7572.37,643651.18,3
2025-10-30T06:03:45.321403,06:03:45,7556.81,642329.02,3
2025-10-30T06:03:46.049739,06:03:46,7557.08,642351.65,3
2025-10-30T06:03:57.022555,06:03:57,7558.69,642488.49,3
2025-10-30T06:03:57.999051,06:03:57,7558.68,642487.38,3
2025-10-30T06:04:09.219828,06:04:09,7536.8,640628.12,3
2025-10-30T06:04:09.993567,06:04:09,7536.93,640639.13,3
2025-10-30T06:04:21.105404,06:04:21,7558.62,642482.56,3
2025-10-30T06:04:21.894987,06:04:21,7558.1,642438.81,3
2025-10-30T06:04:33.007454,06:04:33,7560.33,642627.9,3
2025-10-30T06:04:33.539263,06:04:33,7560.35,642629.33,3
2025-10-30T06:04:44.591493,06:04:44,7533.54,640351.1,3
2025-10-30T06:04:45.504520,06:04:45,7533.26,640327.38,3
2025-10-30T06:04:56.455498,06:04:56,7530.78,640115.95,3
2025-10-30T06:04:57.457923,06:04:57,7529.03,639967.8,3
2025-10-30T06:05:08.718715,06:05:08,7550.07,641756.16,3
2025-10-30T06:05:09.500334,06:05:09,7535.95,640556.01,3
2025-10-30T06:05:20.620734,06:05:20,7537.64,640699.62,3
2025-10-30T06:05:21.404700,06:05:21,7539.34,640844.06,3
2025-10-30T06:05:32.568549,06:05:32,7524.09,639547.51,3
2025-10-30T06:05:33.601604,06:05:33,7522.27,639392.59,3
2025-10-30T06:05:44.774600,06:05:44,7529.51,640008.62,3
2025-10-30T06:05:45.541505,06:05:45,7512.11,638529.09,3
2025-10-30T06:05:56.645229,06:05:56,7508.03,638182.35,3
2025-10-30T06:05:57.761188,06:05:57,7519.99,639199.48,3
2025-10-30T06:06:08.526221,06:06:08,7559.09,642523.04,3
2025-10-30T06:06:09.707958,06:06:09,7551.01,641835.96,3
2025-10-30T06:06:20.128486,06:06:20,7563.51,642898.11,3
2025-10-30T06:06:21.915079,06:06:21,7564.55,642986.49,3
2025-10-30T06:06:31.771946,06:06:31,7528.03,639882.16,3
2025-10-30T06:06:33.612524,06:06:33,7535.29,640499.29,3
2025-10-30T06:06:43.689383,06:06:43,7527.07,639801.3,3
2025-10-30T06:06:45.551733,06:06:45,7536.49,640601.56,3
2025-10-30T06:06:55.593102,06:06:55,7551.29,641859.72,3
2025-10-30T06:06:57.771706,06:06:57,7551.72,641895.87,3
2025-10-30T06:07:07.212333,06:07:07,7534.62,640442.86,3
2025-10-30T06:07:09.688539,06:07:09,7548.49,641621.61,3
2025-10-30T06:07:18.770687,06:07:18,7541.12,640995.39,3
2025-10-30T06:07:21.661242,06:07:21,7539.01,640815.72,3
2025-10-30T06:07:30.668160,06:07:30,7534.14,640401.83,3
2025-10-30T06:07:33.413159,06:07:33,7512.07,638526.33,3
2025-10-30T06:07:42.624917,06:07:42,7506.84,638081.15,3
2025-10-30T06:07:45.180126,06:07:45,7506.95,638090.44,3
2025-10-30T06:07:54.270015,06:07:54,7509.86,638337.85,3
2025-10-30T06:07:56.820289,06:07:56,7503.84,637826.41,3
2025-10-30T06:08:06.231722,06:08:06,7477.64,635599.28,3
2025-10-30T06:08:08.437532,06:08:08,7476.48,635500.51,3
2025-10-30T06:08:17.818753,06:08:17,7433.3,631830.43,3
2025-10-30T06:08:20.446687,06:08:20,7424.04,631043.58,3
2025-10-30T06:08:29.412570,06:08:29,7435.7,632034.53,3
2025-10-30T06:08:32.076543,06:08:32,7434.47,631929.91,3
2025-10-30T06:08:41.368660,06:08:41,7423.7,631014.78,3
2025-10-30T06:08:43.742559,06:08:43,7415.9,630351.89,3
2025-10-30T06:08:53.288397,06:08:53,7429.26,631487.25,3
2025-10-30T06:08:55.379990,06:08:55,7431.28,631658.87,3
2025-10-30T06:09:05.202595,06:09:05,7417.63,630498.78,3
2025-10-30T06:09:07.644230,06:09:07,7384.24,627660.65,3
2025-10-30T06:09:17.413109,06:09:17,7373.54,626751.14,3
2025-10-30T06:09:19.595213,06:09:19,7374.14,626802.13,3
2025-10-30T06:09:29.287199,06:09:29,7401.3,629110.79,3
2025-10-30T06:09:31.513428,06:09:31,7377.6,627095.6,3
2025-10-30T06:09:41.502307,06:09:41,7401.57,629133.56,3
2025-10-30T06:09:43.415247,06:09:43,7401.28,629108.44,3
2025-10-30T06:09:53.418814,06:09:53,7395.18,628590.5,3
2025-10-30T06:09:55.335534,06:09:55,7379.1,627223.4,3
2025-10-30T06:10:05.307576,06:10:05,7341.96,624066.83,3
2025-10-30T06:10:07.053179,06:10:07,7342.41,624105.15,3
2025-10-30T06:10:16.918356,06:10:16,7360.43,625636.45,3
2025-10-30T06:10:18.767722,06:10:18,7367.48,626236.05,3
2025-10-30T06:10:29.168885,06:10:29,7370.43,626486.39,3
2025-10-30T06:10:30.708158,06:10:30,7378.63,627183.84,3
2025-10-30T06:10:41.365425,06:10:41,7473.66,635261.47,3
2025-10-30T06:10:42.625419,06:10:42,7472.68,635177.5,3
2025-10-30T06:10:53.186281,06:10:53,7465.61,634576.98,3
2025-10-30T06:10:54.787263,06:10:54,7470.76,635014.36,3
2025-10-30T06:11:05.739559,06:11:05,7483.88,636129.43,3
2025-10-30T06:11:06.686905,06:11:06,7487.08,636401.71,3
2025-10-30T06:11:18.184420,06:11:18,7546.97,641492.35,3
2025-10-30T06:11:18.874170,06:11:18,7549.07,641671.01,3
2025-10-30T06:11:29.782470,06:11:29,7579.41,644250.13,3
2025-10-30T06:11:30.810620,06:11:30,7576.28,643984.01,3
2025-10-30T06:11:42.079125,06:11:42,7614.16,647203.37,3
2025-10-30T06:11:42.734905,06:11:42,7614.62,647242.42,3
2025-10-30T06:11:53.731814,06:11:53,7616.21,647377.67,3
2025-10-30T06:11:54.393737,06:11:54,7616.58,647409.33,3
2025-10-30T06:12:05.304829,06:12:05,7597.69,645803.44,3
2025-10-30T06:12:06.338098,06:12:06,7601.93,646164.43,3
2025-10-30T06:12:17.203314,06:12:17,7594.42,645525.69,3
2025-10-30T06:12:18.247866,06:12:18,7593.97,645487.86,3
2025-10-30T06:12:29.394880,06:12:29,7575.56,643922.7,3
2025-10-30T06:12:30.148162,06:12:30,7575.02,643876.74,3
2025-10-30T06:12:41.294924,06:12:41,7571.69,643593.93,3
2025-10-30T06:12:42.402515,06:12:42,7570.55,643496.48,3
2025-10-30T06:12:53.232134,06:12:53,7559.49,642556.84,3
2025-10-30T06:12:54.417708,06:12:54,7559.59,642564.85,3
2025-10-30T06:13:04.837001,06:13:04,7547.77,641560.79,3
2025-10-30T06:13:06.623135,06:13:06,7527.77,639860.54,3
2025-10-30T06:13:16.424083,06:13:16,7521.46,639324.24,3
2025-10-30T06:13:18.536761,06:13:18,7519.97,639197.75,3
2025-10-30T06:13:28.314388,06:13:28,7518.73,639091.96,3
2025-10-30T06:13:30.506123,06:13:30,7521.46,639324.42,3
2025-10-30T06:13:40.205792,06:13:40,7546.51,641453.52,3
2025-10-30T06:13:42.424351,06:13:42,7544.22,641258.71,3
2025-10-30T06:13:51.812882,06:13:51,7539.09,640823.04,3
2025-10-30T06:13:54.298791,06:13:54,7536.34,640589.05,3
2025-10-30T06:14:03.412031,06:14:03,7531.58,640183.91,3
2025-10-30T06:14:05.896059,06:14:05,7531.25,640156.12,3
2025-10-30T06:14:15.015924,06:14:15,7520.88,639275.13,3
2025-10-30T06:14:17.791463,06:14:17,7506.04,638013.46,3
2025-10-30T06:14:26.618694,06:14:26,7489.62,636617.84,3
2025-10-30T06:14:29.703129,06:14:29,7490.58,636698.88,3
2025-10-30T06:14:38.574617,06:14:38,7499.14,637427.27,3
2025-10-30T06:14:41.602459,06:14:41,7499.17,637429.2,3
2025-10-30T06:14:50.193111,06:14:50,7509.74,638327.62,3
2025-10-30T06:14:53.205998,06:14:53,7510.8,638418.37,3
2025-10-30T06:15:02.256796,06:15:02,7516.08,638866.95,3
2025-10-30T06:15:04.825549,06:15:04,7521.51,639328.23,3
2025-10-30T06:15:14.195950,06:15:14,7509.14,638277.03,3
2025-10-30T06:15:16.456286,06:15:16,7511.11,638444.41,3
2025-10-30T06:15:25.782000,06:15:25,7487.55,636441.83,3
2025-10-30T06:15:28.062481,06:15:28,7493.93,636984.14,3
2025-10-30T06:15:37.702485,06:15:37,7477.87,635619.28,3
2025-10-30T06:15:39.708961,06:15:39,7488.31,636506.44,3
2025-10-30T06:15:49.552633,06:15:49,7498.01,637330.84,3
2025-10-30T06:15:51.308162,06:15:51,7495.64,637129.09,3
2025-10-30T06:16:01.173832,06:16:01,7511.62,638488.12,3
2025-10-30T06:16:03.464155,06:16:03,7540.56,640947.54,3
2025-10-30T06:16:13.451715,06:16:13,7532.06,640225.43,3
2025-10-30T06:16:15.378972,06:16:15,7520.77,639265.44,3
2025-10-30T06:16:25.394792,06:16:25,7531.1,640143.31,3
2025-10-30T06:16:27.637967,06:16:27,7537.99,640729.23,3
2025-10-30T06:16:37.551120,06:16:37,7562.76,642834.55,3
2025-10-30T06:16:39.275171,06:16:39,7564.02,642942.05,3
2025-10-30T06:16:49.751630,06:16:49,7552.69,641978.43,3
2025-10-30T06:16:50.861526,06:16:50,7558.6,642480.96,3
2025-10-30T06:17:01.710420,06:17:01,7565.87,643099.32,3
2025-10-30T06:17:02.483367,06:17:02,7568.52,643323.81,3
2025-10-30T06:17:14.123521,06:17:14,7599.07,645921.03,3
2025-10-30T06:17:14.691633,06:17:14,7598.23,645849.41,3
2025-10-30T06:17:26.265152,06:17:26,7583.32,644581.98,3
2025-10-30T06:17:26.616054,06:17:26,7585.17,644739.37,3
2025-10-30T06:17:38.112360,06:17:38,7596.25,645681.54,3
2025-10-30T06:17:38.829207,06:17:38,7596.41,645694.54,3
2025-10-30T06:17:50.105892,06:17:50,7595.33,645602.87,3
2025-10-30T06:17:50.785455,06:17:50,7595.56,645622.78,3
2025-10-30T06:18:02.877242,06:18:02,7568.86,643353.25,3
2025-10-30T06:18:03.287931,06:18:03,7546.13,641420.94,3
2025-10-30T06:18:14.816533,06:18:14,7553.37,642036.46,3
2025-10-30T06:18:15.211119,06:18:15,7553.11,642014.69,3
2025-10-30T06:18:26.760852,06:18:26,7564.39,642972.83,3
2025-10-30T06:18:27.442069,06:18:27,7571.55,643582.12,3
2025-10-30T06:18:38.919439,06:18:38,7579.49,644256.26,3
2025-10-30T06:18:39.329833,06:18:39,7580.38,644332.65,3
2025-10-30T06:18:51.191433,06:18:51,7577.77,644110.2,3
2025-10-30T06:18:51.218552,06:18:51,7581.63,644438.58,3
2025-10-30T06:19:03.058436,06:19:03,7623.45,647993.55,3
2025-10-30T06:19:03.461847,06:19:03,7621.4,647819.3,3
2025-10-30T06:19:14.925097,06:19:14,7634.71,648950.28,3
2025-10-30T06:19:15.661082,06:19:15,7634.74,648953.27,3
2025-10-30T06:19:26.854222,06:19:26,7603.59,646305.34,3
2025-10-30T06:19:27.653681,06:19:27,7606.0,646510.21,3
2025-10-30T06:19:38.951832,06:19:38,7604.38,646372.42,3
2025-10-30T06:19:39.900356,06:19:39,7612.71,647080.05,3
2025-10-30T06:19:50.555140,06:19:50,7612.59,647070.1,3
2025-10-30T06:19:51.544745,06:19:51,7612.97,647102.46,3
2025-10-30T06:20:02.542468,06:20:02,7611.34,646963.93,3
2025-10-30T06:20:03.453988,06:20:03,7614.08,647196.43,3
2025-10-30T06:20:14.555084,06:20:14,7579.92,644293.36,3
2025-10-30T06:20:15.367829,06:20:15,7581.54,644430.57,3
2025-10-30T06:20:27.069023,06:20:27,7578.17,644144.05,3
2025-10-30T06:20:27.280543,06:20:27,7575.71,643935.28,3
2025-10-30T06:20:39.012257,06:20:39,7575.97,643957.76,3
2025-10-30T06:20:39.194629,06:20:39,7581.3,644410.91,3
2025-10-30T06:20:51.239759,06:20:51,7584.22,644658.47,3
2025-10-30T06:20:51.682378,06:20:51,7584.37,644671.46,3
2025-10-30T06:21:02.791220,06:21:02,7578.84,644201.53,3
2025-10-30T06:21:04.171700,06:21:04,7578.85,644201.94,3
2025-10-30T06:21:14.373953,06:21:14,7590.72,645211.45,3
2025-10-30T06:21:16.625503,06:21:16,7591.71,645295.36,3
2025-10-30T06:21:26.304570,06:21:26,7594.06,645494.92,3
2025-10-30T06:21:28.605041,06:21:28,7595.15,645587.35,3
2025-10-30T06:21:38.584055,06:21:38,7606.11,646519.53,3
2025-10-30T06:21:40.643940,06:21:40,7610.31,646876.56,3
2025-10-30T06:21:50.186372,06:21:50,7608.79,646747.41,3
2025-10-30T06:21:52.838823,06:21:52,7608.71,646740.24,3
2025-10-30T06:22:01.795683,06:22:01,7615.9,647351.08,3
2025-10-30T06:22:04.706465,06:22:04,7635.35,649004.33,3
2025-10-30T06:22:13.992220,06:22:13,7634.99,648974.34,3
2025-10-30T06:22:16.345690,06:22:16,7639.85,649387.47,3
2025-10-30T06:22:25.637836,06:22:25,7661.88,651259.75,3
2025-10-30T06:22:28.254267,06:22:28,7664.56,651487.64,3
2025-10-30T06:22:37.780610,06:22:37,7679.69,652773.96,3
2025-10-30T06:22:39.896249,06:22:39,7681.95,652966.01,3
2025-10-30T06:22:50.276118,06:22:50,7692.74,653882.73,3
2025-10-30T06:22:51.821802,06:22:51,7692.84,653891.48,3
2025-10-30T06:23:01.881432,06:23:01,7671.38,652067.54,3
2025-10-30T06:23:03.903444,06:23:03,7670.92,652028.61,3
2025-10-30T06:23:13.518244,06:23:13,7676.67,652516.66,3
2025-10-30T06:23:15.782443,06:23:15,7678.25,652651.09,3
2025-10-30T06:23:25.236306,06:23:25,7693.51,653948.29,3
2025-10-30T06:23:27.412324,06:23:27,7691.94,653814.51,3
2025-10-30T06:23:37.205137,06:23:37,7697.32,654272.27,3
2025-10-30T06:23:39.381321,06:23:39,7704.61,654891.55,3
2025-10-30T06:23:49.406170,06:23:49,7712.09,655527.96,3
2025-10-30T06:23:51.259966,06:23:51,7715.43,655811.5,3
2025-10-30T06:24:01.725800,06:24:01,7737.05,657649.57,3
2025-10-30T06:24:02.857410,06:24:02,7711.69,655493.88,3
2025-10-30T06:24:13.659246,06:24:13,7702.66,654725.95,3
2025-10-30T06:24:14.457365,06:24:14,7707.17,655109.46,3
2025-10-30T06:24:25.641430,06:24:25,7724.88,656614.96,3
2025-10-30T06:24:26.363157,06:24:26,7732.47,657259.89,3
2025-10-30T06:24:37.844054,06:24:37,7722.14,656381.53,3
2025-10-30T06:24:38.567441,06:24:38,7723.42,656490.38,3
2025-10-30T06:24:50.070386,06:24:50,7714.77,655755.53,3
2025-10-30T06:24:50.207715,06:24:50,7718.0,656029.96,3
2025-10-30T06:25:01.639690,06:25:01,7715.89,655850.63,3
2025-10-30T06:25:01.889786,06:25:01,7715.59,655824.73,3
2025-10-30T06:25:14.109411,06:25:14,7707.84,655166.59,3
2025-10-30T06:25:14.383109,06:25:14,7707.94,655174.54,3
2025-10-30T06:25:26.086865,06:25:26,7700.15,654512.95,3
2025-10-30T06:25:26.849865,06:25:26,7700.16,654513.36,3
2025-10-30T06:25:38.272670,06:25:38,7709.88,655340.16,3
2025-10-30T06:25:39.389395,06:25:39,7709.8,655332.63,3
2025-10-30T06:25:50.455667,06:25:50,7677.91,652622.62,3
2025-10-30T06:25:51.288981,06:25:51,7680.31,652825.96,3
2025-10-30T06:26:02.633956,06:26:02,7689.44,653602.48,3
2025-10-30T06:26:03.537264,06:26:03,7688.2,653497.08,3
2025-10-30T06:26:14.556984,06:26:14,7696.51,654203.11,3
2025-10-30T06:26:15.525430,06:26:15,7696.68,654217.71,3
2025-10-30T06:26:26.799810,06:26:26,7714.17,655704.5,3
2025-10-30T06:26:27.767544,06:26:27,7714.18,655704.91,3
2025-10-30T06:26:38.670186,06:26:38,7731.07,657140.67,3
2025-10-30T06:26:39.690098,06:26:39,7730.33,657077.77,3
2025-10-30T06:26:50.613902,06:26:50,7759.77,659580.17,3
2025-10-30T06:26:51.852032,06:26:51,7762.4,659804.32,3
2025-10-30T06:27:02.760341,06:27:02,7781.91,661461.95,3
2025-10-30T06:27:03.505615,06:27:03,7784.04,661643.19,3
2025-10-30T06:27:14.999156,06:27:14,7804.97,663422.36,3
2025-10-30T06:27:15.384807,06:27:15,7807.86,663668.0,3
2025-10-30T06:27:26.903461,06:27:26,7807.38,663627.45,3
2025-10-30T06:27:27.569442,06:27:27,7807.71,663655.43,3
2025-10-30T06:27:39.108973,06:27:39,7773.87,660778.84,3
2025-10-30T06:27:40.134990,06:27:40,7772.99,660704.02,3
2025-10-30T06:27:51.001978,06:27:51,7775.73,660937.31,3
2025-10-30T06:27:52.355934,06:27:52,7775.66,660931.22,3
2025-10-30T06:28:02.612682,06:28:02,7766.43,660146.76,3
2025-10-30T06:28:03.954124,06:28:03,7771.36,660565.35,3
2025-10-30T06:28:14.754230,06:28:14,7755.51,659218.22,3
2025-10-30T06:28:15.895329,06:28:15,7754.94,659169.56,3
2025-10-30T06:28:26.639017,06:28:26,7748.64,658634.06,3
2025-10-30T06:28:28.152831,06:28:28,7748.64,658634.47,3
2025-10-30T06:28:38.216203,06:28:38,7750.64,658804.51,3
2025-10-30T06:28:40.085728,06:28:40,7756.86,659333.44,3
2025-10-30T06:28:49.833348,06:28:49,7773.54,660750.82,3
2025-10-30T06:28:52.021727,06:28:52,7778.66,661186.17,3
2025-10-30T06:29:01.436136,06:29:01,7796.64,662714.48,3
2025-10-30T06:29:03.957231,06:29:03,7793.5,662447.62,3
2025-10-30T06:29:13.040732,06:29:13,7803.58,663303.98,3
2025-10-30T06:29:15.623400,06:29:15,7798.59,662880.5,3
2025-10-30T06:29:24.675733,06:29:24,7798.9,662906.81,3
2025-10-30T06:29:27.535089,06:29:27,7799.46,662954.52,3
2025-10-30T06:29:36.571839,06:29:36,7802.17,663184.72,3
2025-10-30T06:29:39.143224,06:29:39,7798.2,662847.39,3
2025-10-30T06:29:48.472244,06:29:48,7800.79,663066.73,3
2025-10-30T06:29:50.745508,06:29:50,7800.4,663033.98,3
2025-10-30T06:30:00.475901,06:30:00,7800.08,663006.88,3
2025-10-30T06:30:02.474164,06:30:02,7798.8,662897.73,3
2025-10-30T06:30:12.150583,06:30:12,7735.55,657521.82,3
2025-10-30T06:30:14.373784,06:30:14,7727.82,656864.54,3
2025-10-30T06:30:24.312820,06:30:24,7721.26,656307.07,3
2025-10-30T06:30:26.079651,06:30:26,7713.99,655689.54,3
2025-10-30T06:30:36.319400,06:30:36,7690.84,653721.06,3
2025-10-30T06:30:37.728343,06:30:37,7693.34,653933.66,3
2025-10-30T06:30:48.239309,06:30:48,7698.6,654381.31,3
2025-10-30T06:30:49.880040,06:30:49,7695.62,654127.54,3
2025-10-30T06:31:00.134048,06:31:00,7677.82,652614.72,3
2025-10-30T06:31:02.070626,06:31:02,7674.38,652321.88,3
2025-10-30T06:31:12.498101,06:31:12,7721.24,656305.5,3
2025-10-30T06:31:13.691755,06:31:13,7718.34,656058.53,3
2025-10-30T06:31:24.410886,06:31:24,7744.66,658295.72,3
2025-10-30T06:31:25.906600,06:31:25,7744.53,658285.45,3
2025-10-30T06:31:36.332045,06:31:36,7742.53,658114.74,3
2025-10-30T06:31:37.811968,06:31:37,7742.62,658122.73,3
2025-10-30T06:31:48.541681,06:31:48,7714.68,655747.56,3
2025-10-30T06:31:50.099424,06:31:50,7719.08,656121.55,3
2025-10-30T06:32:00.444070,06:32:00,7717.68,656002.87,3
2025-10-30T06:32:01.747340,06:32:01,7717.09,655952.64,3
2025-10-30T06:32:12.046275,06:32:12,7712.06,655525.14,3
2025-10-30T06:32:13.665403,06:32:13,7712.07,655525.96,3
2025-10-30T06:32:23.683511,06:32:23,7717.25,655966.66,3
2025-10-30T06:32:25.427124,06:32:25,7717.38,655977.67,3
2025-10-30T06:32:35.872492,06:32:35,7722.46,656409.0,3
2025-10-30T06:32:37.640116,06:32:37,7681.03,652887.31,3
2025-10-30T06:32:47.809204,06:32:47,7686.39,653343.25,3
2025-10-30T06:32:49.513565,06:32:49,7679.18,652730.34,3
2025-10-30T06:32:59.655343,06:32:59,7692.55,653866.65,3
2025-10-30T06:33:01.149321,06:33:01,7681.12,652895.33,3
2025-10-30T06:33:11.614446,06:33:11,7640.92,649477.95,3
2025-10-30T06:33:13.036578,06:33:13,7641.04,649488.22,3
2025-10-30T06:33:23.808993,06:33:23,7613.12,647114.98,3
2025-10-30T06:33:24.731195,06:33:24,7616.49,647402.04,3
2025-10-30T06:33:35.744810,06:33:35,7607.31,646621.16,3
2025-10-30T06:33:36.420546,06:33:36,7605.58,646474.46,3
2025-10-30T06:33:47.682060,06:33:47,7626.26,648232.41,3
2025-10-30T06:33:48.357560,06:33:48,7608.77,646745.69,3
2025-10-30T06:33:59.596648,06:33:59,7603.46,646294.45,3
2025-10-30T06:34:00.553124,06:34:00,7603.92,646333.56,3
2025-10-30T06:34:11.802949,06:34:11,7617.57,647493.84,3
2025-10-30T06:34:12.495730,06:34:12,7620.28,647724.08,3
2025-10-30T06:34:23.966006,06:34:23,7632.77,648785.24,3
2025-10-30T06:34:24.399287,06:34:24,7632.77,648785.38,3
2025-10-30T06:34:35.671008,06:34:35,7547.56,641542.18,3
2025-10-30T06:34:36.948293,06:34:36,7542.66,641126.48,3
2025-10-30T06:34:47.667615,06:34:47,7533.37,640336.21,3
2025-10-30T06:34:48.877464,06:34:48,7517.84,639016.51,3
2025-10-30T06:35:00.077020,06:35:00,7507.62,638147.53,3
2025-10-30T06:35:00.524303,06:35:00,7507.66,638151.21,3
2025-10-30T06:35:12.258141,06:35:12,7534.0,640389.85,3
2025-10-30T06:35:12.727497,06:35:12,7537.62,640698.1,3
2025-10-30T06:35:24.493768,06:35:24,7553.92,642082.86,3
2025-10-30T06:35:24.493986,06:35:24,7552.97,642002.19,3
2025-10-30T06:35:36.411436,06:35:36,7551.22,641853.99,3
2025-10-30T06:35:36.414531,06:35:36,7548.65,641635.13,3
2025-10-30T06:35:48.337245,06:35:48,7572.52,643664.4,3
2025-10-30T06:35:48.628017,06:35:48,7572.53,643664.81,3
2025-10-30T06:36:00.483917,06:36:00,7615.2,647292.38,3
2025-10-30T06:36:00.856673,06:36:00,7615.2,647292.38,3
2025-10-30T06:36:12.753366,06:36:12,7549.93,641744.07,3
2025-10-30T06:36:13.403678,06:36:13,7550.03,641752.18,3
2025-10-30T06:36:24.712663,06:36:24,7541.6,641035.81,3
2025-10-30T06:36:25.020756,06:36:25,7544.14,641251.93,3
2025-10-30T06:36:36.639725,06:36:36,7590.96,645231.9,3
2025-10-30T06:36:36.984290,06:36:36,7590.96,645231.9,3
2025-10-30T06:36:48.533196,06:36:48,7594.28,645513.73,3
2025-10-30T06:36:48.615102,06:36:48,7594.13,645501.08,3
2025-10-30T06:37:00.542500,06:37:00,7606.6,646561.22,3
2025-10-30T06:37:00.903005,06:37:00,7609.66,646821.21,3
2025-10-30T06:37:12.139082,06:37:12,7566.31,643136.34,3
2025-10-30T06:37:13.111930,06:37:13,7575.87,643948.88,3
2025-10-30T06:37:24.471471,06:37:24,7592.38,645352.63,3
2025-10-30T06:37:25.122255,06:37:25,7593.0,645404.73,3
2025-10-30T06:37:36.398612,06:37:36,7580.26,644321.97,3
2025-10-30T06:37:36.745355,06:37:36,7583.99,644639.0,3
2025-10-30T06:37:48.443453,06:37:48,7567.1,643203.33,3
2025-10-30T06:37:48.683133,06:37:48,7567.33,643223.1,3
2025-10-30T06:38:00.342439,06:38:00,7555.48,642215.46,3
2025-10-30T06:38:00.380285,06:38:00,7555.48,642215.46,3
2025-10-30T06:38:11.953573,06:38:11,7534.89,640466.07,3
2025-10-30T06:38:12.621411,06:38:12,7530.6,640101.35,3
2025-10-30T06:38:24.175029,06:38:24,7536.83,640630.85,3
2025-10-30T06:38:25.238574,06:38:25,7536.12,640570.62,3
2025-10-30T06:38:35.803226,06:38:35,7512.55,638567.02,3
2025-10-30T06:38:37.159440,06:38:37,7512.61,638572.26,3
2025-10-30T06:38:47.476018,06:38:47,7528.4,639914.24,3
2025-10-30T06:38:49.287540,06:38:49,7528.87,639953.96,3
2025-10-30T06:38:59.420185,06:38:59,7544.76,641304.42,3
2025-10-30T06:39:01.289180,06:39:01,7544.42,641275.42,3
2025-10-30T06:39:11.316060,06:39:11,7543.77,641220.6,3
2025-10-30T06:39:13.248615,06:39:13,7520.63,639253.75,3
2025-10-30T06:39:22.961545,06:39:22,7529.18,639980.28,3
2025-10-30T06:39:25.118220,06:39:25,7531.17,640149.46,3
2025-10-30T06:39:34.858487,06:39:34,7562.82,642839.76,3
2025-10-30T06:39:36.801647,06:39:36,7568.71,643340.18,3
2025-10-30T06:39:47.037448,06:39:47,7621.24,647804.98,3
2025-10-30T06:39:48.692864,06:39:48,7622.76,647934.94,3
2025-10-30T06:39:58.990339,06:39:58,7654.98,650673.06,3
2025-10-30T06:40:00.416524,06:40:00,7651.24,650355.02,3
2025-10-30T06:40:10.890533,06:40:10,7703.25,654776.23,3
2025-10-30T06:40:12.276482,06:40:12,7703.59,654805.49,3
2025-10-30T06:40:23.118873,06:40:23,7733.91,657381.96,3
2025-10-30T06:40:24.245539,06:40:24,7736.05,657564.47,3
2025-10-30T06:40:35.741561,06:40:35,7766.8,660177.77,3
2025-10-30T06:40:36.429140,06:40:36,7777.59,661095.53,3
2025-10-30T06:40:47.769802,06:40:47,7768.5,660322.32,3
2025-10-30T06:40:48.325901,06:40:48,7768.87,660353.76,3
2025-10-30T06:40:59.716042,06:40:59,7741.39,658017.8,3
2025-10-30T06:41:00.510575,06:41:00,7752.13,658931.33,3
2025-10-30T06:41:11.647968,06:41:11,7727.52,656839.62,3
2025-10-30T06:41:12.583610,06:41:12,7721.24,656305.29,3
2025-10-30T06:41:23.565145,06:41:23,7652.73,650482.03,3
2025-10-30T06:41:24.184029,06:41:24,7651.33,650362.64,3
2025-10-30T06:41:35.774109,06:41:35,7624.27,648063.21,3
2025-10-30T06:41:35.905874,06:41:35,7623.92,648032.81,3
2025-10-30T06:41:47.570979,06:41:47,7645.6,649876.16,3
2025-10-30T06:41:47.954201,06:41:47,7645.79,649892.1,3
2025-10-30T06:41:59.763982,06:41:59,7680.47,652840.17,3
2025-10-30T06:41:59.978114,06:41:59,7683.19,653071.39,3
2025-10-30T06:42:11.655590,06:42:11,7665.31,651551.76,3
2025-10-30T06:42:11.943352,06:42:11,7665.03,651527.9,3
2025-10-30T06:42:23.566608,06:42:23,7696.6,654210.98,3
2025-10-30T06:42:23.606199,06:42:23,7700.05,654504.41,3
2025-10-30T06:42:35.463304,06:42:35,7697.46,654283.96,3
2025-10-30T06:42:35.771688,06:42:35,7697.46,654283.96,3
2025-10-30T06:42:47.644417,06:42:47,7717.55,655991.38,3
2025-10-30T06:42:47.768787,06:42:47,7717.55,655991.38,3
2025-10-30T06:42:59.797956,06:42:59,7720.51,656243.58,3
2025-10-30T06:43:00.325772,06:43:00,7720.79,656267.38,3
2025-10-30T06:43:11.439336,06:43:11,7717.72,656006.56,3
2025-10-30T06:43:12.517345,06:43:12,7724.71,656599.94,3
2025-10-30T06:43:23.983563,06:43:23,7797.17,662759.58,3
2025-10-30T06:43:24.500566,06:43:24,7808.27,663703.2,3
2025-10-30T06:43:36.253661,06:43:36,7794.95,662570.34,3
2025-10-30T06:43:36.971123,06:43:36,7795.23,662594.33,3
2025-10-30T06:43:48.493528,06:43:48,7782.82,661539.95,3
2025-10-30T06:43:49.195978,06:43:49,7777.15,661058.13,3
2025-10-30T06:44:00.707171,06:44:00,7751.0,658835.14,3
2025-10-30T06:44:01.681211,06:44:01,7754.73,659151.91,3
2025-10-30T06:44:12.599790,06:44:12,7752.91,658997.37,3
2025-10-30T06:44:13.559730,06:44:13,7752.82,658989.87,3
2025-10-30T06:44:24.739224,06:44:24,7739.16,657829.0,3
2025-10-30T06:44:25.532151,06:44:25,7739.48,657855.5,3
2025-10-30T06:44:36.596722,06:44:36,7734.44,657427.12,3
2025-10-30T06:44:37.096253,06:44:37,7734.44,657427.53,3
2025-10-30T06:44:48.774100,06:44:48,7733.05,657308.96,3
2025-10-30T06:44:48.985979,06:44:48,7732.38,657252.48,3
2025-10-30T06:45:00.598211,06:45:00,7714.31,655716.1,3
2025-10-30T06:45:00.935071,06:45:00,7714.29,655714.67,3
2025-10-30T06:45:12.504950,06:45:12,7675.78,652441.66,3
2025-10-30T06:45:12.812294,06:45:12,7676.03,652462.63,3
2025-10-30T06:45:24.707328,06:45:24,7718.39,656063.53,3
2025-10-30T06:45:24.758455,06:45:24,7707.62,655147.45,3
2025-10-30T06:45:36.675727,06:45:36,7710.04,655353.76,3
2025-10-30T06:45:37.098052,06:45:37,7710.04,655353.76,3
2025-10-30T06:45:48.544488,06:45:48,7737.56,657692.56,3
2025-10-30T06:45:49.061768,06:45:49,7741.28,658008.77,3
2025-10-30T06:46:00.469218,06:46:00,7748.92,658657.84,3
2025-10-30T06:46:01.029235,06:46:01,7750.12,658760.49,3
2025-10-30T06:46:12.434381,06:46:12,7808.4,663714.2,3
2025-10-30T06:46:12.986981,06:46:12,7810.32,663877.51,3
2025-10-30T06:46:24.068985,06:46:24,7793.49,662446.95,3
2025-10-30T06:46:24.876953,06:46:24,7793.77,662470.48,3
2025-10-30T06:46:35.963388,06:46:35,7825.45,665163.29,3
2025-10-30T06:46:36.571898,06:46:36,7825.43,665161.39,3
2025-10-30T06:46:48.181984,06:46:48,7797.62,662797.31,3
2025-10-30T06:46:48.189614,06:46:48,7796.54,662706.32,3
2025-10-30T06:47:00.116525,06:47:00,7781.74,661448.03,3
2025-10-30T06:47:00.383500,06:47:00,7786.08,661816.7,3
2025-10-30T06:47:12.022916,06:47:12,7803.7,663314.84,3
2025-10-30T06:47:12.254840,06:47:12,7800.29,663025.01,3
2025-10-30T06:47:23.804611,06:47:23,7771.22,660554.07,3
2025-10-30T06:47:24.190845,06:47:24,7770.24,660470.42,3
2025-10-30T06:47:35.702244,06:47:35,7731.44,657172.71,3
2025-10-30T06:47:36.130110,06:47:36,7735.46,657514.16,3
2025-10-30T06:47:47.620816,06:47:47,7711.46,655473.75,3
2025-10-30T06:47:48.036796,06:47:48,7711.55,655481.95,3
2025-10-30T06:47:59.299941,06:47:59,7708.99,655263.8,3
2025-10-30T06:48:00.230412,06:48:00,7708.09,655187.95,3
2025-10-30T06:48:11.446469,06:48:11,7676.8,652528.12,3
2025-10-30T06:48:12.139093,06:48:12,7680.45,652838.27,3
2025-10-30T06:48:23.703865,06:48:23,7680.38,652831.95,3
2025-10-30T06:48:24.025130,06:48:24,7681.5,652927.31,3
2025-10-30T06:48:35.908390,06:48:35,7714.98,655773.13,3
2025-10-30T06:48:36.168490,06:48:36,7714.88,655765.22,3
2025-10-30T06:48:48.034340,06:48:48,7716.36,655890.48,3
2025-10-30T06:48:48.138700,06:48:48,7716.36,655890.48,3
2025-10-30T06:48:59.952937,06:48:59,7728.21,656897.63,3
2025-10-30T06:49:00.457643,06:49:00,7729.42,657000.37,3
2025-10-30T06:49:12.097608,06:49:12,7745.87,658398.64,3
2025-10-30T06:49:12.445845,06:49:12,7745.73,658387.42,3
2025-10-30T06:49:24.010671,06:49:24,7760.57,659648.56,3
2025-10-30T06:49:24.099062,06:49:24,7760.57,659648.56,3
2025-10-30T06:49:35.614971,06:49:35,7758.46,659469.33,3
2025-10-30T06:49:36.816439,06:49:36,7756.28,659283.81,3
2025-10-30T06:49:47.826556,06:49:47,7767.95,660275.82,3
2025-10-30T06:49:49.015156,06:49:49,7768.04,660283.46,3
2025-10-30T06:50:00.023813,06:50:00,7791.8,662302.93,3
2025-10-30T06:50:00.924475,06:50:00,7793.06,662410.43,3
2025-10-30T06:50:12.011472,06:50:12,7787.63,661948.26,3
2025-10-30T06:50:12.884000,06:50:12,7786.26,661831.81,3
2025-10-30T06:50:24.286013,06:50:24,7795.91,662651.98,3
2025-10-30T06:50:24.859553,06:50:24,7796.65,662715.24,3
2025-10-30T06:50:36.755860,06:50:36,7799.22,662933.85,3
2025-10-30T06:50:37.049104,06:50:37,7799.22,662933.85,3
2025-10-30T06:50:48.346376,06:50:48,7796.96,662741.96,3
2025-10-30T06:50:48.658513,06:50:48,7797.12,662754.96,3
2025-10-30T06:51:00.496235,06:51:00,7798.6,662881.11,3
2025-10-30T06:51:00.558242,06:51:00,7798.6,662881.11,3
2025-10-30T06:51:12.664709,06:51:12,7760.73,659662.21,3
2025-10-30T06:51:12.906293,06:51:12,7760.73,659662.21,3
2025-10-30T06:51:24.356798,06:51:24,7737.84,657716.71,3
2025-10-30T06:51:24.809006,06:51:24,7735.51,657518.76,3
2025-10-30T06:51:36.047025,06:51:36,7729.94,657044.8,3
2025-10-30T06:51:36.547758,06:51:36,7730.91,657127.07,3
2025-10-30T06:51:47.992871,06:51:47,7724.72,656601.5,3
2025-10-30T06:51:48.436659,06:51:48,7724.82,656609.82,3
2025-10-30T06:52:00.145418,06:52:00,7739.43,657851.63,3
2025-10-30T06:52:00.746630,06:52:00,7733.08,657312.04,3
2025-10-30T06:52:11.848394,06:52:11,7738.75,657793.5,3
2025-10-30T06:52:12.367787,06:52:12,7731.07,657140.86,3
2025-10-30T06:52:23.556834,06:52:23,7710.67,655407.3,3
2025-10-30T06:52:24.061450,06:52:24,7710.84,655421.71,3
2025-10-30T06:52:35.516925,06:52:35,7690.75,653713.64,3
2025-10-30T06:52:36.051869,06:52:36,7690.77,653715.75,3
2025-10-30T06:52:47.363962,06:52:47,7688.34,653508.78,3
2025-10-30T06:52:48.245433,06:52:48,7694.1,653998.72,3
2025-10-30T06:52:59.296558,06:52:59,7693.34,653933.97,3
2025-10-30T06:53:00.245432,06:53:00,7698.1,654338.84,3
2025-10-30T06:53:11.181757,06:53:11,7707.16,655108.81,3
2025-10-30T06:53:12.368090,06:53:12,7707.17,655109.22,3
2025-10-30T06:53:22.788009,06:53:22,7729.13,656976.36,3
2025-10-30T06:53:23.995071,06:53:23,7728.85,656951.94,3
2025-10-30T06:53:34.470229,06:53:34,7738.22,657748.79,3
2025-10-30T06:53:35.930166,06:53:35,7739.87,657889.27,3
2025-10-30T06:53:46.473379,06:53:46,7727.75,656858.42,3
2025-10-30T06:53:47.593901,06:53:47,7727.56,656843.0,3
2025-10-30T06:53:58.381889,06:53:58,7712.07,655525.82,3
2025-10-30T06:53:59.557533,06:53:59,7715.62,655827.9,3
2025-10-30T06:54:09.994116,06:54:09,7741.65,658040.14,3
2025-10-30T06:54:11.457029,06:54:11,7737.13,657655.69,3
2025-10-30T06:54:21.610643,06:54:21,7739.6,657866.14,3
2025-10-30T06:54:23.342260,06:54:23,7737.85,657716.93,3
2025-10-30T06:54:33.214532,06:54:33,7759.57,659563.31,3
2025-10-30T06:54:34.959783,06:54:34,7755.59,659225.02,3
2025-10-30T06:54:44.878485,06:54:44,7721.02,656286.35,3
2025-10-30T06:54:46.574655,06:54:46,7724.34,656568.64,3
2025-10-30T06:54:56.485154,06:54:56,7719.59,656165.14,3
2025-10-30T06:54:58.491307,06:54:58,7719.79,656181.8,3
2025-10-30T06:55:08.140992,06:55:08,7718.28,656054.1,3
2025-10-30T06:55:10.719785,06:55:10,7712.06,655525.47,3
2025-10-30T06:55:19.784586,06:55:19,7715.11,655784.1,3
2025-10-30T06:55:22.593494,06:55:22,7708.28,655203.83,3
2025-10-30T06:55:31.782675,06:55:31,7692.88,653894.82,3
2025-10-30T06:55:34.517556,06:55:34,7697.39,654277.76,3
2025-10-30T06:55:43.660376,06:55:43,7687.78,653461.26,3
2025-10-30T06:55:46.139424,06:55:46,7687.61,653447.06,3
2025-10-30T06:55:56.152535,06:55:56,7659.24,651035.5,3
2025-10-30T06:55:57.726507,06:55:57,7636.62,649112.83,3
2025-10-30T06:56:08.047216,06:56:08,7591.02,645236.44,3
2025-10-30T06:56:09.720705,06:56:09,7587.83,644965.59,3
2025-10-30T06:56:20.229425,06:56:20,7555.3,642200.61,3
2025-10-30T06:56:21.613454,06:56:21,7554.9,642166.72,3
2025-10-30T06:56:32.384214,06:56:32,7560.54,642645.53,3
2025-10-30T06:56:33.503472,06:56:33,7560.54,642646.08,3
2025-10-30T06:56:44.680899,06:56:44,7577.76,644109.43,3
2025-10-30T06:56:45.510998,06:56:45,7575.78,643941.21,3
2025-10-30T06:56:56.709312,06:56:56,7587.35,644924.63,3
2025-10-30T06:56:57.752848,06:56:57,7587.73,644956.78,3
2025-10-30T06:57:08.621448,06:57:08,7628.76,648444.33,3
2025-10-30T06:57:09.682449,06:57:09,7628.51,648423.17,3
2025-10-30T06:57:20.585980,06:57:20,7623.45,647993.19,3
2025-10-30T06:57:21.855151,06:57:21,7612.34,647049.04,3
2025-10-30T06:57:32.516188,06:57:32,7531.35,640164.45,3
2025-10-30T06:57:34.045358,06:57:34,7529.94,640044.56,3
2025-10-30T06:57:44.428446,06:57:44,7516.19,638876.1,3
2025-10-30T06:57:45.710158,06:57:45,7509.95,638346.05,3
2025-10-30T06:57:56.325778,06:57:56,7547.21,641512.9,3
2025-10-30T06:57:57.976558,06:57:57,7563.03,642857.13,3
2025-10-30T06:58:07.931256,06:58:07,7592.22,645338.97,3
2025-10-30T06:58:09.586644,06:58:09,7618.74,647593.07,3
2025-10-30T06:58:19.834361,06:58:19,7636.43,649096.4,3
2025-10-30T06:58:21.486005,06:58:21,7636.26,649082.42,3
2025-10-30T06:58:32.040163,06:58:32,7624.88,648114.4,3
2025-10-30T06:58:33.698529,06:58:33,7627.69,648353.78,3
2025-10-30T06:58:43.957973,06:58:43,7654.81,650658.51,3
2025-10-30T06:58:45.416960,06:58:45,7654.72,650651.01,3
2025-10-30T06:58:55.863940,06:58:55,7651.97,650417.22,3
2025-10-30T06:58:57.605245,06:58:57,7651.7,650394.82,3
2025-10-30T06:59:07.490507,06:59:07,7628.14,648392.28,3
2025-10-30T06:59:09.585125,06:59:09,7627.03,648297.92,3
2025-10-30T06:59:19.418791,06:59:19,7638.09,649237.69,3
2025-10-30T06:59:22.059305,06:59:22,7640.01,649400.5,3
2025-10-30T06:59:31.577635,06:59:31,7635.45,649013.29,3
2025-10-30T06:59:33.682064,06:59:33,7636.64,649114.81,3
2025-10-30T06:59:43.441957,06:59:43,7634.24,648910.45,3
2025-10-30T06:59:45.268308,06:59:45,7635.37,649006.19,3
2025-10-30T06:59:55.597866,06:59:55,7638.51,649273.05,3
2025-10-30T06:59:56.861332,06:59:56,7638.81,649298.66,3
2025-10-30T07:00:08.122333,07:00:08,7660.04,651103.06,3
2025-10-30T07:00:08.772982,07:00:08,7666.41,651644.84,3
2025-10-30T07:00:20.063294,07:00:20,7635.6,649026.4,3
2025-10-30T07:00:20.410319,07:00:20,7637.89,649220.99,3
2025-10-30T07:00:31.991065,07:00:31,7634.85,648961.86,3
2025-10-30T07:00:32.264966,07:00:32,7635.79,649042.14,3
2025-10-30T07:00:44.177909,07:00:44,7679.47,652755.18,3
2025-10-30T07:00:44.456671,07:00:44,7681.5,652927.75,3
2025-10-30T07:00:56.375922,07:00:56,7655.99,650758.98,3
2025-10-30T07:00:56.468315,07:00:56,7655.99,650758.98,3
2025-10-30T07:01:08.228712,07:01:08,7632.84,648791.32,3
2025-10-30T07:01:08.625811,07:01:08,7631.34,648663.6,3
2025-10-30T07:01:20.132984,07:01:20,7626.13,648220.96,3
2025-10-30T07:01:20.617729,07:01:20,7633.26,648827.38,3
2025-10-30T07:01:31.740332,07:01:31,7670.57,651998.46,3
2025-10-30T07:01:32.491304,07:01:32,7667.92,651772.87,3
2025-10-30T07:01:43.980318,07:01:43,7650.69,650308.24,3
2025-10-30T07:01:44.407152,07:01:44,7647.85,650067.45,3
2025-10-30T07:01:56.197240,07:01:56,7657.36,650875.46,3
2025-10-30T07:01:56.430369,07:01:56,7656.82,650829.96,3
2025-10-30T07:02:08.376592,07:02:08,7663.66,651411.17,3
2025-10-30T07:02:08.418431,07:02:08,7665.05,651529.58,3
2025-10-30T07:02:20.520563,07:02:20,7681.22,652903.65,3
2025-10-30T07:02:20.568657,07:02:20,7687.66,653450.92,3
2025-10-30T07:02:32.483665,07:02:32,7680.89,652875.74,3
2025-10-30T07:02:32.748113,07:02:32,7682.14,652981.69,3
2025-10-30T07:02:44.476612,07:02:44,7666.86,651683.14,3
2025-10-30T07:02:44.716923,07:02:44,7665.98,651608.24,3
2025-10-30T07:02:56.352015,07:02:56,7647.69,650053.69,3
2025-10-30T07:02:56.931984,07:02:56,7647.75,650058.44,3
2025-10-30T07:03:08.537500,07:03:08,7687.94,653474.62,3
2025-10-30T07:03:08.594808,07:03:08,7684.53,653185.1,3
2025-10-30T07:03:20.453101,07:03:20,7708.83,655250.75,3
2025-10-30T07:03:20.921863,07:03:20,7708.83,655250.75,3
2025-10-30T07:03:32.346248,07:03:32,7733.31,657331.55,3
2025-10-30T07:03:32.916471,07:03:32,7734.31,657416.16,3
2025-10-30T07:03:44.634859,07:03:44,7730.06,657055.22,3
2025-10-30T07:03:44.807148,07:03:44,7735.31,657501.48,3
2025-10-30T07:03:56.749044,07:03:56,7740.74,657962.86,3
2025-10-30T07:03:57.331709,07:03:57,7740.97,657982.36,3
2025-10-30T07:04:08.918710,07:04:08,7737.33,657673.4,3
2025-10-30T07:04:08.923218,07:04:08,7737.33,657673.4,3
2025-10-30T07:04:20.556289,07:04:20,7728.67,656936.94,3
2025-10-30T07:04:20.831819,07:04:20,7728.2,656897.39,3
2025-10-30T07:04:32.760849,07:04:32,7739.88,657890.01,3
2025-10-30T07:04:33.041931,07:04:33,7737.85,657717.48,3
2025-10-30T07:04:44.660765,07:04:44,7789.24,662085.34,3
2025-10-30T07:04:45.024006,07:04:45,7806.67,663566.53,3
2025-10-30T07:04:56.600081,07:04:56,7835.26,665997.35,3
2025-10-30T07:04:56.956180,07:04:56,7826.01,665210.86,3
2025-10-30T07:05:08.810485,07:05:08,7845.81,666893.74,3
2025-10-30T07:05:09.195560,07:05:09,7845.96,666906.74,3
2025-10-30T07:05:20.751301,07:05:20,7832.64,665774.73,3
2025-10-30T07:05:21.061868,07:05:21,7829.76,665529.32,3
2025-10-30T07:05:32.656704,07:05:32,7811.44,663972.49,3
2025-10-30T07:05:33.027095,07:05:33,7815.54,664320.89,3
2025-10-30T07:05:44.268731,07:05:44,7747.15,658507.9,3
2025-10-30T07:05:44.625398,07:05:44,7746.97,658492.11,3
2025-10-30T07:05:56.173230,07:05:56,7735.06,657479.86,3
2025-10-30T07:05:56.244538,07:05:56,7735.06,657479.86,3
2025-10-30T07:06:07.764359,07:06:07,7721.58,656333.98,3
2025-10-30T07:06:07.895323,07:06:07,7721.59,656335.38,3
2025-10-30T07:06:19.362531,07:06:19,7765.49,660066.45,3
2025-10-30T07:06:19.632940,07:06:19,7764.17,659954.5,3
2025-10-30T07:06:31.252105,07:06:31,7775.05,660878.99,3
2025-10-30T07:06:31.572016,07:06:31,7775.05,660878.99,3
2025-10-30T07:06:43.428737,07:06:43,7766.35,660139.45,3
2025-10-30T07:06:43.438456,07:06:43,7766.35,660139.45,3
2025-10-30T07:06:55.320803,07:06:55,7760.94,659679.55,3
2025-10-30T07:06:55.652722,07:06:55,7760.98,659683.65,3
2025-10-30T07:07:07.210106,07:07:07,7728.33,656907.65,3
2025-10-30T07:07:07.911763,07:07:07,7733.05,657309.4,3
2025-10-30T07:07:18.891283,07:07:18,7730.49,657091.81,3
2025-10-30T07:07:19.546129,07:07:19,7719.65,656170.41,3
2025-10-30T07:07:30.792416,07:07:30,7720.92,656278.11,3
2025-10-30T07:07:31.160095,07:07:31,7731.69,657193.66,3
2025-10-30T07:07:42.980371,07:07:42,7772.48,660660.39,3
2025-10-30T07:07:43.329767,07:07:43,7758.77,659495.6,3
2025-10-30T07:07:55.181006,07:07:55,7764.67,659996.74,3
2025-10-30T07:07:55.211196,07:07:55,7764.67,659996.74,3
2025-10-30T07:08:07.138426,07:08:07,7763.95,659935.45,3
2025-10-30T07:08:07.350264,07:08:07,7763.95,659935.86,3
2025-10-30T07:08:18.943051,07:08:18,7731.91,657212.34,3
2025-10-30T07:08:19.007073,07:08:19,7731.91,657212.34,3
2025-10-30T07:08:30.980164,07:08:30,7705.13,654935.68,3
2025-10-30T07:08:31.439506,07:08:31,7705.16,654938.83,3
2025-10-30T07:08:42.575473,07:08:42,7699.75,654478.93,3
2025-10-30T07:08:43.396299,07:08:43,7699.2,654432.18,3
2025-10-30T07:08:54.547414,07:08:54,7716.19,655876.35,3
2025-10-30T07:08:55.607602,07:08:55,7718.31,656056.38,3
2025-10-30T07:09:06.487031,07:09:06,7731.63,657188.59,3
2025-10-30T07:09:07.564476,07:09:07,7730.99,657134.37,3
2025-10-30T07:09:18.437681,07:09:18,7725.73,656686.78,3
2025-10-30T07:09:20.045479,07:09:20,7725.52,656669.01,3
2025-10-30T07:09:30.082922,07:09:30,7737.92,657723.46,3
2025-10-30T07:09:32.402414,07:09:32,7737.32,657672.59,3
2025-10-30T07:09:42.305360,07:09:42,7726.69,656768.71,3
2025-10-30T07:09:43.995945,07:09:43,7735.33,657503.03,3
2025-10-30T07:09:54.209363,07:09:54,7738.41,657764.73,3
2025-10-30T07:09:55.884074,07:09:55,7748.85,658652.18,3
2025-10-30T07:10:06.117132,07:10:06,7734.62,657443.0,3
2025-10-30T07:10:07.507504,07:10:07,7744.63,658293.7,3
2025-10-30T07:10:18.026979,07:10:18,7760.68,659657.83,3
2025-10-30T07:10:19.382919,07:10:19,7758.16,659443.59,3
2025-10-30T07:10:29.609689,07:10:29,7750.42,658785.97,3
2025-10-30T07:10:31.255881,07:10:31,7751.79,658901.9,3
2025-10-30T07:10:42.065189,07:10:42,7728.5,656922.91,3
2025-10-30T07:10:43.234046,07:10:43,7728.57,656928.54,3
2025-10-30T07:10:53.994872,07:10:53,7715.84,655846.42,3
2025-10-30T07:10:55.113594,07:10:55,7710.59,655400.28,3
2025-10-30T07:11:05.679584,07:11:05,7672.65,652175.27,3
2025-10-30T07:11:07.601687,07:11:07,7684.97,653222.14,3
2025-10-30T07:11:17.623734,07:11:17,7675.63,652428.24,3
2025-10-30T07:11:19.546828,07:11:19,7678.17,652644.43,3
2025-10-30T07:11:29.561531,07:11:29,7678.76,652694.92,3
2025-10-30T07:11:31.469915,07:11:31,7674.55,652336.65,3
2025-10-30T07:11:41.142837,07:11:41,7667.08,651701.78,3
2025-10-30T07:11:43.404318,07:11:43,7672.55,652166.8,3
2025-10-30T07:11:52.754733,07:11:52,7677.61,652596.47,3
2025-10-30T07:11:55.298217,07:11:55,7677.94,652625.11,3
2025-10-30T07:12:04.942116,07:12:04,7667.79,651761.97,3
2025-10-30T07:12:07.300063,07:12:07,7677.61,652597.25,3
2025-10-30T07:12:17.203764,07:12:17,7708.69,655239.02,3
2025-10-30T07:12:18.905111,07:12:18,7708.7,655239.85,3
2025-10-30T07:12:29.394134,07:12:29,7712.29,655544.48,3
2025-10-30T07:12:30.899943,07:12:30,7713.21,655622.93,3
2025-10-30T07:12:41.334017,07:12:41,7720.27,656222.96,3
2025-10-30T07:12:42.827428,07:12:42,7728.08,656886.56,3
2025-10-30T07:12:53.308914,07:12:53,7726.94,656789.84,3
2025-10-30T07:12:55.586507,07:12:55,7726.24,656730.21,3
2025-10-30T07:13:05.177760,07:13:05,7732.44,657257.08,3
2025-10-30T07:13:07.515319,07:13:07,7732.6,657270.7,3
2025-10-30T07:13:17.135330,07:13:17,7739.82,657884.54,3
2025-10-30T07:13:19.402170,07:13:19,7739.61,657866.55,3
2025-10-30T07:13:29.609718,07:13:29,7756.23,659279.66,3
2025-10-30T07:13:31.068228,07:13:31,7753.27,659028.26,3
2025-10-30T07:13:41.789341,07:13:41,7751.46,658873.97,3
2025-10-30T07:13:42.749693,07:13:42,7751.28,658858.55,3
2025-10-30T07:13:54.030269,07:13:54,7745.36,658355.38,3
2025-10-30T07:13:54.366533,07:13:54,7741.31,658011.42,3
2025-10-30T07:14:05.910153,07:14:05,7740.76,657964.94,3
2025-10-30T07:14:06.272025,07:14:06,7740.38,657932.44,3
2025-10-30T07:14:18.064146,07:14:18,7726.67,656767.03,3
2025-10-30T07:14:18.260332,07:14:18,7725.1,656633.73,3
2025-10-30T07:14:30.044075,07:14:30,7720.64,656254.8,3
2025-10-30T07:14:30.447293,07:14:30,7718.34,656058.97,3
2025-10-30T07:14:41.702017,07:14:41,7728.01,656881.25,3
2025-10-30T07:14:42.408637,07:14:42,7728.11,656889.43,3
2025-10-30T07:14:53.608626,07:14:53,7725.55,656671.98,3
2025-10-30T07:14:54.624542,07:14:54,7725.69,656683.74,3
2025-10-30T07:15:05.584991,07:15:05,7726.37,656741.3,3
2025-10-30T07:15:06.507112,07:15:06,7719.33,656142.77,3
2025-10-30T07:15:18.118333,07:15:18,7732.73,657282.03,3
2025-10-30T07:15:18.468039,07:15:18,7729.11,656974.3,3
2025-10-30T07:15:30.041308,07:15:30,7747.92,658573.0,3
2025-10-30T07:15:30.374725,07:15:30,7749.18,658680.15,3
2025-10-30T07:15:41.885729,07:15:41,7764.7,659999.65,3
2025-10-30T07:15:42.621823,07:15:42,7765.25,660046.6,3
2025-10-30T07:15:53.785774,07:15:53,7764.04,659943.67,3
2025-10-30T07:15:55.049466,07:15:55,7764.69,659998.4,3
2025-10-30T07:16:05.409658,07:16:05,7791.59,662284.95,3
2025-10-30T07:16:06.622848,07:16:06,7792.05,662324.0,3
2025-10-30T07:16:17.319332,07:16:17,7754.03,659092.19,3
2025-10-30T07:16:18.244786,07:16:18,7754.49,659131.5,3
2025-10-30T07:16:29.785030,07:16:29,7775.65,660930.34,3
2025-10-30T07:16:30.116918,07:16:30,7772.81,660689.14,3
2025-10-30T07:16:41.980576,07:16:41,7765.93,660104.1,3
2025-10-30T07:16:42.011038,07:16:42,7765.93,660104.1,3
2025-10-30T07:16:53.626053,07:16:53,7765.98,660108.1,3
2025-10-30T07:16:53.876417,07:16:53,7765.98,660108.1,3
2025-10-30T07:17:05.537153,07:17:05,7764.64,659994.77,3
2025-10-30T07:17:06.056685,07:17:06,7763.58,659904.14,3
2025-10-30T07:17:17.470842,07:17:17,7788.88,662054.69,3
2025-10-30T07:17:18.231532,07:17:18,7788.51,662023.55,3
2025-10-30T07:17:29.108899,07:17:29,7777.97,661127.49,3
2025-10-30T07:17:30.474499,07:17:30,7779.65,661270.66,3
2025-10-30T07:17:41.081104,07:17:41,7781.61,661436.62,3
2025-10-30T07:17:42.111423,07:17:42,7781.62,661437.45,3
2025-10-30T07:17:52.716566,07:17:52,7785.29,661749.34,3
2025-10-30T07:17:53.750193,07:17:53,7788.3,662005.8,3
2025-10-30T07:18:05.240755,07:18:05,7785.4,661758.94,3
2025-10-30T07:18:05.689191,07:18:05,7785.4,661759.35,3
2025-10-30T07:18:17.125377,07:18:17,7766.43,660146.46,3
2025-10-30T07:18:17.599984,07:18:17,7770.52,660493.81,3
2025-10-30T07:18:29.024131,07:18:29,7754.48,659130.56,3
2025-10-30T07:18:29.451968,07:18:29,7754.49,659131.35,3
2025-10-30T07:18:41.674703,07:18:41,7755.28,659198.46,3
2025-10-30T07:18:41.802694,07:18:41,7760.32,659627.18,3
2025-10-30T07:18:53.673869,07:18:53,7762.83,659840.65,3
2025-10-30T07:18:54.048805,07:18:54,7763.84,659926.32,3
2025-10-30T07:19:05.523681,07:19:05,7756.21,659277.76,3
2025-10-30T07:19:06.295489,07:19:06,7760.81,659669.19,3
2025-10-30T07:19:17.200884,07:19:17,7753.76,659069.86,3
2025-10-30T07:19:18.196734,07:19:18,7753.95,659085.87,3
2025-10-30T07:19:29.204897,07:19:29,7746.2,658427.24,3
2025-10-30T07:19:30.720531,07:19:30,7745.04,658328.15,3
2025-10-30T07:19:41.123366,07:19:41,7753.55,659051.96,3
2025-10-30T07:19:42.370950,07:19:42,7753.86,659078.33,3
2025-10-30T07:19:53.105266,07:19:53,7774.3,660815.89,3
2025-10-30T07:19:54.551899,07:19:54,7762.09,659777.52,3
2025-10-30T07:20:04.702233,07:20:04,7728.74,656943.13,3
2025-10-30T07:20:06.473056,07:20:06,7728.29,656904.86,3
2025-10-30T07:20:16.640223,07:20:16,7728.99,656964.43,3
2025-10-30T07:20:18.138746,07:20:18,7729.21,656983.15,3
2025-10-30T07:20:28.614901,07:20:28,7735.55,657521.46,3
2025-10-30T07:20:30.272627,07:20:30,7737.03,657647.15,3
2025-10-30T07:20:40.852493,07:20:40,7733.53,657350.35,3
2025-10-30T07:20:41.866696,07:20:41,7732.74,657283.29,3
2025-10-30T07:20:53.065435,07:20:53,7758.13,659440.74,3
2025-10-30T07:20:53.750107,07:20:53,7758.2,659446.78,3
2025-10-30T07:21:05.247722,07:21:05,7724.27,656562.56,3
2025-10-30T07:21:05.977691,07:21:05,7724.27,656562.98,3
2025-10-30T07:21:17.209322,07:21:17,7718.21,656048.23,3
2025-10-30T07:21:17.898330,07:21:17,7718.13,656040.82,3
2025-10-30T07:21:29.128490,07:21:29,7734.34,657418.5,3
2025-10-30T07:21:29.852185,07:21:29,7747.0,658494.78,3
2025-10-30T07:21:41.082792,07:21:41,7744.13,658251.21,3
2025-10-30T07:21:41.448445,07:21:41,7743.66,658211.39,3
2025-10-30T07:21:52.695655,07:21:52,7760.2,659616.78,3
2025-10-30T07:21:53.408124,07:21:53,7760.75,659663.7,3
2025-10-30T07:22:04.602471,07:22:04,7792.58,662369.27,3
2025-10-30T07:22:05.344627,07:22:05,7795.17,662589.6,3
2025-10-30T07:22:16.533255,07:22:16,7815.65,664329.85,3
2025-10-30T07:22:17.570291,07:22:17,7801.49,663126.89,3
2025-10-30T07:22:28.522041,07:22:28,7810.52,663894.33,3
2025-10-30T07:22:29.455407,07:22:29,7810.71,663910.2,3
2025-10-30T07:22:40.704937,07:22:40,7781.91,661462.14,3
2025-10-30T07:22:41.637054,07:22:41,7785.86,661798.11,3
2025-10-30T07:22:52.976475,07:22:52,7808.09,663687.57,3
2025-10-30T07:22:53.555292,07:22:53,7812.13,664031.28,3
2025-10-30T07:23:04.863551,07:23:04,7786.87,661883.78,3
2025-10-30T07:23:05.160432,07:23:05,7788.6,662030.65,3
2025-10-30T07:23:16.745820,07:23:16,7784.23,661659.28,3
2025-10-30T07:23:17.136400,07:23:17,7784.23,661659.28,3
2025-10-30T07:23:28.970177,07:23:28,7791.1,662243.41,3
2025-10-30T07:23:29.032263,07:23:29,7791.19,662251.17,3
2025-10-30T07:23:41.243723,07:23:41,7797.87,662819.35,3
2025-10-30T07:23:41.275023,07:23:41,7796.17,662674.14,3
2025-10-30T07:23:52.909853,07:23:52,7812.17,664034.55,3
2025-10-30T07:23:53.195906,07:23:53,7812.17,664034.55,3
2025-10-30T07:24:04.845104,07:24:04,7775.61,660926.96,3
2025-10-30T07:24:05.418434,07:24:05,7771.15,660547.96,3
2025-10-30T07:24:16.445214,07:24:16,7801.79,663151.88,3
2025-10-30T07:24:17.657454,07:24:17,7797.59,662795.53,3
2025-10-30T07:24:28.371717,07:24:28,7779.53,661259.74,3
2025-10-30T07:24:29.634558,07:24:29,7779.78,661281.2,3
2025-10-30T07:24:40.614881,07:24:40,7773.54,660751.24,3
2025-10-30T07:24:41.548659,07:24:41,7771.88,660609.95,3
2025-10-30T07:24:52.295297,07:24:52,7779.1,661223.71,3
2025-10-30T07:24:53.785918,07:24:53,7784.23,661659.7,3
2025-10-30T07:25:04.273546,07:25:04,7803.09,663262.62,3
2025-10-30T07:25:05.705039,07:25:05,7804.69,663398.7,3
2025-10-30T07:25:16.474987,07:25:16,7809.88,663839.88,3
2025-10-30T07:25:17.616142,07:25:17,7819.65,664670.57,3
2025-10-30T07:25:28.733063,07:25:28,7822.08,664876.69,3
2025-10-30T07:25:29.890188,07:25:29,7822.12,664880.2,3
2025-10-30T07:25:40.675721,07:25:40,7840.07,666406.27,3
2025-10-30T07:25:41.777459,07:25:41,7845.12,666835.42,3
2025-10-30T07:25:52.300947,07:25:52,7854.92,667667.78,3
2025-10-30T07:25:53.378911,07:25:53,7855.5,667717.6,3
2025-10-30T07:26:04.229204,07:26:04,7868.87,668854.05,3
2025-10-30T07:26:05.014758,07:26:05,7886.4,670343.86,3
2025-10-30T07:26:16.141033,07:26:16,7857.63,667898.17,3
2025-10-30T07:26:17.508427,07:26:17,7859.46,668054.28,3
2025-10-30T07:26:28.037959,07:26:28,7886.19,670325.79,3
2025-10-30T07:26:29.411343,07:26:29,7888.38,670511.94,3
2025-10-30T07:26:39.679669,07:26:39,7895.11,671084.65,3
2025-10-30T07:26:41.360095,07:26:41,7894.22,671009.1,3
2025-10-30T07:26:51.323906,07:26:51,7911.84,672506.11,3
2025-10-30T07:26:53.029829,07:26:53,7914.89,672765.61,3
2025-10-30T07:27:03.322371,07:27:03,7900.28,671524.17,3
2025-10-30T07:27:04.882457,07:27:04,7899.09,671422.99,3
2025-10-30T07:27:15.664519,07:27:15,7915.67,672831.63,3
2025-10-30T07:27:16.805480,07:27:16,7914.68,672747.42,3
2025-10-30T07:27:27.607140,07:27:27,7906.15,672023.06,3
2025-10-30T07:27:28.683356,07:27:28,7906.41,672044.97,3
2025-10-30T07:27:39.791352,07:27:39,7895.94,671155.17,3
2025-10-30T07:27:40.575453,07:27:40,7897.62,671297.62,3
2025-10-30T07:27:51.405076,07:27:51,7899.5,671457.69,3
2025-10-30T07:27:52.497050,07:27:52,7899.76,671479.2,3
2025-10-30T07:28:03.610437,07:28:03,7889.6,670615.85,3
2025-10-30T07:28:04.388660,07:28:04,7885.69,670283.91,3
2025-10-30T07:28:15.862261,07:28:15,7854.62,667642.76,3
2025-10-30T07:28:16.335280,07:28:16,7854.65,667645.25,3
2025-10-30T07:28:28.077426,07:28:28,7858.41,667964.58,3
2025-10-30T07:28:28.496014,07:28:28,7852.98,667503.1,3
2025-10-30T07:28:40.102597,07:28:40,7856.76,667824.2,3
2025-10-30T07:28:40.193459,07:28:40,7856.76,667824.61,3
2025-10-30T07:28:51.718505,07:28:51,7863.81,668423.94,3
2025-10-30T07:28:52.071067,07:28:52,7863.94,668435.22,3
2025-10-30T07:29:03.672092,07:29:03,7783.85,661627.03,3
2025-10-30T07:29:04.050653,07:29:04,7783.44,661592.36,3
2025-10-30T07:29:15.871397,07:29:15,7812.07,664025.64,3
2025-10-30T07:29:16.212009,07:29:16,7812.07,664025.64,3
2025-10-30T07:29:28.415404,07:29:28,7803.72,663316.26,3
2025-10-30T07:29:28.617432,07:29:28,7804.26,663362.03,3
2025-10-30T07:29:40.109055,07:29:40,7802.36,663200.32,3
2025-10-30T07:29:40.268301,07:29:40,7802.36,663200.73,3
2025-10-30T07:29:52.043171,07:29:52,7819.46,664653.86,3
2025-10-30T07:29:52.612024,07:29:52,7817.9,664521.75,3
2025-10-30T07:30:03.744535,07:30:03,7690.58,653699.05,3
2025-10-30T07:30:04.274366,07:30:04,7690.58,653699.46,3
2025-10-30T07:30:16.009292,07:30:16,7699.73,654477.33,3
2025-10-30T07:30:16.466150,07:30:16,7699.98,654498.44,3
2025-10-30T07:30:27.604701,07:30:27,7577.6,644096.11,3
2025-10-30T07:30:28.439160,07:30:28,7574.08,643796.78,3
2025-10-30T07:30:39.495115,07:30:39,7568.11,643289.77,3
2025-10-30T07:30:40.753245,07:30:40,7568.21,643298.24,3
2025-10-30T07:30:51.146158,07:30:51,7586.15,644822.37,3
2025-10-30T07:30:52.989682,07:30:52,7588.8,645047.96,3
2025-10-30T07:31:02.760000,07:31:02,7585.56,644772.87,3
2025-10-30T07:31:05.198700,07:31:05,7589.77,645130.51,3
2025-10-30T07:31:14.942693,07:31:14,7612.18,647035.05,3
2025-10-30T07:31:17.081472,07:31:17,7613.04,647108.13,3
2025-10-30T07:31:27.151742,07:31:27,7638.45,649268.24,3
2025-10-30T07:31:28.757333,07:31:28,7652.21,650437.9,3
2025-10-30T07:31:39.368526,07:31:39,7675.24,652395.29,3
2025-10-30T07:31:40.431450,07:31:40,7680.13,652810.97,3
2025-10-30T07:31:51.631790,07:31:51,7691.81,653804.21,3
2025-10-30T07:31:52.008489,07:31:52,7700.73,654562.2,3
2025-10-30T07:32:03.274472,07:32:03,7682.42,653005.88,3
2025-10-30T07:32:03.696928,07:32:03,7683.09,653063.02,3
2025-10-30T07:32:14.907224,07:32:14,7676.96,652541.55,3
2025-10-30T07:32:15.678751,07:32:15,7676.87,652533.93,3
2025-10-30T07:32:26.528757,07:32:26,7677.24,652565.02,3
2025-10-30T07:32:28.151335,07:32:28,7675.94,652454.65,3
2025-10-30T07:32:38.772852,07:32:38,7674.21,652307.8,3
2025-10-30T07:32:40.074303,07:32:40,7674.3,652315.7,3
2025-10-30T07:32:51.189123,07:32:51,7678.41,652665.16,3
2025-10-30T07:32:52.041174,07:32:52,7678.42,652665.57,3
2025-10-30T07:33:03.108147,07:33:03,7681.54,652930.91,3
2025-10-30T07:33:03.969545,07:33:03,7681.87,652958.61,3
2025-10-30T07:33:14.698899,07:33:14,7719.6,656166.4,3
2025-10-30T07:33:15.722584,07:33:15,7719.61,656166.81,3
2025-10-30T07:33:26.638278,07:33:26,7755.11,659184.14,3
2025-10-30T07:33:27.364433,07:33:27,7754.01,659090.89,3
2025-10-30T07:33:38.532063,07:33:38,7771.37,660566.82,3
2025-10-30T07:33:39.614309,07:33:39,7780.94,661379.95,3
2025-10-30T07:33:50.415347,07:33:50,7820.59,664749.93,3
2025-10-30T07:33:51.496401,07:33:51,7820.27,664722.74,3
2025-10-30T07:34:02.282105,07:34:02,7845.44,666862.11,3
2025-10-30T07:34:03.198512,07:34:03,7846.07,666916.26,3
2025-10-30T07:34:14.718771,07:34:14,7832.0,665719.74,3
2025-10-30T07:34:15.030354,07:34:15,7833.16,665818.85,3
2025-10-30T07:34:26.645771,07:34:26,7783.86,661628.43,3
2025-10-30T07:34:27.024053,07:34:27,7783.86,661628.43,3
2025-10-30T07:34:38.548804,07:34:38,7756.15,659272.7,3
2025-10-30T07:34:39.028432,07:34:39,7749.24,658685.24,3
2025-10-30T07:34:50.763000,07:34:50,7740.54,657946.05,3
2025-10-30T07:34:50.913267,07:34:50,7740.54,657946.05,3
2025-10-30T07:35:02.638161,07:35:02,7723.79,656522.16,3
2025-10-30T07:35:02.677495,07:35:02,7723.7,656514.18,3
2025-10-30T07:35:14.223355,07:35:14,7737.95,657725.59,3
2025-10-30T07:35:14.896826,07:35:14,7737.95,657725.59,3
2025-10-30T07:35:26.111471,07:35:26,7732.64,657274.62,3
2025-10-30T07:35:26.804904,07:35:26,7732.65,657275.03,3
2025-10-30T07:35:38.322106,07:35:38,7736.91,657636.95,3
2025-10-30T07:35:38.703712,07:35:38,7739.68,657872.48,3
2025-10-30T07:35:50.225232,07:35:50,7755.89,659251.05,3
2025-10-30T07:35:50.683209,07:35:50,7742.17,658084.67,3
2025-10-30T07:36:01.857474,07:36:01,7704.57,654888.58,3
2025-10-30T07:36:03.151405,07:36:03,7707.66,655151.44,3
2025-10-30T07:36:13.439327,07:36:13,7713.84,655676.53,3
2025-10-30T07:36:14.761456,07:36:14,7713.55,655651.71,3
2025-10-30T07:36:25.028755,07:36:25,7725.31,656651.68,3
2025-10-30T07:36:26.719638,07:36:26,7724.66,656596.45,3
2025-10-30T07:36:36.640364,07:36:36,7726.54,656755.91,3
2025-10-30T07:36:38.304068,07:36:38,7726.45,656748.08,3
2025-10-30T07:36:48.283899,07:36:48,7740.76,657964.57,3
2025-10-30T07:36:50.035309,07:36:50,7740.08,657906.97,3
2025-10-30T07:36:59.899096,07:36:59,7756.23,659279.66,3
2025-10-30T07:37:01.651423,07:37:01,7757.36,659375.47,3
2025-10-30T07:37:11.498376,07:37:11,7776.92,661038.33,3
2025-10-30T07:37:13.268181,07:37:13,7777.95,661125.93,3
2025-10-30T07:37:23.110579,07:37:23,7755.44,659212.21,3
2025-10-30T07:37:24.968112,07:37:24,7758.04,659433.67,3
2025-10-30T07:37:35.005611,07:37:35,7743.48,658195.91,3
2025-10-30T07:37:36.887498,07:37:36,7743.57,658203.14,3
2025-10-30T07:37:46.941436,07:37:46,7738.47,657769.62,3
2025-10-30T07:37:48.503205,07:37:48,7738.48,657770.43,3
2025-10-30T07:37:58.597467,07:37:58,7696.75,654223.73,3
2025-10-30T07:38:00.405590,07:38:00,7686.29,653334.76,3
2025-10-30T07:38:10.166378,07:38:10,7688.02,653481.48,3
2025-10-30T07:38:12.044189,07:38:12,7688.04,653483.07,3
2025-10-30T07:38:22.279643,07:38:22,7694.5,654032.31,3
2025-10-30T07:38:23.638328,07:38:23,7694.5,654032.87,3
2025-10-30T07:38:34.192565,07:38:34,7686.33,653337.89,3
2025-10-30T07:38:35.558414,07:38:35,7694.16,654003.68,3
2025-10-30T07:38:46.095533,07:38:46,7689.96,653646.67,3
2025-10-30T07:38:47.468891,07:38:47,7688.98,653562.9,3
2025-10-30T07:38:57.682449,07:38:57,7694.32,654016.82,3
2025-10-30T07:38:59.060350,07:38:59,7694.77,654055.43,3
2025-10-30T07:39:09.871412,07:39:09,7763.16,659868.67,3
2025-10-30T07:39:11.008493,07:39:11,7762.31,659796.6,3
2025-10-30T07:39:21.477079,07:39:21,7765.27,660048.23,3
2025-10-30T07:39:22.666171,07:39:22,7765.74,660088.13,3
2025-10-30T07:39:33.403647,07:39:33,7781.08,661392.11,3
2025-10-30T07:39:34.392510,07:39:34,7781.26,661406.99,3
2025-10-30T07:39:45.278847,07:39:45,7745.52,658369.01,3
2025-10-30T07:39:46.540643,07:39:46,7734.8,657458.42,3
2025-10-30T07:39:57.330511,07:39:57,7712.56,655567.34,3
2025-10-30T07:39:58.708239,07:39:58,7711.52,655479.09,3
2025-10-30T07:40:09.269131,07:40:09,7665.06,651529.98,3
2025-10-30T07:40:10.348359,07:40:10,7685.0,653225.32,3
2025-10-30T07:40:21.212686,07:40:21,7681.62,652937.48,3
2025-10-30T07:40:22.296530,07:40:22,7688.84,653551.34,3
2025-10-30T07:40:32.819165,07:40:32,7716.6,655910.62,3
2025-10-30T07:40:34.225427,07:40:34,7720.86,656273.02,3
2025-10-30T07:40:44.434534,07:40:44,7731.12,657145.39,3
2025-10-30T07:40:46.473999,07:40:46,7752.37,658951.72,3
2025-10-30T07:40:56.056345,07:40:56,7721.4,656318.85,3
2025-10-30T07:40:58.529755,07:40:58,7722.66,656425.78,3
2025-10-30T07:41:07.741128,07:41:07,7700.2,654517.0,3
2025-10-30T07:41:10.427252,07:41:10,7709.76,655329.33,3
2025-10-30T07:41:19.739264,07:41:19,7716.89,655935.86,3
2025-10-30T07:41:22.377228,07:41:22,7723.62,656508.01,3
2025-10-30T07:41:31.908590,07:41:31,7742.55,658116.84,3
2025-10-30T07:41:34.269364,07:41:34,7755.77,659240.31,3
2025-10-30T07:41:43.488830,07:41:43,7808.68,663737.7,3
2025-10-30T07:41:45.882821,07:41:45,7805.92,663503.21,3
2025-10-30T07:41:55.437680,07:41:55,7800.53,663044.96,3
2025-10-30T07:41:57.493524,07:41:57,7787.78,661961.56,3
2025-10-30T07:42:07.389288,07:42:07,7776.42,660996.06,3
2025-10-30T07:42:09.450823,07:42:09,7790.3,662175.89,3
2025-10-30T07:42:19.277013,07:42:19,7774.8,660858.37,3
2025-10-30T07:42:21.146065,07:42:21,7772.18,660635.01,3
2025-10-30T07:42:31.422098,07:42:31,7766.39,660142.87,3
2025-10-30T07:42:32.840724,07:42:32,7773.17,660719.11,3
2025-10-30T07:42:43.369711,07:42:43,7767.8,660263.1,3
2025-10-30T07:42:45.025352,07:42:45,7764.62,659992.94,3
2025-10-30T07:42:55.260225,07:42:55,7765.35,660055.08,3
2025-10-30T07:42:56.622213,07:42:56,7765.19,660041.25,3
2025-10-30T07:43:07.180370,07:43:07,7777.4,661079.42,3
2025-10-30T07:43:08.518187,07:43:08,7777.32,661072.38,3
2025-10-30T07:43:18.759076,07:43:18,7787.19,661910.94,3
2025-10-30T07:43:20.406796,07:43:20,7787.13,661905.77,3
2025-10-30T07:43:30.411996,07:43:30,7790.73,662211.77,3
2025-10-30T07:43:32.614077,07:43:32,7794.57,662538.43,3
2025-10-30T07:43:42.013776,07:43:42,7798.39,662863.54,3
2025-10-30T07:43:44.617423,07:43:44,7800.71,663060.74,3
2025-10-30T07:43:53.683277,07:43:53,7800.1,663008.62,3
2025-10-30T07:43:56.557185,07:43:56,7797.76,662809.82,3
2025-10-30T07:44:05.274818,07:44:05,7817.18,664460.39,3
2025-10-30T07:44:08.454321,07:44:08,7817.61,664496.48,3
2025-10-30T07:44:17.161151,07:44:17,7821.69,664843.5,3
2025-10-30T07:44:20.094523,07:44:20,7826.14,665222.0,3
2025-10-30T07:44:29.102859,07:44:29,7820.88,664774.68,3
2025-10-30T07:44:31.720523,07:44:31,7823.36,664985.98,3
2025-10-30T07:44:40.745558,07:44:40,7839.97,666397.87,3
2025-10-30T07:44:43.504212,07:44:43,7835.49,666016.25,3
2025-10-30T07:44:52.683560,07:44:52,7846.28,666933.93,3
2025-10-30T07:44:55.173668,07:44:55,7846.3,666935.16,3
2025-10-30T07:45:04.267346,07:45:04,7840.5,666442.9,3
2025-10-30T07:45:06.820329,07:45:06,7839.63,666368.2,3
2025-10-30T07:45:15.927058,07:45:15,7879.08,669721.85,3
2025-10-30T07:45:18.456523,07:45:18,7873.88,669280.21,3
2025-10-30T07:45:28.379349,07:45:28,7887.33,670423.43,3
2025-10-30T07:45:30.456012,07:45:30,7884.64,670194.21,3
2025-10-30T07:45:40.416988,07:45:40,7881.23,669904.57,3
2025-10-30T07:45:42.143899,07:45:42,7887.45,670433.43,3
2025-10-30T07:45:52.407503,07:45:52,7899.72,671476.08,3
2025-10-30T07:45:53.795473,07:45:53,7908.45,672218.41,3
2025-10-30T07:46:04.598210,07:46:04,7902.59,671720.45,3
2025-10-30T07:46:05.400955,07:46:05,7902.79,671737.52,3
2025-10-30T07:46:16.555238,07:46:16,7885.19,670241.31,3
2025-10-30T07:46:17.387004,07:46:17,7890.43,670686.89,3
2025-10-30T07:46:28.489156,07:46:28,7892.86,670892.75,3
2025-10-30T07:46:29.603023,07:46:29,7889.92,670642.88,3
2025-10-30T07:46:40.970684,07:46:40,7910.78,672416.49,3
2025-10-30T07:46:41.841435,07:46:41,7907.67,672151.72,3
2025-10-30T07:46:52.955711,07:46:52,7904.55,671887.17,3
2025-10-30T07:46:54.024619,07:46:54,7904.84,671911.02,3
2025-10-30T07:47:05.163463,07:47:05,7900.65,671554.85,3
2025-10-30T07:47:06.207514,07:47:06,7900.24,671520.78,3
2025-10-30T07:47:16.757068,07:47:16,7905.17,671939.26,3
2025-10-30T07:47:18.174184,07:47:18,7904.04,671843.19,3
2025-10-30T07:47:28.698687,07:47:28,7919.74,673178.17,3
2025-10-30T07:47:30.390493,07:47:30,7919.17,673129.56,3
2025-10-30T07:47:40.602304,07:47:40,7938.87,674804.0,3
2025-10-30T07:47:42.690076,07:47:42,7938.71,674790.04,3
2025-10-30T07:47:52.233461,07:47:52,7944.44,675277.37,3
2025-10-30T07:47:54.586929,07:47:54,7942.99,675153.74,3
2025-10-30T07:48:04.116832,07:48:04,7925.0,673625.24,3
2025-10-30T07:48:06.481763,07:48:06,7936.35,674589.43,3
2025-10-30T07:48:16.023939,07:48:16,7926.54,673755.48,3
2025-10-30T07:48:18.143819,07:48:18,7920.61,673251.87,3
2025-10-30T07:48:27.905782,07:48:27,7934.61,674441.43,3
2025-10-30T07:48:29.892886,07:48:29,7971.08,677542.09,3
2025-10-30T07:48:39.563716,07:48:39,7984.53,678684.83,3
2025-10-30T07:48:42.226788,07:48:42,7989.08,679071.75,3
2025-10-30T07:48:51.143055,07:48:51,8011.01,680935.77,3
2025-10-30T07:48:53.901932,07:48:53,8010.0,680849.91,3
2025-10-30T07:49:03.020687,07:49:03,7962.87,676844.14,3
2025-10-30T07:49:05.776101,07:49:05,7950.44,675787.18,3
2025-10-30T07:49:14.612104,07:49:14,7922.72,673431.53,3
2025-10-30T07:49:17.685121,07:49:17,7906.01,672011.09,3
2025-10-30T07:49:26.500735,07:49:26,7927.18,673809.98,3
2025-10-30T07:49:29.591710,07:49:29,7947.37,675526.09,3
2025-10-30T07:49:38.136043,07:49:38,7989.54,679110.49,3
2025-10-30T07:49:41.294785,07:49:41,7989.77,679130.65,3
2025-10-30T07:49:50.102276,07:49:50,8021.1,681793.5,3
2025-10-30T07:49:53.209331,07:49:53,8015.93,681354.22,3
2025-10-30T07:50:02.697017,07:50:02,8012.91,681097.06,3
2025-10-30T07:50:05.190020,07:50:05,8018.79,681597.12,3
2025-10-30T07:50:14.727901,07:50:14,8017.68,681502.51,3
2025-10-30T07:50:16.814512,07:50:16,8003.18,680270.67,3
2025-10-30T07:50:26.967953,07:50:26,8032.14,682732.26,3
2025-10-30T07:50:28.415329,07:50:28,8037.2,683162.34,3
2025-10-30T07:50:39.003001,07:50:39,8061.78,685251.07,3
2025-10-30T07:50:40.325781,07:50:40,8068.56,685827.73,3
2025-10-30T07:50:51.207535,07:50:51,8064.06,685445.06,3
2025-10-30T07:50:52.191058,07:50:52,8067.88,685769.59,3
2025-10-30T07:51:03.737008,07:51:03,8056.51,684803.2,3
2025-10-30T07:51:04.325204,07:51:04,8056.06,684765.17,3
2025-10-30T07:51:15.766851,07:51:15,8044.11,683749.51,3
2025-10-30T07:51:16.361207,07:51:16,8046.95,683990.34,3
2025-10-30T07:51:28.025418,07:51:28,8055.27,684697.68,3
2025-10-30T07:51:28.279121,07:51:28,8055.23,684694.53,3
2025-10-30T07:51:40.187314,07:51:40,8056.95,684840.36,3
2025-10-30T07:51:40.483594,07:51:40,8056.95,684840.76,3
2025-10-30T07:51:52.353654,07:51:52,8054.94,684669.82,3
2025-10-30T07:51:52.405294,07:51:52,8054.94,684669.82,3
2025-10-30T07:52:03.980104,07:52:03,8030.76,682614.72,3
2025-10-30T07:52:04.285793,07:52:04,8030.76,682614.72,3
2025-10-30T07:52:16.178610,07:52:16,8042.83,683640.48,3
2025-10-30T07:52:16.527925,07:52:16,8042.67,683627.01,3
2025-10-30T07:52:28.083590,07:52:28,8038.07,683236.22,3
2025-10-30T07:52:28.474997,07:52:28,8038.07,683236.22,3
2025-10-30T07:52:40.021633,07:52:40,8053.98,684587.99,3
2025-10-30T07:52:40.406061,07:52:40,8052.01,684421.08,3
2025-10-30T07:52:51.954971,07:52:51,8060.63,685153.21,3
2025-10-30T07:52:52.722792,07:52:52,8060.64,685154.33,3
2025-10-30T07:53:03.846264,07:53:03,8062.71,685330.53,3
2025-10-30T07:53:04.929562,07:53:04,8062.72,685330.94,3
2025-10-30T07:53:15.449971,07:53:15,8100.72,688561.04,3
2025-10-30T07:53:16.808641,07:53:16,8101.48,688625.94,3
2025-10-30T07:53:27.085785,07:53:27,8096.18,688174.88,3
2025-10-30T07:53:28.430330,07:53:28,8099.17,688429.37,3
2025-10-30T07:53:38.763063,07:53:38,8157.06,693350.0,3
2025-10-30T07:53:40.041820,07:53:40,8152.15,692932.71,3
2025-10-30T07:53:50.353863,07:53:50,8122.99,690454.42,3
2025-10-30T07:53:51.955134,07:53:51,8126.77,690775.34,3
2025-10-30T07:54:02.597380,07:54:02,8160.07,693605.64,3
2025-10-30T07:54:03.869585,07:54:03,8168.76,694344.73,3
2025-10-30T07:54:14.523233,07:54:14,8165.08,694031.56,3
2025-10-30T07:54:15.486090,07:54:15,8165.08,694031.96,3
2025-10-30T07:54:26.158409,07:54:26,8182.33,695497.93,3
2025-10-30T07:54:27.398823,07:54:27,8182.24,695490.8,3
2025-10-30T07:54:38.381134,07:54:38,8169.61,694417.16,3
2025-10-30T07:54:39.323160,07:54:39,8171.17,694549.42,3
2025-10-30T07:54:50.328202,07:54:50,8175.8,694942.89,3
2025-10-30T07:54:51.197001,07:54:51,8154.14,693101.84,3
2025-10-30T07:55:02.277280,07:55:02,8185.81,695793.52,3
2025-10-30T07:55:03.152931,07:55:03,8181.86,695458.5,3
2025-10-30T07:55:14.776803,07:55:14,8143.23,692174.34,3
2025-10-30T07:55:15.336728,07:55:15,8142.79,692136.85,3
2025-10-30T07:55:26.677136,07:55:26,8165.27,694048.36,3
2025-10-30T07:55:27.588983,07:55:27,8163.59,693905.45,3
2025-10-30T07:55:38.890321,07:55:38,8141.84,692056.75,3
2025-10-30T07:55:39.831614,07:55:39,8142.96,692151.6,3
2025-10-30T07:55:51.429041,07:55:51,8138.48,691770.97,3
2025-10-30T07:55:51.701240,07:55:51,8138.43,691766.86,3
2025-10-30T07:56:03.366898,07:56:03,8137.84,691716.01,3
2025-10-30T07:56:03.617433,07:56:03,8137.84,691716.01,3
2025-10-30T07:56:15.533881,07:56:15,8142.52,692114.59,3
2025-10-30T07:56:15.871631,07:56:15,8142.52,692114.59,3
2025-10-30T07:56:27.985892,07:56:27,8163.34,693883.62,3
2025-10-30T07:56:28.418332,07:56:28,8163.71,693915.2,3
2025-10-30T07:56:40.181213,07:56:40,8177.11,695054.06,3
2025-10-30T07:56:40.440643,07:56:40,8177.47,695084.86,3
2025-10-30T07:56:52.356994,07:56:52,8192.77,696385.78,3
2025-10-30T07:56:52.459344,07:56:52,8190.69,696208.52,3
2025-10-30T07:57:04.238227,07:57:04,8251.57,701383.42,3
2025-10-30T07:57:04.635482,07:57:04,8251.57,701383.42,3
2025-10-30T07:57:16.159018,07:57:16,8249.29,701189.95,3
2025-10-30T07:57:16.520820,07:57:16,8248.22,701098.45,3
2025-10-30T07:57:28.403727,07:57:28,8197.4,696779.39,3
2025-10-30T07:57:28.404573,07:57:28,8197.56,696792.39,3
2025-10-30T07:57:40.351461,07:57:40,8184.13,695650.85,3
2025-10-30T07:57:40.650093,07:57:40,8184.13,695651.25,3
2025-10-30T07:57:52.506771,07:57:52,8175.18,694889.99,3
2025-10-30T07:57:52.807547,07:57:52,8175.18,694889.99,3
2025-10-30T07:58:04.987394,07:58:04,8183.62,695607.55,3
2025-10-30T07:58:05.065532,07:58:05,8183.18,695569.97,3
2025-10-30T07:58:17.235300,07:58:17,8191.02,696236.62,3
2025-10-30T07:58:17.826551,07:58:17,8191.02,696236.62,3
2025-10-30T07:58:29.162430,07:58:29,8187.85,695967.22,3
2025-10-30T07:58:30.123667,07:58:30,8189.94,696145.06,3
2025-10-30T07:58:41.374544,07:58:41,8187.68,695952.92,3
2025-10-30T07:58:41.716249,07:58:41,8187.72,695955.79,3
2025-10-30T07:58:53.672860,07:58:53,8211.55,697982.09,3
2025-10-30T07:58:53.685145,07:58:53,8211.55,697982.09,3
2025-10-30T07:59:05.542530,07:59:05,8198.02,696831.3,3
2025-10-30T07:59:05.625766,07:59:05,8199.43,696951.19,3
2025-10-30T07:59:17.508244,07:59:17,8206.64,697564.49,3
2025-10-30T07:59:18.095973,07:59:18,8206.77,697575.47,3
2025-10-30T07:59:29.448752,07:59:29,8218.1,698538.42,3
2025-10-30T07:59:29.791384,07:59:29,8217.57,698493.48,3
2025-10-30T07:59:41.403389,07:59:41,8220.25,698720.87,3
2025-10-30T07:59:41.466223,07:59:41,8220.43,698736.37,3
2025-10-30T07:59:53.345536,07:59:53,8210.51,697893.35,3
2025-10-30T07:59:53.721867,07:59:53,8210.51,697893.61,3
2025-10-30T08:00:05.295084,08:00:05,8219.24,698635.81,3
2025-10-30T08:00:06.085809,08:00:06,8219.3,698640.45,3
2025-10-30T08:00:16.918399,08:00:16,8241.47,700524.57,3
2025-10-30T08:00:17.914666,08:00:17,8241.1,700493.18,3
2025-10-30T08:00:29.138971,08:00:29,8236.74,700122.61,3
2025-10-30T08:00:29.888548,08:00:29,8238.15,700242.33,3
2025-10-30T08:00:41.395101,08:00:41,8227.22,699313.82,3
2025-10-30T08:00:41.770613,08:00:41,8226.45,699248.64,3
2025-10-30T08:00:53.415553,08:00:53,8214.53,698235.01,3
2025-10-30T08:00:53.715926,08:00:53,8214.53,698235.01,3
2025-10-30T08:01:05.619600,08:01:05,8205.66,697480.77,3
2025-10-30T08:01:05.956734,08:01:05,8205.66,697480.77,3
2025-10-30T08:01:17.920481,08:01:17,8201.5,697127.25,3
2025-10-30T08:01:17.998508,08:01:17,8199.84,696986.28,3
2025-10-30T08:01:30.209789,08:01:30,8222.58,698919.39,3
2025-10-30T08:01:30.356334,08:01:30,8222.58,698919.39,3
2025-10-30T08:01:42.577393,08:01:42,8245.26,700847.28,3
2025-10-30T08:01:42.835644,08:01:42,8245.26,700847.28,3
2025-10-30T08:01:54.286483,08:01:54,8230.9,699626.08,3
2025-10-30T08:01:55.031826,08:01:55,8231.92,699712.82,3
2025-10-30T08:02:06.756992,08:02:06,8232.12,699730.46,3
2025-10-30T08:02:06.986980,08:02:06,8232.03,699722.94,3
2025-10-30T08:02:18.699965,08:02:18,8231.14,699646.73,3
2025-10-30T08:02:19.233997,08:02:19,8231.44,699672.04,3
2025-10-30T08:02:31.290410,08:02:31,8229.75,699528.72,3
2025-10-30T08:02:31.325116,08:02:31,8230.88,699624.76,3
2025-10-30T08:02:43.318831,08:02:43,8208.13,697691.32,3
2025-10-30T08:02:43.560373,08:02:43,8208.14,697691.58,3
2025-10-30T08:02:55.458595,08:02:55,8196.82,696729.64,3
2025-10-30T08:02:55.507775,08:02:55,8196.82,696729.64,3
2025-10-30T08:03:07.452007,08:03:07,8187.37,695926.56,3
2025-10-30T08:03:07.458456,08:03:07,8186.45,695848.56,3
2025-10-30T08:03:19.363427,08:03:19,8204.86,697413.02,3
2025-10-30T08:03:19.653790,08:03:19,8204.86,697413.02,3
2025-10-30T08:03:31.256197,08:03:31,8212.87,698094.37,3
2025-10-30T08:03:31.361141,08:03:31,8212.87,698094.37,3
2025-10-30T08:03:43.331538,08:03:43,8208.85,697752.26,3
2025-10-30T08:03:43.464924,08:03:43,8208.72,697741.29,3
2025-10-30T08:03:55.320060,08:03:55,8215.53,698319.96,3
2025-10-30T08:03:55.641617,08:03:55,8214.64,698244.5,3
2025-10-30T08:04:07.238461,08:04:07,8217.23,698464.44,3
2025-10-30T08:04:07.626814,08:04:07,8217.23,698464.44,3
2025-10-30T08:04:19.165736,08:04:19,8248.07,701086.23,3
2025-10-30T08:04:20.113048,08:04:20,8248.79,701147.53,3
2025-10-30T08:04:31.130448,08:04:31,8252.87,701493.55,3
2025-10-30T08:04:32.300607,08:04:32,8250.98,701333.71,3
2025-10-30T08:04:43.391778,08:04:43,8252.51,701463.48,3
2025-10-30T08:04:44.513252,08:04:44,8251.83,701405.16,3
2025-10-30T08:04:55.632039,08:04:55,8252.59,701469.74,3
2025-10-30T08:04:56.505241,08:04:56,8252.59,701470.14,3
2025-10-30T08:05:07.607196,08:05:07,8246.47,700949.81,3
2025-10-30T08:05:08.365907,08:05:08,8247.88,701069.86,3
2025-10-30T08:05:19.620859,08:05:19,8246.46,700949.41,3
2025-10-30T08:05:20.272393,08:05:20,8250.04,701253.5,3
2025-10-30T08:05:31.500096,08:05:31,8265.56,702572.85,3
2025-10-30T08:05:31.916218,08:05:31,8265.83,702595.25,3
2025-10-30T08:05:43.398364,08:05:43,8266.7,702669.12,3
2025-10-30T08:05:43.814322,08:05:43,8255.38,701707.36,3
2025-10-30T08:05:55.605870,08:05:55,8257.8,701912.83,3
2025-10-30T08:05:56.049576,08:05:56,8257.8,701912.83,3
2025-10-30T08:06:07.773439,08:06:07,8244.44,700777.19,3
2025-10-30T08:06:08.123106,08:06:08,8244.61,700792.22,3
2025-10-30T08:06:19.702736,08:06:19,8258.1,701938.57,3
2025-10-30T08:06:20.008221,08:06:20,8262.63,702323.44,3
2025-10-30T08:06:32.178916,08:06:32,8267.53,702740.26,3
2025-10-30T08:06:32.196504,08:06:32,8268.06,702784.87,3
2025-10-30T08:06:44.102729,08:06:44,8265.21,702542.97,3
2025-10-30T08:06:44.149585,08:06:44,8265.43,702561.44,3
2025-10-30T08:06:56.034245,08:06:56,8257.99,701929.48,3
2025-10-30T08:06:56.220061,08:06:56,8257.99,701929.48,3
2025-10-30T08:07:07.935480,08:07:07,8240.09,700407.77,3
2025-10-30T08:07:08.736595,08:07:08,8239.91,700392.58,3
2025-10-30T08:07:19.844173,08:07:19,8237.59,700195.45,3
2025-10-30T08:07:20.854545,08:07:20,8236.99,700143.73,3
2025-10-30T08:07:31.787647,08:07:31,8258.69,701988.74,3
2025-10-30T08:07:32.542152,08:07:32,8258.79,701997.4,3
2025-10-30T08:07:44.019908,08:07:44,8262.27,702292.98,3
2025-10-30T08:07:44.425131,08:07:44,8262.28,702293.38,3
2025-10-30T08:07:55.920491,08:07:55,8258.97,702012.83,3
2025-10-30T08:07:56.584795,08:07:56,8261.57,702233.4,3
2025-10-30T08:08:07.830089,08:08:07,8278.96,703711.62,3
2025-10-30T08:08:08.768606,08:08:08,8277.49,703586.55,3
2025-10-30T08:08:19.985291,08:08:19,8291.77,704800.21,3
2025-10-30T08:08:21.016087,08:08:21,8290.21,704667.43,3
2025-10-30T08:08:32.259693,08:08:32,8287.85,704467.38,3
2025-10-30T08:08:32.619141,08:08:32,8284.14,704151.58,3
2025-10-30T08:08:44.208334,08:08:44,8281.55,703931.78,3
2025-10-30T08:08:44.320153,08:08:44,8281.56,703932.18,3
2025-10-30T08:08:56.121380,08:08:56,8281.98,703967.91,3
2025-10-30T08:08:56.544158,08:08:56,8281.81,703954.15,3
2025-10-30T08:09:07.738093,08:09:07,8272.75,703183.37,3
2025-10-30T08:09:08.436116,08:09:08,8272.75,703183.77,3
2025-10-30T08:09:19.424601,08:09:19,8280.0,703799.84,3
2025-10-30T08:09:20.059144,08:09:20,8277.88,703619.61,3
2025-10-30T08:09:31.439741,08:09:31,8273.17,703219.52,3
2025-10-30T08:09:32.270778,08:09:32,8273.35,703234.79,3
2025-10-30T08:09:43.436119,08:09:43,8271.09,703042.87,3
2025-10-30T08:09:44.463585,08:09:44,8271.1,703043.42,3
2025-10-30T08:09:55.344145,08:09:55,8262.87,702344.03,3
2025-10-30T08:09:56.632700,08:09:56,8256.99,701843.79,3
2025-10-30T08:10:07.293032,08:10:07,8233.56,699852.35,3
2025-10-30T08:10:08.278926,08:10:08,8233.77,699870.78,3
2025-10-30T08:10:19.012404,08:10:19,8228.82,699450.05,3
2025-10-30T08:10:20.182813,08:10:20,8228.83,699450.45,3
2025-10-30T08:10:30.896558,08:10:30,8242.37,700601.56,3
2025-10-30T08:10:32.048317,08:10:32,8243.07,700661.05,3
2025-10-30T08:10:43.074294,08:10:43,8241.85,700557.05,3
2025-10-30T08:10:44.013335,08:10:44,8242.8,700637.95,3
2025-10-30T08:10:54.734768,08:10:54,8246.4,700943.96,3
2025-10-30T08:10:55.923197,08:10:55,8246.92,700988.32,3
2025-10-30T08:11:06.682441,08:11:06,8250.4,701283.9,3
2025-10-30T08:11:07.845372,08:11:07,8250.35,701279.84,3
2025-10-30T08:11:18.318156,08:11:18,8282.51,704013.38,3
2025-10-30T08:11:19.447669,08:11:19,8283.2,704071.67,3
2025-10-30T08:11:30.269391,08:11:30,8271.52,703079.12,3
2025-10-30T08:11:31.338430,08:11:31,8271.19,703051.0,3
2025-10-30T08:11:42.231677,08:11:42,8284.47,704179.88,3
2025-10-30T08:11:43.239378,08:11:43,8284.57,704188.2,3
2025-10-30T08:11:54.144381,08:11:54,8294.47,705029.71,3
2025-10-30T08:11:55.121591,08:11:55,8296.07,705165.54,3
2025-10-30T08:12:05.836101,08:12:05,8277.72,703605.84,3
2025-10-30T08:12:07.478278,08:12:07,8270.45,702988.52,3
2025-10-30T08:12:18.313301,08:12:18,8271.49,703076.62,3
2025-10-30T08:12:19.358296,08:12:19,8271.78,703101.39,3
2025-10-30T08:12:30.497173,08:12:30,8250.27,701272.78,3
2025-10-30T08:12:31.869401,08:12:31,8247.92,701073.13,3
2025-10-30T08:12:42.428549,08:12:42,8276.51,703503.66,3
2025-10-30T08:12:43.562376,08:12:43,8273.04,703208.07,3
2025-10-30T08:12:54.071884,08:12:54,8270.14,702961.54,3
2025-10-30T08:12:55.738032,08:12:55,8277.12,703555.29,3
2025-10-30T08:13:05.716172,08:13:05,8275.02,703376.54,3
2025-10-30T08:13:07.401238,08:13:07,8273.39,703237.98,3
2025-10-30T08:13:17.896765,08:13:17,8288.2,704496.86,3
2025-10-30T08:13:19.312842,08:13:19,8288.71,704540.13,3
2025-10-30T08:13:29.811174,08:13:29,8267.55,702741.46,3
2025-10-30T08:13:31.566026,08:13:31,8269.47,702904.55,3
2025-10-30T08:13:41.674895,08:13:41,8270.45,702988.33,3
2025-10-30T08:13:43.493667,08:13:43,8270.24,702970.1,3
2025-10-30T08:13:53.594456,08:13:53,8272.74,703182.99,3
2025-10-30T08:13:55.699967,08:13:55,8274.19,703306.36,3
2025-10-30T08:14:05.507018,08:14:05,8274.94,703370.03,3
2025-10-30T08:14:07.611542,08:14:07,8267.28,702718.5,3
2025-10-30T08:14:17.455531,08:14:17,8257.1,701853.27,3
2025-10-30T08:14:19.580196,08:14:19,8257.73,701906.72,3
2025-10-30T08:14:29.638552,08:14:29,8248.85,701152.47,3
2025-10-30T08:14:31.479571,08:14:31,8247.4,701029.04,3
2025-10-30T08:14:42.134187,08:14:42,8257.81,701913.81,3
2025-10-30T08:14:43.668887,08:14:43,8252.9,701496.63,3
2025-10-30T08:14:54.393967,08:14:54,8280.16,703813.39,3
2025-10-30T08:14:55.627145,08:14:55,8280.96,703881.42,3
2025-10-30T08:15:05.989017,08:15:05,8242.53,700614.83,3
2025-10-30T08:15:07.797447,08:15:07,8237.48,700185.98,3
2025-10-30T08:15:17.598017,08:15:17,8221.5,698827.81,3
2025-10-30T08:15:19.698733,08:15:19,8232.08,699726.52,3
2025-10-30T08:15:29.222838,08:15:29,8228.36,699410.74,3
2025-10-30T08:15:31.648437,08:15:31,8228.28,699404.01,3
2025-10-30T08:15:41.387767,08:15:41,8226.61,699261.54,3
2025-10-30T08:15:43.583984,08:15:43,8226.62,699262.32,3
2025-10-30T08:15:53.282855,08:15:53,8224.64,699094.06,3
2025-10-30T08:15:55.191604,08:15:55,8230.97,699632.07,3
2025-10-30T08:16:05.223117,08:16:05,8235.82,700044.63,3
2025-10-30T08:16:06.847769,08:16:06,8238.09,700237.84,3
2025-10-30T08:16:16.861519,08:16:16,8226.44,699247.82,3
2025-10-30T08:16:18.535640,08:16:18,8227.31,699321.46,3
2025-10-30T08:16:28.760151,08:16:28,8202.91,697246.99,3
2025-10-30T08:16:30.111024,08:16:30,8204.4,697373.98,3
2025-10-30T08:16:40.654864,08:16:40,8227.81,699363.43,3
2025-10-30T08:16:42.009462,08:16:42,8228.47,699419.62,3
2025-10-30T08:16:52.293800,08:16:52,8221.68,698842.81,3
2025-10-30T08:16:53.653057,08:16:53,8216.59,698409.88,3
2025-10-30T08:17:03.909965,08:17:03,8204.71,697400.14,3
2025-10-30T08:17:05.555275,08:17:05,8208.97,697762.66,3
2025-10-30T08:17:15.556753,08:17:15,8194.98,696573.21,3
2025-10-30T08:17:17.506696,08:17:17,8193.42,696440.85,3
2025-10-30T08:17:27.535254,08:17:27,8201.89,697160.53,3
2025-10-30T08:17:29.424031,08:17:29,8203.31,697281.66,3
2025-10-30T08:17:39.799021,08:17:39,8205.87,697498.57,3
2025-10-30T08:17:41.080531,08:17:41,8202.86,697243.51,3
2025-10-30T08:17:51.966823,08:17:51,8184.16,695653.73,3
2025-10-30T08:17:52.999346,08:17:52,8185.12,695734.88,3
2025-10-30T08:18:03.964930,08:18:03,8175.08,694881.41,3
2025-10-30T08:18:04.950318,08:18:04,8174.91,694867.72,3
2025-10-30T08:18:16.188942,08:18:16,8163.09,693862.56,3
2025-10-30T08:18:16.598249,08:18:16,8162.76,693834.86,3
2025-10-30T08:18:28.146244,08:18:28,8169.89,694440.64,3
2025-10-30T08:18:29.090919,08:18:29,8169.96,694446.46,3
2025-10-30T08:18:40.440841,08:18:40,8166.1,694118.58,3
2025-10-30T08:18:41.040462,08:18:41,8166.01,694111.0,3
2025-10-30T08:18:52.444297,08:18:52,8161.76,693749.22,3
2025-10-30T08:18:53.219003,08:18:53,8161.35,693715.08,3
2025-10-30T08:19:04.415994,08:19:04,8161.72,693746.01,3
2025-10-30T08:19:05.178774,08:19:05,8162.2,693787.37,3
2025-10-30T08:19:16.385846,08:19:16,8155.55,693221.72,3
2025-10-30T08:19:17.353330,08:19:17,8161.45,693723.56,3
2025-10-30T08:19:28.304443,08:19:28,8156.58,693309.13,3
2025-10-30T08:19:29.316568,08:19:29,8159.83,693585.35,3
2025-10-30T08:19:40.765517,08:19:40,8162.95,693850.89,3
2025-10-30T08:19:41.572641,08:19:41,8162.31,693796.31,3
2025-10-30T08:19:53.060400,08:19:53,8163.46,693893.93,3
2025-10-30T08:19:53.563225,08:19:53,8163.5,693897.83,3
2025-10-30T08:20:05.241547,08:20:05,8161.56,693732.89,3
2025-10-30T08:20:06.222808,08:20:06,8152.63,692973.95,3
2025-10-30T08:20:17.212282,08:20:17,8166.67,694166.56,3
2025-10-30T08:20:18.094068,08:20:18,8166.89,694186.01,3
2025-10-30T08:20:29.465256,08:20:29,8165.0,694025.19,3
2025-10-30T08:20:29.685799,08:20:29,8165.0,694025.19,3
2025-10-30T08:20:41.387731,08:20:41,8165.89,694100.82,3
2025-10-30T08:20:41.847160,08:20:41,8165.74,694087.82,3
2025-10-30T08:20:53.270282,08:20:53,8163.57,693903.66,3
2025-10-30T08:20:53.752232,08:20:53,8163.57,693903.66,3
2025-10-30T08:21:05.227168,08:21:05,8143.49,692196.28,3
2025-10-30T08:21:05.710234,08:21:05,8143.65,692210.38,3
2025-10-30T08:21:17.459240,08:21:17,8151.12,692845.07,3
2025-10-30T08:21:17.997042,08:21:17,8151.21,692852.66,3
2025-10-30T08:21:29.633819,08:21:29,8173.19,694721.21,3
2025-10-30T08:21:29.897487,08:21:29,8173.37,694736.73,3
2025-10-30T08:21:41.564179,08:21:41,8187.25,695916.02,3
2025-10-30T08:21:41.583487,08:21:41,8187.69,695953.73,3
2025-10-30T08:21:53.498978,08:21:53,8187.67,695951.62,3
2025-10-30T08:21:53.551090,08:21:53,8194.5,696532.33,3
2025-10-30T08:22:05.127246,08:22:05,8201.68,697142.68,3
2025-10-30T08:22:05.421249,08:22:05,8202.39,697202.93,3
2025-10-30T08:22:17.015669,08:22:17,8222.18,698884.97,3
2025-10-30T08:22:17.081907,08:22:17,8222.18,698884.97,3
2025-10-30T08:22:28.941993,08:22:28,8207.38,697626.89,3
2025-10-30T08:22:29.330703,08:22:29,8207.32,697622.14,3
2025-10-30T08:22:41.540803,08:22:41,8214.5,698232.89,3
2025-10-30T08:22:41.543088,08:22:41,8214.89,698265.39,3
2025-10-30T08:22:53.754330,08:22:53,8208.69,697739.03,3
2025-10-30T08:22:53.783177,08:22:53,8208.69,697739.03,3
2025-10-30T08:23:05.388774,08:23:05,8209.2,697782.24,3
2025-10-30T08:23:05.706407,08:23:05,8209.2,697782.24,3
2025-10-30T08:23:17.304148,08:23:17,8203.49,697296.88,3
2025-10-30T08:23:17.638552,08:23:17,8203.49,697296.88,3
2025-10-30T08:23:29.513668,08:23:29,8205.48,697465.5,3
2025-10-30T08:23:29.899439,08:23:29,8205.99,697508.81,3
2025-10-30T08:23:41.794751,08:23:41,8242.87,700643.85,3
2025-10-30T08:23:42.387666,08:23:42,8242.14,700581.73,3
2025-10-30T08:23:53.449527,08:23:53,8246.33,700937.66,3
2025-10-30T08:23:54.585441,08:23:54,8245.2,700841.73,3
2025-10-30T08:24:05.062362,08:24:05,8281.97,703967.06,3
2025-10-30T08:24:06.829721,08:24:06,8282.16,703983.28,3
2025-10-30T08:24:16.739773,08:24:16,8279.27,703737.85,3
2025-10-30T08:24:18.762149,08:24:18,8268.91,702857.22,3
2025-10-30T08:24:28.774910,08:24:28,8248.91,701156.97,3
2025-10-30T08:24:30.403881,08:24:30,8245.86,700897.87,3
2025-10-30T08:24:40.938333,08:24:40,8246.25,700931.17,3
2025-10-30T08:24:42.678294,08:24:42,8256.07,701766.04,3
2025-10-30T08:24:53.425038,08:24:53,8253.38,701537.16,3
2025-10-30T08:24:54.575500,08:24:54,8252.54,701465.89,3
2025-10-30T08:25:05.332604,08:25:05,8235.25,699995.83,3
2025-10-30T08:25:06.811657,08:25:06,8236.61,700111.98,3
2025-10-30T08:25:17.846251,08:25:17,8239.09,700322.53,3
2025-10-30T08:25:19.021594,08:25:19,8239.39,700347.85,3
2025-10-30T08:25:29.477599,08:25:29,8244.86,700812.79,3
2025-10-30T08:25:30.582526,08:25:30,8246.41,700945.21,3
2025-10-30T08:25:41.405386,08:25:41,8238.22,700249.1,3
2025-10-30T08:25:42.801678,08:25:42,8237.09,700152.89,3
2025-10-30T08:25:53.321096,08:25:53,8220.44,698737.09,3
2025-10-30T08:25:54.436968,08:25:54,8217.96,698526.95,3
2025-10-30T08:26:05.947581,08:26:05,8215.3,698300.54,3
2025-10-30T08:26:06.161893,08:26:06,8214.01,698191.05,3
2025-10-30T08:26:17.535316,08:26:17,8211.87,698008.97,3
2025-10-30T08:26:18.337379,08:26:18,8213.17,698119.56,3
2025-10-30T08:26:29.777684,08:26:29,8232.11,699729.1,3
2025-10-30T08:26:30.287280,08:26:30,8235.95,700055.33,3
2025-10-30T08:26:41.425306,08:26:41,8243.94,700735.23,3
2025-10-30T08:26:41.922538,08:26:41,8243.94,700735.23,3
2025-10-30T08:26:53.290885,08:26:53,8250.1,701258.9,3
2025-10-30T08:26:54.169720,08:26:54,8250.54,701295.67,3
2025-10-30T08:27:05.211818,08:27:05,8253.02,701506.86,3
2025-10-30T08:27:06.121369,08:27:06,8260.49,702142.06,3
2025-10-30T08:27:16.909480,08:27:16,8272.47,703160.24,3
2025-10-30T08:27:18.075065,08:27:18,8275.21,703393.18,3
2025-10-30T08:27:28.529304,08:27:28,8277.31,703571.62,3
2025-10-30T08:27:30.123457,08:27:30,8277.34,703573.86,3
2025-10-30T08:27:40.434334,08:27:40,8278.13,703641.08,3
2025-10-30T08:27:42.060414,08:27:42,8280.93,703878.85,3
2025-10-30T08:27:52.373224,08:27:52,8279.81,703783.93,3
2025-10-30T08:27:54.254634,08:27:54,8279.59,703765.41,3
2025-10-30T08:28:04.244168,08:28:04,8268.48,702820.47,3
2025-10-30T08:28:05.844502,08:28:05,8277.12,703554.93,3
2025-10-30T08:28:16.099865,08:28:16,8284.28,704164.21,3
2025-10-30T08:28:17.478358,08:28:17,8284.18,704155.66,3
2025-10-30T08:28:27.743242,08:28:27,8296.53,705205.27,3
2025-10-30T08:28:29.243652,08:28:29,8297.28,705268.54,3
2025-10-30T08:28:39.449846,08:28:39,8306.88,706084.54,3
2025-10-30T08:28:41.289875,08:28:41,8290.57,704698.63,3
2025-10-30T08:28:51.353363,08:28:51,8298.89,705405.54,3
2025-10-30T08:28:53.183257,08:28:53,8316.04,706863.67,3
2025-10-30T08:29:02.964367,08:29:02,8349.69,709723.29,3
2025-10-30T08:29:05.484688,08:29:05,8350.42,709785.73,3
2025-10-30T08:29:14.558828,08:29:14,8355.85,710247.23,3
2025-10-30T08:29:17.506022,08:29:17,8358.23,710449.25,3
2025-10-30T08:29:26.243869,08:29:26,8370.13,711460.82,3
2025-10-30T08:29:30.044852,08:29:30,8367.31,711221.19,3
2025-10-30T08:29:38.141663,08:29:38,8351.84,709906.39,3
2025-10-30T08:29:41.722947,08:29:41,8353.65,710060.03,3
2025-10-30T08:29:49.868121,08:29:49,8352.81,709988.91,3
2025-10-30T08:29:53.701565,08:29:53,8353.97,710087.86,3
2025-10-30T08:30:02.042626,08:30:02,8359.89,710590.88,3
2025-10-30T08:30:05.320597,08:30:05,8365.56,711072.2,3
2025-10-30T08:30:13.971560,08:30:13,8335.55,708521.48,3
2025-10-30T08:30:17.202091,08:30:17,8322.07,707375.97,3
2025-10-30T08:30:25.905009,08:30:25,8321.61,707336.56,3
2025-10-30T08:30:28.870008,08:30:28,8323.94,707534.82,3
2025-10-30T08:30:37.549978,08:30:37,8322.03,707372.84,3
2025-10-30T08:30:40.487985,08:30:40,8319.32,707142.52,3
2025-10-30T08:30:49.176179,08:30:49,8321.5,707327.9,3
2025-10-30T08:30:52.646082,08:30:52,8326.94,707789.97,3
2025-10-30T08:31:01.090842,08:31:01,8316.09,706867.24,3
2025-10-30T08:31:04.865002,08:31:04,8294.54,705036.02,3
2025-10-30T08:31:13.344816,08:31:13,8289.54,704610.96,3
2025-10-30T08:31:16.659329,08:31:16,8287.29,704419.27,3
2025-10-30T08:31:25.260350,08:31:25,8293.55,704951.41,3
2025-10-30T08:31:28.303933,08:31:28,8287.79,704462.31,3
2025-10-30T08:31:37.235792,08:31:37,8306.24,706030.19,3
2025-10-30T08:31:40.065834,08:31:40,8311.34,706463.96,3
2025-10-30T08:31:48.933857,08:31:48,8309.09,706272.78,3
2025-10-30T08:31:51.682031,08:31:51,8291.39,704768.2,3
2025-10-30T08:32:00.600209,08:32:00,8305.85,705997.06,3
2025-10-30T08:32:03.348495,08:32:03,8282.18,703985.58,3
2025-10-30T08:32:12.196988,08:32:12,8284.43,704176.57,3
2025-10-30T08:32:14.959249,08:32:14,8282.05,703974.45,3
2025-10-30T08:32:23.901831,08:32:23,8266.4,702643.76,3
2025-10-30T08:32:26.957186,08:32:26,8263.71,702415.07,3
2025-10-30T08:32:35.801130,08:32:35,8262.94,702349.82,3
2025-10-30T08:32:38.608135,08:32:38,8264.76,702504.79,3
2025-10-30T08:32:47.817841,08:32:47,8281.26,703907.37,3
2025-10-30T08:32:50.510226,08:32:50,8280.7,703859.83,3
2025-10-30T08:33:00.043549,08:33:00,8275.09,703383.05,3
2025-10-30T08:33:02.170190,08:33:02,8280.41,703835.03,3
2025-10-30T08:33:11.624501,08:33:11,8265.32,702552.07,3
2025-10-30T08:33:13.804825,08:33:13,8262.61,702321.79,3
2025-10-30T08:33:23.530070,08:33:23,8199.29,696939.51,3
2025-10-30T08:33:25.644021,08:33:25,8195.17,696589.37,3
2025-10-30T08:33:35.509202,08:33:35,8196.78,696726.4,3
2025-10-30T08:33:37.815369,08:33:37,8196.51,696703.4,3
2025-10-30T08:33:47.697062,08:33:47,8197.63,696798.25,3
2025-10-30T08:33:49.521633,08:33:49,8197.64,696799.05,3
2025-10-30T08:33:59.587354,08:33:59,8198.22,696848.99,3
2025-10-30T08:34:01.200627,08:34:01,8199.47,696955.36,3
2025-10-30T08:34:11.789215,08:34:11,8138.44,691767.19,3
2025-10-30T08:34:12.839593,08:34:12,8135.74,691538.03,3
2025-10-30T08:34:23.686930,08:34:23,8080.27,686823.11,3
2025-10-30T08:34:24.749802,08:34:24,8080.61,686852.13,3
2025-10-30T08:34:36.193913,08:34:36,8143.85,692227.55,3
2025-10-30T08:34:36.397903,08:34:36,8144.18,692255.72,3
2025-10-30T08:34:48.312218,08:34:48,8169.55,694411.77,3
2025-10-30T08:34:48.700271,08:34:48,8169.33,694393.34,3
2025-10-30T08:35:00.212835,08:35:00,8124.25,690561.54,3
2025-10-30T08:35:00.605098,08:35:00,8124.56,690587.71,3
2025-10-30T08:35:12.127723,08:35:12,8157.36,693375.19,3
2025-10-30T08:35:12.837535,08:35:12,8156.3,693285.12,3
2025-10-30T08:35:24.318234,08:35:24,8137.73,691707.1,3
2025-10-30T08:35:25.000011,08:35:25,8136.29,691585.03,3
2025-10-30T08:35:36.262874,08:35:36,8144.08,692247.04,3
2025-10-30T08:35:36.602158,08:35:36,8142.77,692135.17,3
2025-10-30T08:35:48.188589,08:35:48,8131.15,691147.85,3
2025-10-30T08:35:48.256316,08:35:48,8131.15,691147.85,3
2025-10-30T08:36:00.155701,08:36:00,8154.09,693097.62,3
2025-10-30T08:36:00.494740,08:36:00,8153.99,693088.88,3
2025-10-30T08:36:12.377319,08:36:12,8177.54,695090.52,3
2025-10-30T08:36:12.533370,08:36:12,8176.43,694996.55,3
2025-10-30T08:36:24.286838,08:36:24,8182.09,695477.35,3
2025-10-30T08:36:24.406555,08:36:24,8180.72,695361.04,3
2025-10-30T08:36:35.872961,08:36:35,8208.81,697749.03,3
2025-10-30T08:36:36.306995,08:36:36,8208.78,697745.9,3
2025-10-30T08:36:48.350008,08:36:48,8228.71,699440.36,3
2025-10-30T08:36:48.491600,08:36:48,8228.97,699462.64,3
2025-10-30T08:37:00.385353,08:37:00,8181.67,695442.29,3
2025-10-30T08:37:00.734066,08:37:00,8181.68,695442.44,3
2025-10-30T08:37:11.986467,08:37:11,8157.68,693402.38,3
2025-10-30T08:37:13.011751,08:37:13,8157.68,693402.78,3
2025-10-30T08:37:23.977652,08:37:23,8188.25,696001.01,3
2025-10-30T08:37:24.918781,08:37:24,8198.91,696907.43,3
2025-10-30T08:37:35.869901,08:37:35,8204.64,697394.26,3
2025-10-30T08:37:36.542185,08:37:36,8203.18,697270.51,3
2025-10-30T08:37:47.577141,08:37:47,8203.98,697338.18,3
2025-10-30T08:37:49.038361,08:37:49,8203.73,697317.36,3
2025-10-30T08:37:59.498408,08:37:59,8187.11,695904.01,3
2025-10-30T08:38:01.054839,08:38:01,8187.02,695896.84,3
2025-10-30T08:38:11.423273,08:38:11,8200.85,697072.33,3
2025-10-30T08:38:13.276986,08:38:13,8200.98,697083.2,3
2025-10-30T08:38:23.718400,08:38:23,8203.3,697280.42,3
2025-10-30T08:38:24.972825,08:38:24,8209.41,697799.78,3
2025-10-30T08:38:35.624709,08:38:35,8191.38,696267.25,3
2025-10-30T08:38:37.143606,08:38:37,8184.7,695699.71,3
2025-10-30T08:38:47.241109,08:38:47,8191.11,696244.39,3
2025-10-30T08:38:49.109285,08:38:49,8190.13,696161.46,3
2025-10-30T08:38:59.397503,08:38:59,8202.48,697211.15,3
2025-10-30T08:39:00.741329,08:39:00,8202.65,697225.57,3
2025-10-30T08:39:11.583824,08:39:11,8220.71,698760.03,3
2025-10-30T08:39:12.966714,08:39:12,8221.16,698798.79,3
2025-10-30T08:39:23.213494,08:39:23,8296.3,705185.68,3
2025-10-30T08:39:24.638203,08:39:24,8304.3,705865.09,3
2025-10-30T08:39:35.378573,08:39:35,8305.62,705977.99,3
2025-10-30T08:39:36.560992,08:39:36,8305.59,705974.85,3
2025-10-30T08:39:47.643194,08:39:47,8301.21,705603.19,3
2025-10-30T08:39:48.449306,08:39:48,8300.4,705533.64,3
2025-10-30T08:39:59.594342,08:39:59,8285.36,704255.45,3
2025-10-30T08:40:00.347868,08:40:00,8285.98,704308.27,3
2025-10-30T08:40:11.824755,08:40:11,8264.89,702516.05,3
2025-10-30T08:40:12.550451,08:40:12,8271.18,703050.34,3
2025-10-30T08:40:24.011418,08:40:24,8284.91,704216.98,3
2025-10-30T08:40:24.794385,08:40:24,8289.87,704639.14,3
2025-10-30T08:40:36.191887,08:40:36,8250.27,701272.89,3
2025-10-30T08:40:36.728995,08:40:36,8250.27,701273.28,3
2025-10-30T08:40:48.035286,08:40:48,8249.86,701237.86,3
2025-10-30T08:40:48.328272,08:40:48,8250.57,701298.84,3
2025-10-30T08:41:00.534925,08:41:00,8238.5,700272.88,3
2025-10-30T08:41:00.539145,08:41:00,8238.42,700265.29,3
2025-10-30T08:41:12.412760,08:41:12,8218.44,698567.62,3
2025-10-30T08:41:13.085252,08:41:13,8219.85,698686.94,3
2025-10-30T08:41:24.455743,08:41:24,8212.69,698078.79,3
2025-10-30T08:41:25.003007,08:41:25,8218.02,698531.3,3
2025-10-30T08:41:36.750355,08:41:36,8218.67,698587.23,3
2025-10-30T08:41:36.970262,08:41:36,8218.71,698590.38,3
2025-10-30T08:41:48.682782,08:41:48,8223.94,699034.6,3
2025-10-30T08:41:48.805603,08:41:48,8223.94,699034.6,3
2025-10-30T08:42:00.331961,08:42:00,8225.8,699192.77,3
2025-10-30T08:42:01.012770,08:42:01,8227.14,699307.05,3
2025-10-30T08:42:12.243427,08:42:12,8200.79,697067.24,3
2025-10-30T08:42:12.634272,08:42:12,8200.98,697083.41,3
2025-10-30T08:42:24.118560,08:42:24,8204.78,697406.38,3
2025-10-30T08:42:24.799278,08:42:24,8204.2,697357.19,3
2025-10-30T08:42:35.798253,08:42:35,8191.49,696277.03,3
2025-10-30T08:42:36.741019,08:42:36,8175.67,694932.17,3
2025-10-30T08:42:47.540574,08:42:47,8197.17,696759.18,3
2025-10-30T08:42:48.648193,08:42:48,8197.68,696802.54,3
2025-10-30T08:42:59.461082,08:42:59,8214.31,698216.72,3
2025-10-30T08:43:00.831345,08:43:00,8214.4,698224.19,3
2025-10-30T08:43:11.395479,08:43:11,8215.21,698292.58,3
2025-10-30T08:43:12.545573,08:43:12,8217.59,698494.97,3
2025-10-30T08:43:24.153701,08:43:24,8222.48,698910.39,3
2025-10-30T08:43:24.169652,08:43:24,8223.26,698977.42,3
2025-10-30T08:43:35.896951,08:43:35,8232.97,699802.55,3
2025-10-30T08:43:36.353828,08:43:36,8233.06,699810.44,3
2025-10-30T08:43:47.803359,08:43:47,8242.21,700588.08,3
2025-10-30T08:43:48.311599,08:43:48,8242.61,700621.59,3
2025-10-30T08:43:59.475936,08:43:59,8232.62,699772.32,3
2025-10-30T08:44:00.535450,08:44:00,8230.04,699553.32,3
2025-10-30T08:44:11.394649,08:44:11,8233.35,699834.53,3
2025-10-30T08:44:12.685462,08:44:12,8233.39,699838.5,3
2025-10-30T08:44:23.568605,08:44:23,8228.85,699452.52,3
2025-10-30T08:44:24.562753,08:44:24,8230.07,699555.92,3
2025-10-30T08:44:35.758522,08:44:35,8231.71,699695.63,3
2025-10-30T08:44:36.224642,08:44:36,8231.72,699696.02,3
2025-10-30T08:44:47.731170,08:44:47,8260.04,702103.81,3
2025-10-30T08:44:48.474312,08:44:48,8260.05,702104.33,3
2025-10-30T08:44:59.986531,08:44:59,8260.22,702118.96,3
2025-10-30T08:45:00.363367,08:45:00,8268.84,702851.31,3
2025-10-30T08:45:11.877370,08:45:11,8287.09,704402.27,3
2025-10-30T08:45:12.259887,08:45:12,8286.82,704379.96,3
2025-10-30T08:45:23.846342,08:45:23,8325.54,707671.13,3
2025-10-30T08:45:24.152262,08:45:24,8324.07,707545.59,3
2025-10-30T08:45:36.082147,08:45:36,8304.24,705860.07,3
2025-10-30T08:45:36.099213,08:45:36,8303.92,705833.5,3
2025-10-30T08:45:47.970327,08:45:47,8300.63,705553.5,3
2025-10-30T08:45:48.268553,08:45:48,8295.2,705091.87,3
2025-10-30T08:46:00.256960,08:46:00,8305.31,705951.45,3
2025-10-30T08:46:00.428503,08:46:00,8305.05,705929.15,3
2025-10-30T08:46:12.227328,08:46:12,8331.42,708170.34,3
2025-10-30T08:46:12.688532,08:46:12,8331.87,708208.6,3
2025-10-30T08:46:24.122760,08:46:24,8350.36,709780.41,3
2025-10-30T08:46:24.590568,08:46:24,8350.32,709777.43,3
2025-10-30T08:46:36.063601,08:46:36,8358.21,710447.66,3
2025-10-30T08:46:37.145006,08:46:37,8358.21,710448.05,3
2025-10-30T08:46:48.067261,08:46:48,8331.0,708134.67,3
2025-10-30T08:46:49.058204,08:46:49,8309.52,706309.01,3
2025-10-30T08:47:00.316529,08:47:00,8287.14,704407.22,3
2025-10-30T08:47:00.735103,08:47:00,8286.62,704363.08,3
2025-10-30T08:47:12.480929,08:47:12,8266.71,702670.43,3
2025-10-30T08:47:12.662642,08:47:12,8267.78,702761.64,3
2025-10-30T08:47:24.298679,08:47:24,8271.37,703066.84,3
2025-10-30T08:47:24.749344,08:47:24,8273.44,703242.18,3
2025-10-30T08:47:36.295569,08:47:36,8272.34,703148.71,3
2025-10-30T08:47:36.361202,08:47:36,8272.34,703149.11,3
2025-10-30T08:47:48.554551,08:47:48,8249.92,701243.61,3
2025-10-30T08:47:48.576835,08:47:48,8249.92,701243.61,3
2025-10-30T08:48:00.234953,08:48:00,8286.5,704352.3,3
2025-10-30T08:48:00.847097,08:48:00,8286.5,704352.3,3
2025-10-30T08:48:12.089592,08:48:12,8233.11,699814.68,3
2025-10-30T08:48:12.759547,08:48:12,8234.37,699921.1,3
2025-10-30T08:48:24.331229,08:48:24,8225.65,699179.99,3
2025-10-30T08:48:24.345981,08:48:24,8225.97,699207.36,3
2025-10-30T08:48:35.947983,08:48:35,8200.82,697069.95,3
2025-10-30T08:48:36.279400,08:48:36,8201.64,697139.01,3
2025-10-30T08:48:47.804105,08:48:47,8190.41,696185.24,3
2025-10-30T08:48:48.235631,08:48:48,8190.41,696185.24,3
2025-10-30T08:48:59.476518,08:48:59,8178.88,695204.72,3
2025-10-30T08:49:00.452960,08:49:00,8180.23,695319.69,3
2025-10-30T08:49:11.362497,08:49:11,8168.01,694280.47,3
2025-10-30T08:49:12.366005,08:49:12,8168.32,694306.83,3
2025-10-30T08:49:23.121590,08:49:23,8198.86,696903.07,3
2025-10-30T08:49:24.288062,08:49:24,8197.74,696807.74,3
2025-10-30T08:49:34.837392,08:49:34,8190.84,696221.53,3
2025-10-30T08:49:36.164026,08:49:36,8191.56,696282.8,3
2025-10-30T08:49:46.781124,08:49:46,8188.63,696033.81,3
2025-10-30T08:49:48.340479,08:49:48,8192.32,696347.59,3
2025-10-30T08:49:58.502957,08:49:58,8189.22,696083.83,3
2025-10-30T08:49:59.973702,08:49:59,8189.28,696088.38,3
2025-10-30T08:50:10.455775,08:50:10,8177.27,695067.85,3
2025-10-30T08:50:11.926097,08:50:11,8186.31,695836.14,3
2025-10-30T08:50:22.106269,08:50:22,8204.62,697392.39,3
2025-10-30T08:50:23.574688,08:50:23,8204.58,697389.66,3
2025-10-30T08:50:34.053199,08:50:34,8206.46,697549.04,3
2025-10-30T08:50:35.530807,08:50:35,8205.61,697476.77,3
2025-10-30T08:50:45.692142,08:50:45,8208.7,697739.6,3
2025-10-30T08:50:47.680269,08:50:47,8204.76,697404.99,3
2025-10-30T08:50:57.304966,08:50:57,8245.02,700826.97,3
2025-10-30T08:50:59.291018,08:50:59,8230.95,699631.01,3
2025-10-30T08:51:08.984343,08:51:08,8241.62,700537.56,3
2025-10-30T08:51:11.208812,08:51:11,8229.42,699500.73,3
2025-10-30T08:51:20.592246,08:51:20,8228.09,699387.26,3
2025-10-30T08:51:22.948962,08:51:22,8229.11,699474.05,3
2025-10-30T08:51:32.280192,08:51:32,8230.31,699576.69,3
2025-10-30T08:51:34.555703,08:51:34,8231.03,699637.65,3
2025-10-30T08:51:43.901539,08:51:43,8245.49,700866.25,3
2025-10-30T08:51:46.453113,08:51:46,8246.38,700942.33,3
2025-10-30T08:51:55.851503,08:51:55,8243.3,700680.5,3
2025-10-30T08:51:58.745122,08:51:58,8246.99,700994.07,3
2025-10-30T08:52:07.465839,08:52:07,8265.41,702559.96,3
2025-10-30T08:52:10.927000,08:52:10,8265.56,702572.36,3
2025-10-30T08:52:19.724861,08:52:19,8246.66,700966.42,3
2025-10-30T08:52:22.850892,08:52:22,8233.3,699830.91,3
2025-10-30T08:52:31.618208,08:52:31,8216.72,698421.03,3
2025-10-30T08:52:34.511945,08:52:34,8216.77,698425.03,3
2025-10-30T08:52:43.443789,08:52:43,8207.76,697659.96,3
2025-10-30T08:52:46.484310,08:52:46,8212.99,698103.92,3
2025-10-30T08:52:55.361570,08:52:55,8209.98,697848.26,3
2025-10-30T08:52:58.477975,08:52:58,8210.1,697858.14,3
2025-10-30T08:53:07.523741,08:53:07,8194.99,696574.15,3
2025-10-30T08:53:10.153630,08:53:10,8196.24,696680.15,3
2025-10-30T08:53:19.115041,08:53:19,8173.13,694715.95,3
2025-10-30T08:53:21.834100,08:53:21,8174.99,694873.78,3
2025-10-30T08:53:30.757079,08:53:30,8154.41,693124.9,3
2025-10-30T08:53:33.521772,08:53:33,8152.15,692932.81,3
2025-10-30T08:53:42.385605,08:53:42,8160.33,693627.93,3
2025-10-30T08:53:45.322200,08:53:45,8159.25,693536.21,3
2025-10-30T08:53:54.304118,08:53:54,8156.39,693293.55,3
2025-10-30T08:53:57.005463,08:53:57,8171.39,694568.13,3
2025-10-30T08:54:05.906045,08:54:05,8191.84,696306.06,3
2025-10-30T08:54:08.927628,08:54:08,8197.63,696798.32,3
2025-10-30T08:54:17.514700,08:54:17,8194.83,696560.88,3
2025-10-30T08:54:20.793130,08:54:20,8193.65,696459.9,3
2025-10-30T08:54:29.678591,08:54:29,8166.76,694174.65,3
2025-10-30T08:54:32.847139,08:54:32,8166.24,694130.57,3
2025-10-30T08:54:41.289308,08:54:41,8166.57,694158.62,3
2025-10-30T08:54:44.449508,08:54:44,8166.23,694129.49,3
2025-10-30T08:54:53.275150,08:54:53,8165.6,694076.05,3
2025-10-30T08:54:56.365337,08:54:56,8163.6,693906.36,3
2025-10-30T08:55:04.884267,08:55:04,8163.25,693876.47,3
2025-10-30T08:55:08.307262,08:55:08,8193.3,696430.49,3
2025-10-30T08:55:16.843157,08:55:16,8189.74,696127.73,3
2025-10-30T08:55:19.979373,08:55:19,8190.8,696218.2,3
2025-10-30T08:55:28.799961,08:55:28,8193.56,696452.82,3
2025-10-30T08:55:31.757347,08:55:31,8198.46,696868.68,3
2025-10-30T08:55:40.399762,08:55:40,8202.69,697229.05,3
2025-10-30T08:55:43.449898,08:55:43,8181.67,695441.84,3
2025-10-30T08:55:52.020062,08:55:52,8177.71,695105.19,3
2025-10-30T08:55:55.137195,08:55:55,8179.19,695231.08,3
2025-10-30T08:56:03.938403,08:56:03,8184.58,695689.36,3
2025-10-30T08:56:06.850175,08:56:06,8168.07,694285.96,3
2025-10-30T08:56:15.590525,08:56:15,8163.98,693938.66,3
2025-10-30T08:56:19.200849,08:56:19,8164.02,693941.94,3
2025-10-30T08:56:27.536962,08:56:27,8164.85,694012.34,3
2025-10-30T08:56:30.799457,08:56:30,8192.68,696378.18,3
2025-10-30T08:56:39.142859,08:56:39,8203.28,697278.54,3
2025-10-30T08:56:42.808216,08:56:42,8202.51,697213.1,3
2025-10-30T08:56:50.785812,08:56:50,8166.39,694143.3,3
2025-10-30T08:56:54.690755,08:56:54,8166.78,694176.67,3
2025-10-30T08:57:02.389680,08:57:02,8173.58,694754.03,3
2025-10-30T08:57:06.307483,08:57:06,8174.15,694802.46,3
2025-10-30T08:57:14.085319,08:57:14,8184.92,695717.8,3
2025-10-30T08:57:18.285802,08:57:18,8184.5,695682.8,3
2025-10-30T08:57:25.744240,08:57:25,8167.74,694257.84,3
2025-10-30T08:57:30.235181,08:57:30,8173.91,694782.23,3
2025-10-30T08:57:37.403638,08:57:37,8175.5,694917.08,3
2025-10-30T08:57:41.993922,08:57:41,8175.14,694886.9,3
2025-10-30T08:57:49.076251,08:57:49,8177.11,695054.49,3
2025-10-30T08:57:54.001706,08:57:54,8178.87,695204.09,3
2025-10-30T08:58:00.738690,08:58:00,8177.26,695067.24,3
2025-10-30T08:58:05.632499,08:58:05,8174.99,694874.39,3
2025-10-30T08:58:12.347168,08:58:12,8183.44,695592.41,3
2025-10-30T08:58:17.280207,08:58:17,8185.64,695779.76,3
2025-10-30T08:58:23.934310,08:58:23,8188.06,695985.23,3
2025-10-30T08:58:29.262010,08:58:29,8191.3,696260.39,3
2025-10-30T08:58:35.614582,08:58:35,8194.27,696513.36,3
2025-10-30T08:58:41.128315,08:58:41,8196.81,696729.09,3
2025-10-30T08:58:47.303169,08:58:47,8197.56,696792.79,3
2025-10-30T08:58:53.064037,08:58:53,8196.17,696674.62,3
2025-10-30T08:58:58.920526,08:58:58,8195.7,696634.81,3
2025-10-30T08:59:04.744637,08:59:04,8197.03,696747.43,3
2025-10-30T08:59:10.831496,08:59:10,8198.39,696863.26,3
2025-10-30T08:59:16.381308,08:59:16,8199.0,696914.62,3
2025-10-30T08:59:22.574070,08:59:22,8199.74,696977.98,3
2025-10-30T08:59:28.040621,08:59:28,8203.23,697274.13,3
2025-10-30T08:59:34.582880,08:59:34,8204.36,697370.4,3
2025-10-30T08:59:39.638005,08:59:39,8205.3,697450.82,3
2025-10-30T08:59:46.538309,08:59:46,8207.46,697634.35,3
2025-10-30T08:59:51.629492,08:59:51,8208.43,697716.24,3
2025-10-30T08:59:58.164020,08:59:58,8208.27,697702.95,3
2025-10-30T09:00:03.495487,09:00:03,8226.7,699269.27,3
2025-10-30T09:00:10.067285,09:00:10,8232.61,699772.17,3
2025-10-30T09:00:15.059246,09:00:15,8247.23,701014.34,3
2025-10-30T09:00:21.694887,09:00:21,8247.07,701000.98,3
2025-10-30T09:00:26.712908,09:00:26,8248.32,701107.26,3
2025-10-30T09:00:33.648258,09:00:33,8229.6,699515.8,3
2025-10-30T09:00:38.353750,09:00:38,8227.59,699345.02,3
2025-10-30T09:00:45.313769,09:00:45,8215.54,698321.24,3
2025-10-30T09:00:49.986039,09:00:49,8212.49,698061.56,3
2025-10-30T09:00:57.211621,09:00:57,8208.9,697756.23,3
2025-10-30T09:01:01.647888,09:01:01,8206.41,697544.43,3
2025-10-30T09:01:09.083146,09:01:09,8193.82,696475.04,3
2025-10-30T09:01:13.247762,09:01:13,8197.14,696757.04,3
2025-10-30T09:01:20.840949,09:01:20,8197.26,696767.12,3
2025-10-30T09:01:25.301501,09:01:25,8199.93,696994.45,3
2025-10-30T09:01:32.450284,09:01:32,8207.49,697636.91,3
2025-10-30T09:01:36.914743,09:01:36,8241.11,700494.59,3
2025-10-30T09:01:44.052179,09:01:44,8245.99,700909.01,3
2025-10-30T09:01:48.606153,09:01:48,8250.99,701333.96,3
2025-10-30T09:01:56.310174,09:01:56,8247.04,700998.61,3
2025-10-30T09:02:00.499246,09:02:00,8248.63,701133.48,3
2025-10-30T09:02:08.274108,09:02:08,8225.4,699159.37,3
2025-10-30T09:02:12.119853,09:02:12,8230.32,699577.16,3
2025-10-30T09:02:19.920886,09:02:19,8206.66,697566.39,3
2025-10-30T09:02:23.767330,09:02:23,8205.93,697504.38,3
2025-10-30T09:02:31.820933,09:02:31,8203.95,697335.42,3
2025-10-30T09:02:35.365649,09:02:35,8196.95,696740.88,3
2025-10-30T09:02:43.423809,09:02:43,8200.83,697070.36,3
2025-10-30T09:02:46.997278,09:02:46,8202.02,697171.69,3
2025-10-30T09:02:55.136149,09:02:55,8215.55,698322.0,3
2025-10-30T09:02:58.601607,09:02:58,8216.27,698382.66,3
2025-10-30T09:03:07.057503,09:03:07,8216.95,698440.5,3
2025-10-30T09:03:10.242654,09:03:10,8199.54,696960.89,3
2025-10-30T09:03:18.719261,09:03:18,8187.6,695946.02,3
2025-10-30T09:03:21.856626,09:03:21,8190.74,696212.89,3
2025-10-30T09:03:31.168966,09:03:31,8201.03,697087.19,3
2025-10-30T09:03:33.723460,09:03:33,8217.82,698514.86,3
2025-10-30T09:03:42.763791,09:03:42,8226.18,699225.42,3
2025-10-30T09:03:45.328777,09:03:45,8218.7,698589.71,3
2025-10-30T09:03:54.385729,09:03:54,8211.78,698000.91,3
2025-10-30T09:03:57.005285,09:03:57,8199.07,696920.68,3
2025-10-30T09:04:05.996171,09:04:05,8192.98,696403.34,3
2025-10-30T09:04:08.619305,09:04:08,8191.37,696266.41,3
2025-10-30T09:04:17.699320,09:04:17,8189.87,696138.58,3
2025-10-30T09:04:20.300694,09:04:20,8197.52,696789.21,3
2025-10-30T09:04:29.356195,09:04:29,8196.94,696739.57,3
2025-10-30T09:04:31.901572,09:04:31,8208.44,697717.69,3
2025-10-30T09:04:41.554363,09:04:41,8204.45,697378.36,3
2025-10-30T09:04:43.547290,09:04:43,8204.91,697417.21,3
2025-10-30T09:04:53.462636,09:04:53,8202.79,697237.24,3
2025-10-30T09:04:55.147928,09:04:55,8203.11,697264.1,3
2025-10-30T09:05:05.111375,09:05:05,8227.33,699323.38,3
2025-10-30T09:05:06.750170,09:05:06,8222.78,698936.07,3
2025-10-30T09:05:17.044380,09:05:17,8191.1,696243.89,3
2025-10-30T09:05:18.370157,09:05:18,8190.74,696212.49,3
2025-10-30T09:05:28.677483,09:05:28,8207.86,697668.49,3
2025-10-30T09:05:30.031083,09:05:30,8200.23,697019.51,3
2025-10-30T09:05:40.356548,09:05:40,8205.03,697427.84,3
2025-10-30T09:05:41.695085,09:05:41,8205.04,697428.24,3
2025-10-30T09:05:52.037955,09:05:52,8208.78,697746.07,3
2025-10-30T09:05:53.417675,09:05:53,8209.23,697784.83,3
2025-10-30T09:06:03.720263,09:06:03,8214.61,698241.89,3
2025-10-30T09:06:05.307143,09:06:05,8224.16,699053.27,3
2025-10-30T09:06:15.452422,09:06:15,8229.12,699475.13,3
2025-10-30T09:06:16.916739,09:06:16,8232.34,699749.03,3
2025-10-30T09:06:27.687933,09:06:27,8224.29,699064.32,3
2025-10-30T09:06:28.528079,09:06:28,8223.12,698965.35,3
2025-10-30T09:06:39.366855,09:06:39,8224.79,699106.91,3
2025-10-30T09:06:40.506899,09:06:40,8224.88,699114.91,3
2025-10-30T09:06:50.988871,09:06:50,8212.71,698080.71,3
2025-10-30T09:06:52.432806,09:06:52,8212.91,698097.57,3
2025-10-30T09:07:02.947239,09:07:02,8213.72,698166.32,3
2025-10-30T09:07:04.397213,09:07:04,8180.65,695355.02,3
2025-10-30T09:07:14.580956,09:07:14,8206.9,697586.35,3
2025-10-30T09:07:16.588538,09:07:16,8207.17,697609.61,3
2025-10-30T09:07:26.326820,09:07:26,8244.18,700755.68,3
2025-10-30T09:07:28.566871,09:07:28,8249.59,701215.38,3
2025-10-30T09:07:37.964596,09:07:37,8271.88,703109.51,3
2025-10-30T09:07:40.804255,09:07:40,8279.99,703799.26,3
2025-10-30T09:07:49.631365,09:07:49,8299.13,705426.34,3
2025-10-30T09:07:52.763183,09:07:52,8303.99,705839.55,3
2025-10-30T09:08:01.604866,09:08:01,8292.56,704867.32,3
2025-10-30T09:08:04.926814,09:08:04,8307.69,706154.01,3
2025-10-30T09:08:13.510022,09:08:13,8306.53,706055.09,3
2025-10-30T09:08:16.529281,09:08:16,8327.79,707862.43,3
2025-10-30T09:08:25.399305,09:08:25,8360.92,710678.24,3
2025-10-30T09:08:28.128893,09:08:28,8360.46,710639.4,3
2025-10-30T09:08:37.026190,09:08:37,8331.81,708203.58,3
2025-10-30T09:08:40.058081,09:08:40,8322.47,707409.81,3
2025-10-30T09:08:48.867476,09:08:48,8326.77,707775.71,3
2025-10-30T09:08:51.732030,09:08:51,8326.5,707752.29,3
2025-10-30T09:09:00.576678,09:09:00,8328.02,707881.65,3
2025-10-30T09:09:03.399597,09:09:03,8331.28,708159.08,3
2025-10-30T09:09:12.267583,09:09:12,8329.35,707994.74,3
2025-10-30T09:09:15.030760,09:09:15,8323.63,707508.3,3
2025-10-30T09:09:24.197666,09:09:24,8323.5,707497.84,3
2025-10-30T09:09:26.659874,09:09:26,8324.4,707574.39,3
2025-10-30T09:09:36.212062,09:09:36,8303.08,705762.15,3
2025-10-30T09:09:38.308616,09:09:38,8301.0,705584.96,3
2025-10-30T09:09:47.835278,09:09:47,8310.19,706366.43,3
2025-10-30T09:09:50.464213,09:09:50,8308.53,706224.72,3
2025-10-30T09:09:59.554765,09:09:59,8301.19,705601.04,3
2025-10-30T09:10:02.044429,09:10:02,8300.76,705564.4,3
2025-10-30T09:10:11.445029,09:10:11,8259.92,702093.55,3
2025-10-30T09:10:13.637481,09:10:13,8257.48,701885.92,3
2025-10-30T09:10:23.096143,09:10:23,8240.29,700424.6,3
2025-10-30T09:10:25.269194,09:10:25,8240.91,700477.22,3
2025-10-30T09:10:34.793142,09:10:34,8244.33,700768.34,3
2025-10-30T09:10:36.918109,09:10:36,8243.99,700739.04,3
2025-10-30T09:10:46.434721,09:10:46,8234.6,699941.08,3
2025-10-30T09:10:48.861016,09:10:48,8233.06,699809.84,3
2025-10-30T09:10:58.062268,09:10:58,8234.51,699933.37,3
2025-10-30T09:11:00.785858,09:11:00,8243.43,700691.17,3
2025-10-30T09:11:09.820742,09:11:09,8210.35,697879.56,3
2025-10-30T09:11:12.469753,09:11:12,8202.97,697252.51,3
2025-10-30T09:11:21.447127,09:11:21,8176.72,695021.54,3
2025-10-30T09:11:24.083701,09:11:24,8174.31,694816.75,3
2025-10-30T09:11:33.482997,09:11:33,8198.42,696865.36,3
2025-10-30T09:11:35.739082,09:11:35,8225.04,699128.63,3
2025-10-30T09:11:45.110046,09:11:45,8245.34,700853.7,3
2025-10-30T09:11:47.425668,09:11:47,8239.43,700351.58,3
2025-10-30T09:11:56.729383,09:11:56,8241.82,700554.51,3
2025-10-30T09:11:59.060609,09:11:59,8242.13,700581.01,3
2025-10-30T09:12:08.668873,09:12:08,8195.98,696658.46,3
2025-10-30T09:12:10.770550,09:12:10,8197.3,696770.55,3
2025-10-30T09:12:20.588898,09:12:20,8218.89,698605.82,3
2025-10-30T09:12:22.396698,09:12:22,8217.16,698458.6,3
2025-10-30T09:12:32.796212,09:12:32,8200.81,697069.13,3
2025-10-30T09:12:34.330067,09:12:34,8200.8,697067.7,3
2025-10-30T09:12:44.707257,09:12:44,8234.68,699947.85,3
2025-10-30T09:12:45.970771,09:12:45,8236.37,700091.45,3
2025-10-30T09:12:56.344208,09:12:56,8231.86,699707.81,3
2025-10-30T09:12:57.919693,09:12:57,8229.64,699519.31,3
2025-10-30T09:13:08.551811,09:13:08,8219.4,698648.59,3
2025-10-30T09:13:09.855100,09:13:09,8218.34,698558.69,3
2025-10-30T09:13:20.461909,09:13:20,8222.98,698953.68,3
2025-10-30T09:13:21.814277,09:13:21,8222.28,698893.94,3
2025-10-30T09:13:32.063872,09:13:32,8177.79,695112.56,3
2025-10-30T09:13:33.488560,09:13:33,8178.03,695132.59,3
2025-10-30T09:13:43.658987,09:13:43,8180.64,695354.06,3
2025-10-30T09:13:45.140154,09:13:45,8181.45,695422.87,3
2025-10-30T09:13:55.894491,09:13:55,8200.05,697004.54,3
2025-10-30T09:13:56.855040,09:13:56,8206.46,697548.97,3
2025-10-30T09:14:07.805387,09:14:07,8202.3,697195.86,3
2025-10-30T09:14:08.510956,09:14:08,8206.82,697579.33,3
2025-10-30T09:14:19.695169,09:14:19,8222.2,698887.23,3
2025-10-30T09:14:20.391448,09:14:20,8225.3,699150.49,3
2025-10-30T09:14:31.365770,09:14:31,8223.82,699024.83,3
2025-10-30T09:14:32.280695,09:14:32,8223.91,699032.43,3
2025-10-30T09:14:43.340957,09:14:43,8232.15,699732.96,3
2025-10-30T09:14:44.588073,09:14:44,8235.24,699995.53,3
2025-10-30T09:14:55.318727,09:14:55,8247.15,701007.67,3
2025-10-30T09:14:56.480803,09:14:56,8247.09,701002.36,3
2025-10-30T09:15:07.249872,09:15:07,8246.03,700912.67,3
2025-10-30T09:15:08.414516,09:15:08,8254.85,701662.15,3
2025-10-30T09:15:18.858337,09:15:18,8262.08,702276.53,3
2025-10-30T09:15:20.014895,09:15:20,8262.99,702354.25,3
2025-10-30T09:15:30.535463,09:15:30,8263.92,702433.22,3
2025-10-30T09:15:31.632351,09:15:31,8263.92,702433.61,3
2025-10-30T09:15:42.561631,09:15:42,8251.76,701399.67,3
2025-10-30T09:15:43.270176,09:15:43,8249.82,701234.9,3
2025-10-30T09:15:54.575375,09:15:54,8247.68,701052.52,3
2025-10-30T09:15:54.921700,09:15:54,8247.28,701018.79,3
2025-10-30T09:16:06.544437,09:16:06,8232.66,699775.95,3
2025-10-30T09:16:06.878823,09:16:06,8232.74,699782.59,3
2025-10-30T09:16:18.533684,09:16:18,8226.93,699289.41,3
2025-10-30T09:16:18.799516,09:16:18,8227.47,699334.67,3
2025-10-30T09:16:30.458168,09:16:30,8203.43,697291.73,3
2025-10-30T09:16:30.727954,09:16:30,8208.61,697731.57,3
2025-10-30T09:16:42.340702,09:16:42,8207.08,697601.42,3
2025-10-30T09:16:42.388011,09:16:42,8210.14,697861.54,3
2025-10-30T09:16:54.034429,09:16:54,8207.11,697604.26,3
2025-10-30T09:16:54.657762,09:16:54,8207.11,697604.66,3
2025-10-30T09:17:06.205242,09:17:06,8205.15,697437.84,3
2025-10-30T09:17:06.548165,09:17:06,8206.15,697522.43,3
2025-10-30T09:17:18.400642,09:17:18,8229.37,699496.54,3
2025-10-30T09:17:18.719721,09:17:18,8229.13,699475.86,3
2025-10-30T09:17:30.245531,09:17:30,8229.16,699478.51,3
2025-10-30T09:17:30.590271,09:17:30,8228.73,699442.26,3
2025-10-30T09:17:43.034006,09:17:43,8228.53,699424.73,3
2025-10-30T09:17:43.044559,09:17:43,8228.53,699424.73,3
2025-10-30T09:17:54.672664,09:17:54,8230.65,699605.17,3
2025-10-30T09:17:54.903472,09:17:54,8230.91,699627.08,3
2025-10-30T09:18:06.796063,09:18:06,8226.28,699233.85,3
2025-10-30T09:18:06.915158,09:18:06,8226.28,699233.85,3
2025-10-30T09:18:18.413332,09:18:18,8227.72,699356.56,3
2025-10-30T09:18:18.821580,09:18:18,8227.72,699356.56,3
2025-10-30T09:18:30.016384,09:18:30,8225.52,699168.83,3
2025-10-30T09:18:31.042839,09:18:31,8225.48,699165.83,3
2025-10-30T09:18:41.637086,09:18:41,8225.97,699207.81,3
2025-10-30T09:18:43.011204,09:18:43,8224.22,699058.78,3
2025-10-30T09:18:53.295705,09:18:53,8226.85,699282.59,3
2025-10-30T09:18:54.914447,09:18:54,8225.58,699174.49,3
2025-10-30T09:19:04.868928,09:19:04,8225.52,699169.54,3
2025-10-30T09:19:06.535805,09:19:06,8224.71,699100.14,3
2025-10-30T09:19:16.492374,09:19:16,8240.27,700422.69,3
2025-10-30T09:19:18.477799,09:19:18,8237.3,700170.61,3
2025-10-30T09:19:28.450253,09:19:28,8236.45,700098.12,3
2025-10-30T09:19:30.096920,09:19:30,8219.53,698660.04,3
2025-10-30T09:19:40.107479,09:19:40,8214.42,698225.79,3
2025-10-30T09:19:41.766203,09:19:41,8211.86,698008.19,3
2025-10-30T09:19:51.716920,09:19:51,8187.28,695918.96,3
2025-10-30T09:19:53.689640,09:19:53,8180.02,695302.05,3
2025-10-30T09:20:03.331815,09:20:03,8166.09,694117.98,3
2025-10-30T09:20:05.557336,09:20:05,8173.04,694708.16,3
2025-10-30T09:20:15.267954,09:20:15,8143.19,692170.73,3
2025-10-30T09:20:17.541349,09:20:17,8142.17,692084.32,3
2025-10-30T09:20:27.170505,09:20:27,8153.03,693007.64,3
2025-10-30T09:20:29.493893,09:20:29,8153.41,693039.61,3
2025-10-30T09:20:39.357950,09:20:39,8106.44,689047.31,3
2025-10-30T09:20:41.485944,09:20:41,8114.46,689729.4,3
2025-10-30T09:20:51.289786,09:20:51,8114.74,689752.79,3
2025-10-30T09:20:53.111347,09:20:53,8114.48,689730.39,3
2025-10-30T09:21:03.293241,09:21:03,8138.81,691798.83,3
2025-10-30T09:21:04.709650,09:21:04,8140.24,691920.17,3
2025-10-30T09:21:15.184906,09:21:15,8141.91,692062.52,3
2025-10-30T09:21:16.393303,09:21:16,8142.25,692091.08,3
2025-10-30T09:21:26.814423,09:21:26,8151.67,692891.61,3
2025-10-30T09:21:28.650085,09:21:28,8150.32,692776.93,3
2025-10-30T09:21:38.420358,09:21:38,8129.08,690971.62,3
2025-10-30T09:21:40.602569,09:21:40,8128.33,690907.84,3
2025-10-30T09:21:50.024898,09:21:50,8149.04,692668.2,3
2025-10-30T09:21:52.224597,09:21:52,8150.91,692827.2,3
2025-10-30T09:22:01.702840,09:22:01,8152.84,692991.49,3
2025-10-30T09:22:04.174867,09:22:04,8155.69,693233.97,3
2025-10-30T09:22:13.670284,09:22:13,8184.24,695660.68,3
2025-10-30T09:22:15.865358,09:22:15,8184.54,695685.96,3
2025-10-30T09:22:25.343266,09:22:25,8170.6,694501.37,3
2025-10-30T09:22:27.785276,09:22:27,8180.53,695345.38,3
2025-10-30T09:22:37.249322,09:22:37,8184.44,695677.21,3
2025-10-30T09:22:39.727318,09:22:39,8183.66,695611.46,3
2025-10-30T09:22:49.284122,09:22:49,8190.95,696230.52,3
2025-10-30T09:22:51.341670,09:22:51,8170.53,694494.82,3
2025-10-30T09:23:00.915915,09:23:00,8182.25,695491.48,3
2025-10-30T09:23:02.950853,09:23:02,8184.55,695686.63,3
2025-10-30T09:23:12.567720,09:23:12,8179.66,695270.77,3
2025-10-30T09:23:14.866241,09:23:14,8179.29,695239.68,3
2025-10-30T09:23:24.223128,09:23:24,8152.0,692920.26,3
2025-10-30T09:23:26.518417,09:23:26,8136.94,691639.59,3
2025-10-30T09:23:36.137901,09:23:36,8120.07,690205.53,3
2025-10-30T09:23:38.142010,09:23:38,8119.05,690119.32,3
2025-10-30T09:23:47.740088,09:23:47,8127.42,690830.45,3
2025-10-30T09:23:49.798386,09:23:49,8131.31,691161.62,3
2025-10-30T09:23:59.423294,09:23:59,8143.04,692158.66,3
2025-10-30T09:24:01.709213,09:24:01,8141.35,692015.04,3
2025-10-30T09:24:11.332332,09:24:11,8144.6,692290.69,3
2025-10-30T09:24:13.334343,09:24:13,8124.01,690540.6,3
2025-10-30T09:24:23.550519,09:24:23,8122.77,690435.73,3
2025-10-30T09:24:24.958798,09:24:24,8122.78,690436.13,3
2025-10-30T09:24:35.237595,09:24:35,8122.09,690377.35,3
2025-10-30T09:24:36.549767,09:24:36,8122.01,690370.58,3
2025-10-30T09:24:47.377881,09:24:47,8118.55,690077.16,3
2025-10-30T09:24:48.446752,09:24:48,8118.2,690046.91,3
2025-10-30T09:24:59.563204,09:24:59,8112.43,689556.5,3
2025-10-30T09:25:00.063915,09:25:00,8111.07,689441.1,3
2025-10-30T09:25:11.549570,09:25:11,8114.4,689723.74,3
2025-10-30T09:25:11.761482,09:25:11,8114.4,689723.74,3
2025-10-30T09:25:23.412944,09:25:23,8108.18,689195.49,3
2025-10-30T09:25:23.724239,09:25:23,8108.6,689231.25,3
2025-10-30T09:25:35.343594,09:25:35,8070.17,685964.13,3
2025-10-30T09:25:35.370477,09:25:35,8070.17,685964.13,3
2025-10-30T09:25:46.959790,09:25:46,8091.3,687760.84,3
2025-10-30T09:25:47.294491,09:25:47,8090.51,687693.76,3
2025-10-30T09:25:58.898364,09:25:58,8132.97,691302.81,3
2025-10-30T09:25:59.252312,09:25:59,8132.97,691302.81,3
2025-10-30T09:26:11.177348,09:26:11,8097.2,688261.65,3
2025-10-30T09:26:11.212628,09:26:11,8097.67,688302.18,3
2025-10-30T09:26:22.780262,09:26:22,8099.23,688434.67,3
2025-10-30T09:26:23.129962,09:26:23,8099.23,688434.67,3
2025-10-30T09:26:34.708023,09:26:34,8093.04,687908.52,3
2025-10-30T09:26:34.992456,09:26:34,8093.04,687908.52,3
2025-10-30T09:26:46.610362,09:26:46,8088.18,687495.4,3
2025-10-30T09:26:46.678742,09:26:46,8088.18,687495.4,3
2025-10-30T09:26:58.527166,09:26:58,8085.08,687231.43,3
2025-10-30T09:26:58.852480,09:26:58,8085.08,687231.43,3
2025-10-30T09:27:10.676626,09:27:10,8104.31,688866.52,3
2025-10-30T09:27:10.691728,09:27:10,8099.51,688458.29,3
2025-10-30T09:27:22.298826,09:27:22,8117.37,689976.35,3
2025-10-30T09:27:22.929972,09:27:22,8117.37,689976.35,3
2025-10-30T09:27:33.942607,09:27:33,8137.23,691664.2,3
2025-10-30T09:27:34.830411,09:27:34,8137.19,691661.19,3
2025-10-30T09:27:46.227920,09:27:46,8181.4,695419.07,3
2025-10-30T09:27:46.717207,09:27:46,8182.42,695505.3,3
2025-10-30T09:27:58.606208,09:27:58,8194.43,696526.57,3
2025-10-30T09:27:58.706219,09:27:58,8195.86,696647.7,3
2025-10-30T09:28:10.561672,09:28:10,8176.37,694991.07,3
2025-10-30T09:28:10.650150,09:28:10,8176.37,694991.07,3
2025-10-30T09:28:23.111898,09:28:23,8174.37,694821.67,3
2025-10-30T09:28:23.128800,09:28:23,8174.46,694829.26,3
2025-10-30T09:28:35.211863,09:28:35,8151.58,692884.66,3
2025-10-30T09:28:35.282317,09:28:35,8151.58,692884.66,3
2025-10-30T09:28:46.802478,09:28:46,8158.96,693511.82,3
2025-10-30T09:28:47.505125,09:28:47,8156.39,693292.95,3
2025-10-30T09:28:58.550292,09:28:58,8124.96,690621.84,3
2025-10-30T09:28:59.798943,09:28:59,8125.04,690628.37,3
2025-10-30T09:29:10.744900,09:29:10,8125.79,690691.76,3
2025-10-30T09:29:11.760113,09:29:11,8127.76,690859.22,3
2025-10-30T09:29:22.654937,09:29:22,8117.24,689965.67,3
2025-10-30T09:29:23.359618,09:29:23,8117.7,690004.44,3
2025-10-30T09:29:34.564373,09:29:34,8148.9,692656.88,3
2025-10-30T09:29:34.991874,09:29:34,8147.73,692557.47,3
2025-10-30T09:29:46.221192,09:29:46,8136.05,691564.47,3
2025-10-30T09:29:46.698492,09:29:46,8137.34,691673.73,3
2025-10-30T09:29:57.867010,09:29:57,8276.16,703473.57,3
2025-10-30T09:29:58.470355,09:29:58,8276.16,703473.97,3
2025-10-30T09:30:09.536534,09:30:09,8272.78,703186.09,3
2025-10-30T09:30:10.097817,09:30:10,8272.17,703134.52,3
2025-10-30T09:30:21.437628,09:30:21,8274.79,703356.99,3
2025-10-30T09:30:21.983399,09:30:21,8274.54,703335.99,3
2025-10-30T09:30:33.388686,09:30:33,8236.09,700067.7,3
2025-10-30T09:30:33.874049,09:30:33,8235.74,700037.76,3
2025-10-30T09:30:45.009716,09:30:45,8235.18,699990.2,3
2025-10-30T09:30:45.783827,09:30:45,8235.18,699990.6,3
2025-10-30T09:30:57.017425,09:30:57,8214.3,698215.18,3
2025-10-30T09:30:57.772676,09:30:57,8214.3,698215.33,3
2025-10-30T09:31:08.661761,09:31:08,8225.95,699205.68,3
2025-10-30T09:31:09.401353,09:31:09,8225.95,699206.07,3
2025-10-30T09:31:20.945453,09:31:20,8201.31,697111.14,3
2025-10-30T09:31:21.014603,09:31:21,8201.31,697111.14,3
2025-10-30T09:31:32.579709,09:31:32,8169.48,694405.63,3
2025-10-30T09:31:32.676704,09:31:32,8170.15,694462.68,3
2025-10-30T09:31:44.299651,09:31:44,8144.32,692267.38,3
2025-10-30T09:31:44.657792,09:31:44,8144.32,692267.38,3
2025-10-30T09:31:56.510012,09:31:56,8128.52,690924.58,3
2025-10-30T09:31:56.797032,09:31:56,8149.1,692673.69,3
2025-10-30T09:32:08.403489,09:32:08,8134.39,691423.15,3
2025-10-30T09:32:08.461174,09:32:08,8144.05,692243.84,3
2025-10-30T09:32:20.285419,09:32:20,8199.32,696942.1,3
2025-10-30T09:32:20.376970,09:32:20,8199.32,696942.1,3
2025-10-30T09:32:31.851251,09:32:31,8177.53,695090.23,3
2025-10-30T09:32:32.074477,09:32:32,8178.37,695161.68,3
2025-10-30T09:32:44.049866,09:32:44,8194.69,696548.85,3
2025-10-30T09:32:44.294098,09:32:44,8194.69,696548.85,3
2025-10-30T09:32:55.948808,09:32:55,8197.38,696777.36,3
2025-10-30T09:32:56.536595,09:32:56,8197.43,696781.79,3
2025-10-30T09:33:07.932381,09:33:07,8221.98,698868.15,3
2025-10-30T09:33:08.419414,09:33:08,8230.91,699627.17,3
2025-10-30T09:33:19.537341,09:33:19,8212.72,698080.94,3
2025-10-30T09:33:20.601604,09:33:20,8212.72,698081.34,3
2025-10-30T09:33:31.685289,09:33:31,8238.4,700263.75,3
2025-10-30T09:33:32.497642,09:33:32,8236.8,700127.66,3
2025-10-30T09:33:43.363109,09:33:43,8206.26,697532.22,3
2025-10-30T09:33:44.451850,09:33:44,8206.18,697525.1,3
2025-10-30T09:33:55.286973,09:33:55,8172.92,694698.45,3
2025-10-30T09:33:56.076991,09:33:56,8170.7,694509.71,3
2025-10-30T09:34:06.891380,09:34:06,8151.32,692862.6,3
2025-10-30T09:34:08.259574,09:34:08,8148.76,692644.7,3
2025-10-30T09:34:18.542964,09:34:18,8142.57,692118.47,3
2025-10-30T09:34:19.875570,09:34:19,8144.8,692307.69,3
2025-10-30T09:34:30.229226,09:34:30,8100.83,688570.27,3
2025-10-30T09:34:31.571946,09:34:31,8100.22,688518.54,3
2025-10-30T09:34:41.940161,09:34:41,8077.08,686551.82,3
2025-10-30T09:34:43.490597,09:34:43,8086.83,687380.56,3
2025-10-30T09:34:53.621795,09:34:53,8078.65,686685.03,3
2025-10-30T09:34:55.072798,09:34:55,8070.48,685991.12,3
2025-10-30T09:35:05.252822,09:35:05,8059.77,685080.74,3
2025-10-30T09:35:06.730927,09:35:06,8059.78,685081.14,3
2025-10-30T09:35:16.910650,09:35:16,7998.64,679884.18,3
2025-10-30T09:35:18.690758,09:35:18,7997.13,679755.77,3
2025-10-30T09:35:28.598661,09:35:28,7974.39,677822.92,3
2025-10-30T09:35:30.585257,09:35:30,7987.38,678926.93,3
2025-10-30T09:35:40.247468,09:35:40,7962.25,676791.57,3
2025-10-30T09:35:42.202222,09:35:42,7965.39,677057.91,3
2025-10-30T09:35:51.865964,09:35:51,7972.72,677681.3,3
2025-10-30T09:35:54.126881,09:35:54,7979.69,678273.85,3
2025-10-30T09:36:03.795564,09:36:03,7994.6,679541.19,3
2025-10-30T09:36:05.767649,09:36:05,7992.45,679358.2,3
2025-10-30T09:36:15.727214,09:36:15,7977.78,678111.35,3
2025-10-30T09:36:17.650077,09:36:17,7977.57,678093.58,3
2025-10-30T09:36:27.300901,09:36:27,8003.92,680333.0,3
2025-10-30T09:36:29.200975,09:36:29,8009.33,680793.08,3
2025-10-30T09:36:38.896920,09:36:38,8036.35,683089.81,3
2025-10-30T09:36:40.921147,09:36:40,8035.78,683041.46,3
2025-10-30T09:36:50.447977,09:36:50,8062.63,685323.63,3
2025-10-30T09:36:52.738312,09:36:52,8063.36,685385.32,3
2025-10-30T09:37:01.999617,09:37:01,8045.87,683899.28,3
2025-10-30T09:37:04.561659,09:37:04,8044.5,683782.45,3
2025-10-30T09:37:13.632896,09:37:13,8016.05,681364.64,3
2025-10-30T09:37:16.196106,09:37:16,7953.65,676059.85,3
2025-10-30T09:37:25.330337,09:37:25,7911.5,672477.45,3
2025-10-30T09:37:28.044649,09:37:28,7921.5,673327.12,3
2025-10-30T09:37:37.156185,09:37:37,7893.59,670954.92,3
2025-10-30T09:37:40.219406,09:37:40,7899.6,671466.3,3
2025-10-30T09:37:49.034158,09:37:49,7870.07,668955.63,3
2025-10-30T09:37:52.107613,09:37:52,7875.62,669427.28,3
2025-10-30T09:38:00.684017,09:38:00,7875.19,669391.23,3
2025-10-30T09:38:03.918435,09:38:03,7841.14,666497.06,3
2025-10-30T09:38:12.537419,09:38:12,7840.22,666419.03,3
2025-10-30T09:38:15.769102,09:38:15,7829.19,665481.18,3
2025-10-30T09:38:24.084008,09:38:24,7841.84,666556.58,3
2025-10-30T09:38:27.365844,09:38:27,7840.49,666442.0,3
2025-10-30T09:38:35.768957,09:38:35,7861.11,668194.24,3
2025-10-30T09:38:39.257175,09:38:39,7872.12,669130.34,3
2025-10-30T09:38:47.640353,09:38:47,7868.9,668856.21,3
2025-10-30T09:38:50.901137,09:38:50,7822.4,664903.98,3
2025-10-30T09:38:59.179842,09:38:59,7854.23,667609.2,3
2025-10-30T09:39:02.450824,09:39:02,7874.45,669328.59,3
2025-10-30T09:39:11.101863,09:39:11,7857.71,667905.77,3
2025-10-30T09:39:14.019670,09:39:14,7857.23,667864.36,3
2025-10-30T09:39:22.669486,09:39:22,7884.42,670175.63,3
2025-10-30T09:39:25.620323,09:39:25,7905.08,671932.08,3
2025-10-30T09:39:34.271128,09:39:34,7870.46,668988.8,3
2025-10-30T09:39:37.240197,09:39:37,7875.68,669432.88,3
2025-10-30T09:39:46.440713,09:39:46,7885.92,670303.21,3
2025-10-30T09:39:48.814056,09:39:48,7861.36,668216.01,3
2025-10-30T09:39:58.264521,09:39:58,7886.48,670350.96,3
2025-10-30T09:40:00.620953,09:40:00,7892.69,670878.98,3
2025-10-30T09:40:10.210936,09:40:10,7833.51,665848.64,3
2025-10-30T09:40:12.162712,09:40:12,7818.27,664553.27,3
2025-10-30T09:40:21.854792,09:40:21,7780.72,661360.95,3
2025-10-30T09:40:24.251391,09:40:24,7765.56,660072.95,3
2025-10-30T09:40:33.410808,09:40:33,7748.7,658639.64,3
2025-10-30T09:40:35.853944,09:40:35,7753.88,659080.05,3
2025-10-30T09:40:44.959126,09:40:44,7747.64,658549.09,3
2025-10-30T09:40:47.707132,09:40:47,7726.24,656730.65,3
2025-10-30T09:40:56.482314,09:40:56,7678.9,652706.52,3
2025-10-30T09:40:59.291616,09:40:59,7670.17,651964.69,3
2025-10-30T09:41:08.666105,09:41:08,7624.3,648065.58,3
2025-10-30T09:41:10.895523,09:41:10,7609.43,646801.86,3
2025-10-30T09:41:20.225076,09:41:20,7572.16,643633.57,3
2025-10-30T09:41:23.133469,09:41:23,7568.48,643320.75,3
2025-10-30T09:41:31.763738,09:41:31,7668.65,651835.4,3
2025-10-30T09:41:34.742224,09:41:34,7651.56,650383.01,3
2025-10-30T09:41:43.430828,09:41:43,7663.38,651387.3,3
2025-10-30T09:41:46.358073,09:41:46,7677.56,652592.78,3
2025-10-30T09:41:55.342924,09:41:55,7600.55,646046.41,3
2025-10-30T09:41:58.227341,09:41:58,7611.93,647013.85,3
2025-10-30T09:42:07.152547,09:42:07,7599.19,645931.41,3
2025-10-30T09:42:09.758883,09:42:09,7595.97,645657.4,3
2025-10-30T09:42:19.075128,09:42:19,7536.92,640638.31,3
2025-10-30T09:42:21.600563,09:42:21,7540.01,640901.01,3
2025-10-30T09:42:30.880661,09:42:30,7589.0,645065.39,3
2025-10-30T09:42:33.538642,09:42:33,7590.22,645168.38,3
2025-10-30T09:42:42.483933,09:42:42,7589.16,645078.82,3
2025-10-30T09:42:45.347317,09:42:45,7608.01,646681.03,3
2025-10-30T09:42:54.632033,09:42:54,7620.0,647699.98,3
2025-10-30T09:42:56.933787,09:42:56,7633.75,648868.47,3
2025-10-30T09:43:06.217896,09:43:06,7668.55,651826.98,3
2025-10-30T09:43:08.447975,09:43:08,7678.53,652675.31,3
2025-10-30T09:43:18.359269,09:43:18,7645.79,649892.05,3
2025-10-30T09:43:20.286620,09:43:20,7625.24,648145.8,3
2025-10-30T09:43:30.266985,09:43:30,7606.99,646594.01,3
2025-10-30T09:43:31.921814,09:43:31,7624.4,648074.28,3
2025-10-30T09:43:41.895709,09:43:41,7594.83,645560.94,3
2025-10-30T09:43:43.774353,09:43:43,7620.45,647737.87,3
2025-10-30T09:43:53.510447,09:43:53,7684.93,653218.78,3
2025-10-30T09:43:55.715180,09:43:55,7675.78,652441.57,3
2025-10-30T09:44:05.111320,09:44:05,7583.29,644579.61,3
2025-10-30T09:44:07.278759,09:44:07,7590.41,645184.67,3
2025-10-30T09:44:16.671720,09:44:16,7610.14,646862.13,3
2025-10-30T09:44:18.889678,09:44:18,7613.92,647183.23,3
2025-10-30T09:44:28.625580,09:44:28,7626.47,648250.02,3
2025-10-30T09:44:30.753422,09:44:30,7630.29,648574.41,3
2025-10-30T09:44:40.520007,09:44:40,7593.56,645452.31,3
2025-10-30T09:44:42.315692,09:44:42,7598.28,645853.54,3
2025-10-30T09:44:52.397397,09:44:52,7627.73,648357.38,3
2025-10-30T09:44:53.892207,09:44:53,7644.87,649814.03,3
2025-10-30T09:45:03.978468,09:45:03,7599.44,645951.98,3
2025-10-30T09:45:05.753852,09:45:05,7588.79,645046.87,3
2025-10-30T09:45:15.929925,09:45:15,7528.58,639929.7,3
2025-10-30T09:45:17.611528,09:45:17,7554.72,642151.4,3
2025-10-30T09:45:28.157802,09:45:28,7498.57,637378.69,3
2025-10-30T09:45:29.507143,09:45:29,7501.22,637603.48,3
2025-10-30T09:45:40.345687,09:45:40,7490.83,636720.41,3
2025-10-30T09:45:41.098109,09:45:41,7515.94,638854.86,3
2025-10-30T09:45:52.315268,09:45:52,7510.54,638395.74,3
2025-10-30T09:45:52.800269,09:45:52,7485.05,636229.19,3
2025-10-30T09:46:03.943955,09:46:03,7497.54,637291.11,3
2025-10-30T09:46:04.735850,09:46:04,7498.79,637397.36,3
2025-10-30T09:46:16.103015,09:46:16,7571.61,643586.64,3
2025-10-30T09:46:16.332314,09:46:16,7569.97,643447.27,3
2025-10-30T09:46:27.685987,09:46:27,7527.5,639837.84,3
2025-10-30T09:46:28.283737,09:46:28,7533.42,640340.41,3
2025-10-30T09:46:39.573178,09:46:39,7528.17,639894.11,3
2025-10-30T09:46:39.865852,09:46:39,7521.6,639335.94,3
2025-10-30T09:46:51.471796,09:46:51,7478.6,635680.86,3
2025-10-30T09:46:51.514599,09:46:51,7478.95,635710.45,3
2025-10-30T09:47:03.065990,09:47:03,7461.36,634215.66,3
2025-10-30T09:47:03.451695,09:47:03,7461.55,634231.34,3
2025-10-30T09:47:15.015823,09:47:15,7432.76,631784.57,3
2025-10-30T09:47:15.330766,09:47:15,7432.3,631745.65,3
2025-10-30T09:47:26.909074,09:47:26,7419.86,630688.44,3
2025-10-30T09:47:27.259591,09:47:27,7423.43,630991.83,3
2025-10-30T09:47:39.084184,09:47:39,7429.83,631535.94,3
2025-10-30T09:47:39.417992,09:47:39,7413.5,630147.78,3
2025-10-30T09:47:51.054762,09:47:51,7466.01,634611.24,3
2025-10-30T09:47:51.083540,09:47:51,7465.19,634541.15,3
2025-10-30T09:48:02.954086,09:48:02,7548.14,641592.25,3
2025-10-30T09:48:03.200041,09:48:03,7542.17,641084.79,3
2025-10-30T09:48:14.604226,09:48:14,7543.14,641166.82,3
2025-10-30T09:48:14.758792,09:48:14,7571.54,643581.21,3
2025-10-30T09:48:26.215670,09:48:26,7538.22,640748.36,3
2025-10-30T09:48:27.204521,09:48:27,7537.07,640650.86,3
2025-10-30T09:48:38.372851,09:48:38,7504.06,637845.05,3
2025-10-30T09:48:39.094482,09:48:39,7495.1,637083.37,3
2025-10-30T09:48:50.044922,09:48:50,7494.81,637058.98,3
2025-10-30T09:48:50.685060,09:48:50,7492.17,636834.29,3
2025-10-30T09:49:01.665274,09:49:01,7539.35,640844.92,3
2025-10-30T09:49:02.821096,09:49:02,7536.32,640587.11,3
2025-10-30T09:49:13.562086,09:49:13,7519.44,639152.66,3
2025-10-30T09:49:14.959020,09:49:14,7516.97,638942.81,3
2025-10-30T09:49:25.432143,09:49:25,7557.89,642420.93,3
2025-10-30T09:49:26.915067,09:49:26,7557.04,642348.51,3
2025-10-30T09:49:37.008340,09:49:37,7619.49,647656.74,3
2025-10-30T09:49:38.482175,09:49:38,7615.0,647274.6,3
2025-10-30T09:49:48.930087,09:49:48,7556.62,642312.77,3
2025-10-30T09:49:50.636813,09:49:50,7560.16,642613.64,3
2025-10-30T09:50:00.565642,09:50:00,7564.98,643023.56,3
2025-10-30T09:50:02.789702,09:50:02,7546.84,641481.14,3
2025-10-30T09:50:12.757556,09:50:12,7640.34,649429.01,3
2025-10-30T09:50:14.343142,09:50:14,7660.97,651182.4,3
2025-10-30T09:50:24.842155,09:50:24,7694.95,654070.47,3
2025-10-30T09:50:25.886891,09:50:25,7688.82,653549.76,3
2025-10-30T09:50:36.731715,09:50:36,7726.97,656792.07,3
2025-10-30T09:50:37.758964,09:50:37,7726.88,656784.63,3
2025-10-30T09:50:48.816398,09:50:48,7696.55,654206.74,3
2025-10-30T09:50:49.901983,09:50:49,7686.37,653341.18,3
2025-10-30T09:51:00.969761,09:51:00,7714.06,655695.42,3
2025-10-30T09:51:01.653952,09:51:01,7722.16,656383.25,3
2025-10-30T09:51:12.916275,09:51:12,7688.61,653532.22,3
2025-10-30T09:51:13.876863,09:51:13,7688.75,653543.76,3
2025-10-30T09:51:24.548502,09:51:24,7654.58,650639.54,3
2025-10-30T09:51:25.544954,09:51:25,7654.03,650592.44,3
2025-10-30T09:51:36.421369,09:51:36,7653.26,650527.23,3
2025-10-30T09:51:37.684231,09:51:37,7651.69,650393.77,3
2025-10-30T09:51:48.376618,09:51:48,7622.07,647876.11,3
2025-10-30T09:51:49.601676,09:51:49,7611.33,646963.4,3
2025-10-30T09:51:59.971809,09:51:59,7580.82,644369.43,3
2025-10-30T09:52:01.450268,09:52:01,7591.56,645282.55,3
2025-10-30T09:52:11.845514,09:52:11,7546.26,641431.83,3
2025-10-30T09:52:13.053442,09:52:13,7526.29,639734.31,3
2025-10-30T09:52:23.755602,09:52:23,7517.9,639021.15,3
2025-10-30T09:52:24.719879,09:52:24,7510.32,638377.08,3
2025-10-30T09:52:35.942691,09:52:35,7501.76,637649.67,3
2025-10-30T09:52:36.292025,09:52:36,7502.61,637721.75,3
2025-10-30T09:52:47.974033,09:52:47,7475.79,635442.34,3
2025-10-30T09:52:48.274514,09:52:48,7475.79,635442.34,3
2025-10-30T09:53:00.193192,09:53:00,7419.47,630655.33,3
2025-10-30T09:53:00.423681,09:53:00,7420.31,630726.02,3
2025-10-30T09:53:12.288543,09:53:12,7466.84,634681.4,3
2025-10-30T09:53:12.429107,09:53:12,7467.5,634737.78,3
2025-10-30T09:53:23.938912,09:53:23,7427.52,631339.35,3
2025-10-30T09:53:24.372870,09:53:24,7424.03,631042.55,3
2025-10-30T09:53:35.823068,09:53:35,7417.3,630470.5,3
2025-10-30T09:53:36.544968,09:53:36,7417.21,630462.73,3
2025-10-30T09:53:47.772429,09:53:47,7285.04,619228.24,3
2025-10-30T09:53:48.127153,09:53:48,7291.42,619771.11,3
2025-10-30T09:54:00.050534,09:54:00,7154.71,608150.71,3
2025-10-30T09:54:00.324792,09:54:00,7167.57,609243.66,3
2025-10-30T09:54:11.692930,09:54:11,7180.41,610335.08,3
2025-10-30T09:54:12.523538,09:54:12,7190.56,611198.0,3
2025-10-30T09:54:23.601228,09:54:23,7150.36,607780.29,3
2025-10-30T09:54:24.171413,09:54:24,7152.97,608002.58,3
2025-10-30T09:54:35.759399,09:54:35,7055.21,599692.62,3
2025-10-30T09:54:36.101502,09:54:36,7068.32,600806.84,3
2025-10-30T09:54:48.020931,09:54:48,6975.97,592957.12,3
2025-10-30T09:54:48.025207,09:54:48,6987.2,593912.02,3
2025-10-30T09:54:59.944025,09:54:59,6989.81,594133.83,3
2025-10-30T09:55:00.258236,09:55:00,6989.81,594133.83,3
2025-10-30T09:55:11.877133,09:55:11,6970.01,592451.23,3
2025-10-30T09:55:12.162882,09:55:12,6970.01,592451.23,3
2025-10-30T09:55:24.047433,09:55:24,6894.0,585990.31,3
2025-10-30T09:55:24.315745,09:55:24,6886.33,585338.02,3
2025-10-30T09:55:36.008000,09:55:36,6855.81,582743.49,3
2025-10-30T09:55:36.291640,09:55:36,6855.81,582743.49,3
2025-10-30T09:55:47.648246,09:55:47,6873.4,584238.99,3
2025-10-30T09:55:47.862250,09:55:47,6876.13,584470.81,3
2025-10-30T09:55:59.770817,09:55:59,6806.9,578586.74,3
2025-10-30T09:56:00.041447,09:56:00,6804.84,578411.49,3
2025-10-30T09:56:11.399410,09:56:11,6738.3,572755.09,3
2025-10-30T09:56:12.191835,09:56:12,6733.8,572373.13,3
2025-10-30T09:56:23.267318,09:56:23,6530.76,555114.48,3
2025-10-30T09:56:24.276384,09:56:24,6528.48,554920.59,3
2025-10-30T09:56:35.263207,09:56:35,6458.96,549011.76,3
2025-10-30T09:56:36.452947,09:56:36,6467.26,549717.12,3
2025-10-30T09:56:47.508125,09:56:47,6397.81,543813.92,3
2025-10-30T09:56:48.287036,09:56:48,6444.64,547794.58,3
2025-10-30T09:56:59.383369,09:56:59,6496.23,552179.41,3
2025-10-30T09:57:00.130129,09:57:00,6473.64,550259.76,3
2025-10-30T09:57:11.549956,09:57:11,6486.14,551321.95,3
2025-10-30T09:57:12.317104,09:57:12,6501.28,552609.11,3
2025-10-30T09:57:23.411966,09:57:23,6151.67,522891.74,3
2025-10-30T09:57:24.145848,09:57:24,6183.67,525611.83,3
2025-10-30T09:57:35.302594,09:57:35,6145.9,522401.46,3
2025-10-30T09:57:35.823146,09:57:35,6143.59,522205.57,3
2025-10-30T09:57:47.156117,09:57:47,5946.45,505448.26,3
2025-10-30T09:57:48.039280,09:57:48,5924.76,503604.48,3
2025-10-30T09:57:59.299185,09:57:59,5845.12,496834.86,3
2025-10-30T09:58:00.054007,09:58:00,5808.71,493740.57,3
2025-10-30T09:58:11.528390,09:58:11,5650.45,480288.24,3
2025-10-30T09:58:11.732064,09:58:11,5617.72,477505.94,3
2025-10-30T09:58:23.465517,09:58:23,5380.82,457369.88,3
2025-10-30T09:58:23.915495,09:58:23,5391.14,458247.18,3
2025-10-30T09:58:35.507050,09:58:35,5249.42,446200.35,3
2025-10-30T09:58:35.871558,09:58:35,5271.39,448068.33,3
2025-10-30T09:58:47.144971,09:58:47,5440.12,462410.14,3
2025-10-30T09:58:47.723007,09:58:47,5410.15,459863.06,3
2025-10-30T09:58:59.320831,09:58:59,5124.34,435569.24,3
2025-10-30T09:58:59.993571,09:58:59,5147.31,437521.42,3
2025-10-30T09:59:11.169987,09:59:11,5074.89,431365.88,3
2025-10-30T09:59:12.159665,09:59:12,5072.63,431173.52,3
2025-10-30T09:59:22.788850,09:59:22,5332.22,453238.45,3
2025-10-30T09:59:24.019666,09:59:24,5347.15,454507.51,3
2025-10-30T09:59:34.674445,09:59:34,5351.68,454892.88,3
2025-10-30T09:59:35.641780,09:59:35,5294.56,450037.29,3
2025-10-30T09:59:46.937105,09:59:46,5316.52,451904.58,3
2025-10-30T09:59:47.580859,09:59:47,5302.3,450695.39,3
2025-10-30T09:59:59.106317,09:59:59,5304.56,450887.42,3
2025-10-30T09:59:59.416592,09:59:59,5305.69,450984.01,3
2025-10-30T10:00:11.259010,10:00:11,5111.59,434484.77,3
2025-10-30T10:00:11.589054,10:00:11,5095.06,433080.03,3
2025-10-30T10:00:23.161384,10:00:23,5301.78,450651.7,3
2025-10-30T10:00:23.440086,10:00:23,5302.08,450676.51,3
2025-10-30T10:00:35.290283,10:00:35,5144.79,437306.8,3
2025-10-30T10:00:35.441489,10:00:35,5140.1,436908.51,3
2025-10-30T10:00:47.190394,10:00:47,5079.65,431770.55,3
2025-10-30T10:00:47.389041,10:00:47,5078.25,431651.24,3
2025-10-30T10:00:58.953115,10:00:58,5007.08,425602.17,3
2025-10-30T10:00:59.387512,10:00:59,5005.38,425457.61,3
2025-10-30T10:01:11.132585,10:01:11,5071.83,431105.61,3
2025-10-30T10:01:11.516187,10:01:11,5059.88,430089.59,3
2025-10-30T10:01:23.339100,10:01:23,5072.94,431199.99,3
2025-10-30T10:01:23.973060,10:01:23,5057.26,429867.11,3
2025-10-30T10:01:35.426247,10:01:35,4867.73,413756.68,3
2025-10-30T10:01:35.795627,10:01:35,4896.04,416163.03,3
2025-10-30T10:01:47.315688,10:01:47,4755.98,404258.19,3
2025-10-30T10:01:47.960683,10:01:47,4760.01,404600.97,3
2025-10-30T10:01:59.276689,10:01:59,4645.93,394903.93,3
2025-10-30T10:01:59.521364,10:01:59,4649.39,395197.9,3
2025-10-30T10:02:11.073862,10:02:11,4622.91,392947.35,3
2025-10-30T10:02:11.405520,10:02:11,4642.46,394608.7,3
2025-10-30T10:02:22.698477,10:02:22,4761.58,404734.46,3
2025-10-30T10:02:22.967521,10:02:22,4747.02,403496.52,3
2025-10-30T10:02:34.594494,10:02:34,4779.64,406269.7,3
2025-10-30T10:02:34.649290,10:02:34,4811.38,408967.36,3
2025-10-30T10:02:46.300275,10:02:46,4655.35,395704.97,3
2025-10-30T10:02:46.471849,10:02:46,4639.01,394316.1,3
2025-10-30T10:02:57.890129,10:02:57,4657.44,395881.99,3
2025-10-30T10:02:58.614775,10:02:58,4679.64,397769.55,3
2025-10-30T10:03:09.755226,10:03:09,4849.05,412168.92,3
2025-10-30T10:03:10.534035,10:03:10,4875.41,414410.03,3
2025-10-30T10:03:21.340593,10:03:21,4826.59,410260.24,3
2025-10-30T10:03:22.150956,10:03:22,4785.43,406761.53,3
2025-10-30T10:03:32.887354,10:03:32,4733.19,402321.12,3
2025-10-30T10:03:33.746367,10:03:33,4727.99,401878.73,3
2025-10-30T10:03:44.496759,10:03:44,4566.44,388147.51,3
2025-10-30T10:03:45.637006,10:03:45,4590.83,390220.96,3
2025-10-30T10:03:56.346425,10:03:56,4644.91,394817.53,3
2025-10-30T10:03:57.857250,10:03:57,4675.06,397379.96,3
2025-10-30T10:04:08.530558,10:04:08,4813.1,409113.8,3
2025-10-30T10:04:09.452886,10:04:09,4846.16,411923.4,3
2025-10-30T10:04:20.396508,10:04:20,4911.1,417443.81,3
2025-10-30T10:04:21.632876,10:04:21,4901.95,416665.39,3
2025-10-30T10:04:31.979083,10:04:31,4811.99,409018.98,3
2025-10-30T10:04:33.478711,10:04:33,4824.05,410044.57,3
2025-10-30T10:04:43.532720,10:04:43,4880.19,414815.79,3
2025-10-30T10:04:45.060049,10:04:45,4909.91,417342.75,3
2025-10-30T10:04:55.169657,10:04:55,4964.91,422017.54,3
2025-10-30T10:04:56.708854,10:04:56,4992.72,424381.3,3
2025-10-30T10:05:07.078085,10:05:07,5157.85,438417.34,3
2025-10-30T10:05:09.232060,10:05:09,5226.09,444217.34,3
2025-10-30T10:05:18.716552,10:05:18,5233.74,444868.17,3
2025-10-30T10:05:20.856153,10:05:20,5171.36,439565.53,3
2025-10-30T10:05:30.268312,10:05:30,5166.52,439153.87,3
2025-10-30T10:05:32.726190,10:05:32,5208.93,442759.11,3
2025-10-30T10:05:42.137990,10:05:42,5415.07,460280.89,3
2025-10-30T10:05:44.913857,10:05:44,5464.4,464473.86,3
2025-10-30T10:05:53.700835,10:05:53,5409.73,459827.42,3
2025-10-30T10:05:57.053368,10:05:57,5479.65,465770.25,3
2025-10-30T10:06:05.264859,10:06:05,5490.62,466702.58,3
2025-10-30T10:06:08.577338,10:06:08,5574.99,473873.89,3
2025-10-30T10:06:16.875767,10:06:16,5484.0,466139.79,3
2025-10-30T10:06:20.404482,10:06:20,5425.52,461168.9,3
2025-10-30T10:06:28.726792,10:06:28,5438.54,462275.98,3
2025-10-30T10:06:32.271469,10:06:32,5422.95,460950.56,3
2025-10-30T10:06:40.300422,10:06:40,5489.67,466622.08,3
2025-10-30T10:06:43.824108,10:06:43,5557.59,472394.94,3
2025-10-30T10:06:52.172569,10:06:52,5673.09,482212.83,3
2025-10-30T10:06:55.500264,10:06:55,5616.14,477372.08,3
2025-10-30T10:07:03.715422,10:07:03,5619.01,477615.62,3
2025-10-30T10:07:07.486947,10:07:07,5546.13,471420.84,3
2025-10-30T10:07:15.909631,10:07:15,5381.89,457460.75,3
2025-10-30T10:07:19.091566,10:07:19,5406.5,459552.75,3
2025-10-30T10:07:27.457803,10:07:27,5457.82,463914.3,3
2025-10-30T10:07:30.781973,10:07:30,5475.32,465402.31,3
2025-10-30T10:07:39.674223,10:07:39,5466.57,464658.53,3
2025-10-30T10:07:42.423287,10:07:42,5372.38,456652.12,3
2025-10-30T10:07:51.497676,10:07:51,5254.75,446653.33,3
2025-10-30T10:07:54.019666,10:07:54,5233.15,444817.41,3
2025-10-30T10:08:03.357062,10:08:03,5294.06,449995.47,3
2025-10-30T10:08:05.613485,10:08:05,5262.95,447350.89,3
2025-10-30T10:08:15.319031,10:08:15,5197.86,441818.01,3
2025-10-30T10:08:17.180971,10:08:17,5218.04,443533.65,3
2025-10-30T10:08:26.912142,10:08:26,5434.87,461963.89,3
2025-10-30T10:08:28.785193,10:08:28,5488.05,466484.41,3
2025-10-30T10:08:38.446147,10:08:38,5485.76,466289.83,3
2025-10-30T10:08:40.707166,10:08:40,5317.0,451945.34,3
2025-10-30T10:08:50.982015,10:08:50,5497.8,467312.67,3
2025-10-30T10:08:52.311044,10:08:52,5444.38,462772.33,3
2025-10-30T10:09:02.583600,10:09:02,5465.59,464575.03,3
2025-10-30T10:09:04.141557,10:09:04,5463.36,464385.22,3
2025-10-30T10:09:14.476472,10:09:14,5449.16,463178.86,3
2025-10-30T10:09:15.685939,10:09:15,5417.61,460497.03,3
2025-10-30T10:09:26.009242,10:09:26,5268.03,447782.61,3
2025-10-30T10:09:27.589263,10:09:27,5266.85,447682.46,3
2025-10-30T10:09:37.572671,10:09:37,5302.34,450699.14,3
2025-10-30T10:09:39.243447,10:09:39,5287.27,449417.72,3
2025-10-30T10:09:49.164543,10:09:49,5493.38,466937.1,3
2025-10-30T10:09:51.375260,10:09:51,5478.11,465639.38,3
2025-10-30T10:10:01.158007,10:10:01,5632.48,478760.61,3
2025-10-30T10:10:02.934429,10:10:02,5568.85,473352.28,3
2025-10-30T10:10:13.049347,10:10:13,5650.31,480276.18,3
2025-10-30T10:10:14.483346,10:10:14,5628.25,478401.16,3
2025-10-30T10:10:24.588896,10:10:24,5456.0,463759.96,3
2025-10-30T10:10:26.363267,10:10:26,5484.95,466220.46,3
2025-10-30T10:10:36.202609,10:10:36,5502.81,467739.21,3
2025-10-30T10:10:38.269287,10:10:38,5498.7,467389.26,3
2025-10-30T10:10:48.066588,10:10:48,5450.21,463268.26,3
2025-10-30T10:10:50.138782,10:10:50,5450.59,463299.86,3
2025-10-30T10:10:59.961023,10:10:59,5527.45,469832.86,3
2025-10-30T10:11:02.345339,10:11:02,5530.76,470114.77,3
2025-10-30T10:11:11.543252,10:11:11,5437.81,462213.93,3
2025-10-30T10:11:13.926871,10:11:13,5395.6,458625.82,3
2025-10-30T10:11:23.185073,10:11:23,5393.24,458425.46,3
2025-10-30T10:11:25.493773,10:11:25,5426.89,461285.74,3
2025-10-30T10:11:35.035684,10:11:35,5336.33,453587.89,3
2025-10-30T10:11:37.159034,10:11:37,5307.66,451151.52,3
2025-10-30T10:11:46.896045,10:11:46,5256.4,446793.72,3
2025-10-30T10:11:49.102234,10:11:49,5260.29,447124.84,3
2025-10-30T10:11:58.820571,10:11:58,5193.86,441477.89,3
2025-10-30T10:12:01.013227,10:12:01,5238.61,445281.88,3
2025-10-30T10:12:10.457611,10:12:10,5216.52,443404.34,3
2025-10-30T10:12:12.601125,10:12:12,5220.4,443733.65,3
2025-10-30T10:12:22.541068,10:12:22,5195.13,441586.04,3
2025-10-30T10:12:24.167767,10:12:24,5149.74,437728.19,3
2025-10-30T10:12:34.402254,10:12:34,5147.73,437556.95,3
2025-10-30T10:12:35.796193,10:12:35,5116.73,434921.63,3
2025-10-30T10:12:46.293227,10:12:46,5091.46,432774.03,3
2025-10-30T10:12:47.652420,10:12:47,5111.94,434514.91,3
2025-10-30T10:12:58.415980,10:12:58,5165.3,439050.42,3
2025-10-30T10:12:59.489495,10:12:59,5171.45,439573.06,3
2025-10-30T10:13:10.328869,10:13:10,5136.96,436641.95,3
2025-10-30T10:13:11.635536,10:13:11,5103.29,433779.84,3
2025-10-30T10:13:22.262111,10:13:22,5126.55,435756.96,3
2025-10-30T10:13:23.768292,10:13:23,5134.03,436392.49,3
2025-10-30T10:13:34.402085,10:13:34,5092.96,432901.76,3
2025-10-30T10:13:35.403245,10:13:35,5094.57,433038.03,3
2025-10-30T10:13:46.234697,10:13:46,5054.44,429627.54,3
2025-10-30T10:13:47.062441,10:13:47,5061.54,430231.1,3
2025-10-30T10:13:57.840431,10:13:57,5028.86,427453.39,3
2025-10-30T10:13:58.981850,10:13:58,5032.58,427769.42,3
2025-10-30T10:14:09.678786,10:14:09,4959.19,421531.51,3
2025-10-30T10:14:10.584949,10:14:10,4935.86,419547.77,3
2025-10-30T10:14:21.328495,10:14:21,4870.44,413987.74,3
2025-10-30T10:14:22.428025,10:14:22,4870.54,413995.71,3
2025-10-30T10:14:33.143268,10:14:33,4908.94,417259.72,3
2025-10-30T10:14:34.155601,10:14:34,4912.11,417529.32,3
2025-10-30T10:14:44.994312,10:14:44,4952.31,420946.24,3
2025-10-30T10:14:46.047626,10:14:46,4959.49,421556.55,3
2025-10-30T10:14:56.548678,10:14:56,4946.49,420451.95,3
2025-10-30T10:14:57.987993,10:14:57,4947.34,420524.06,3
2025-10-30T10:15:08.656363,10:15:08,4896.41,416194.55,3
2025-10-30T10:15:09.562176,10:15:09,4925.54,418670.57,3
2025-10-30T10:15:20.742513,10:15:20,4958.17,421444.42,3
2025-10-30T10:15:21.421572,10:15:21,4962.64,421824.1,3
2025-10-30T10:15:32.702859,10:15:32,4984.96,423721.36,3
2025-10-30T10:15:33.206043,10:15:33,4984.84,423711.61,3
2025-10-30T10:15:44.466985,10:15:44,5085.85,432297.3,3
2025-10-30T10:15:44.796198,10:15:44,5100.64,433554.59,3
2025-10-30T10:15:56.594799,10:15:56,5134.48,436430.72,3
2025-10-30T10:15:56.606655,10:15:56,5134.48,436430.72,3
2025-10-30T10:16:08.140545,10:16:08,5050.5,429292.91,3
2025-10-30T10:16:08.234662,10:16:08,5050.5,429292.91,3
2025-10-30T10:16:19.679043,10:16:19,5063.63,430408.17,3
2025-10-30T10:16:20.672140,10:16:20,5063.63,430408.65,3
2025-10-30T10:16:31.511718,10:16:31,5062.34,430298.56,3
2025-10-30T10:16:32.234086,10:16:32,5066.16,430623.26,3
2025-10-30T10:16:43.049175,10:16:43,5141.93,437064.36,3
2025-10-30T10:16:44.406176,10:16:44,5133.18,436320.07,3
2025-10-30T10:16:54.897440,10:16:54,5160.43,438636.36,3
2025-10-30T10:16:56.088068,10:16:56,5169.87,439439.09,3
2025-10-30T10:17:06.496322,10:17:06,5112.97,434602.26,3
2025-10-30T10:17:07.649620,10:17:07,5075.58,431423.93,3
2025-10-30T10:17:18.103769,10:17:18,5105.78,433991.6,3
2025-10-30T10:17:19.223316,10:17:19,5076.06,431465.02,3
2025-10-30T10:17:29.741650,10:17:29,5054.0,429589.98,3
2025-10-30T10:17:31.335310,10:17:31,5054.12,429600.57,3
2025-10-30T10:17:41.325835,10:17:41,5098.5,433372.32,3
2025-10-30T10:17:43.286531,10:17:43,5092.78,432886.0,3
2025-10-30T10:17:52.896823,10:17:52,5102.73,433731.72,3
2025-10-30T10:17:54.819732,10:17:54,5093.26,432927.36,3
2025-10-30T10:18:04.436625,10:18:04,5114.49,434731.89,3
2025-10-30T10:18:06.408078,10:18:06,5080.05,431804.61,3
2025-10-30T10:18:16.000831,10:18:16,5076.4,431494.09,3
2025-10-30T10:18:18.048314,10:18:18,5084.89,432215.86,3
2025-10-30T10:18:27.564937,10:18:27,4986.68,423868.2,3
2025-10-30T10:18:29.628645,10:18:29,4996.59,424710.12,3
2025-10-30T10:18:39.445049,10:18:39,5001.06,425089.92,3
2025-10-30T10:18:41.222916,10:18:41,4999.04,424918.67,3
2025-10-30T10:18:51.006699,10:18:51,5008.02,425681.91,3
2025-10-30T10:18:53.151642,10:18:53,5014.13,426201.35,3
2025-10-30T10:19:02.561169,10:19:02,4988.58,424029.5,3
2025-10-30T10:19:04.867111,10:19:04,5002.42,425205.73,3
2025-10-30T10:19:14.158181,10:19:14,4953.06,421010.18,3
2025-10-30T10:19:16.362295,10:19:16,4934.54,419436.12,3
2025-10-30T10:19:25.725530,10:19:25,4804.71,408400.12,3
2025-10-30T10:19:28.032287,10:19:28,4817.57,409493.74,3
2025-10-30T10:19:37.320059,10:19:37,4842.67,411626.65,3
2025-10-30T10:19:39.656624,10:19:39,4850.23,412269.39,3
2025-10-30T10:19:49.193258,10:19:49,4823.68,410012.88,3
2025-10-30T10:19:51.559475,10:19:51,4822.89,409945.73,3
2025-10-30T10:20:00.774549,10:20:00,4855.1,412683.52,3
2025-10-30T10:20:03.415814,10:20:03,4839.65,411369.99,3
2025-10-30T10:20:12.621359,10:20:12,4820.37,409731.47,3
2025-10-30T10:20:14.951452,10:20:14,4831.33,410662.9,3
2025-10-30T10:20:24.429197,10:20:24,4824.45,410078.42,3
2025-10-30T10:20:26.540417,10:20:26,4806.63,408563.63,3
2025-10-30T10:20:36.273905,10:20:36,4828.42,410415.77,3
2025-10-30T10:20:38.127064,10:20:38,4834.93,410968.76,3
2025-10-30T10:20:47.931904,10:20:47,4839.79,411382.54,3
2025-10-30T10:20:50.649595,10:20:50,4855.04,412678.52,3
2025-10-30T10:20:59.478361,10:20:59,4851.68,412393.01,3
2025-10-30T10:21:02.289878,10:21:02,4859.71,413075.7,3
2025-10-30T10:21:11.022383,10:21:11,4967.61,422246.91,3
2025-10-30T10:21:13.822517,10:21:13,4993.15,424417.72,3
2025-10-30T10:21:22.597868,10:21:22,5018.29,426554.41,3
2025-10-30T10:21:25.454734,10:21:25,5015.19,426290.73,3
2025-10-30T10:21:34.158394,10:21:34,5031.87,427708.86,3
2025-10-30T10:21:37.334204,10:21:37,5053.06,429509.76,3
2025-10-30T10:21:45.741071,10:21:45,5108.94,434259.66,3
2025-10-30T10:21:49.233150,10:21:49,5111.21,434452.99,3
2025-10-30T10:21:57.586828,10:21:57,5094.5,433032.52,3
2025-10-30T10:22:01.141729,10:22:01,5079.49,431757.07,3
2025-10-30T10:22:09.523594,10:22:09,5145.24,437345.66,3
2025-10-30T10:22:13.275391,10:22:13,5106.1,434018.31,3
2025-10-30T10:22:21.384987,10:22:21,5134.84,436461.37,3
2025-10-30T10:22:24.801616,10:22:24,5147.17,437509.77,3
2025-10-30T10:22:33.311187,10:22:33,5139.85,436887.42,3
2025-10-30T10:22:36.370849,10:22:36,5143.15,437167.64,3
2025-10-30T10:22:45.479137,10:22:45,5161.88,438759.45,3
2025-10-30T10:22:47.962578,10:22:47,5159.47,438555.24,3
2025-10-30T10:22:57.096890,10:22:57,5247.24,446015.42,3
2025-10-30T10:22:59.810708,10:22:59,5246.22,445928.77,3
2025-10-30T10:23:08.758126,10:23:08,5209.66,442821.5,3
2025-10-30T10:23:11.714376,10:23:11,5217.63,443498.59,3
2025-10-30T10:23:20.279111,10:23:20,5207.91,442672.46,3
2025-10-30T10:23:23.252797,10:23:23,5225.07,444130.88,3
2025-10-30T10:23:32.105052,10:23:32,5212.16,443033.77,3
2025-10-30T10:23:34.891204,10:23:34,5209.47,442804.98,3
2025-10-30T10:23:43.924948,10:23:43,5237.19,445160.9,3
2025-10-30T10:23:46.958683,10:23:46,5242.42,445606.08,3
2025-10-30T10:23:56.102935,10:23:56,5268.34,447809.09,3
2025-10-30T10:23:58.525845,10:23:58,5226.74,444272.78,3
2025-10-30T10:24:07.636835,10:24:07,5198.79,441897.54,3
2025-10-30T10:24:10.120915,10:24:10,5219.4,443649.33,3
2025-10-30T10:24:19.188701,10:24:19,5216.59,443410.47,3
2025-10-30T10:24:21.635004,10:24:21,5227.04,444298.11,3
2025-10-30T10:24:31.119313,10:24:31,5228.77,444445.42,3
2025-10-30T10:24:33.228682,10:24:33,5233.31,444831.57,3
2025-10-30T10:24:43.265730,10:24:43,5212.34,443048.54,3
2025-10-30T10:24:45.143823,10:24:45,5197.67,441801.63,3
2025-10-30T10:24:55.159331,10:24:55,5121.75,435348.36,3
2025-10-30T10:24:57.025064,10:24:57,5107.52,434138.8,3
2025-10-30T10:25:06.720195,10:25:06,5099.29,433439.82,3
2025-10-30T10:25:08.628548,10:25:08,5096.36,433190.9,3
2025-10-30T10:25:18.562407,10:25:18,5075.93,431454.3,3
2025-10-30T10:25:20.184504,10:25:20,5057.21,429862.52,3
2025-10-30T10:25:30.084231,10:25:30,5096.38,433192.62,3
2025-10-30T10:25:32.004816,10:25:32,5096.46,433198.86,3
2025-10-30T10:25:41.658069,10:25:41,5089.31,432591.35,3
2025-10-30T10:25:43.545884,10:25:43,5090.35,432679.94,3
2025-10-30T10:25:53.547412,10:25:53,5050.65,429304.84,3
2025-10-30T10:25:55.395500,10:25:55,5057.25,429865.91,3
2025-10-30T10:26:05.114025,10:26:05,5054.93,429669.29,3
2025-10-30T10:26:07.279150,10:26:07,5023.97,427037.43,3
2025-10-30T10:26:16.706162,10:26:16,4941.02,419987.08,3
2025-10-30T10:26:19.146950,10:26:19,4944.43,420276.37,3
2025-10-30T10:26:28.319337,10:26:28,4923.98,418538.31,3
2025-10-30T10:26:30.728402,10:26:30,4935.87,419549.21,3
2025-10-30T10:26:40.271176,10:26:40,4945.72,420386.52,3
2025-10-30T10:26:42.373642,10:26:42,4929.0,418965.42,3
2025-10-30T10:26:52.279691,10:26:52,4920.63,418253.39,3
2025-10-30T10:26:54.007774,10:26:54,4916.29,417884.49,3
2025-10-30T10:27:04.128321,10:27:04,4933.15,419318.12,3
2025-10-30T10:27:05.572813,10:27:05,4932.84,419291.59,3
2025-10-30T10:27:15.668839,10:27:15,4977.34,423074.09,3
2025-10-30T10:27:17.152571,10:27:17,5005.29,425449.66,3
2025-10-30T10:27:27.239533,10:27:27,5033.63,427858.77,3
2025-10-30T10:27:29.345377,10:27:29,5025.36,427155.84,3
2025-10-30T10:27:38.825977,10:27:38,4995.77,424640.59,3
2025-10-30T10:27:40.952228,10:27:40,4992.52,424364.13,3
2025-10-30T10:27:50.379036,10:27:50,4999.89,424990.95,3
2025-10-30T10:27:52.513950,10:27:52,5004.33,425367.84,3
2025-10-30T10:28:01.995409,10:28:01,5021.31,426811.0,3
2025-10-30T10:28:04.117038,10:28:04,5015.65,426330.65,3
2025-10-30T10:28:13.879995,10:28:13,5053.29,429529.93,3
2025-10-30T10:28:16.046895,10:28:16,5086.81,432378.44,3
2025-10-30T10:28:25.528075,10:28:25,5135.61,436526.64,3
2025-10-30T10:28:27.621149,10:28:27,5127.08,435801.61,3
2025-10-30T10:28:37.444472,10:28:37,5153.28,438029.03,3
2025-10-30T10:28:39.222244,10:28:39,5105.95,434005.34,3
2025-10-30T10:28:49.305365,10:28:49,5094.01,432991.0,3
2025-10-30T10:28:50.790271,10:28:50,5077.62,431597.38,3
2025-10-30T10:29:01.196039,10:29:01,4938.33,419758.4,3
2025-10-30T10:29:02.661354,10:29:02,4950.05,420754.32,3
2025-10-30T10:29:12.762788,10:29:12,4842.84,411641.62,3
2025-10-30T10:29:14.271300,10:29:14,4853.03,412507.14,3
2025-10-30T10:29:24.644522,10:29:24,4843.39,411688.17,3
2025-10-30T10:29:26.108548,10:29:26,4832.72,410780.99,3
2025-10-30T10:29:36.495154,10:29:36,4797.39,407778.23,3
2025-10-30T10:29:37.693252,10:29:37,4782.93,406548.88,3
2025-10-30T10:29:48.380872,10:29:48,4788.5,407022.13,3
2025-10-30T10:29:49.328247,10:29:49,4788.72,407041.18,3
2025-10-30T10:30:00.261687,10:30:00,4800.83,408070.49,3
2025-10-30T10:30:01.224098,10:30:01,4817.0,409444.64,3
2025-10-30T10:30:12.532167,10:30:12,4853.14,412516.51,3
2025-10-30T10:30:13.088619,10:30:13,4839.13,411326.43,3
2025-10-30T10:30:24.713204,10:30:24,4853.96,412587.02,3
2025-10-30T10:30:24.952782,10:30:24,4853.84,412576.45,3
2025-10-30T10:30:36.384305,10:30:36,4882.76,415034.96,3
2025-10-30T10:30:36.821671,10:30:36,4879.04,414718.07,3
2025-10-30T10:30:48.650246,10:30:48,4887.29,415419.9,3
2025-10-30T10:30:48.674426,10:30:48,4889.55,415611.51,3
2025-10-30T10:31:00.273110,10:31:00,4903.37,416786.81,3
2025-10-30T10:31:00.594262,10:31:00,4905.34,416953.5,3
2025-10-30T10:31:12.196459,10:31:12,4920.93,418278.88,3
2025-10-30T10:31:12.467961,10:31:12,4920.93,418278.88,3
2025-10-30T10:31:24.010699,10:31:24,4909.94,417344.71,3
2025-10-30T10:31:24.442172,10:31:24,4912.9,417596.19,3
2025-10-30T10:31:35.587411,10:31:35,4931.26,419157.19,3
2025-10-30T10:31:36.338381,10:31:36,4933.28,419328.92,3
2025-10-30T10:31:47.492953,10:31:47,4893.18,415920.5,3
2025-10-30T10:31:47.970018,10:31:47,4892.22,415838.87,3
2025-10-30T10:31:59.642182,10:31:59,4818.96,409611.24,3
2025-10-30T10:31:59.881153,10:31:59,4817.54,409490.59,3
2025-10-30T10:32:11.344478,10:32:11,4900.54,416546.32,3
2025-10-30T10:32:12.058338,10:32:12,4900.61,416551.97,3
2025-10-30T10:32:23.308825,10:32:23,4878.11,414639.14,3
2025-10-30T10:32:23.971127,10:32:23,4890.93,415729.03,3
2025-10-30T10:32:34.970050,10:32:34,4860.88,413174.93,3
2025-10-30T10:32:35.909801,10:32:35,4852.7,412479.18,3
2025-10-30T10:32:46.851945,10:32:46,4800.65,408055.1,3
2025-10-30T10:32:47.758345,10:32:47,4800.23,408019.38,3
2025-10-30T10:32:58.783787,10:32:58,4801.98,408168.02,3
2025-10-30T10:33:00.111669,10:33:00,4789.01,407065.89,3
2025-10-30T10:33:10.363811,10:33:10,4866.56,413657.34,3
2025-10-30T10:33:11.797418,10:33:11,4906.83,417080.35,3
2025-10-30T10:33:21.981406,10:33:21,4953.95,421085.69,3
2025-10-30T10:33:23.925581,10:33:23,4982.02,423471.75,3
2025-10-30T10:33:33.663583,10:33:33,4973.88,422779.55,3
2025-10-30T10:33:35.803289,10:33:35,4969.6,422415.6,3
2025-10-30T10:33:45.308877,10:33:45,4939.87,419889.01,3
2025-10-30T10:33:47.482878,10:33:47,4966.92,422188.2,3
2025-10-30T10:33:56.933951,10:33:56,5009.46,425804.31,3
2025-10-30T10:33:59.339205,10:33:59,5008.43,425716.6,3
2025-10-30T10:34:08.548696,10:34:08,5003.24,425275.45,3
2025-10-30T10:34:11.211334,10:34:11,4965.32,422052.46,3
2025-10-30T10:34:20.395076,10:34:20,4938.16,419743.57,3
2025-10-30T10:34:23.092826,10:34:23,4905.86,416997.89,3
2025-10-30T10:34:32.282233,10:34:32,4880.49,414841.5,3
2025-10-30T10:34:34.667077,10:34:34,4890.65,415705.51,3
2025-10-30T10:34:44.220410,10:34:44,4888.25,415501.02,3
2025-10-30T10:34:46.225707,10:34:46,4869.1,413873.26,3
2025-10-30T10:34:56.170780,10:34:56,4852.17,412434.14,3
2025-10-30T10:34:57.785040,10:34:57,4870.77,414015.12,3
2025-10-30T10:35:08.336233,10:35:08,4892.96,415901.96,3
2025-10-30T10:35:09.394525,10:35:09,4872.74,414182.98,3
2025-10-30T10:35:20.279478,10:35:20,4832.24,410740.62,3
2025-10-30T10:35:21.304938,10:35:21,4809.37,408796.62,3
2025-10-30T10:35:32.212337,10:35:32,4761.07,404690.97,3
2025-10-30T10:35:33.134780,10:35:33,4761.08,404691.42,3
2025-10-30T10:35:44.147274,10:35:44,4834.34,410919.19,3
2025-10-30T10:35:45.057634,10:35:45,4834.01,410891.22,3
2025-10-30T10:35:55.687667,10:35:55,4882.7,415029.21,3
2025-10-30T10:35:57.235026,10:35:57,4888.91,415557.77,3
2025-10-30T10:36:07.576047,10:36:07,4851.99,412418.96,3
2025-10-30T10:36:09.061624,10:36:09,4850.26,412271.78,3
2025-10-30T10:36:19.410055,10:36:19,4868.91,413857.34,3
2025-10-30T10:36:20.618571,10:36:20,4879.6,414765.71,3
2025-10-30T10:36:31.230540,10:36:31,4944.64,420294.1,3
2025-10-30T10:36:32.273016,10:36:32,4953.22,421024.04,3
2025-10-30T10:36:43.046410,10:36:43,4966.89,422185.9,3
2025-10-30T10:36:43.920861,10:36:43,4967.02,422196.85,3
2025-10-30T10:36:55.240845,10:36:55,4998.16,424843.8,3
2025-10-30T10:36:55.526532,10:36:55,4976.85,423032.35,3
2025-10-30T10:37:07.360628,10:37:07,5048.07,429085.68,3
2025-10-30T10:37:07.436108,10:37:07,5048.07,429085.68,3
2025-10-30T10:37:19.498111,10:37:19,5135.21,436492.8,3
2025-10-30T10:37:19.828133,10:37:19,5132.29,436244.6,3
2025-10-30T10:37:31.403617,10:37:31,5111.02,434436.42,3
2025-10-30T10:37:31.615913,10:37:31,5111.02,434436.42,3
2025-10-30T10:37:43.152248,10:37:43,5115.92,434853.05,3
2025-10-30T10:37:43.559946,10:37:43,5115.92,434853.05,3
2025-10-30T10:37:55.325409,10:37:55,5139.61,436866.96,3
2025-10-30T10:37:55.749575,10:37:55,5124.9,435616.21,3
2025-10-30T10:38:07.197016,10:38:07,5149.59,437715.2,3
2025-10-30T10:38:07.610470,10:38:07,5146.25,437431.03,3
2025-10-30T10:38:19.084351,10:38:19,5212.99,443104.11,3
2025-10-30T10:38:19.454852,10:38:19,5213.15,443117.62,3
2025-10-30T10:38:31.201716,10:38:31,5200.64,442054.24,3
2025-10-30T10:38:31.319889,10:38:31,5202.93,442249.47,3
2025-10-30T10:38:42.887322,10:38:42,5269.9,447941.51,3
2025-10-30T10:38:43.207897,10:38:43,5269.9,447941.51,3
2025-10-30T10:38:54.759784,10:38:54,5252.02,446422.04,3
2025-10-30T10:38:54.761234,10:38:54,5253.24,446525.43,3
2025-10-30T10:39:06.320042,10:39:06,5255.34,446704.15,3
2025-10-30T10:39:06.645676,10:39:06,5255.34,446704.15,3
2025-10-30T10:39:18.194334,10:39:18,5306.53,451054.88,3
2025-10-30T10:39:18.234998,10:39:18,5305.94,451005.25,3
2025-10-30T10:39:29.734351,10:39:29,5326.56,452757.48,3
2025-10-30T10:39:30.077358,10:39:30,5326.41,452744.66,3
2025-10-30T10:39:41.749930,10:39:41,5287.0,449394.95,3
2025-10-30T10:39:41.957689,10:39:41,5286.86,449382.94,3
2025-10-30T10:39:53.587250,10:39:53,5229.21,444482.82,3
2025-10-30T10:39:53.859221,10:39:53,5228.12,444390.48,3
2025-10-30T10:40:05.447829,10:40:05,5235.76,445040.02,3
2025-10-30T10:40:05.499738,10:40:05,5235.16,444988.4,3
2025-10-30T10:40:17.291458,10:40:17,5261.85,447257.0,3
2025-10-30T10:40:17.388732,10:40:17,5261.85,447257.0,3
2025-10-30T10:40:29.152256,10:40:29,5290.8,449717.9,3
2025-10-30T10:40:29.216066,10:40:29,5290.8,449717.9,3
2025-10-30T10:40:40.686116,10:40:40,5253.58,446554.2,3
2025-10-30T10:40:41.007728,10:40:41,5252.87,446494.23,3
2025-10-30T10:40:52.755987,10:40:52,5361.4,455718.9,3
2025-10-30T10:40:52.909972,10:40:52,5361.16,455698.33,3
2025-10-30T10:41:04.542128,10:41:04,5341.35,454014.43,3
2025-10-30T10:41:04.611562,10:41:04,5345.13,454335.84,3
2025-10-30T10:41:16.405882,10:41:16,5310.84,451421.24,3
2025-10-30T10:41:17.042073,10:41:17,5311.09,451442.9,3
2025-10-30T10:41:28.351339,10:41:28,5270.63,448003.62,3
2025-10-30T10:41:28.897378,10:41:28,5270.03,447952.15,3
2025-10-30T10:41:40.536442,10:41:40,5321.03,452287.87,3
2025-10-30T10:41:40.766624,10:41:40,5324.16,452553.21,3
2025-10-30T10:41:52.635551,10:41:52,5329.82,453034.41,3
2025-10-30T10:41:52.777804,10:41:52,5329.82,453034.41,3
2025-10-30T10:42:04.500738,10:42:04,5368.48,456320.57,3
2025-10-30T10:42:04.710550,10:42:04,5368.32,456307.44,3
2025-10-30T10:42:16.004175,10:42:16,5441.51,462528.74,3
2025-10-30T10:42:16.591824,10:42:16,5443.66,462710.83,3
2025-10-30T10:42:27.867880,10:42:27,5515.49,468816.46,3
2025-10-30T10:42:28.521652,10:42:28,5515.58,468824.12,3
2025-10-30T10:42:39.430260,10:42:39,5492.44,466857.28,3
2025-10-30T10:42:40.643882,10:42:40,5487.89,466470.37,3
2025-10-30T10:42:51.297981,10:42:51,5484.95,466220.58,3
2025-10-30T10:42:52.527117,10:42:52,5487.86,466468.44,3
2025-10-30T10:43:02.828923,10:43:02,5486.76,466374.8,3
2025-10-30T10:43:04.431256,10:43:04,5487.97,466477.82,3
2025-10-30T10:43:14.662923,10:43:14,5506.15,468023.13,3
2025-10-30T10:43:16.233513,10:43:16,5505.1,467933.73,3
2025-10-30T10:43:26.235848,10:43:26,5518.29,469054.87,3
2025-10-30T10:43:27.850623,10:43:27,5516.34,468889.17,3
2025-10-30T10:43:38.101509,10:43:38,5524.39,469572.97,3
2025-10-30T10:43:39.414926,10:43:39,5525.44,469662.69,3
2025-10-30T10:43:50.226919,10:43:50,5592.39,475353.47,3
2025-10-30T10:43:51.266112,10:43:51,5585.02,474726.6,3
2025-10-30T10:44:02.396245,10:44:02,5661.4,481218.87,3
2025-10-30T10:44:03.144448,10:44:03,5668.03,481782.75,3
2025-10-30T10:44:13.935414,10:44:13,5683.37,483086.55,3
2025-10-30T10:44:15.028650,10:44:15,5683.05,483058.97,3
2025-10-30T10:44:25.770481,10:44:25,5720.62,486252.46,3
2025-10-30T10:44:26.577172,10:44:26,5724.88,486615.13,3
2025-10-30T10:44:37.611682,10:44:37,5754.58,489139.16,3
2025-10-30T10:44:38.405553,10:44:38,5771.58,490584.25,3
2025-10-30T10:44:49.461479,10:44:49,5772.61,490671.79,3
2025-10-30T10:44:50.208345,10:44:50,5771.28,490559.13,3
2025-10-30T10:45:01.294558,10:45:01,5811.34,493963.54,3
2025-10-30T10:45:02.679088,10:45:02,5807.82,493664.33,3
2025-10-30T10:45:13.148433,10:45:13,5723.4,486489.32,3
2025-10-30T10:45:14.277751,10:45:14,5730.48,487091.17,3
2025-10-30T10:45:24.754651,10:45:24,5705.33,484952.85,3
2025-10-30T10:45:26.124435,10:45:26,5709.89,485340.53,3
2025-10-30T10:45:36.324640,10:45:36,5716.22,485878.77,3
2025-10-30T10:45:37.974242,10:45:37,5718.75,486093.72,3
2025-10-30T10:45:47.877194,10:45:47,5709.69,485323.66,3
2025-10-30T10:45:49.593396,10:45:49,5712.28,485544.09,3
2025-10-30T10:45:59.436161,10:45:59,5672.76,482184.83,3
2025-10-30T10:46:01.482100,10:46:01,5670.16,481963.24,3
2025-10-30T10:46:10.962508,10:46:10,5675.09,482382.38,3
2025-10-30T10:46:13.047603,10:46:13,5665.73,481587.17,3
2025-10-30T10:46:22.497238,10:46:22,5724.22,486558.69,3
2025-10-30T10:46:24.632743,10:46:24,5755.63,489228.67,3
2025-10-30T10:46:34.109609,10:46:34,5734.46,487429.28,3
2025-10-30T10:46:36.281738,10:46:36,5726.01,486710.97,3
2025-10-30T10:46:45.623606,10:46:45,5766.19,490126.37,3
2025-10-30T10:46:47.831223,10:46:47,5763.38,489887.03,3
2025-10-30T10:46:57.142974,10:46:57,5721.23,486304.51,3
2025-10-30T10:46:59.415742,10:46:59,5730.32,487077.43,3
2025-10-30T10:47:08.667661,10:47:08,5685.88,483299.87,3
2025-10-30T10:47:11.290550,10:47:11,5693.29,483929.76,3
2025-10-30T10:47:20.291600,10:47:20,5708.73,485241.96,3
2025-10-30T10:47:23.226468,10:47:23,5711.24,485455.34,3
2025-10-30T10:47:32.484708,10:47:32,5710.87,485423.67,3
2025-10-30T10:47:34.788271,10:47:34,5744.65,488295.54,3
2025-10-30T10:47:44.632177,10:47:44,5717.57,485993.67,3
2025-10-30T10:47:46.348126,10:47:46,5718.5,486072.9,3
2025-10-30T10:47:56.509997,10:47:56,5743.9,488231.46,3
2025-10-30T10:47:58.151967,10:47:58,5764.8,490007.68,3
2025-10-30T10:48:08.131832,10:48:08,5757.93,489424.42,3
2025-10-30T10:48:10.028451,10:48:10,5760.44,489637.29,3
2025-10-30T10:48:19.796444,10:48:19,5752.57,488968.52,3
2025-10-30T10:48:21.637215,10:48:21,5750.81,488818.89,3
2025-10-30T10:48:31.343975,10:48:31,5750.02,488751.64,3
2025-10-30T10:48:33.813118,10:48:33,5768.34,490308.48,3
2025-10-30T10:48:42.922416,10:48:42,5783.67,491611.74,3
2025-10-30T10:48:45.676562,10:48:45,5814.24,494210.74,3
2025-10-30T10:48:54.735240,10:48:54,5848.81,497148.86,3
2025-10-30T10:48:57.225075,10:48:57,5867.02,498696.3,3
2025-10-30T10:49:06.594533,10:49:06,5824.58,495089.05,3
2025-10-30T10:49:09.163771,10:49:09,5821.62,494837.77,3
2025-10-30T10:49:18.146934,10:49:18,5855.01,497675.64,3
2025-10-30T10:49:20.704874,10:49:20,5831.41,495670.05,3
2025-10-30T10:49:29.677627,10:49:29,5804.62,493393.02,3
2025-10-30T10:49:32.362973,10:49:32,5799.71,492975.65,3
2025-10-30T10:49:41.264206,10:49:41,5788.58,492029.69,3
2025-10-30T10:49:44.046976,10:49:44,5770.75,490513.77,3
2025-10-30T10:49:52.819347,10:49:52,5778.86,491203.1,3
2025-10-30T10:49:55.637053,10:49:55,5775.43,490911.63,3
2025-10-30T10:50:04.420455,10:50:04,5748.72,488640.96,3
2025-10-30T10:50:07.188750,10:50:07,5731.29,487159.73,3
2025-10-30T10:50:16.230122,10:50:16,5780.01,491300.79,3
2025-10-30T10:50:18.710203,10:50:18,5800.79,493066.91,3
2025-10-30T10:50:27.776513,10:50:27,5805.74,493488.16,3
2025-10-30T10:50:30.241484,10:50:30,5808.49,493722.01,3
2025-10-30T10:50:39.298783,10:50:39,5811.41,493970.01,3
2025-10-30T10:50:41.774449,10:50:41,5811.15,493947.67,3
2025-10-30T10:50:50.834160,10:50:50,5910.94,502429.85,3
2025-10-30T10:50:53.662316,10:50:53,5913.71,502665.69,3
2025-10-30T10:51:02.392017,10:51:02,5882.45,500007.99,3
2025-10-30T10:51:05.287967,10:51:05,5881.51,499927.93,3
2025-10-30T10:51:14.015337,10:51:14,5878.34,499658.6,3
2025-10-30T10:51:16.819022,10:51:16,5895.82,501144.98,3
2025-10-30T10:51:25.599972,10:51:25,5893.8,500973.35,3
2025-10-30T10:51:28.385120,10:51:28,5892.52,500863.85,3
2025-10-30T10:51:37.452728,10:51:37,5882.61,500022.02,3
2025-10-30T10:51:39.949872,10:51:39,5854.82,497659.7,3
2025-10-30T10:51:49.357357,10:51:49,5891.12,500744.79,3
2025-10-30T10:51:51.473303,10:51:51,5893.87,500978.84,3
2025-10-30T10:52:01.170888,10:52:01,5892.82,500889.89,3
2025-10-30T10:52:03.342026,10:52:03,5881.14,499896.69,3
2025-10-30T10:52:13.098285,10:52:13,5972.11,507629.49,3
2025-10-30T10:52:14.879070,10:52:14,5994.33,509517.75,3
2025-10-30T10:52:24.620464,10:52:24,6048.92,514158.43,3
2025-10-30T10:52:26.468702,10:52:26,6053.33,514533.18,3
2025-10-30T10:52:36.144174,10:52:36,6031.02,512636.82,3
2025-10-30T10:52:38.070235,10:52:38,6044.76,513804.39,3
2025-10-30T10:52:48.005762,10:52:48,6034.83,512960.42,3
2025-10-30T10:52:49.933298,10:52:49,6033.73,512866.83,3
2025-10-30T10:52:59.820818,10:52:59,5952.08,505927.06,3
2025-10-30T10:53:01.457520,10:53:01,5940.04,504903.3,3
2025-10-30T10:53:11.658519,10:53:11,5873.47,499244.75,3
2025-10-30T10:53:13.078928,10:53:13,5880.38,499831.91,3
2025-10-30T10:53:23.601779,10:53:23,5859.4,498048.97,3
2025-10-30T10:53:25.145105,10:53:25,5857.18,497860.37,3
2025-10-30T10:53:35.504328,10:53:35,5882.03,499972.68,3
2025-10-30T10:53:36.961214,10:53:36,5886.22,500328.52,3
2025-10-30T10:53:47.103827,10:53:47,5841.42,496520.76,3
2025-10-30T10:53:48.530909,10:53:48,5842.92,496647.86,3
2025-10-30T10:53:58.994017,10:53:58,5869.83,498935.66,3
2025-10-30T10:54:00.413468,10:54:00,5864.8,498507.76,3
2025-10-30T10:54:10.839592,10:54:10,5869.82,498935.03,3
2025-10-30T10:54:12.804056,10:54:12,5865.99,498609.06,3
2025-10-30T10:54:22.662185,10:54:22,5851.18,497350.28,3
2025-10-30T10:54:24.655300,10:54:24,5833.87,495878.83,3
2025-10-30T10:54:34.496640,10:54:34,5783.59,491604.84,3
2025-10-30T10:54:36.310323,10:54:36,5786.63,491863.9,3
2025-10-30T10:54:46.737472,10:54:46,5809.62,493817.56,3
2025-10-30T10:54:48.352745,10:54:48,5815.68,494332.4,3
2025-10-30T10:54:59.104980,10:54:59,5844.78,496806.4,3
2025-10-30T10:55:00.221517,10:55:00,5847.17,497009.67,3
2025-10-30T10:55:10.986035,10:55:10,5852.94,497499.74,3
2025-10-30T10:55:11.907664,10:55:11,5853.17,497519.69,3
2025-10-30T10:55:22.596276,10:55:22,5865.5,498567.61,3
2025-10-30T10:55:23.826757,10:55:23,5868.12,498790.48,3
2025-10-30T10:55:34.784182,10:55:34,5822.5,494912.75,3
2025-10-30T10:55:35.692812,10:55:35,5802.04,493173.4,3
2025-10-30T10:55:47.265910,10:55:47,5810.75,493913.4,3
2025-10-30T10:55:47.523614,10:55:47,5806.04,493513.0,3
2025-10-30T10:55:59.341453,10:55:59,5828.78,495446.25,3
2025-10-30T10:55:59.378891,10:55:59,5828.78,495445.95,3
2025-10-30T10:56:11.548598,10:56:11,5869.74,498927.64,3
2025-10-30T10:56:11.561179,10:56:11,5868.82,498849.78,3
2025-10-30T10:56:23.372583,10:56:23,5928.61,503931.8,3
2025-10-30T10:56:23.704221,10:56:23,5930.68,504108.08,3
2025-10-30T10:56:35.235652,10:56:35,5953.2,506022.38,3
2025-10-30T10:56:35.368560,10:56:35,5953.2,506022.38,3
2025-10-30T10:56:47.153648,10:56:47,5965.83,507095.32,3
2025-10-30T10:56:47.346237,10:56:47,5967.13,507206.44,3
2025-10-30T10:56:59.240788,10:56:59,5976.57,508008.24,3
2025-10-30T10:56:59.251954,10:56:59,5976.57,508008.67,3
2025-10-30T10:57:11.107982,10:57:11,6004.7,510399.9,3
2025-10-30T10:57:11.161507,10:57:11,6004.7,510399.9,3
2025-10-30T10:57:22.982094,10:57:22,5978.14,508141.97,3
2025-10-30T10:57:23.386682,10:57:23,5978.03,508132.68,3
2025-10-30T10:57:34.534599,10:57:34,5976.76,508024.69,3
2025-10-30T10:57:34.943273,10:57:34,5977.59,508095.5,3
2025-10-30T10:57:46.085371,10:57:46,6018.93,511608.9,3
2025-10-30T10:57:46.786530,10:57:46,6019.43,511651.74,3
2025-10-30T10:57:57.682678,10:57:57,6051.57,514383.2,3
2025-10-30T10:57:58.654160,10:57:58,6051.34,514364.25,3
2025-10-30T10:58:09.478063,10:58:09,6068.09,515788.06,3
2025-10-30T10:58:10.266366,10:58:10,6069.33,515893.29,3
2025-10-30T10:58:21.330557,10:58:21,6096.68,518217.61,3
2025-10-30T10:58:22.475986,10:58:22,6097.39,518278.46,3
2025-10-30T10:58:33.232734,10:58:33,6133.71,521365.01,3
2025-10-30T10:58:34.317912,10:58:34,6128.45,520918.03,3
2025-10-30T10:58:44.769821,10:58:44,6213.51,528148.21,3
2025-10-30T10:58:45.897938,10:58:45,6222.84,528941.13,3
2025-10-30T10:58:56.396169,10:58:56,6325.05,537629.14,3
2025-10-30T10:58:57.761031,10:58:57,6335.36,538505.87,3
2025-10-30T10:59:07.961228,10:59:07,6322.3,537395.14,3
2025-10-30T10:59:09.293250,10:59:09,6321.79,537352.4,3
2025-10-30T10:59:19.805166,10:59:19,6328.91,537956.93,3
2025-10-30T10:59:21.114029,10:59:21,6330.12,538060.44,3
2025-10-30T10:59:31.502254,10:59:31,6331.01,538135.98,3
2025-10-30T10:59:32.679404,10:59:32,6331.48,538175.9,3
2025-10-30T10:59:43.055126,10:59:43,6339.38,538847.59,3
2025-10-30T10:59:44.252436,10:59:44,6339.39,538848.02,3
2025-10-30T10:59:54.685255,10:59:54,6382.14,542481.71,3
2025-10-30T10:59:55.771831,10:59:55,6384.27,542662.93,3
2025-10-30T11:00:06.577557,11:00:06,6383.64,542609.28,3
2025-10-30T11:00:07.307128,11:00:07,6384.49,542681.46,3
2025-10-30T11:00:18.481447,11:00:18,6357.13,540356.06,3
2025-10-30T11:00:18.836135,11:00:18,6357.88,540419.51,3
2025-10-30T11:00:30.363660,11:00:30,6376.91,542037.48,3
2025-10-30T11:00:30.999266,11:00:30,6377.0,542044.7,3
2025-10-30T11:00:41.982343,11:00:41,6389.06,543070.37,3
2025-10-30T11:00:42.855473,11:00:42,6393.34,543433.64,3
2025-10-30T11:00:53.611649,11:00:53,6405.24,544445.51,3
2025-10-30T11:00:54.689659,11:00:54,6397.65,543800.25,3
2025-10-30T11:01:05.235285,11:01:05,6366.65,541165.32,3
2025-10-30T11:01:06.554354,11:01:06,6370.09,541457.79,3
2025-10-30T11:01:16.780000,11:01:16,6377.51,542088.38,3
2025-10-30T11:01:18.440820,11:01:18,6376.08,541966.99,3
2025-10-30T11:01:28.309945,11:01:28,6386.03,542812.45,3
2025-10-30T11:01:30.003050,11:01:30,6385.69,542783.85,3
2025-10-30T11:01:40.177875,11:01:40,6363.34,540884.13,3
2025-10-30T11:01:41.811241,11:01:41,6361.47,540725.13,3
2025-10-30T11:01:51.707225,11:01:51,6374.07,541796.34,3
2025-10-30T11:01:53.451705,11:01:53,6377.73,542107.2,3
2025-10-30T11:02:03.335466,11:02:03,6427.08,546301.42,3
2025-10-30T11:02:05.561073,11:02:05,6436.36,547090.21,3
2025-10-30T11:02:14.850580,11:02:14,6511.49,553476.72,3
2025-10-30T11:02:17.415714,11:02:17,6480.09,550807.77,3
2025-10-30T11:02:26.711548,11:02:26,6492.71,551880.37,3
2025-10-30T11:02:29.304829,11:02:29,6517.96,554026.28,3
2025-10-30T11:02:38.319509,11:02:38,6546.24,556430.22,3
2025-10-30T11:02:41.132788,11:02:41,6540.1,555908.79,3
2025-10-30T11:02:50.254231,11:02:50,6526.41,554745.26,3
2025-10-30T11:02:52.737379,11:02:52,6552.48,556960.42,3
2025-10-30T11:03:02.028430,11:03:02,6530.34,555079.09,3
2025-10-30T11:03:04.260404,11:03:04,6511.61,553486.51,3
2025-10-30T11:03:13.592437,11:03:13,6556.27,557282.84,3
2025-10-30T11:03:16.214432,11:03:16,6556.2,557277.34,3
2025-10-30T11:03:25.576609,11:03:25,6557.58,557394.31,3
2025-10-30T11:03:27.824146,11:03:27,6555.21,557192.67,3
2025-10-30T11:03:37.500507,11:03:37,6549.72,556725.93,3
2025-10-30T11:03:39.701866,11:03:39,6551.96,556916.63,3
2025-10-30T11:03:49.651277,11:03:49,6566.45,558148.36,3
2025-10-30T11:03:51.549152,11:03:51,6589.82,560134.35,3
2025-10-30T11:04:01.531243,11:04:01,6603.71,561315.45,3
2025-10-30T11:04:03.482875,11:04:03,6592.81,560388.74,3
2025-10-30T11:04:13.202628,11:04:13,6600.39,561032.84,3
2025-10-30T11:04:15.365952,11:04:15,6604.64,561394.39,3
2025-10-30T11:04:25.035315,11:04:25,6636.24,564080.27,3
2025-10-30T11:04:26.966015,11:04:26,6624.09,563047.51,3
2025-10-30T11:04:37.229033,11:04:37,6627.94,563374.77,3
2025-10-30T11:04:38.799654,11:04:38,6625.32,563152.45,3
2025-10-30T11:04:49.625444,11:04:49,6647.24,565015.58,3
2025-10-30T11:04:50.309759,11:04:50,6640.88,564474.93,3
2025-10-30T11:05:02.091998,11:05:02,6641.7,564544.92,3
2025-10-30T11:05:02.528116,11:05:02,6622.24,562890.27,3
2025-10-30T11:05:13.992008,11:05:13,6555.7,557234.5,3
2025-10-30T11:05:14.665154,11:05:14,6555.68,557232.49,3
2025-10-30T11:05:25.536930,11:05:25,6535.08,555481.65,3
2025-10-30T11:05:26.677145,11:05:26,6533.13,555315.85,3
2025-10-30T11:05:37.340364,11:05:37,6533.01,555305.62,3
2025-10-30T11:05:38.482177,11:05:38,6524.3,554565.86,3
2025-10-30T11:05:48.888225,11:05:48,6521.96,554367.02,3
2025-10-30T11:05:50.610476,11:05:50,6522.37,554401.81,3
2025-10-30T11:06:00.521642,11:06:00,6548.22,556598.3,3
2025-10-30T11:06:02.148695,11:06:02,6548.26,556602.32,3
2025-10-30T11:06:12.679191,11:06:12,6544.0,556239.73,3
2025-10-30T11:06:13.676215,11:06:13,6542.19,556086.39,3
2025-10-30T11:06:24.551369,11:06:24,6545.83,556395.36,3
2025-10-30T11:06:25.208262,11:06:25,6545.72,556386.13,3
2025-10-30T11:06:36.474627,11:06:36,6508.97,553262.64,3
2025-10-30T11:06:36.737424,11:06:36,6508.89,553255.25,3
2025-10-30T11:06:48.448379,11:06:48,6505.88,552999.61,3
2025-10-30T11:06:48.610665,11:06:48,6505.75,552988.96,3
2025-10-30T11:06:59.985622,11:06:59,6466.5,549652.86,3
2025-10-30T11:07:00.780335,11:07:00,6466.36,549640.77,3
2025-10-30T11:07:11.866400,11:07:11,6469.52,549909.54,3
2025-10-30T11:07:12.315339,11:07:12,6467.92,549773.41,3
2025-10-30T11:07:24.170253,11:07:24,6508.44,553217.75,3
2025-10-30T11:07:24.312474,11:07:24,6510.67,553406.99,3
2025-10-30T11:07:35.994452,11:07:35,6542.48,556110.48,3
2025-10-30T11:07:36.217195,11:07:36,6542.5,556112.14,3
2025-10-30T11:07:48.651376,11:07:48,6536.36,555590.28,3
2025-10-30T11:07:48.656353,11:07:48,6533.54,555351.13,3
2025-10-30T11:08:00.187867,11:08:00,6550.37,556781.24,3
2025-10-30T11:08:00.488494,11:08:00,6550.37,556781.24,3
2025-10-30T11:08:12.374854,11:08:12,6547.56,556542.24,3
2025-10-30T11:08:12.389072,11:08:12,6547.56,556542.24,3
2025-10-30T11:08:24.212103,11:08:24,6517.08,553951.69,3
2025-10-30T11:08:24.300968,11:08:24,6517.08,553951.69,3
2025-10-30T11:08:36.169344,11:08:36,6490.4,551684.03,3
2025-10-30T11:08:36.714452,11:08:36,6486.07,551316.18,3
2025-10-30T11:08:48.078244,11:08:48,6504.4,552874.17,3
2025-10-30T11:08:48.924225,11:08:48,6503.84,552826.27,3
2025-10-30T11:08:59.940722,11:08:59,6578.6,559181.35,3
2025-10-30T11:09:01.073868,11:09:01,6594.01,560490.52,3
2025-10-30T11:09:11.475949,11:09:11,6706.43,570046.97,3
2025-10-30T11:09:12.671765,11:09:12,6710.35,570380.07,3
2025-10-30T11:09:23.306420,11:09:23,6722.55,571416.87,3
2025-10-30T11:09:24.862003,11:09:24,6729.34,571994.19,3
2025-10-30T11:09:34.863418,11:09:34,6753.32,574032.32,3
2025-10-30T11:09:36.391223,11:09:36,6761.99,574768.92,3
2025-10-30T11:09:46.741392,11:09:46,6773.03,575707.53,3
2025-10-30T11:09:48.278077,11:09:48,6782.19,576485.79,3
2025-10-30T11:09:58.279186,11:09:58,6789.28,577088.91,3
2025-10-30T11:09:59.862647,11:09:59,6789.78,577131.12,3
2025-10-30T11:10:09.827375,11:10:09,7009.36,595795.58,3
2025-10-30T11:10:12.069980,11:10:12,7067.69,600753.32,3
2025-10-30T11:10:21.364103,11:10:21,7079.39,601748.2,3
2025-10-30T11:10:23.961021,11:10:23,7041.47,598524.56,3
2025-10-30T11:10:33.247498,11:10:33,7091.94,602815.16,3
2025-10-30T11:10:35.610740,11:10:35,7078.57,601678.48,3
2025-10-30T11:10:44.794788,11:10:44,7067.29,600719.43,3
2025-10-30T11:10:47.814878,11:10:47,7126.42,605745.77,3
2025-10-30T11:10:56.355927,11:10:56,7130.97,606132.28,3
2025-10-30T11:10:59.582831,11:10:59,7160.47,608640.02,3
2025-10-30T11:11:08.263556,11:11:08,7137.24,606665.01,3
2025-10-30T11:11:11.686775,11:11:11,7145.6,607376.22,3
2025-10-30T11:11:19.877200,11:11:19,7081.76,601949.98,3
2025-10-30T11:11:23.243758,11:11:23,7082.9,602046.56,3
2025-10-30T11:11:31.737586,11:11:31,7047.21,599012.69,3
2025-10-30T11:11:34.784753,11:11:34,7021.82,596854.51,3
2025-10-30T11:11:43.576001,11:11:43,7016.72,596421.39,3
2025-10-30T11:11:46.733239,11:11:46,7007.87,595668.54,3
2025-10-30T11:11:55.403029,11:11:55,6976.63,593013.62,3
2025-10-30T11:11:58.342214,11:11:58,6976.68,593017.41,3
2025-10-30T11:12:07.287414,11:12:07,7004.47,595380.34,3
2025-10-30T11:12:09.961009,11:12:09,7028.67,597436.99,3
2025-10-30T11:12:19.136797,11:12:19,7132.0,606220.08,3
2025-10-30T11:12:21.852141,11:12:21,7116.5,604902.5,3
2025-10-30T11:12:31.292079,11:12:31,6991.35,594264.42,3
2025-10-30T11:12:33.450310,11:12:33,6977.8,593112.64,3
2025-10-30T11:12:43.149971,11:12:43,7029.32,597491.82,3
2025-10-30T11:12:45.393568,11:12:45,7027.35,597324.63,3
2025-10-30T11:12:55.266159,11:12:55,7062.79,600336.76,3
2025-10-30T11:12:57.192387,11:12:57,7062.68,600327.99,3
2025-10-30T11:13:07.400600,11:13:07,7123.38,605487.61,3
2025-10-30T11:13:08.739176,11:13:08,7137.4,606679.05,3
2025-10-30T11:13:19.534633,11:13:19,7227.35,614324.45,3
2025-10-30T11:13:20.647762,11:13:20,7239.03,615317.59,3
2025-10-30T11:13:31.397417,11:13:31,7196.28,611683.82,3
2025-10-30T11:13:32.860922,11:13:32,7188.23,610999.33,3
2025-10-30T11:13:42.942308,11:13:42,7281.53,618930.34,3
2025-10-30T11:13:44.724988,11:13:44,7286.17,619324.6,3
2025-10-30T11:13:54.503301,11:13:54,7244.39,615772.77,3
2025-10-30T11:13:56.569498,11:13:56,7256.4,616794.38,3
2025-10-30T11:14:06.372080,11:14:06,7217.82,613514.51,3
2025-10-30T11:14:08.673553,11:14:08,7219.74,613678.27,3
2025-10-30T11:14:18.233244,11:14:18,7280.65,618855.03,3
2025-10-30T11:14:20.966495,11:14:20,7250.75,616313.83,3
2025-10-30T11:14:29.835625,11:14:29,7266.01,617611.12,3
2025-10-30T11:14:32.577204,11:14:32,7280.15,618812.4,3
2025-10-30T11:14:41.712949,11:14:41,7329.72,623026.53,3
2025-10-30T11:14:44.473262,11:14:44,7356.43,625296.14,3
2025-10-30T11:14:53.236457,11:14:53,7423.43,630991.83,3
2025-10-30T11:14:56.344276,11:14:56,7438.61,632281.56,3
2025-10-30T11:15:05.135936,11:15:05,7437.11,632154.27,3
2025-10-30T11:15:07.963017,11:15:07,7432.0,631719.95,3
2025-10-30T11:15:17.382026,11:15:17,7401.91,629162.4,3
2025-10-30T11:15:19.607025,11:15:19,7398.37,628861.85,3
2025-10-30T11:15:28.938491,11:15:28,7390.35,628179.88,3
2025-10-30T11:15:31.494775,11:15:31,7404.09,629347.88,3
2025-10-30T11:15:40.576221,11:15:40,7374.71,626850.24,3
2025-10-30T11:15:43.194334,11:15:43,7432.2,631736.58,3
2025-10-30T11:15:52.427630,11:15:52,7426.65,631265.44,3
2025-10-30T11:15:54.841852,11:15:54,7438.5,632272.8,3
2025-10-30T11:16:04.379014,11:16:04,7521.11,639294.03,3
2025-10-30T11:16:06.970471,11:16:06,7566.88,643184.78,3
2025-10-30T11:16:16.238811,11:16:16,7610.16,646863.4,3
2025-10-30T11:16:18.925755,11:16:18,7593.44,645442.18,3
2025-10-30T11:16:27.844694,11:16:27,7594.0,645489.79,3
2025-10-30T11:16:31.167047,11:16:31,7564.27,642963.16,3
2025-10-30T11:16:39.778711,11:16:39,7569.58,643414.55,3
2025-10-30T11:16:42.754417,11:16:42,7573.61,643757.02,3
2025-10-30T11:16:51.635881,11:16:51,7645.34,649854.2,3
2025-10-30T11:16:54.515071,11:16:54,7684.4,653173.95,3
2025-10-30T11:17:03.286002,11:17:03,7658.21,650947.5,3
2025-10-30T11:17:06.390460,11:17:06,7617.71,647505.53,3
2025-10-30T11:17:15.160600,11:17:15,7640.14,649411.9,3
2025-10-30T11:17:18.300704,11:17:18,7587.44,644932.09,3
2025-10-30T11:17:27.284281,11:17:27,7594.35,645519.42,3
2025-10-30T11:17:30.172323,11:17:30,7590.92,645228.15,3
2025-10-30T11:17:39.242237,11:17:39,7544.07,641245.78,3
2025-10-30T11:17:41.771673,11:17:41,7540.81,640968.49,3
2025-10-30T11:17:51.465560,11:17:51,7591.74,645297.8,3
2025-10-30T11:17:53.398859,11:17:53,7616.8,647427.72,3
2025-10-30T11:18:03.080315,11:18:03,7658.14,650941.69,3
2025-10-30T11:18:05.296322,11:18:05,7688.16,653493.58,3
2025-10-30T11:18:14.609454,11:18:14,7708.49,655221.49,3
2025-10-30T11:18:16.865411,11:18:16,7697.52,654289.31,3
2025-10-30T11:18:26.704806,11:18:26,7700.91,654577.0,3
2025-10-30T11:18:28.724818,11:18:28,7692.77,653885.4,3
2025-10-30T11:18:38.601960,11:18:38,7722.2,656387.19,3
2025-10-30T11:18:40.642374,11:18:40,7725.02,656627.05,3
2025-10-30T11:18:50.416370,11:18:50,7700.84,654571.77,3
2025-10-30T11:18:52.770891,11:18:52,7717.91,656022.09,3
2025-10-30T11:19:02.839616,11:19:02,7652.67,650477.34,3
2025-10-30T11:19:04.754152,11:19:04,7667.62,651747.69,3
2025-10-30T11:19:14.456027,11:19:14,7740.47,657939.89,3
2025-10-30T11:19:16.597105,11:19:16,7745.35,658354.34,3
2025-10-30T11:19:26.307264,11:19:26,7744.62,658292.59,3
2025-10-30T11:19:28.200097,11:19:28,7737.74,657708.19,3
2025-10-30T11:19:38.226797,11:19:38,7851.4,667368.91,3
2025-10-30T11:19:39.795659,11:19:39,7853.3,667530.8,3
2025-10-30T11:19:50.046895,11:19:50,7849.23,667184.86,3
2025-10-30T11:19:51.429258,11:19:51,7848.94,667160.28,3
2025-10-30T11:20:01.625522,11:20:01,7880.35,669829.5,3
2025-10-30T11:20:03.012454,11:20:03,7865.07,668530.71,3
2025-10-30T11:20:13.540602,11:20:13,7914.33,672718.15,3
2025-10-30T11:20:14.755250,11:20:14,7890.88,670724.89,3
2025-10-30T11:20:25.685840,11:20:25,7784.23,661659.19,3
2025-10-30T11:20:26.392401,11:20:26,7805.74,663487.56,3
2025-10-30T11:20:37.597018,11:20:37,7814.64,664244.15,3
2025-10-30T11:20:38.048189,11:20:38,7814.35,664219.61,3
2025-10-30T11:20:49.134745,11:20:49,7806.76,663574.86,3
2025-10-30T11:20:49.943116,11:20:49,7823.07,664960.78,3
2025-10-30T11:21:01.265108,11:21:01,7755.98,659258.69,3
2025-10-30T11:21:01.573150,11:21:01,7758.09,659437.66,3
2025-10-30T11:21:13.383137,11:21:13,7719.26,656136.82,3
2025-10-30T11:21:13.735166,11:21:13,7719.26,656136.82,3
2025-10-30T11:21:25.211961,11:21:25,7762.8,659837.9,3
2025-10-30T11:21:25.662152,11:21:25,7768.92,660357.91,3
2025-10-30T11:21:36.771987,11:21:36,7822.02,664871.51,3
2025-10-30T11:21:37.535962,11:21:37,7820.34,664728.99,3
2025-10-30T11:21:48.331120,11:21:48,7794.32,662516.9,3
2025-10-30T11:21:49.684244,11:21:49,7788.31,662006.02,3
2025-10-30T11:22:00.163176,11:22:00,7716.63,655913.47,3
2025-10-30T11:22:01.670653,11:22:01,7718.7,656089.19,3
2025-10-30T11:22:11.721406,11:22:11,7660.16,651113.79,3
2025-10-30T11:22:13.267855,11:22:13,7663.56,651402.55,3
2025-10-30T11:22:23.339178,11:22:23,7691.76,653799.27,3
2025-10-30T11:22:24.874273,11:22:24,7688.1,653488.17,3
2025-10-30T11:22:35.178915,11:22:35,7688.67,653536.66,3
2025-10-30T11:22:36.794638,11:22:36,7662.89,651345.8,3
2025-10-30T11:22:46.751637,11:22:46,7680.0,652799.73,3
2025-10-30T11:22:48.387216,11:22:48,7683.99,653139.27,3
2025-10-30T11:22:59.180786,11:22:59,7746.64,658464.58,3
2025-10-30T11:23:00.017265,11:23:00,7744.45,658278.56,3
2025-10-30T11:23:11.269223,11:23:11,7823.76,665019.51,3
2025-10-30T11:23:11.597743,11:23:11,7823.31,664981.59,3
2025-10-30T11:23:23.079907,11:23:23,7858.42,667965.45,3
2025-10-30T11:23:23.487719,11:23:23,7858.42,667965.85,3
2025-10-30T11:23:34.665640,11:23:34,7888.99,670564.04,3
2025-10-30T11:23:35.384226,11:23:35,7885.39,670258.03,3
2025-10-30T11:23:46.926884,11:23:46,7915.85,672847.53,3
2025-10-30T11:23:47.037481,11:23:47,7915.85,672847.53,3
2025-10-30T11:23:58.556338,11:23:58,7929.29,673989.36,3
2025-10-30T11:23:58.876636,11:23:58,7932.85,674292.23,3
2025-10-30T11:24:10.381485,11:24:10,7979.42,678250.5,3
2025-10-30T11:24:11.147015,11:24:11,7973.64,677759.43,3
2025-10-30T11:24:22.815243,11:24:22,7960.11,676609.44,3
2025-10-30T11:24:23.059231,11:24:23,7962.39,676803.48,3
2025-10-30T11:24:34.662848,11:24:34,8012.52,681063.8,3
2025-10-30T11:24:35.222701,11:24:35,8012.8,681088.34,3
2025-10-30T11:24:46.558371,11:24:46,8046.23,683929.94,3
2025-10-30T11:24:47.535190,11:24:47,8058.58,684978.89,3
2025-10-30T11:24:58.387497,11:24:58,8082.62,687023.03,3
2025-10-30T11:24:59.701437,11:24:59,8084.83,687210.57,3
2025-10-30T11:25:09.960924,11:25:09,8061.44,685222.32,3
2025-10-30T11:25:11.602230,11:25:11,8090.33,687678.43,3
2025-10-30T11:25:21.774740,11:25:21,8034.3,682915.73,3
2025-10-30T11:25:23.473064,11:25:23,8020.25,681721.2,3
2025-10-30T11:25:33.694647,11:25:33,8010.37,680881.53,3
2025-10-30T11:25:35.328260,11:25:35,8012.51,681063.16,3
2025-10-30T11:25:45.251218,11:25:45,7976.79,678027.27,3
2025-10-30T11:25:47.505365,11:25:47,7973.77,677770.31,3
2025-10-30T11:25:57.456755,11:25:57,7988.47,679020.35,3
2025-10-30T11:25:59.377732,11:25:59,7989.09,679072.52,3
2025-10-30T11:26:09.350934,11:26:09,8019.34,681644.07,3
2025-10-30T11:26:10.997921,11:26:10,8016.16,681373.59,3
2025-10-30T11:26:21.247194,11:26:21,8032.44,682757.28,3
2025-10-30T11:26:22.943927,11:26:22,8033.34,682833.56,3
2025-10-30T11:26:33.369033,11:26:33,8046.94,683989.87,3
2025-10-30T11:26:34.881423,11:26:34,8043.95,683735.74,3
2025-10-30T11:26:45.336865,11:26:45,8042.03,683572.29,3
2025-10-30T11:26:46.489586,11:26:46,8046.14,683922.02,3
2025-10-30T11:26:57.483653,11:26:57,8040.15,683412.96,3
2025-10-30T11:26:58.713999,11:26:58,8041.88,683559.73,3
2025-10-30T11:27:09.107758,11:27:09,7987.06,678900.28,3
2025-10-30T11:27:10.854124,11:27:10,8002.63,680223.39,3
2025-10-30T11:27:21.269345,11:27:21,8008.05,680683.87,3
2025-10-30T11:27:22.724110,11:27:22,8009.61,680816.47,3
2025-10-30T11:27:33.429627,11:27:33,8010.83,680920.56,3
2025-10-30T11:27:34.578457,11:27:34,8014.24,681210.28,3
2025-10-30T11:27:45.043123,11:27:45,7990.81,679218.49,3
2025-10-30T11:27:46.151397,11:27:46,7988.26,679002.26,3
2025-10-30T11:27:57.195078,11:27:57,8001.92,680162.8,3
2025-10-30T11:27:57.721425,11:27:57,8065.63,685578.57,3
2025-10-30T11:28:09.097034,11:28:09,8042.35,683599.72,3
2025-10-30T11:28:09.795648,11:28:09,8038.23,683249.18,3
2025-10-30T11:28:21.286516,11:28:21,8043.69,683713.56,3
2025-10-30T11:28:21.678314,11:28:21,8043.4,683689.19,3
2025-10-30T11:28:33.429526,11:28:33,8099.67,688471.56,3
2025-10-30T11:28:33.822939,11:28:33,8096.64,688214.36,3
2025-10-30T11:28:45.285504,11:28:45,8094.64,688044.24,3
2025-10-30T11:28:45.679087,11:28:45,8094.89,688065.84,3
2025-10-30T11:28:56.824174,11:28:56,8092.38,687852.04,3
2025-10-30T11:28:57.602466,11:28:57,8091.95,687815.68,3
2025-10-30T11:29:09.242337,11:29:09,8032.29,682744.57,3
2025-10-30T11:29:09.307551,11:29:09,8034.36,682920.48,3
2025-10-30T11:29:21.402224,11:29:21,8002.27,680192.72,3
2025-10-30T11:29:21.702896,11:29:21,8002.25,680191.55,3
2025-10-30T11:29:33.596326,11:29:33,7997.44,679782.17,3
2025-10-30T11:29:33.656445,11:29:33,7997.44,679782.17,3
2025-10-30T11:29:45.742270,11:29:45,7991.42,679270.87,3
2025-10-30T11:29:46.078302,11:29:46,7991.51,679278.1,3
2025-10-30T11:29:57.460104,11:29:57,7874.46,669329.17,3
2025-10-30T11:29:58.337617,11:29:58,7870.82,669020.11,3
2025-10-30T11:30:09.639641,11:30:09,7884.37,670171.74,3
2025-10-30T11:30:10.169681,11:30:10,7898.71,671390.7,3
2025-10-30T11:30:22.014299,11:30:22,7883.76,670119.36,3
2025-10-30T11:30:22.045794,11:30:22,7873.4,669239.12,3
2025-10-30T11:30:33.823184,11:30:33,7851.87,667409.08,3
2025-10-30T11:30:33.952110,11:30:33,7845.31,666851.04,3
2025-10-30T11:30:45.696214,11:30:45,7870.97,669032.71,3
2025-10-30T11:30:46.126700,11:30:46,7872.54,669165.98,3
2025-10-30T11:30:57.732120,11:30:57,7897.72,671305.99,3
2025-10-30T11:30:57.808625,11:30:57,7897.72,671305.99,3
2025-10-30T11:31:09.948978,11:31:09,7881.99,669969.03,3
2025-10-30T11:31:10.188026,11:31:10,7883.24,670075.06,3
2025-10-30T11:31:22.092671,11:31:22,7860.42,668135.72,3
2025-10-30T11:31:22.444558,11:31:22,7860.42,668135.72,3
2025-10-30T11:31:34.309268,11:31:34,7858.99,668014.49,3
2025-10-30T11:31:34.580033,11:31:34,7859.0,668014.89,3
2025-10-30T11:31:46.439722,11:31:46,7839.41,666350.18,3
2025-10-30T11:31:46.461272,11:31:46,7842.99,666654.07,3
2025-10-30T11:31:58.415545,11:31:58,7826.07,665216.19,3
2025-10-30T11:31:58.420297,11:31:58,7825.38,665157.49,3
2025-10-30T11:32:09.932194,11:32:09,7899.18,671430.15,3
2025-10-30T11:32:10.344724,11:32:10,7906.26,672031.91,3
2025-10-30T11:32:21.914568,11:32:21,7918.74,673093.24,3
2025-10-30T11:32:22.552323,11:32:22,7928.8,673948.2,3
2025-10-30T11:32:34.151524,11:32:34,7935.72,674536.09,3
2025-10-30T11:32:34.363467,11:32:34,7935.58,674524.34,3
2025-10-30T11:32:45.916048,11:32:45,7938.07,674735.78,3
2025-10-30T11:32:46.045493,11:32:46,7935.67,674531.94,3
2025-10-30T11:32:58.061251,11:32:58,7942.65,675124.89,3
2025-10-30T11:32:58.213347,11:32:58,7944.89,675315.25,3
2025-10-30T11:33:09.852053,11:33:09,7907.64,672149.12,3
2025-10-30T11:33:10.143212,11:33:10,7908.44,672217.75,3
2025-10-30T11:33:21.744299,11:33:21,7877.42,669580.29,3
2025-10-30T11:33:22.303669,11:33:22,7877.25,669566.44,3
2025-10-30T11:33:33.639341,11:33:33,7906.8,672077.7,3
2025-10-30T11:33:33.920506,11:33:33,7922.44,673407.48,3
2025-10-30T11:33:45.803342,11:33:45,7882.24,669990.74,3
2025-10-30T11:33:46.093149,11:33:46,7877.64,669599.22,3
2025-10-30T11:33:57.371464,11:33:57,7874.51,669333.68,3
2025-10-30T11:33:58.296712,11:33:58,7870.59,669000.25,3
2025-10-30T11:34:09.534750,11:34:09,7862.85,668342.53,3
2025-10-30T11:34:10.153876,11:34:10,7878.14,669641.99,3
2025-10-30T11:34:21.341119,11:34:21,7850.44,667287.73,3
2025-10-30T11:34:22.301519,11:34:22,7847.47,667035.04,3
2025-10-30T11:34:33.163457,11:34:33,7812.49,664061.3,3
2025-10-30T11:34:34.471304,11:34:34,7808.65,663735.16,3
2025-10-30T11:34:45.353374,11:34:45,7778.13,661141.3,3
2025-10-30T11:34:46.391387,11:34:46,7776.4,660993.66,3
2025-10-30T11:34:57.565403,11:34:57,7812.03,664022.66,3
2025-10-30T11:34:58.577214,11:34:58,7819.32,664641.97,3
2025-10-30T11:35:10.070054,11:35:10,7765.11,660034.69,3
2025-10-30T11:35:10.699283,11:35:10,7754.51,659133.38,3
2025-10-30T11:35:21.949238,11:35:21,7776.27,660983.17,3
2025-10-30T11:35:22.322700,11:35:22,7776.41,660994.83,3
2025-10-30T11:35:34.040515,11:35:34,7773.34,660734.24,3
2025-10-30T11:35:34.495083,11:35:34,7773.73,660767.24,3
2025-10-30T11:35:45.857152,11:35:45,7750.53,658794.95,3
2025-10-30T11:35:46.461576,11:35:46,7744.32,658266.9,3
2025-10-30T11:35:57.950131,11:35:57,7711.04,655438.54,3
2025-10-30T11:35:58.350076,11:35:58,7711.05,655438.95,3
2025-10-30T11:36:09.818855,11:36:09,7673.52,652249.22,3
2025-10-30T11:36:10.252430,11:36:10,7676.1,652468.34,3
2025-10-30T11:36:21.917781,11:36:21,7636.12,649070.42,3
2025-10-30T11:36:22.477612,11:36:22,7641.58,649534.34,3
2025-10-30T11:36:33.573901,11:36:33,7650.25,650271.64,3
2025-10-30T11:36:34.446223,11:36:34,7650.93,650329.22,3
2025-10-30T11:36:45.777736,11:36:45,7634.85,648962.66,3
2025-10-30T11:36:46.014515,11:36:46,7634.18,648905.12,3
2025-10-30T11:36:57.623338,11:36:57,7662.44,651307.26,3
2025-10-30T11:36:57.887047,11:36:57,7663.23,651374.47,3
2025-10-30T11:37:09.553349,11:37:09,7700.45,654538.21,3
2025-10-30T11:37:09.887340,11:37:09,7700.83,654570.82,3
2025-10-30T11:37:21.440913,11:37:21,7653.29,650529.67,3
2025-10-30T11:37:21.784692,11:37:21,7650.75,650313.91,3
2025-10-30T11:37:33.298179,11:37:33,7685.12,653235.55,3
2025-10-30T11:37:33.679743,11:37:33,7687.78,653461.36,3
2025-10-30T11:37:44.947165,11:37:44,7664.01,651440.7,3
2025-10-30T11:37:45.539208,11:37:45,7659.47,651055.3,3
2025-10-30T11:37:57.345895,11:37:57,7685.24,653245.12,3
2025-10-30T11:37:57.389937,11:37:57,7681.41,652919.62,3
2025-10-30T11:38:09.193262,11:38:09,7715.47,655814.92,3
2025-10-30T11:38:09.254135,11:38:09,7715.47,655814.92,3
2025-10-30T11:38:21.038308,11:38:21,7716.24,655880.66,3
2025-10-30T11:38:21.456312,11:38:21,7716.25,655880.92,3
2025-10-30T11:38:32.608696,11:38:32,7640.79,649467.42,3
2025-10-30T11:38:33.285611,11:38:33,7662.76,651334.78,3
2025-10-30T11:38:44.808669,11:38:44,7653.53,650550.01,3
2025-10-30T11:38:44.878772,11:38:44,7653.73,650567.0,3
2025-10-30T11:38:56.331367,11:38:56,7630.03,648552.49,3
2025-10-30T11:38:56.585227,11:38:56,7630.03,648552.49,3
2025-10-30T11:39:08.514189,11:39:08,7631.41,648670.16,3
2025-10-30T11:39:08.769872,11:39:08,7631.41,648670.16,3
2025-10-30T11:39:20.387503,11:39:20,7645.73,649887.25,3
2025-10-30T11:39:20.600277,11:39:20,7645.7,649884.42,3
2025-10-30T11:39:32.183801,11:39:32,7667.81,651764.07,3
2025-10-30T11:39:32.356102,11:39:32,7667.59,651745.5,3
2025-10-30T11:39:44.113788,11:39:44,7657.23,650864.87,3
2025-10-30T11:39:44.296391,11:39:44,7657.42,650880.37,3
2025-10-30T11:39:55.771379,11:39:55,7667.09,651702.53,3
2025-10-30T11:39:55.898563,11:39:55,7667.09,651702.53,3
2025-10-30T11:40:07.697273,11:40:07,7715.99,655859.04,3
2025-10-30T11:40:08.128055,11:40:08,7714.61,655742.25,3
2025-10-30T11:40:19.556757,11:40:19,7734.68,657447.64,3
2025-10-30T11:40:20.295413,11:40:20,7734.68,657447.91,3
2025-10-30T11:40:31.100464,11:40:31,7768.24,660300.51,3
2025-10-30T11:40:32.759843,11:40:32,7774.29,660814.75,3
2025-10-30T11:40:42.990074,11:40:42,7752.47,658960.07,3
2025-10-30T11:40:44.658789,11:40:44,7746.1,658418.61,3
2025-10-30T11:40:54.574712,11:40:54,7717.96,656026.66,3
2025-10-30T11:40:57.154884,11:40:57,7718.97,656112.35,3
2025-10-30T11:41:06.384398,11:41:06,7754.62,659142.71,3
2025-10-30T11:41:09.334081,11:41:09,7739.46,657854.36,3
2025-10-30T11:41:17.972154,11:41:17,7745.84,658396.12,3
2025-10-30T11:41:20.961227,11:41:20,7748.15,658592.86,3
2025-10-30T11:41:29.563606,11:41:29,7738.03,657732.28,3
2025-10-30T11:41:32.621485,11:41:32,7733.09,657312.88,3
2025-10-30T11:41:41.380486,11:41:41,7717.28,655968.81,3
2025-10-30T11:41:44.584869,11:41:44,7704.91,654917.71,3
2025-10-30T11:41:53.311044,11:41:53,7674.03,652292.17,3
2025-10-30T11:41:56.173379,11:41:56,7664.54,651485.8,3
2025-10-30T11:42:05.253807,11:42:05,7622.01,647870.74,3
2025-10-30T11:42:08.095024,11:42:08,7616.74,647423.2,3
2025-10-30T11:42:17.432260,11:42:17,7608.96,646761.25,3
2025-10-30T11:42:19.704312,11:42:19,7592.27,645342.53,3
2025-10-30T11:42:29.591919,11:42:29,7579.92,644292.98,3
2025-10-30T11:42:31.613862,11:42:31,7575.58,643924.48,3
2025-10-30T11:42:41.180431,11:42:41,7569.06,643370.21,3
2025-10-30T11:42:43.512976,11:42:43,7571.31,643561.45,3
2025-10-30T11:42:53.005262,11:42:53,7573.57,643753.1,3
2025-10-30T11:42:55.513751,11:42:55,7516.48,638900.81,3
2025-10-30T11:43:04.596296,11:43:04,7524.34,639568.88,3
2025-10-30T11:43:07.387765,11:43:07,7523.76,639519.65,3
2025-10-30T11:43:16.830016,11:43:16,7474.51,635333.46,3
2025-10-30T11:43:19.043095,11:43:19,7516.54,638906.05,3
2025-10-30T11:43:28.639966,11:43:28,7479.63,635768.38,3
2025-10-30T11:43:31.269204,11:43:31,7489.74,636628.05,3
2025-10-30T11:43:40.529147,11:43:40,7540.4,640934.2,3
2025-10-30T11:43:42.873862,11:43:42,7539.73,640877.19,3
2025-10-30T11:43:52.428180,11:43:52,7526.45,639748.58,3
2025-10-30T11:43:54.527264,11:43:54,7527.75,639859.08,3
2025-10-30T11:44:04.239930,11:44:04,7532.42,640255.55,3
2025-10-30T11:44:06.118396,11:44:06,7531.53,640180.22,3
2025-10-30T11:44:16.156536,11:44:16,7518.68,639087.78,3
2025-10-30T11:44:17.690423,11:44:17,7532.8,640288.32,3
2025-10-30T11:44:28.351358,11:44:28,7528.68,639938.09,3
2025-10-30T11:44:29.272206,11:44:29,7522.05,639374.06,3
2025-10-30T11:44:40.585672,11:44:40,7526.32,639737.2,3
2025-10-30T11:44:41.485232,11:44:41,7526.32,639737.2,3
2025-10-30T11:44:52.795860,11:44:52,7501.82,637654.87,3
2025-10-30T11:44:53.688753,11:44:53,7501.14,637596.58,3
2025-10-30T11:45:04.639266,11:45:04,7487.95,636476.16,3
2025-10-30T11:45:05.255332,11:45:05,7487.77,636460.44,3
2025-10-30T11:45:16.807840,11:45:16,7445.4,632858.76,3
2025-10-30T11:45:17.473213,11:45:17,7445.54,632870.54,3
2025-10-30T11:45:28.707528,11:45:28,7429.86,631538.34,3
2025-10-30T11:45:29.388353,11:45:29,7430.12,631559.93,3
2025-10-30T11:45:40.606759,11:45:40,7482.36,636000.47,3
2025-10-30T11:45:41.347446,11:45:41,7481.09,635892.31,3
2025-10-30T11:45:52.563288,11:45:52,7458.19,633946.46,3
2025-10-30T11:45:53.788258,11:45:53,7447.76,633059.45,3
2025-10-30T11:46:04.150053,11:46:04,7435.31,632001.67,3
2025-10-30T11:46:05.694790,11:46:05,7429.98,631548.72,3
2025-10-30T11:46:15.704210,11:46:15,7372.35,626649.72,3
2025-10-30T11:46:17.572040,11:46:17,7368.31,626306.7,3
2025-10-30T11:46:27.541742,11:46:27,7363.63,625908.4,3
2025-10-30T11:46:29.476466,11:46:29,7360.43,625636.71,3
2025-10-30T11:46:39.665162,11:46:39,7329.08,622971.79,3
2025-10-30T11:46:41.036658,11:46:41,7315.3,621800.52,3
2025-10-30T11:46:51.605782,11:46:51,7295.02,620076.84,3
2025-10-30T11:46:52.627737,11:46:52,7292.1,619828.16,3
2025-10-30T11:47:03.708844,11:47:03,7310.71,621409.93,3
2025-10-30T11:47:04.832322,11:47:04,7310.81,621418.58,3
2025-10-30T11:47:15.612813,11:47:15,7285.34,619253.68,3
2025-10-30T11:47:16.718458,11:47:16,7285.16,619238.69,3
2025-10-30T11:47:27.461281,11:47:27,7274.97,618372.55,3
2025-10-30T11:47:28.453270,11:47:28,7275.49,618416.55,3
2025-10-30T11:47:39.648081,11:47:39,7276.42,618495.64,3
2025-10-30T11:47:40.642965,11:47:40,7269.42,617900.45,3
2025-10-30T11:47:52.093400,11:47:52,7280.14,618812.09,3
2025-10-30T11:47:52.590493,11:47:52,7280.03,618802.52,3
2025-10-30T11:48:03.659589,11:48:03,7261.77,617250.32,3
2025-10-30T11:48:04.770197,11:48:04,7261.29,617209.32,3
2025-10-30T11:48:15.581731,11:48:15,7298.93,620408.88,3
2025-10-30T11:48:16.697715,11:48:16,7306.98,621093.12,3
2025-10-30T11:48:27.128435,11:48:27,7317.15,621957.52,3
2025-10-30T11:48:28.563341,11:48:28,7317.04,621948.74,3
2025-10-30T11:48:38.677279,11:48:38,7347.64,624549.49,3
2025-10-30T11:48:40.687907,11:48:40,7346.97,624492.4,3
2025-10-30T11:48:50.268319,11:48:50,7312.18,621535.53,3
2025-10-30T11:48:52.592648,11:48:52,7303.13,620766.41,3
2025-10-30T11:49:02.150348,11:49:02,7324.68,622598.2,3
2025-10-30T11:49:04.231635,11:49:04,7313.56,621653.02,3
2025-10-30T11:49:13.747540,11:49:13,7329.35,622994.61,3
2025-10-30T11:49:16.109690,11:49:16,7336.17,623574.44,3
2025-10-30T11:49:25.615025,11:49:25,7333.6,623356.0,3
2025-10-30T11:49:27.943276,11:49:27,7366.8,626177.92,3
2025-10-30T11:49:37.220915,11:49:37,7326.49,622751.51,3
2025-10-30T11:49:39.793640,11:49:39,7322.89,622445.9,3
2025-10-30T11:49:49.339783,11:49:49,7354.09,625097.74,3
2025-10-30T11:49:51.416865,11:49:51,7342.3,624095.68,3
2025-10-30T11:50:01.171573,11:50:01,7322.69,622428.96,3
2025-10-30T11:50:02.978534,11:50:02,7324.77,622605.81,3
2025-10-30T11:50:12.983960,11:50:12,7303.69,620813.54,3
2025-10-30T11:50:14.872179,11:50:14,7299.8,620482.99,3
2025-10-30T11:50:24.509453,11:50:24,7265.61,617576.99,3
2025-10-30T11:50:27.284687,11:50:27,7275.25,618396.18,3
2025-10-30T11:50:36.371580,11:50:36,7284.65,619195.58,3
2025-10-30T11:50:38.836367,11:50:38,7278.55,618676.6,3
2025-10-30T11:50:47.950843,11:50:47,7324.11,622548.97,3
2025-10-30T11:50:50.732721,11:50:50,7323.24,622475.17,3
2025-10-30T11:50:59.776718,11:50:59,7336.27,623583.28,3
2025-10-30T11:51:02.346844,11:51:02,7322.01,622371.17,3
2025-10-30T11:51:11.368087,11:51:11,7250.96,616331.6,3
2025-10-30T11:51:13.998492,11:51:13,7248.71,616140.05,3
2025-10-30T11:51:23.222493,11:51:23,7224.94,614120.28,3
2025-10-30T11:51:25.614981,11:51:25,7228.5,614422.62,3
2025-10-30T11:51:35.084644,11:51:35,7225.55,614171.94,3
2025-10-30T11:51:37.255301,11:51:37,7249.01,616165.64,3
2025-10-30T11:51:46.709826,11:51:46,7285.4,619258.79,3
2025-10-30T11:51:49.230238,11:51:49,7285.57,619273.55,3
2025-10-30T11:51:58.235760,11:51:58,7276.69,618518.51,3
2025-10-30T11:52:00.808800,11:52:00,7303.94,620835.24,3
2025-10-30T11:52:10.362679,11:52:10,7326.67,622767.28,3
2025-10-30T11:52:12.378530,11:52:12,7331.97,623217.56,3
2025-10-30T11:52:22.238907,11:52:22,7325.57,622673.18,3
2025-10-30T11:52:24.571080,11:52:24,7326.06,622714.7,3
2025-10-30T11:52:33.761492,11:52:33,7339.9,623891.5,3
2025-10-30T11:52:36.160116,11:52:36,7340.59,623950.43,3
2025-10-30T11:52:45.405920,11:52:45,7363.96,625936.57,3
2025-10-30T11:52:48.105224,11:52:48,7367.38,626227.71,3
2025-10-30T11:52:56.975026,11:52:56,7355.75,625238.75,3
2025-10-30T11:53:00.294497,11:53:00,7353.1,625013.64,3
2025-10-30T11:53:08.888943,11:53:08,7386.53,627855.36,3
2025-10-30T11:53:11.849859,11:53:11,7405.17,629439.82,3
2025-10-30T11:53:20.736673,11:53:20,7369.93,626444.1,3
2025-10-30T11:53:23.728443,11:53:23,7369.09,626372.87,3
2025-10-30T11:53:32.660176,11:53:32,7378.15,627142.62,3
2025-10-30T11:53:35.811218,11:53:35,7371.83,626605.18,3
2025-10-30T11:53:44.449790,11:53:44,7368.58,626329.08,3
2025-10-30T11:53:47.512305,11:53:47,7369.94,626444.97,3
2025-10-30T11:53:56.631749,11:53:56,7385.07,627731.09,3
2025-10-30T11:53:59.716293,11:53:59,7384.6,627690.83,3
2025-10-30T11:54:08.489030,11:54:08,7391.75,628299.0,3
2025-10-30T11:54:11.340227,11:54:11,7392.15,628332.49,3
2025-10-30T11:54:20.083946,11:54:20,7386.16,627823.84,3
2025-10-30T11:54:22.952427,11:54:22,7378.14,627141.64,3
2025-10-30T11:54:32.309260,11:54:32,7363.23,625874.66,3
2025-10-30T11:54:34.849062,11:54:34,7358.97,625512.66,3
2025-10-30T11:54:43.947800,11:54:43,7336.27,623582.66,3
2025-10-30T11:54:46.431007,11:54:46,7310.62,621402.65,3
2025-10-30T11:54:55.510413,11:54:55,7304.73,620901.72,3
2025-10-30T11:54:58.055086,11:54:58,7304.43,620876.64,3
2025-10-30T11:55:07.047032,11:55:07,7261.92,617263.15,3
2025-10-30T11:55:10.222406,11:55:10,7240.74,615462.76,3
2025-10-30T11:55:18.558457,11:55:18,7238.9,615306.72,3
2025-10-30T11:55:21.781895,11:55:21,7227.67,614352.05,3
2025-10-30T11:55:30.606899,11:55:30,7245.93,615903.99,3
2025-10-30T11:55:33.484563,11:55:33,7254.14,616601.54,3
2025-10-30T11:55:42.749665,11:55:42,7256.65,616815.37,3
2025-10-30T11:55:45.416026,11:55:45,7255.08,616681.99,3
2025-10-30T11:55:54.565998,11:55:54,7274.59,618339.76,3
2025-10-30T11:55:57.297165,11:55:57,7264.84,617511.69,3
2025-10-30T11:56:06.120241,11:56:06,7279.28,618739.19,3
2025-10-30T11:56:08.866473,11:56:08,7274.05,618294.0,3
2025-10-30T11:56:17.802502,11:56:17,7280.83,618870.24,3
2025-10-30T11:56:20.446851,11:56:20,7280.95,618880.94,3
2025-10-30T11:56:29.478323,11:56:29,7304.24,620860.06,3
2025-10-30T11:56:32.097941,11:56:32,7287.18,619410.1,3
2025-10-30T11:56:41.418114,11:56:41,7293.38,619937.41,3
2025-10-30T11:56:43.664077,11:56:43,7301.19,620601.41,3
2025-10-30T11:56:53.558250,11:56:53,7303.24,620775.48,3
2025-10-30T11:56:55.298665,11:56:55,7281.06,618890.07,3
2025-10-30T11:57:05.115228,11:57:05,7283.64,619109.65,3
2025-10-30T11:57:06.968154,11:57:06,7270.7,618009.25,3
2025-10-30T11:57:16.652435,11:57:16,7270.78,618016.09,3
2025-10-30T11:57:18.573268,11:57:18,7270.72,618011.04,3
2025-10-30T11:57:28.237437,11:57:28,7287.06,619400.22,3
2025-10-30T11:57:30.191211,11:57:30,7284.57,619188.58,3
2025-10-30T11:57:40.072633,11:57:40,7298.01,620331.11,3
2025-10-30T11:57:41.795688,11:57:41,7311.46,621474.29,3
2025-10-30T11:57:51.948367,11:57:51,7307.46,621134.2,3
2025-10-30T11:57:53.383317,11:57:53,7308.32,621207.33,3
2025-10-30T11:58:03.541790,11:58:03,7295.19,620090.89,3
2025-10-30T11:58:04.962909,11:58:04,7295.61,620126.88,3
2025-10-30T11:58:15.389761,11:58:15,7304.27,620863.0,3
2025-10-30T11:58:16.570296,11:58:16,7304.55,620887.0,3
2025-10-30T11:58:26.952555,11:58:26,7308.6,621230.72,3
2025-10-30T11:58:28.456187,11:58:28,7309.53,621310.25,3
2025-10-30T11:58:38.845696,11:58:38,7305.64,620979.63,3
2025-10-30T11:58:40.323291,11:58:40,7286.69,619368.66,3
2025-10-30T11:58:50.997677,11:58:50,7274.21,618307.98,3
2025-10-30T11:58:51.867286,11:58:51,7273.47,618245.17,3
2025-10-30T11:59:02.725149,11:59:02,7302.01,620671.16,3
2025-10-30T11:59:03.505265,11:59:03,7302.27,620693.0,3
2025-10-30T11:59:14.315977,11:59:14,7279.59,618765.52,3
2025-10-30T11:59:15.353126,11:59:15,7279.93,618794.13,3
2025-10-30T11:59:25.895620,11:59:25,7279.45,618752.84,3
2025-10-30T11:59:26.996418,11:59:26,7280.12,618810.46,3
2025-10-30T11:59:37.430034,11:59:37,7290.95,619730.95,3
2025-10-30T11:59:38.644152,11:59:38,7290.96,619731.38,3
2025-10-30T11:59:49.277894,11:59:49,7297.06,620249.72,3
2025-10-30T11:59:50.589238,11:59:50,7296.95,620240.57,3
2025-10-30T12:00:01.149024,12:00:01,7308.14,621191.7,3
2025-10-30T12:00:02.752310,12:00:02,7306.51,621053.49,3
2025-10-30T12:00:12.689125,12:00:12,7329.01,622966.0,3
2025-10-30T12:00:14.620340,12:00:14,7348.83,624650.95,3
2025-10-30T12:00:24.287951,12:00:24,7358.5,625472.55,3
2025-10-30T12:00:26.285509,12:00:26,7363.18,625870.01,3
2025-10-30T12:00:36.152999,12:00:36,7362.1,625778.59,3
2025-10-30T12:00:38.119004,12:00:38,7361.58,625733.91,3
2025-10-30T12:00:47.753683,12:00:47,7383.21,627573.0,3
2025-10-30T12:00:49.885409,12:00:49,7383.22,627573.84,3
2025-10-30T12:00:59.584507,12:00:59,7439.63,632368.29,3
2025-10-30T12:01:01.997653,12:01:01,7420.86,630772.84,3
2025-10-30T12:01:11.451488,12:01:11,7524.07,639546.04,3
2025-10-30T12:01:13.883478,12:01:13,7542.36,641100.89,3
2025-10-30T12:01:23.135525,12:01:23,7551.52,641879.32,3
2025-10-30T12:01:25.746551,12:01:25,7549.51,641708.49,3
2025-10-30T12:01:34.684520,12:01:34,7498.77,637395.79,3
2025-10-30T12:01:37.426182,12:01:37,7495.92,637153.5,3
2025-10-30T12:01:46.197065,12:01:46,7426.3,631235.58,3
2025-10-30T12:01:49.071565,12:01:49,7415.52,630318.84,3
2025-10-30T12:01:58.140065,12:01:58,7433.09,631812.5,3
2025-10-30T12:02:00.781527,12:02:00,7432.84,631791.81,3
2025-10-30T12:02:09.984274,12:02:09,7457.57,633893.14,3
2025-10-30T12:02:12.756653,12:02:12,7460.61,634151.56,3
2025-10-30T12:02:21.606064,12:02:21,7449.64,633219.69,3
2025-10-30T12:02:24.343103,12:02:24,7466.05,634614.35,3
2025-10-30T12:02:33.223263,12:02:33,7490.44,636687.12,3
2025-10-30T12:02:35.953007,12:02:35,7490.23,636669.18,3
2025-10-30T12:02:44.869173,12:02:44,7485.78,636291.11,3
2025-10-30T12:02:47.797984,12:02:47,7485.37,636256.31,3
2025-10-30T12:02:56.755269,12:02:56,7479.0,635715.02,3
2025-10-30T12:02:59.443736,12:02:59,7479.02,635716.28,3
2025-10-30T12:03:08.600572,12:03:08,7462.3,634295.11,3
2025-10-30T12:03:11.017044,12:03:11,7457.15,633857.81,3
2025-10-30T12:03:20.175727,12:03:20,7443.79,632722.18,3
2025-10-30T12:03:22.627593,12:03:22,7438.04,632233.2,3
2025-10-30T12:03:32.285672,12:03:32,7445.73,632887.01,3
2025-10-30T12:03:34.523373,12:03:34,7443.13,632666.09,3
2025-10-30T12:03:43.903669,12:03:43,7443.04,632658.16,3
2025-10-30T12:03:46.394666,12:03:46,7457.25,633866.31,3
2025-10-30T12:03:55.493948,12:03:55,7421.02,630786.32,3
2025-10-30T12:03:58.629238,12:03:58,7429.84,631536.21,3
2025-10-30T12:04:07.048651,12:04:07,7420.47,630740.27,3
2025-10-30T12:04:10.168188,12:04:10,7403.61,629306.71,3
2025-10-30T12:04:18.591500,12:04:18,7418.49,630571.94,3
2025-10-30T12:04:22.312743,12:04:22,7419.19,630631.53,3
2025-10-30T12:04:30.200868,12:04:30,7432.31,631746.33,3
2025-10-30T12:04:33.968917,12:04:33,7440.17,632414.29,3
2025-10-30T12:04:42.472495,12:04:42,7481.79,635952.04,3
2025-10-30T12:04:46.173822,12:04:46,7467.67,634752.24,3
2025-10-30T12:04:54.354506,12:04:54,7481.39,635918.41,3
2025-10-30T12:04:57.843485,12:04:57,7486.3,636335.14,3
2025-10-30T12:05:06.470483,12:05:06,7540.9,640976.92,3
2025-10-30T12:05:09.681831,12:05:09,7547.87,641568.87,3
2025-10-30T12:05:18.350918,12:05:18,7553.47,642045.0,3
2025-10-30T12:05:21.588515,12:05:21,7576.72,644021.1,3
2025-10-30T12:05:30.255574,12:05:30,7567.43,643231.35,3
2025-10-30T12:05:33.136510,12:05:33,7565.76,643089.78,3
2025-10-30T12:05:41.939865,12:05:41,7564.33,642968.43,3
2025-10-30T12:05:44.729670,12:05:44,7566.15,643122.88,3
2025-10-30T12:05:53.493713,12:05:53,7565.37,643056.66,3
2025-10-30T12:05:56.665097,12:05:56,7558.28,642453.59,3
2025-10-30T12:06:05.433148,12:06:05,7513.66,638660.9,3
2025-10-30T12:06:08.301875,12:06:08,7519.98,639198.3,3
2025-10-30T12:06:17.305825,12:06:17,7521.62,639337.3,3
2025-10-30T12:06:19.933300,12:06:19,7528.98,639963.35,3
2025-10-30T12:06:29.490770,12:06:29,7591.14,645246.78,3
2025-10-30T12:06:31.610247,12:06:31,7591.16,645248.56,3
2025-10-30T12:06:41.114245,12:06:41,7590.87,645224.16,3
2025-10-30T12:06:43.538375,12:06:43,7600.89,646075.76,3
2025-10-30T12:06:53.325441,12:06:53,7633.45,648842.98,3
2025-10-30T12:06:55.393219,12:06:55,7631.44,648672.62,3
2025-10-30T12:07:05.564186,12:07:05,7636.98,649143.52,3
2025-10-30T12:07:06.972866,12:07:06,7627.72,648355.9,3
2025-10-30T12:07:17.590679,12:07:17,7628.47,648420.12,3
2025-10-30T12:07:18.584018,12:07:18,7632.31,648746.26,3
2025-10-30T12:07:29.504431,12:07:29,7654.91,650667.63,3
2025-10-30T12:07:30.460561,12:07:30,7654.92,650668.04,3
2025-10-30T12:07:41.729038,12:07:41,7644.35,649769.34,3
2025-10-30T12:07:42.097561,12:07:42,7644.22,649758.9,3
2025-10-30T12:07:53.620587,12:07:53,7638.27,649252.86,3
2025-10-30T12:07:54.088575,12:07:54,7638.99,649313.92,3
2025-10-30T12:08:05.451894,12:08:05,7619.89,647690.32,3
2025-10-30T12:08:05.936886,12:08:05,7619.89,647690.32,3
2025-10-30T12:08:17.821480,12:08:17,7615.29,647299.86,3
2025-10-30T12:08:17.869514,12:08:17,7610.14,646861.6,3
2025-10-30T12:08:29.719892,12:08:29,7610.62,646902.29,3
2025-10-30T12:08:29.835335,12:08:29,7610.89,646925.78,3
2025-10-30T12:08:41.549319,12:08:41,7605.22,646443.58,3
2025-10-30T12:08:41.692568,12:08:41,7605.07,646431.02,3
2025-10-30T12:08:53.185501,12:08:53,7620.15,647712.71,3
2025-10-30T12:08:53.807767,12:08:53,7620.15,647712.71,3
2025-10-30T12:09:05.363448,12:09:05,7621.12,647795.02,3
2025-10-30T12:09:05.662779,12:09:05,7620.14,647712.31,3
2025-10-30T12:09:17.530412,12:09:17,7643.53,649700.33,3
2025-10-30T12:09:17.564793,12:09:17,7646.23,649929.63,3
2025-10-30T12:09:29.450927,12:09:29,7627.4,648329.17,3
2025-10-30T12:09:29.698558,12:09:29,7627.4,648329.17,3
2025-10-30T12:09:41.269608,12:09:41,7620.72,647760.86,3
2025-10-30T12:09:41.585519,12:09:41,7619.39,647648.32,3
2025-10-30T12:09:53.135142,12:09:53,7614.35,647219.51,3
2025-10-30T12:09:53.431691,12:09:53,7614.35,647219.51,3
2025-10-30T12:10:05.085493,12:10:05,7605.01,646425.59,3
2025-10-30T12:10:05.692374,12:10:05,7605.01,646425.74,3
2025-10-30T12:10:17.537959,12:10:17,7609.98,646848.53,3
2025-10-30T12:10:17.570614,12:10:17,7609.98,646848.53,3
2025-10-30T12:10:29.157925,12:10:29,7599.15,645927.48,3
2025-10-30T12:10:29.406697,12:10:29,7599.15,645927.48,3
2025-10-30T12:10:40.995639,12:10:40,7635.78,649041.01,3
2025-10-30T12:10:41.254737,12:10:41,7635.78,649041.42,3
2025-10-30T12:10:53.129478,12:10:53,7645.28,649848.72,3
2025-10-30T12:10:53.704671,12:10:53,7641.28,649508.73,3
2025-10-30T12:11:04.695856,12:11:04,7643.75,649719.13,3
2025-10-30T12:11:05.917329,12:11:05,7656.1,650768.91,3
2025-10-30T12:11:16.561373,12:11:16,7673.47,652245.01,3
2025-10-30T12:11:17.816823,12:11:17,7673.97,652287.56,3
2025-10-30T12:11:28.407971,12:11:28,7735.52,657519.11,3
2025-10-30T12:11:29.793222,12:11:29,7726.78,656776.27,3
2025-10-30T12:11:40.597566,12:11:40,7809.78,663831.47,3
2025-10-30T12:11:41.984621,12:11:41,7808.2,663696.99,3
2025-10-30T12:11:52.178951,12:11:52,7861.84,668256.32,3
2025-10-30T12:11:53.887541,12:11:53,7871.44,669072.26,3
2025-10-30T12:12:04.126770,12:12:04,7836.02,666061.66,3
2025-10-30T12:12:06.059851,12:12:06,7822.42,664905.45,3
2025-10-30T12:12:15.702557,12:12:15,7933.44,674342.0,3
2025-10-30T12:12:18.013438,12:12:18,7958.5,676472.31,3
2025-10-30T12:12:27.338519,12:12:27,7955.01,676175.97,3
2025-10-30T12:12:30.177196,12:12:30,7963.64,676909.59,3
2025-10-30T12:12:38.968787,12:12:38,7957.32,676372.2,3
2025-10-30T12:12:41.730457,12:12:41,7953.39,676038.48,3
2025-10-30T12:12:50.832279,12:12:50,7973.58,677754.2,3
2025-10-30T12:12:53.581591,12:12:53,7977.15,678057.82,3
2025-10-30T12:13:02.395423,12:13:02,7988.52,679024.34,3
2025-10-30T12:13:05.764728,12:13:05,7979.31,678241.02,3
2025-10-30T12:13:14.387931,12:13:14,8004.65,680395.05,3
2025-10-30T12:13:17.414388,12:13:17,7990.39,679183.27,3
2025-10-30T12:13:26.002831,12:13:26,7928.42,673915.31,3
2025-10-30T12:13:29.031124,12:13:29,7956.68,676317.82,3
2025-10-30T12:13:37.986461,12:13:37,7964.64,676994.02,3
2025-10-30T12:13:40.649950,12:13:40,7948.91,675657.05,3
2025-10-30T12:13:49.552814,12:13:49,8020.14,681711.87,3
2025-10-30T12:13:52.307968,12:13:52,7989.51,679108.46,3
2025-10-30T12:14:01.162231,12:14:01,7967.61,677246.65,3
2025-10-30T12:14:04.232933,12:14:04,8001.78,680151.23,3
2025-10-30T12:14:13.109551,12:14:13,8047.17,684009.3,3
2025-10-30T12:14:16.092805,12:14:16,8042.03,683572.67,3
2025-10-30T12:14:24.696905,12:14:24,8000.18,680015.24,3
2025-10-30T12:14:27.712788,12:14:27,7995.62,679627.77,3
2025-10-30T12:14:36.586754,12:14:36,8048.05,684084.6,3
2025-10-30T12:14:39.598237,12:14:39,8059.77,685080.5,3
2025-10-30T12:14:48.537101,12:14:48,8070.76,686014.34,3
2025-10-30T12:14:51.448450,12:14:51,8068.75,685844.09,3
2025-10-30T13:24:58.837944,13:24:58,8947.54,760540.5,3
2025-10-30T13:25:10.748493,13:25:10,8965.42,762060.28,3
2025-10-30T13:25:22.778984,13:25:22,8958.3,761455.54,3
2025-10-30T13:25:34.673137,13:25:34,8953.51,761048.53,3
2025-10-30T13:25:46.549523,13:25:46,8941.88,760059.96,3
2025-10-30T13:25:58.521321,13:25:58,8928.08,758886.58,3
2025-10-30T13:26:10.437427,13:26:10,8906.73,757072.24,3
2025-10-30T13:26:22.010792,13:26:22,8919.16,758128.45,3
2025-10-30T13:26:33.920387,13:26:33,8913.4,757639.32,3
2025-10-30T13:26:45.886200,13:26:45,8911.38,757467.17,3
2025-10-30T13:26:57.839565,13:26:57,8907.75,757159.08,3
2025-10-30T13:27:10.014538,13:27:10,8895.3,756100.61,3
2025-10-30T13:27:21.985044,13:27:21,8916.4,757893.68,3
2025-10-30T13:27:33.601751,13:27:33,8925.09,758632.51,3
2025-10-30T13:27:45.553915,13:27:45,8926.58,758759.46,3
2025-10-30T13:27:57.106185,13:27:57,8935.35,759504.82,3
2025-10-30T13:28:08.678535,13:28:08,8950.03,760752.83,3
2025-10-30T13:28:20.854036,13:28:20,8957.33,761373.44,3
2025-10-30T13:28:32.702201,13:28:32,8955.78,761241.34,3
2025-10-30T13:28:44.697087,13:28:44,8952.01,760920.64,3
2025-10-30T13:28:57.148037,13:28:57,8986.01,763810.83,3
2025-10-30T13:29:08.714277,13:29:08,8983.94,763634.97,3
2025-10-30T13:29:20.318631,13:29:20,8984.05,763644.01,3
2025-10-30T13:29:32.599017,13:29:32,8963.93,761933.65,3
2025-10-30T13:29:44.861230,13:29:44,8984.74,763702.52,3
2025-10-30T13:29:56.793953,13:29:56,8981.02,763386.42,3
2025-10-30T13:30:08.993580,13:30:08,8985.33,763753.3,3
2025-10-30T13:30:20.855515,13:30:20,8980.53,763345.21,3
2025-10-30T13:30:32.516920,13:30:32,8969.09,762372.56,3
2025-10-30T13:30:44.600247,13:30:44,8943.35,760184.85,3
2025-10-30T13:30:56.777807,13:30:56,8934.81,759458.65,3
2025-10-30T13:31:08.613865,13:31:08,8899.77,756480.26,3
2025-10-30T13:31:20.223552,13:31:20,8893.03,755907.47,3
2025-10-30T13:31:32.078099,13:31:32,8919.87,758188.79,3
2025-10-30T13:31:43.945850,13:31:43,8897.0,756244.9,3
2025-10-30T13:31:55.840953,13:31:55,8903.27,756777.98,3
2025-10-30T13:32:07.423168,13:32:07,8889.95,755645.81,3
2025-10-30T13:32:19.283696,13:32:19,8893.42,755940.92,3
2025-10-30T13:32:31.233627,13:32:31,8899.48,756455.72,3
2025-10-30T13:32:42.870164,13:32:42,8897.64,756299.51,3
2025-10-30T13:32:54.830220,13:32:54,8874.61,754341.88,3
2025-10-30T13:33:06.481356,13:33:06,8878.18,754645.06,3
2025-10-30T13:33:18.090467,13:33:18,8882.09,754977.95,3
2025-10-30T13:33:29.953959,13:33:29,8887.03,755397.43,3
2025-10-30T13:33:41.912341,13:33:41,8847.26,752017.1,3
2025-10-30T13:33:54.156245,13:33:54,8846.99,751994.33,3
2025-10-30T13:34:06.292832,13:34:06,8836.2,751077.4,3
2025-10-30T13:34:18.146722,13:34:18,8833.36,750835.84,3
2025-10-30T13:34:30.295909,13:34:30,8840.96,751481.28,3
2025-10-30T13:34:42.209644,13:34:42,8838.38,751262.06,3
2025-10-30T13:34:54.460574,13:34:54,8857.76,752909.28,3
2025-10-30T13:35:06.120395,13:35:06,8864.39,753473.2,3
2025-10-30T13:35:17.757570,13:35:17,8874.67,754346.58,3
2025-10-30T13:35:29.667360,13:35:29,8891.04,755738.73,3
2025-10-30T13:35:41.599132,13:35:41,8883.04,755058.81,3
2025-10-30T13:35:53.472070,13:35:53,8887.09,755402.68,3
2025-10-30T13:36:05.341606,13:36:05,8903.63,756808.4,3
2025-10-30T13:36:17.183338,13:36:17,8910.25,757371.03,3
2025-10-30T13:36:28.798726,13:36:28,8913.89,757680.69,3
2025-10-30T13:36:41.347933,13:36:41,8932.07,759226.34,3
2025-10-30T13:36:53.303991,13:36:53,8919.16,758128.71,3
2025-10-30T13:37:05.171968,13:37:05,8916.2,757876.75,3
2025-10-30T13:37:17.163210,13:37:17,8923.35,758485.07,3
2025-10-30T13:37:29.439698,13:37:29,8940.58,759949.58,3
2025-10-30T13:37:41.602618,13:37:41,8976.87,763033.77,3
2025-10-30T13:37:53.518979,13:37:53,8961.2,761701.72,3
2025-10-30T13:38:05.086687,13:38:05,8982.14,763481.91,3
2025-10-30T13:38:16.975159,13:38:16,9033.9,767881.58,3
2025-10-30T13:38:28.872536,13:38:28,9039.91,768392.3,3
2025-10-30T13:38:41.050861,13:38:41,8990.35,764179.4,3
2025-10-30T13:38:53.287588,13:38:53,8964.89,762015.23,3
2025-10-30T13:39:04.916578,13:39:04,8955.84,761246.07,3
2025-10-30T13:39:16.580214,13:39:16,8934.08,759396.89,3
2025-10-30T13:39:28.464092,13:39:28,8878.6,754680.93,3
2025-10-30T13:39:40.371503,13:39:40,8773.8,745773.34,3
2025-10-30T13:39:52.572949,13:39:52,8757.77,744410.41,3
2025-10-30T13:40:04.823129,13:40:04,8682.5,738012.61,3
2025-10-30T13:40:16.727316,13:40:16,8704.28,739863.55,3
2025-10-30T13:40:28.482534,13:40:28,8656.44,735797.76,3
2025-10-30T13:40:40.436728,13:40:40,8630.77,733615.25,3
2025-10-30T13:40:52.091895,13:40:52,8591.13,730246.27,3
2025-10-30T13:41:03.708079,13:41:03,8623.94,733034.86,3
2025-10-30T13:41:15.373174,13:41:15,8597.09,730752.36,3
2025-10-30T13:41:27.655830,13:41:27,8620.54,732746.0,3
2025-10-30T13:41:39.551326,13:41:39,8618.61,732581.96,3
2025-10-30T13:41:51.832484,13:41:51,8605.03,731427.65,3
2025-10-30T13:42:03.614729,13:42:03,8660.77,736165.74,3
2025-10-30T13:42:15.511826,13:42:15,8662.06,736275.18,3
2025-10-30T13:42:27.399714,13:42:27,8688.72,738540.8,3
2025-10-30T13:42:39.294291,13:42:39,8653.45,735542.95,3
2025-10-30T13:42:50.911775,13:42:50,8581.27,729408.23,3
2025-10-30T13:43:03.143808,13:43:03,8562.05,727773.86,3
2025-10-30T13:43:15.185318,13:43:15,8530.11,725059.68,3
2025-10-30T13:43:27.422465,13:43:27,8564.58,727989.17,3
2025-10-30T13:43:39.277336,13:43:39,8609.96,731846.95,3
2025-10-30T13:43:51.574698,13:43:51,8601.12,731095.24,3
2025-10-30T13:44:03.501674,13:44:03,8602.12,731179.93,3
2025-10-30T13:44:15.426102,13:44:15,8556.64,727314.47,3
2025-10-30T13:44:27.626426,13:44:27,8555.77,727240.46,3
2025-10-30T13:44:39.477125,13:44:39,8572.32,728646.82,3
2025-10-30T13:44:51.348037,13:44:51,8568.65,728335.61,3
2025-10-30T13:45:03.237903,13:45:03,8573.76,728769.63,3
2025-10-30T13:45:15.091740,13:45:15,8618.65,732584.88,3
2025-10-30T13:45:26.775967,13:45:26,8615.78,732341.54,3
2025-10-30T13:45:38.711253,13:45:38,8622.75,732933.44,3
2025-10-30T13:45:50.598017,13:45:50,8614.9,732266.83,3
2025-10-30T13:46:02.834507,13:46:02,8609.43,731801.69,3
2025-10-30T13:46:14.733348,13:46:14,8631.59,733684.85,3
2025-10-30T13:46:26.389052,13:46:26,8646.55,734956.5,3
2025-10-30T13:46:38.258179,13:46:38,8666.82,736679.67,3
2025-10-30T13:46:50.148770,13:46:50,8665.99,736609.01,3
2025-10-30T13:47:01.734052,13:47:01,8605.94,731504.84,3
2025-10-30T13:47:13.344347,13:47:13,8605.87,731498.59,3
2025-10-30T13:47:25.562135,13:47:25,8595.04,730578.23,3
2025-10-30T13:47:37.410553,13:47:37,8594.69,730548.46,3
2025-10-30T13:47:49.610085,13:47:49,8628.07,733385.59,3
2025-10-30T13:48:01.169350,13:48:01,8632.36,733750.55,3
2025-10-30T13:48:13.083695,13:48:13,8644.92,734817.96,3
2025-10-30T13:48:24.967858,13:48:24,8620.17,732714.45,3
2025-10-30T13:48:36.904423,13:48:36,8617.79,732512.15,3
2025-10-30T13:48:49.091531,13:48:49,8609.64,731819.45,3
2025-10-30T13:49:00.669333,13:49:00,8643.08,734661.57,3
2025-10-30T13:49:12.539148,13:49:12,8651.52,735378.84,3
2025-10-30T13:49:24.133608,13:49:24,8610.41,731885.16,3
2025-10-30T13:49:35.787033,13:49:35,8615.14,732287.01,3
2025-10-30T13:49:47.359360,13:49:47,8613.55,732151.46,3
2025-10-30T13:49:58.973995,13:49:58,8615.83,732345.13,3
2025-10-30T13:50:10.844558,13:50:10,8650.15,735263.0,3
2025-10-30T13:50:22.475878,13:50:22,8650.29,735274.4,3
2025-10-30T13:50:34.430416,13:50:34,8677.01,737545.71,3
2025-10-30T13:50:46.649408,13:50:46,8679.71,737774.93,3
2025-10-30T13:50:58.223861,13:50:58,8684.43,738176.2,3
2025-10-30T13:51:10.183571,13:51:10,8698.09,739337.81,3
2025-10-30T13:51:21.778895,13:51:21,8707.26,740117.06,3
2025-10-30T13:51:33.726333,13:51:33,8690.55,738696.71,3
2025-10-30T13:51:45.326092,13:51:45,8711.51,740478.7,3
2025-10-30T13:51:57.327715,13:51:57,8711.29,740459.31,3
2025-10-30T13:52:09.510664,13:52:09,8682.38,738002.51,3
2025-10-30T13:52:21.126516,13:52:21,8676.67,737516.99,3
2025-10-30T13:52:32.720626,13:52:32,8671.9,737111.33,3
2025-10-30T13:52:44.687273,13:52:44,8659.66,736071.09,3
2025-10-30T13:52:56.548580,13:52:56,8638.27,734252.62,3
2025-10-30T13:53:08.182800,13:53:08,8612.71,732080.24,3
2025-10-30T13:53:19.791378,13:53:19,8592.68,730377.97,3
2025-10-30T13:53:31.660296,13:53:31,8606.4,731544.22,3
2025-10-30T13:53:43.256674,13:53:43,8593.52,730448.9,3
2025-10-30T13:53:55.165528,13:53:55,8602.33,731197.76,3
2025-10-30T13:54:07.159552,13:54:07,8599.57,730963.68,3
2025-10-30T13:54:18.867538,13:54:18,8601.57,731133.79,3
2025-10-30T13:54:30.784197,13:54:30,8606.48,731550.6,3
2025-10-30T13:54:42.659356,13:54:42,8580.05,729304.62,3
2025-10-30T13:54:54.392808,13:54:54,8581.36,729415.79,3
2025-10-30T13:55:06.874825,13:55:06,8585.48,729766.06,3
2025-10-30T13:55:19.028090,13:55:19,8592.69,730378.71,3
2025-10-30T13:55:31.199365,13:55:31,8605.62,731477.63,3
2025-10-30T13:55:42.850139,13:55:42,8607.08,731601.62,3
2025-10-30T13:55:54.716428,13:55:54,8590.37,730181.11,3
2025-10-30T13:56:06.620266,13:56:06,8591.58,730284.53,3
2025-10-30T13:56:18.521273,13:56:18,8563.69,727913.76,3
2025-10-30T13:56:30.422513,13:56:30,8560.99,727683.93,3
2025-10-30T13:56:42.393128,13:56:42,8554.24,727110.57,3
2025-10-30T13:56:54.564776,13:56:54,8551.78,726901.17,3
2025-10-30T13:57:06.516939,13:57:06,8541.24,726005.58,3
2025-10-30T13:57:18.413605,13:57:18,8515.71,723835.47,3
2025-10-30T13:57:30.312998,13:57:30,8505.69,722983.4,3
2025-10-30T13:57:42.555696,13:57:42,8503.91,722832.73,3
2025-10-30T13:57:54.567299,13:57:54,8500.12,722510.51,3
2025-10-30T13:58:06.510977,13:58:06,8501.37,722616.86,3
2025-10-30T13:58:18.113228,13:58:18,8495.5,722117.33,3
2025-10-30T13:58:29.696929,13:58:29,8495.98,722158.27,3
2025-10-30T13:58:41.934548,13:58:41,8533.12,725315.53,3
2025-10-30T13:58:53.510827,13:58:53,8537.7,725704.85,3
2025-10-30T13:59:05.423047,13:59:05,8541.68,726042.69,3
2025-10-30T13:59:17.035685,13:59:17,8519.61,724166.78,3
2025-10-30T13:59:28.662375,13:59:28,8506.09,723017.32,3
2025-10-30T13:59:40.552789,13:59:40,8501.76,722649.73,3
2025-10-30T13:59:52.446260,13:59:52,8436.84,717131.53,3
2025-10-30T14:00:04.260150,14:00:04,8454.78,718656.61,3
2025-10-30T14:00:15.939341,14:00:15,8442.41,717604.61,3
2025-10-30T14:00:27.569154,14:00:27,8468.94,719859.81,3
2025-10-30T14:00:39.612141,14:00:39,8476.21,720477.59,3
2025-10-30T14:00:51.348424,14:00:51,8467.63,719748.87,3
2025-10-30T14:01:03.241769,14:01:03,8480.34,720828.61,3
2025-10-30T14:01:14.902076,14:01:14,8476.64,720514.0,3
2025-10-30T14:01:26.511931,14:01:26,8488.16,721493.67,3
2025-10-30T14:01:38.684113,14:01:38,8475.59,720425.02,3
2025-10-30T14:01:50.900062,14:01:50,8526.38,724742.47,3
2025-10-30T14:02:02.488528,14:02:02,8506.5,723052.59,3
2025-10-30T14:02:14.380505,14:02:14,8506.85,723082.49,3
2025-10-30T14:02:25.980939,14:02:25,8510.51,723393.34,3
2025-10-30T14:02:37.621414,14:02:37,8513.56,723652.45,3
2025-10-30T14:02:49.512762,14:02:49,8527.07,724801.12,3
2025-10-30T14:03:01.429303,14:03:01,8527.46,724834.33,3
2025-10-30T14:03:13.297546,14:03:13,8542.43,726106.86,3
2025-10-30T14:03:24.893032,14:03:24,8534.74,725453.17,3
2025-10-30T14:03:36.769756,14:03:36,8534.43,725426.95,3
2025-10-30T14:03:48.666498,14:03:48,8533.17,725319.55,3
2025-10-30T14:04:00.901007,14:04:00,8534.86,725463.2,3
2025-10-30T14:04:13.176412,14:04:13,8540.57,725948.63,3
2025-10-30T14:04:25.055343,14:04:25,8543.07,726160.61,3
2025-10-30T14:04:36.926875,14:04:36,8529.4,724999.26,3
2025-10-30T14:04:48.526995,14:04:48,8519.87,724189.07,3
2025-10-30T14:05:00.418783,14:05:00,8518.34,724058.68,3
2025-10-30T14:05:12.037108,14:05:12,8525.42,724660.51,3
2025-10-30T14:05:23.900586,14:05:23,8542.15,726082.99,3
2025-10-30T14:05:35.786911,14:05:35,8552.92,726997.94,3
2025-10-30T14:05:47.461996,14:05:47,8568.84,728351.24,3
2025-10-30T14:05:59.415186,14:05:59,8597.0,730744.74,3
2025-10-30T14:06:11.078610,14:06:11,8603.53,731299.99,3
2025-10-30T14:06:22.655639,14:06:22,8594.48,730530.56,3
2025-10-30T14:06:34.864092,14:06:34,8595.16,730588.76,3
2025-10-30T14:06:46.565263,14:06:46,8599.46,730954.21,3
2025-10-30T14:06:58.134938,14:06:58,8609.23,731784.3,3
2025-10-30T14:07:09.697353,14:07:09,8629.95,733545.41,3
2025-10-30T14:07:21.612524,14:07:21,8642.4,734603.95,3
2025-10-30T14:07:33.814206,14:07:33,8677.55,737591.82,3
2025-10-30T14:07:45.800177,14:07:45,8702.45,739708.01,3
2025-10-30T14:07:57.727327,14:07:57,8684.24,738159.98,3
2025-10-30T14:08:09.386588,14:08:09,8640.1,734408.71,3
2025-10-30T14:08:21.586942,14:08:21,8632.8,733788.27,3
2025-10-30T14:08:33.450481,14:08:33,8594.23,730509.36,3
2025-10-30T14:08:45.747379,14:08:45,8575.48,728915.98,3
2025-10-30T14:08:57.369589,14:08:57,8578.77,729195.56,3
2025-10-30T14:09:09.543875,14:09:09,8565.42,728060.77,3
2025-10-30T14:09:21.659874,14:09:21,8587.88,729969.58,3
2025-10-30T14:09:33.602848,14:09:33,8625.19,733141.22,3
2025-10-30T14:09:45.207588,14:09:45,8607.58,731644.08,3
2025-10-30T14:09:57.217468,14:09:57,8604.05,731343.95,3
2025-10-30T14:10:08.857404,14:10:08,8567.41,728229.72,3
2025-10-30T14:10:20.796032,14:10:20,8581.99,729469.25,3
2025-10-30T14:10:32.377965,14:10:32,8585.79,729792.25,3
2025-10-30T14:10:44.296517,14:10:44,8584.74,729703.08,3
2025-10-30T14:10:56.607628,14:10:56,8586.12,729820.27,3
2025-10-30T14:11:08.242071,14:11:08,8580.42,729335.93,3
2025-10-30T14:11:20.123265,14:11:20,8569.47,728405.05,3
2025-10-30T14:11:31.758901,14:11:31,8551.7,726894.5,3
2025-10-30T14:11:43.664393,14:11:43,8529.35,724994.52,3
2025-10-30T14:11:55.231960,14:11:55,8521.91,724362.13,3
2025-10-30T14:12:07.486881,14:12:07,8523.75,724518.98,3
2025-10-30T14:12:19.526324,14:12:19,8545.77,726390.45,3
2025-10-30T14:12:31.392594,14:12:31,8529.03,724967.74,3
2025-10-30T14:12:43.327205,14:12:43,8571.7,728594.11,3
2025-10-30T14:12:55.221826,14:12:55,8578.53,729175.42,3
2025-10-30T14:13:07.211453,14:13:07,8570.08,728456.39,3
2025-10-30T14:13:19.362965,14:13:19,8562.56,727817.83,3
2025-10-30T14:13:31.045039,14:13:31,8560.52,727644.13,3
2025-10-30T14:13:42.879113,14:13:42,8562.46,727809.06,3
2025-10-30T14:13:54.789216,14:13:54,8550.8,726818.18,3
2025-10-30T14:14:07.284458,14:14:07,8551.18,726850.37,3
2025-10-30T14:14:19.159407,14:14:19,8550.21,726768.23,3
2025-10-30T14:14:31.070540,14:14:31,8561.08,727692.17,3
2025-10-30T14:14:43.288243,14:14:43,8577.35,729074.74,3
2025-10-30T14:14:54.918784,14:14:54,8575.57,728923.38,3
2025-10-30T14:15:06.614095,14:15:06,8559.52,727558.78,3
2025-10-30T14:15:18.769300,14:15:18,8577.18,729060.29,3
2025-10-30T14:15:30.479868,14:15:30,8575.58,728924.26,3
2025-10-30T14:15:42.193408,14:15:42,8568.06,728284.82,3
2025-10-30T14:15:54.192367,14:15:54,8566.9,728186.31,3
2025-10-30T14:16:06.142506,14:16:06,8580.44,729337.12,3
2025-10-30T14:16:17.817216,14:16:17,8582.1,729478.91,3
2025-10-30T14:16:29.415214,14:16:29,8569.1,728373.92,3
2025-10-30T14:16:41.280735,14:16:41,8556.53,727304.72,3
2025-10-30T14:16:53.568695,14:16:53,8552.67,726976.57,3
2025-10-30T14:17:05.222376,14:17:05,8535.82,725544.81,3
2025-10-30T14:17:17.121379,14:17:17,8535.91,725552.59,3
2025-10-30T14:17:29.335275,14:17:29,8527.79,724862.28,3
2025-10-30T14:17:41.500648,14:17:41,8498.83,722400.73,3
2025-10-30T14:17:53.099503,14:17:53,8494.2,722007.15,3
2025-10-30T14:18:05.067144,14:18:05,8480.65,720855.15,3
2025-10-30T14:18:17.043068,14:18:17,8472.05,720124.16,3
2025-10-30T14:18:29.286228,14:18:29,8471.5,720077.55,3
2025-10-30T14:18:41.478194,14:18:41,8474.06,720295.28,3
2025-10-30T14:18:54.041817,14:18:54,8488.13,721491.28,3
2025-10-30T14:19:06.495567,14:19:06,8477.36,720575.6,3
2025-10-30T14:19:18.129600,14:19:18,8464.43,719476.67,3
2025-10-30T14:19:30.025355,14:19:30,8456.9,718836.89,3
2025-10-30T14:19:42.030229,14:19:42,8493.05,721909.57,3
2025-10-30T14:19:54.243372,14:19:54,8490.22,721668.37,3
2025-10-30T14:20:06.469616,14:20:06,8484.47,721179.98,3
2025-10-30T14:20:18.353604,14:20:18,8481.95,720965.36,3
2025-10-30T14:20:30.009850,14:20:30,8480.78,720865.91,3
2025-10-30T14:20:41.922837,14:20:41,8478.5,720672.34,3
2025-10-30T14:20:53.522389,14:20:53,8502.95,722750.6,3
2025-10-30T14:21:05.467007,14:21:05,8501.69,722643.96,3
2025-10-30T14:21:17.382233,14:21:17,8493.05,721908.99,3
2025-10-30T14:21:28.983599,14:21:28,8491.89,721810.54,3
2025-10-30T14:21:40.929235,14:21:40,8493.24,721925.49,3
2025-10-30T14:21:52.604193,14:21:52,8492.81,721889.05,3
2025-10-30T14:22:04.511055,14:22:04,8491.61,721787.04,3
2025-10-30T14:22:16.199121,14:22:16,8490.47,721689.75,3
2025-10-30T14:22:28.419355,14:22:28,8495.82,722144.32,3
2025-10-30T14:22:40.603661,14:22:40,8495.44,722112.22,3
2025-10-30T14:22:52.247115,14:22:52,8457.94,718924.78,3
2025-10-30T14:23:04.478274,14:23:04,8425.48,716165.39,3
2025-10-30T14:23:16.925928,14:23:16,8432.79,716787.14,3
2025-10-30T14:23:28.844081,14:23:28,8431.91,716712.73,3
2025-10-30T14:23:40.438723,14:23:40,8416.88,715434.71,3
2025-10-30T14:23:52.284329,14:23:52,8413.05,715109.63,3
2025-10-30T14:24:04.513030,14:24:04,8405.66,714481.28,3
2025-10-30T14:24:16.775963,14:24:16,8403.51,714298.74,3
2025-10-30T14:24:28.399827,14:24:28,8377.67,712101.58,3
2025-10-30T14:24:40.329249,14:24:40,8368.73,711341.75,3
2025-10-30T14:24:51.916625,14:24:51,8368.67,711336.65,3
2025-10-30T14:25:03.889257,14:25:03,8367.75,711259.15,3
2025-10-30T14:25:15.834787,14:25:15,8381.18,712400.24,3
2025-10-30T14:25:27.550898,14:25:27,8384.57,712688.14,3
2025-10-30T14:25:39.212698,14:25:39,8407.93,714674.07,3
2025-10-30T14:25:51.129823,14:25:51,8422.98,715953.0,3
2025-10-30T14:26:03.089273,14:26:03,8414.81,715259.2,3
2025-10-30T14:26:15.333561,14:26:15,8401.81,714154.26,3
2025-10-30T14:26:27.274014,14:26:27,8381.53,712430.12,3
2025-10-30T14:26:39.162032,14:26:39,8356.17,710274.11,3
2025-10-30T14:26:51.040026,14:26:51,8355.13,710186.4,3
2025-10-30T14:27:02.998304,14:27:02,8346.29,709434.55,3
2025-10-30T14:27:15.205190,14:27:15,8370.83,711520.21,3
2025-10-30T14:27:27.436841,14:27:27,8366.22,711128.64,3
2025-10-30T14:27:39.077267,14:27:39,8356.73,710322.25,3
2025-10-30T14:27:51.055118,14:27:51,8342.79,709137.51,3
2025-10-30T14:28:03.316554,14:28:03,8354.24,710110.43,3
2025-10-30T14:28:15.512145,14:28:15,8359.05,710519.14,3
2025-10-30T14:28:27.852868,14:28:27,8368.72,711341.5,3
2025-10-30T14:28:40.351067,14:28:40,8374.53,711835.07,3
2025-10-30T14:28:52.230665,14:28:52,8367.59,711245.39,3
2025-10-30T14:29:04.128153,14:29:04,8366.1,711118.76,3
2025-10-30T14:29:15.741340,14:29:15,8375.32,711902.23,3
2025-10-30T14:29:28.294802,14:29:28,8352.99,710004.05,3
2025-10-30T14:29:40.816123,14:29:40,8362.82,710839.61,3
2025-10-30T14:29:53.123308,14:29:53,8352.82,709989.8,3
2025-10-30T14:30:05.017832,14:30:05,8351.9,709911.72,3
2025-10-30T14:30:17.283671,14:30:17,8358.0,710430.03,3
2025-10-30T14:30:29.351843,14:30:29,8346.06,709415.18,3
2025-10-30T14:30:41.305620,14:30:41,8354.99,710174.18,3
2025-10-30T14:30:53.215634,14:30:53,8358.53,710474.67,3
2025-10-30T14:31:05.420652,14:31:05,8359.93,710593.84,3
2025-10-30T14:31:17.046987,14:31:17,8360.02,710602.02,3
2025-10-30T14:31:28.974188,14:31:28,8366.98,711193.21,3
2025-10-30T14:31:40.574421,14:31:40,8451.41,718370.26,3
2025-10-30T14:31:52.248932,14:31:52,8455.6,718726.2,3
2025-10-30T14:32:04.138552,14:32:04,8427.96,716376.59,3
2025-10-30T14:32:16.417499,14:32:16,8408.58,714729.11,3
2025-10-30T14:32:28.441602,14:32:28,8419.01,715615.8,3
2025-10-30T14:32:40.418860,14:32:40,8424.19,716056.03,3
2025-10-30T14:32:52.680693,14:32:52,8419.97,715697.48,3
2025-10-30T14:33:04.935125,14:33:04,8410.86,714922.95,3
2025-10-30T14:33:16.603606,14:33:16,8381.08,712391.79,3
2025-10-30T14:33:28.487068,14:33:28,8365.34,711053.5,3
2025-10-30T14:33:40.497833,14:33:40,8365.53,711069.82,3
2025-10-30T14:33:52.737888,14:33:52,8355.91,710252.68,3
2025-10-30T14:34:04.901288,14:34:04,8363.92,710933.57,3
2025-10-30T14:34:16.812304,14:34:16,8354.77,710155.75,3
2025-10-30T14:34:28.535064,14:34:28,8331.93,708213.72,3
2025-10-30T14:34:45.938232,14:34:45,8342.2,709087.34,3
2025-10-30T14:34:57.537901,14:34:57,8352.5,709962.61,3
2025-10-30T14:35:15.954217,14:35:15,8356.87,710333.6,3
2025-10-30T14:35:28.488990,14:35:28,8396.11,713669.2,3
2025-10-30T14:35:40.439486,14:35:40,8381.54,712431.29,3
2025-10-30T14:35:52.391217,14:35:52,8407.27,714617.79,3
2025-10-30T14:36:04.302382,14:36:04,8414.23,715209.87,3
2025-10-30T14:36:16.436435,14:36:16,8418.81,715599.11,3
2025-10-30T14:36:27.990338,14:36:27,8367.95,711275.53,3
2025-10-30T14:36:40.132852,14:36:40,8386.84,712881.31,3
2025-10-30T14:36:52.582251,14:36:52,8389.71,713125.11,3
2025-10-30T14:37:04.793115,14:37:04,8396.79,713726.9,3
2025-10-30T14:37:16.389014,14:37:16,8397.61,713797.09,3
2025-10-30T14:37:28.274560,14:37:28,8391.59,713284.76,3
2025-10-30T14:37:39.854462,14:37:39,8388.33,713008.42,3
2025-10-30T14:37:51.995764,14:37:51,8365.24,711045.13,3
2025-10-30T14:38:03.595138,14:38:03,8366.54,711156.16,3
2025-10-30T14:38:15.560183,14:38:15,8356.44,710296.98,3
2025-10-30T14:38:27.484708,14:38:27,8364.13,710950.83,3
2025-10-30T14:38:39.478061,14:38:39,8354.94,710170.3,3
2025-10-30T14:38:51.563742,14:38:51,8344.21,709257.79,3
2025-10-30T14:39:03.459298,14:39:03,8295.53,705120.09,3
2025-10-30T14:39:15.359126,14:39:15,8303.23,705774.82,3
2025-10-30T14:39:27.011158,14:39:27,8288.5,704522.89,3
2025-10-30T14:39:38.645987,14:39:38,8268.06,702784.85,3
2025-10-30T14:39:50.267166,14:39:50,8200.76,697064.36,3
2025-10-30T14:40:01.955144,14:40:01,8264.97,702522.34,3
2025-10-30T14:40:13.823674,14:40:13,8271.78,703100.92,3
2025-10-30T14:40:26.388990,14:40:26,8263.09,702362.63,3
2025-10-30T14:40:38.275764,14:40:38,8262.45,702307.85,3
2025-10-30T14:40:50.492906,14:40:50,8239.55,700362.01,3
2025-10-30T14:41:02.507655,14:41:02,8234.11,699899.3,3
2025-10-30T14:41:14.163877,14:41:14,8201.43,697121.66,3
2025-10-30T14:41:26.003299,14:41:26,8207.14,697607.18,3
2025-10-30T14:41:38.156249,14:41:38,8233.5,699847.08,3
2025-10-30T14:41:49.727097,14:41:49,8206.4,697544.22,3
2025-10-30T14:42:01.899760,14:42:01,8199.76,696979.96,3
2025-10-30T14:42:14.069200,14:42:14,8202.37,697201.44,3
2025-10-30T14:42:26.001490,14:42:26,8178.88,695204.38,3
2025-10-30T14:42:37.937511,14:42:37,8160.21,693617.47,3
2025-10-30T14:42:49.843793,14:42:49,8147.73,692556.91,3
2025-10-30T14:43:01.749426,14:43:01,8142.66,692126.08,3
2025-10-30T14:43:13.357913,14:43:13,8145.3,692350.48,3
2025-10-30T14:43:25.321089,14:43:25,8143.09,692162.35,3
2025-10-30T14:43:36.965602,14:43:36,8133.44,691342.79,3
2025-10-30T14:43:48.558269,14:43:48,8141.72,692046.12,3
2025-10-30T14:44:00.776456,14:44:00,8145.69,692383.97,3
2025-10-30T14:44:13.191769,14:44:13,8170.72,694511.44,3
2025-10-30T14:44:24.740765,14:44:24,8161.09,693692.47,3
2025-10-30T14:44:36.628747,14:44:36,8170.59,694500.42,3
2025-10-30T14:44:48.525476,14:44:48,8169.48,694406.18,3
2025-10-30T14:45:00.091103,14:45:00,8185.87,695798.71,3
2025-10-30T14:45:11.816251,14:45:11,8194.04,696493.56,3
2025-10-30T14:45:23.725061,14:45:23,8222.85,698941.93,3
2025-10-30T14:45:35.838508,14:45:35,8226.85,699282.03,3
2025-10-30T14:45:47.684650,14:45:47,8206.79,697577.47,3
2025-10-30T14:45:59.836030,14:45:59,8212.89,698095.99,3
2025-10-30T14:46:11.492872,14:46:11,8190.51,696193.05,3
2025-10-30T14:46:23.420545,14:46:23,8176.47,694999.87,3
2025-10-30T14:46:35.264993,14:46:35,8169.37,694396.29,3
2025-10-30T14:46:46.845363,14:46:46,8185.16,695738.75,3
2025-10-30T14:46:58.792249,14:46:58,8187.33,695923.03,3
2025-10-30T14:47:11.040329,14:47:11,8158.3,693455.56,3
2025-10-30T14:47:22.663759,14:47:22,8190.24,696170.44,3
2025-10-30T14:47:34.308020,14:47:34,8195.58,696624.28,3
2025-10-30T14:47:46.321402,14:47:46,8198.01,696830.44,3
2025-10-30T14:47:58.582722,14:47:58,8205.71,697485.27,3
2025-10-30T14:48:10.755776,14:48:10,8180.88,695374.56,3
2025-10-30T14:48:22.692870,14:48:22,8155.24,693195.45,3
2025-10-30T14:48:34.307877,14:48:34,8119.25,690136.38,3
2025-10-30T14:48:46.286272,14:48:46,8096.1,688168.47,3
2025-10-30T14:48:57.873789,14:48:57,8063.02,685356.79,3
2025-10-30T14:49:09.741575,14:49:09,8059.34,685044.06,3
2025-10-30T14:49:21.605285,14:49:21,8053.66,684560.96,3
2025-10-30T14:49:33.303045,14:49:33,8067.6,685746.03,3
2025-10-30T14:49:45.059315,14:49:45,8040.24,683420.67,3
2025-10-30T14:49:56.910169,14:49:56,8050.23,684269.19,3
2025-10-30T14:50:08.551837,14:50:08,8032.46,682759.08,3
2025-10-30T14:50:20.105776,14:50:20,7975.58,677924.67,3
2025-10-30T14:50:32.547414,14:50:32,7926.47,673750.28,3
2025-10-30T14:50:44.145045,14:50:44,7890.18,670665.35,3
2025-10-30T14:50:56.341440,14:50:56,7889.71,670625.08,3
2025-10-30T14:51:08.190084,14:51:08,7901.56,671632.74,3
2025-10-30T14:51:20.333297,14:51:20,7896.23,671179.28,3
2025-10-30T14:51:32.236498,14:51:32,7911.64,672489.51,3
2025-10-30T14:51:44.130364,14:51:44,7942.99,675154.39,3
2025-10-30T14:51:56.303877,14:51:56,7984.61,678692.03,3
2025-10-30T14:52:07.908941,14:52:07,7969.78,677431.14,3
2025-10-30T14:52:19.835828,14:52:19,7921.24,673305.04,3
2025-10-30T14:52:32.018056,14:52:32,7866.87,668683.6,3
2025-10-30T14:52:43.596908,14:52:43,7875.51,669418.5,3
2025-10-30T14:52:55.246876,14:52:55,7879.62,669768.08,3
2025-10-30T14:53:06.846649,14:53:06,7878.84,669701.13,3
2025-10-30T14:53:18.492744,14:53:18,7883.23,670074.24,3
2025-10-30T14:53:30.165143,14:53:30,7902.92,671747.79,3
2025-10-30T14:53:41.824261,14:53:41,7891.15,670747.4,3
2025-10-30T14:53:53.464513,14:53:53,7892.4,670853.7,3
2025-10-30T14:54:05.680132,14:54:05,7930.27,674072.64,3
2025-10-30T14:54:17.544354,14:54:17,7931.16,674148.73,3
2025-10-30T14:54:29.136371,14:54:29,7915.12,672784.83,3
2025-10-30T14:54:40.950806,14:54:40,7918.67,673086.66,3
2025-10-30T14:54:52.533326,14:54:52,7921.95,673365.93,3
2025-10-30T14:55:04.144176,14:55:04,7940.84,674971.82,3
2025-10-30T14:55:15.705593,14:55:15,7961.11,676694.06,3
2025-10-30T14:55:27.664001,14:55:27,8004.01,680340.93,3
2025-10-30T14:55:39.577679,14:55:39,8024.86,682113.06,3
2025-10-30T14:55:51.528137,14:55:51,8026.18,682224.97,3
2025-10-30T14:56:03.681690,14:56:03,8015.65,681330.25,3
2025-10-30T14:56:15.563746,14:56:15,8013.34,681133.95,3
2025-10-30T14:56:27.433509,14:56:27,8004.38,680372.05,3
2025-10-30T14:56:39.277101,14:56:39,7992.23,679339.27,3
2025-10-30T14:56:51.430271,14:56:51,7984.94,678719.61,3
2025-10-30T14:57:03.345041,14:57:03,7972.56,677667.48,3
2025-10-30T14:57:15.201233,14:57:15,7975.9,677951.21,3
2025-10-30T14:57:27.071632,14:57:27,7988.7,679039.39,3
2025-10-30T14:57:39.328301,14:57:39,8019.27,681637.57,3
2025-10-30T14:57:51.249049,14:57:51,8030.6,682600.6,3
2025-10-30T14:58:03.529155,14:58:03,8054.09,684597.62,3
2025-10-30T14:58:15.425482,14:58:15,8004.4,680374.32,3
2025-10-30T14:58:27.026771,14:58:27,8027.74,682358.06,3
2025-10-30T14:58:38.700391,14:58:38,8015.4,681308.91,3
2025-10-30T14:58:50.640656,14:58:50,8012.99,681104.55,3
2025-10-30T14:59:02.830846,14:59:02,8014.03,681192.58,3
2025-10-30T14:59:14.769814,14:59:14,8028.09,682387.43,3
2025-10-30T14:59:26.418419,14:59:26,8038.66,683285.94,3
2025-10-30T14:59:38.074054,14:59:38,8043.07,683660.98,3
2025-10-30T14:59:50.266501,14:59:50,8076.13,686471.33,3
2025-10-30T15:00:02.217102,15:00:02,8059.93,685094.16,3
2025-10-30T15:00:13.795545,15:00:13,8108.33,689207.65,3
2025-10-30T15:00:25.444782,15:00:25,8107.83,689165.85,3
2025-10-30T15:00:37.375336,15:00:37,8114.3,689715.71,3
2025-10-30T15:00:49.246681,15:00:49,8134.31,691416.67,3
2025-10-30T15:01:01.155774,15:01:01,8136.45,691597.96,3
2025-10-30T15:01:13.368629,15:01:13,8147.4,692529.33,3
2025-10-30T15:01:25.241120,15:01:25,8142.72,692131.14,3
2025-10-30T15:01:36.934292,15:01:36,8123.64,690509.25,3
2025-10-30T15:01:48.996526,15:01:48,8124.61,690591.92,3
2025-10-30T15:02:00.976179,15:02:00,8117.79,690012.56,3
2025-10-30T15:02:12.913388,15:02:12,8128.5,690922.58,3
2025-10-30T15:02:24.527572,15:02:24,8127.65,690850.23,3
2025-10-30T15:02:36.463979,15:02:36,8132.68,691278.03,3
2025-10-30T15:02:48.548078,15:02:48,8096.25,688181.44,3
2025-10-30T15:03:00.494839,15:03:00,8097.61,688296.65,3
2025-10-30T15:03:12.414213,15:03:12,8043.33,683682.65,3
2025-10-30T15:03:24.311794,15:03:24,7998.52,679874.62,3
2025-10-30T15:03:35.860924,15:03:35,7987.9,678971.49,3
2025-10-30T15:03:47.802252,15:03:47,7973.6,677755.78,3
2025-10-30T15:03:59.976534,15:03:59,7932.36,674250.7,3
2025-10-30T15:04:12.209312,15:04:12,7909.99,672348.97,3
2025-10-30T15:04:24.465187,15:04:24,7896.04,671163.35,3
2025-10-30T15:04:36.372237,15:04:36,7921.17,673299.44,3
2025-10-30T15:04:48.762857,15:04:48,7899.15,671428.08,3
2025-10-30T15:05:00.709941,15:05:00,7860.97,668182.58,3
2025-10-30T15:05:12.794068,15:05:12,7829.36,665495.48,3
2025-10-30T15:05:24.737386,15:05:24,7808.65,663735.45,3
2025-10-30T15:05:36.761767,15:05:36,7823.98,665038.25,3
2025-10-30T15:05:48.777305,15:05:48,7854.23,667609.84,3
2025-10-30T15:06:00.767182,15:06:00,7861.98,668268.7,3
2025-10-30T15:06:12.654266,15:06:12,7828.5,665422.35,3
2025-10-30T15:06:24.546670,15:06:24,7797.32,662772.26,3
2025-10-30T15:06:36.190445,15:06:36,7786.33,661837.89,3
2025-10-30T15:06:47.971051,15:06:47,7784.07,661646.03,3
2025-10-30T15:06:59.653580,15:06:59,7784.37,661671.35,3
2025-10-30T15:07:11.674271,15:07:11,7823.92,665033.6,3
2025-10-30T15:07:23.657128,15:07:23,7834.39,665922.89,3
2025-10-30T15:07:35.620681,15:07:35,7869.06,668870.33,3
2025-10-30T15:07:47.785134,15:07:47,7865.93,668603.67,3
2025-10-30T15:07:59.778316,15:07:59,7854.44,667627.82,3
2025-10-30T15:08:11.702240,15:08:11,7815.91,664352.1,3
2025-10-30T15:08:23.702260,15:08:23,7816.86,664433.07,3
2025-10-30T15:08:35.624270,15:08:35,7827.75,665358.74,3
2025-10-30T15:08:47.331661,15:08:47,7820.41,664735.13,3
2025-10-30T15:08:59.574154,15:08:59,7829.34,665494.21,3
2025-10-30T15:09:11.809687,15:09:11,7829.15,665477.67,3
2025-10-30T15:09:23.552790,15:09:23,7849.88,667239.48,3
2025-10-30T15:09:35.374040,15:09:35,7859.62,668067.87,3
2025-10-30T15:09:47.633327,15:09:47,7897.14,671256.71,3
2025-10-30T15:10:00.127539,15:10:00,7904.11,671849.35,3
2025-10-30T15:10:11.866451,15:10:11,7907.08,672101.51,3
2025-10-30T15:10:23.592592,15:10:23,7901.13,671595.95,3
2025-10-30T15:10:35.671816,15:10:35,7883.09,670062.74,3
2025-10-30T15:10:47.596755,15:10:47,7884.17,670154.75,3
2025-10-30T15:10:59.703305,15:10:59,7876.71,669520.51,3
2025-10-30T15:11:11.807578,15:11:11,7889.0,670564.79,3
2025-10-30T15:11:23.788456,15:11:23,7891.44,670772.5,3
2025-10-30T15:11:36.250252,15:11:36,7879.89,669790.75,3
2025-10-30T15:11:48.407622,15:11:48,7869.25,668886.17,3
2025-10-30T15:12:00.759069,15:12:00,7866.09,668617.51,3
2025-10-30T15:12:13.433562,15:12:13,7846.4,666943.78,3
2025-10-30T15:12:25.220585,15:12:25,7820.05,664704.66,3
2025-10-30T15:12:36.981099,15:12:36,7805.05,663428.97,3
2025-10-30T15:12:48.747765,15:12:48,7820.58,664749.5,3
2025-10-30T15:13:00.973969,15:13:00,7841.08,666492.15,3
2025-10-30T15:13:13.102075,15:13:13,7829.11,665474.08,3
2025-10-30T15:13:25.778649,15:13:25,7824.42,665075.66,3
2025-10-30T15:13:38.620484,15:13:38,7846.28,666934.0,3
2025-10-30T15:13:51.355603,15:13:51,7861.98,668268.61,3
2025-10-30T15:14:04.572107,15:14:04,7885.77,670290.67,3
2025-10-30T15:14:17.473061,15:14:17,7909.74,672327.54,3
2025-10-30T15:14:29.952807,15:14:29,7905.23,671944.29,3
2025-10-30T15:14:42.085073,15:14:42,7892.56,670867.88,3
2025-10-30T15:14:54.761181,15:14:54,7885.12,670235.11,3
2025-10-30T15:15:07.128912,15:15:07,7888.65,670535.2,3
2025-10-30T15:15:19.349960,15:15:19,7890.87,670723.94,3
2025-10-30T15:15:32.162092,15:15:32,7911.76,672499.81,3
2025-10-30T15:15:45.072552,15:15:45,7923.25,673476.03,3
2025-10-30T15:15:57.505262,15:15:57,7954.2,676107.3,3
2025-10-30T15:16:09.921168,15:16:09,7972.4,677654.28,3
2025-10-30T15:16:21.843931,15:16:21,7961.75,676748.91,3
2025-10-30T15:16:33.898835,15:16:33,7981.57,678433.24,3
2025-10-30T15:16:45.751520,15:16:45,7988.48,679020.87,3
2025-10-30T15:16:57.338084,15:16:57,7986.34,678838.99,3
2025-10-30T15:17:09.557964,15:17:09,7985.59,678775.16,3
2025-10-30T15:17:21.853326,15:17:21,7952.91,675997.14,3
2025-10-30T15:17:34.718175,15:17:34,7931.46,674173.72,3
2025-10-30T15:17:47.377141,15:17:47,7922.12,673379.78,3
2025-10-30T15:17:59.356556,15:17:59,7927.31,673821.65,3
2025-10-30T15:18:11.379311,15:18:11,7950.47,675789.83,3
2025-10-30T15:18:23.340676,15:18:23,7938.8,674797.81,3
2025-10-30T15:18:35.294683,15:18:35,7946.82,675479.73,3
2025-10-30T15:18:46.893903,15:18:46,7923.98,673538.62,3
2025-10-30T15:18:58.666972,15:18:58,7902.81,671738.95,3
2025-10-30T15:19:10.752622,15:19:10,7927.07,673800.74,3
2025-10-30T15:19:22.413650,15:19:22,7924.59,673590.24,3
2025-10-30T15:19:34.420155,15:19:34,7943.24,675175.33,3
2025-10-30T15:19:46.380296,15:19:46,7907.83,672165.28,3
2025-10-30T15:19:58.256871,15:19:58,7899.63,671468.88,3
2025-10-30T15:20:10.495908,15:20:10,7900.78,671566.66,3
2025-10-30T15:20:22.668936,15:20:22,7907.65,672150.45,3
2025-10-30T15:20:34.303865,15:20:34,7923.65,673510.14,3
2025-10-30T15:20:45.961685,15:20:45,7936.73,674622.16,3
2025-10-30T15:20:58.152189,15:20:58,7963.6,676905.58,3
2025-10-30T15:21:10.083920,15:21:10,7959.31,676541.51,3
2025-10-30T15:21:21.687758,15:21:21,7936.09,674567.26,3
2025-10-30T15:21:33.591403,15:21:33,7937.9,674721.21,3
2025-10-30T15:21:45.192330,15:21:45,7938.44,674767.23,3
2025-10-30T15:21:57.104935,15:21:57,7938.63,674783.32,3
2025-10-30T15:22:09.116193,15:22:09,7941.87,675059.01,3
2025-10-30T15:22:21.015131,15:22:21,7953.46,676044.14,3
2025-10-30T15:22:33.179320,15:22:33,7965.72,677086.34,3
2025-10-30T15:22:44.822741,15:22:44,7929.52,674009.55,3
2025-10-30T15:22:56.477453,15:22:56,7927.67,673852.3,3
2025-10-30T15:23:08.434145,15:23:08,7936.15,674572.89,3
2025-10-30T15:23:20.328940,15:23:20,7940.57,674948.73,3
2025-10-30T15:23:32.495998,15:23:32,7931.68,674193.01,3
2025-10-30T15:23:44.426866,15:23:44,7930.71,674110.59,3
2025-10-30T15:23:56.022842,15:23:56,7951.24,675855.77,3
2025-10-30T15:24:07.592396,15:24:07,7950.18,675765.14,3
2025-10-30T15:24:19.480124,15:24:19,7949.93,675744.26,3
2025-10-30T15:24:31.130027,15:24:31,7912.65,672575.55,3
2025-10-30T15:24:43.047274,15:24:43,7915.02,672776.42,3
2025-10-30T15:24:54.814138,15:24:54,7920.75,673263.38,3
2025-10-30T15:25:06.491229,15:25:06,7949.32,675692.03,3
2025-10-30T15:25:18.076145,15:25:18,7943.31,675181.36,3
2025-10-30T15:25:30.345196,15:25:30,8012.47,681059.56,3
2025-10-30T15:25:43.091804,15:25:43,8021.57,681833.85,3
2025-10-30T15:25:54.936055,15:25:54,8033.36,682835.47,3
2025-10-30T15:26:06.504042,15:26:06,8033.49,682846.63,3
2025-10-30T15:26:18.647497,15:26:18,8023.59,682004.89,3
2025-10-30T15:26:30.547109,15:26:30,8030.16,682564.01,3
2025-10-30T15:26:42.603001,15:26:42,8040.58,683449.62,3
2025-10-30T15:26:54.188101,15:26:54,8044.76,683804.66,3
2025-10-30T15:27:06.077854,15:27:06,8031.89,682710.81,3
2025-10-30T15:27:18.547726,15:27:18,8038.82,683299.31,3
2025-10-30T15:27:30.980445,15:27:30,8021.03,681787.13,3
2025-10-30T15:27:43.176020,15:27:43,7978.45,678168.29,3
2025-10-30T15:27:55.394854,15:27:55,7949.94,675745.27,3
2025-10-30T15:28:07.368030,15:28:07,7912.64,672574.36,3
2025-10-30T15:28:18.945413,15:28:18,7895.19,671091.22,3
2025-10-30T15:28:30.525360,15:28:30,7886.91,670387.74,3
2025-10-30T15:28:42.696611,15:28:42,7843.15,666668.03,3
2025-10-30T15:28:54.564036,15:28:54,7866.06,668614.68,3
2025-10-30T15:29:06.459333,15:29:06,7835.45,666013.62,3
2025-10-30T15:29:18.318937,15:29:18,7815.47,664314.87,3
2025-10-30T15:29:30.262150,15:29:30,7807.87,663668.7,3
2025-10-30T15:29:42.435179,15:29:42,7801.45,663123.26,3
2025-10-30T15:29:54.296084,15:29:54,7801.72,663146.2,3
2025-10-30T15:30:07.041409,15:30:07,7822.01,664871.06,3
2025-10-30T15:30:18.925320,15:30:18,7799.34,662943.49,3
2025-10-30T15:30:31.327090,15:30:31,7793.72,662466.21,3
2025-10-30T15:30:43.221177,15:30:43,7796.1,662668.26,3
2025-10-30T15:30:55.176203,15:30:55,7799.07,662920.76,3
2025-10-30T15:31:07.124939,15:31:07,7757.3,659370.56,3
2025-10-30T15:31:19.226339,15:31:19,7764.36,659970.79,3
2025-10-30T15:31:31.447174,15:31:31,7753.71,659065.22,3
2025-10-30T15:31:43.376528,15:31:43,7766.82,660179.72,3
2025-10-30T15:31:55.686695,15:31:55,7752.87,658994.17,3
2025-10-30T15:32:07.303142,15:32:07,7763.23,659874.9,3
2025-10-30T15:32:19.194274,15:32:19,7704.17,654854.64,3
2025-10-30T15:32:31.207316,15:32:31,7669.91,651942.58,3
2025-10-30T15:32:43.067804,15:32:43,7713.32,655632.4,3
2025-10-30T15:32:55.276791,15:32:55,7694.63,654043.95,3
2025-10-30T15:33:07.142680,15:33:07,7707.84,655166.53,3
2025-10-30T15:33:19.269033,15:33:19,7685.76,653289.89,3
2025-10-30T15:33:31.198462,15:33:31,7662.32,651297.04,3
2025-10-30T15:33:42.824508,15:33:42,7682.59,653020.49,3
2025-10-30T15:33:54.744008,15:33:54,7682.85,653042.19,3
2025-10-30T15:34:06.647737,15:34:06,7720.74,656262.72,3
2025-10-30T15:34:18.620861,15:34:18,7736.88,657634.98,3
2025-10-30T15:34:30.348474,15:34:30,7753.86,659077.72,3
2025-10-30T15:34:42.610657,15:34:42,7751.58,658884.58,3
2025-10-30T15:34:54.634976,15:34:54,7758.57,659478.87,3
2025-10-30T15:35:08.732339,15:35:08,7787.06,661899.79,3
2025-10-30T15:35:21.164635,15:35:21,7825.82,665194.38,3
2025-10-30T15:35:33.030964,15:35:33,7895.68,671132.45,3
2025-10-30T15:35:44.786450,15:35:44,7900.85,671572.46,3
2025-10-30T15:35:56.506979,15:35:56,7914.42,672725.3,3
2025-10-30T15:36:08.412411,15:36:08,7936.27,674583.37,3
2025-10-30T15:36:20.572087,15:36:20,7926.72,673771.46,3
2025-10-30T15:36:32.239397,15:36:32,7931.87,674208.61,3
2025-10-30T15:36:43.845053,15:36:43,7925.77,673690.44,3
2025-10-30T15:36:55.711331,15:36:55,7904.01,671840.64,3
2025-10-30T15:37:07.605248,15:37:07,7812.23,664039.36,3
2025-10-30T15:37:19.500171,15:37:19,7791.53,662280.05,3
2025-10-30T15:37:31.197447,15:37:31,7804.27,663363.2,3
2025-10-30T15:37:43.162741,15:37:43,7780.04,661303.73,3
2025-10-30T15:37:54.808109,15:37:54,7796.65,662715.11,3
2025-10-30T15:38:06.448614,15:38:06,7785.42,661761.1,3
2025-10-30T15:38:18.321702,15:38:18,7815.41,664309.98,3
2025-10-30T15:38:29.978228,15:38:29,7822.86,664942.89,3
2025-10-30T15:38:41.613174,15:38:41,7844.56,666787.62,3
2025-10-30T15:38:53.831814,15:38:53,7836.17,666074.18,3
2025-10-30T15:39:05.499465,15:39:05,7837.03,666147.36,3
2025-10-30T15:39:17.228835,15:39:17,7834.76,665954.34,3
2025-10-30T15:39:29.410406,15:39:29,7827.32,665322.31,3
2025-10-30T15:39:41.929152,15:39:41,7826.74,665272.92,3
2025-10-30T15:39:53.529411,15:39:53,7795.91,662651.98,3
2025-10-30T15:40:07.458920,15:40:07,7790.25,662171.56,3
2025-10-30T15:40:20.593510,15:40:20,7773.85,660777.38,3
2025-10-30T15:40:32.415925,15:40:32,7738.37,657761.25,3
2025-10-30T15:40:44.648165,15:40:44,7738.88,657804.64,3
2025-10-30T15:40:56.402680,15:40:56,7754.45,659128.67,3
2025-10-30T15:41:08.676727,15:41:08,7770.34,660478.94,3
2025-10-30T15:41:20.858157,15:41:20,7777.27,661068.03,3
2025-10-30T15:41:32.796899,15:41:32,7765.88,660099.8,3
2025-10-30T15:41:45.025718,15:41:45,7757.01,659345.68,3
2025-10-30T15:41:57.012311,15:41:57,7763.58,659904.07,3
2025-10-30T15:42:09.367017,15:42:09,7729.57,657013.42,3
2025-10-30T15:42:20.986725,15:42:20,7751.59,658884.88,3
2025-10-30T15:42:32.946709,15:42:32,7743.92,658233.48,3
2025-10-30T15:42:44.644142,15:42:44,7736.42,657595.79,3
2025-10-30T15:42:56.815594,15:42:56,7738.93,657808.95,3
2025-10-30T15:43:08.423065,15:43:08,7708.81,655248.76,3
2025-10-30T15:43:20.078600,15:43:20,7688.53,653524.68,3
2025-10-30T15:43:31.748413,15:43:31,7703.51,654798.63,3
2025-10-30T15:43:43.680198,15:43:43,7696.56,654207.28,3
2025-10-30T15:43:55.945500,15:43:55,7699.82,654485.09,3
2025-10-30T15:44:08.065702,15:44:08,7735.36,657505.18,3
2025-10-30T15:44:20.075931,15:44:20,7738.92,657808.25,3
2025-10-30T15:44:32.115299,15:44:32,7730.79,657117.12,3
2025-10-30T15:44:44.328002,15:44:44,7608.57,646728.82,3
2025-10-30T15:44:55.928684,15:44:55,7621.38,647817.14,3
2025-10-30T15:45:07.889536,15:45:07,7626.35,648240.01,3
2025-10-30T15:45:19.616963,15:45:19,7640.27,649422.85,3
2025-10-30T15:45:31.733436,15:45:31,7648.87,650153.66,3
2025-10-30T15:45:43.803960,15:45:43,7667.99,651779.03,3
2025-10-30T15:45:56.003280,15:45:56,7706.82,655079.54,3
2025-10-30T15:46:07.932453,15:46:07,7679.06,652719.99,3
2025-10-30T15:46:19.825000,15:46:19,7691.22,653753.53,3
2025-10-30T15:46:31.744807,15:46:31,7685.2,653242.12,3
2025-10-30T15:46:43.406920,15:46:43,7664.75,651504.16,3
2025-10-30T15:46:56.078907,15:46:56,7701.74,654647.58,3
2025-10-30T15:47:08.012193,15:47:08,7716.05,655864.13,3
2025-10-30T15:47:20.219728,15:47:20,7715.42,655810.75,3
2025-10-30T15:47:32.446819,15:47:32,7715.43,655811.75,3
2025-10-30T15:47:44.682783,15:47:44,7673.88,652279.76,3
2025-10-30T15:47:56.646006,15:47:56,7686.49,653351.61,3
2025-10-30T15:48:08.606918,15:48:08,7683.74,653118.3,3
2025-10-30T15:48:20.347745,15:48:20,7680.17,652814.28,3
2025-10-30T15:48:32.295233,15:48:32,7680.51,652843.34,3
2025-10-30T15:48:44.022150,15:48:44,7646.89,649985.38,3
2025-10-30T15:48:55.681192,15:48:55,7639.9,649391.44,3
2025-10-30T15:49:07.287719,15:49:07,7620.92,647778.55,3
2025-10-30T15:49:18.935784,15:49:18,7608.4,646713.8,3
2025-10-30T15:49:31.148725,15:49:31,7618.63,647583.73,3
2025-10-30T15:49:43.345424,15:49:43,7660.55,651147.15,3
2025-10-30T15:49:54.947859,15:49:54,7669.56,651912.44,3
2025-10-30T15:50:07.076039,15:50:07,7671.31,652061.17,3
2025-10-30T15:50:18.733017,15:50:18,7709.54,655310.6,3
2025-10-30T15:50:30.955398,15:50:30,7667.06,651700.09,3
2025-10-30T15:50:43.135066,15:50:43,7625.21,648143.02,3
2025-10-30T15:50:55.492167,15:50:55,7644.65,649795.3,3
2025-10-30T15:51:07.499803,15:51:07,7658.25,650951.29,3
2025-10-30T15:51:19.440542,15:51:19,7632.94,648799.56,3
2025-10-30T15:51:31.337218,15:51:31,7663.17,651369.26,3
2025-10-30T15:51:43.266703,15:51:43,7681.51,652928.07,3
2025-10-30T15:51:54.819833,15:51:54,7686.23,653329.83,3
2025-10-30T15:52:06.531721,15:52:06,7665.53,651570.13,3
2025-10-30T15:52:18.415446,15:52:18,7652.13,650431.15,3
2025-10-30T15:52:30.051993,15:52:30,7649.97,650247.6,3
2025-10-30T15:52:41.714694,15:52:41,7666.92,651688.1,3
2025-10-30T15:52:53.435949,15:52:53,7659.38,651047.48,3
2025-10-30T15:53:05.192695,15:53:05,7681.3,652910.53,3
2025-10-30T15:53:17.109676,15:53:17,7694.24,654010.45,3
2025-10-30T15:53:28.688844,15:53:28,7707.39,655128.46,3
2025-10-30T15:53:40.355388,15:53:40,7718.12,656040.05,3
2025-10-30T15:53:51.993173,15:53:51,7745.34,658353.69,3
2025-10-30T15:54:03.656216,15:54:03,7711.04,655438.36,3
2025-10-30T15:54:15.304255,15:54:15,7786.34,661839.22,3
2025-10-30T15:54:26.918822,15:54:26,7742.74,658132.91,3
2025-10-30T15:54:38.861758,15:54:38,7712.78,655586.24,3
2025-10-30T15:54:50.798166,15:54:50,7670.63,652003.25,3
2025-10-30T15:55:02.788652,15:55:02,7674.59,652339.83,3
2025-10-30T15:55:14.700052,15:55:14,7672.81,652188.84,3
2025-10-30T15:55:26.306314,15:55:26,7677.91,652622.57,3
2025-10-30T15:55:38.519694,15:55:38,7682.22,652988.95,3
2025-10-30T15:55:50.675474,15:55:50,7714.96,655771.59,3
2025-10-30T15:56:02.556918,15:56:02,7716.06,655865.2,3
2025-10-30T15:56:14.655641,15:56:14,7720.54,656245.62,3
2025-10-30T15:56:26.563856,15:56:26,7724.3,656565.72,3
2025-10-30T15:56:38.206729,15:56:38,7760.9,659676.17,3
2025-10-30T15:56:50.423583,15:56:50,7718.4,656064.23,3
2025-10-30T15:57:02.319013,15:57:02,7747.86,658567.87,3
2025-10-30T15:57:13.892206,15:57:13,7733.96,657386.98,3
2025-10-30T15:57:25.458421,15:57:25,7733.61,657356.71,3
2025-10-30T15:57:37.690278,15:57:37,7720.32,656227.01,3
2025-10-30T15:57:49.607400,15:57:49,7716.06,655865.36,3
2025-10-30T15:58:01.516611,15:58:01,7726.36,656740.92,3
2025-10-30T15:58:13.370906,15:58:13,7730.04,657053.59,3
2025-10-30T15:58:25.562455,15:58:25,7730.2,657066.77,3
2025-10-30T15:58:37.479377,15:58:37,7728.92,656958.18,3
2025-10-30T15:58:49.416807,15:58:49,7701.06,654590.48,3
2025-10-30T15:59:01.258735,15:59:01,7700.0,654500.1,3
2025-10-30T15:59:13.238241,15:59:13,7705.1,654933.08,3
2025-10-30T15:59:25.416191,15:59:25,7715.42,655810.9,3
2025-10-30T15:59:37.359409,15:59:37,7716.35,655889.78,3
2025-10-30T15:59:48.985242,15:59:48,7715.97,655857.67,3
2025-10-30T16:00:00.737371,16:00:00,7730.72,657110.85,3
2025-10-30T16:00:12.944932,16:00:12,7712.17,655534.33,3
2025-10-30T16:00:24.798063,16:00:24,7705.7,654984.31,3
2025-10-30T16:00:36.751462,16:00:36,7696.47,654199.73,3
2025-10-30T16:00:48.649376,16:00:48,7735.04,657478.48,3
2025-10-30T16:01:00.377932,16:01:00,7753.31,659031.09,3
2025-10-30T16:01:12.368302,16:01:12,7758.87,659503.63,3
2025-10-30T16:01:24.360461,16:01:24,7747.24,658515.04,3
2025-10-30T16:01:36.277816,16:01:36,7748.53,658625.19,3
2025-10-30T16:01:47.926880,16:01:47,7747.77,658560.34,3
2025-10-30T16:01:59.689023,16:01:59,7754.05,659094.57,3
2025-10-30T16:02:11.445895,16:02:11,7773.41,660739.62,3
2025-10-30T16:02:23.616943,16:02:23,7772.48,660661.18,3
2025-10-30T16:02:35.257615,16:02:35,7767.38,660227.31,3
2025-10-30T16:02:46.963811,16:02:46,7781.13,661396.33,3
2025-10-30T16:02:58.587407,16:02:58,7788.62,662032.99,3
2025-10-30T16:03:10.173386,16:03:10,7779.41,661249.49,3
2025-10-30T16:03:22.404905,16:03:22,7782.84,661541.52,3
2025-10-30T16:03:34.300163,16:03:34,7813.57,664153.38,3
2025-10-30T16:03:46.296055,16:03:46,7817.51,664488.3,3
2025-10-30T16:03:58.372477,16:03:58,7840.69,666458.45,3
2025-10-30T16:04:10.876201,16:04:10,7818.37,664561.79,3
2025-10-30T16:04:22.769077,16:04:22,7819.65,664670.18,3
2025-10-30T16:04:34.635004,16:04:34,7838.47,666269.75,3
2025-10-30T16:04:46.244386,16:04:46,7838.44,666267.52,3
2025-10-30T16:04:58.363610,16:04:58,7841.39,666518.29,3
2025-10-30T16:05:10.216831,16:05:10,7834.66,665945.68,3
2025-10-30T16:05:21.849169,16:05:21,7835.24,665995.66,3
2025-10-30T16:05:33.791529,16:05:33,7831.98,665718.61,3
2025-10-30T16:05:45.747773,16:05:45,7827.33,665323.14,3
2025-10-30T16:05:57.939964,16:05:57,7839.17,666329.64,3
2025-10-30T16:06:09.722720,16:06:09,7832.12,665730.61,3
2025-10-30T16:06:21.612560,16:06:21,7841.97,666567.74,3
2025-10-30T16:06:33.952034,16:06:33,7835.73,666037.29,3
2025-10-30T16:06:45.583398,16:06:45,7826.9,665286.28,3
2025-10-30T16:06:57.465468,16:06:57,7825.59,665174.78,3
2025-10-30T16:07:09.743127,16:07:09,7778.96,661211.43,3
2025-10-30T16:07:22.443549,16:07:22,7765.33,660052.65,3
2025-10-30T16:07:34.773155,16:07:34,7732.75,657283.66,3
2025-10-30T16:07:46.669096,16:07:46,7739.01,657815.58,3
2025-10-30T16:07:58.621764,16:07:58,7738.48,657770.98,3
2025-10-30T16:08:10.850621,16:08:10,7741.22,658003.56,3
2025-10-30T16:08:23.001377,16:08:23,7743.8,658222.65,3
2025-10-30T16:08:34.633648,16:08:34,7745.83,658395.71,3
2025-10-30T16:08:46.630110,16:08:46,7748.57,658628.8,3
2025-10-30T16:08:58.284462,16:08:58,7750.87,658823.85,3
2025-10-30T16:09:11.086620,16:09:11,7751.23,658854.85,3
2025-10-30T16:09:22.684439,16:09:22,7771.52,660578.87,3
2025-10-30T16:09:34.289728,16:09:34,7772.65,660675.49,3
2025-10-30T16:09:45.968827,16:09:45,7794.59,662540.29,3
2025-10-30T16:09:58.136800,16:09:58,7772.89,660695.87,3
2025-10-30T16:10:10.091714,16:10:10,7772.48,660660.6,3
2025-10-30T16:10:22.085344,16:10:22,7771.69,660593.82,3
2025-10-30T16:10:33.792750,16:10:33,7749.57,658713.61,3
2025-10-30T16:10:46.320091,16:10:46,7750.09,658757.75,3
2025-10-30T16:10:58.332154,16:10:58,7749.58,658714.41,3
2025-10-30T16:11:10.199547,16:11:10,7741.21,658002.96,3
2025-10-30T16:11:21.822432,16:11:21,7736.71,657620.42,3
2025-10-30T16:11:33.429961,16:11:33,7737.96,657726.54,3
2025-10-30T16:11:45.170789,16:11:45,7738.46,657769.39,3
2025-10-30T16:11:57.137152,16:11:57,7744.87,658313.71,3
2025-10-30T16:12:09.398335,16:12:09,7768.29,660304.56,3
2025-10-30T16:12:21.439288,16:12:21,7766.54,660155.96,3
2025-10-30T16:12:33.361020,16:12:33,7759.07,659520.57,3
2025-10-30T16:12:45.271918,16:12:45,7756.09,659267.56,3
2025-10-30T16:12:57.578237,16:12:57,7758.34,659459.03,3
2025-10-30T16:13:09.187007,16:13:09,7747.54,658540.76,3
2025-10-30T16:13:21.646064,16:13:21,7732.03,657222.95,3
2025-10-30T16:13:34.088501,16:13:34,7714.69,655748.55,3
2025-10-30T16:13:46.051066,16:13:46,7695.37,654106.83,3
2025-10-30T16:13:57.875509,16:13:57,7691.16,653748.66,3
2025-10-30T16:14:10.277499,16:14:10,7689.64,653619.22,3
2025-10-30T16:14:22.028392,16:14:22,7690.26,653672.49,3
2025-10-30T16:14:33.970871,16:14:33,7694.38,654022.01,3
2025-10-30T16:14:45.790441,16:14:45,7657.06,650850.36,3
2025-10-30T16:14:57.668570,16:14:57,7630.89,648625.52,3
2025-10-30T16:15:09.521795,16:15:09,7650.17,650264.71,3
2025-10-30T16:15:21.521170,16:15:21,7693.9,653981.59,3
2025-10-30T16:15:33.414158,16:15:33,7676.78,652526.28,3
2025-10-30T16:15:45.110376,16:15:45,7617.32,647471.88,3
2025-10-30T16:15:57.040457,16:15:57,7628.21,648397.73,3
2025-10-30T16:16:08.911857,16:16:08,7637.76,649209.74,3
2025-10-30T16:16:20.631001,16:16:20,7649.18,650180.44,3
2025-10-30T16:16:32.631832,16:16:32,7646.1,649918.33,3
2025-10-30T16:16:44.561702,16:16:44,7635.15,648988.08,3
2025-10-30T16:16:56.441956,16:16:56,7671.8,652103.21,3
2025-10-30T16:17:08.306173,16:17:08,7696.27,654182.93,3
2025-10-30T16:17:19.956591,16:17:19,7708.53,655225.04,3
2025-10-30T16:17:31.669935,16:17:31,7690.82,653720.05,3
2025-10-30T16:17:43.585034,16:17:43,7689.01,653565.85,3
2025-10-30T16:17:55.241884,16:17:55,7687.34,653423.57,3
2025-10-30T16:18:07.087948,16:18:07,7714.02,655692.04,3
2025-10-30T16:18:18.751028,16:18:18,7712.38,655552.33,3
2025-10-30T16:18:31.408827,16:18:31,7715.98,655858.6,3
2025-10-30T16:18:42.974330,16:18:42,7737.89,657720.96,3
2025-10-30T16:18:54.672627,16:18:54,7713.39,655637.82,3
2025-10-30T16:19:06.614932,16:19:06,7760.15,659613.0,3
2025-10-30T16:19:18.580724,16:19:18,7745.9,658401.08,3
2025-10-30T16:19:30.258930,16:19:30,7713.61,655657.1,3
2025-10-30T16:19:41.898276,16:19:41,7699.61,654467.15,3
2025-10-30T16:19:53.449341,16:19:53,7698.24,654350.81,3
2025-10-30T16:20:05.082012,16:20:05,7702.81,654739.17,3
2025-10-30T16:20:16.696515,16:20:16,7722.44,656407.06,3
2025-10-30T16:20:28.266528,16:20:28,7732.4,657253.85,3
2025-10-30T16:20:39.978894,16:20:39,7747.4,658528.6,3
2025-10-30T16:20:51.834264,16:20:51,7762.2,659787.21,3
2025-10-30T16:21:03.744323,16:21:03,7774.82,660859.31,3
2025-10-30T16:21:15.953138,16:21:15,7777.85,661117.15,3
2025-10-30T16:21:27.573913,16:21:27,7779.97,661297.17,3
2025-10-30T16:21:39.293816,16:21:39,7778.73,661192.22,3
2025-10-30T16:21:51.182769,16:21:51,7805.45,663463.4,3
2025-10-30T16:22:03.426890,16:22:03,7836.99,666144.51,3
2025-10-30T16:22:15.025950,16:22:15,7801.11,663094.06,3
2025-10-30T16:22:26.662401,16:22:26,7802.5,663212.89,3
2025-10-30T16:22:38.286616,16:22:38,7820.02,664701.55,3
2025-10-30T16:22:50.254903,16:22:50,7799.13,662925.86,3
2025-10-30T16:23:01.883216,16:23:01,7803.98,663338.31,3
2025-10-30T16:23:13.536318,16:23:13,7811.14,663947.04,3
2025-10-30T16:23:25.205601,16:23:25,7825.6,665176.29,3
2025-10-30T16:23:36.941373,16:23:36,7816.82,664429.76,3
2025-10-30T16:23:48.529758,16:23:48,7791.44,662272.8,3
2025-10-30T16:24:00.212534,16:24:00,7783.07,661560.7,3
2025-10-30T16:24:12.256904,16:24:12,7764.36,659970.25,3
2025-10-30T16:24:24.364753,16:24:24,7744.73,658301.88,3
2025-10-30T16:24:36.345476,16:24:36,7759.97,659597.65,3
2025-10-30T16:24:47.946243,16:24:47,7762.91,659847.45,3
2025-10-30T16:24:59.893478,16:24:59,7772.39,660653.43,3
2025-10-30T16:25:11.477804,16:25:11,7767.66,660251.06,3
2025-10-30T16:25:23.347057,16:25:23,7768.18,660295.6,3
2025-10-30T16:25:35.283198,16:25:35,7759.55,659561.56,3
2025-10-30T16:25:47.218582,16:25:47,7747.29,658520.05,3
2025-10-30T16:25:58.844580,16:25:58,7745.15,658337.89,3
2025-10-30T16:26:10.530133,16:26:10,7735.95,657555.53,3
2025-10-30T16:26:22.065777,16:26:22,7732.24,657240.01,3
2025-10-30T16:26:33.695605,16:26:33,7725.02,656626.75,3
2025-10-30T16:26:45.617616,16:26:45,7707.48,655135.61,3
2025-10-30T16:26:57.524030,16:26:57,7706.59,655060.37,3
2025-10-30T16:27:09.158719,16:27:09,7717.17,655959.81,3
2025-10-30T16:27:20.760072,16:27:20,7717.19,655961.1,3
2025-10-30T16:27:32.400364,16:27:32,7721.76,656349.47,3
2025-10-30T16:27:44.084940,16:27:44,7720.08,656206.85,3
2025-10-30T16:27:56.285493,16:27:56,7732.07,657225.8,3
2025-10-30T16:28:08.315118,16:28:08,7718.81,656098.91,3
2025-10-30T16:28:19.892861,16:28:19,7721.12,656295.01,3
2025-10-30T16:28:31.839182,16:28:31,7736.07,657566.08,3
2025-10-30T16:28:43.383612,16:28:43,7717.02,655947.02,3
2025-10-30T16:28:55.328586,16:28:55,7714.19,655706.32,3
2025-10-30T16:29:06.996196,16:29:06,7668.95,651860.99,3
2025-10-30T16:29:18.576062,16:29:18,7672.0,652119.87,3
2025-10-30T16:29:30.405837,16:29:30,7674.49,652331.62,3
2025-10-30T16:29:42.003561,16:29:42,7674.12,652299.97,3
2025-10-30T16:29:53.674263,16:29:53,7681.1,652893.85,3
2025-10-30T16:30:07.005987,16:30:07,7723.8,656523.1,3
2025-10-30T16:30:19.637448,16:30:19,7756.37,659291.4,3
2025-10-30T16:30:31.636224,16:30:31,7747.29,658519.88,3
2025-10-30T16:30:43.642361,16:30:43,7733.77,657370.09,3
2025-10-30T16:30:55.546154,16:30:55,7732.71,657280.65,3
2025-10-30T16:31:07.444929,16:31:07,7719.0,656115.15,3
2025-10-30T16:31:19.293642,16:31:19,7699.13,654426.34,3
2025-10-30T16:31:31.058872,16:31:31,7677.1,652553.46,3
2025-10-30T16:31:42.688777,16:31:42,7676.21,652477.59,3
2025-10-30T16:31:54.316558,16:31:54,7678.76,652694.44,3
2025-10-30T16:32:05.880983,16:32:05,7701.56,654632.66,3
2025-10-30T16:32:17.411650,16:32:17,7688.53,653524.83,3
2025-10-30T16:32:28.999103,16:32:28,7690.22,653668.87,3
2025-10-30T16:32:40.634619,16:32:40,7687.05,653399.16,3
2025-10-30T16:32:52.513690,16:32:52,7678.35,652659.68,3
2025-10-30T16:33:04.053464,16:33:04,7669.95,651945.43,3
2025-10-30T16:33:15.627723,16:33:15,7662.85,651341.86,3
2025-10-30T16:33:27.618217,16:33:27,7696.14,654171.49,3
2025-10-30T16:33:39.519131,16:33:39,7698.19,654345.81,3
2025-10-30T16:33:51.478994,16:33:51,7748.47,658619.69,3
2025-10-30T16:34:03.105085,16:34:03,7749.88,658739.98,3
2025-10-30T16:34:14.714988,16:34:14,7745.81,658393.72,3
2025-10-30T16:34:26.690998,16:34:26,7716.34,655888.75,3
2025-10-30T16:34:38.276180,16:34:38,7697.82,654314.52,3
2025-10-30T16:34:49.947355,16:34:49,7684.51,653183.54,3
2025-10-30T16:35:01.537521,16:35:01,7707.48,655135.4,3
2025-10-30T16:35:14.971084,16:35:14,7720.28,656224.16,3
2025-10-30T16:35:26.706526,16:35:26,7726.51,656753.63,3
2025-10-30T16:35:38.621625,16:35:38,7727.0,656795.01,3
2025-10-30T16:35:50.229037,16:35:50,7732.88,657295.21,3
2025-10-30T16:36:02.123842,16:36:02,7737.15,657658.13,3
2025-10-30T16:36:14.031578,16:36:14,7782.03,661472.9,3
2025-10-30T16:36:25.591599,16:36:25,7778.56,661177.27,3
2025-10-30T16:36:37.153981,16:36:37,7769.86,660438.07,3
2025-10-30T16:36:48.707216,16:36:48,7732.18,657235.36,3
2025-10-30T16:37:00.547610,16:37:00,7744.05,658244.57,3
2025-10-30T16:37:12.469376,16:37:12,7745.21,658342.58,3
2025-10-30T16:37:24.118649,16:37:24,7744.87,658314.11,3
2025-10-30T16:37:35.712628,16:37:35,7726.82,656779.42,3
2025-10-30T16:37:47.268151,16:37:47,7749.79,658732.01,3
2025-10-30T16:37:59.197233,16:37:59,7765.63,660078.23,3
2025-10-30T16:38:11.153226,16:38:11,7747.99,658579.27,3
2025-10-30T16:38:22.729152,16:38:22,7746.58,658459.51,3
2025-10-30T16:38:34.638769,16:38:34,7744.6,658291.2,3
2025-10-30T16:38:46.260852,16:38:46,7733.46,657344.23,3
2025-10-30T16:38:58.176382,16:38:58,7710.9,655426.82,3
2025-10-30T16:39:10.035964,16:39:10,7684.77,653205.51,3
2025-10-30T16:39:22.312350,16:39:22,7667.52,651739.49,3
2025-10-30T16:39:34.156898,16:39:34,7592.16,645333.44,3
2025-10-30T16:39:46.304714,16:39:46,7619.14,647626.65,3
2025-10-30T16:39:58.152763,16:39:58,7577.68,644102.98,3
2025-10-30T16:40:10.241314,16:40:10,7612.07,647025.58,3
2025-10-30T16:40:22.112314,16:40:22,7612.84,647091.55,3
2025-10-30T16:40:34.275463,16:40:34,7584.57,644688.06,3
2025-10-30T16:40:46.192737,16:40:46,7573.57,643753.48,3
2025-10-30T16:40:58.093155,16:40:58,7577.21,644062.45,3
2025-10-30T16:41:10.255527,16:41:10,7612.25,647041.42,3
2025-10-30T16:41:22.102860,16:41:22,7615.29,647299.37,3
2025-10-30T16:41:33.654973,16:41:33,7609.99,646849.51,3
2025-10-30T16:41:45.519666,16:41:45,7607.33,646622.82,3
2025-10-30T16:41:57.374920,16:41:57,7613.89,647181.06,3
2025-10-30T16:42:09.327072,16:42:09,7629.44,648502.38,3
2025-10-30T16:42:21.172898,16:42:21,7637.16,649158.36,3
2025-10-30T16:42:32.815498,16:42:32,7629.78,648531.59,3
2025-10-30T16:42:44.662796,16:42:44,7630.25,648570.91,3
2025-10-30T16:42:56.591839,16:42:56,7628.32,648407.25,3
2025-10-30T16:43:08.813723,16:43:08,7625.33,648152.84,3
2025-10-30T16:43:20.377492,16:43:20,7620.81,647769.19,3
2025-10-30T16:43:32.497299,16:43:32,7641.45,649523.61,3
2025-10-30T16:43:44.736893,16:43:44,7659.08,651021.92,3
2025-10-30T16:43:56.345396,16:43:56,7671.89,652110.45,3
2025-10-30T16:44:08.018517,16:44:08,7662.02,651271.66,3
2025-10-30T16:44:19.607693,16:44:19,7633.81,648873.91,3
2025-10-30T16:44:31.177132,16:44:31,7619.57,647663.43,3
2025-10-30T16:44:43.320381,16:44:43,7611.73,646996.93,3
2025-10-30T16:44:55.622703,16:44:55,7608.95,646760.93,3
2025-10-30T16:45:07.555039,16:45:07,7548.96,641661.58,3
2025-10-30T16:45:19.996207,16:45:19,7547.33,641523.21,3
2025-10-30T16:45:31.897391,16:45:31,7538.82,640799.57,3
2025-10-30T16:45:44.289353,16:45:44,7534.97,640472.17,3
2025-10-30T16:45:55.849459,16:45:55,7517.59,638994.73,3
2025-10-30T16:46:07.446296,16:46:07,7519.17,639129.24,3
2025-10-30T16:46:19.330240,16:46:19,7542.69,641128.41,3
2025-10-30T16:46:31.286160,16:46:31,7539.37,640846.56,3
2025-10-30T16:46:43.161416,16:46:43,7530.53,640095.46,3
2025-10-30T16:46:55.096775,16:46:55,7535.89,640550.59,3
2025-10-30T16:47:06.974693,16:47:06,7552.21,641937.7,3
2025-10-30T16:47:18.586932,16:47:18,7560.62,642652.81,3
2025-10-30T16:47:30.282329,16:47:30,7544.32,641267.46,3
2025-10-30T16:47:41.875036,16:47:41,7489.55,636611.93,3
2025-10-30T16:47:53.805501,16:47:53,7376.79,627026.8,3
2025-10-30T16:48:05.723664,16:48:05,7417.13,630456.4,3
2025-10-30T16:48:17.897283,16:48:17,7461.71,634245.1,3
2025-10-30T16:48:30.134800,16:48:30,7505.29,637949.79,3
2025-10-30T16:48:41.737050,16:48:41,7487.9,636471.86,3
2025-10-30T16:48:53.921606,16:48:53,7515.3,638800.35,3
2025-10-30T16:49:05.757744,16:49:05,7514.7,638749.77,3
2025-10-30T16:49:17.726532,16:49:17,7518.2,639046.8,3
2025-10-30T16:49:29.641060,16:49:29,7511.58,638484.4,3
2025-10-30T16:49:41.864180,16:49:41,7539.11,640824.21,3
2025-10-30T16:49:53.757088,16:49:53,7550.19,641766.5,3
2025-10-30T16:50:05.609950,16:50:05,7544.4,641274.33,3
2025-10-30T16:50:17.172335,16:50:17,7581.29,644409.9,3
2025-10-30T16:50:29.080203,16:50:29,7583.32,644582.35,3
2025-10-30T16:50:41.060993,16:50:41,7535.98,640558.4,3
2025-10-30T16:50:52.918974,16:50:52,7527.69,639853.63,3
2025-10-30T16:51:04.820881,16:51:04,7473.16,635218.83,3
2025-10-30T16:51:16.605813,16:51:16,7467.15,634707.97,3
2025-10-30T16:51:28.193341,16:51:28,7435.95,632055.75,3
2025-10-30T16:51:39.805582,16:51:39,7500.88,637574.56,3
2025-10-30T16:51:51.374514,16:51:51,7513.79,638672.36,3
2025-10-30T16:52:02.957014,16:52:02,7501.87,637659.15,3
2025-10-30T16:52:14.811461,16:52:14,7522.15,639383.14,3
2025-10-30T16:52:26.727494,16:52:26,7489.78,636631.04,3
2025-10-30T16:52:38.902295,16:52:38,7500.85,637572.38,3
2025-10-30T16:52:50.516762,16:52:50,7506.36,638040.61,3
2025-10-30T16:53:02.670609,16:53:02,7520.62,639252.63,3
2025-10-30T16:53:14.500990,16:53:14,7519.9,639191.45,3
2025-10-30T16:53:26.641017,16:53:26,7490.01,636650.51,3
2025-10-30T16:53:38.926967,16:53:38,7540.43,640936.61,3
2025-10-30T16:53:50.830855,16:53:50,7515.79,638842.36,3
2025-10-30T16:54:02.660795,16:54:02,7515.57,638823.84,3
2025-10-30T16:54:29.731294,16:54:29,7533.95,640385.67,3
2025-10-30T16:54:41.627525,16:54:41,7539.81,640883.72,3
2025-10-30T16:54:53.694654,16:54:53,7526.19,639726.39,3
2025-10-30T16:55:05.571077,16:55:05,7529.7,640024.37,3
2025-10-30T16:55:17.394411,16:55:17,7534.94,640469.48,3
2025-10-30T16:55:28.968981,16:55:28,7533.17,640319.56,3
2025-10-30T16:55:40.528102,16:55:40,7536.62,640612.55,3
2025-10-30T16:55:52.457007,16:55:52,7551.74,641897.95,3
2025-10-30T16:56:04.016346,16:56:04,7575.41,643909.61,3
2025-10-30T16:56:15.628327,16:56:15,7636.7,649119.19,3
2025-10-30T16:56:27.262817,16:56:27,7630.23,648569.49,3
2025-10-30T16:56:38.870149,16:56:38,7625.18,648140.14,3
2025-10-30T16:56:50.402989,16:56:50,7642.99,649653.94,3
2025-10-30T16:57:02.301203,16:57:02,7647.64,650049.74,3
2025-10-30T16:57:13.839415,16:57:13,7666.9,651686.75,3
2025-10-30T16:57:25.527059,16:57:25,7646.03,649912.83,3
2025-10-30T16:57:37.617948,16:57:37,7647.44,650032.81,3
2025-10-30T16:57:49.674243,16:57:49,7663.32,651381.96,3
2025-10-30T16:58:01.284537,16:58:01,7659.77,651080.81,3
2025-10-30T16:58:12.886928,16:58:12,7628.68,648438.06,3
2025-10-30T16:58:24.857801,16:58:24,7624.43,648076.3,3
2025-10-30T16:58:36.993613,16:58:36,7625.44,648162.16,3
2025-10-30T16:58:48.598871,16:58:48,7626.45,648248.13,3
2025-10-30T16:59:00.603696,16:59:00,7637.2,649162.11,3
2025-10-30T16:59:12.255709,16:59:12,7638.9,649306.84,3
2025-10-30T16:59:24.180757,16:59:24,7649.16,650178.84,3
2025-10-30T16:59:36.051149,16:59:36,7644.75,649803.56,3
2025-10-30T16:59:47.631875,16:59:47,7567.73,643256.7,3
2025-10-30T16:59:59.190575,16:59:59,7580.59,644350.56,3
2025-10-30T17:00:11.324740,17:00:11,7578.6,644180.79,3
2025-10-30T17:00:23.543329,17:00:23,7614.84,647261.55,3
2025-10-30T17:00:35.368720,17:00:35,7623.99,648039.41,3
2025-10-30T17:00:46.993201,17:00:46,7610.75,646914.14,3
2025-10-30T17:00:59.100717,17:00:59,7607.68,646652.48,3
2025-10-30T17:01:11.251175,17:01:11,7596.27,645682.82,3
2025-10-30T17:01:23.195407,17:01:23,7586.28,644833.46,3
2025-10-30T17:01:34.817222,17:01:34,7559.81,642583.99,3
2025-10-30T17:01:46.685298,17:01:46,7559.37,642546.85,3
2025-10-30T17:01:58.548452,17:01:58,7549.3,641690.5,3
2025-10-30T17:02:10.416760,17:02:10,7524.73,639601.85,3
2025-10-30T17:02:21.972857,17:02:21,7522.64,639424.53,3
2025-10-30T17:02:33.585340,17:02:33,7511.77,638500.27,3
2025-10-30T17:02:45.168777,17:02:45,7525.18,639640.23,3
2025-10-30T17:02:57.050942,17:02:57,7514.54,638736.28,3
2025-10-30T17:03:09.112665,17:03:09,7555.55,642221.33,3
2025-10-30T17:03:20.770042,17:03:20,7542.42,641105.74,3
2025-10-30T17:03:32.625750,17:03:32,7552.32,641947.42,3
2025-10-30T17:03:44.773567,17:03:44,7561.2,642701.88,3
2025-10-30T17:03:56.649606,17:03:56,7558.3,642455.3,3
2025-10-30T17:04:08.208041,17:04:08,7569.7,643424.73,3
2025-10-30T17:04:20.216351,17:04:20,7568.59,643329.85,3
2025-10-30T17:04:32.388191,17:04:32,7563.99,642939.3,3
2025-10-30T17:04:43.938417,17:04:43,7535.57,640523.66,3
2025-10-30T17:04:55.648828,17:04:55,7572.37,643651.84,3
2025-10-30T17:05:07.535256,17:05:07,7593.15,645418.09,3
2025-10-30T17:05:19.384328,17:05:19,7650.77,650315.87,3
2025-10-30T17:05:31.295980,17:05:31,7634.63,648943.5,3
2025-10-30T17:05:43.128007,17:05:43,7640.34,649429.32,3
2025-10-30T17:05:55.274779,17:05:55,7617.43,647481.2,3
2025-10-30T17:06:07.774730,17:06:07,7608.0,646680.42,3
2025-10-30T17:06:20.225844,17:06:20,7621.84,647856.72,3
2025-10-30T17:06:32.101842,17:06:32,7620.45,647737.89,3
2025-10-30T17:06:44.045463,17:06:44,7634.99,648974.21,3
2025-10-30T17:06:55.660263,17:06:55,7619.61,647666.48,3
2025-10-30T17:07:07.548467,17:07:07,7620.29,647724.35,3
2025-10-30T17:07:19.229450,17:07:19,7586.96,644891.28,3
2025-10-30T17:07:31.368881,17:07:31,7575.26,643897.47,3
2025-10-30T17:07:43.422059,17:07:43,7543.34,641184.0,3
2025-10-30T17:07:55.357231,17:07:55,7534.34,640418.95,3
2025-10-30T17:08:06.908617,17:08:06,7524.43,639576.21,3
2025-10-30T17:08:19.173826,17:08:19,7530.28,640073.51,3
2025-10-30T17:08:31.028379,17:08:31,7532.0,640220.31,3
2025-10-30T17:08:42.650588,17:08:42,7532.69,640278.32,3
2025-10-30T17:08:54.499907,17:08:54,7523.61,639506.58,3
2025-10-30T17:09:06.362551,17:09:06,7525.26,639646.71,3
2025-10-30T17:09:18.234141,17:09:18,7531.91,640211.99,3
2025-10-30T17:09:29.974620,17:09:29,7536.2,640576.9,3
2025-10-30T17:09:41.943728,17:09:41,7520.08,639206.99,3
2025-10-30T17:09:54.108798,17:09:54,7519.28,639138.69,3
2025-10-30T17:10:05.950461,17:10:05,7519.16,639128.69,3
2025-10-30T17:10:18.142031,17:10:18,7478.43,635666.68,3
2025-10-30T17:10:30.330580,17:10:30,7464.17,634454.16,3
2025-10-30T17:10:42.480090,17:10:42,7427.58,631344.23,3
2025-10-30T17:10:54.356354,17:10:54,7421.66,630841.17,3
2025-10-30T17:11:06.361969,17:11:06,7425.03,631127.73,3
2025-10-30T17:11:17.914328,17:11:17,7411.05,629939.06,3
2025-10-30T17:11:29.854706,17:11:29,7413.28,630129.08,3
2025-10-30T17:11:41.687466,17:11:41,7415.76,630339.48,3
2025-10-30T17:11:53.253472,17:11:53,7445.14,632836.96,3
2025-10-30T17:12:05.148817,17:12:05,7474.62,635342.99,3
2025-10-30T17:12:16.767466,17:12:16,7471.19,635051.54,3
2025-10-30T17:12:28.656894,17:12:28,7489.18,636579.99,3
2025-10-30T17:12:40.759767,17:12:40,7527.34,639824.24,3
2025-10-30T17:12:53.347629,17:12:53,7535.99,640559.3,3
2025-10-30T17:13:04.921280,17:13:04,7549.34,641694.2,3
2025-10-30T17:13:16.776763,17:13:16,7538.66,640786.19,3
2025-10-30T17:13:28.384161,17:13:28,7503.93,637833.71,3
2025-10-30T17:13:40.019869,17:13:40,7456.4,633794.34,3
2025-10-30T17:14:28.631364,17:14:28,7414.81,630258.64,3
2025-10-30T17:14:40.649395,17:14:40,7413.96,630186.34,3
2025-10-30T17:14:52.185430,17:14:52,7418.61,630581.69,3
2025-10-30T17:15:04.078548,17:15:04,7432.9,631796.47,3
2025-10-30T17:15:15.973834,17:15:15,7448.46,633118.71,3
2025-10-30T17:15:27.566734,17:15:27,7450.93,633329.46,3
2025-10-30T17:15:39.482971,17:15:39,7455.73,633737.39,3
2025-10-30T17:15:51.746722,17:15:51,7457.37,633876.3,3
2025-10-30T17:16:04.667648,17:16:04,7503.05,637759.39,3
2025-10-30T17:16:16.343164,17:16:16,7503.74,637817.81,3
2025-10-30T17:16:28.488416,17:16:28,7506.09,638017.75,3
2025-10-30T17:16:40.078265,17:16:40,7536.81,640628.88,3
2025-10-30T17:16:51.706692,17:16:51,7517.66,639001.24,3
2025-10-30T17:17:03.456703,17:17:03,7526.2,639726.98,3
2025-10-30T17:17:15.136930,17:17:15,7535.45,640513.5,3
2025-10-30T17:17:26.692221,17:17:26,7528.6,639931.14,3
2025-10-30T17:17:38.673536,17:17:38,7517.33,638973.47,3
2025-10-30T17:17:50.643901,17:17:50,7525.84,639696.49,3
2025-10-30T17:18:02.530121,17:18:02,7535.7,640534.88,3
2025-10-30T17:18:14.118873,17:18:14,7543.64,641209.34,3
2025-10-30T17:18:25.906546,17:18:25,7525.19,639641.51,3
2025-10-30T17:18:37.496273,17:18:37,7533.65,640360.61,3
2025-10-30T17:18:49.428329,17:18:49,7541.41,641019.76,3
2025-10-30T17:19:01.017671,17:19:01,7556.76,642324.66,3
2025-10-30T17:19:12.582868,17:19:12,7554.51,642133.09,3
2025-10-30T17:19:24.465975,17:19:24,7565.13,643036.25,3
2025-10-30T17:19:35.997195,17:19:35,7581.32,644411.88,3
2025-10-30T17:19:47.620766,17:19:47,7564.2,642957.25,3
2025-10-30T17:19:59.720304,17:19:59,7545.57,641373.24,3
2025-10-30T17:20:11.581202,17:20:11,7530.27,640072.63,3
2025-10-30T17:20:23.157196,17:20:23,7477.64,635599.19,3
2025-10-30T17:20:34.698920,17:20:34,7459.33,634043.32,3
2025-10-30T17:20:46.339892,17:20:46,7447.15,633008.17,3
2025-10-30T17:20:58.081007,17:20:58,7434.99,631974.35,3
2025-10-30T17:21:10.037406,17:21:10,7357.88,625420.03,3
2025-10-30T17:21:21.633726,17:21:21,7370.71,626510.42,3
2025-10-30T17:21:33.264556,17:21:33,7386.33,627838.4,3
2025-10-30T17:21:44.854366,17:21:44,7372.09,626628.01,3
2025-10-30T17:21:56.707177,17:21:56,7388.47,628019.83,3
2025-10-30T17:22:08.330899,17:22:08,7409.72,629825.8,3
2025-10-30T17:22:20.148534,17:22:20,7407.31,629621.07,3
2025-10-30T17:22:31.686134,17:22:31,7431.75,631698.87,3
2025-10-30T17:22:43.582763,17:22:43,7395.01,628575.93,3
2025-10-30T17:22:55.410254,17:22:55,7399.37,628946.25,3
2025-10-30T17:23:06.968339,17:23:06,7393.16,628418.36,3
2025-10-30T17:23:18.551416,17:23:18,7377.6,627095.75,3
2025-10-30T17:23:30.087589,17:23:30,7324.76,622604.65,3
2025-10-30T17:23:41.745723,17:23:41,7309.17,621279.67,3
2025-10-30T17:23:53.293098,17:23:53,7307.19,621111.37,3
2025-10-30T17:24:04.924462,17:24:04,7305.0,620924.59,3
2025-10-30T17:24:16.993552,17:24:16,7236.17,615074.14,3
2025-10-30T17:24:28.834151,17:24:28,7221.01,613785.51,3
2025-10-30T17:24:40.426864,17:24:40,7232.14,614731.74,3
2025-10-30T17:24:52.015066,17:24:52,7248.9,616156.41,3
2025-10-30T17:25:04.014252,17:25:04,7250.25,616271.05,3
2025-10-30T17:25:15.616258,17:25:15,7265.79,617591.94,3
2025-10-30T17:25:27.459333,17:25:27,7264.95,617520.82,3
2025-10-30T17:25:39.308078,17:25:39,7273.39,618238.23,3
2025-10-30T17:25:50.965173,17:25:50,7275.03,618377.91,3
2025-10-30T17:26:02.510782,17:26:02,7278.5,618672.11,3
2025-10-30T17:26:14.318071,17:26:14,7327.82,622864.52,3
2025-10-30T17:26:25.894305,17:26:25,7342.89,624145.69,3
2025-10-30T17:26:37.809719,17:26:37,7340.76,623964.59,3
2025-10-30T17:26:49.433359,17:26:49,7335.14,623486.54,3
2025-10-30T17:27:01.875843,17:27:01,7310.34,621378.9,3
2025-10-30T17:27:13.746133,17:27:13,7263.51,617398.57,3
2025-10-30T17:27:25.573130,17:27:25,7273.54,618251.25,3
2025-10-30T17:27:37.786502,17:27:37,7270.98,618033.14,3
2025-10-30T17:27:50.204981,17:27:50,7262.81,617339.13,3
2025-10-30T17:28:02.009982,17:28:02,7264.77,617505.44,3
2025-10-30T17:28:13.648497,17:28:13,7254.34,616618.83,3
2025-10-30T17:28:25.585483,17:28:25,7252.72,616480.96,3
2025-10-30T17:28:37.208304,17:28:37,7261.16,617198.65,3
2025-10-30T17:28:48.870140,17:28:48,7267.03,617697.43,3
2025-10-30T17:29:00.460880,17:29:00,7272.55,618167.16,3
2025-10-30T17:29:12.680441,17:29:12,7272.59,618169.97,3
2025-10-30T17:29:24.242577,17:29:24,7269.19,617880.97,3
2025-10-30T17:29:35.803854,17:29:35,7274.08,618297.16,3
2025-10-30T17:29:47.450465,17:29:47,7265.82,617594.74,3
2025-10-30T17:29:59.693331,17:29:59,7242.85,615642.47,3
2025-10-30T17:30:19.422360,17:30:19,7266.39,617643.36,3
2025-10-30T17:30:33.606220,17:30:33,7286.24,619330.66,3
2025-10-30T17:30:45.608320,17:30:45,7275.09,618382.32,3
2025-10-30T17:30:57.169438,17:30:57,7280.56,618847.45,3
2025-10-30T17:31:09.006103,17:31:09,7298.39,620363.44,3
2025-10-30T17:31:20.624323,17:31:20,7264.8,617507.63,3
2025-10-30T17:31:32.503800,17:31:32,7260.07,617105.89,3
2025-10-30T17:31:44.057618,17:31:44,7292.77,619885.79,3
2025-10-30T17:31:56.067634,17:31:56,7274.68,618347.65,3
2025-10-30T17:32:07.661839,17:32:07,7245.38,615857.59,3
2025-10-30T17:32:19.831888,17:32:19,7237.92,615223.17,3
2025-10-30T17:32:31.435864,17:32:31,7251.22,616353.91,3
2025-10-30T17:32:43.287073,17:32:43,7244.37,615771.21,3
2025-10-30T17:32:55.164501,17:32:55,7235.58,615023.88,3
2025-10-30T17:33:07.019686,17:33:07,7251.3,616360.18,3
2025-10-30T17:33:18.704562,17:33:18,7229.02,614466.38,3
2025-10-30T17:33:30.710328,17:33:30,7188.18,610995.4,3
2025-10-30T17:33:42.777323,17:33:42,7201.4,612119.12,3
2025-10-30T17:33:54.701907,17:33:54,7218.46,613568.74,3
2025-10-30T17:34:06.673192,17:34:06,7234.29,614914.3,3
2025-10-30T17:34:18.542785,17:34:18,7220.8,613768.15,3
2025-10-30T17:34:30.128847,17:34:30,7233.82,614874.47,3
2025-10-30T17:34:41.738419,17:34:41,7262.08,617276.73,3
2025-10-30T17:34:53.665862,17:34:53,7251.38,616367.1,3
2025-10-30T17:35:07.208477,17:35:07,7260.64,617154.14,3
2025-10-30T17:35:20.450230,17:35:20,7247.32,616022.09,3
2025-10-30T17:35:32.380024,17:35:32,7223.8,614022.81,3
2025-10-30T17:35:43.966368,17:35:43,7213.87,613179.36,3
2025-10-30T17:35:55.581878,17:35:55,7232.07,614725.8,3
2025-10-30T17:36:07.185228,17:36:07,7231.51,614678.64,3
2025-10-30T17:36:18.720697,17:36:18,7215.39,613308.2,3
2025-10-30T17:36:30.652250,17:36:30,7238.13,615240.76,3
2025-10-30T17:36:42.507320,17:36:42,7241.82,615554.45,3
2025-10-30T17:36:54.023838,17:36:54,7196.21,611677.99,3
2025-10-30T17:37:06.050326,17:37:06,7178.25,610151.0,3
2025-10-30T17:37:18.407881,17:37:18,7157.77,608410.85,3
2025-10-30T17:37:30.236925,17:37:30,7108.13,604190.93,3
2025-10-30T17:37:41.778786,17:37:41,7088.37,602511.18,3
2025-10-30T17:37:53.342737,17:37:53,7029.21,597482.97,3
2025-10-30T17:38:04.935673,17:38:04,7023.05,596959.46,3
2025-10-30T17:38:16.546013,17:38:16,6991.06,594239.78,3
2025-10-30T17:38:28.507246,17:38:28,6961.1,591693.58,3
2025-10-30T17:38:40.145052,17:38:40,7026.7,597269.78,3
2025-10-30T17:38:51.954162,17:38:51,7014.86,596263.01,3
2025-10-30T17:39:03.573814,17:39:03,6997.05,594749.67,3
2025-10-30T17:39:15.481653,17:39:15,7007.09,595602.24,3
2025-10-30T17:39:27.026960,17:39:27,6956.87,591334.18,3
2025-10-30T17:39:38.926204,17:39:38,6954.61,591141.51,3
2025-10-30T17:39:50.867037,17:39:50,6983.46,593593.74,3
2025-10-30T17:40:05.445826,17:40:05,7028.62,597432.89,3
2025-10-30T17:40:18.356241,17:40:18,7079.19,601731.25,3
2025-10-30T17:40:31.243041,17:40:31,7061.85,600257.1,3
2025-10-30T17:40:43.225270,17:40:43,7058.89,600005.66,3
2025-10-30T17:40:55.063055,17:40:55,7043.97,598737.72,3
2025-10-30T17:41:06.641493,17:41:06,6973.5,592747.69,3
2025-10-30T17:41:18.509936,17:41:18,7008.26,595702.47,3
2025-10-30T17:41:30.120393,17:41:30,7019.39,596647.79,3
2025-10-30T17:41:41.822560,17:41:41,6993.95,594485.46,3
2025-10-30T17:41:53.773808,17:41:53,6938.16,589743.72,3
2025-10-30T17:42:05.981074,17:42:05,6953.14,591017.25,3
2025-10-30T17:42:17.585860,17:42:17,6987.35,593924.64,3
2025-10-30T17:42:29.663973,17:42:29,6991.96,594316.43,3
2025-10-30T17:42:41.206608,17:42:41,6981.2,593401.99,3
2025-10-30T17:42:53.038658,17:42:53,6990.31,594176.35,3
2025-10-30T17:43:04.705615,17:43:04,6987.03,593897.34,3
2025-10-30T17:43:16.245456,17:43:16,7032.1,597728.17,3
2025-10-30T17:43:28.334966,17:43:28,7018.78,596595.96,3
2025-10-30T17:43:39.961971,17:43:39,7010.46,595889.12,3
2025-10-30T17:43:51.857721,17:43:51,7024.72,597100.89,3
2025-10-30T17:44:03.639495,17:44:03,7028.17,597394.12,3
2025-10-30T17:44:15.572308,17:44:15,6968.04,592283.03,3
2025-10-30T17:44:27.159560,17:44:27,6942.59,590119.95,3
2025-10-30T17:44:38.776069,17:44:38,6951.68,590892.59,3
2025-10-30T17:44:50.612708,17:44:50,6959.64,591569.18,3
2025-10-30T17:45:02.483265,17:45:02,6936.76,589624.88,3
2025-10-30T17:45:15.402835,17:45:15,6894.01,585991.09,3
2025-10-30T17:45:27.766233,17:45:27,6885.52,585268.99,3
2025-10-30T17:45:40.379809,17:45:40,6825.45,580163.12,3
2025-10-30T17:45:52.550802,17:45:52,6881.6,584935.98,3
2025-10-30T17:46:04.671839,17:46:04,6869.25,583886.48,3
2025-10-30T17:46:16.411170,17:46:16,6890.51,585693.74,3
2025-10-30T17:46:28.392543,17:46:28,6900.55,586546.72,3
2025-10-30T17:46:40.390137,17:46:40,6900.14,586512.26,3
2025-10-30T17:46:52.655072,17:46:52,6871.48,584075.9,3
2025-10-30T17:47:04.624555,17:47:04,6912.01,587521.1,3
2025-10-30T17:47:16.754228,17:47:16,6939.74,589877.5,3
2025-10-30T17:47:29.132430,17:47:29,6902.87,586744.28,3
2025-10-30T17:47:40.999437,17:47:40,6841.79,581551.91,3
2025-10-30T17:47:53.313525,17:47:53,6823.05,579959.39,3
2025-10-30T17:48:05.362679,17:48:05,6792.47,577360.27,3
2025-10-30T17:48:17.588173,17:48:17,6753.38,574036.95,3
2025-10-30T17:48:30.352806,17:48:30,6784.15,576653.04,3
2025-10-30T17:48:42.738194,17:48:42,6854.82,582659.84,3
2025-10-30T17:48:54.650020,17:48:54,6899.32,586442.13,3
2025-10-30T17:49:06.323850,17:49:06,6888.43,585516.25,3
2025-10-30T17:49:18.229472,17:49:18,6953.79,591071.77,3
2025-10-30T17:49:30.233523,17:49:30,7000.67,595056.8,3
2025-10-30T17:49:42.123041,17:49:42,6980.93,593379.29,3
2025-10-30T17:49:53.686177,17:49:53,6979.95,593295.59,3
2025-10-30T17:50:05.303053,17:50:05,6970.05,592454.59,3
2025-10-30T17:50:17.283998,17:50:17,6953.9,591081.83,3
2025-10-30T17:50:28.946655,17:50:28,6886.33,585337.89,3
2025-10-30T17:50:40.914620,17:50:40,6873.65,584259.83,3
2025-10-30T17:50:53.578548,17:50:53,6868.36,583810.97,3
2025-10-30T17:51:05.798427,17:51:05,6892.35,585849.91,3
2025-10-30T17:51:17.416108,17:51:17,6878.98,584713.06,3
2025-10-30T17:51:29.328134,17:51:29,6830.26,580571.8,3
2025-10-30T17:51:41.727138,17:51:41,6848.32,582107.01,3
2025-10-30T17:51:53.439292,17:51:53,6855.43,582711.77,3
2025-10-30T17:52:05.335446,17:52:05,6814.93,579268.88,3
2025-10-30T17:52:16.924562,17:52:16,6767.47,575234.61,3
2025-10-30T17:52:28.535121,17:52:28,6787.53,576939.67,3
2025-10-30T17:52:40.101239,17:52:40,6793.83,577475.18,3
2025-10-30T17:52:52.037697,17:52:52,6824.09,580047.92,3
2025-10-30T17:53:03.884293,17:53:03,6790.58,577199.45,3
2025-10-30T17:53:15.535467,17:53:15,6708.4,570213.64,3
2025-10-30T17:53:27.063979,17:53:27,6684.88,568215.19,3
2025-10-30T17:53:39.026959,17:53:39,6677.97,567627.04,3
2025-10-30T17:53:50.574540,17:53:50,6670.41,566984.63,3
2025-10-30T17:54:02.417131,17:54:02,6652.0,565419.87,3
2025-10-30T17:54:14.355760,17:54:14,6631.98,563718.72,3
2025-10-30T17:54:26.311808,17:54:26,6606.11,561519.74,3
2025-10-30T17:54:38.238556,17:54:38,6555.54,557221.3,3
2025-10-30T17:54:50.047451,17:54:50,6473.95,550285.57,3
2025-10-30T17:55:02.786685,17:55:02,6456.68,548817.46,3
2025-10-30T17:55:14.353309,17:55:14,6450.92,548328.15,3
2025-10-30T17:55:26.484247,17:55:26,6479.2,550732.17,3
2025-10-30T17:55:38.380828,17:55:38,6478.95,550710.38,3
2025-10-30T17:55:50.505799,17:55:50,6453.62,548557.73,3
2025-10-30T17:56:02.457455,17:56:02,6442.86,547643.14,3
2025-10-30T17:56:14.343118,17:56:14,6279.33,533742.83,3
2025-10-30T17:56:26.441572,17:56:26,6281.57,533933.45,3
2025-10-30T17:56:38.043880,17:56:38,6298.93,535409.09,3
2025-10-30T17:56:49.669097,17:56:49,6386.89,542886.0,3
2025-10-30T17:57:01.540027,17:57:01,6321.77,537350.42,3
2025-10-30T17:57:13.156592,17:57:13,6390.1,543158.36,3
2025-10-30T17:57:24.718586,17:57:24,6358.37,540461.8,3
2025-10-30T17:57:36.326018,17:57:36,6396.94,543739.8,3
2025-10-30T17:57:47.910030,17:57:47,6379.57,542263.68,3
2025-10-30T17:57:59.440357,17:57:59,6326.3,537735.4,3
2025-10-30T17:58:11.056128,17:58:11,6251.86,531407.77,3
2025-10-30T17:58:23.196701,17:58:23,6235.31,530001.46,3
2025-10-30T17:58:34.885934,17:58:34,6265.53,532570.18,3
2025-10-30T17:58:46.484315,17:58:46,6191.74,526297.77,3
2025-10-30T17:58:58.062984,17:58:58,6162.42,523805.65,3
2025-10-30T17:59:09.679819,17:59:09,6210.12,527860.31,3
2025-10-30T17:59:21.238919,17:59:21,6189.78,526131.39,3
2025-10-30T17:59:33.131136,17:59:33,6138.37,521761.87,3
2025-10-30T17:59:44.971345,17:59:44,6219.81,528683.99,3
2025-10-30T17:59:56.624654,17:59:56,6243.32,530682.03,3
2025-10-30T18:00:08.184835,18:00:08,6168.24,524300.53,3
2025-10-30T18:00:19.826618,18:00:19,6222.87,528943.9,3
2025-10-30T18:00:31.362181,18:00:31,6247.76,531059.5,3
2025-10-30T18:00:42.933952,18:00:42,6269.78,532931.36,3
2025-10-30T18:00:54.492121,18:00:54,6236.78,530126.23,3
2025-10-30T18:01:06.056408,18:01:06,6226.99,529293.77,3
2025-10-30T18:01:17.619051,18:01:17,6126.5,520752.51,3
2025-10-30T18:01:29.455049,18:01:29,6059.97,515097.36,3
2025-10-30T18:01:41.270895,18:01:41,6031.52,512679.5,3
2025-10-30T18:01:52.813098,18:01:52,6068.17,515794.22,3
2025-10-30T18:02:04.326396,18:02:04,6143.15,522168.01,3
2025-10-30T18:02:15.879029,18:02:15,6108.92,519258.26,3
2025-10-30T18:02:27.485294,18:02:27,6123.63,520508.91,3
2025-10-30T18:02:39.342834,18:02:39,6183.05,525559.37,3
2025-10-30T18:02:51.135724,18:02:51,6182.61,525521.91,3
2025-10-30T18:03:03.003286,18:03:03,6239.17,530329.7,3
2025-10-30T18:03:14.827878,18:03:14,6253.47,531545.11,3
2025-10-30T18:03:26.920760,18:03:26,6251.46,531373.83,3
2025-10-30T18:03:38.576296,18:03:38,6215.91,528351.98,3
2025-10-30T18:03:50.439171,18:03:50,6223.15,528967.47,3
2025-10-30T18:04:02.598164,18:04:02,6221.8,528853.35,3
2025-10-30T18:04:14.466083,18:04:14,6249.98,531248.23,3
2025-10-30T18:04:26.036346,18:04:26,6236.95,530140.47,3
2025-10-30T18:04:37.567682,18:04:37,6231.07,529641.22,3
2025-10-30T18:04:49.157998,18:04:49,6258.5,531972.87,3
2025-10-30T18:05:01.085082,18:05:01,6321.04,537288.69,3
2025-10-30T18:05:12.865003,18:05:12,6272.02,533121.61,3
2025-10-30T18:05:24.728803,18:05:24,6286.11,534319.35,3
2025-10-30T18:05:36.660742,18:05:36,6241.52,530529.26,3
2025-10-30T18:05:48.268959,18:05:48,6264.62,532492.29,3
2025-10-30T18:05:59.873594,18:05:59,6242.43,530606.38,3
2025-10-30T18:06:11.775231,18:06:11,6219.5,528657.64,3
2025-10-30T18:06:23.412813,18:06:23,6173.74,524768.13,3
2025-10-30T18:06:35.078820,18:06:35,6112.15,519533.03,3
2025-10-30T18:06:46.751393,18:06:46,6151.95,522915.64,3
2025-10-30T18:06:58.416884,18:06:58,6196.24,526680.43,3
2025-10-30T18:07:09.991426,18:07:09,6246.21,530927.76,3
2025-10-30T18:07:21.564721,18:07:21,6294.69,535048.71,3
2025-10-30T18:07:33.167045,18:07:33,6316.12,536870.29,3
2025-10-30T18:07:44.785453,18:07:44,6237.1,530153.74,3
2025-10-30T18:07:56.486649,18:07:56,6238.56,530277.83,3
2025-10-30T18:08:08.608275,18:08:08,6166.92,524187.81,3
2025-10-30T18:08:20.204657,18:08:20,6196.75,526723.62,3
2025-10-30T18:08:32.689750,18:08:32,6222.82,528940.06,3
2025-10-30T18:08:44.678141,18:08:44,6207.75,527658.95,3
2025-10-30T18:08:56.505477,18:08:56,6196.08,526667.05,3
2025-10-30T18:09:08.166578,18:09:08,6190.54,526196.18,3
2025-10-30T18:09:19.753936,18:09:19,6182.27,525492.78,3
2025-10-30T18:09:31.423237,18:09:31,6167.84,524266.46,3
2025-10-30T18:09:43.379739,18:09:43,6073.09,516212.62,3
2025-10-30T18:09:55.067248,18:09:55,6089.93,517643.76,3
2025-10-30T18:10:07.581544,18:10:07,6043.63,513708.91,3
2025-10-30T18:10:20.304300,18:10:20,6076.82,516529.7,3
2025-10-30T18:10:32.798521,18:10:32,6064.05,515444.38,3
2025-10-30T18:10:46.416673,18:10:46,6058.8,514998.09,3
2025-10-30T18:10:59.271100,18:10:59,6023.22,511973.6,3
2025-10-30T18:11:12.202472,18:11:12,6051.41,514369.67,3
2025-10-30T18:11:24.980218,18:11:24,5973.18,507720.49,3
2025-10-30T18:11:37.393677,18:11:37,5889.92,500643.49,3
2025-10-30T18:11:50.934086,18:11:50,5838.76,496294.19,3
2025-10-30T18:12:03.611382,18:12:03,5858.3,497955.87,3
2025-10-30T18:12:16.654316,18:12:16,5863.43,498391.54,3
2025-10-30T18:12:28.969946,18:12:28,5889.53,500610.36,3
2025-10-30T18:12:41.486548,18:12:41,5962.93,506848.93,3
2025-10-30T18:12:55.665915,18:12:55,5889.26,500587.32,3
2025-10-30T18:13:09.257656,18:13:09,5854.58,497639.29,3
2025-10-30T18:13:21.556985,18:13:21,5875.89,499450.78,3
2025-10-30T18:13:33.651212,18:13:33,5834.04,495893.73,3
2025-10-30T18:13:46.783855,18:13:46,5801.29,493109.4,3
2025-10-30T18:13:58.880752,18:13:58,5907.1,502103.87,3
2025-10-30T18:14:13.081606,18:14:13,5897.08,501252.08,3
2025-10-30T18:14:25.432281,18:14:25,5862.87,498343.73,3
2025-10-30T18:14:38.125413,18:14:38,5810.4,493884.19,3
2025-10-30T18:14:49.769889,18:14:49,5802.52,493213.78,3
2025-10-30T18:15:01.632969,18:15:01,5761.8,489753.06,3
2025-10-30T18:15:15.039952,18:15:15,5766.06,490115.16,3
2025-10-30T18:15:27.112499,18:15:27,5757.09,489352.78,3
2025-10-30T18:15:39.296439,18:15:39,5731.15,487147.86,3
2025-10-30T18:15:51.196606,18:15:51,5753.41,489039.48,3
2025-10-30T18:16:02.826526,18:16:02,5714.5,485732.6,3
2025-10-30T18:16:14.764496,18:16:14,5811.37,493966.23,3
2025-10-30T18:16:26.436025,18:16:26,5762.26,489791.72,3
2025-10-30T18:16:38.128049,18:16:38,5789.04,492068.27,3
2025-10-30T18:16:49.711059,18:16:49,5791.71,492295.5,3
2025-10-30T18:17:01.641105,18:17:01,5803.61,493307.22,3
2025-10-30T18:17:13.493526,18:17:13,5774.45,490828.63,3
2025-10-30T18:17:25.068132,18:17:25,5769.59,490414.81,3
2025-10-30T18:17:36.918140,18:17:36,5805.26,493446.87,3
2025-10-30T18:17:48.550130,18:17:48,5790.16,492163.48,3
2025-10-30T18:18:00.487523,18:18:00,5895.02,501076.99,3
2025-10-30T18:18:12.371693,18:18:12,5907.21,502113.03,3
2025-10-30T18:18:24.284182,18:18:24,5892.88,500895.15,3
2025-10-30T18:18:36.419349,18:18:36,5820.72,494761.47,3
2025-10-30T18:18:47.995009,18:18:47,5826.0,495210.21,3
2025-10-30T18:18:59.656032,18:18:59,5839.6,496366.19,3
2025-10-30T18:19:11.501624,18:19:11,5756.64,489314.17,3
2025-10-30T18:19:23.418898,18:19:23,5775.17,490889.58,3
2025-10-30T18:19:35.319433,18:19:35,5744.6,488290.76,3
2025-10-30T18:19:47.212585,18:19:47,5711.45,485473.18,3
2025-10-30T18:19:59.357840,18:19:59,5708.36,485210.39,3
2025-10-30T18:20:11.198305,18:20:11,5777.25,491066.58,3
2025-10-30T18:20:23.438440,18:20:23,5779.68,491272.41,3
2025-10-30T18:20:35.659808,18:20:35,5728.15,486892.44,3
2025-10-30T18:20:47.613381,18:20:47,5784.89,491716.05,3
2025-10-30T18:20:59.169913,18:20:59,5697.49,484286.86,3
2025-10-30T18:21:11.054868,18:21:11,5661.92,481263.32,3
2025-10-30T18:21:22.708577,18:21:22,5637.24,479165.06,3
2025-10-30T18:21:34.440743,18:21:34,5603.57,476303.78,3
2025-10-30T18:21:46.038044,18:21:46,5592.44,475357.47,3
2025-10-30T18:21:58.468158,18:21:58,5582.8,474537.9,3
2025-10-30T18:22:10.284623,18:22:10,5526.72,469771.11,3
2025-10-30T18:22:22.203287,18:22:22,5529.85,470036.87,3
2025-10-30T18:22:34.097012,18:22:34,5616.58,477408.94,3
2025-10-30T18:22:45.743325,18:22:45,5630.24,478570.27,3
2025-10-30T18:22:57.659740,18:22:57,5653.68,480562.87,3
2025-10-30T18:23:09.291805,18:23:09,5682.64,483024.5,3
2025-10-30T18:23:20.925292,18:23:20,5607.02,476596.82,3
2025-10-30T18:23:32.841226,18:23:32,5596.71,475720.6,3
2025-10-30T18:23:44.672199,18:23:44,5630.06,478555.4,3
2025-10-30T18:23:56.520881,18:23:56,5607.79,476662.54,3
2025-10-30T18:24:08.464296,18:24:08,5651.5,480377.74,3
2025-10-30T18:24:20.662921,18:24:20,5603.7,476314.87,3
2025-10-30T18:24:32.355594,18:24:32,5586.58,474859.61,3
2025-10-30T18:24:44.237862,18:24:44,5597.4,475778.58,3
2025-10-30T18:24:55.781711,18:24:55,5591.86,475308.0,3
2025-10-30T18:25:07.381562,18:25:07,5595.08,475581.63,3
2025-10-30T18:25:19.231960,18:25:19,5495.02,467077.04,3
2025-10-30T18:25:30.874701,18:25:30,5632.03,478722.5,3
2025-10-30T18:25:42.424543,18:25:42,5685.5,483267.79,3
2025-10-30T18:25:53.961243,18:25:53,5690.45,483688.43,3
2025-10-30T18:26:05.831960,18:26:05,5696.04,484163.79,3
2025-10-30T18:26:17.453487,18:26:17,5733.81,487374.04,3
2025-10-30T18:26:29.051461,18:26:29,5715.72,485835.82,3
2025-10-30T18:26:40.673955,18:26:40,5734.13,487400.75,3
2025-10-30T18:26:52.339015,18:26:52,5728.36,486910.79,3
2025-10-30T18:27:03.926941,18:27:03,5709.02,485267.01,3
2025-10-30T18:27:15.497442,18:27:15,5653.98,480587.96,3
2025-10-30T18:27:27.417516,18:27:27,5601.81,476154.21,3
2025-10-30T18:27:39.294593,18:27:39,5582.24,474490.44,3
2025-10-30T18:27:51.279847,18:27:51,5572.64,473674.81,3
2025-10-30T18:28:02.927335,18:28:02,5604.57,476388.04,3
2025-10-30T18:28:14.593189,18:28:14,5609.34,476794.31,3
2025-10-30T18:28:26.125115,18:28:26,5613.11,477114.07,3
2025-10-30T18:28:38.017125,18:28:38,5625.73,478187.22,3
2025-10-30T18:28:50.263382,18:28:50,5620.44,477737.18,3
2025-10-30T18:29:02.174281,18:29:02,5592.35,475350.11,3
2025-10-30T18:29:13.801698,18:29:13,5568.32,473307.52,3
2025-10-30T18:29:25.476100,18:29:25,5534.58,470439.46,3
2025-10-30T18:29:37.090600,18:29:37,5528.19,469896.02,3
2025-10-30T18:29:48.955198,18:29:48,5621.17,477799.6,3
2025-10-30T18:30:00.877581,18:30:00,5590.8,475218.18,3
2025-10-30T18:30:13.457340,18:30:13,5540.24,470920.56,3
2025-10-30T18:30:25.833738,18:30:25,5546.41,471444.58,3
2025-10-30T18:30:37.713203,18:30:37,5512.28,468544.13,3
2025-10-30T18:30:49.573519,18:30:49,5521.96,469366.82,3
2025-10-30T18:31:01.136159,18:31:01,5482.5,466012.74,3
2025-10-30T18:31:13.018345,18:31:13,5487.75,466458.35,3
2025-10-30T18:31:24.766785,18:31:24,5498.41,467365.22,3
2025-10-30T18:31:36.829811,18:31:36,5529.46,470004.36,3
2025-10-30T18:31:48.723780,18:31:48,5555.71,472235.52,3
2025-10-30T18:32:00.324010,18:32:00,5525.75,469688.35,3
2025-10-30T18:32:12.237201,18:32:12,5569.45,473403.57,3
2025-10-30T18:32:24.176011,18:32:24,5582.42,474505.55,3
2025-10-30T18:32:36.333724,18:32:36,5635.06,478980.5,3
2025-10-30T18:32:48.251162,18:32:48,5637.22,479163.68,3
2025-10-30T18:33:00.225863,18:33:00,5618.74,477592.9,3
2025-10-30T18:33:12.470919,18:33:12,5628.37,478411.39,3
2025-10-30T18:33:24.477809,18:33:24,5612.15,477032.97,3
2025-10-30T18:33:36.750506,18:33:36,5638.15,479243.1,3
2025-10-30T18:33:48.788894,18:33:48,5631.74,478698.18,3
2025-10-30T18:34:00.977037,18:34:00,5600.92,476078.58,3
2025-10-30T18:34:13.161136,18:34:13,5548.5,471622.46,3
2025-10-30T18:34:24.817174,18:34:24,5577.4,474078.6,3
2025-10-30T18:34:36.414453,18:34:36,5553.88,472079.96,3
2025-10-30T18:34:48.392461,18:34:48,5543.91,471232.08,3
2025-10-30T18:35:00.366723,18:35:00,5631.44,478672.69,3
2025-10-30T18:35:12.047398,18:35:12,5649.19,480181.33,3
2025-10-30T18:35:23.623436,18:35:23,5721.4,486319.32,3
2025-10-30T18:35:35.239581,18:35:35,5789.05,492069.17,3
2025-10-30T18:35:46.860702,18:35:46,5835.5,496017.92,3
2025-10-30T18:35:59.064328,18:35:59,5882.68,500027.81,3
2025-10-30T18:36:11.214877,18:36:11,5871.95,499115.53,3
2025-10-30T18:36:23.165191,18:36:23,5849.78,497231.39,3
2025-10-30T18:36:35.863223,18:36:35,5843.99,496738.74,3
2025-10-30T18:36:47.449247,18:36:47,5884.31,500166.11,3
2025-10-30T18:36:59.011739,18:36:59,5855.53,497719.75,3
2025-10-30T18:37:10.695906,18:37:10,5846.78,496976.63,3
2025-10-30T18:37:22.533730,18:37:22,5917.89,503020.85,3
2025-10-30T18:37:34.778844,18:37:34,5868.3,498805.67,3
2025-10-30T18:37:46.988918,18:37:46,5885.59,500274.98,3
2025-10-30T18:37:58.996941,18:37:58,5871.07,499041.18,3
2025-10-30T18:38:11.189861,18:38:11,5835.37,496006.46,3
2025-10-30T18:38:22.757501,18:38:22,5912.37,502551.61,3
2025-10-30T18:38:34.957047,18:38:34,5927.74,503857.92,3
2025-10-30T18:38:46.860510,18:38:46,5958.71,506490.59,3
2025-10-30T18:38:59.029966,18:38:59,5966.57,507158.57,3
2025-10-30T18:39:10.849855,18:39:10,5919.97,503197.23,3
2025-10-30T18:39:22.407699,18:39:22,5933.65,504360.14,3
2025-10-30T18:39:34.288782,18:39:34,5952.44,505957.51,3
2025-10-30T18:39:45.832057,18:39:45,5905.02,501926.63,3
2025-10-30T18:39:57.676364,18:39:57,5883.47,500094.94,3
2025-10-30T18:40:10.921078,18:40:10,5914.94,502769.99,3
2025-10-30T18:40:23.040816,18:40:23,5890.21,500667.48,3
2025-10-30T18:40:35.543442,18:40:35,5907.32,502122.45,3
2025-10-30T18:40:48.274014,18:40:48,5960.52,506643.79,3
2025-10-30T18:41:00.127920,18:41:00,5963.53,506900.07,3
2025-10-30T18:41:12.039432,18:41:12,5969.29,507390.02,3
2025-10-30T18:41:23.619526,18:41:23,5976.18,507974.9,3
2025-10-30T18:41:35.893093,18:41:35,5986.08,508816.52,3
2025-10-30T18:41:47.919439,18:41:47,5976.59,508009.93,3
2025-10-30T18:41:59.517200,18:41:59,5979.5,508257.13,3
2025-10-30T18:42:11.393772,18:42:11,5994.34,509518.74,3
2025-10-30T18:42:23.380183,18:42:23,6054.18,514604.94,3
2025-10-30T18:42:35.607722,18:42:35,6097.16,518258.52,3
2025-10-30T18:42:47.477999,18:42:47,6094.46,518029.23,3
2025-10-30T18:42:59.336429,18:42:59,6142.6,522121.42,3
2025-10-30T18:43:11.437019,18:43:11,6151.96,522916.29,3
2025-10-30T18:43:23.086329,18:43:23,6097.81,518314.07,3
2025-10-30T18:43:34.942073,18:43:34,6020.23,511719.86,3
2025-10-30T18:43:46.503627,18:43:46,5968.3,507305.57,3
2025-10-30T18:43:58.689889,18:43:58,5954.42,506125.91,3
2025-10-30T18:44:10.754494,18:44:10,5927.56,503842.23,3
2025-10-30T18:44:22.637003,18:44:22,5887.07,500400.62,3
2025-10-30T18:44:34.507381,18:44:34,5887.77,500460.54,3
2025-10-30T18:44:46.348707,18:44:46,5915.28,502799.18,3
2025-10-30T18:44:58.515662,18:44:58,5921.83,503355.87,3
2025-10-30T18:45:10.408434,18:45:10,5937.44,504682.62,3
2025-10-30T18:45:22.531161,18:45:22,5903.62,501807.7,3
2025-10-30T18:45:34.108589,18:45:34,5909.32,502292.07,3
2025-10-30T18:45:45.681223,18:45:45,5906.45,502047.93,3
2025-10-30T18:45:57.599793,18:45:57,5929.52,504009.42,3
2025-10-30T18:46:09.462172,18:46:09,5856.62,497812.91,3
2025-10-30T18:46:21.658430,18:46:21,5814.76,494254.28,3
2025-10-30T18:46:33.518376,18:46:33,5846.1,496918.57,3
2025-10-30T18:46:45.740793,18:46:45,5845.59,496875.2,3
2025-10-30T18:46:57.751762,18:46:57,5862.69,498328.96,3
2025-10-30T18:47:09.736736,18:47:09,5875.82,499444.85,3
2025-10-30T18:47:21.580231,18:47:21,5883.96,500136.61,3
2025-10-30T18:47:33.504583,18:47:33,5832.03,495722.33,3
2025-10-30T18:47:45.358924,18:47:45,5825.06,495130.27,3
2025-10-30T18:47:56.934926,18:47:56,5784.53,491685.39,3
2025-10-30T18:48:08.515148,18:48:08,5754.81,489159.21,3
2025-10-30T18:48:20.039079,18:48:20,5767.92,490273.0,3
2025-10-30T18:48:31.674007,18:48:31,5740.99,487984.51,3
2025-10-30T18:48:43.548758,18:48:43,5764.67,489997.19,3
2025-10-30T18:48:55.412584,18:48:55,5697.84,484316.2,3
2025-10-30T18:49:06.963302,18:49:06,5686.12,483320.62,3
2025-10-30T18:49:18.532887,18:49:18,5715.04,485778.3,3
2025-10-30T18:49:30.633784,18:49:30,5649.03,480167.79,3
2025-10-30T18:49:42.171953,18:49:42,5661.21,481202.81,3
2025-10-30T18:49:54.087459,18:49:54,5715.83,485845.54,3
2025-10-30T18:50:05.950134,18:50:05,5820.49,494741.87,3
2025-10-30T18:50:17.791701,18:50:17,5870.59,498999.86,3
2025-10-30T18:50:29.743601,18:50:29,5905.75,501989.03,3
2025-10-30T18:50:41.288409,18:50:41,5874.32,499317.2,3
2025-10-30T18:50:53.168513,18:50:53,5906.26,502032.45,3
2025-10-30T18:51:05.001058,18:51:05,5882.03,499972.15,3
2025-10-30T18:51:16.937108,18:51:16,5827.81,495363.95,3
2025-10-30T18:51:28.841161,18:51:28,5791.79,492302.12,3
2025-10-30T18:51:40.764411,18:51:40,5785.62,491777.45,3
2025-10-30T18:51:52.740159,18:51:52,5801.23,493104.17,3
2025-10-30T18:52:04.312245,18:52:04,5742.99,488154.34,3
2025-10-30T18:52:16.202420,18:52:16,5749.89,488740.28,3
2025-10-30T18:52:27.725972,18:52:27,5797.08,492751.68,3
2025-10-30T18:52:39.317103,18:52:39,5804.72,493401.37,3
2025-10-30T18:52:51.220777,18:52:51,5801.94,493165.14,3
2025-10-30T18:53:03.151363,18:53:03,5859.3,498040.11,3
2025-10-30T18:53:15.056100,18:53:15,5932.3,504245.13,3
2025-10-30T18:53:26.603882,18:53:26,5921.2,503301.95,3
2025-10-30T18:53:38.437764,18:53:38,5904.17,501854.11,3
2025-10-30T18:53:50.259286,18:53:50,5888.9,500556.72,3
2025-10-30T18:54:02.146025,18:54:02,5871.17,499049.63,3
2025-10-30T18:54:13.753425,18:54:13,5776.7,491019.19,3
2025-10-30T18:54:25.577742,18:54:25,5753.89,489080.95,3
2025-10-30T18:54:37.280898,18:54:37,5697.78,484310.93,3
2025-10-30T18:54:48.817621,18:54:48,5743.56,488202.34,3
2025-10-30T18:55:00.788907,18:55:00,5716.19,485876.47,3
2025-10-30T18:55:12.889663,18:55:12,5763.35,489885.16,3
2025-10-30T18:55:25.076650,18:55:25,5779.84,491286.05,3
2025-10-30T18:55:37.210811,18:55:37,5809.43,493801.67,3
2025-10-30T18:55:49.385666,18:55:49,5862.23,498289.88,3
2025-10-30T18:56:01.543782,18:56:01,5870.59,498999.93,3
2025-10-30T18:56:13.716351,18:56:13,5860.16,498113.19,3
2025-10-30T18:56:25.305350,18:56:25,5824.72,495100.91,3
2025-10-30T18:56:36.848400,18:56:36,5708.39,485213.18,3
2025-10-30T18:56:48.682993,18:56:48,5682.08,482977.03,3
2025-10-30T18:57:00.595946,18:57:00,5734.54,487435.82,3
2025-10-30T18:57:12.124134,18:57:12,5750.32,488777.0,3
2025-10-30T18:57:23.747161,18:57:23,5726.02,486711.58,3
2025-10-30T18:57:36.168109,18:57:36,5759.05,489519.59,3
2025-10-30T18:57:47.759888,18:57:47,5779.4,491249.42,3
2025-10-30T18:57:59.360193,18:57:59,5787.29,491919.68,3
2025-10-30T18:58:11.614447,18:58:11,5820.82,494769.61,3
2025-10-30T18:58:23.554284,18:58:23,5848.44,497117.11,3
2025-10-30T18:58:35.138459,18:58:35,5881.15,499898.06,3
2025-10-30T18:58:46.725409,18:58:46,5899.16,501428.66,3
2025-10-30T18:58:58.897492,18:58:58,5901.41,501619.91,3
2025-10-30T18:59:10.803151,18:59:10,5933.84,504376.45,3
2025-10-30T18:59:22.658950,18:59:22,5937.87,504719.0,3
2025-10-30T18:59:34.891654,18:59:34,5910.46,502388.83,3
2025-10-30T18:59:47.160239,18:59:47,5916.29,502884.29,3
2025-10-30T18:59:59.652234,18:59:59,5892.35,500849.36,3
2025-10-30T19:00:11.221285,19:00:11,5865.07,498530.65,3
2025-10-30T19:00:23.454910,19:00:23,5894.28,501013.55,3
2025-10-30T19:00:35.076909,19:00:35,5866.43,498646.95,3
2025-10-30T19:00:46.613286,19:00:46,5836.47,496099.74,3
2025-10-30T19:00:58.231123,19:00:58,5882.04,499973.39,3
2025-10-30T19:01:10.413672,19:01:10,5929.28,503989.1,3
2025-10-30T19:01:22.568123,19:01:22,5929.66,504020.73,3
2025-10-30T19:01:34.434064,19:01:34,5886.26,500332.3,3
2025-10-30T19:01:46.366409,19:01:46,5941.23,505004.73,3
2025-10-30T19:01:58.255441,19:01:58,5940.05,504903.85,3
2025-10-30T19:02:09.991779,19:02:09,5810.48,493890.95,3
2025-10-30T19:02:21.568480,19:02:21,5858.06,497935.03,3
2025-10-30T19:02:33.477846,19:02:33,5896.24,501180.79,3
2025-10-30T19:02:45.098146,19:02:45,5912.68,502577.43,3
2025-10-30T19:02:57.284440,19:02:57,5922.11,503379.4,3
2025-10-30T19:03:09.185551,19:03:09,5916.23,502879.2,3
2025-10-30T19:03:21.214805,19:03:21,5953.69,506063.57,3
2025-10-30T19:03:32.885259,19:03:32,5886.3,500335.34,3
2025-10-30T19:03:44.826214,19:03:44,5942.56,505117.6,3
2025-10-30T19:03:56.825294,19:03:56,5938.84,504801.38,3
2025-10-30T19:04:08.441467,19:04:08,5923.39,503488.56,3
2025-10-30T19:04:20.364284,19:04:20,5997.18,509760.21,3
2025-10-30T19:04:31.909860,19:04:31,6105.53,518970.1,3
2025-10-30T19:04:43.539642,19:04:43,6006.44,510547.23,3
2025-10-30T19:04:55.162694,19:04:55,6009.38,510797.45,3
2025-10-30T19:05:07.083309,19:05:07,5876.23,499479.59,3
2025-10-30T19:05:18.950005,19:05:18,5902.83,501740.59,3
2025-10-30T19:05:30.572174,19:05:30,5822.18,494885.7,3
2025-10-30T19:05:42.804094,19:05:42,5796.37,492691.37,3
2025-10-30T19:05:54.416296,19:05:54,5822.47,494909.77,3
2025-10-30T19:06:06.263346,19:06:06,5809.46,493803.85,3
2025-10-30T19:06:18.207713,19:06:18,5820.03,494702.15,3
2025-10-30T19:06:29.831463,19:06:29,5852.51,497463.1,3
2025-10-30T19:06:41.448481,19:06:41,5678.97,482712.21,3
2025-10-30T19:06:53.054554,19:06:53,5688.48,483521.05,3
2025-10-30T19:07:04.706107,19:07:04,5733.36,487335.3,3
2025-10-30T19:07:16.326286,19:07:16,5769.44,490402.5,3
2025-10-30T19:07:28.595922,19:07:28,5754.63,489143.78,3
2025-10-30T19:07:40.491749,19:07:40,5678.07,482636.01,3
2025-10-30T19:07:52.214230,19:07:52,5548.06,471584.83,3
2025-10-30T19:08:04.992575,19:08:04,5529.09,469972.92,3
2025-10-30T19:08:17.035817,19:08:17,5669.23,481884.66,3
2025-10-30T19:08:29.478925,19:08:29,5506.31,468036.41,3
2025-10-30T19:08:41.322721,19:08:41,5271.48,448075.55,3
2025-10-30T19:08:54.124887,19:08:54,5201.24,442105.36,3
2025-10-30T19:09:06.304674,19:09:06,5221.34,443814.11,3
2025-10-30T19:09:19.348316,19:09:19,5356.82,455329.82,3
2025-10-30T19:09:32.114366,19:09:32,5441.62,462538.06,3
2025-10-30T19:09:44.136085,19:09:44,5439.62,462367.78,3
2025-10-30T19:09:55.825359,19:09:55,5356.82,455329.9,3
2025-10-30T19:10:09.339876,19:10:09,5295.0,450075.06,3
2025-10-30T19:10:21.106828,19:10:21,5320.24,452220.47,3
2025-10-30T19:10:34.010927,19:10:34,5122.02,435371.75,3
2025-10-30T19:10:46.026351,19:10:46,5095.73,433136.81,3
2025-10-30T19:10:57.894030,19:10:57,5088.3,432505.29,3
2025-10-30T19:11:10.912277,19:11:10,5205.74,442487.92,3
2025-10-30T19:11:22.492167,19:11:22,5217.42,443481.12,3
2025-10-30T19:11:34.801869,19:11:34,5238.18,445245.45,3
2025-10-30T19:11:47.449674,19:11:47,5195.49,441616.38,3
2025-10-30T19:11:59.481954,19:11:59,5067.74,430757.49,3
2025-10-30T19:12:11.515246,19:12:11,4928.98,418963.37,3
2025-10-30T19:12:24.196409,19:12:24,5009.6,425815.92,3
2025-10-30T19:12:36.219367,19:12:36,4984.76,423704.49,3
2025-10-30T19:12:48.172561,19:12:48,4947.95,420575.71,3
2025-10-30T19:13:01.289957,19:13:01,4959.94,421594.9,3
2025-10-30T19:13:12.969622,19:13:12,4927.94,418874.68,3
2025-10-30T19:13:25.934632,19:13:25,5028.6,427431.15,3
2025-10-30T19:13:38.088221,19:13:38,5094.39,433023.5,3
2025-10-30T19:13:50.130146,19:13:50,5076.4,431493.69,3
2025-10-30T19:14:01.860414,19:14:01,5097.9,433321.55,3
2025-10-30T19:14:14.376221,19:14:14,4943.48,420195.54,3
2025-10-30T19:14:26.193247,19:14:26,4895.35,416104.36,3
2025-10-30T19:14:37.747740,19:14:37,4911.84,417506.66,3
2025-10-30T19:14:49.711542,19:14:49,4885.02,415226.77,3
2025-10-30T19:15:02.067871,19:15:02,4901.09,416593.04,3
2025-10-30T19:15:13.730568,19:15:13,4850.83,412320.63,3
2025-10-30T19:15:25.683084,19:15:25,4901.36,416615.52,3
2025-10-30T19:15:37.589018,19:15:37,5060.04,430103.06,3
2025-10-30T19:15:49.542786,19:15:49,4994.43,424526.93,3
2025-10-30T19:16:01.447988,19:16:01,5104.98,433923.52,3
2025-10-30T19:16:13.337428,19:16:13,5236.24,445080.0,3
2025-10-30T19:16:25.228088,19:16:25,5348.3,454605.53,3
2025-10-30T19:16:37.090231,19:16:37,5336.96,453641.49,3
2025-10-30T19:16:49.289706,19:16:49,5263.51,447398.18,3
2025-10-30T19:17:01.227967,19:17:01,5294.03,449992.49,3
2025-10-30T19:17:13.395783,19:17:13,5196.61,441712.19,3
2025-10-30T19:17:25.018766,19:17:25,5147.43,437531.4,3
2025-10-30T19:17:37.178697,19:17:37,5184.38,440672.3,3
2025-10-30T19:17:49.413056,19:17:49,5152.05,437924.07,3
2025-10-30T19:18:01.019878,19:18:01,5174.76,439854.2,3
2025-10-30T19:18:13.124132,19:18:13,5273.11,448213.93,3
2025-10-30T19:18:25.007125,19:18:25,5376.95,457040.95,3
2025-10-30T19:18:36.567899,19:18:36,5331.32,453161.87,3
2025-10-30T19:18:48.223473,19:18:48,5351.16,454848.75,3
2025-10-30T19:19:00.197178,19:19:00,5351.49,454876.71,3
2025-10-30T19:19:12.361886,19:19:12,5368.98,456363.37,3
2025-10-30T19:19:24.589746,19:19:24,5395.31,458601.63,3
2025-10-30T19:19:36.623226,19:19:36,5357.74,455408.31,3
2025-10-30T19:19:48.159695,19:19:48,5335.39,453508.13,3
2025-10-30T19:20:00.320535,19:20:00,5323.88,452529.9,3
2025-10-30T19:20:11.973082,19:20:11,5486.12,466320.55,3
2025-10-30T19:20:23.788665,19:20:23,5527.47,469834.92,3
2025-10-30T19:20:35.398491,19:20:35,5554.67,472146.86,3
2025-10-30T19:20:47.540647,19:20:47,5572.56,473667.8,3
2025-10-30T19:20:59.691892,19:20:59,5591.52,475278.78,3
2025-10-30T19:21:12.020669,19:21:12,5532.93,470298.77,3
2025-10-30T19:21:23.854711,19:21:23,5545.25,471346.46,3
2025-10-30T19:21:35.490911,19:21:35,5526.34,469738.68,3
2025-10-30T19:21:47.585871,19:21:47,5502.8,467737.86,3
2025-10-30T19:21:59.448377,19:21:59,5473.55,465251.77,3
2025-10-30T19:22:11.008998,19:22:11,5511.8,468503.34,3
2025-10-30T19:22:22.561761,19:22:22,5536.08,470566.65,3
2025-10-30T19:22:34.497677,19:22:34,5559.54,472560.82,3
2025-10-30T19:22:46.075633,19:22:46,5551.61,471887.19,3
2025-10-30T19:22:57.796981,19:22:57,5558.03,472432.35,3
2025-10-30T19:23:09.701036,19:23:09,5452.49,463462.07,3
2025-10-30T19:23:21.630226,19:23:21,5407.36,459625.93,3
2025-10-30T19:23:33.169178,19:23:33,5365.6,456075.91,3
2025-10-30T19:23:44.720588,19:23:44,5364.51,455983.52,3
2025-10-30T19:23:56.624270,19:23:56,5415.38,460307.33,3
2025-10-30T19:24:08.155746,19:24:08,5418.74,460592.75,3
2025-10-30T19:24:19.962822,19:24:19,5584.4,474674.28,3
2025-10-30T19:24:31.570198,19:24:31,5627.61,478346.52,3
2025-10-30T19:24:43.502477,19:24:43,5731.9,487211.41,3
2025-10-30T19:24:55.122459,19:24:55,5845.12,496835.5,3
2025-10-30T19:25:07.001570,19:25:07,5801.77,493150.14,3
2025-10-30T19:25:18.881238,19:25:18,5729.75,487028.35,3
2025-10-30T19:25:30.751809,19:25:30,5668.12,481790.38,3
2025-10-30T19:25:42.739357,19:25:42,5649.36,480195.95,3
2025-10-30T19:25:54.935584,19:25:54,5618.41,477564.72,3
2025-10-30T19:26:06.951000,19:26:06,5613.46,477143.76,3
2025-10-30T19:26:19.124399,19:26:19,5623.61,478007.2,3
2025-10-30T19:26:31.255041,19:26:31,5562.14,472781.75,3
2025-10-30T19:26:43.119363,19:26:43,5546.11,471419.65,3
2025-10-30T19:26:54.754391,19:26:54,5566.67,473166.88,3
2025-10-30T19:27:06.586176,19:27:06,5582.93,474549.2,3
2025-10-30T19:27:18.186164,19:27:18,5616.36,477390.54,3
2025-10-30T19:27:30.033750,19:27:30,5436.05,462064.1,3
2025-10-30T19:27:42.189162,19:27:42,5449.63,463218.92,3
2025-10-30T19:27:53.826781,19:27:53,5250.98,446333.23,3
2025-10-30T19:28:05.418051,19:28:05,5366.78,456176.06,3
2025-10-30T19:28:17.580972,19:28:17,5446.76,462974.35,3
2025-10-30T19:28:29.487188,19:28:29,5469.37,464896.23,3
2025-10-30T19:28:41.436178,19:28:41,5497.73,467306.67,3
2025-10-30T19:28:53.652314,19:28:53,5495.64,467129.75,3
2025-10-30T19:29:05.585930,19:29:05,5445.64,462879.47,3
2025-10-30T19:29:17.883017,19:29:17,5407.59,459645.34,3
2025-10-30T19:29:29.785693,19:29:29,5418.65,460585.26,3
2025-10-30T19:29:41.778699,19:29:41,5333.77,453370.24,3
2025-10-30T19:29:53.456603,19:29:53,5315.64,451829.35,3
2025-10-30T19:30:05.055031,19:30:05,5314.16,451703.74,3
2025-10-30T19:30:16.657004,19:30:16,5343.26,454177.39,3
2025-10-30T19:30:28.596251,19:30:28,5495.81,467143.81,3
2025-10-30T19:30:40.246022,19:30:40,5448.13,463091.01,3
2025-10-30T19:30:52.122509,19:30:52,5552.54,471965.82,3
2025-10-30T19:31:04.280196,19:31:04,5557.26,472367.19,3
2025-10-30T19:31:15.897983,19:31:15,5594.23,475509.92,3
2025-10-30T19:31:27.470194,19:31:27,5579.73,474276.78,3
2025-10-30T19:31:39.045304,19:31:39,5590.07,475156.04,3
2025-10-30T19:31:50.754481,19:31:50,5651.36,480365.89,3
2025-10-30T19:32:03.269098,19:32:03,5654.18,480605.17,3
2025-10-30T19:32:14.862607,19:32:14,5582.18,474485.41,3
2025-10-30T19:32:26.729180,19:32:26,5588.39,475013.46,3
2025-10-30T19:32:38.741659,19:32:38,5561.41,472719.46,3
2025-10-30T19:32:50.310184,19:32:50,5613.91,477182.6,3
2025-10-30T19:33:02.204047,19:33:02,5582.77,474535.67,3
2025-10-30T19:33:14.163978,19:33:14,5659.45,481053.67,3
2025-10-30T19:33:25.756493,19:33:25,5584.5,474682.75,3
2025-10-30T19:33:37.635764,19:33:37,5612.33,477047.77,3
2025-10-30T19:33:49.290814,19:33:49,5614.61,477241.66,3
2025-10-30T19:34:01.493086,19:34:01,5711.67,485491.79,3
2025-10-30T19:34:13.665671,19:34:13,5769.2,490382.31,3
2025-10-30T19:34:25.551232,19:34:25,5786.47,491849.81,3
2025-10-30T19:34:37.768758,19:34:37,5767.01,490196.23,3
2025-10-30T19:34:49.448463,19:34:49,5691.02,483736.75,3
2025-10-30T19:35:01.380715,19:35:01,5674.0,482289.99,3
2025-10-30T19:35:13.819190,19:35:13,5716.27,485883.28,3
2025-10-30T19:35:25.736022,19:35:25,5795.54,492620.82,3
2025-10-30T19:35:37.371049,19:35:37,5905.64,501979.4,3
2025-10-30T19:35:49.042252,19:35:49,6027.98,512378.4,3
2025-10-30T19:36:00.670194,19:36:00,6155.24,523195.78,3
2025-10-30T19:36:12.820090,19:36:12,6127.28,520818.39,3
2025-10-30T19:36:25.263473,19:36:25,6100.44,518537.22,3
2025-10-30T19:36:37.569026,19:36:37,6072.15,516132.67,3
2025-10-30T19:36:49.218804,19:36:49,5998.99,509914.56,3
2025-10-30T19:37:01.101953,19:37:01,5999.2,509932.23,3
2025-10-30T19:37:13.374776,19:37:13,6060.36,515130.25,3
2025-10-30T19:37:25.231215,19:37:25,6096.44,518197.07,3
2025-10-30T19:37:37.125269,19:37:37,6011.98,511018.62,3
2025-10-30T19:37:49.075229,19:37:49,5988.28,509003.77,3
2025-10-30T19:38:01.282123,19:38:01,5893.9,500981.09,3
2025-10-30T19:38:13.505342,19:38:13,5860.45,498138.08,3
2025-10-30T19:38:25.486564,19:38:25,5946.37,505441.3,3
2025-10-30T19:38:37.411190,19:38:37,5995.08,509581.98,3
2025-10-30T19:38:49.308552,19:38:49,5921.09,503292.92,3
2025-10-30T19:39:01.308433,19:39:01,5810.02,493851.74,3
2025-10-30T19:39:12.935083,19:39:12,5818.73,494591.71,3
2025-10-30T19:39:25.112499,19:39:25,5818.81,494598.48,3
2025-10-30T19:39:37.354670,19:39:37,5824.05,495044.43,3
2025-10-30T19:39:49.256046,19:39:49,5794.27,492512.57,3
2025-10-30T19:40:00.847534,19:40:00,5739.81,487884.0,3
2025-10-30T19:40:12.779193,19:40:12,5666.33,481638.37,3
2025-10-30T19:40:24.497946,19:40:24,5704.14,484851.99,3
2025-10-30T19:40:36.674746,19:40:36,5672.55,482167.1,3
2025-10-30T19:40:48.578757,19:40:48,5709.75,485329.04,3
2025-10-30T19:41:01.364653,19:41:01,5733.98,487388.63,3
2025-10-30T19:41:13.597851,19:41:13,5779.33,491243.21,3
2025-10-30T19:41:25.225151,19:41:25,5834.42,495925.95,3
2025-10-30T19:41:37.201296,19:41:37,5877.11,499554.56,3
2025-10-30T19:41:48.899507,19:41:48,5818.36,494560.58,3
2025-10-30T19:42:01.156636,19:42:01,5810.98,493933.69,3
2025-10-30T19:42:13.144666,19:42:13,5824.14,495051.97,3
2025-10-30T19:42:25.039261,19:42:25,5873.9,499281.55,3
2025-10-30T19:42:37.282431,19:42:37,5782.44,491507.02,3
2025-10-30T19:42:49.870961,19:42:49,5826.87,495283.54,3
2025-10-30T19:43:02.138881,19:43:02,5727.71,486855.58,3
2025-10-30T19:43:14.381241,19:43:14,5732.65,487275.56,3
2025-10-30T19:43:26.293337,19:43:26,5653.4,480539.38,3
2025-10-30T19:43:37.921191,19:43:37,5776.35,490989.42,3
2025-10-30T19:43:50.135744,19:43:50,5815.23,494294.56,3
2025-10-30T19:44:02.108203,19:44:02,5815.75,494338.57,3
2025-10-30T19:44:13.786374,19:44:13,5785.68,491783.16,3
2025-10-30T19:44:25.815923,19:44:25,5795.9,492651.67,3
2025-10-30T19:44:38.392273,19:44:38,5839.42,496350.97,3
2025-10-30T19:44:50.358306,19:44:50,6018.03,511532.91,3
2025-10-30T19:45:02.383505,19:45:02,6013.6,511156.04,3
2025-10-30T19:45:14.292419,19:45:14,6016.57,511408.63,3
2025-10-30T19:45:26.213041,19:45:26,6000.15,510012.55,3
2025-10-30T19:45:37.869497,19:45:37,5932.72,504281.61,3
2025-10-30T19:45:49.509590,19:45:49,5922.83,503440.58,3
2025-10-30T19:46:01.491023,19:46:01,5937.41,504680.09,3
2025-10-30T19:46:13.128132,19:46:13,6024.26,512062.19,3
2025-10-30T19:46:24.764043,19:46:24,5992.73,509381.73,3
2025-10-30T19:46:36.698089,19:46:36,5943.02,505157.01,3
2025-10-30T19:46:48.619915,19:46:48,5905.55,501971.69,3
2025-10-30T19:47:00.287811,19:47:00,5902.31,501696.23,3
2025-10-30T19:47:12.006872,19:47:12,5852.78,497486.29,3
2025-10-30T19:47:23.788641,19:47:23,5838.61,496281.43,3
2025-10-30T19:47:35.433726,19:47:35,5850.07,497256.17,3
2025-10-30T19:47:47.723442,19:47:47,5821.28,494808.66,3
2025-10-30T19:47:59.394764,19:47:59,5813.28,494128.92,3
2025-10-30T19:48:11.369151,19:48:11,5841.52,496528.78,3
2025-10-30T19:48:23.293276,19:48:23,5834.79,495957.29,3
2025-10-30T19:48:35.231980,19:48:35,5851.87,497409.25,3
2025-10-30T19:48:47.011316,19:48:47,5841.71,496545.65,3
2025-10-30T19:48:59.291867,19:48:59,5924.46,503578.74,3
2025-10-30T19:49:11.212593,19:49:11,5847.26,497017.22,3
2025-10-30T19:49:23.284635,19:49:23,5855.29,497699.56,3
2025-10-30T19:49:34.911289,19:49:34,5870.65,499005.63,3
2025-10-30T19:49:46.602585,19:49:46,5872.43,499156.88,3
2025-10-30T19:49:58.276295,19:49:58,5818.41,494564.98,3
2025-10-30T19:50:10.452851,19:50:10,5803.12,493265.31,3
2025-10-30T19:50:22.370208,19:50:22,5820.22,494718.52,3
2025-10-30T19:50:34.072583,19:50:34,5776.66,491016.38,3
2025-10-30T19:50:45.692961,19:50:45,5771.41,490569.92,3
2025-10-30T19:50:57.937942,19:50:57,5730.74,487113.22,3
2025-10-30T19:51:10.127031,19:51:10,5720.34,486228.61,3
2025-10-30T19:51:21.738931,19:51:21,5795.77,492640.13,3
2025-10-30T19:51:33.981171,19:51:33,5859.41,498049.76,3
2025-10-30T19:51:45.913928,19:51:45,5842.18,496585.18,3
2025-10-30T19:51:57.538561,19:51:57,5870.34,498979.05,3
2025-10-30T19:52:09.479497,19:52:09,5872.24,499140.26,3
2025-10-30T19:52:21.678333,19:52:21,6013.22,511124.11,3
2025-10-30T19:52:33.624331,19:52:33,5923.74,503517.92,3
2025-10-30T19:52:45.891889,19:52:45,5947.24,505515.29,3
2025-10-30T19:52:57.790633,19:52:57,5933.82,504374.74,3
2025-10-30T19:53:09.394590,19:53:09,5799.08,492922.08,3
2025-10-30T19:53:21.352561,19:53:21,5794.54,492536.14,3
2025-10-30T19:53:33.544784,19:53:33,5738.51,487772.98,3
2025-10-30T19:53:45.526927,19:53:45,5726.45,486748.4,3
2025-10-30T19:53:57.446434,19:53:57,5718.99,486114.43,3
2025-10-30T19:54:09.335258,19:54:09,5655.97,480757.86,3
2025-10-30T19:54:21.626415,19:54:21,5774.21,490808.18,3
2025-10-30T19:54:33.560084,19:54:33,5788.73,492042.01,3
2025-10-30T19:54:45.189878,19:54:45,5790.83,492220.48,3
2025-10-30T19:54:57.053802,19:54:57,5761.65,489739.9,3
2025-10-30T19:55:09.208986,19:55:09,5782.7,491529.57,3
2025-10-30T19:55:20.809646,19:55:20,5817.34,494473.55,3
2025-10-30T19:55:32.701575,19:55:32,5837.88,496219.53,3
2025-10-30T19:55:44.268767,19:55:44,5824.13,495051.0,3
2025-10-30T19:55:55.909813,19:55:55,5785.61,491776.72,3
2025-10-30T19:56:08.045555,19:56:08,5828.43,495416.79,3
2025-10-30T19:56:20.287453,19:56:20,5827.37,495326.37,3
2025-10-30T19:56:32.153414,19:56:32,5848.85,497152.4,3
2025-10-30T19:56:44.028868,19:56:44,5837.04,496148.78,3
2025-10-30T19:56:56.276755,19:56:56,5880.25,499821.46,3
2025-10-30T19:57:08.708955,19:57:08,5902.85,501742.31,3
2025-10-30T19:57:21.206224,19:57:21,5900.59,501550.31,3
2025-10-30T19:57:33.109541,19:57:33,5901.35,501614.75,3
2025-10-30T19:57:44.713903,19:57:44,5868.43,498816.5,3
2025-10-30T19:57:56.299526,19:57:56,5850.36,497280.3,3
2025-10-30T19:58:07.914369,19:58:07,5813.05,494109.15,3
2025-10-30T19:58:20.087454,19:58:20,5824.02,495041.52,3
2025-10-30T19:58:32.275478,19:58:32,5829.15,495478.09,3
2025-10-30T19:58:44.202076,19:58:44,5874.98,499372.96,3
2025-10-30T19:58:56.072764,19:58:56,5908.53,502224.68,3
2025-10-30T19:59:08.287823,19:59:08,5880.16,499813.81,3
2025-10-30T19:59:20.137837,19:59:20,5865.6,498575.79,3
2025-10-30T19:59:32.009761,19:59:32,5833.3,495830.11,3
2025-10-30T19:59:44.242703,19:59:44,5834.39,495922.97,3
2025-10-30T19:59:56.097440,19:59:56,5878.36,499660.48,3
2025-10-30T20:00:08.415504,20:00:08,5990.13,509161.44,3
2025-10-30T20:00:20.384751,20:00:20,6009.08,510771.46,3
2025-10-30T20:00:32.598102,20:00:32,5917.41,502980.21,3
2025-10-30T20:00:44.598454,20:00:44,5956.88,506334.77,3
2025-10-30T20:00:56.468606,20:00:56,5942.24,505090.42,3
2025-10-30T20:01:08.184164,20:01:08,5946.2,505426.84,3
2025-10-30T20:01:20.102326,20:01:20,5911.64,502489.31,3
2025-10-30T20:01:31.777775,20:01:31,5927.64,503849.37,3
2025-10-30T20:01:43.656781,20:01:43,5948.68,505637.45,3
2025-10-30T20:01:55.635190,20:01:55,6050.4,514283.79,3
2025-10-30T20:02:07.290713,20:02:07,6085.98,517308.54,3
2025-10-30T20:02:18.864269,20:02:18,6008.94,510760.24,3
2025-10-30T20:02:31.026832,20:02:31,5959.79,506582.1,3
2025-10-30T20:02:42.605148,20:02:42,5958.58,506479.05,3
2025-10-30T20:02:54.489023,20:02:54,5956.87,506333.72,3
2025-10-30T20:03:06.789105,20:03:06,5967.38,507227.42,3
2025-10-30T20:03:19.365018,20:03:19,5961.06,506689.7,3
2025-10-30T20:03:31.249563,20:03:31,5975.19,507891.54,3
2025-10-30T20:03:42.876308,20:03:42,5874.71,499350.74,3
2025-10-30T20:03:54.828455,20:03:54,5841.54,496530.52,3
2025-10-30T20:04:06.576265,20:04:06,5907.8,502163.23,3
2025-10-30T20:04:18.775452,20:04:18,5953.84,506076.25,3
2025-10-30T20:04:30.993028,20:04:30,5997.8,509813.33,3
2025-10-30T20:04:42.618888,20:04:42,5948.92,505658.09,3
2025-10-30T20:04:54.492699,20:04:54,5951.64,505889.69,3
2025-10-30T20:05:06.683093,20:05:06,5995.06,509580.15,3
2025-10-30T20:05:18.884380,20:05:18,6079.73,516776.67,3
2025-10-30T20:05:30.771637,20:05:30,6107.33,519123.05,3
2025-10-30T20:05:42.681077,20:05:42,6074.32,516317.62,3
2025-10-30T20:05:54.915215,20:05:54,6033.44,512842.35,3
2025-10-30T20:06:07.391612,20:06:07,5973.59,507755.55,3
2025-10-30T20:06:19.958633,20:06:19,5974.59,507839.88,3
2025-10-30T20:06:32.431488,20:06:32,6047.77,514060.58,3
2025-10-30T20:06:44.720457,20:06:44,6128.6,520930.83,3
2025-10-30T20:06:56.637836,20:06:56,6186.44,525847.3,3
2025-10-30T20:07:09.615142,20:07:09,6084.58,517188.97,3
2025-10-30T20:07:21.794640,20:07:21,6059.91,515092.09,3
2025-10-30T20:07:33.408463,20:07:33,6066.42,515645.39,3
2025-10-30T20:07:45.017976,20:07:45,6124.42,520575.7,3
2025-10-30T20:07:57.327258,20:07:57,6165.87,524099.31,3
2025-10-30T20:08:09.462038,20:08:09,6216.23,528379.59,3
2025-10-30T20:08:21.348498,20:08:21,6166.58,524159.27,3
2025-10-30T20:08:33.256181,20:08:33,6208.17,527694.23,3
2025-10-30T20:08:44.889209,20:08:44,6222.9,528946.27,3
2025-10-30T20:08:56.576666,20:08:56,6189.96,526146.28,3
2025-10-30T20:09:08.466883,20:09:08,6175.21,524892.89,3
2025-10-30T20:09:20.084320,20:09:20,6186.41,525844.99,3
2025-10-30T20:09:32.086753,20:09:32,6078.55,516676.5,3
2025-10-30T20:09:43.717866,20:09:43,6075.03,516377.35,3
2025-10-30T20:09:55.464148,20:09:55,6057.95,514926.03,3
2025-10-30T20:10:07.441748,20:10:07,6132.97,521302.64,3
2025-10-30T20:10:18.986448,20:10:18,6092.57,517868.34,3
2025-10-30T20:10:30.644083,20:10:30,6099.35,518444.68,3
2025-10-30T20:10:42.277204,20:10:42,6145.56,522372.8,3
2025-10-30T20:10:54.127741,20:10:54,6177.25,525066.43,3
2025-10-30T20:11:07.227499,20:11:07,6170.84,524521.06,3
2025-10-30T20:11:19.717227,20:11:19,6132.11,521229.77,3
2025-10-30T20:11:31.660070,20:11:31,6174.13,524801.28,3
2025-10-30T20:11:43.607173,20:11:43,6169.24,524385.72,3
2025-10-30T20:11:55.739998,20:11:55,6241.96,530566.58,3
2025-10-30T20:12:08.534567,20:12:08,6241.45,530523.4,3
2025-10-30T20:12:20.141040,20:12:20,6334.3,538415.8,3
2025-10-30T20:12:33.246544,20:12:33,6382.29,542495.0,3
2025-10-30T20:12:45.254201,20:12:45,6389.16,543078.42,3
2025-10-30T20:12:58.409613,20:12:58,6405.87,544498.89,3
2025-10-30T20:13:28.523721,20:13:28,6392.85,543392.67,3
2025-10-30T20:13:40.086790,20:13:40,6416.0,545360.1,3
2025-10-30T20:13:51.769400,20:13:51,6392.59,543369.85,3
2025-10-30T20:14:04.404109,20:14:04,6405.03,544427.74,3
2025-10-30T20:14:16.712749,20:14:16,6433.98,546888.09,3
2025-10-30T20:14:28.783582,20:14:28,6452.72,548481.24,3
2025-10-30T20:14:40.789321,20:14:40,6432.72,546781.33,3
2025-10-30T20:14:53.462188,20:14:53,6440.05,547404.18,3
2025-10-30T20:15:06.330559,20:15:06,6387.69,542953.95,3
2025-10-30T20:15:18.216115,20:15:18,6404.78,544406.14,3
2025-10-30T20:15:30.492679,20:15:30,6381.05,542389.59,3
2025-10-30T20:15:42.144626,20:15:42,6313.99,536689.0,3
2025-10-30T20:15:53.803526,20:15:53,6256.32,531787.11,3
2025-10-30T20:16:06.352065,20:16:06,6247.07,531001.14,3
2025-10-30T20:16:18.466986,20:16:18,6202.04,527173.26,3
2025-10-30T20:16:30.650886,20:16:30,6168.12,524290.04,3
2025-10-30T20:16:42.686060,20:16:42,6085.95,517305.8,3
2025-10-30T20:16:55.003671,20:16:55,6103.49,518796.26,3
2025-10-30T20:17:07.411735,20:17:07,6101.14,518596.81,3
2025-10-30T20:17:19.657458,20:17:19,6057.02,514846.48,3
2025-10-30T20:17:31.971963,20:17:31,6080.32,516827.09,3
2025-10-30T20:17:44.204995,20:17:44,5992.68,509377.98,3
2025-10-30T20:17:55.805351,20:17:55,5989.03,509067.66,3
2025-10-30T20:18:07.659727,20:18:07,6033.63,512858.78,3
2025-10-30T20:18:19.650365,20:18:19,6066.12,515620.27,3
2025-10-30T20:18:31.392056,20:18:31,6077.61,516596.65,3
2025-10-30T20:18:44.172145,20:18:44,6137.54,521691.22,3
2025-10-30T20:18:56.115351,20:18:56,6169.22,524383.28,3
2025-10-30T20:19:08.324781,20:19:08,6213.58,528154.68,3
2025-10-30T20:19:20.224491,20:19:20,6241.69,530543.38,3
2025-10-30T20:19:32.403066,20:19:32,6236.7,530119.14,3
2025-10-30T20:19:44.059029,20:19:44,6243.56,530702.7,3
2025-10-30T20:19:55.791981,20:19:55,6257.75,531909.07,3
2025-10-30T20:20:07.795068,20:20:07,6261.67,532241.61,3
2025-10-30T20:20:20.036253,20:20:20,6297.48,535286.11,3
2025-10-30T20:20:31.768114,20:20:31,6294.42,535025.65,3
2025-10-30T20:20:43.631519,20:20:43,6291.46,534773.98,3
2025-10-30T20:20:55.307926,20:20:55,6314.03,536692.19,3
2025-10-30T20:21:06.936035,20:21:06,6323.55,537501.93,3
2025-10-30T20:21:18.841680,20:21:18,6354.6,540141.05,3
2025-10-30T20:21:30.419842,20:21:30,6335.23,538494.31,3
2025-10-30T20:21:42.368974,20:21:42,6283.18,534070.45,3
2025-10-30T20:21:54.308730,20:21:54,6267.64,532749.35,3
2025-10-30T20:22:06.312706,20:22:06,6277.86,533618.09,3
2025-10-30T20:22:18.177831,20:22:18,6281.07,533890.85,3
2025-10-30T20:22:30.097074,20:22:30,6215.45,528313.15,3
2025-10-30T20:22:42.078103,20:22:42,6268.9,532856.14,3
2025-10-30T20:22:54.257269,20:22:54,6312.93,536599.24,3
2025-10-30T20:23:06.166486,20:23:06,6367.07,541200.78,3
2025-10-30T20:23:18.436830,20:23:18,6425.48,546165.43,3
2025-10-30T20:23:30.874139,20:23:30,6417.02,545446.47,3
2025-10-30T20:23:43.465015,20:23:43,6288.36,534511.0,3
2025-10-30T20:23:55.393314,20:23:55,6300.33,535527.77,3
2025-10-30T20:24:07.388533,20:24:07,6288.7,534539.33,3
2025-10-30T20:24:18.963896,20:24:18,6369.23,541384.24,3
2025-10-30T20:24:30.562201,20:24:30,6362.87,540844.24,3
2025-10-30T20:24:42.217506,20:24:42,6392.84,543391.61,3
2025-10-30T20:24:54.192895,20:24:54,6403.5,544297.16,3
2025-10-30T20:25:05.786275,20:25:05,6399.42,543950.97,3
2025-10-30T20:25:17.733021,20:25:17,6461.88,549259.84,3
2025-10-30T20:25:29.715438,20:25:29,6438.28,547253.55,3
2025-10-30T20:25:41.626039,20:25:41,6443.02,547656.84,3
2025-10-30T20:25:53.225761,20:25:53,6447.98,548078.24,3
2025-10-30T20:26:04.829456,20:26:04,6421.85,545857.21,3
2025-10-30T20:26:17.097785,20:26:17,6373.42,541740.87,3
2025-10-30T20:26:29.602741,20:26:29,6376.7,542019.83,3
2025-10-30T20:26:41.504780,20:26:41,6348.58,539629.5,3
2025-10-30T20:26:53.719747,20:26:53,6326.45,537748.51,3
2025-10-30T20:27:06.024616,20:27:06,6324.84,537611.65,3
2025-10-30T20:27:17.661476,20:27:17,6313.43,536641.24,3
2025-10-30T20:27:29.263824,20:27:29,6348.89,539656.04,3
2025-10-30T20:27:41.267344,20:27:41,6330.71,538110.19,3
2025-10-30T20:27:52.889376,20:27:52,6427.11,546303.95,3
2025-10-30T20:28:04.841057,20:28:04,6428.3,546405.52,3
2025-10-30T20:28:16.554356,20:28:16,6404.55,544387.11,3
2025-10-30T20:28:28.140243,20:28:28,6499.61,552466.62,3
2025-10-30T20:28:39.837372,20:28:39,6478.27,550653.03,3
2025-10-30T20:28:51.769558,20:28:51,6496.14,552172.1,3
2025-10-30T20:29:03.385115,20:29:03,6453.84,548576.8,3
2025-10-30T20:29:15.417821,20:29:15,6441.54,547530.65,3
2025-10-30T20:29:27.373843,20:29:27,6441.06,547490.51,3
2025-10-30T20:29:39.379213,20:29:39,6452.64,548474.32,3
2025-10-30T20:29:51.255266,20:29:51,6442.08,547576.84,3
2025-10-30T20:30:03.442403,20:30:03,6411.16,544948.82,3
2025-10-30T20:30:16.842085,20:30:16,6456.63,548813.87,3
2025-10-30T20:30:28.831950,20:30:28,6467.61,549746.64,3
2025-10-30T20:30:41.031611,20:30:41,6459.91,549092.53,3
2025-10-30T20:30:52.689115,20:30:52,6463.53,549399.74,3
2025-10-30T20:31:04.283168,20:31:04,6447.27,548017.87,3
2025-10-30T20:31:15.898106,20:31:15,6395.12,543585.06,3
2025-10-30T20:31:27.793768,20:31:27,6407.06,544600.1,3
2025-10-30T20:31:51.599650,20:31:51,6309.21,536282.48,3
2025-10-30T20:33:08.009731,20:33:08,6326.41,537744.8,3
2025-10-30T20:33:20.338273,20:33:20,6314.6,536740.64,3
2025-10-30T20:33:32.517833,20:33:32,6354.67,540146.77,3
2025-10-30T20:33:44.968105,20:33:44,6343.59,539204.86,3
2025-10-30T20:33:57.069231,20:33:57,6381.57,542433.03,3
2025-10-30T20:34:09.296188,20:34:09,6384.07,542645.56,3
2025-10-30T20:34:20.986941,20:34:20,6388.13,542991.31,3
2025-10-30T20:34:32.927347,20:34:32,6353.22,540023.3,3
2025-10-30T20:34:44.971002,20:34:44,6358.12,540440.27,3
2025-10-30T20:34:56.636467,20:34:56,6367.83,541265.61,3
2025-10-30T20:35:10.663919,20:35:10,6354.87,540163.88,3
2025-10-30T20:35:23.608840,20:35:23,6335.19,538491.53,3
2025-10-30T20:35:35.635249,20:35:35,6332.59,538270.51,3
2025-10-30T20:35:47.471402,20:35:47,6341.77,539050.4,3
2025-10-30T20:36:00.275436,20:36:00,6386.07,542815.72,3
2025-10-30T20:36:12.330544,20:36:12,6328.4,537914.38,3
2025-10-30T20:36:24.215844,20:36:24,6300.72,535560.85,3
2025-10-30T20:36:35.833036,20:36:35,6262.63,532323.54,3
2025-10-30T20:36:48.386967,20:36:48,6319.39,537148.51,3
2025-10-30T20:36:59.974712,20:36:59,6320.03,537202.44,3
2025-10-30T20:37:11.901807,20:37:11,6200.71,527059.93,3
2025-10-30T20:37:23.597985,20:37:23,6159.83,523585.48,3
2025-10-30T20:37:35.278184,20:37:35,6166.1,524118.51,3
2025-10-30T20:37:46.885258,20:37:46,6164.68,523997.91,3
2025-10-30T20:37:58.881014,20:37:58,6099.48,518455.54,3
2025-10-30T20:38:10.551748,20:38:10,6098.16,518343.33,3
2025-10-30T20:38:22.422986,20:38:22,6160.97,523682.61,3
2025-10-30T20:38:34.076050,20:38:34,6167.82,524264.99,3
2025-10-30T20:38:45.666687,20:38:45,6150.5,522792.44,3
2025-10-30T20:38:57.946383,20:38:57,6110.19,519366.2,3
2025-10-30T20:39:10.142565,20:39:10,6202.57,527218.87,3
2025-10-30T20:39:22.053592,20:39:22,6144.12,522249.95,3
2025-10-30T20:39:33.675923,20:39:33,6073.7,516264.24,3
2025-10-30T20:39:45.680742,20:39:45,6059.28,515039.21,3
2025-10-30T20:39:57.331549,20:39:57,6077.01,516546.19,3
2025-10-30T20:40:10.805911,20:40:10,6176.47,525000.05,3
2025-10-30T20:40:23.168191,20:40:23,6221.03,528787.2,3
2025-10-30T20:40:35.256451,20:40:35,6247.39,531028.0,3
2025-10-30T20:40:46.923418,20:40:46,6293.51,534948.75,3
2025-10-30T20:40:58.526451,20:40:58,6287.61,534447.19,3
2025-10-30T20:41:10.232902,20:41:10,6220.28,528723.77,3
2025-10-30T20:41:21.916399,20:41:21,6257.17,531859.7,3
2025-10-30T20:41:33.543989,20:41:33,6245.44,530862.6,3
2025-10-30T20:41:45.813183,20:41:45,6197.28,526769.01,3
2025-10-30T20:41:58.038083,20:41:58,6200.1,527008.35,3
2025-10-30T20:42:10.237528,20:42:10,6135.3,521500.64,3
2025-10-30T20:42:22.515780,20:42:22,6089.09,517572.79,3
2025-10-30T20:42:34.207971,20:42:34,6121.03,520287.59,3
2025-10-30T20:42:45.846562,20:42:45,6133.41,521339.49,3
2025-10-30T20:42:57.763297,20:42:57,6138.98,521813.04,3
2025-10-30T20:43:09.421755,20:43:09,6134.93,521469.25,3
2025-10-30T20:43:21.083941,20:43:21,6146.25,522431.54,3
2025-10-30T20:43:32.772159,20:43:32,6197.82,526814.78,3
2025-10-30T20:43:44.981514,20:43:44,6175.72,524935.98,3
2025-10-30T20:43:56.943204,20:43:56,6191.39,526268.14,3
2025-10-30T20:44:08.874315,20:44:08,6174.64,524843.98,3
2025-10-30T20:44:20.480627,20:44:20,6156.19,523275.94,3
2025-10-30T20:44:32.442750,20:44:32,6155.92,523253.27,3
2025-10-30T20:44:44.417156,20:44:44,6144.14,522252.21,3
2025-10-30T20:44:56.632049,20:44:56,6153.7,523064.41,3
2025-10-30T20:45:08.276380,20:45:08,6176.68,525017.84,3
2025-10-30T20:45:19.908366,20:45:19,6162.48,523810.64,3
2025-10-30T20:45:31.809402,20:45:31,6123.9,520531.17,3
2025-10-30T20:45:43.416490,20:45:43,6127.17,520809.8,3
2025-10-30T20:45:56.251153,20:45:56,6133.29,521330.06,3
2025-10-30T20:46:08.457403,20:46:08,6218.47,528569.82,3
2025-10-30T20:46:20.061691,20:46:20,6151.74,522897.86,3
2025-10-30T20:46:32.253623,20:46:32,6155.88,523249.91,3
2025-10-30T20:46:44.237749,20:46:44,6151.73,522897.25,3
2025-10-30T20:46:56.172562,20:46:56,6213.27,528127.82,3
2025-10-30T20:47:08.010949,20:47:08,6166.71,524170.3,3
2025-10-30T20:47:20.093919,20:47:20,6168.08,524286.71,3
2025-10-30T20:47:32.056338,20:47:32,6121.95,520365.49,3
2025-10-30T20:47:44.458189,20:47:44,6147.01,522496.03,3
2025-10-30T20:47:56.338584,20:47:56,6138.01,521730.6,3
2025-10-30T20:48:07.937513,20:48:07,6115.11,519784.72,3
2025-10-30T20:48:19.520230,20:48:19,6054.5,514632.22,3
2025-10-30T20:48:31.730654,20:48:31,6058.76,514994.97,3
2025-10-30T20:48:43.687667,20:48:43,6009.99,510849.23,3
2025-10-30T20:48:55.911573,20:48:55,5981.28,508408.74,3
2025-10-30T20:49:07.542239,20:49:07,6062.26,515292.08,3
2025-10-30T20:49:19.508607,20:49:19,6051.57,514383.87,3
2025-10-30T20:49:31.103733,20:49:31,6048.98,514163.32,3
2025-10-30T20:49:42.717363,20:49:42,6061.62,515237.65,3
2025-10-30T20:49:54.386497,20:49:54,6040.37,513431.54,3
2025-10-30T20:50:06.034313,20:50:06,6016.48,511401.06,3
2025-10-30T20:50:18.044353,20:50:18,6027.04,512298.05,3
2025-10-30T20:50:30.262006,20:50:30,6006.17,510524.8,3
2025-10-30T20:50:42.291132,20:50:42,6013.93,511183.75,3
2025-10-30T20:50:54.271814,20:50:54,6070.72,516011.39,3
2025-10-30T20:51:06.164023,20:51:06,6079.18,516730.51,3
2025-10-30T20:51:18.075519,20:51:18,6020.71,511760.66,3
2025-10-30T20:51:30.368290,20:51:30,6016.62,511412.49,3
2025-10-30T20:51:42.342441,20:51:42,6017.8,511513.05,3
2025-10-30T20:51:54.257196,20:51:54,6041.75,513549.13,3
2025-10-30T20:52:05.916926,20:52:05,6061.11,515194.57,3
2025-10-30T20:52:17.873657,20:52:17,6126.79,520776.77,3
2025-10-30T20:52:29.580790,20:52:29,6058.46,514968.78,3
2025-10-30T20:52:41.201255,20:52:41,6106.2,519027.28,3
2025-10-30T20:52:52.869207,20:52:52,6140.44,521937.38,3
2025-10-30T20:53:04.481076,20:53:04,6095.85,518147.52,3
2025-10-30T20:53:16.387944,20:53:16,6097.81,518313.87,3
2025-10-30T20:53:28.071484,20:53:28,6146.2,522426.87,3
2025-10-30T20:53:39.775397,20:53:39,6191.32,526262.38,3
2025-10-30T20:53:51.515830,20:53:51,6211.01,527935.64,3
2025-10-30T20:54:03.273565,20:54:03,6133.08,521311.85,3
2025-10-30T20:54:14.921589,20:54:14,6128.49,520921.45,3
2025-10-30T20:54:26.790788,20:54:26,6146.65,522465.21,3
2025-10-30T20:54:38.475082,20:54:38,6125.91,520702.14,3
2025-10-30T20:54:50.169696,20:54:50,6143.33,522182.86,3
2025-10-30T20:55:02.077470,20:55:02,6157.92,523422.92,3
2025-10-30T20:55:13.682694,20:55:13,6193.82,526474.78,3
2025-10-30T20:55:25.297833,20:55:25,6115.72,519836.34,3
2025-10-30T20:55:37.198582,20:55:37,6128.16,520893.38,3
2025-10-30T20:55:49.110512,20:55:49,6172.71,524680.22,3
2025-10-30T20:56:01.309549,20:56:01,6121.51,520328.26,3
2025-10-30T20:56:13.247864,20:56:13,6123.47,520495.08,3
2025-10-30T20:56:24.918389,20:56:24,6102.94,518749.65,3
2025-10-30T20:56:36.993784,20:56:36,6122.15,520382.33,3
2025-10-30T20:56:49.239874,20:56:49,6128.51,520923.54,3
2025-10-30T20:57:01.345954,20:57:01,6131.28,521158.93,3
2025-10-30T20:57:13.047787,20:57:13,6056.44,514797.55,3
2025-10-30T20:57:25.332864,20:57:25,6080.69,516858.5,3
2025-10-30T20:57:37.131882,20:57:37,6141.75,522049.1,3
2025-10-30T20:57:48.747616,20:57:48,6170.31,524476.45,3
2025-10-30T20:58:00.725168,20:58:00,6161.23,523704.52,3
2025-10-30T20:58:12.639300,20:58:12,6105.09,518932.96,3
2025-10-30T20:58:24.727238,20:58:24,6089.34,517594.03,3
2025-10-30T20:58:36.416953,20:58:36,6122.77,520435.24,3
2025-10-30T20:58:48.391750,20:58:48,6115.73,519837.04,3
2025-10-30T20:59:00.665794,20:59:00,6112.67,519577.12,3
2025-10-30T20:59:12.320963,20:59:12,6134.62,521442.45,3
2025-10-30T20:59:24.476627,20:59:24,6142.57,522118.25,3
2025-10-30T20:59:36.415194,20:59:36,6118.35,520059.49,3
2025-10-30T20:59:48.152491,20:59:48,6102.07,518675.95,3
2025-10-30T20:59:59.780558,20:59:59,6130.0,521049.96,3
2025-10-30T21:00:11.519979,21:00:11,6095.1,518083.35,3
2025-10-30T21:00:23.170893,21:00:23,6126.21,520727.75,3
2025-10-30T21:00:34.866007,21:00:34,6060.7,515159.8,3
2025-10-30T21:00:46.810587,21:00:46,6025.08,512131.48,3
2025-10-30T21:00:58.455473,21:00:58,6027.84,512366.03,3
2025-10-30T21:01:10.341017,21:01:10,6026.19,512226.32,3
2025-10-30T21:01:22.263855,21:01:22,6024.98,512122.88,3
2025-10-30T21:01:34.010846,21:01:34,6017.54,511490.75,3
2025-10-30T21:01:45.914530,21:01:45,6006.11,510519.52,3
2025-10-30T21:01:57.620975,21:01:57,6012.09,511027.49,3
2025-10-30T21:02:09.285406,21:02:09,6014.82,511260.1,3
2025-10-30T21:02:21.222596,21:02:21,6029.27,512488.01,3
2025-10-30T21:02:33.507324,21:02:33,6061.92,515263.49,3
2025-10-30T21:02:45.192325,21:02:45,6061.0,515185.25,3
2025-10-30T21:02:57.249659,21:02:57,6084.06,517144.89,3
2025-10-30T21:03:09.210216,21:03:09,6055.13,514685.78,3
2025-10-30T21:03:21.139894,21:03:21,6053.46,514544.1,3
2025-10-30T21:03:33.282733,21:03:33,6052.55,514466.76,3
2025-10-30T21:03:45.393208,21:03:45,6044.86,513812.74,3
2025-10-30T21:03:57.344475,21:03:57,5996.57,509708.77,3
2025-10-30T21:04:08.944786,21:04:08,5954.09,506097.4,3
2025-10-30T21:04:20.907381,21:04:20,5941.21,505003.08,3
2025-10-30T21:04:32.520756,21:04:32,5923.07,503460.99,3
2025-10-30T21:04:44.454051,21:04:44,5921.68,503342.77,3
2025-10-30T21:04:56.167849,21:04:56,5968.34,507309.04,3
2025-10-30T21:05:08.077562,21:05:08,6005.03,510427.4,3
2025-10-30T21:05:20.011791,21:05:20,6029.66,512521.51,3
2025-10-30T21:05:32.307354,21:05:32,6053.78,514570.92,3
2025-10-30T21:05:44.613397,21:05:44,6021.33,511813.44,3
2025-10-30T21:05:56.317635,21:05:56,5996.81,509729.17,3
2025-10-30T21:06:08.517374,21:06:08,5919.83,503185.83,3
2025-10-30T21:06:20.446683,21:06:20,5907.9,502171.8,3
2025-10-30T21:06:32.129170,21:06:32,5879.2,499732.09,3
2025-10-30T21:06:44.089334,21:06:44,5833.64,495859.3,3
2025-10-30T21:06:56.093387,21:06:56,5837.29,496169.55,3
2025-10-30T21:07:07.708915,21:07:07,5817.03,494447.68,3
2025-10-30T21:07:19.348447,21:07:19,5797.05,492749.31,3
2025-10-30T21:07:30.990823,21:07:30,5669.68,481922.39,3
2025-10-30T21:07:42.628610,21:07:42,5714.85,485762.13,3
2025-10-30T21:07:54.656639,21:07:54,5692.73,483881.94,3
2025-10-30T21:08:06.897764,21:08:06,5657.14,480856.95,3
2025-10-30T21:08:19.109963,21:08:19,5636.22,479078.46,3
2025-10-30T21:08:31.055248,21:08:31,5670.21,481967.9,3
2025-10-30T21:08:42.838371,21:08:42,5746.07,488416.11,3
2025-10-30T21:08:54.503426,21:08:54,5711.5,485477.48,3
2025-10-30T21:09:06.434956,21:09:06,5697.5,484287.77,3
2025-10-30T21:09:18.065335,21:09:18,5705.64,484979.16,3
2025-10-30T21:09:29.814258,21:09:29,5705.91,485002.62,3
2025-10-30T21:09:41.764033,21:09:41,5792.97,492402.08,3
2025-10-30T21:09:53.773734,21:09:53,5776.76,491024.33,3
2025-10-30T21:10:05.441041,21:10:05,5835.42,496011.08,3
2025-10-30T21:10:17.477456,21:10:17,5780.03,491302.61,3
2025-10-30T21:10:29.659920,21:10:29,5752.13,488931.41,3
2025-10-30T21:10:41.361407,21:10:41,5749.24,488685.74,3
2025-10-30T21:10:53.035418,21:10:53,5700.16,484513.7,3
2025-10-30T21:11:04.701625,21:11:04,5618.7,477589.1,3
2025-10-30T21:11:16.688835,21:11:16,5622.98,477953.49,3
2025-10-30T21:11:28.328440,21:11:28,5625.63,478178.95,3
2025-10-30T21:11:40.356915,21:11:40,5622.3,477895.56,3
2025-10-30T21:11:52.423776,21:11:52,5650.88,480324.94,3
2025-10-30T21:12:04.888346,21:12:04,5726.31,486736.48,3
2025-10-30T21:12:16.506176,21:12:16,5815.67,494332.11,3
2025-10-30T21:12:28.734502,21:12:28,5790.87,492223.99,3
2025-10-30T21:12:40.667453,21:12:40,5775.4,490908.97,3
2025-10-30T21:12:52.478156,21:12:52,5753.95,489085.45,3
2025-10-30T21:13:05.095173,21:13:05,5845.38,496857.05,3
2025-10-30T21:13:16.750114,21:13:16,5842.13,496581.38,3
2025-10-30T21:13:28.431937,21:13:28,5835.08,495981.78,3
2025-10-30T21:13:40.424230,21:13:40,5803.64,493309.08,3
2025-10-30T21:13:52.352358,21:13:52,5822.59,494919.97,3
2025-10-30T21:14:04.119561,21:14:04,5782.89,491545.97,3
2025-10-30T21:14:15.802408,21:14:15,5741.62,488037.75,3
2025-10-30T21:14:27.713085,21:14:27,5728.21,486897.94,3
2025-10-30T21:14:39.353526,21:14:39,5712.64,485574.57,3
2025-10-30T21:14:51.572756,21:14:51,5743.28,488178.79,3
2025-10-30T21:15:03.360029,21:15:03,5732.94,487299.72,3
2025-10-30T21:15:15.395345,21:15:15,5766.99,490193.85,3
2025-10-30T21:15:27.343113,21:15:27,5773.45,490743.21,3
2025-10-30T21:15:39.412025,21:15:39,5710.27,485373.34,3
2025-10-30T21:15:51.086736,21:15:51,5705.34,484954.17,3
2025-10-30T21:16:03.052246,21:16:03,5694.43,484026.66,3
2025-10-30T21:16:15.320438,21:16:15,5678.43,482666.92,3
2025-10-30T21:16:27.231368,21:16:27,5688.39,483513.22,3
2025-10-30T21:16:39.424479,21:16:39,5651.97,480417.71,3
2025-10-30T21:16:51.675090,21:16:51,5558.53,472475.25,3
2025-10-30T21:17:03.714560,21:17:03,5516.41,468894.64,3
2025-10-30T21:17:16.004620,21:17:16,5587.86,474968.26,3
2025-10-30T21:17:28.070653,21:17:28,5572.29,473645.04,3
2025-10-30T21:17:39.702084,21:17:39,5503.87,467828.86,3
2025-10-30T21:17:52.017517,21:17:52,5432.45,461758.18,3
2025-10-30T21:18:04.274785,21:18:04,5458.99,464014.56,3
2025-10-30T21:18:15.975988,21:18:15,5432.98,461803.66,3
2025-10-30T21:18:28.230232,21:18:28,5481.5,465927.2,3
2025-10-30T21:18:40.553078,21:18:40,5481.56,465932.77,3
2025-10-30T21:18:52.366798,21:18:52,5529.22,469983.78,3
2025-10-30T21:19:05.038979,21:19:05,5486.75,466373.84,3
2025-10-30T21:19:17.063015,21:19:17,5482.98,466053.02,3
2025-10-30T21:19:28.719865,21:19:28,5634.76,478954.76,3
2025-10-30T21:19:41.232747,21:19:41,5583.73,474617.04,3
2025-10-30T21:19:54.571194,21:19:54,5563.91,472932.06,3
2025-10-30T21:20:06.554973,21:20:06,5514.65,468744.87,3
2025-10-30T21:20:18.167631,21:20:18,5540.25,470921.63,3
2025-10-30T21:20:30.443463,21:20:30,5576.23,473979.13,3
2025-10-30T21:20:42.445743,21:20:42,5598.31,475856.69,3
2025-10-30T21:20:54.512756,21:20:54,5636.06,479065.12,3
2025-10-30T21:21:06.772353,21:21:06,5709.29,485289.3,3
2025-10-30T21:21:18.670375,21:21:18,5781.53,491430.33,3
2025-10-30T21:21:30.587731,21:21:30,5779.17,491229.22,3
2025-10-30T21:21:42.860674,21:21:42,5769.46,490403.73,3
2025-10-30T21:21:54.824685,21:21:54,5775.68,490932.51,3
2025-10-30T21:22:06.534865,21:22:06,5733.32,487332.36,3
2025-10-30T21:22:18.460145,21:22:18,5648.14,480091.65,3
2025-10-30T21:22:30.088070,21:22:30,5630.26,478572.47,3
2025-10-30T21:22:41.800211,21:22:41,5700.27,484523.02,3
2025-10-30T21:22:53.516835,21:22:53,5685.13,483236.4,3
2025-10-30T21:23:05.433682,21:23:05,5687.85,483467.07,3
2025-10-30T21:23:17.153564,21:23:17,5708.06,485185.29,3
2025-10-30T21:23:29.389218,21:23:29,5775.16,490888.89,3
2025-10-30T21:23:41.090656,21:23:41,5765.98,490107.89,3
2025-10-30T21:23:53.082594,21:23:53,5779.6,491266.05,3
2025-10-30T21:24:05.331956,21:24:05,5829.07,495471.01,3
2025-10-30T21:24:16.965923,21:24:16,5757.35,489374.87,3
2025-10-30T21:24:29.022571,21:24:29,5762.96,489851.63,3
2025-10-30T21:24:40.689930,21:24:40,5754.27,489112.71,3
2025-10-30T21:24:52.468872,21:24:52,5751.96,488916.26,3
2025-10-30T21:25:04.254743,21:25:04,5727.65,486850.05,3
2025-10-30T21:25:16.198376,21:25:16,5777.66,491101.26,3
2025-10-30T21:25:27.841452,21:25:27,5830.62,495603.03,3
2025-10-30T21:25:39.481288,21:25:39,5843.61,496706.55,3
2025-10-30T21:25:51.176457,21:25:51,5855.81,497743.96,3
2025-10-30T21:26:03.330703,21:26:03,5885.73,500287.39,3
2025-10-30T21:26:15.311979,21:26:15,5916.96,502941.2,3
2025-10-30T21:26:27.083210,21:26:27,5917.34,502973.71,3
2025-10-30T21:26:38.985566,21:26:38,5895.25,501096.36,3
2025-10-30T21:26:50.676498,21:26:50,5877.02,499547.04,3
2025-10-30T21:27:02.917297,21:27:02,5864.05,498443.99,3
2025-10-30T21:27:14.531682,21:27:14,5881.26,499907.4,3
2025-10-30T21:27:26.774387,21:27:26,5881.16,499898.23,3
2025-10-30T21:27:38.719015,21:27:38,5898.94,501410.2,3
2025-10-30T21:27:50.718738,21:27:50,5906.98,502093.1,3
2025-10-30T21:28:02.951005,21:28:02,5857.11,497853.98,3
2025-10-30T21:28:14.593811,21:28:14,5881.61,499936.45,3
2025-10-30T21:28:26.531438,21:28:26,5813.76,494169.86,3
2025-10-30T21:28:38.755537,21:28:38,5812.23,494039.15,3
2025-10-30T21:28:50.793477,21:28:50,5801.01,493085.86,3
2025-10-30T21:29:03.111716,21:29:03,5784.52,491684.55,3
2025-10-30T21:29:15.391010,21:29:15,5779.79,491282.1,3
2025-10-30T21:29:27.348801,21:29:27,5765.61,490077.22,3
2025-10-30T21:29:39.579347,21:29:39,5753.99,489088.82,3
2025-10-30T21:29:51.853325,21:29:51,5777.26,491067.11,3
2025-10-30T21:30:05.868273,21:30:05,5795.28,492599.13,3
2025-10-30T21:30:18.884298,21:30:18,5739.03,487817.85,3
2025-10-30T21:30:31.324569,21:30:31,5725.11,486634.64,3
2025-10-30T21:30:43.443211,21:30:43,5725.52,486669.05,3
2025-10-30T21:30:55.396358,21:30:55,5679.47,482754.57,3
2025-10-30T21:31:07.135326,21:31:07,5671.29,482059.94,3
2025-10-30T21:31:18.770090,21:31:18,5645.84,479896.72,3
2025-10-30T21:31:31.019768,21:31:31,5666.96,481691.75,3
2025-10-30T21:31:44.276732,21:31:44,5682.29,482994.91,3
2025-10-30T21:31:56.795377,21:31:56,5688.38,483512.09,3
2025-10-30T21:32:08.741323,21:32:08,5658.57,480978.49,3
2025-10-30T21:32:20.458066,21:32:20,5662.71,481330.67,3
2025-10-30T21:32:32.568661,21:32:32,5654.8,480657.66,3
2025-10-30T21:32:44.720935,21:32:44,5647.94,480074.85,3
2025-10-30T21:32:56.734790,21:32:56,5600.67,476057.22,3
2025-10-30T21:33:09.062423,21:33:09,5607.73,476657.13,3
2025-10-30T21:33:21.147437,21:33:21,5665.06,481529.88,3
2025-10-30T21:33:33.250987,21:33:33,5678.94,482709.54,3
2025-10-30T21:33:45.256887,21:33:45,5678.77,482695.49,3
2025-10-30T21:33:57.219539,21:33:57,5746.17,488424.19,3
2025-10-30T21:34:09.472103,21:34:09,5718.18,486044.99,3
2025-10-30T21:34:21.428875,21:34:21,5797.88,492820.22,3
2025-10-30T21:34:33.445610,21:34:33,5857.53,497889.65,3
2025-10-30T21:34:45.384204,21:34:45,5916.86,502933.25,3
2025-10-30T21:34:57.399718,21:34:57,5938.19,504746.12,3
2025-10-30T21:35:10.317270,21:35:10,5890.4,500684.01,3
2025-10-30T21:35:22.404674,21:35:22,5895.17,501089.3,3
2025-10-30T21:35:34.460477,21:35:34,5925.33,503652.96,3
2025-10-30T21:35:46.377817,21:35:46,5932.01,504220.8,3
2025-10-30T21:35:58.279792,21:35:58,5994.6,509540.87,3
2025-10-30T21:36:10.630095,21:36:10,6062.73,515331.93,3
2025-10-30T21:36:22.674647,21:36:22,6112.17,519534.46,3
2025-10-30T21:36:34.930165,21:36:34,6082.27,516992.71,3
2025-10-30T21:36:46.928736,21:36:46,6066.3,515635.28,3
2025-10-30T21:36:58.624503,21:36:58,6091.18,517749.92,3
2025-10-30T21:37:10.605144,21:37:10,6144.97,522322.24,3
2025-10-30T21:37:22.267333,21:37:22,6196.87,526734.15,3
2025-10-30T21:37:34.224619,21:37:34,6229.95,529545.8,3
2025-10-30T21:37:45.893855,21:37:45,6223.87,529028.63,3
2025-10-30T21:37:58.133713,21:37:58,6231.25,529656.04,3
2025-10-30T21:38:09.781267,21:38:09,6242.35,530599.98,3
2025-10-30T21:38:21.704581,21:38:21,6240.24,530420.67,3
2025-10-30T21:38:33.712684,21:38:33,6248.87,531154.35,3
2025-10-30T21:38:45.771320,21:38:45,6273.62,533257.93,3
2025-10-30T21:38:57.869363,21:38:57,6267.27,532718.01,3
2025-10-30T21:39:09.490840,21:39:09,6276.75,533523.34,3
2025-10-30T21:39:21.450545,21:39:21,6278.16,533643.2,3
2025-10-30T21:39:33.478597,21:39:33,6259.68,532072.89,3
2025-10-30T21:39:45.501022,21:39:45,6276.54,533505.48,3
2025-10-30T21:39:57.741603,21:39:57,6272.42,533155.5,3
2025-10-30T21:40:12.182262,21:40:12,6300.4,535534.17,3
2025-10-30T21:40:24.825996,21:40:24,6241.1,530493.42,3
2025-10-30T21:40:36.529191,21:40:36,6267.07,532700.78,3
2025-10-30T21:40:48.755333,21:40:48,6244.6,530791.36,3
2025-10-30T21:41:00.595876,21:41:00,6228.16,529393.47,3
2025-10-30T21:41:12.373014,21:41:12,6246.6,530961.1,3
2025-10-30T21:41:24.111047,21:41:24,6352.56,539967.19,3
2025-10-30T21:41:36.337103,21:41:36,6390.23,543169.22,3
2025-10-30T21:41:48.365494,21:41:48,6428.27,546402.61,3
2025-10-30T21:42:00.056298,21:42:00,6450.08,548256.46,3
2025-10-30T21:42:12.570978,21:42:12,6450.0,548249.97,3
2025-10-30T21:42:24.954288,21:42:24,6481.35,550914.8,3
2025-10-30T21:42:37.286720,21:42:37,6448.05,548084.55,3
2025-10-30T21:42:49.354193,21:42:49,6448.45,548117.92,3
2025-10-30T21:43:01.448931,21:43:01,6450.42,548285.75,3
2025-10-30T21:43:13.517660,21:43:13,6405.47,544464.74,3
2025-10-30T21:43:25.445695,21:43:25,6373.35,541735.0,3
2025-10-30T21:43:37.783819,21:43:37,6301.8,535653.11,3
2025-10-30T21:43:49.502192,21:43:49,6293.28,534928.74,3
2025-10-30T21:44:01.256585,21:44:01,6299.18,535430.39,3
2025-10-30T21:44:13.039704,21:44:13,6348.83,539650.7,3
2025-10-30T21:44:24.737923,21:44:24,6378.39,542162.87,3
2025-10-30T21:44:36.398829,21:44:36,6358.52,540474.49,3
2025-10-30T21:44:48.645816,21:44:48,6367.05,541199.13,3
2025-10-30T21:45:00.660681,21:45:00,6351.58,539883.92,3
2025-10-30T21:45:12.907187,21:45:12,6347.2,539511.8,3
2025-10-30T21:45:24.886617,21:45:24,6331.77,538200.24,3
2025-10-30T21:45:36.868134,21:45:36,6311.63,536488.47,3
2025-10-30T21:45:48.808189,21:45:48,6311.23,536454.88,3
2025-10-30T21:46:00.539982,21:46:00,6320.84,537271.59,3
2025-10-30T21:46:12.590766,21:46:12,6266.83,532680.48,3
2025-10-30T21:46:24.940596,21:46:24,6281.0,533884.77,3
2025-10-30T21:46:36.900808,21:46:36,6286.29,534334.48,3
2025-10-30T21:46:48.554512,21:46:48,6302.12,535679.84,3
2025-10-30T21:47:01.097969,21:47:01,6315.88,536849.82,3
2025-10-30T21:47:13.318979,21:47:13,6274.64,533344.76,3
2025-10-30T21:47:25.663880,21:47:25,6240.8,530468.35,3
2025-10-30T21:47:37.666581,21:47:37,6203.32,527282.29,3
2025-10-30T21:47:50.240543,21:47:50,6181.34,525413.79,3
2025-10-30T21:48:01.908405,21:48:01,6159.56,523562.28,3
2025-10-30T21:48:13.627338,21:48:13,6216.3,528385.8,3
2025-10-30T21:48:25.639143,21:48:25,6236.7,530119.28,3
2025-10-30T21:48:37.680877,21:48:37,6255.04,531678.15,3
2025-10-30T21:48:49.619985,21:48:49,6228.31,529406.43,3
2025-10-30T21:49:01.647410,21:49:01,6233.97,529887.36,3
2025-10-30T21:49:13.872191,21:49:13,6187.22,525913.34,3
2025-10-30T21:49:25.840499,21:49:25,6246.71,530970.09,3
2025-10-30T21:49:37.604558,21:49:37,6257.58,531894.47,3
2025-10-30T21:49:49.599679,21:49:49,6224.63,529093.28,3
2025-10-30T21:50:01.589189,21:50:01,6219.07,528621.08,3
2025-10-30T21:50:13.339319,21:50:13,6191.6,526286.4,3
2025-10-30T21:50:25.585122,21:50:25,6191.65,526290.17,3
2025-10-30T21:50:37.193711,21:50:37,6202.05,527174.21,3
2025-10-30T21:50:49.022244,21:50:49,6195.86,526647.92,3
2025-10-30T21:51:00.954980,21:51:00,6222.46,528908.73,3
2025-10-30T21:51:12.552555,21:51:12,6205.43,527461.36,3
2025-10-30T21:51:24.205782,21:51:24,6185.91,525802.04,3
2025-10-30T21:51:36.120375,21:51:36,6180.71,525360.39,3
2025-10-30T21:51:48.219846,21:51:48,6181.04,525388.67,3
2025-10-30T21:52:00.335624,21:52:00,6211.16,527948.54,3
2025-10-30T21:52:12.000038,21:52:12,6216.22,528378.99,3
2025-10-30T21:52:23.931327,21:52:23,6242.41,530604.5,3
2025-10-30T21:52:35.619930,21:52:35,6263.55,532401.89,3
2025-10-30T21:52:48.211634,21:52:48,6253.36,531535.49,3
2025-10-30T21:53:00.163339,21:53:00,6289.43,534601.83,3
2025-10-30T21:53:12.216088,21:53:12,6220.77,528765.35,3
2025-10-30T21:53:24.464414,21:53:24,6208.66,527735.91,3
2025-10-30T21:53:36.409528,21:53:36,6233.85,529877.43,3
2025-10-30T21:53:48.495622,21:53:48,6219.74,528677.88,3
2025-10-30T21:54:00.472473,21:54:00,6240.09,530407.45,3
2025-10-30T21:54:12.543336,21:54:12,6272.07,533125.89,3
2025-10-30T21:54:24.227452,21:54:24,6315.54,536820.56,3
2025-10-30T21:54:36.048635,21:54:36,6323.93,537533.77,3
2025-10-30T21:54:47.696299,21:54:47,6287.34,534423.85,3
2025-10-30T21:54:59.725546,21:54:59,6320.18,537215.54,3
2025-10-30T21:55:11.714755,21:55:11,6297.47,535285.05,3
2025-10-30T21:55:23.981345,21:55:23,6286.59,534359.9,3
2025-10-30T21:55:35.575521,21:55:35,6268.79,532846.85,3
2025-10-30T21:55:47.766669,21:55:47,6273.89,533280.29,3
2025-10-30T21:56:00.033216,21:56:00,6303.04,535758.79,3
2025-10-30T21:56:12.626710,21:56:12,6254.72,531651.44,3
2025-10-30T21:56:24.311707,21:56:24,6294.29,535014.76,3
2025-10-30T21:56:36.283197,21:56:36,6288.18,534495.68,3
2025-10-30T21:56:48.304214,21:56:48,6314.64,536744.38,3
2025-10-30T21:57:00.227870,21:57:00,6338.65,538785.35,3
2025-10-30T21:57:11.952185,21:57:11,6435.41,547009.48,3
2025-10-30T21:57:23.675364,21:57:23,6477.2,550562.01,3
2025-10-30T21:57:36.241410,21:57:36,6459.58,549064.43,3
2025-10-30T21:57:48.443502,21:57:48,6483.2,551072.36,3
2025-10-30T21:58:00.672120,21:58:00,6475.99,550459.15,3
2025-10-30T21:58:12.918435,21:58:12,6529.23,554984.95,3
2025-10-30T21:58:24.566017,21:58:24,6519.66,554171.2,3
2025-10-30T21:58:36.819223,21:58:36,6500.94,552580.27,3
2025-10-30T21:58:49.452283,21:58:49,6499.55,552461.48,3
2025-10-30T21:59:01.175977,21:59:01,6489.96,551646.6,3
2025-10-30T21:59:13.494583,21:59:13,6475.24,550395.24,3
2025-10-30T21:59:25.689793,21:59:25,6486.28,551334.12,3
2025-10-30T21:59:37.661135,21:59:37,6452.86,548493.02,3
2025-10-30T21:59:49.344064,21:59:49,6448.82,548149.81,3
2025-10-30T22:00:01.316850,22:00:01,6426.84,546281.2,3
2025-10-30T22:00:13.303966,22:00:13,6371.27,541557.7,3
2025-10-30T22:00:25.344198,22:00:25,6322.3,537395.3,3
2025-10-30T22:00:37.277322,22:00:37,6346.14,539421.98,3
2025-10-30T22:00:49.279024,22:00:49,6357.02,540347.08,3
2025-10-30T22:01:00.926567,22:01:00,6344.59,539290.12,3
2025-10-30T22:01:13.142851,22:01:13,6330.22,538068.3,3
2025-10-30T22:01:24.770827,22:01:24,6295.3,535100.4,3
2025-10-30T22:01:36.805288,22:01:36,6311.92,536513.35,3
2025-10-30T22:01:48.821592,22:01:48,6288.07,534485.8,3
2025-10-30T22:02:00.723991,22:02:00,6308.72,536241.62,3
2025-10-30T22:02:12.337985,22:02:12,6296.92,535238.17,3
2025-10-30T22:02:24.356532,22:02:24,6280.03,533802.6,3
2025-10-30T22:02:36.520222,22:02:36,6277.86,533617.74,3
2025-10-30T22:02:48.494191,22:02:48,6273.99,533289.1,3
2025-10-30T22:03:00.654970,22:03:00,6255.82,531745.11,3
2025-10-30T22:03:13.030746,22:03:13,6296.4,535194.19,3
2025-10-30T22:03:24.745067,22:03:24,6300.28,535523.67,3
2025-10-30T22:03:36.810979,22:03:36,6307.69,536153.75,3
2025-10-30T22:03:49.283847,22:03:49,6307.58,536144.42,3
2025-10-30T22:04:01.223072,22:04:01,6334.16,538403.41,3
2025-10-30T22:04:13.294733,22:04:13,6333.7,538364.63,3
2025-10-30T22:04:24.893302,22:04:24,6330.07,538056.29,3
2025-10-30T22:04:36.801447,22:04:36,6333.21,538322.52,3
2025-10-30T22:04:48.839227,22:04:48,6334.74,538452.79,3
2025-10-30T22:05:01.106180,22:05:01,6286.74,534372.54,3
2025-10-30T22:05:12.722018,22:05:12,6302.63,535723.81,3
2025-10-30T22:05:24.684671,22:05:24,6322.79,537437.38,3
2025-10-30T22:05:36.599123,22:05:36,6313.61,536657.13,3
2025-10-30T22:05:48.198021,22:05:48,6295.07,535080.83,3
2025-10-30T22:06:00.135269,22:06:00,6297.46,535283.69,3
2025-10-30T22:06:12.043338,22:06:12,6298.57,535378.15,3
2025-10-30T22:06:23.937064,22:06:23,6339.32,538841.94,3
2025-10-30T22:06:36.146551,22:06:36,6322.72,537431.49,3
2025-10-30T22:06:48.355306,22:06:48,6330.09,538058.06,3
2025-10-30T22:07:00.043398,22:07:00,6302.51,535713.08,3
2025-10-30T22:07:11.935411,22:07:11,6312.65,536575.22,3
2025-10-30T22:07:24.244549,22:07:24,6288.52,534524.12,3
2025-10-30T22:07:36.166633,22:07:36,6335.94,538554.93,3
2025-10-30T22:07:48.421981,22:07:48,6336.44,538597.0,3
2025-10-30T22:08:00.367299,22:08:00,6329.01,537966.12,3
2025-10-30T22:08:12.049518,22:08:12,6361.89,540760.47,3
2025-10-30T22:08:24.062952,22:08:24,6408.75,544743.99,3
2025-10-30T22:08:36.199845,22:08:36,6434.87,546963.97,3
2025-10-30T22:08:47.828250,22:08:47,6407.33,544623.2,3
2025-10-30T22:08:59.485789,22:08:59,6446.48,547951.11,3
2025-10-30T22:09:11.811554,22:09:11,6441.12,547495.53,3
2025-10-30T22:09:23.766089,22:09:23,6399.96,543997.0,3
2025-10-30T22:09:35.982762,22:09:35,6401.57,544133.27,3
2025-10-30T22:09:47.733307,22:09:47,6403.3,544280.19,3
2025-10-30T22:09:59.431474,22:09:59,6380.75,542363.46,3
2025-10-30T22:10:11.478867,22:10:11,6334.98,538473.19,3
2025-10-30T22:10:23.937679,22:10:23,6336.29,538584.29,3
2025-10-30T22:10:35.884273,22:10:35,6322.36,537400.66,3
2025-10-30T22:10:47.669581,22:10:47,6327.06,537800.01,3
2025-10-30T22:10:59.932444,22:10:59,6328.34,537908.56,3
2025-10-30T22:11:12.015048,22:11:12,6287.9,534471.34,3
2025-10-30T22:11:23.924511,22:11:23,6262.67,532326.79,3
2025-10-30T22:11:36.073136,22:11:36,6272.21,533138.25,3
2025-10-30T22:11:48.136141,22:11:48,6275.76,533439.8,3
2025-10-30T22:12:00.247200,22:12:00,6312.14,536531.54,3
2025-10-30T22:12:12.238532,22:12:12,6263.68,532412.74,3
2025-10-30T22:12:23.941867,22:12:23,6257.14,531856.74,3
2025-10-30T22:12:35.743368,22:12:35,6274.35,533319.91,3
2025-10-30T22:12:47.811627,22:12:47,6276.99,533543.76,3
2025-10-30T22:12:59.722125,22:12:59,6292.42,534855.64,3
2025-10-30T22:13:11.847767,22:13:11,6337.97,538727.24,3
2025-10-30T22:13:24.292036,22:13:24,6348.32,539607.11,3
2025-10-30T22:13:36.788782,22:13:36,6249.81,531233.97,3
2025-10-30T22:13:48.723863,22:13:48,6253.64,531559.62,3
2025-10-30T22:14:00.429932,22:14:00,6210.58,527899.27,3
2025-10-30T22:14:12.720744,22:14:12,6195.37,526606.51,3
2025-10-30T22:14:24.748173,22:14:24,6210.72,527910.79,3
2025-10-30T22:14:36.451338,22:14:36,6231.78,529701.2,3
2025-10-30T22:14:48.916352,22:14:48,6229.34,529493.88,3
2025-10-30T22:15:01.358955,22:15:01,6242.58,530619.56,3
2025-10-30T22:15:13.269033,22:15:13,6224.71,529100.37,3
2025-10-30T22:15:25.822091,22:15:25,6290.47,534690.17,3
2025-10-30T22:15:38.386637,22:15:38,6303.26,535777.04,3
2025-10-30T22:15:50.744951,22:15:50,6318.65,537085.1,3
2025-10-30T22:16:02.781959,22:16:02,6290.8,534718.26,3
2025-10-30T22:16:15.107114,22:16:15,6299.33,535443.47,3
2025-10-30T22:16:27.089430,22:16:27,6287.45,534433.43,3
2025-10-30T22:16:39.388192,22:16:39,6291.3,534760.34,3
2025-10-30T22:16:51.506063,22:16:51,6292.46,534858.88,3
2025-10-30T22:17:03.117627,22:17:03,6313.86,536678.11,3
2025-10-30T22:17:15.113992,22:17:15,6287.83,534465.77,3
2025-10-30T22:17:27.121858,22:17:27,6269.81,532934.01,3
2025-10-30T22:17:39.025257,22:17:39,6257.11,531854.42,3
2025-10-30T22:17:50.694750,22:17:50,6248.08,531087.01,3
2025-10-30T22:18:02.678499,22:18:02,6267.5,532737.38,3
2025-10-30T22:18:15.517232,22:18:15,6297.6,535296.3,3
2025-10-30T22:18:27.841774,22:18:27,6308.61,536232.12,3
2025-10-30T22:18:39.500753,22:18:39,6325.51,537668.13,3
2025-10-30T22:18:51.445675,22:18:51,6337.04,538648.68,3
2025-10-30T22:19:03.296814,22:19:03,6348.68,539637.7,3
2025-10-30T22:19:15.243923,22:19:15,6327.06,537800.47,3
2025-10-30T22:19:27.447860,22:19:27,6302.15,535682.48,3
2025-10-30T22:19:39.405245,22:19:39,6322.33,537397.67,3
2025-10-30T22:19:51.691236,22:19:51,6273.87,533278.78,3
2025-10-30T22:20:04.595304,22:20:04,6337.03,538647.94,3
2025-10-30T22:20:16.928635,22:20:16,6376.37,541991.12,3
2025-10-30T22:20:29.492070,22:20:29,6357.13,540356.15,3
2025-10-30T22:20:42.717142,22:20:42,6264.82,532509.73,3
2025-10-30T22:20:54.407896,22:20:54,6277.33,533572.71,3
2025-10-30T22:21:06.882623,22:21:06,6318.01,537031.03,3
2025-10-30T22:21:19.527027,22:21:19,6317.8,537012.76,3
2025-10-30T22:21:31.956131,22:21:31,6298.94,535409.77,3
2025-10-30T22:21:43.865559,22:21:43,6303.81,535823.47,3
2025-10-30T22:21:56.434449,22:21:56,6300.37,535531.32,3
2025-10-30T22:22:08.387827,22:22:08,6298.24,535350.09,3
2025-10-30T22:22:20.391845,22:22:20,6265.4,532558.64,3
2025-10-30T22:22:32.878670,22:22:32,6280.84,533871.7,3
2025-10-30T22:22:45.267213,22:22:45,6269.13,532875.87,3
2025-10-30T22:22:57.341275,22:22:57,6229.87,529538.69,3
2025-10-30T22:23:09.095586,22:23:09,6216.67,528416.8,3
2025-10-30T22:23:21.160048,22:23:21,6187.75,525958.56,3
2025-10-30T22:23:33.438765,22:23:33,6172.35,524649.58,3
2025-10-30T22:23:46.021658,22:23:46,6170.92,524528.35,3
2025-10-30T22:23:57.896933,22:23:57,6201.64,527139.15,3
2025-10-30T22:24:10.419836,22:24:10,6228.73,529442.16,3
2025-10-30T22:24:22.805536,22:24:22,6233.93,529883.89,3
2025-10-30T22:24:35.365108,22:24:35,6249.28,531189.18,3
2025-10-30T22:24:47.369989,22:24:47,6267.63,532748.67,3
2025-10-30T22:25:00.018095,22:25:00,6280.71,533860.28,3
2025-10-30T22:25:12.244015,22:25:12,6218.86,528603.18,3
2025-10-30T22:25:24.544676,22:25:24,6247.8,531063.28,3
2025-10-30T22:25:36.527717,22:25:36,6263.88,532430.12,3
2025-10-30T22:25:48.868374,22:25:48,6264.42,532475.55,3
2025-10-30T22:26:00.480090,22:26:00,6292.34,534848.86,3
2025-10-30T22:26:13.188773,22:26:13,6314.77,536755.6,3
2025-10-30T22:26:25.706416,22:26:25,6296.61,535211.5,3
2025-10-30T22:26:38.261234,22:26:38,6328.96,537961.89,3
2025-10-30T22:26:50.488956,22:26:50,6333.67,538362.25,3
2025-10-30T22:27:02.903321,22:27:02,6340.53,538945.43,3
2025-10-30T22:27:14.859220,22:27:14,6303.44,535792.14,3
2025-10-30T22:27:26.843564,22:27:26,6281.3,533910.43,3
2025-10-30T22:27:38.800783,22:27:38,6243.01,530655.93,3
2025-10-30T22:27:51.078075,22:27:51,6270.0,532949.91,3
2025-10-30T22:28:02.670298,22:28:02,6254.47,531629.59,3
2025-10-30T22:29:14.659507,22:29:14,6317.49,536986.51,3
2025-10-30T22:29:26.544730,22:29:26,6345.24,539345.41,3
2025-10-30T22:29:38.885524,22:29:38,6350.94,539830.01,3
2025-10-30T22:29:50.497895,22:29:50,6350.28,539773.51,3
2025-10-30T22:30:03.716027,22:30:03,6380.82,542370.09,3
2025-10-30T22:30:17.667351,22:30:17,6338.57,538778.33,3
2025-10-30T22:30:31.799951,22:30:31,6342.49,539111.97,3
2025-10-30T22:30:44.861493,22:30:44,6334.46,538429.21,3
