timestamp,time,total_pnl,unrealized_pnl,position_count
2025-11-03T00:47:02.712018,00:47:02,9731.45,9731.45,3
2025-11-03T00:47:14.514424,00:47:14,9742.57,9742.57,3
2025-11-03T00:47:26.317584,00:47:26,9746.06,9746.06,3
2025-11-03T00:47:38.520785,00:47:38,9744.18,9744.18,3
2025-11-03T00:47:50.399023,00:47:50,9749.8,9749.8,3
2025-11-03T00:48:02.498330,00:48:02,9755.66,9755.66,3
2025-11-03T00:48:14.572816,00:48:14,9744.61,9744.61,3
2025-11-03T00:48:26.404165,00:48:26,9746.69,9746.69,3
2025-11-03T00:48:38.286406,00:48:38,9747.07,9747.07,3
2025-11-03T00:48:50.456146,00:48:50,9748.6,9748.6,3
2025-11-03T00:49:02.690096,00:49:02,9743.1,9743.1,3
2025-11-03T00:49:14.508420,00:49:14,9739.85,9739.85,3
2025-11-03T00:49:26.347805,00:49:26,9737.9,9737.9,3
2025-11-03T00:49:38.429997,00:49:38,9732.04,9732.04,3
2025-11-03T00:49:50.570300,00:49:50,9733.31,9733.31,3
2025-11-03T00:50:02.368500,00:50:02,9732.74,9732.74,3
2025-11-03T00:50:14.614725,00:50:14,9730.09,9730.09,3
2025-11-03T00:50:26.576334,00:50:26,9716.61,9716.61,3
2025-11-03T00:50:38.449763,00:50:38,9714.03,9714.03,3
2025-11-03T00:50:50.370820,00:50:50,9693.56,9693.56,3
2025-11-03T00:51:02.510501,00:51:02,9692.53,9692.53,3
2025-11-03T00:51:14.630928,00:51:14,9686.47,9686.47,3
2025-11-03T00:51:26.565119,00:51:26,9686.75,9686.75,3
2025-11-03T00:51:38.468247,00:51:38,9685.88,9685.88,3
2025-11-03T00:51:50.325004,00:51:50,9685.31,9685.31,3
2025-11-03T00:52:02.440832,00:52:02,9684.21,9684.21,3
2025-11-03T00:52:14.537494,00:52:14,9692.33,9692.33,3
2025-11-03T00:52:26.407575,00:52:26,9701.78,9701.78,3
2025-11-03T00:52:38.301748,00:52:38,9697.29,9697.29,3
2025-11-03T00:52:50.501021,00:52:50,9701.12,9701.12,3
2025-11-03T00:53:02.653641,00:53:02,9704.56,9704.56,3
2025-11-03T00:53:14.468586,00:53:14,9706.53,9706.53,3
2025-11-03T00:53:26.273639,00:53:26,9706.92,9706.92,3
2025-11-03T00:53:38.449948,00:53:38,9706.57,9706.57,3
2025-11-03T00:53:50.329689,00:53:50,9705.09,9705.09,3
2025-11-03T00:54:02.119691,00:54:02,9707.76,9707.76,3
2025-11-03T00:54:13.987713,00:54:13,9710.99,9710.99,3
2025-11-03T00:54:25.498387,00:54:25,9711.7,9711.7,3
2025-11-03T00:54:37.292176,00:54:37,9709.3,9709.3,3
2025-11-03T00:54:49.165211,00:54:49,9707.58,9707.58,3
2025-11-03T00:55:00.718822,00:55:00,9707.1,9707.1,3
2025-11-03T00:55:12.296427,00:55:12,9707.77,9707.77,3
2025-11-03T00:55:24.358733,00:55:24,9704.18,9704.18,3
2025-11-03T00:55:36.480882,00:55:36,9704.22,9704.22,3
2025-11-03T00:55:48.619775,00:55:48,9702.73,9702.73,3
2025-11-03T00:56:00.428389,00:56:00,9697.88,9697.88,3
2025-11-03T00:56:12.356462,00:56:12,9698.45,9698.45,3
2025-11-03T00:56:24.534477,00:56:24,9699.32,9699.32,3
2025-11-03T00:56:36.634963,00:56:36,9695.81,9695.81,3
2025-11-03T00:56:48.486552,00:56:48,9695.47,9695.47,3
2025-11-03T00:57:00.419368,00:57:00,9679.33,9679.33,3
2025-11-03T00:57:12.220651,00:57:12,9673.62,9673.62,3
2025-11-03T00:57:24.299199,00:57:24,9659.31,9659.31,3
2025-11-03T00:57:36.121687,00:57:36,9648.38,9648.38,3
2025-11-03T00:57:47.789396,00:57:47,9647.89,9647.89,3
2025-11-03T00:57:59.280660,00:57:59,9648.06,9648.06,3
2025-11-03T00:58:11.121262,00:58:11,9603.1,9603.1,3
2025-11-03T00:58:22.909339,00:58:22,9602.95,9602.95,3
2025-11-03T00:58:34.751027,00:58:34,9571.21,9571.21,3
2025-11-03T00:58:46.583547,00:58:46,9572.51,9572.51,3
2025-11-03T00:58:58.406851,00:58:58,9528.43,9528.43,3
2025-11-03T00:59:10.264099,00:59:10,9528.6,9528.6,3
2025-11-03T00:59:21.849777,00:59:21,9516.5,9516.5,3
2025-11-03T00:59:33.398705,00:59:33,9510.16,9510.16,3
2025-11-03T00:59:45.523663,00:59:45,9508.86,9508.86,3
2025-11-03T00:59:57.320475,00:59:57,9508.32,9508.32,3
2025-11-03T01:00:09.406743,01:00:09,9516.85,9516.85,3
2025-11-03T01:00:21.534026,01:00:21,9516.7,9516.7,3
2025-11-03T01:00:33.537696,01:00:33,9517.31,9517.31,3
2025-11-03T01:00:45.623806,01:00:45,9536.75,9536.75,3
2025-11-03T01:00:57.480295,01:00:57,9534.18,9534.18,3
2025-11-03T01:01:09.432844,01:01:09,9541.17,9541.17,3
2025-11-03T01:01:21.575244,01:01:21,9564.29,9564.29,3
2025-11-03T01:01:33.580322,01:01:33,9574.62,9574.62,3
2025-11-03T01:01:45.420527,01:01:45,9591.56,9591.56,3
2025-11-03T01:01:57.565756,01:01:57,9605.35,9605.35,3
2025-11-03T01:02:09.373894,01:02:09,9614.18,9614.18,3
2025-11-03T01:02:21.181559,01:02:21,9616.2,9616.2,3
2025-11-03T01:02:33.074128,01:02:33,9617.69,9617.69,3
2025-11-03T01:02:44.639582,01:02:44,9621.01,9621.01,3
2025-11-03T01:02:56.521465,01:02:56,9618.62,9618.62,3
2025-11-03T01:03:08.387063,01:03:08,9616.34,9616.34,3
2025-11-03T01:03:20.303146,01:03:20,9619.96,9619.96,3
2025-11-03T01:03:32.271284,01:03:32,9621.78,9621.78,3
2025-11-03T01:03:44.462000,01:03:44,9623.64,9623.64,3
2025-11-03T01:03:56.424992,01:03:56,9633.69,9633.69,3
2025-11-03T01:04:08.263119,01:04:08,9645.34,9645.34,3
2025-11-03T01:04:20.440515,01:04:20,9686.2,9686.2,3
2025-11-03T01:04:32.668920,01:04:32,9694.37,9694.37,3
2025-11-03T01:04:44.539910,01:04:44,9687.31,9687.31,3
2025-11-03T01:04:56.451013,01:04:56,9683.94,9683.94,3
2025-11-03T01:05:08.541382,01:05:08,9697.11,9697.11,3
2025-11-03T01:05:20.389618,01:05:20,9702.9,9702.9,3
2025-11-03T01:05:32.475563,01:05:32,9688.41,9688.41,3
2025-11-03T01:05:44.602692,01:05:44,9696.81,9696.81,3
2025-11-03T01:05:56.406754,01:05:56,9687.9,9687.9,3
2025-11-03T01:06:08.486613,01:06:08,9667.03,9667.03,3
2025-11-03T01:06:20.583503,01:06:20,9659.53,9659.53,3
2025-11-03T01:06:32.744883,01:06:32,9599.55,9599.55,3
2025-11-03T01:06:44.564518,01:06:44,9598.27,9598.27,3
2025-11-03T01:06:56.363349,01:06:56,9570.08,9570.08,3
2025-11-03T01:07:08.617914,01:07:08,9566.68,9566.68,3
2025-11-03T01:07:20.443086,01:07:20,9562.14,9562.14,3
2025-11-03T01:07:32.563291,01:07:32,9542.14,9542.14,3
2025-11-03T01:07:44.609506,01:07:44,9529.37,9529.37,3
2025-11-03T01:07:56.421650,01:07:56,9543.28,9543.28,3
2025-11-03T01:08:08.243770,01:08:08,9537.49,9537.49,3
2025-11-03T01:08:20.351286,01:08:20,9539.55,9539.55,3
2025-11-03T01:08:31.874065,01:08:31,9556.12,9556.12,3
2025-11-03T01:08:43.709512,01:08:43,9572.91,9572.91,3
2025-11-03T01:08:55.227124,01:08:55,9590.25,9590.25,3
2025-11-03T01:09:06.742904,01:09:06,9579.25,9579.25,3
2025-11-03T01:09:18.545491,01:09:18,9583.12,9583.12,3
2025-11-03T01:09:30.649357,01:09:30,9596.93,9596.93,3
2025-11-03T01:09:42.518519,01:09:42,9601.26,9601.26,3
2025-11-03T01:09:54.282449,01:09:54,9614.89,9614.89,3
2025-11-03T01:10:06.472475,01:10:06,9611.35,9611.35,3
2025-11-03T01:10:18.418459,01:10:18,9611.93,9611.93,3
2025-11-03T01:10:30.791438,01:10:30,9595.88,9595.88,3
2025-11-03T01:10:42.799823,01:10:42,9595.52,9595.52,3
2025-11-03T01:10:54.727656,01:10:54,9594.92,9594.92,3
2025-11-03T01:11:06.282752,01:11:06,9588.87,9588.87,3
2025-11-03T01:11:18.476680,01:11:18,9592.16,9592.16,3
2025-11-03T01:11:30.572600,01:11:30,9589.2,9589.2,3
2025-11-03T01:11:42.711494,01:11:42,9590.44,9590.44,3
2025-11-03T01:11:54.547311,01:11:54,9591.2,9591.2,3
2025-11-03T01:12:06.351832,01:12:06,9598.38,9598.38,3
2025-11-03T01:12:18.243211,01:12:18,9598.78,9598.78,3
2025-11-03T01:12:30.389133,01:12:30,9618.86,9618.86,3
2025-11-03T01:12:42.510588,01:12:42,9616.45,9616.45,3
2025-11-03T01:12:54.354491,01:12:54,9612.57,9612.57,3
2025-11-03T01:13:06.338122,01:13:06,9609.88,9609.88,3
2025-11-03T01:13:18.587257,01:13:18,9605.09,9605.09,3
2025-11-03T01:13:30.523264,01:13:30,9599.21,9599.21,3
2025-11-03T01:13:42.324320,01:13:42,9603.77,9603.77,3
2025-11-03T01:13:54.535107,01:13:54,9597.87,9597.87,3
2025-11-03T01:14:06.394424,01:14:06,9594.58,9594.58,3
2025-11-03T01:14:18.602926,01:14:18,9591.7,9591.7,3
2025-11-03T01:14:30.433607,01:14:30,9597.73,9597.73,3
2025-11-03T01:14:42.615026,01:14:42,9600.97,9600.97,3
2025-11-03T01:14:54.516699,01:14:54,9596.98,9596.98,3
2025-11-03T01:15:06.451523,01:15:06,9608.32,9608.32,3
2025-11-03T01:15:18.289302,01:15:18,9644.99,9644.99,3
2025-11-03T01:15:30.359666,01:15:30,9635.08,9635.08,3
2025-11-03T01:15:42.537485,01:15:42,9632.75,9632.75,3
2025-11-03T01:15:54.406929,01:15:54,9621.4,9621.4,3
2025-11-03T01:16:06.574786,01:16:06,9621.08,9621.08,3
2025-11-03T01:16:18.446708,01:16:18,9622.5,9622.5,3
2025-11-03T01:16:30.283812,01:16:30,9633.41,9633.41,3
2025-11-03T01:16:42.609179,01:16:42,9630.2,9630.2,3
2025-11-03T01:16:54.426346,01:16:54,9629.93,9629.93,3
2025-11-03T01:17:06.274118,01:17:06,9628.03,9628.03,3
2025-11-03T01:17:18.423710,01:17:18,9643.32,9643.32,3
2025-11-03T01:17:30.205186,01:17:30,9642.28,9642.28,3
2025-11-03T01:17:42.378617,01:17:42,9642.44,9642.44,3
2025-11-03T01:17:54.246969,01:17:54,9626.21,9626.21,3
2025-11-03T01:18:06.481415,01:18:06,9635.55,9635.55,3
2025-11-03T01:18:18.622041,01:18:18,9636.77,9636.77,3
2025-11-03T01:18:30.427831,01:18:30,9637.76,9637.76,3
2025-11-03T01:18:42.373756,01:18:42,9639.3,9639.3,3
2025-11-03T01:18:54.464231,01:18:54,9639.69,9639.69,3
2025-11-03T01:19:06.642638,01:19:06,9620.17,9620.17,3
2025-11-03T01:19:18.709566,01:19:18,9618.98,9618.98,3
2025-11-03T01:19:30.190726,01:19:30,9619.63,9619.63,3
2025-11-03T01:19:42.395113,01:19:42,9619.99,9619.99,3
2025-11-03T01:19:54.183581,01:19:54,9613.37,9613.37,3
2025-11-03T01:20:05.715497,01:20:05,9616.76,9616.76,3
2025-11-03T01:20:29.234340,01:20:29,9619.56,9619.56,3
2025-11-03T01:20:30.097518,01:20:30,9619.57,9619.57,3
2025-11-03T01:20:41.386348,01:20:41,9618.19,9618.19,3
2025-11-03T01:20:42.454293,01:20:42,9618.19,9618.19,3
2025-11-03T01:20:53.366479,01:20:53,9612.47,9612.47,3
2025-11-03T01:20:54.303277,01:20:54,9612.92,9612.92,3
2025-11-03T01:22:02.134172,01:22:02,9617.21,9617.21,3
2025-11-03T01:22:13.648138,01:22:13,9607.57,9607.57,3
2025-11-03T01:22:25.165897,01:22:25,9620.06,9620.06,3
2025-11-03T01:22:37.344743,01:22:37,9638.31,9638.31,3
2025-11-03T01:22:49.270655,01:22:49,9640.82,9640.82,3
2025-11-03T01:23:01.134452,01:23:01,9642.53,9642.53,3
2025-11-03T01:23:13.344891,01:23:13,9639.6,9639.6,3
2025-11-03T01:23:25.536450,01:23:25,9642.57,9642.57,3
2025-11-03T01:23:37.374566,01:23:37,9641.39,9641.39,3
2025-11-03T01:23:49.545551,01:23:49,9639.57,9639.57,3
2025-11-03T01:24:01.448137,01:24:01,9656.9,9656.9,3
2025-11-03T01:24:12.985943,01:24:12,9654.74,9654.74,3
2025-11-03T01:24:24.853470,01:24:24,9653.4,9653.4,3
2025-11-03T01:24:36.743377,01:24:36,9659.9,9659.9,3
2025-11-03T01:24:48.669008,01:24:48,9661.59,9661.59,3
2025-11-03T01:25:00.267008,01:25:00,9674.86,9674.86,3
2025-11-03T01:25:12.615283,01:25:12,9704.16,9704.16,3
2025-11-03T01:25:24.518067,01:25:24,9707.06,9707.06,3
2025-11-03T01:25:36.451308,01:25:36,9707.34,9707.34,3
2025-11-03T01:25:48.365357,01:25:48,9710.39,9710.39,3
2025-11-03T01:26:00.591455,01:26:00,9730.53,9730.53,3
2025-11-03T01:26:12.549580,01:26:12,9737.24,9737.24,3
2025-11-03T01:26:24.397544,01:26:24,9736.91,9736.91,3
2025-11-03T01:26:36.402781,01:26:36,9738.3,9738.3,3
2025-11-03T01:26:48.655400,01:26:48,9738.95,9738.95,3
2025-11-03T01:27:00.599403,01:27:00,9736.53,9736.53,3
2025-11-03T01:27:12.483484,01:27:12,9714.81,9714.81,3
2025-11-03T01:27:24.385319,01:27:24,9712.38,9712.38,3
2025-11-03T01:27:36.607460,01:27:36,9708.54,9708.54,3
2025-11-03T01:27:48.557258,01:27:48,9704.26,9704.26,3
2025-11-03T01:28:00.533414,01:28:00,9704.88,9704.88,3
2025-11-03T01:28:12.418493,01:28:12,9709.18,9709.18,3
2025-11-03T01:28:24.393139,01:28:24,9735.63,9735.63,3
2025-11-03T01:28:36.296029,01:28:36,9734.86,9734.86,3
2025-11-03T01:28:48.576085,01:28:48,9733.81,9733.81,3
2025-11-03T01:29:00.479295,01:29:00,9730.75,9730.75,3
2025-11-03T01:29:12.461769,01:29:12,9727.82,9727.82,3
2025-11-03T01:29:24.454278,01:29:24,9729.43,9729.43,3
2025-11-03T01:29:36.415983,01:29:36,9727.74,9727.74,3
2025-11-03T01:29:48.393620,01:29:48,9729.49,9729.49,3
2025-11-03T01:30:00.646072,01:30:00,9727.57,9727.57,3
2025-11-03T01:30:12.628134,01:30:12,9721.27,9721.27,3
2025-11-03T01:30:24.669054,01:30:24,9716.09,9716.09,3
2025-11-03T01:30:36.642401,01:30:36,9711.56,9711.56,3
2025-11-03T01:30:48.593808,01:30:48,9709.34,9709.34,3
2025-11-03T01:31:00.564498,01:31:00,9707.51,9707.51,3
2025-11-03T01:31:12.466356,01:31:12,9706.71,9706.71,3
2025-11-03T01:31:24.442086,01:31:24,9706.04,9706.04,3
2025-11-03T01:31:36.373650,01:31:36,9706.76,9706.76,3
2025-11-03T01:31:48.556471,01:31:48,9708.59,9708.59,3
2025-11-03T01:32:00.595472,01:32:00,9684.98,9684.98,3
2025-11-03T01:32:12.572304,01:32:12,9679.19,9679.19,3
2025-11-03T01:32:24.530546,01:32:24,9681.07,9681.07,3
2025-11-03T01:32:36.457513,01:32:36,9683.57,9683.57,3
2025-11-03T01:32:48.622288,01:32:48,9684.03,9684.03,3
2025-11-03T01:33:00.234750,01:33:00,9687.09,9687.09,3
2025-11-03T01:33:12.460778,01:33:12,9689.81,9689.81,3
2025-11-03T01:33:24.443798,01:33:24,9683.81,9683.81,3
2025-11-03T01:33:36.318062,01:33:36,9683.79,9683.79,3
2025-11-03T01:33:48.199501,01:33:48,9704.47,9704.47,3
2025-11-03T01:34:00.393552,01:34:00,9710.7,9710.7,3
2025-11-03T01:34:12.634972,01:34:12,9717.29,9717.29,3
2025-11-03T01:34:24.646176,01:34:24,9715.85,9715.85,3
2025-11-03T01:34:36.640373,01:34:36,9737.41,9737.41,3
2025-11-03T01:34:48.622044,01:34:48,9735.82,9735.82,3
2025-11-03T01:35:00.566239,01:35:00,9743.16,9743.16,3
2025-11-03T01:35:12.538777,01:35:12,9710.26,9710.26,3
2025-11-03T01:35:24.505299,01:35:24,9705.53,9705.53,3
2025-11-03T01:35:36.506362,01:35:36,9706.85,9706.85,3
2025-11-03T01:35:48.471526,01:35:48,9707.0,9707.0,3
2025-11-03T01:36:00.396801,01:36:00,9707.21,9707.21,3
2025-11-03T01:36:12.368396,01:36:12,9717.76,9717.76,3
2025-11-03T01:36:24.684235,01:36:24,9717.63,9717.63,3
2025-11-03T01:36:36.601878,01:36:36,9721.64,9721.64,3
2025-11-03T01:36:48.505762,01:36:48,9739.09,9739.09,3
2025-11-03T01:37:00.434257,01:37:00,9737.76,9737.76,3
2025-11-03T01:37:12.429833,01:37:12,9709.52,9709.52,3
2025-11-03T01:37:24.420751,01:37:24,9702.51,9702.51,3
2025-11-03T01:37:36.413411,01:37:36,9697.81,9697.81,3
2025-11-03T01:37:48.337287,01:37:48,9700.86,9700.86,3
2025-11-03T01:38:00.356737,01:38:00,9696.86,9696.86,3
2025-11-03T01:38:12.597083,01:38:12,9697.84,9697.84,3
2025-11-03T01:38:24.631390,01:38:24,9692.31,9692.31,3
2025-11-03T01:38:36.596386,01:38:36,9691.03,9691.03,3
2025-11-03T01:38:48.724386,01:38:48,9686.49,9686.49,3
2025-11-03T01:39:00.626947,01:39:00,9685.32,9685.32,3
2025-11-03T01:39:12.638899,01:39:12,9682.45,9682.45,3
2025-11-03T01:39:24.342731,01:39:24,9682.08,9682.08,3
2025-11-03T01:39:36.303104,01:39:36,9680.92,9680.92,3
2025-11-03T01:39:48.257988,01:39:48,9679.4,9679.4,3
2025-11-03T01:40:00.504797,01:40:00,9679.23,9679.23,3
2025-11-03T01:40:12.532002,01:40:12,9678.32,9678.32,3
2025-11-03T01:40:24.530829,01:40:24,9678.77,9678.77,3
2025-11-03T01:40:36.466036,01:40:36,9680.81,9680.81,3
2025-11-03T01:40:48.422455,01:40:48,9650.54,9650.54,3
2025-11-03T01:41:00.380718,01:41:00,9646.33,9646.33,3
2025-11-03T01:41:12.498396,01:41:12,9633.6,9633.6,3
2025-11-03T01:41:24.436497,01:41:24,9628.44,9628.44,3
2025-11-03T01:41:36.466402,01:41:36,9617.85,9617.85,3
2025-11-03T01:41:48.375423,01:41:48,9615.36,9615.36,3
2025-11-03T01:42:00.583417,01:42:00,9603.9,9603.9,3
2025-11-03T01:42:12.657879,01:42:12,9602.61,9602.61,3
2025-11-03T01:42:24.703434,01:42:24,9575.41,9575.41,3
2025-11-03T01:42:36.586985,01:42:36,9579.2,9579.2,3
2025-11-03T01:42:48.507661,01:42:48,9577.62,9577.62,3
2025-11-03T01:43:00.470412,01:43:00,9576.64,9576.64,3
2025-11-03T01:43:12.365621,01:43:12,9568.04,9568.04,3
2025-11-03T01:43:24.587427,01:43:24,9560.68,9560.68,3
2025-11-03T01:43:36.533544,01:43:36,9565.72,9565.72,3
2025-11-03T01:43:48.181683,01:43:48,9560.58,9560.58,3
2025-11-03T01:44:00.149983,01:44:00,9559.91,9559.91,3
2025-11-03T01:44:12.154539,01:44:12,9545.5,9545.5,3
2025-11-03T01:44:24.052067,01:44:24,9544.15,9544.15,3
2025-11-03T01:44:35.704175,01:44:35,9546.47,9546.47,3
2025-11-03T01:44:47.627088,01:44:47,9539.83,9539.83,3
2025-11-03T01:44:59.657575,01:44:59,9541.87,9541.87,3
2025-11-03T01:45:11.630125,01:45:11,9549.38,9549.38,3
2025-11-03T01:45:23.556713,01:45:23,9537.67,9537.67,3
2025-11-03T01:45:35.554399,01:45:35,9545.82,9545.82,3
2025-11-03T01:45:47.493642,01:45:47,9546.22,9546.22,3
2025-11-03T01:45:59.407680,01:45:59,9547.58,9547.58,3
2025-11-03T01:46:11.368135,01:46:11,9561.63,9561.63,3
2025-11-03T01:46:23.654101,01:46:23,9556.82,9556.82,3
2025-11-03T01:46:35.288371,01:46:35,9556.08,9556.08,3
2025-11-03T01:46:47.229418,01:46:47,9568.71,9568.71,3
2025-11-03T01:46:59.451620,01:46:59,9573.99,9573.99,3
2025-11-03T01:47:11.445327,01:47:11,9573.92,9573.92,3
2025-11-03T01:47:23.357774,01:47:23,9584.95,9584.95,3
2025-11-03T01:47:35.399571,01:47:35,9592.14,9592.14,3
2025-11-03T01:47:47.584040,01:47:47,9593.82,9593.82,3
2025-11-03T01:47:59.204386,01:47:59,9594.02,9594.02,3
2025-11-03T01:48:11.152154,01:48:11,9596.46,9596.46,3
2025-11-03T01:48:22.785001,01:48:22,9582.41,9582.41,3
2025-11-03T01:48:35.107254,01:48:35,9569.59,9569.59,3
2025-11-03T01:48:47.100778,01:48:47,9581.25,9581.25,3
2025-11-03T01:48:58.718188,01:48:58,9585.48,9585.48,3
2025-11-03T01:49:10.703214,01:49:10,9595.5,9595.5,3
2025-11-03T01:49:22.615279,01:49:22,9596.48,9596.48,3
2025-11-03T01:49:34.565464,01:49:34,9595.6,9595.6,3
2025-11-03T01:49:46.615784,01:49:46,9596.09,9596.09,3
2025-11-03T01:49:58.608783,01:49:58,9594.73,9594.73,3
2025-11-03T01:50:10.271917,01:50:10,9601.22,9601.22,3
2025-11-03T01:50:22.496342,01:50:22,9601.67,9601.67,3
2025-11-03T01:50:34.189760,01:50:34,9601.75,9601.75,3
2025-11-03T01:50:46.153459,01:50:46,9621.74,9621.74,3
2025-11-03T01:50:58.060121,01:50:58,9623.97,9623.97,3
2025-11-03T01:51:09.714853,01:51:09,9605.78,9605.78,3
2025-11-03T01:51:21.646475,01:51:21,9607.49,9607.49,3
2025-11-03T01:51:33.591555,01:51:33,9609.56,9609.56,3
2025-11-03T01:51:45.541370,01:51:45,9613.24,9613.24,3
2025-11-03T01:51:57.463245,01:51:57,9613.6,9613.6,3
2025-11-03T01:52:09.397850,01:52:09,9613.39,9613.39,3
2025-11-03T01:52:21.280250,01:52:21,9609.68,9609.68,3
2025-11-03T01:52:33.242541,01:52:33,9610.0,9610.0,3
2025-11-03T01:52:45.225444,01:52:45,9610.93,9610.93,3
2025-11-03T01:52:57.481019,01:52:57,9612.73,9612.73,3
2025-11-03T01:53:09.474869,01:53:09,9616.81,9616.81,3
2025-11-03T01:53:21.434191,01:53:21,9606.02,9606.02,3
2025-11-03T01:53:33.354418,01:53:33,9586.93,9586.93,3
2025-11-03T01:53:45.312689,01:53:45,9584.09,9584.09,3
2025-11-03T01:53:57.264078,01:53:57,9582.6,9582.6,3
2025-11-03T01:54:09.585231,01:54:09,9586.51,9586.51,3
2025-11-03T01:54:21.613301,01:54:21,9574.06,9574.06,3
2025-11-03T01:54:33.316492,01:54:33,9574.12,9574.12,3
2025-11-03T01:54:45.395450,01:54:45,9576.1,9576.1,3
2025-11-03T01:54:57.347957,01:54:57,9576.63,9576.63,3
2025-11-03T01:55:09.273414,01:55:09,9580.12,9580.12,3
2025-11-03T01:55:21.477781,01:55:21,9578.56,9578.56,3
2025-11-03T01:55:33.683194,01:55:33,9582.89,9582.89,3
2025-11-03T01:55:45.618044,01:55:45,9580.05,9580.05,3
2025-11-03T01:55:57.584014,01:55:57,9582.66,9582.66,3
2025-11-03T01:56:09.606657,01:56:09,9586.5,9586.5,3
2025-11-03T01:56:21.516831,01:56:21,9584.23,9584.23,3
2025-11-03T01:56:33.488973,01:56:33,9503.98,9503.98,3
2025-11-03T01:56:45.508338,01:56:45,9501.4,9501.4,3
2025-11-03T01:56:57.528286,01:56:57,9497.25,9497.25,3
2025-11-03T01:57:09.473881,01:57:09,9490.76,9490.76,3
2025-11-03T01:57:21.395904,01:57:21,9478.27,9478.27,3
2025-11-03T01:57:33.310982,01:57:33,9478.86,9478.86,3
2025-11-03T01:57:45.548639,01:57:45,9481.51,9481.51,3
2025-11-03T01:57:57.483362,01:57:57,9484.85,9484.85,3
2025-11-03T01:58:09.395346,01:58:09,9505.87,9505.87,3
2025-11-03T01:58:21.778109,01:58:21,9502.48,9502.48,3
2025-11-03T01:58:33.702687,01:58:33,9506.84,9506.84,3
2025-11-03T01:58:45.677508,01:58:45,9511.53,9511.53,3
2025-11-03T01:58:57.714891,01:58:57,9511.46,9511.46,3
2025-11-03T01:59:09.642635,01:59:09,9508.7,9508.7,3
2025-11-03T01:59:21.671819,01:59:21,9503.27,9503.27,3
2025-11-03T01:59:33.590075,01:59:33,9501.57,9501.57,3
2025-11-03T01:59:45.512076,01:59:45,9508.83,9508.83,3
2025-11-03T01:59:57.553949,01:59:57,9511.96,9511.96,3
2025-11-03T02:00:09.453186,02:00:09,9512.68,9512.68,3
2025-11-03T02:00:21.388300,02:00:21,9505.86,9505.86,3
2025-11-03T02:00:33.341512,02:00:33,9509.47,9509.47,3
2025-11-03T02:00:45.365379,02:00:45,9505.74,9505.74,3
2025-11-03T02:00:57.609586,02:00:57,9504.21,9504.21,3
2025-11-03T02:01:09.547673,02:01:09,9500.89,9500.89,3
2025-11-03T02:01:21.565156,02:01:21,9509.09,9509.09,3
2025-11-03T02:01:33.581542,02:01:33,9522.73,9522.73,3
2025-11-03T02:01:45.513449,02:01:45,9530.08,9530.08,3
2025-11-03T02:01:57.096677,02:01:57,9551.08,9551.08,3
2025-11-03T02:02:08.998125,02:02:08,9542.75,9542.75,3
2025-11-03T02:02:20.966149,02:02:20,9542.95,9542.95,3
2025-11-03T02:02:33.196016,02:02:33,9554.49,9554.49,3
2025-11-03T02:02:45.266163,02:02:45,9547.19,9547.19,3
2025-11-03T02:02:56.906109,02:02:56,9542.63,9542.63,3
2025-11-03T02:03:08.561170,02:03:08,9529.6,9529.6,3
2025-11-03T02:03:20.472695,02:03:20,9526.47,9526.47,3
2025-11-03T02:03:32.459763,02:03:32,9526.78,9526.78,3
2025-11-03T02:03:44.680384,02:03:44,9537.04,9537.04,3
2025-11-03T02:03:56.609443,02:03:56,9535.25,9535.25,3
2025-11-03T02:04:08.233221,02:04:08,9527.54,9527.54,3
2025-11-03T02:04:20.455385,02:04:20,9569.91,9569.91,3
2025-11-03T02:04:32.677756,02:04:32,9570.16,9570.16,3
2025-11-03T02:04:44.649099,02:04:44,9587.0,9587.0,3
2025-11-03T02:04:56.589476,02:04:56,9602.22,9602.22,3
2025-11-03T02:05:08.261410,02:05:08,9593.78,9593.78,3
2025-11-03T02:05:20.483990,02:05:20,9579.1,9579.1,3
2025-11-03T02:05:32.201934,02:05:32,9576.89,9576.89,3
2025-11-03T02:05:43.949218,02:05:43,9573.35,9573.35,3
2025-11-03T02:05:55.895462,02:05:55,9569.54,9569.54,3
2025-11-03T02:06:07.836526,02:06:07,9562.03,9562.03,3
2025-11-03T02:06:19.469273,02:06:19,9546.67,9546.67,3
2025-11-03T02:06:31.407555,02:06:31,9545.15,9545.15,3
2025-11-03T02:06:43.411246,02:06:43,9541.25,9541.25,3
2025-11-03T02:06:55.386936,02:06:55,9542.4,9542.4,3
2025-11-03T02:07:07.398492,02:07:07,9546.08,9546.08,3
2025-11-03T02:07:19.340017,02:07:19,9542.62,9542.62,3
2025-11-03T02:07:31.334351,02:07:31,9543.4,9543.4,3
2025-11-03T02:07:43.366602,02:07:43,9545.0,9545.0,3
2025-11-03T02:07:55.410525,02:07:55,9544.39,9544.39,3
2025-11-03T02:08:07.362829,02:08:07,9558.84,9558.84,3
2025-11-03T02:08:19.382437,02:08:19,9560.2,9560.2,3
2025-11-03T02:08:31.007436,02:08:31,9558.12,9558.12,3
2025-11-03T02:08:42.945583,02:08:42,9558.93,9558.93,3
2025-11-03T02:08:55.161878,02:08:55,9568.14,9568.14,3
2025-11-03T02:09:06.796825,02:09:06,9581.4,9581.4,3
2025-11-03T02:09:18.708911,02:09:18,9583.21,9583.21,3
2025-11-03T02:09:30.652848,02:09:30,9582.26,9582.26,3
2025-11-03T02:09:42.605820,02:09:42,9582.78,9582.78,3
2025-11-03T02:09:54.536300,02:09:54,9575.2,9575.2,3
2025-11-03T02:10:06.489163,02:10:06,9590.15,9590.15,3
2025-11-03T02:10:18.528578,02:10:18,9589.28,9589.28,3
2025-11-03T02:10:30.481209,02:10:30,9597.43,9597.43,3
2025-11-03T02:10:42.401083,02:10:42,9609.97,9609.97,3
2025-11-03T02:10:54.432788,02:10:54,9611.92,9611.92,3
2025-11-03T02:11:06.384526,02:11:06,9615.22,9615.22,3
2025-11-03T02:11:18.593026,02:11:18,9615.32,9615.32,3
2025-11-03T02:11:30.579402,02:11:30,9611.34,9611.34,3
2025-11-03T02:11:42.507104,02:11:42,9610.27,9610.27,3
2025-11-03T02:11:54.429336,02:11:54,9610.21,9610.21,3
2025-11-03T02:12:06.417445,02:12:06,9613.04,9613.04,3
2025-11-03T02:12:18.326879,02:12:18,9617.22,9617.22,3
2025-11-03T02:12:30.045176,02:12:30,9617.58,9617.58,3
2025-11-03T02:12:41.957227,02:12:41,9596.33,9596.33,3
2025-11-03T02:12:53.908662,02:12:53,9596.67,9596.67,3
2025-11-03T02:13:05.879150,02:13:05,9596.92,9596.92,3
2025-11-03T02:13:17.792186,02:13:17,9596.14,9596.14,3
2025-11-03T02:13:29.471703,02:13:29,9596.96,9596.96,3
2025-11-03T02:13:41.099686,02:13:41,9622.44,9622.44,3
2025-11-03T02:13:53.367003,02:13:53,9612.74,9612.74,3
2025-11-03T02:14:05.381463,02:14:05,9601.25,9601.25,3
2025-11-03T02:14:17.036039,02:14:17,9588.87,9588.87,3
2025-11-03T02:14:28.948265,02:14:28,9587.6,9587.6,3
2025-11-03T02:14:40.686263,02:14:40,9584.62,9584.62,3
2025-11-03T02:14:52.671700,02:14:52,9593.79,9593.79,3
2025-11-03T02:15:04.612741,02:15:04,9590.2,9590.2,3
2025-11-03T02:15:16.247039,02:15:16,9594.02,9594.02,3
2025-11-03T02:15:28.187487,02:15:28,9596.68,9596.68,3
2025-11-03T02:15:40.344338,02:15:40,9598.83,9598.83,3
2025-11-03T02:15:52.435408,02:15:52,9600.65,9600.65,3
2025-11-03T02:16:04.348669,02:16:04,9601.34,9601.34,3
2025-11-03T02:16:16.608703,02:16:16,9601.83,9601.83,3
2025-11-03T02:16:28.554351,02:16:28,9598.91,9598.91,3
2025-11-03T02:16:40.514048,02:16:40,9597.69,9597.69,3
2025-11-03T02:16:52.538797,02:16:52,9593.17,9593.17,3
2025-11-03T02:17:04.725537,02:17:04,9585.87,9585.87,3
2025-11-03T02:17:16.738202,02:17:16,9583.43,9583.43,3
2025-11-03T02:17:28.716725,02:17:28,9581.92,9581.92,3
2025-11-03T02:17:40.750527,02:17:40,9581.15,9581.15,3
2025-11-03T02:17:52.686130,02:17:52,9580.86,9580.86,3
2025-11-03T02:18:04.620085,02:18:04,9607.88,9607.88,3
2025-11-03T02:18:16.546645,02:18:16,9609.36,9609.36,3
2025-11-03T02:18:28.456205,02:18:28,9615.41,9615.41,3
2025-11-03T02:18:40.453716,02:18:40,9613.62,9613.62,3
2025-11-03T02:18:52.345084,02:18:52,9595.04,9595.04,3
2025-11-03T02:19:04.638239,02:19:04,9607.45,9607.45,3
2025-11-03T02:19:16.574417,02:19:16,9616.37,9616.37,3
2025-11-03T02:19:28.504795,02:19:28,9616.46,9616.46,3
2025-11-03T02:19:40.513201,02:19:40,9624.68,9624.68,3
2025-11-03T02:19:52.466312,02:19:52,9624.03,9624.03,3
2025-11-03T02:20:04.420680,02:20:04,9618.52,9618.52,3
2025-11-03T02:20:16.660759,02:20:16,9595.58,9595.58,3
2025-11-03T02:20:28.651798,02:20:28,9593.8,9593.8,3
2025-11-03T02:20:40.671745,02:20:40,9593.94,9593.94,3
2025-11-03T02:20:52.586825,02:20:52,9592.41,9592.41,3
2025-11-03T02:21:04.558247,02:21:04,9590.21,9590.21,3
2025-11-03T02:21:17.076102,02:21:17,9589.93,9589.93,3
2025-11-03T02:21:29.348753,02:21:29,9603.09,9603.09,3
2025-11-03T02:21:41.594938,02:21:41,9614.68,9614.68,3
2025-11-03T02:21:53.582066,02:21:53,9618.17,9618.17,3
2025-11-03T02:22:05.541462,02:22:05,9621.1,9621.1,3
2025-11-03T02:22:17.502232,02:22:17,9635.0,9635.0,3
2025-11-03T02:22:29.522246,02:22:29,9635.91,9635.91,3
2025-11-03T02:22:41.529794,02:22:41,9633.61,9633.61,3
2025-11-03T02:22:53.553541,02:22:53,9635.31,9635.31,3
2025-11-03T02:23:05.512109,02:23:05,9639.57,9639.57,3
2025-11-03T02:23:17.495318,02:23:17,9640.93,9640.93,3
2025-11-03T02:23:29.414860,02:23:29,9633.55,9633.55,3
2025-11-03T02:23:41.701114,02:23:41,9631.51,9631.51,3
2025-11-03T02:23:53.690843,02:23:53,9628.34,9628.34,3
2025-11-03T02:24:05.654407,02:24:05,9627.95,9627.95,3
2025-11-03T02:24:17.646375,02:24:17,9618.49,9618.49,3
2025-11-03T02:24:29.583475,02:24:29,9619.47,9619.47,3
2025-11-03T02:24:41.552164,02:24:41,9618.05,9618.05,3
2025-11-03T02:24:53.496985,02:24:53,9617.8,9617.8,3
2025-11-03T02:25:05.424478,02:25:05,9599.31,9599.31,3
2025-11-03T02:25:17.396240,02:25:17,9597.27,9597.27,3
2025-11-03T02:25:29.499723,02:25:29,9596.88,9596.88,3
2025-11-03T02:25:41.140622,02:25:41,9596.15,9596.15,3
2025-11-03T02:25:53.384763,02:25:53,9596.19,9596.19,3
2025-11-03T02:26:05.618325,02:26:05,9596.9,9596.9,3
2025-11-03T02:26:17.561862,02:26:17,9607.97,9607.97,3
2025-11-03T02:26:29.479377,02:26:29,9609.28,9609.28,3
2025-11-03T02:26:41.389500,02:26:41,9609.43,9609.43,3
2025-11-03T02:26:53.684004,02:26:53,9618.68,9618.68,3
2025-11-03T02:27:05.762492,02:27:05,9630.44,9630.44,3
2025-11-03T02:27:17.673452,02:27:17,9631.76,9631.76,3
2025-11-03T02:27:29.631007,02:27:29,9631.77,9631.77,3
2025-11-03T02:27:41.591547,02:27:41,9628.65,9628.65,3
2025-11-03T02:27:53.589076,02:27:53,9626.77,9626.77,3
2025-11-03T02:28:05.543472,02:28:05,9625.1,9625.1,3
2025-11-03T02:28:17.474206,02:28:17,9622.84,9622.84,3
2025-11-03T02:28:29.403431,02:28:29,9621.24,9621.24,3
2025-11-03T02:28:41.640359,02:28:41,9621.14,9621.14,3
2025-11-03T02:28:53.581875,02:28:53,9621.67,9621.67,3
2025-11-03T02:29:05.553003,02:29:05,9628.98,9628.98,3
2025-11-03T02:29:17.551975,02:29:17,9632.15,9632.15,3
2025-11-03T02:29:29.601491,02:29:29,9629.51,9629.51,3
2025-11-03T02:29:41.670353,02:29:41,9635.69,9635.69,3
2025-11-03T02:29:53.656995,02:29:53,9639.83,9639.83,3
2025-11-03T02:30:05.343941,02:30:05,9642.3,9642.3,3
2025-11-03T02:30:17.308109,02:30:17,9638.22,9638.22,3
2025-11-03T02:30:29.290293,02:30:29,9649.23,9649.23,3
2025-11-03T02:30:41.183118,02:30:41,9640.56,9640.56,3
2025-11-03T02:30:53.587572,02:30:53,9634.0,9634.0,3
2025-11-03T02:31:05.514914,02:31:05,9636.25,9636.25,3
2025-11-03T02:31:17.565576,02:31:17,9641.05,9641.05,3
2025-11-03T02:31:29.537172,02:31:29,9647.51,9647.51,3
2025-11-03T02:31:41.539490,02:31:41,9646.69,9646.69,3
2025-11-03T02:31:53.860310,02:31:53,9649.41,9649.41,3
2025-11-03T02:32:05.487262,02:32:05,9662.61,9662.61,3
2025-11-03T02:32:17.411075,02:32:17,9667.44,9667.44,3
2025-11-03T02:32:29.349834,02:32:29,9675.51,9675.51,3
2025-11-03T02:32:41.591898,02:32:41,9678.94,9678.94,3
2025-11-03T02:32:53.522369,02:32:53,9681.13,9681.13,3
2025-11-03T02:33:05.530356,02:33:05,9682.76,9682.76,3
2025-11-03T02:33:17.469922,02:33:17,9680.48,9680.48,3
2025-11-03T02:33:29.439793,02:33:29,9680.63,9680.63,3
2025-11-03T02:33:41.394900,02:33:41,9679.85,9679.85,3
2025-11-03T02:33:53.364473,02:33:53,9680.24,9680.24,3
2025-11-03T02:34:05.626744,02:34:05,9678.21,9678.21,3
2025-11-03T02:34:17.589194,02:34:17,9679.9,9679.9,3
2025-11-03T02:34:29.547608,02:34:29,9679.62,9679.62,3
2025-11-03T02:34:41.498330,02:34:41,9679.33,9679.33,3
2025-11-03T02:34:53.189036,02:34:53,9676.39,9676.39,3
2025-11-03T02:35:04.830491,02:35:04,9676.0,9676.0,3
2025-11-03T02:35:16.481663,02:35:16,9664.75,9664.75,3
2025-11-03T02:35:28.486627,02:35:28,9664.03,9664.03,3
2025-11-03T02:35:40.459821,02:35:40,9663.37,9663.37,3
2025-11-03T02:35:52.388778,02:35:52,9654.03,9654.03,3
2025-11-03T02:36:04.633035,02:36:04,9654.67,9654.67,3
2025-11-03T02:36:16.627891,02:36:16,9653.6,9653.6,3
2025-11-03T02:36:28.537302,02:36:28,9674.04,9674.04,3
2025-11-03T02:36:40.490521,02:36:40,9677.57,9677.57,3
2025-11-03T02:36:52.511808,02:36:52,9680.0,9680.0,3
2025-11-03T02:37:04.483679,02:37:04,9681.49,9681.49,3
2025-11-03T02:37:16.439703,02:37:16,9679.93,9679.93,3
2025-11-03T02:37:28.646624,02:37:28,9670.73,9670.73,3
2025-11-03T02:37:40.650060,02:37:40,9665.42,9665.42,3
2025-11-03T02:37:52.657643,02:37:52,9662.05,9662.05,3
2025-11-03T02:38:04.577489,02:38:04,9660.4,9660.4,3
2025-11-03T02:38:16.505470,02:38:16,9656.38,9656.38,3
2025-11-03T02:38:28.432160,02:38:28,9657.48,9657.48,3
2025-11-03T02:38:40.369291,02:38:40,9658.55,9658.55,3
2025-11-03T02:38:52.362182,02:38:52,9659.61,9659.61,3
2025-11-03T02:39:04.358911,02:39:04,9654.24,9654.24,3
2025-11-03T02:39:16.563554,02:39:16,9652.13,9652.13,3
2025-11-03T02:39:28.541235,02:39:28,9651.15,9651.15,3
2025-11-03T02:39:40.477394,02:39:40,9635.71,9635.71,3
2025-11-03T02:39:52.446128,02:39:52,9627.98,9627.98,3
2025-11-03T02:40:04.426628,02:40:04,9587.03,9587.03,3
2025-11-03T02:40:16.616139,02:40:16,9569.76,9569.76,3
2025-11-03T02:40:28.521421,02:40:28,9545.36,9545.36,3
2025-11-03T02:40:40.390749,02:40:40,9551.61,9551.61,3
2025-11-03T02:40:52.401650,02:40:52,9561.84,9561.84,3
2025-11-03T02:41:04.413999,02:41:04,9563.51,9563.51,3
2025-11-03T02:41:16.586477,02:41:16,9557.11,9557.11,3
2025-11-03T02:41:28.818915,02:41:28,9567.4,9567.4,3
2025-11-03T02:41:40.803187,02:41:40,9575.95,9575.95,3
2025-11-03T02:41:52.741740,02:41:52,9578.03,9578.03,3
2025-11-03T02:42:04.671706,02:42:04,9572.49,9572.49,3
2025-11-03T02:42:16.607523,02:42:16,9574.29,9574.29,3
2025-11-03T02:42:28.272640,02:42:28,9581.7,9581.7,3
2025-11-03T02:42:40.275885,02:42:40,9586.59,9586.59,3
2025-11-03T02:42:52.495978,02:42:52,9581.3,9581.3,3
2025-11-03T02:43:04.433614,02:43:04,9582.39,9582.39,3
2025-11-03T02:43:16.648369,02:43:16,9583.5,9583.5,3
2025-11-03T02:43:28.648241,02:43:28,9584.01,9584.01,3
2025-11-03T02:43:40.602785,02:43:40,9583.69,9583.69,3
2025-11-03T02:43:52.614161,02:43:52,9583.21,9583.21,3
2025-11-03T02:44:04.577716,02:44:04,9581.71,9581.71,3
2025-11-03T02:44:16.545982,02:44:16,9566.26,9566.26,3
2025-11-03T02:44:28.459011,02:44:28,9562.64,9562.64,3
2025-11-03T02:44:40.432527,02:44:40,9561.74,9561.74,3
2025-11-03T02:44:52.369883,02:44:52,9573.79,9573.79,3
2025-11-03T02:45:04.324259,02:45:04,9580.42,9580.42,3
2025-11-03T02:45:16.278794,02:45:16,9577.95,9577.95,3
2025-11-03T02:45:28.606565,02:45:28,9576.58,9576.58,3
2025-11-03T02:45:40.604894,02:45:40,9575.67,9575.67,3
2025-11-03T02:45:52.623928,02:45:52,9573.56,9573.56,3
2025-11-03T02:46:04.604858,02:46:04,9572.33,9572.33,3
2025-11-03T02:46:16.550570,02:46:16,9568.25,9568.25,3
2025-11-03T02:46:28.549881,02:46:28,9553.68,9553.68,3
2025-11-03T02:46:40.438022,02:46:40,9541.37,9541.37,3
2025-11-03T02:46:52.424488,02:46:52,9541.23,9541.23,3
2025-11-03T02:47:04.380070,02:47:04,9549.1,9549.1,3
2025-11-03T02:47:16.636314,02:47:16,9548.1,9548.1,3
2025-11-03T02:47:28.551730,02:47:28,9544.9,9544.9,3
2025-11-03T02:47:40.574702,02:47:40,9549.02,9549.02,3
2025-11-03T02:47:52.541232,02:47:52,9550.04,9550.04,3
2025-11-03T02:48:04.783346,02:48:04,9549.59,9549.59,3
2025-11-03T02:48:16.716969,02:48:16,9550.39,9550.39,3
2025-11-03T02:48:28.677835,02:48:28,9569.89,9569.89,3
2025-11-03T02:48:40.616153,02:48:40,9569.91,9569.91,3
2025-11-03T02:48:52.562173,02:48:52,9581.67,9581.67,3
2025-11-03T02:49:04.586859,02:49:04,9597.78,9597.78,3
2025-11-03T02:49:16.507990,02:49:16,9598.32,9598.32,3
2025-11-03T02:49:28.471851,02:49:28,9597.9,9597.9,3
2025-11-03T02:49:40.416984,02:49:40,9596.55,9596.55,3
2025-11-03T02:49:52.429453,02:49:52,9594.58,9594.58,3
2025-11-03T02:50:04.380453,02:50:04,9596.75,9596.75,3
2025-11-03T02:50:16.590359,02:50:16,9594.55,9594.55,3
2025-11-03T02:50:28.633379,02:50:28,9593.51,9593.51,3
2025-11-03T02:50:40.593756,02:50:40,9586.82,9586.82,3
2025-11-03T02:50:52.542660,02:50:52,9587.35,9587.35,3
2025-11-03T02:51:04.479657,02:51:04,9591.57,9591.57,3
2025-11-03T02:51:16.714137,02:51:16,9599.63,9599.63,3
2025-11-03T02:51:28.673305,02:51:28,9604.62,9604.62,3
2025-11-03T02:51:40.729966,02:51:40,9621.64,9621.64,3
2025-11-03T02:51:52.735329,02:51:52,9621.23,9621.23,3
2025-11-03T02:52:04.720560,02:52:04,9589.02,9589.02,3
2025-11-03T02:52:16.804090,02:52:16,9574.81,9574.81,3
2025-11-03T02:52:28.718989,02:52:28,9574.44,9574.44,3
2025-11-03T02:52:40.685522,02:52:40,9572.33,9572.33,3
2025-11-03T02:52:52.630577,02:52:52,9577.02,9577.02,3
2025-11-03T02:53:04.664799,02:53:04,9584.12,9584.12,3
2025-11-03T02:53:16.614487,02:53:16,9569.5,9569.5,3
2025-11-03T02:53:28.575763,02:53:28,9573.86,9573.86,3
2025-11-03T02:53:40.647576,02:53:40,9582.63,9582.63,3
2025-11-03T02:53:52.634435,02:53:52,9584.0,9584.0,3
2025-11-03T02:54:04.581039,02:54:04,9589.7,9589.7,3
2025-11-03T02:54:16.546585,02:54:16,9591.69,9591.69,3
2025-11-03T02:54:28.515936,02:54:28,9592.42,9592.42,3
2025-11-03T02:54:40.446662,02:54:40,9590.66,9590.66,3
2025-11-03T02:54:52.407722,02:54:52,9583.93,9583.93,3
2025-11-03T02:55:04.638484,02:55:04,9583.79,9583.79,3
2025-11-03T02:55:16.554528,02:55:16,9582.57,9582.57,3
2025-11-03T02:55:28.518626,02:55:28,9579.99,9579.99,3
2025-11-03T02:55:40.237546,02:55:40,9576.76,9576.76,3
2025-11-03T02:55:52.479454,02:55:52,9575.62,9575.62,3
2025-11-03T02:56:04.368824,02:56:04,9575.33,9575.33,3
2025-11-03T02:56:16.600784,02:56:16,9575.47,9575.47,3
2025-11-03T02:56:28.544928,02:56:28,9575.66,9575.66,3
2025-11-03T02:56:40.244047,02:56:40,9577.79,9577.79,3
2025-11-03T02:56:52.195075,02:56:52,9579.36,9579.36,3
2025-11-03T02:57:04.433517,02:57:04,9581.3,9581.3,3
2025-11-03T02:57:16.365892,02:57:16,9582.45,9582.45,3
2025-11-03T02:57:28.391691,02:57:28,9583.89,9583.89,3
2025-11-03T02:57:40.618103,02:57:40,9592.78,9592.78,3
2025-11-03T02:57:52.638043,02:57:52,9592.67,9592.67,3
2025-11-03T02:58:04.903926,02:58:04,9596.12,9596.12,3
2025-11-03T02:58:16.926601,02:58:16,9601.04,9601.04,3
2025-11-03T02:58:29.158452,02:58:29,9602.12,9602.12,3
2025-11-03T02:58:41.124193,02:58:41,9602.18,9602.18,3
2025-11-03T02:58:53.099322,02:58:53,9598.27,9598.27,3
2025-11-03T02:59:05.322290,02:59:05,9585.75,9585.75,3
2025-11-03T02:59:17.601391,02:59:17,9584.38,9584.38,3
2025-11-03T02:59:29.553024,02:59:29,9582.37,9582.37,3
2025-11-03T02:59:41.518370,02:59:41,9579.09,9579.09,3
2025-11-03T02:59:53.427058,02:59:53,9577.12,9577.12,3
2025-11-03T03:00:05.375522,03:00:05,9573.62,9573.62,3
2025-11-03T03:00:17.405708,03:00:17,9578.22,9578.22,3
2025-11-03T03:00:29.348148,03:00:29,9594.01,9594.01,3
2025-11-03T03:00:41.546862,03:00:41,9598.12,9598.12,3
2025-11-03T03:00:53.465793,03:00:53,9613.97,9613.97,3
2025-11-03T03:01:05.467498,03:01:05,9619.54,9619.54,3
2025-11-03T03:01:17.521119,03:01:17,9620.24,9620.24,3
2025-11-03T03:01:29.504104,03:01:29,9622.91,9622.91,3
2025-11-03T03:01:41.538824,03:01:41,9629.1,9629.1,3
2025-11-03T03:01:53.540058,03:01:53,9627.09,9627.09,3
2025-11-03T03:02:05.468954,03:02:05,9595.26,9595.26,3
2025-11-03T03:02:17.418854,03:02:17,9581.31,9581.31,3
2025-11-03T03:02:29.406947,03:02:29,9580.89,9580.89,3
2025-11-03T03:02:41.484066,03:02:41,9582.88,9582.88,3
2025-11-03T03:02:53.729485,03:02:53,9584.82,9584.82,3
2025-11-03T03:03:05.667069,03:03:05,9590.89,9590.89,3
2025-11-03T03:03:17.608904,03:03:17,9591.13,9591.13,3
2025-11-03T03:03:29.601415,03:03:29,9583.03,9583.03,3
2025-11-03T03:03:41.590648,03:03:41,9583.26,9583.26,3
2025-11-03T03:03:53.545516,03:03:53,9588.11,9588.11,3
2025-11-03T03:04:05.484410,03:04:05,9590.18,9590.18,3
2025-11-03T03:04:17.453676,03:04:17,9591.96,9591.96,3
2025-11-03T03:04:29.364519,03:04:29,9590.97,9590.97,3
2025-11-03T03:04:41.654228,03:04:41,9590.69,9590.69,3
2025-11-03T03:04:53.651539,03:04:53,9587.77,9587.77,3
2025-11-03T03:05:05.620185,03:05:05,9594.77,9594.77,3
2025-11-03T03:05:17.540778,03:05:17,9592.95,9592.95,3
2025-11-03T03:05:29.561967,03:05:29,9583.94,9583.94,3
2025-11-03T03:05:41.547708,03:05:41,9594.58,9594.58,3
2025-11-03T03:05:53.558006,03:05:53,9602.82,9602.82,3
2025-11-03T03:06:05.255904,03:06:05,9601.18,9601.18,3
2025-11-03T03:06:17.220114,03:06:17,9587.12,9587.12,3
2025-11-03T03:06:29.458250,03:06:29,9589.11,9589.11,3
2025-11-03T03:06:41.441498,03:06:41,9583.53,9583.53,3
2025-11-03T03:06:53.479508,03:06:53,9584.75,9584.75,3
2025-11-03T03:07:05.141534,03:07:05,9583.83,9583.83,3
2025-11-03T03:07:17.409268,03:07:17,9580.4,9580.4,3
2025-11-03T03:07:29.643172,03:07:29,9587.87,9587.87,3
2025-11-03T03:07:41.614028,03:07:41,9594.69,9594.69,3
2025-11-03T03:07:53.667126,03:07:53,9593.87,9593.87,3
2025-11-03T03:08:05.546041,03:08:05,9598.39,9598.39,3
2025-11-03T03:08:17.501333,03:08:17,9620.52,9620.52,3
2025-11-03T03:08:29.422820,03:08:29,9620.54,9620.54,3
2025-11-03T03:08:41.383472,03:08:41,9626.38,9626.38,3
2025-11-03T03:08:53.366743,03:08:53,9626.27,9626.27,3
2025-11-03T03:09:05.607400,03:09:05,9615.08,9615.08,3
2025-11-03T03:09:17.600350,03:09:17,9610.42,9610.42,3
2025-11-03T03:09:29.605215,03:09:29,9607.02,9607.02,3
2025-11-03T03:09:41.639389,03:09:41,9611.8,9611.8,3
2025-11-03T03:09:53.603010,03:09:53,9610.33,9610.33,3
2025-11-03T03:10:05.565494,03:10:05,9603.45,9603.45,3
2025-11-03T03:10:17.552567,03:10:17,9603.47,9603.47,3
2025-11-03T03:10:29.513278,03:10:29,9603.61,9603.61,3
2025-11-03T03:10:41.447951,03:10:41,9606.82,9606.82,3
2025-11-03T03:10:53.383794,03:10:53,9604.98,9604.98,3
2025-11-03T03:11:05.283798,03:11:05,9603.34,9603.34,3
2025-11-03T03:11:17.570286,03:11:17,9597.96,9597.96,3
2025-11-03T03:11:29.532247,03:11:29,9597.34,9597.34,3
2025-11-03T03:11:41.497014,03:11:41,9602.18,9602.18,3
2025-11-03T03:11:53.448368,03:11:53,9602.86,9602.86,3
2025-11-03T03:12:05.095277,03:12:05,9574.47,9574.47,3
2025-11-03T03:12:17.355759,03:12:17,9573.28,9573.28,3
2025-11-03T03:12:29.306751,03:12:29,9569.92,9569.92,3
2025-11-03T03:12:41.534118,03:12:41,9566.52,9566.52,3
2025-11-03T03:12:53.558335,03:12:53,9555.98,9555.98,3
2025-11-03T03:13:05.479038,03:13:05,9559.62,9559.62,3
2025-11-03T03:13:17.461712,03:13:17,9565.76,9565.76,3
2025-11-03T03:13:29.123809,03:13:29,9566.17,9566.17,3
2025-11-03T03:13:41.334788,03:13:41,9568.3,9568.3,3
2025-11-03T03:13:53.383712,03:13:53,9580.51,9580.51,3
2025-11-03T03:14:05.627667,03:14:05,9581.32,9581.32,3
2025-11-03T03:14:18.080417,03:14:18,9587.8,9587.8,3
2025-11-03T03:14:30.291222,03:14:30,9597.56,9597.56,3
2025-11-03T03:14:42.279509,03:14:42,9596.8,9596.8,3
2025-11-03T03:14:54.575604,03:14:54,9602.26,9602.26,3
2025-11-03T03:15:06.581416,03:15:06,9605.05,9605.05,3
2025-11-03T03:15:18.640137,03:15:18,9608.97,9608.97,3
2025-11-03T03:15:30.598395,03:15:30,9613.2,9613.2,3
2025-11-03T03:15:42.531252,03:15:42,9613.55,9613.55,3
2025-11-03T03:15:54.713284,03:15:54,9613.56,9613.56,3
2025-11-03T03:16:06.668587,03:16:06,9612.75,9612.75,3
2025-11-03T03:16:18.596070,03:16:18,9613.54,9613.54,3
2025-11-03T03:16:30.579597,03:16:30,9614.63,9614.63,3
2025-11-03T03:16:42.605400,03:16:42,9615.84,9615.84,3
2025-11-03T03:16:54.559151,03:16:54,9621.25,9621.25,3
2025-11-03T03:17:06.544837,03:17:06,9622.34,9622.34,3
2025-11-03T03:17:18.561198,03:17:18,9640.38,9640.38,3
2025-11-03T03:17:30.521046,03:17:30,9634.19,9634.19,3
2025-11-03T03:17:42.464011,03:17:42,9641.66,9641.66,3
2025-11-03T03:17:54.414997,03:17:54,9643.13,9643.13,3
2025-11-03T03:18:06.634006,03:18:06,9642.21,9642.21,3
2025-11-03T03:18:18.601171,03:18:18,9641.67,9641.67,3
2025-11-03T03:18:30.592517,03:18:30,9624.74,9624.74,3
2025-11-03T03:18:42.545392,03:18:42,9614.14,9614.14,3
2025-11-03T03:18:54.520717,03:18:54,9615.15,9615.15,3
2025-11-03T03:19:06.190559,03:19:06,9612.03,9612.03,3
2025-11-03T03:19:18.404026,03:19:18,9613.67,9613.67,3
2025-11-03T03:19:30.368760,03:19:30,9615.14,9615.14,3
2025-11-03T03:19:42.422603,03:19:42,9612.77,9612.77,3
2025-11-03T03:19:54.414569,03:19:54,9619.05,9619.05,3
2025-11-03T03:20:06.383065,03:20:06,9622.13,9622.13,3
2025-11-03T03:20:18.647510,03:20:18,9631.39,9631.39,3
2025-11-03T03:20:30.592302,03:20:30,9649.6,9649.6,3
2025-11-03T03:20:42.570861,03:20:42,9654.96,9654.96,3
2025-11-03T03:20:54.591525,03:20:54,9660.04,9660.04,3
2025-11-03T03:21:06.502113,03:21:06,9663.95,9663.95,3
2025-11-03T03:21:18.503828,03:21:18,9664.76,9664.76,3
2025-11-03T03:21:30.468472,03:21:30,9641.14,9641.14,3
2025-11-03T03:21:42.734749,03:21:42,9640.82,9640.82,3
2025-11-03T03:21:54.755953,03:21:54,9640.16,9640.16,3
2025-11-03T03:22:06.784590,03:22:06,9636.6,9636.6,3
2025-11-03T03:22:18.756317,03:22:18,9632.68,9632.68,3
2025-11-03T03:22:30.991015,03:22:30,9640.12,9640.12,3
2025-11-03T03:22:42.893043,03:22:42,9637.64,9637.64,3
2025-11-03T03:22:55.117796,03:22:55,9636.89,9636.89,3
2025-11-03T03:23:06.993874,03:23:06,9636.25,9636.25,3
2025-11-03T03:23:19.247471,03:23:19,9631.87,9631.87,3
2025-11-03T03:23:31.297275,03:23:31,9635.56,9635.56,3
2025-11-03T03:23:43.634987,03:23:43,9638.01,9638.01,3
2025-11-03T03:23:55.631290,03:23:55,9636.39,9636.39,3
2025-11-03T03:24:07.590143,03:24:07,9633.36,9633.36,3
2025-11-03T03:24:19.611855,03:24:19,9618.86,9618.86,3
2025-11-03T03:24:31.564849,03:24:31,9617.4,9617.4,3
2025-11-03T03:24:43.614160,03:24:43,9616.17,9616.17,3
2025-11-03T03:24:55.599647,03:24:55,9614.5,9614.5,3
2025-11-03T03:25:07.534077,03:25:07,9593.57,9593.57,3
2025-11-03T03:25:19.467798,03:25:19,9593.72,9593.72,3
2025-11-03T03:25:31.379183,03:25:31,9574.81,9574.81,3
2025-11-03T03:25:43.599749,03:25:43,9576.17,9576.17,3
2025-11-03T03:25:55.621169,03:25:55,9572.01,9572.01,3
2025-11-03T03:26:07.576357,03:26:07,9564.77,9564.77,3
2025-11-03T03:26:19.604950,03:26:19,9563.06,9563.06,3
2025-11-03T03:26:31.816986,03:26:31,9561.72,9561.72,3
2025-11-03T03:26:43.809606,03:26:43,9563.55,9563.55,3
2025-11-03T03:26:55.797461,03:26:55,9567.05,9567.05,3
2025-11-03T03:27:07.800988,03:27:07,9558.76,9558.76,3
2025-11-03T03:27:19.722821,03:27:19,9562.91,9562.91,3
2025-11-03T03:27:31.645940,03:27:31,9561.32,9561.32,3
2025-11-03T03:27:43.696697,03:27:43,9556.29,9556.29,3
2025-11-03T03:27:55.669948,03:27:55,9552.89,9552.89,3
2025-11-03T03:28:07.621454,03:28:07,9550.48,9550.48,3
2025-11-03T03:28:19.614010,03:28:19,9546.73,9546.73,3
2025-11-03T03:28:31.616214,03:28:31,9542.69,9542.69,3
2025-11-03T03:28:43.537677,03:28:43,9541.21,9541.21,3
2025-11-03T03:28:55.465144,03:28:55,9546.86,9546.86,3
2025-11-03T03:29:07.409917,03:29:07,9546.21,9546.21,3
2025-11-03T03:29:19.682437,03:29:19,9549.65,9549.65,3
2025-11-03T03:29:31.667448,03:29:31,9553.96,9553.96,3
2025-11-03T03:29:43.609119,03:29:43,9558.79,9558.79,3
2025-11-03T03:29:55.529827,03:29:55,9561.9,9561.9,3
2025-11-03T03:30:07.521314,03:30:07,9568.39,9568.39,3
2025-11-03T03:30:19.452154,03:30:19,9564.56,9564.56,3
2025-11-03T03:30:31.452036,03:30:31,9555.24,9555.24,3
2025-11-03T03:30:43.348518,03:30:43,9552.42,9552.42,3
2025-11-03T03:30:55.375677,03:30:55,9541.9,9541.9,3
2025-11-03T03:31:07.293309,03:31:07,9543.67,9543.67,3
2025-11-03T03:31:19.560298,03:31:19,9548.42,9548.42,3
2025-11-03T03:31:31.201028,03:31:31,9545.7,9545.7,3
2025-11-03T03:31:43.213433,03:31:43,9547.55,9547.55,3
2025-11-03T03:31:55.502701,03:31:55,9544.96,9544.96,3
2025-11-03T03:32:07.425896,03:32:07,9544.08,9544.08,3
2025-11-03T03:32:19.679342,03:32:19,9543.44,9543.44,3
2025-11-03T03:32:31.643504,03:32:31,9542.33,9542.33,3
2025-11-03T03:32:43.580118,03:32:43,9548.23,9548.23,3
2025-11-03T03:32:55.783572,03:32:55,9549.49,9549.49,3
2025-11-03T03:33:07.743057,03:33:07,9550.49,9550.49,3
2025-11-03T03:33:19.709227,03:33:19,9553.49,9553.49,3
2025-11-03T03:33:31.734545,03:33:31,9556.69,9556.69,3
2025-11-03T03:33:43.670145,03:33:43,9557.71,9557.71,3
2025-11-03T03:33:55.619008,03:33:55,9557.69,9557.69,3
2025-11-03T03:34:07.569617,03:34:07,9557.23,9557.23,3
2025-11-03T03:34:19.518009,03:34:19,9555.31,9555.31,3
2025-11-03T03:34:31.533265,03:34:31,9553.98,9553.98,3
2025-11-03T03:34:43.466011,03:34:43,9552.91,9552.91,3
2025-11-03T03:34:55.439270,03:34:55,9551.87,9551.87,3
2025-11-03T03:35:07.431428,03:35:07,9551.21,9551.21,3
2025-11-03T03:35:19.654208,03:35:19,9551.34,9551.34,3
2025-11-03T03:35:31.606568,03:35:31,9550.48,9550.48,3
2025-11-03T03:35:43.684364,03:35:43,9548.41,9548.41,3
2025-11-03T03:35:55.424644,03:35:55,9532.19,9532.19,3
2025-11-03T03:36:07.627431,03:36:07,9540.26,9540.26,3
2025-11-03T03:36:19.611784,03:36:19,9555.48,9555.48,3
2025-11-03T03:36:31.551569,03:36:31,9558.76,9558.76,3
2025-11-03T03:36:43.505146,03:36:43,9557.95,9557.95,3
2025-11-03T03:36:55.479653,03:36:55,9559.92,9559.92,3
2025-11-03T03:37:07.555155,03:37:07,9570.08,9570.08,3
2025-11-03T03:37:19.492153,03:37:19,9574.29,9574.29,3
2025-11-03T03:37:31.476926,03:37:31,9578.56,9578.56,3
2025-11-03T03:37:43.442903,03:37:43,9580.83,9580.83,3
2025-11-03T03:37:55.676577,03:37:55,9582.23,9582.23,3
2025-11-03T03:38:07.605013,03:38:07,9573.47,9573.47,3
2025-11-03T03:38:19.534908,03:38:19,9565.87,9565.87,3
2025-11-03T03:38:31.427289,03:38:31,9569.7,9569.7,3
2025-11-03T03:38:43.378175,03:38:43,9578.14,9578.14,3
2025-11-03T03:38:55.604929,03:38:55,9577.06,9577.06,3
2025-11-03T03:39:07.531303,03:39:07,9575.55,9575.55,3
2025-11-03T03:39:19.506043,03:39:19,9575.9,9575.9,3
2025-11-03T03:39:31.497330,03:39:31,9568.91,9568.91,3
2025-11-03T03:39:43.496319,03:39:43,9566.83,9566.83,3
2025-11-03T03:39:55.472019,03:39:55,9564.09,9564.09,3
2025-11-03T03:40:07.163457,03:40:07,9559.18,9559.18,3
2025-11-03T03:40:19.188224,03:40:19,9555.72,9555.72,3
2025-11-03T03:40:31.444076,03:40:31,9553.84,9553.84,3
2025-11-03T03:40:43.404944,03:40:43,9554.8,9554.8,3
2025-11-03T03:40:55.337947,03:40:55,9555.65,9555.65,3
2025-11-03T03:41:07.650265,03:41:07,9556.75,9556.75,3
2025-11-03T03:41:19.589434,03:41:19,9558.59,9558.59,3
2025-11-03T03:41:31.512074,03:41:31,9558.99,9558.99,3
2025-11-03T03:41:43.472864,03:41:43,9559.26,9559.26,3
2025-11-03T03:41:55.388757,03:41:55,9559.84,9559.84,3
2025-11-03T03:42:07.624925,03:42:07,9561.6,9561.6,3
2025-11-03T03:42:19.538831,03:42:19,9562.92,9562.92,3
2025-11-03T03:42:31.546905,03:42:31,9564.01,9564.01,3
2025-11-03T03:42:43.184054,03:42:43,9562.6,9562.6,3
2025-11-03T03:42:55.100893,03:42:55,9561.49,9561.49,3
2025-11-03T03:43:07.399492,03:43:07,9560.21,9560.21,3
2025-11-03T03:43:19.350237,03:43:19,9558.41,9558.41,3
2025-11-03T03:43:31.257813,03:43:31,9555.73,9555.73,3
2025-11-03T03:43:43.202594,03:43:43,9553.86,9553.86,3
2025-11-03T03:43:55.402944,03:43:55,9536.14,9536.14,3
2025-11-03T03:44:07.390146,03:44:07,9541.13,9541.13,3
2025-11-03T03:44:19.104859,03:44:19,9536.91,9536.91,3
2025-11-03T03:44:31.071562,03:44:31,9537.68,9537.68,3
2025-11-03T03:44:43.352219,03:44:43,9525.6,9525.6,3
2025-11-03T03:44:55.345262,03:44:55,9515.95,9515.95,3
2025-11-03T03:45:07.338381,03:45:07,9531.92,9531.92,3
2025-11-03T03:45:19.535240,03:45:19,9531.38,9531.38,3
2025-11-03T03:45:31.477252,03:45:31,9530.84,9530.84,3
2025-11-03T03:45:43.416865,03:45:43,9511.41,9511.41,3
2025-11-03T03:45:55.621756,03:45:55,9518.13,9518.13,3
2025-11-03T03:46:07.634017,03:46:07,9523.46,9523.46,3
2025-11-03T03:46:19.594646,03:46:19,9527.98,9527.98,3
2025-11-03T03:46:31.557506,03:46:31,9531.6,9531.6,3
2025-11-03T03:46:43.498435,03:46:43,9529.69,9529.69,3
2025-11-03T03:46:55.713098,03:46:55,9529.08,9529.08,3
2025-11-03T03:47:07.688133,03:47:07,9527.9,9527.9,3
2025-11-03T03:47:19.614562,03:47:19,9522.82,9522.82,3
2025-11-03T03:47:31.710204,03:47:31,9516.71,9516.71,3
2025-11-03T03:47:43.662360,03:47:43,9517.68,9517.68,3
2025-11-03T03:47:55.694214,03:47:55,9530.93,9530.93,3
2025-11-03T03:48:07.649874,03:48:07,9537.95,9537.95,3
2025-11-03T03:48:19.612085,03:48:19,9539.6,9539.6,3
2025-11-03T03:48:31.566961,03:48:31,9543.29,9543.29,3
2025-11-03T03:48:43.563830,03:48:43,9552.99,9552.99,3
2025-11-03T03:48:55.227257,03:48:55,9552.84,9552.84,3
2025-11-03T03:49:07.175739,03:49:07,9549.52,9549.52,3
2025-11-03T03:49:19.163241,03:49:19,9552.03,9552.03,3
2025-11-03T03:49:30.840252,03:49:30,9555.66,9555.66,3
2025-11-03T03:49:42.462892,03:49:42,9552.72,9552.72,3
2025-11-03T03:49:54.401214,03:49:54,9560.5,9560.5,3
2025-11-03T03:50:06.405421,03:50:06,9564.86,9564.86,3
2025-11-03T03:50:18.630819,03:50:18,9570.81,9570.81,3
2025-11-03T03:50:30.637534,03:50:30,9574.3,9574.3,3
2025-11-03T03:50:42.568557,03:50:42,9581.3,9581.3,3
2025-11-03T03:50:54.505587,03:50:54,9578.38,9578.38,3
2025-11-03T03:51:06.435994,03:51:06,9572.68,9572.68,3
2025-11-03T03:51:18.416594,03:51:18,9563.26,9563.26,3
2025-11-03T03:51:30.025685,03:51:30,9564.05,9564.05,3
2025-11-03T03:51:41.677455,03:51:41,9564.36,9564.36,3
2025-11-03T03:51:53.292945,03:51:53,9565.95,9565.95,3
2025-11-03T03:52:04.948528,03:52:04,9569.41,9569.41,3
2025-11-03T03:52:16.863273,03:52:16,9569.8,9569.8,3
2025-11-03T03:52:28.496009,03:52:28,9570.32,9570.32,3
2025-11-03T03:52:40.450092,03:52:40,9571.0,9571.0,3
2025-11-03T03:52:52.103829,03:52:52,9578.24,9578.24,3
2025-11-03T03:53:04.025303,03:53:04,9577.07,9577.07,3
2025-11-03T03:53:15.783473,03:53:15,9570.14,9570.14,3
2025-11-03T03:53:27.418600,03:53:27,9566.81,9566.81,3
2025-11-03T03:53:39.358225,03:53:39,9568.2,9568.2,3
2025-11-03T03:53:51.050108,03:53:51,9570.68,9570.68,3
2025-11-03T03:54:02.982899,03:54:02,9577.91,9577.91,3
2025-11-03T03:54:14.670538,03:54:14,9583.95,9583.95,3
2025-11-03T03:54:26.585051,03:54:26,9588.23,9588.23,3
2025-11-03T03:54:38.222185,03:54:38,9587.46,9587.46,3
2025-11-03T03:54:50.165778,03:54:50,9581.63,9581.63,3
2025-11-03T03:55:01.839924,03:55:01,9577.51,9577.51,3
2025-11-03T03:55:13.772357,03:55:13,9566.9,9566.9,3
2025-11-03T03:55:25.468563,03:55:25,9566.07,9566.07,3
2025-11-03T03:55:37.185962,03:55:37,9563.99,9563.99,3
2025-11-03T03:55:49.229447,03:55:49,9558.94,9558.94,3
2025-11-03T03:56:00.910340,03:56:00,9557.07,9557.07,3
2025-11-03T03:56:12.875864,03:56:12,9557.46,9557.46,3
2025-11-03T03:56:24.559627,03:56:24,9556.45,9556.45,3
2025-11-03T03:56:36.215136,03:56:36,9555.2,9555.2,3
2025-11-03T03:56:47.893843,03:56:47,9554.09,9554.09,3
2025-11-03T03:56:59.836298,03:56:59,9553.68,9553.68,3
2025-11-03T03:57:11.528328,03:57:11,9553.5,9553.5,3
2025-11-03T03:57:23.128030,03:57:23,9554.05,9554.05,3
2025-11-03T03:57:34.767813,03:57:34,9554.11,9554.11,3
2025-11-03T03:57:46.459555,03:57:46,9554.17,9554.17,3
2025-11-03T03:57:58.091484,03:57:58,9557.14,9557.14,3
2025-11-03T03:58:09.712587,03:58:09,9556.39,9556.39,3
2025-11-03T03:58:21.423662,03:58:21,9561.25,9561.25,3
2025-11-03T03:58:33.371009,03:58:33,9559.74,9559.74,3
2025-11-03T03:58:45.082068,03:58:45,9562.18,9562.18,3
2025-11-03T03:58:57.558101,03:58:57,9563.3,9563.3,3
2025-11-03T03:59:09.527598,03:59:09,9563.58,9563.58,3
2025-11-03T03:59:21.134450,03:59:21,9563.32,9563.32,3
2025-11-03T03:59:33.317618,03:59:33,9563.07,9563.07,3
2025-11-03T03:59:45.589361,03:59:45,9562.97,9562.97,3
2025-11-03T03:59:57.237516,03:59:57,9562.87,9562.87,3
2025-11-03T04:00:09.394426,04:00:09,9563.11,9563.11,3
2025-11-03T04:00:21.019802,04:00:21,9563.21,9563.21,3
2025-11-03T04:00:32.679967,04:00:32,9564.0,9564.0,3
2025-11-03T04:00:44.332075,04:00:44,9528.75,9528.75,3
2025-11-03T04:00:56.275574,04:00:56,9526.03,9526.03,3
2025-11-03T04:01:08.214156,04:01:08,9521.18,9521.18,3
2025-11-03T04:01:20.132765,04:01:20,9495.94,9495.94,3
2025-11-03T04:01:31.794992,04:01:31,9485.06,9485.06,3
2025-11-03T04:01:43.814440,04:01:43,9481.66,9481.66,3
2025-11-03T04:01:55.464695,04:01:55,9421.09,9421.09,3
2025-11-03T04:02:07.194090,04:02:07,9423.24,9423.24,3
2025-11-03T04:02:18.821285,04:02:18,9435.91,9435.91,3
2025-11-03T04:02:30.742471,04:02:30,9432.65,9432.65,3
2025-11-03T04:02:42.382839,04:02:42,9432.95,9432.95,3
2025-11-03T04:02:54.336055,04:02:54,9423.31,9423.31,3
2025-11-03T04:03:05.908450,04:03:05,9402.28,9402.28,3
2025-11-03T04:03:17.836247,04:03:17,9381.24,9381.24,3
2025-11-03T04:03:29.817245,04:03:29,9381.65,9381.65,3
2025-11-03T04:03:41.439732,04:03:41,9378.96,9378.96,3
2025-11-03T04:03:53.095236,04:03:53,9380.06,9380.06,3
2025-11-03T04:04:04.730675,04:04:04,9365.43,9365.43,3
2025-11-03T04:04:16.664810,04:04:16,9336.09,9336.09,3
2025-11-03T04:04:28.592767,04:04:28,9339.26,9339.26,3
2025-11-03T04:04:40.273328,04:04:40,9189.17,9189.17,3
2025-11-03T04:04:52.275795,04:04:52,9164.41,9164.41,3
2025-11-03T04:05:03.951571,04:05:03,9171.91,9171.91,3
2025-11-03T04:05:15.598824,04:05:15,9210.92,9210.92,3
2025-11-03T04:05:27.257774,04:05:27,9248.31,9248.31,3
2025-11-03T04:05:38.951336,04:05:38,9336.56,9336.56,3
2025-11-03T04:05:50.597776,04:05:50,9339.43,9339.43,3
2025-11-03T04:06:02.288913,04:06:02,9351.64,9351.64,3
2025-11-03T04:06:13.984241,04:06:13,9326.91,9326.91,3
2025-11-03T04:06:25.668816,04:06:25,9318.13,9318.13,3
2025-11-03T04:06:37.344218,04:06:37,9275.35,9275.35,3
2025-11-03T04:06:48.988296,04:06:48,9221.75,9221.75,3
2025-11-03T04:07:01.288321,04:07:01,9203.49,9203.49,3
2025-11-03T04:07:12.893396,04:07:12,9253.82,9253.82,3
2025-11-03T04:07:24.570073,04:07:24,9212.8,9212.8,3
2025-11-03T04:07:36.225630,04:07:36,9268.27,9268.27,3
2025-11-03T04:07:48.147627,04:07:48,9280.8,9280.8,3
2025-11-03T04:07:59.855371,04:07:59,9279.74,9279.74,3
2025-11-03T04:08:11.480446,04:08:11,9268.1,9268.1,3
2025-11-03T04:08:23.281607,04:08:23,9287.58,9287.58,3
2025-11-03T04:08:35.223656,04:08:35,9256.85,9256.85,3
2025-11-03T04:08:47.229299,04:08:47,9205.97,9205.97,3
2025-11-03T04:08:58.911866,04:08:58,9207.97,9207.97,3
2025-11-03T04:09:10.820955,04:09:10,9224.66,9224.66,3
2025-11-03T04:09:22.740116,04:09:22,9225.2,9225.2,3
2025-11-03T04:09:34.424291,04:09:34,9203.06,9203.06,3
2025-11-03T04:09:46.106570,04:09:46,9202.73,9202.73,3
2025-11-03T04:09:57.760140,04:09:57,9194.87,9194.87,3
2025-11-03T04:10:09.805945,04:10:09,9202.57,9202.57,3
2025-11-03T04:10:21.749915,04:10:21,9217.45,9217.45,3
2025-11-03T04:10:33.391300,04:10:33,9222.82,9222.82,3
2025-11-03T04:10:45.321080,04:10:45,9219.7,9219.7,3
2025-11-03T04:10:57.230580,04:10:57,9228.29,9228.29,3
2025-11-03T04:11:09.161979,04:11:09,9236.59,9236.59,3
2025-11-03T04:11:21.098741,04:11:21,9260.33,9260.33,3
2025-11-03T04:11:33.449814,04:11:33,9270.96,9270.96,3
2025-11-03T04:11:45.121897,04:11:45,9268.06,9268.06,3
2025-11-03T04:11:56.864284,04:11:56,9276.86,9276.86,3
2025-11-03T04:12:08.778448,04:12:08,9292.98,9292.98,3
2025-11-03T04:12:20.419867,04:12:20,9309.45,9309.45,3
2025-11-03T04:12:32.365189,04:12:32,9313.82,9313.82,3
2025-11-03T04:12:44.022257,04:12:44,9299.09,9299.09,3
2025-11-03T04:12:56.229116,04:12:56,9295.87,9295.87,3
2025-11-03T04:13:07.856879,04:13:07,9293.57,9293.57,3
2025-11-03T04:13:19.528449,04:13:19,9290.49,9290.49,3
2025-11-03T04:13:31.196715,04:13:31,9291.09,9291.09,3
2025-11-03T04:13:43.109021,04:13:43,9292.16,9292.16,3
2025-11-03T04:13:55.429243,04:13:55,9292.48,9292.48,3
2025-11-03T04:14:07.083613,04:14:07,9290.64,9290.64,3
2025-11-03T04:14:19.334858,04:14:19,9290.11,9290.11,3
2025-11-03T04:14:31.260181,04:14:31,9282.81,9282.81,3
2025-11-03T04:14:42.953862,04:14:42,9280.63,9280.63,3
2025-11-03T04:14:54.651928,04:14:54,9268.04,9268.04,3
2025-11-03T04:15:06.544158,04:15:06,9255.72,9255.72,3
2025-11-03T04:15:18.743419,04:15:18,9255.64,9255.64,3
2025-11-03T04:15:30.408404,04:15:30,9286.84,9286.84,3
2025-11-03T04:15:42.373847,04:15:42,9288.05,9288.05,3
2025-11-03T04:15:54.335906,04:15:54,9293.33,9293.33,3
2025-11-03T04:16:06.409981,04:16:06,9271.83,9271.83,3
2025-11-03T04:16:18.085718,04:16:18,9259.96,9259.96,3
2025-11-03T04:16:29.731272,04:16:29,9246.85,9246.85,3
2025-11-03T04:16:41.665405,04:16:41,9233.27,9233.27,3
2025-11-03T04:16:53.282058,04:16:53,9202.2,9202.2,3
2025-11-03T04:17:05.206506,04:17:05,9202.78,9202.78,3
2025-11-03T04:17:16.892582,04:17:16,9201.32,9201.32,3
2025-11-03T04:17:28.890672,04:17:28,9275.03,9275.03,3
2025-11-03T04:17:40.523586,04:17:40,9303.89,9303.89,3
2025-11-03T04:17:52.479476,04:17:52,9325.2,9325.2,3
2025-11-03T04:18:04.127491,04:18:04,9342.67,9342.67,3
2025-11-03T04:18:15.802822,04:18:15,9352.58,9352.58,3
2025-11-03T04:18:27.737920,04:18:27,9390.74,9390.74,3
2025-11-03T04:18:39.701357,04:18:39,9355.25,9355.25,3
2025-11-03T04:18:51.350826,04:18:51,9355.92,9355.92,3
2025-11-03T04:19:03.059931,04:19:03,9358.02,9358.02,3
2025-11-03T04:19:14.699350,04:19:14,9360.65,9360.65,3
2025-11-03T04:19:26.317012,04:19:26,9390.74,9390.74,3
2025-11-03T04:19:38.660805,04:19:38,9369.32,9369.32,3
2025-11-03T04:19:50.547585,04:19:50,9363.93,9363.93,3
2025-11-03T04:20:02.298131,04:20:02,9363.33,9363.33,3
2025-11-03T04:20:14.275397,04:20:14,9361.82,9361.82,3
2025-11-03T04:20:26.230754,04:20:26,9360.23,9360.23,3
2025-11-03T04:20:38.191141,04:20:38,9349.0,9349.0,3
2025-11-03T04:20:49.803785,04:20:49,9347.43,9347.43,3
2025-11-03T04:21:01.579626,04:21:01,9347.34,9347.34,3
2025-11-03T04:21:13.252830,04:21:13,9349.43,9349.43,3
2025-11-03T04:21:25.195887,04:21:25,9348.91,9348.91,3
2025-11-03T04:21:36.862250,04:21:36,9349.85,9349.85,3
2025-11-03T04:21:48.873313,04:21:48,9350.05,9350.05,3
2025-11-03T04:22:00.821542,04:22:00,9354.09,9354.09,3
2025-11-03T04:22:12.484854,04:22:12,9370.9,9370.9,3
2025-11-03T04:22:24.503732,04:22:24,9377.8,9377.8,3
2025-11-03T04:22:36.452063,04:22:36,9383.09,9383.09,3
2025-11-03T04:22:48.390006,04:22:48,9384.81,9384.81,3
2025-11-03T04:23:00.341988,04:23:00,9387.14,9387.14,3
2025-11-03T04:23:12.293514,04:23:12,9405.7,9405.7,3
2025-11-03T04:23:23.921606,04:23:23,9407.32,9407.32,3
2025-11-03T04:23:36.173202,04:23:36,9422.37,9422.37,3
2025-11-03T04:23:47.868110,04:23:47,9425.71,9425.71,3
2025-11-03T04:23:59.529338,04:23:59,9440.29,9440.29,3
2025-11-03T04:24:11.184232,04:24:11,9426.48,9426.48,3
2025-11-03T04:24:23.093406,04:24:23,9417.14,9417.14,3
2025-11-03T04:24:34.720736,04:24:34,9390.02,9390.02,3
2025-11-03T04:24:46.715290,04:24:46,9379.45,9379.45,3
2025-11-03T04:24:58.506348,04:24:58,9371.99,9371.99,3
2025-11-03T04:25:10.429484,04:25:10,9371.55,9371.55,3
2025-11-03T04:25:22.047125,04:25:22,9373.14,9373.14,3
2025-11-03T04:25:33.702873,04:25:33,9373.09,9373.09,3
2025-11-03T04:25:45.330181,04:25:45,9384.22,9384.22,3
2025-11-03T04:25:56.957398,04:25:56,9399.14,9399.14,3
2025-11-03T04:26:08.645945,04:26:08,9442.03,9442.03,3
2025-11-03T04:26:20.320368,04:26:20,9442.13,9442.13,3
2025-11-03T04:26:32.543341,04:26:32,9448.58,9448.58,3
2025-11-03T04:26:44.204779,04:26:44,9480.83,9480.83,3
2025-11-03T04:26:56.460486,04:26:56,9473.75,9473.75,3
2025-11-03T04:27:08.115849,04:27:08,9467.75,9467.75,3
2025-11-03T04:27:19.777054,04:27:19,9470.05,9470.05,3
2025-11-03T04:27:31.414181,04:27:31,9468.96,9468.96,3
2025-11-03T04:27:43.333047,04:27:43,9461.2,9461.2,3
2025-11-03T04:27:55.275128,04:27:55,9435.78,9435.78,3
2025-11-03T04:28:07.210395,04:28:07,9420.86,9420.86,3
2025-11-03T04:28:18.886635,04:28:18,9451.27,9451.27,3
2025-11-03T04:28:31.074945,04:28:31,9445.25,9445.25,3
2025-11-03T04:28:43.033130,04:28:43,9458.75,9458.75,3
2025-11-03T04:28:55.231263,04:28:55,9477.39,9477.39,3
2025-11-03T04:29:07.143236,04:29:07,9511.02,9511.02,3
2025-11-03T04:29:18.827939,04:29:18,9512.56,9512.56,3
2025-11-03T04:29:30.779153,04:29:30,9515.23,9515.23,3
2025-11-03T04:29:42.451332,04:29:42,9513.88,9513.88,3
2025-11-03T04:29:54.432781,04:29:54,9520.67,9520.67,3
2025-11-03T04:30:06.102748,04:30:06,9594.83,9594.83,3
2025-11-03T04:30:18.092676,04:30:18,9683.8,9683.8,3
2025-11-03T04:30:29.714975,04:30:29,9726.49,9726.49,3
2025-11-03T04:30:41.717485,04:30:41,9662.21,9662.21,3
2025-11-03T04:30:53.355776,04:30:53,9649.37,9649.37,3
2025-11-03T04:31:05.309621,04:31:05,9658.87,9658.87,3
2025-11-03T04:31:16.998449,04:31:16,9676.5,9676.5,3
2025-11-03T04:31:28.748877,04:31:28,9715.73,9715.73,3
2025-11-03T04:31:40.663209,04:31:40,9789.14,9789.14,3
2025-11-03T04:31:52.296897,04:31:52,9774.97,9774.97,3
2025-11-03T04:32:03.913821,04:32:03,9801.09,9801.09,3
2025-11-03T04:32:15.847383,04:32:15,9803.83,9803.83,3
2025-11-03T04:32:27.497094,04:32:27,9772.36,9772.36,3
2025-11-03T04:32:39.250852,04:32:39,9760.84,9760.84,3
2025-11-03T04:32:50.912043,04:32:50,9796.46,9796.46,3
2025-11-03T04:33:02.567296,04:33:02,9784.53,9784.53,3
2025-11-03T04:33:14.603950,04:33:14,9777.75,9777.75,3
2025-11-03T04:33:26.557275,04:33:26,9832.87,9832.87,3
2025-11-03T04:33:38.296805,04:33:38,9838.35,9838.35,3
2025-11-03T04:33:49.921405,04:33:49,9829.72,9829.72,3
2025-11-03T04:34:01.565373,04:34:01,9771.94,9771.94,3
2025-11-03T04:34:13.467820,04:34:13,9733.58,9733.58,3
2025-11-03T04:34:25.405032,04:34:25,9805.29,9805.29,3
2025-11-03T04:34:37.373609,04:34:37,9789.08,9789.08,3
2025-11-03T04:34:49.591297,04:34:49,9782.34,9782.34,3
2025-11-03T04:35:01.492755,04:35:01,9740.25,9740.25,3
2025-11-03T04:35:13.381884,04:35:13,9778.81,9778.81,3
2025-11-03T04:35:25.309709,04:35:25,9773.92,9773.92,3
2025-11-03T04:35:37.257029,04:35:37,9779.02,9779.02,3
2025-11-03T04:35:48.881171,04:35:48,9776.43,9776.43,3
2025-11-03T04:36:01.135333,04:36:01,9782.53,9782.53,3
2025-11-03T04:36:13.076409,04:36:13,9783.64,9783.64,3
2025-11-03T04:36:25.104004,04:36:25,9735.74,9735.74,3
2025-11-03T04:36:37.098898,04:36:37,9759.94,9759.94,3
2025-11-03T04:36:48.735200,04:36:48,9738.29,9738.29,3
2025-11-03T04:37:00.379341,04:37:00,9727.71,9727.71,3
2025-11-03T04:37:11.985804,04:37:11,9725.64,9725.64,3
2025-11-03T04:37:23.608520,04:37:23,9728.82,9728.82,3
2025-11-03T04:37:35.586617,04:37:35,9759.24,9759.24,3
2025-11-03T04:37:47.526836,04:37:47,9730.6,9730.6,3
2025-11-03T04:37:59.469153,04:37:59,9734.85,9734.85,3
2025-11-03T04:38:11.361879,04:38:11,9741.67,9741.67,3
2025-11-03T04:38:22.992320,04:38:22,9784.32,9784.32,3
2025-11-03T04:38:34.632127,04:38:34,9828.69,9828.69,3
2025-11-03T04:38:46.575609,04:38:46,9795.47,9795.47,3
2025-11-03T04:38:58.214128,04:38:58,9808.48,9808.48,3
2025-11-03T04:39:10.424505,04:39:10,9844.63,9844.63,3
2025-11-03T04:39:22.007829,04:39:22,9832.41,9832.41,3
2025-11-03T04:39:33.952326,04:39:33,9872.92,9872.92,3
2025-11-03T04:39:45.619235,04:39:45,9866.84,9866.84,3
2025-11-03T04:39:57.589341,04:39:57,9862.53,9862.53,3
2025-11-03T04:40:09.505741,04:40:09,9875.48,9875.48,3
2025-11-03T04:40:21.447757,04:40:21,9863.73,9863.73,3
2025-11-03T04:40:33.374059,04:40:33,9872.43,9872.43,3
2025-11-03T04:40:45.862471,04:40:45,9869.95,9869.95,3
2025-11-03T04:40:57.480966,04:40:57,9899.3,9899.3,3
2025-11-03T04:41:09.383542,04:41:09,9916.54,9916.54,3
2025-11-03T04:41:21.119230,04:41:21,9952.59,9952.59,3
2025-11-03T04:41:33.093042,04:41:33,9909.93,9909.93,3
2025-11-03T04:41:44.726722,04:41:44,9875.98,9875.98,3
2025-11-03T04:41:56.359332,04:41:56,9911.38,9911.38,3
2025-11-03T04:42:07.961817,04:42:07,9884.46,9884.46,3
2025-11-03T04:42:19.598738,04:42:19,9881.65,9881.65,3
2025-11-03T04:42:31.485167,04:42:31,9869.9,9869.9,3
2025-11-03T04:42:43.460103,04:42:43,9894.18,9894.18,3
2025-11-03T04:42:55.082355,04:42:55,9890.76,9890.76,3
2025-11-03T04:43:06.687200,04:43:06,9921.91,9921.91,3
2025-11-03T04:43:18.353667,04:43:18,9967.92,9967.92,3
2025-11-03T04:43:29.992298,04:43:29,9948.4,9948.4,3
2025-11-03T04:43:41.921021,04:43:41,9957.0,9957.0,3
2025-11-03T04:43:53.800362,04:43:53,9969.39,9969.39,3
2025-11-03T04:44:05.701101,04:44:05,9972.54,9972.54,3
2025-11-03T04:44:17.886688,04:44:17,9981.57,9981.57,3
2025-11-03T04:44:29.553468,04:44:29,10002.25,10002.25,3
2025-11-03T04:44:41.231173,04:44:41,10030.07,10030.07,3
2025-11-03T04:44:53.445179,04:44:53,10008.36,10008.36,3
2025-11-03T04:45:05.372124,04:45:05,10024.92,10024.92,3
2025-11-03T04:45:17.022996,04:45:17,10022.28,10022.28,3
2025-11-03T04:45:28.981977,04:45:28,9976.88,9976.88,3
2025-11-03T04:45:41.201923,04:45:41,9933.76,9933.76,3
2025-11-03T04:45:53.123703,04:45:53,9931.15,9931.15,3
2025-11-03T04:46:04.781771,04:46:04,9915.45,9915.45,3
2025-11-03T04:46:16.815231,04:46:16,9882.62,9882.62,3
2025-11-03T04:46:28.460084,04:46:28,9883.27,9883.27,3
2025-11-03T04:46:40.369606,04:46:40,9897.35,9897.35,3
2025-11-03T04:46:52.314307,04:46:52,9882.95,9882.95,3
2025-11-03T04:47:04.294938,04:47:04,9848.35,9848.35,3
2025-11-03T04:47:15.942646,04:47:15,9869.56,9869.56,3
2025-11-03T04:47:27.575572,04:47:27,9881.98,9881.98,3
2025-11-03T04:47:39.355709,04:47:39,9865.51,9865.51,3
2025-11-03T04:47:51.585740,04:47:51,9888.27,9888.27,3
2025-11-03T04:48:03.209965,04:48:03,9887.11,9887.11,3
2025-11-03T04:48:15.433846,04:48:15,9924.06,9924.06,3
2025-11-03T04:48:27.360593,04:48:27,9907.21,9907.21,3
2025-11-03T04:48:38.996656,04:48:38,9913.18,9913.18,3
2025-11-03T04:48:50.705002,04:48:50,9936.34,9936.34,3
2025-11-03T04:49:02.340152,04:49:02,9917.33,9917.33,3
2025-11-03T04:49:14.566314,04:49:14,9913.12,9913.12,3
2025-11-03T04:49:26.195428,04:49:26,9902.99,9902.99,3
2025-11-03T04:49:37.812950,04:49:37,9899.2,9899.2,3
2025-11-03T04:49:49.453879,04:49:49,9913.65,9913.65,3
2025-11-03T04:50:01.095753,04:50:01,9895.38,9895.38,3
2025-11-03T04:50:13.329230,04:50:13,9847.78,9847.78,3
2025-11-03T04:50:25.307609,04:50:25,9798.36,9798.36,3
2025-11-03T04:50:37.541716,04:50:37,9815.98,9815.98,3
2025-11-03T04:50:49.488466,04:50:49,9844.73,9844.73,3
2025-11-03T04:51:01.524465,04:51:01,9842.82,9842.82,3
2025-11-03T04:51:13.161278,04:51:13,9846.49,9846.49,3
2025-11-03T04:51:24.853069,04:51:24,9860.69,9860.69,3
2025-11-03T04:51:37.064771,04:51:37,9858.12,9858.12,3
2025-11-03T04:51:48.671041,04:51:48,9856.4,9856.4,3
2025-11-03T04:52:00.304639,04:52:00,9862.5,9862.5,3
2025-11-03T04:52:12.232568,04:52:12,9847.06,9847.06,3
2025-11-03T04:52:23.883047,04:52:23,9848.38,9848.38,3
2025-11-03T04:52:35.933600,04:52:35,9853.71,9853.71,3
2025-11-03T04:52:47.557899,04:52:47,9897.09,9897.09,3
2025-11-03T04:52:59.528178,04:52:59,9885.98,9885.98,3
2025-11-03T04:53:11.431186,04:53:11,9873.12,9873.12,3
2025-11-03T04:53:23.322721,04:53:23,9850.88,9850.88,3
2025-11-03T04:53:35.599089,04:53:35,9842.89,9842.89,3
2025-11-03T04:53:47.523055,04:53:47,9853.71,9853.71,3
2025-11-03T04:53:59.458400,04:53:59,9859.84,9859.84,3
2025-11-03T04:54:11.079218,04:54:11,9847.51,9847.51,3
2025-11-03T04:54:22.704620,04:54:22,9851.87,9851.87,3
2025-11-03T04:54:34.687705,04:54:34,9919.2,9919.2,3
2025-11-03T04:54:46.726336,04:54:46,9937.77,9937.77,3
2025-11-03T04:54:58.393675,04:54:58,9926.09,9926.09,3
2025-11-03T04:55:10.029809,04:55:10,9905.28,9905.28,3
2025-11-03T04:55:21.699853,04:55:21,9904.83,9904.83,3
2025-11-03T04:55:33.353730,04:55:33,9910.78,9910.78,3
2025-11-03T04:55:45.281121,04:55:45,9906.98,9906.98,3
2025-11-03T04:55:56.887610,04:55:56,9892.28,9892.28,3
2025-11-03T04:56:08.869795,04:56:08,9885.87,9885.87,3
2025-11-03T04:56:20.480973,04:56:20,9905.31,9905.31,3
2025-11-03T04:56:32.220397,04:56:32,9896.57,9896.57,3
2025-11-03T04:56:43.845316,04:56:43,9893.82,9893.82,3
2025-11-03T04:56:55.755176,04:56:55,9893.43,9893.43,3
2025-11-03T04:57:07.385333,04:57:07,9880.81,9880.81,3
2025-11-03T04:57:19.479273,04:57:19,9909.63,9909.63,3
2025-11-03T04:57:31.106057,04:57:31,9927.21,9927.21,3
2025-11-03T04:57:43.018780,04:57:43,9929.12,9929.12,3
2025-11-03T04:57:54.966569,04:57:54,9942.95,9942.95,3
2025-11-03T04:58:06.566378,04:58:06,9947.01,9947.01,3
2025-11-03T04:58:18.464336,04:58:18,9952.28,9952.28,3
2025-11-03T04:58:30.410563,04:58:30,9960.95,9960.95,3
2025-11-03T04:58:42.443197,04:58:42,9945.22,9945.22,3
2025-11-03T04:58:54.397433,04:58:54,9936.24,9936.24,3
2025-11-03T04:59:06.015543,04:59:06,9937.68,9937.68,3
2025-11-03T04:59:18.215054,04:59:18,9938.12,9938.12,3
2025-11-03T04:59:30.116234,04:59:30,9929.74,9929.74,3
2025-11-03T04:59:41.749532,04:59:41,9919.79,9919.79,3
2025-11-03T04:59:53.664094,04:59:53,9911.3,9911.3,3
2025-11-03T05:00:05.692501,05:00:05,9914.75,9914.75,3
2025-11-03T05:00:17.381488,05:00:17,9913.07,9913.07,3
2025-11-03T05:00:28.991413,05:00:28,9953.72,9953.72,3
2025-11-03T05:00:40.607682,05:00:40,9948.61,9948.61,3
2025-11-03T05:00:52.541651,05:00:52,9943.9,9943.9,3
2025-11-03T05:01:04.443680,05:01:04,9950.29,9950.29,3
2025-11-03T05:01:16.362532,05:01:16,9986.38,9986.38,3
2025-11-03T05:01:28.013106,05:01:28,10000.84,10000.84,3
2025-11-03T05:01:40.294281,05:01:40,9979.37,9979.37,3
2025-11-03T05:01:51.931689,05:01:51,9983.66,9983.66,3
2025-11-03T05:02:03.890623,05:02:03,9963.25,9963.25,3
2025-11-03T05:02:15.836315,05:02:15,9938.24,9938.24,3
2025-11-03T05:02:27.441278,05:02:27,9921.22,9921.22,3
2025-11-03T05:02:39.364425,05:02:39,9936.45,9936.45,3
2025-11-03T05:02:51.308561,05:02:51,9932.31,9932.31,3
2025-11-03T05:03:03.017518,05:03:03,9947.61,9947.61,3
2025-11-03T05:03:14.638243,05:03:14,9958.04,9958.04,3
2025-11-03T05:03:26.310459,05:03:26,9902.13,9902.13,3
2025-11-03T05:03:37.957712,05:03:37,9912.68,9912.68,3
2025-11-03T05:03:49.881966,05:03:49,9911.65,9911.65,3
2025-11-03T05:04:01.796304,05:04:01,9913.43,9913.43,3
2025-11-03T05:04:13.742710,05:04:13,9918.64,9918.64,3
2025-11-03T05:04:25.661514,05:04:25,9929.93,9929.93,3
2025-11-03T05:04:37.363479,05:04:37,9950.84,9950.84,3
2025-11-03T05:04:49.305798,05:04:49,9952.52,9952.52,3
2025-11-03T05:05:00.944159,05:05:00,9964.39,9964.39,3
2025-11-03T05:05:12.972578,05:05:12,9977.44,9977.44,3
2025-11-03T05:05:24.606533,05:05:24,9972.82,9972.82,3
2025-11-03T05:05:36.295107,05:05:36,9985.27,9985.27,3
2025-11-03T05:05:48.496669,05:05:48,9992.09,9992.09,3
2025-11-03T05:06:00.398020,05:06:00,10004.19,10004.19,3
2025-11-03T05:06:12.366518,05:06:12,10029.86,10029.86,3
2025-11-03T05:06:24.382991,05:06:24,10032.96,10032.96,3
2025-11-03T05:06:36.392492,05:06:36,10009.51,10009.51,3
2025-11-03T05:06:48.614254,05:06:48,10018.64,10018.64,3
2025-11-03T05:07:00.548066,05:07:00,10027.38,10027.38,3
2025-11-03T05:07:12.546640,05:07:12,10019.77,10019.77,3
2025-11-03T05:07:24.214002,05:07:24,10011.22,10011.22,3
2025-11-03T05:07:35.851062,05:07:35,10014.12,10014.12,3
2025-11-03T05:07:47.520759,05:07:47,10008.01,10008.01,3
2025-11-03T05:07:59.177192,05:07:59,10005.31,10005.31,3
2025-11-03T05:08:11.366440,05:08:11,9994.04,9994.04,3
2025-11-03T05:08:23.284136,05:08:23,9990.18,9990.18,3
2025-11-03T05:08:35.213442,05:08:35,9992.32,9992.32,3
2025-11-03T05:08:47.146601,05:08:47,10004.53,10004.53,3
2025-11-03T05:08:58.809453,05:08:58,10006.28,10006.28,3
2025-11-03T05:09:10.449915,05:09:10,10032.39,10032.39,3
2025-11-03T05:09:22.050839,05:09:22,10108.04,10108.04,3
2025-11-03T05:09:33.992240,05:09:33,10152.01,10152.01,3
2025-11-03T05:09:45.633273,05:09:45,10162.0,10162.0,3
2025-11-03T05:09:57.317405,05:09:57,10161.02,10161.02,3
2025-11-03T05:10:09.229271,05:10:09,10160.88,10160.88,3
2025-11-03T05:10:20.842909,05:10:20,10132.33,10132.33,3
2025-11-03T05:10:32.829223,05:10:32,10138.43,10138.43,3
2025-11-03T05:10:44.810596,05:10:44,10128.92,10128.92,3
2025-11-03T05:10:56.740462,05:10:56,10110.29,10110.29,3
2025-11-03T05:11:08.344483,05:11:08,10126.29,10126.29,3
2025-11-03T05:11:20.319708,05:11:20,10115.99,10115.99,3
2025-11-03T05:11:32.049648,05:11:32,10152.22,10152.22,3
2025-11-03T05:11:43.679608,05:11:43,10151.35,10151.35,3
2025-11-03T05:11:55.292338,05:11:55,10138.42,10138.42,3
2025-11-03T05:12:07.205619,05:12:07,10149.25,10149.25,3
2025-11-03T05:12:18.806976,05:12:18,10115.38,10115.38,3
2025-11-03T05:12:30.719727,05:12:30,10124.32,10124.32,3
2025-11-03T05:12:42.365351,05:12:42,10123.76,10123.76,3
2025-11-03T05:12:53.972421,05:12:53,10192.12,10192.12,3
2025-11-03T05:13:05.661568,05:13:05,10192.08,10192.08,3
2025-11-03T05:13:17.303297,05:13:17,10192.5,10192.5,3
2025-11-03T05:13:29.516314,05:13:29,10155.52,10155.52,3
2025-11-03T05:13:41.477027,05:13:41,10145.66,10145.66,3
2025-11-03T05:13:53.101199,05:13:53,10151.7,10151.7,3
2025-11-03T05:14:04.745726,05:14:04,10153.18,10153.18,3
2025-11-03T05:14:16.629883,05:14:16,10139.96,10139.96,3
2025-11-03T05:14:28.578213,05:14:28,10130.25,10130.25,3
2025-11-03T05:14:40.550786,05:14:40,10150.08,10150.08,3
2025-11-03T05:14:52.221299,05:14:52,10141.42,10141.42,3
2025-11-03T05:15:03.838517,05:15:03,10164.4,10164.4,3
2025-11-03T05:15:15.753393,05:15:15,10152.5,10152.5,3
2025-11-03T05:15:27.686018,05:15:27,10158.49,10158.49,3
2025-11-03T05:15:39.343987,05:15:39,10157.16,10157.16,3
2025-11-03T05:15:51.009235,05:15:51,10139.48,10139.48,3
2025-11-03T05:16:03.004055,05:16:03,10114.37,10114.37,3
2025-11-03T05:16:14.599881,05:16:14,10110.13,10110.13,3
2025-11-03T05:16:26.223452,05:16:26,10138.02,10138.02,3
2025-11-03T05:16:37.859010,05:16:37,10136.12,10136.12,3
2025-11-03T05:16:49.525029,05:16:49,10121.45,10121.45,3
2025-11-03T05:17:01.273659,05:17:01,10136.85,10136.85,3
2025-11-03T05:17:13.522840,05:17:13,10118.01,10118.01,3
2025-11-03T05:17:25.518596,05:17:25,10127.67,10127.67,3
2025-11-03T05:17:37.449698,05:17:37,10121.85,10121.85,3
2025-11-03T05:17:49.110461,05:17:49,10125.24,10125.24,3
2025-11-03T05:18:00.749422,05:18:00,10134.41,10134.41,3
2025-11-03T05:18:12.740242,05:18:12,10155.31,10155.31,3
2025-11-03T05:18:24.414161,05:18:24,10139.29,10139.29,3
2025-11-03T05:18:36.378263,05:18:36,10132.38,10132.38,3
2025-11-03T05:18:48.324096,05:18:48,10114.01,10114.01,3
2025-11-03T05:18:59.967485,05:18:59,10116.38,10116.38,3
2025-11-03T05:19:11.930541,05:19:11,10117.8,10117.8,3
2025-11-03T05:19:23.577035,05:19:23,10119.76,10119.76,3
2025-11-03T05:19:35.510437,05:19:35,10121.3,10121.3,3
2025-11-03T05:19:47.133607,05:19:47,10135.12,10135.12,3
2025-11-03T05:19:59.337020,05:19:59,10151.18,10151.18,3
2025-11-03T05:20:11.561375,05:20:11,10176.65,10176.65,3
2025-11-03T05:20:23.188415,05:20:23,10185.01,10185.01,3
2025-11-03T05:20:35.472703,05:20:35,10169.88,10169.88,3
2025-11-03T05:20:47.083141,05:20:47,10171.8,10171.8,3
2025-11-03T05:20:58.700874,05:20:58,10184.53,10184.53,3
2025-11-03T05:21:10.318061,05:21:10,10190.82,10190.82,3
2025-11-03T05:21:22.224149,05:21:22,10193.37,10193.37,3
2025-11-03T05:21:34.181132,05:21:34,10202.55,10202.55,3
2025-11-03T05:21:46.094739,05:21:46,10204.3,10204.3,3
2025-11-03T05:21:57.774938,05:21:57,10218.47,10218.47,3
2025-11-03T05:22:09.979841,05:22:09,10281.95,10281.95,3
2025-11-03T05:22:21.594004,05:22:21,10233.23,10233.23,3
2025-11-03T05:22:33.316073,05:22:33,10238.51,10238.51,3
2025-11-03T05:22:45.009336,05:22:45,10258.34,10258.34,3
2025-11-03T05:22:56.672522,05:22:56,10253.04,10253.04,3
2025-11-03T05:23:08.279741,05:23:08,10280.08,10280.08,3
2025-11-03T05:23:19.963377,05:23:19,10299.73,10299.73,3
2025-11-03T05:23:31.613545,05:23:31,10350.22,10350.22,3
2025-11-03T05:23:43.246664,05:23:43,10340.95,10340.95,3
2025-11-03T05:23:54.885670,05:23:54,10354.88,10354.88,3
2025-11-03T05:24:06.570172,05:24:06,10354.62,10354.62,3
2025-11-03T05:24:18.227675,05:24:18,10358.99,10358.99,3
2025-11-03T05:24:29.935922,05:24:29,10367.21,10367.21,3
2025-11-03T05:24:42.194400,05:24:42,10363.68,10363.68,3
2025-11-03T05:24:53.820299,05:24:53,10373.67,10373.67,3
2025-11-03T05:25:05.764243,05:25:05,10381.69,10381.69,3
2025-11-03T05:25:17.379573,05:25:17,10376.22,10376.22,3
2025-11-03T05:25:29.633798,05:25:29,10386.86,10386.86,3
2025-11-03T05:25:41.582454,05:25:41,10391.62,10391.62,3
2025-11-03T05:25:53.237681,05:25:53,10417.45,10417.45,3
2025-11-03T05:26:05.209755,05:26:05,10428.53,10428.53,3
2025-11-03T05:26:16.803108,05:26:16,10390.54,10390.54,3
2025-11-03T05:26:28.484448,05:26:28,10377.55,10377.55,3
2025-11-03T05:26:40.083764,05:26:40,10373.05,10373.05,3
2025-11-03T05:26:52.065827,05:26:52,10389.86,10389.86,3
2025-11-03T05:27:03.686153,05:27:03,10404.07,10404.07,3
2025-11-03T05:27:15.339615,05:27:15,10412.19,10412.19,3
2025-11-03T05:27:26.990128,05:27:26,10427.39,10427.39,3
2025-11-03T05:27:38.698103,05:27:38,10429.55,10429.55,3
2025-11-03T05:27:50.367417,05:27:50,10445.7,10445.7,3
2025-11-03T05:28:02.043808,05:28:02,10446.28,10446.28,3
2025-11-03T05:28:13.982833,05:28:13,10432.17,10432.17,3
2025-11-03T05:28:25.600030,05:28:25,10425.04,10425.04,3
2025-11-03T05:28:37.271417,05:28:37,10388.75,10388.75,3
2025-11-03T05:28:49.187963,05:28:49,10370.24,10370.24,3
2025-11-03T05:29:01.412397,05:29:01,10357.48,10357.48,3
2025-11-03T05:29:13.116697,05:29:13,10326.42,10326.42,3
2025-11-03T05:29:24.732418,05:29:24,10334.6,10334.6,3
2025-11-03T05:29:36.368152,05:29:36,10333.41,10333.41,3
2025-11-03T05:29:48.016673,05:29:48,10337.58,10337.58,3
2025-11-03T05:29:59.656932,05:29:59,10313.2,10313.2,3
2025-11-03T05:30:11.262619,05:30:11,10308.78,10308.78,3
2025-11-03T05:30:23.243206,05:30:23,10300.0,10300.0,3
2025-11-03T05:30:35.164163,05:30:35,10295.21,10295.21,3
2025-11-03T05:30:46.869039,05:30:46,10287.99,10287.99,3
2025-11-03T05:30:58.785466,05:30:58,10275.26,10275.26,3
2025-11-03T05:31:10.414687,05:31:10,10274.77,10274.77,3
2025-11-03T05:31:22.401982,05:31:22,10278.24,10278.24,3
2025-11-03T05:31:34.324480,05:31:34,10289.28,10289.28,3
2025-11-03T05:31:46.273382,05:31:46,10284.75,10284.75,3
2025-11-03T05:31:57.916303,05:31:57,10311.01,10311.01,3
2025-11-03T05:32:09.840930,05:32:09,10299.99,10299.99,3
2025-11-03T05:32:21.814724,05:32:21,10302.34,10302.34,3
2025-11-03T05:32:33.779485,05:32:33,10314.47,10314.47,3
2025-11-03T05:32:45.378262,05:32:45,10341.97,10341.97,3
2025-11-03T05:32:57.624211,05:32:57,10340.82,10340.82,3
2025-11-03T05:33:09.268434,05:33:09,10319.09,10319.09,3
2025-11-03T05:33:20.870634,05:33:20,10315.68,10315.68,3
2025-11-03T05:33:32.788759,05:33:32,10332.83,10332.83,3
2025-11-03T05:33:44.773522,05:33:44,10325.96,10325.96,3
2025-11-03T05:33:56.780440,05:33:56,10326.11,10326.11,3
2025-11-03T05:34:08.874127,05:34:08,10332.71,10332.71,3
2025-11-03T05:34:20.510138,05:34:20,10314.61,10314.61,3
2025-11-03T05:34:32.549047,05:34:32,10319.04,10319.04,3
2025-11-03T05:34:44.168032,05:34:44,10322.21,10322.21,3
2025-11-03T05:34:55.915070,05:34:55,10358.34,10358.34,3
2025-11-03T05:35:07.804679,05:35:07,10378.26,10378.26,3
2025-11-03T05:35:19.810679,05:35:19,10395.41,10395.41,3
2025-11-03T05:35:31.433641,05:35:31,10402.29,10402.29,3
2025-11-03T05:35:43.120820,05:35:43,10456.08,10456.08,3
2025-11-03T05:35:55.056601,05:35:55,10465.65,10465.65,3
2025-11-03T05:36:06.692040,05:36:06,10468.83,10468.83,3
2025-11-03T05:36:18.310782,05:36:18,10492.21,10492.21,3
2025-11-03T05:36:30.605078,05:36:30,10460.21,10460.21,3
2025-11-03T05:36:42.588309,05:36:42,10470.85,10470.85,3
2025-11-03T05:36:54.223966,05:36:54,10462.95,10462.95,3
2025-11-03T05:37:05.915782,05:37:05,10465.88,10465.88,3
2025-11-03T05:37:18.399933,05:37:18,10456.56,10456.56,3
2025-11-03T05:37:30.071352,05:37:30,10468.75,10468.75,3
2025-11-03T05:37:41.979222,05:37:41,10450.83,10450.83,3
2025-11-03T05:37:54.171569,05:37:54,10439.89,10439.89,3
2025-11-03T05:38:06.452102,05:38:06,10428.82,10428.82,3
2025-11-03T05:38:18.373041,05:38:18,10419.46,10419.46,3
2025-11-03T05:38:30.292915,05:38:30,10406.04,10406.04,3
2025-11-03T05:38:41.919939,05:38:41,10415.93,10415.93,3
2025-11-03T05:38:53.913215,05:38:53,10404.14,10404.14,3
2025-11-03T05:39:05.620448,05:39:05,10403.73,10403.73,3
2025-11-03T05:39:17.250192,05:39:17,10421.81,10421.81,3
2025-11-03T05:39:28.903115,05:39:28,10438.38,10438.38,3
2025-11-03T05:39:40.548033,05:39:40,10454.59,10454.59,3
2025-11-03T05:39:52.495260,05:39:52,10493.91,10493.91,3
2025-11-03T05:40:04.443415,05:40:04,10503.85,10503.85,3
2025-11-03T05:40:16.364400,05:40:16,10504.7,10504.7,3
2025-11-03T05:40:28.051623,05:40:28,10492.64,10492.64,3
2025-11-03T05:40:39.667803,05:40:39,10487.58,10487.58,3
2025-11-03T05:40:51.735669,05:40:51,10479.94,10479.94,3
2025-11-03T05:41:03.735662,05:41:03,10462.4,10462.4,3
2025-11-03T05:41:15.708325,05:41:15,10440.33,10440.33,3
2025-11-03T05:41:27.353865,05:41:27,10437.57,10437.57,3
2025-11-03T05:41:39.039089,05:41:39,10435.36,10435.36,3
2025-11-03T05:41:50.648439,05:41:50,10426.1,10426.1,3
2025-11-03T05:42:02.683694,05:42:02,10430.79,10430.79,3
2025-11-03T05:42:14.472919,05:42:14,10409.85,10409.85,3
2025-11-03T05:42:26.416715,05:42:26,10381.66,10381.66,3
2025-11-03T05:42:38.442535,05:42:38,10375.91,10375.91,3
2025-11-03T05:42:50.058935,05:42:50,10372.94,10372.94,3
2025-11-03T05:43:01.684109,05:43:01,10383.35,10383.35,3
2025-11-03T05:43:13.670038,05:43:13,10382.43,10382.43,3
2025-11-03T05:43:25.707962,05:43:25,10397.74,10397.74,3
2025-11-03T05:43:37.421277,05:43:37,10396.36,10396.36,3
2025-11-03T05:43:49.054778,05:43:49,10414.38,10414.38,3
2025-11-03T05:44:01.315759,05:44:01,10418.5,10418.5,3
2025-11-03T05:44:13.281819,05:44:13,10436.03,10436.03,3
2025-11-03T05:44:24.905210,05:44:24,10444.82,10444.82,3
2025-11-03T05:44:36.497774,05:44:36,10445.11,10445.11,3
2025-11-03T05:44:48.135885,05:44:48,10453.62,10453.62,3
2025-11-03T05:44:59.782269,05:44:59,10444.9,10444.9,3
2025-11-03T05:45:11.813789,05:45:11,10434.59,10434.59,3
2025-11-03T05:45:23.810266,05:45:23,10438.19,10438.19,3
2025-11-03T05:45:35.458534,05:45:35,10415.37,10415.37,3
2025-11-03T05:45:47.056916,05:45:47,10418.82,10418.82,3
2025-11-03T05:45:58.693536,05:45:58,10439.4,10439.4,3
2025-11-03T05:46:10.459064,05:46:10,10404.47,10404.47,3
2025-11-03T05:46:22.683874,05:46:22,10410.37,10410.37,3
2025-11-03T05:46:34.347787,05:46:34,10424.69,10424.69,3
2025-11-03T05:46:46.328494,05:46:46,10448.51,10448.51,3
2025-11-03T05:46:58.228317,05:46:58,10440.14,10440.14,3
2025-11-03T05:47:10.131628,05:47:10,10460.09,10460.09,3
2025-11-03T05:47:21.774703,05:47:21,10454.23,10454.23,3
2025-11-03T05:47:33.486370,05:47:33,10410.87,10410.87,3
2025-11-03T05:47:45.114107,05:47:45,10397.81,10397.81,3
2025-11-03T05:47:57.287168,05:47:57,10385.19,10385.19,3
2025-11-03T05:48:08.903598,05:48:08,10401.68,10401.68,3
2025-11-03T05:48:20.556332,05:48:20,10402.08,10402.08,3
2025-11-03T05:48:32.537500,05:48:32,10417.22,10417.22,3
2025-11-03T05:48:44.162851,05:48:44,10426.14,10426.14,3
2025-11-03T05:48:56.058266,05:48:56,10422.93,10422.93,3
2025-11-03T05:49:07.727459,05:49:07,10409.96,10409.96,3
2025-11-03T05:49:19.641231,05:49:19,10410.19,10410.19,3
2025-11-03T05:49:31.694636,05:49:31,10394.73,10394.73,3
2025-11-03T05:49:43.634428,05:49:43,10401.9,10401.9,3
2025-11-03T05:49:55.281325,05:49:55,10414.66,10414.66,3
2025-11-03T05:50:07.263205,05:50:07,10408.7,10408.7,3
2025-11-03T05:50:19.489930,05:50:19,10410.07,10410.07,3
2025-11-03T05:50:31.120185,05:50:31,10403.47,10403.47,3
2025-11-03T05:50:43.076767,05:50:43,10387.61,10387.61,3
2025-11-03T05:50:54.745124,05:50:54,10372.23,10372.23,3
2025-11-03T05:51:06.660708,05:51:06,10366.65,10366.65,3
2025-11-03T05:51:18.691681,05:51:18,10340.48,10340.48,3
2025-11-03T05:51:30.734023,05:51:30,10337.94,10337.94,3
2025-11-03T05:51:42.659077,05:51:42,10335.64,10335.64,3
2025-11-03T05:51:54.601576,05:51:54,10310.99,10310.99,3
2025-11-03T05:52:06.623771,05:52:06,10309.67,10309.67,3
2025-11-03T05:52:18.538562,05:52:18,10311.28,10311.28,3
2025-11-03T05:52:30.480461,05:52:30,10315.07,10315.07,3
2025-11-03T05:52:42.137453,05:52:42,10355.84,10355.84,3
2025-11-03T05:52:54.373922,05:52:54,10340.64,10340.64,3
2025-11-03T05:53:06.341885,05:53:06,10356.51,10356.51,3
2025-11-03T05:53:17.961149,05:53:17,10344.67,10344.67,3
2025-11-03T05:53:29.602233,05:53:29,10345.27,10345.27,3
2025-11-03T05:53:41.637040,05:53:41,10319.08,10319.08,3
2025-11-03T05:53:53.263513,05:53:53,10313.95,10313.95,3
2025-11-03T05:54:05.163086,05:54:05,10307.41,10307.41,3
2025-11-03T05:54:16.874439,05:54:16,10316.31,10316.31,3
2025-11-03T05:54:28.482953,05:54:28,10309.3,10309.3,3
2025-11-03T05:54:40.176976,05:54:40,10302.37,10302.37,3
2025-11-03T05:54:51.792799,05:54:51,10293.92,10293.92,3
2025-11-03T05:55:03.737833,05:55:03,10294.98,10294.98,3
2025-11-03T05:55:15.669127,05:55:15,10300.52,10300.52,3
2025-11-03T05:55:27.582205,05:55:27,10311.99,10311.99,3
2025-11-03T05:55:39.279010,05:55:39,10295.1,10295.1,3
2025-11-03T05:55:51.205497,05:55:51,10296.16,10296.16,3
2025-11-03T05:56:03.150288,05:56:03,10276.74,10276.74,3
2025-11-03T05:56:15.449466,05:56:15,10269.72,10269.72,3
2025-11-03T05:56:27.086108,05:56:27,10256.35,10256.35,3
2025-11-03T05:56:38.795211,05:56:38,10274.85,10274.85,3
2025-11-03T05:56:50.746747,05:56:50,10266.01,10266.01,3
2025-11-03T05:57:02.464833,05:57:02,10244.28,10244.28,3
2025-11-03T05:57:14.418219,05:57:14,10244.46,10244.46,3
2025-11-03T05:57:26.647475,05:57:26,10244.17,10244.17,3
2025-11-03T05:57:38.602400,05:57:38,10239.92,10239.92,3
2025-11-03T05:57:50.564829,05:57:50,10237.24,10237.24,3
2025-11-03T05:58:02.478341,05:58:02,10229.51,10229.51,3
2025-11-03T05:58:14.402343,05:58:14,10210.29,10210.29,3
2025-11-03T05:58:26.369343,05:58:26,10186.56,10186.56,3
2025-11-03T05:58:38.017864,05:58:38,10192.33,10192.33,3
2025-11-03T05:58:49.922007,05:58:49,10187.65,10187.65,3
2025-11-03T05:59:01.575572,05:59:01,10190.08,10190.08,3
2025-11-03T05:59:13.474528,05:59:13,10176.81,10176.81,3
2025-11-03T05:59:25.390907,05:59:25,10176.62,10176.62,3
2025-11-03T05:59:37.343325,05:59:37,10169.46,10169.46,3
2025-11-03T05:59:49.046451,05:59:49,10184.27,10184.27,3
2025-11-03T06:00:01.281001,06:00:01,10170.96,10170.96,3
2025-11-03T06:00:13.219993,06:00:13,10199.14,10199.14,3
2025-11-03T06:00:25.142846,06:00:25,10192.1,10192.1,3
2025-11-03T06:00:36.769608,06:00:36,10187.59,10187.59,3
2025-11-03T06:00:48.685603,06:00:48,10180.59,10180.59,3
2025-11-03T06:01:00.728208,06:01:00,10180.81,10180.81,3
2025-11-03T06:01:12.369364,06:01:12,10181.45,10181.45,3
2025-11-03T06:01:24.295730,06:01:24,10182.81,10182.81,3
2025-11-03T06:01:36.245802,06:01:36,10189.94,10189.94,3
2025-11-03T06:01:47.961982,06:01:47,10192.12,10192.12,3
2025-11-03T06:01:59.655941,06:01:59,10199.94,10199.94,3
2025-11-03T06:02:11.326331,06:02:11,10227.9,10227.9,3
2025-11-03T06:02:22.952651,06:02:22,10230.16,10230.16,3
2025-11-03T06:02:34.578113,06:02:34,10231.68,10231.68,3
2025-11-03T06:02:46.215149,06:02:46,10216.72,10216.72,3
2025-11-03T06:02:57.837207,06:02:57,10205.73,10205.73,3
2025-11-03T06:03:09.545319,06:03:09,10204.44,10204.44,3
2025-11-03T06:03:21.537935,06:03:21,10187.66,10187.66,3
2025-11-03T06:03:33.150576,06:03:33,10193.55,10193.55,3
2025-11-03T06:03:45.132163,06:03:45,10185.34,10185.34,3
2025-11-03T06:03:56.773306,06:03:56,10188.3,10188.3,3
2025-11-03T06:04:08.807256,06:04:08,10191.51,10191.51,3
2025-11-03T06:04:20.434026,06:04:20,10187.49,10187.49,3
2025-11-03T06:04:32.077430,06:04:32,10190.24,10190.24,3
2025-11-03T06:04:43.762930,06:04:43,10182.12,10182.12,3
2025-11-03T06:04:55.388432,06:04:55,10179.81,10179.81,3
2025-11-03T06:05:07.344763,06:05:07,10187.16,10187.16,3
2025-11-03T06:05:19.398613,06:05:19,10215.19,10215.19,3
2025-11-03T06:05:31.028578,06:05:31,10223.21,10223.21,3
2025-11-03T06:05:42.700698,06:05:42,10234.56,10234.56,3
2025-11-03T06:05:54.317278,06:05:54,10246.12,10246.12,3
2025-11-03T06:06:06.372411,06:06:06,10213.17,10213.17,3
2025-11-03T06:06:17.995308,06:06:17,10200.57,10200.57,3
2025-11-03T06:06:29.898657,06:06:29,10193.2,10193.2,3
2025-11-03T06:06:41.567997,06:06:41,10196.32,10196.32,3
2025-11-03T06:06:53.193249,06:06:53,10197.32,10197.32,3
2025-11-03T06:07:05.166447,06:07:05,10200.92,10200.92,3
2025-11-03T06:07:16.822169,06:07:16,10194.66,10194.66,3
2025-11-03T06:07:28.495864,06:07:28,10215.08,10215.08,3
2025-11-03T06:07:40.167425,06:07:40,10203.88,10203.88,3
2025-11-03T06:07:52.087606,06:07:52,10201.56,10201.56,3
2025-11-03T06:08:03.800809,06:08:03,10215.8,10215.8,3
2025-11-03T06:08:15.466370,06:08:15,10226.51,10226.51,3
2025-11-03T06:08:27.101617,06:08:27,10235.4,10235.4,3
2025-11-03T06:08:38.839951,06:08:38,10252.56,10252.56,3
2025-11-03T06:08:50.451338,06:08:50,10227.26,10227.26,3
2025-11-03T06:09:02.096150,06:09:02,10238.97,10238.97,3
2025-11-03T06:09:13.786387,06:09:13,10233.17,10233.17,3
2025-11-03T06:09:25.771106,06:09:25,10221.08,10221.08,3
2025-11-03T06:09:37.407630,06:09:37,10221.64,10221.64,3
2025-11-03T06:09:49.383288,06:09:49,10239.33,10239.33,3
2025-11-03T06:10:01.340559,06:10:01,10225.45,10225.45,3
2025-11-03T06:10:13.249792,06:10:13,10231.73,10231.73,3
2025-11-03T06:10:24.854091,06:10:24,10241.82,10241.82,3
2025-11-03T06:10:36.832070,06:10:36,10230.73,10230.73,3
2025-11-03T06:10:48.740132,06:10:48,10235.92,10235.92,3
2025-11-03T06:11:00.426560,06:11:00,10226.07,10226.07,3
2025-11-03T06:11:12.308774,06:11:12,10229.41,10229.41,3
2025-11-03T06:11:23.966364,06:11:23,10225.78,10225.78,3
2025-11-03T06:11:35.630448,06:11:35,10197.69,10197.69,3
2025-11-03T06:11:47.276340,06:11:47,10193.91,10193.91,3
2025-11-03T06:11:59.194870,06:11:59,10205.16,10205.16,3
2025-11-03T06:12:10.814059,06:12:10,10199.39,10199.39,3
2025-11-03T06:12:22.753416,06:12:22,10210.58,10210.58,3
2025-11-03T06:12:34.692985,06:12:34,10200.54,10200.54,3
2025-11-03T06:12:46.634998,06:12:46,10199.63,10199.63,3
2025-11-03T06:12:58.274023,06:12:58,10205.08,10205.08,3
2025-11-03T06:13:09.902485,06:13:09,10200.24,10200.24,3
2025-11-03T06:13:21.473209,06:13:21,10191.31,10191.31,3
2025-11-03T06:13:33.072400,06:13:33,10177.46,10177.46,3
2025-11-03T06:13:45.069531,06:13:45,10212.23,10212.23,3
2025-11-03T06:13:57.020363,06:13:57,10180.34,10180.34,3
2025-11-03T06:14:08.681339,06:14:08,10195.46,10195.46,3
2025-11-03T06:14:20.599747,06:14:20,10203.55,10203.55,3
2025-11-03T06:14:32.534253,06:14:32,10203.61,10203.61,3
2025-11-03T06:14:44.489011,06:14:44,10203.56,10203.56,3
2025-11-03T06:14:56.197824,06:14:56,10214.2,10214.2,3
2025-11-03T06:15:07.885834,06:15:07,10213.28,10213.28,3
2025-11-03T06:15:19.547855,06:15:19,10227.17,10227.17,3
2025-11-03T06:15:31.207584,06:15:31,10229.62,10229.62,3
2025-11-03T06:15:43.287342,06:15:43,10225.86,10225.86,3
2025-11-03T06:15:55.196939,06:15:55,10230.8,10230.8,3
2025-11-03T06:16:06.834142,06:16:06,10202.91,10202.91,3
2025-11-03T06:16:18.421047,06:16:18,10201.61,10201.61,3
2025-11-03T06:16:30.058156,06:16:30,10202.43,10202.43,3
2025-11-03T06:16:41.747227,06:16:41,10200.97,10200.97,3
2025-11-03T06:16:53.662353,06:16:53,10198.46,10198.46,3
2025-11-03T06:17:05.289402,06:17:05,10185.47,10185.47,3
2025-11-03T06:17:17.244750,06:17:17,10161.73,10161.73,3
2025-11-03T06:17:29.177430,06:17:29,10141.61,10141.61,3
2025-11-03T06:17:40.869372,06:17:40,10145.72,10145.72,3
2025-11-03T06:17:52.500203,06:17:52,10146.88,10146.88,3
2025-11-03T06:18:04.250305,06:18:04,10143.0,10143.0,3
2025-11-03T06:18:15.928978,06:18:15,10132.42,10132.42,3
2025-11-03T06:18:27.856606,06:18:27,10140.31,10140.31,3
2025-11-03T06:18:39.500621,06:18:39,10164.05,10164.05,3
2025-11-03T06:18:51.123195,06:18:51,10148.93,10148.93,3
2025-11-03T06:19:03.334675,06:19:03,10134.63,10134.63,3
2025-11-03T06:19:15.049467,06:19:15,10143.21,10143.21,3
2025-11-03T06:19:27.042809,06:19:27,10132.95,10132.95,3
2025-11-03T06:19:39.255393,06:19:39,10142.33,10142.33,3
2025-11-03T06:19:51.489876,06:19:51,10142.73,10142.73,3
2025-11-03T06:20:03.367305,06:20:03,10143.68,10143.68,3
2025-11-03T06:20:15.256015,06:20:15,10167.66,10167.66,3
2025-11-03T06:20:27.244672,06:20:27,10173.55,10173.55,3
2025-11-03T06:20:38.875834,06:20:38,10180.47,10180.47,3
2025-11-03T06:20:51.127838,06:20:51,10171.2,10171.2,3
2025-11-03T06:21:02.830166,06:21:02,10171.64,10171.64,3
2025-11-03T06:21:15.124112,06:21:15,10164.55,10164.55,3
2025-11-03T06:21:26.745206,06:21:26,10170.89,10170.89,3
2025-11-03T06:21:38.749436,06:21:38,10172.18,10172.18,3
2025-11-03T06:21:50.358428,06:21:50,10157.64,10157.64,3
2025-11-03T06:22:02.349460,06:22:02,10151.2,10151.2,3
2025-11-03T06:22:13.965130,06:22:13,10126.99,10126.99,3
2025-11-03T06:22:25.974705,06:22:25,10096.64,10096.64,3
2025-11-03T06:22:37.669082,06:22:37,10084.0,10084.0,3
2025-11-03T06:22:49.659128,06:22:49,10067.31,10067.31,3
2025-11-03T06:23:01.931857,06:23:01,10063.09,10063.09,3
2025-11-03T06:23:13.566879,06:23:13,9995.54,9995.54,3
2025-11-03T06:23:25.188615,06:23:25,9993.39,9993.39,3
2025-11-03T06:23:36.850381,06:23:36,10001.78,10001.78,3
2025-11-03T06:23:48.467358,06:23:48,9999.04,9999.04,3
2025-11-03T06:24:00.073561,06:24:00,10000.97,10000.97,3
2025-11-03T06:24:12.302278,06:24:12,9989.85,9989.85,3
2025-11-03T06:24:24.251349,06:24:24,10016.08,10016.08,3
2025-11-03T06:24:35.899627,06:24:35,10021.77,10021.77,3
2025-11-03T06:24:47.526124,06:24:47,10060.06,10060.06,3
2025-11-03T06:24:59.220000,06:24:59,10055.72,10055.72,3
2025-11-03T06:25:10.888561,06:25:10,10039.45,10039.45,3
2025-11-03T06:25:22.796100,06:25:22,10000.7,10000.7,3
2025-11-03T06:25:34.451614,06:25:34,9967.7,9967.7,3
2025-11-03T06:25:46.493580,06:25:46,9920.51,9920.51,3
2025-11-03T06:25:58.465525,06:25:58,9933.85,9933.85,3
2025-11-03T06:26:10.366197,06:26:10,9955.08,9955.08,3
2025-11-03T06:26:22.580490,06:26:22,9939.05,9939.05,3
2025-11-03T06:26:34.273831,06:26:34,9877.05,9877.05,3
2025-11-03T06:26:46.268146,06:26:46,9910.23,9910.23,3
2025-11-03T06:26:58.635842,06:26:58,9908.41,9908.41,3
2025-11-03T06:27:10.258374,06:27:10,9900.67,9900.67,3
2025-11-03T06:27:21.932932,06:27:21,9877.91,9877.91,3
2025-11-03T06:27:34.184089,06:27:34,9869.39,9869.39,3
2025-11-03T06:27:46.165166,06:27:46,9858.1,9858.1,3
2025-11-03T06:27:57.815584,06:27:57,9872.48,9872.48,3
2025-11-03T06:28:09.735535,06:28:09,9823.87,9823.87,3
2025-11-03T06:28:21.669005,06:28:21,9839.77,9839.77,3
2025-11-03T06:28:33.372823,06:28:33,9823.6,9823.6,3
2025-11-03T06:28:45.417423,06:28:45,9838.56,9838.56,3
2025-11-03T06:28:57.041062,06:28:57,9854.48,9854.48,3
2025-11-03T06:29:08.671819,06:29:08,9888.32,9888.32,3
2025-11-03T06:29:20.650282,06:29:20,9857.41,9857.41,3
2025-11-03T06:29:32.672825,06:29:32,9846.52,9846.52,3
2025-11-03T06:29:44.616634,06:29:44,9826.22,9826.22,3
2025-11-03T06:29:56.555250,06:29:56,9809.08,9809.08,3
2025-11-03T06:30:08.243087,06:30:08,9704.11,9704.11,3
2025-11-03T06:30:19.915798,06:30:19,9724.24,9724.24,3
2025-11-03T06:30:31.611063,06:30:31,9683.72,9683.72,3
2025-11-03T06:30:43.224698,06:30:43,9698.4,9698.4,3
2025-11-03T06:30:54.871687,06:30:54,9701.69,9701.69,3
2025-11-03T06:31:06.477783,06:31:06,9683.0,9683.0,3
2025-11-03T06:31:18.449939,06:31:18,9662.18,9662.18,3
2025-11-03T06:31:30.383748,06:31:30,9732.72,9732.72,3
2025-11-03T06:31:41.989839,06:31:41,9755.42,9755.42,3
2025-11-03T06:31:53.951049,06:31:53,9746.94,9746.94,3
2025-11-03T06:32:05.929218,06:32:05,9730.53,9730.53,3
2025-11-03T06:32:17.880532,06:32:17,9737.64,9737.64,3
2025-11-03T06:32:29.824873,06:32:29,9694.73,9694.73,3
2025-11-03T06:32:41.492290,06:32:41,9666.34,9666.34,3
2025-11-03T06:32:53.120764,06:32:53,9608.78,9608.78,3
2025-11-03T06:33:05.374774,06:33:05,9573.65,9573.65,3
2025-11-03T06:33:17.342802,06:33:17,9578.84,9578.84,3
2025-11-03T06:33:29.575330,06:33:29,9609.52,9609.52,3
2025-11-03T06:33:41.628905,06:33:41,9624.06,9624.06,3
2025-11-03T06:33:53.284696,06:33:53,9623.78,9623.78,3
2025-11-03T06:34:04.887381,06:34:04,9634.33,9634.33,3
2025-11-03T06:34:16.780759,06:34:16,9587.02,9587.02,3
2025-11-03T06:34:28.818137,06:34:28,9585.32,9585.32,3
2025-11-03T06:34:40.445891,06:34:40,9608.56,9608.56,3
2025-11-03T06:34:52.410071,06:34:52,9604.77,9604.77,3
2025-11-03T06:35:04.395635,06:35:04,9585.53,9585.53,3
2025-11-03T06:35:16.393484,06:35:16,9594.49,9594.49,3
2025-11-03T06:35:28.403192,06:35:28,9597.22,9597.22,3
2025-11-03T06:35:40.350055,06:35:40,9606.47,9606.47,3
2025-11-03T06:35:52.052024,06:35:52,9605.17,9605.17,3
2025-11-03T06:36:03.723014,06:36:03,9631.16,9631.16,3
2025-11-03T06:36:15.759003,06:36:15,9700.2,9700.2,3
2025-11-03T06:36:27.693242,06:36:27,9664.59,9664.59,3
2025-11-03T06:36:39.317249,06:36:39,9656.63,9656.63,3
2025-11-03T06:36:51.257142,06:36:51,9659.17,9659.17,3
2025-11-03T06:37:03.486497,06:37:03,9643.38,9643.38,3
2025-11-03T06:37:15.186018,06:37:15,9628.73,9628.73,3
2025-11-03T06:37:27.109616,06:37:27,9631.71,9631.71,3
2025-11-03T06:37:38.746801,06:37:38,9619.32,9619.32,3
2025-11-03T06:37:50.671343,06:37:50,9597.84,9597.84,3
2025-11-03T06:38:02.676426,06:38:02,9611.73,9611.73,3
2025-11-03T06:38:14.291972,06:38:14,9662.78,9662.78,3
2025-11-03T06:38:25.906019,06:38:25,9670.64,9670.64,3
2025-11-03T06:38:37.636932,06:38:37,9715.31,9715.31,3
2025-11-03T06:38:49.574010,06:38:49,9723.23,9723.23,3
2025-11-03T06:39:01.276110,06:39:01,9768.37,9768.37,3
2025-11-03T06:39:13.217877,06:39:13,9784.38,9784.38,3
2025-11-03T06:39:24.869238,06:39:24,9776.66,9776.66,3
2025-11-03T06:39:36.798243,06:39:36,9844.29,9844.29,3
2025-11-03T06:39:48.739392,06:39:48,9824.48,9824.48,3
2025-11-03T06:40:00.372536,06:40:00,9844.12,9844.12,3
2025-11-03T06:40:12.279408,06:40:12,9823.82,9823.82,3
2025-11-03T06:40:23.955743,06:40:23,9840.6,9840.6,3
2025-11-03T06:40:35.581186,06:40:35,9843.25,9843.25,3
2025-11-03T06:40:47.242972,06:40:47,9848.24,9848.24,3
2025-11-03T06:40:59.141775,06:40:59,9853.42,9853.42,3
2025-11-03T06:41:10.780468,06:41:10,9838.93,9838.93,3
2025-11-03T06:41:22.445892,06:41:22,9863.51,9863.51,3
2025-11-03T06:41:34.368540,06:41:34,9859.35,9859.35,3
2025-11-03T06:41:45.985464,06:41:45,9852.43,9852.43,3
2025-11-03T06:41:57.898064,06:41:57,9856.89,9856.89,3
2025-11-03T06:42:10.176363,06:42:10,9845.88,9845.88,3
2025-11-03T06:42:22.130357,06:42:22,9849.87,9849.87,3
2025-11-03T06:42:34.043125,06:42:34,9828.46,9828.46,3
2025-11-03T06:42:45.686966,06:42:45,9830.66,9830.66,3
2025-11-03T06:42:57.341022,06:42:57,9794.81,9794.81,3
2025-11-03T06:43:09.254729,06:43:09,9805.09,9805.09,3
2025-11-03T06:43:20.906972,06:43:20,9789.5,9789.5,3
2025-11-03T06:43:32.684374,06:43:32,9797.25,9797.25,3
2025-11-03T06:43:44.304224,06:43:44,9785.88,9785.88,3
2025-11-03T06:43:56.010754,06:43:56,9788.72,9788.72,3
2025-11-03T06:44:07.713331,06:44:07,9781.98,9781.98,3
2025-11-03T06:44:19.325996,06:44:19,9767.26,9767.26,3
2025-11-03T06:44:30.987922,06:44:30,9763.44,9763.44,3
2025-11-03T06:44:42.895055,06:44:42,9732.89,9732.89,3
2025-11-03T06:44:54.535177,06:44:54,9745.23,9745.23,3
2025-11-03T06:45:06.189433,06:45:06,9767.96,9767.96,3
2025-11-03T06:45:17.894502,06:45:17,9769.04,9769.04,3
2025-11-03T06:45:29.498066,06:45:29,9775.83,9775.83,3
2025-11-03T06:45:41.147921,06:45:41,9750.49,9750.49,3
2025-11-03T06:45:52.794428,06:45:52,9762.0,9762.0,3
2025-11-03T06:46:04.479793,06:46:04,9693.65,9693.65,3
2025-11-03T06:46:16.248748,06:46:16,9702.42,9702.42,3
2025-11-03T06:46:27.914166,06:46:27,9729.7,9729.7,3
2025-11-03T06:46:39.557671,06:46:39,9773.43,9773.43,3
2025-11-03T06:46:51.166962,06:46:51,9779.27,9779.27,3
2025-11-03T06:47:02.806401,06:47:02,9812.7,9812.7,3
2025-11-03T06:47:14.435807,06:47:14,9783.48,9783.48,3
2025-11-03T06:47:26.083168,06:47:26,9792.93,9792.93,3
2025-11-03T06:47:37.699725,06:47:37,9823.21,9823.21,3
2025-11-03T06:47:49.551086,06:47:49,9787.88,9787.88,3
2025-11-03T06:48:01.452912,06:48:01,9785.2,9785.2,3
2025-11-03T06:48:13.032684,06:48:13,9783.78,9783.78,3
2025-11-03T06:48:25.298257,06:48:25,9798.31,9798.31,3
2025-11-03T06:48:37.220091,06:48:37,9833.53,9833.53,3
2025-11-03T06:48:48.885797,06:48:48,9833.29,9833.29,3
2025-11-03T06:49:00.792975,06:49:00,9814.06,9814.06,3
2025-11-03T06:49:12.682401,06:49:12,9730.33,9730.33,3
2025-11-03T06:49:24.318931,06:49:24,9744.14,9744.14,3
2025-11-03T06:49:36.502493,06:49:36,9747.15,9747.15,3
2025-11-03T06:49:48.434185,06:49:48,9736.25,9736.25,3
2025-11-03T06:50:00.413028,06:50:00,9757.02,9757.02,3
2025-11-03T06:50:12.379323,06:50:12,9751.47,9751.47,3
2025-11-03T06:50:24.014316,06:50:24,9738.18,9738.18,3
2025-11-03T06:50:35.674502,06:50:35,9741.55,9741.55,3
2025-11-03T06:50:47.286377,06:50:47,9783.05,9783.05,3
2025-11-03T06:50:58.895784,06:50:58,9747.28,9747.28,3
2025-11-03T06:51:10.577686,06:51:10,9793.58,9793.58,3
2025-11-03T06:51:22.241028,06:51:22,9812.51,9812.51,3
2025-11-03T06:51:34.498166,06:51:34,9794.05,9794.05,3
2025-11-03T06:51:46.494135,06:51:46,9776.48,9776.48,3
2025-11-03T06:51:58.440591,06:51:58,9775.57,9775.57,3
2025-11-03T06:52:10.350463,06:52:10,9755.4,9755.4,3
2025-11-03T06:52:22.031227,06:52:22,9738.09,9738.09,3
2025-11-03T06:52:33.652760,06:52:33,9689.49,9689.49,3
2025-11-03T06:52:45.610863,06:52:45,9710.08,9710.08,3
2025-11-03T06:52:57.253110,06:52:57,9701.0,9701.0,3
2025-11-03T06:53:09.510980,06:53:09,9681.49,9681.49,3
2025-11-03T06:53:21.248223,06:53:21,9661.09,9661.09,3
2025-11-03T06:53:32.836807,06:53:32,9651.91,9651.91,3
2025-11-03T06:53:44.741291,06:53:44,9647.67,9647.67,3
2025-11-03T06:53:56.358726,06:53:56,9664.29,9664.29,3
2025-11-03T06:54:07.980525,06:54:07,9673.99,9673.99,3
2025-11-03T06:54:19.862268,06:54:19,9680.49,9680.49,3
2025-11-03T06:54:31.496965,06:54:31,9687.2,9687.2,3
2025-11-03T06:54:43.504679,06:54:43,9687.05,9687.05,3
2025-11-03T06:54:55.445766,06:54:55,9695.51,9695.51,3
2025-11-03T06:55:07.415646,06:55:07,9694.85,9694.85,3
2025-11-03T06:55:19.375388,06:55:19,9669.3,9669.3,3
2025-11-03T06:55:31.025589,06:55:31,9692.05,9692.05,3
2025-11-03T06:55:43.226336,06:55:43,9667.26,9667.26,3
2025-11-03T06:55:55.147276,06:55:55,9670.44,9670.44,3
2025-11-03T06:56:06.887357,06:56:06,9664.55,9664.55,3
2025-11-03T06:56:18.581241,06:56:18,9672.52,9672.52,3
2025-11-03T06:56:30.495742,06:56:30,9664.5,9664.5,3
2025-11-03T06:56:42.379724,06:56:42,9665.75,9665.75,3
2025-11-03T06:56:54.369843,06:56:54,9639.32,9639.32,3
2025-11-03T06:57:05.994930,06:57:05,9669.41,9669.41,3
2025-11-03T06:57:17.611193,06:57:17,9681.54,9681.54,3
2025-11-03T06:57:29.696248,06:57:29,9705.61,9705.61,3
2025-11-03T06:57:41.719147,06:57:41,9698.86,9698.86,3
2025-11-03T06:57:53.651913,06:57:53,9728.11,9728.11,3
2025-11-03T06:58:05.604311,06:58:05,9726.51,9726.51,3
2025-11-03T06:58:17.336077,06:58:17,9727.16,9727.16,3
2025-11-03T06:58:29.529330,06:58:29,9750.5,9750.5,3
2025-11-03T06:58:41.185522,06:58:41,9754.92,9754.92,3
2025-11-03T06:58:53.377432,06:58:53,9765.75,9765.75,3
2025-11-03T06:59:05.304746,06:59:05,9777.46,9777.46,3
2025-11-03T06:59:16.925276,06:59:16,9772.3,9772.3,3
2025-11-03T06:59:28.553641,06:59:28,9757.01,9757.01,3
2025-11-03T06:59:40.262104,06:59:40,9744.85,9744.85,3
2025-11-03T06:59:52.236241,06:59:52,9756.55,9756.55,3
2025-11-03T07:00:04.150877,07:00:04,9743.46,9743.46,3
2025-11-03T07:00:16.400546,07:00:16,9759.54,9759.54,3
2025-11-03T07:00:28.006689,07:00:28,9784.2,9784.2,3
2025-11-03T07:00:39.608022,07:00:39,9792.47,9792.47,3
2025-11-03T07:00:51.589295,07:00:51,9812.33,9812.33,3
2025-11-03T07:01:03.225980,07:01:03,9830.22,9830.22,3
2025-11-03T07:01:14.910402,07:01:14,9836.57,9836.57,3
2025-11-03T07:01:26.977295,07:01:26,9801.18,9801.18,3
2025-11-03T07:01:38.634407,07:01:38,9797.92,9797.92,3
2025-11-03T07:01:50.235629,07:01:50,9805.82,9805.82,3
2025-11-03T07:02:01.894195,07:02:01,9813.66,9813.66,3
2025-11-03T07:02:13.535147,07:02:13,9807.84,9807.84,3
2025-11-03T07:02:25.509979,07:02:25,9818.55,9818.55,3
2025-11-03T07:02:37.177802,07:02:37,9814.24,9814.24,3
2025-11-03T07:02:48.871112,07:02:48,9816.61,9816.61,3
2025-11-03T07:03:00.821478,07:03:00,9819.87,9819.87,3
2025-11-03T07:03:12.506069,07:03:12,9821.13,9821.13,3
2025-11-03T07:03:24.197061,07:03:24,9816.44,9816.44,3
2025-11-03T07:03:35.828637,07:03:35,9822.03,9822.03,3
2025-11-03T07:03:47.475500,07:03:47,9839.02,9839.02,3
2025-11-03T07:03:59.114334,07:03:59,9826.96,9826.96,3
2025-11-03T07:04:10.736584,07:04:10,9824.97,9824.97,3
2025-11-03T07:04:22.731354,07:04:22,9821.09,9821.09,3
2025-11-03T07:04:34.413050,07:04:34,9794.47,9794.47,3
2025-11-03T07:04:46.353732,07:04:46,9795.14,9795.14,3
2025-11-03T07:04:58.033348,07:04:58,9788.81,9788.81,3
2025-11-03T07:05:09.994700,07:05:09,9737.07,9737.07,3
2025-11-03T07:05:21.904825,07:05:21,9685.75,9685.75,3
2025-11-03T07:05:33.507456,07:05:33,9659.31,9659.31,3
2025-11-03T07:05:45.102546,07:05:45,9606.22,9606.22,3
2025-11-03T07:05:56.763420,07:05:56,9521.73,9521.73,3
2025-11-03T07:06:08.848975,07:06:08,9516.3,9516.3,3
2025-11-03T07:06:20.733320,07:06:20,9513.58,9513.58,3
2025-11-03T07:06:32.648227,07:06:32,9514.05,9514.05,3
2025-11-03T07:06:44.567513,07:06:44,9556.17,9556.17,3
2025-11-03T07:06:56.197513,07:06:56,9635.11,9635.11,3
2025-11-03T07:07:08.193980,07:07:08,9630.32,9630.32,3
2025-11-03T07:07:19.873668,07:07:19,9650.68,9650.68,3
2025-11-03T07:07:31.789251,07:07:31,9674.67,9674.67,3
2025-11-03T07:07:43.439075,07:07:43,9667.28,9667.28,3
2025-11-03T07:07:55.164235,07:07:55,9693.43,9693.43,3
2025-11-03T07:08:07.409794,07:08:07,9721.31,9721.31,3
2025-11-03T07:08:19.387508,07:08:19,9734.47,9734.47,3
2025-11-03T07:08:31.015848,07:08:31,9777.42,9777.42,3
2025-11-03T07:08:42.746577,07:08:42,9832.67,9832.67,3
2025-11-03T07:08:54.418368,07:08:54,9840.52,9840.52,3
2025-11-03T07:09:06.306595,07:09:06,9805.82,9805.82,3
2025-11-03T07:09:18.729310,07:09:18,9745.09,9745.09,3
2025-11-03T07:09:30.405417,07:09:30,9756.04,9756.04,3
2025-11-03T07:09:42.314733,07:09:42,9769.85,9769.85,3
2025-11-03T07:09:53.982605,07:09:53,9741.32,9741.32,3
2025-11-03T07:10:05.902283,07:10:05,9726.56,9726.56,3
2025-11-03T07:10:17.861645,07:10:17,9724.68,9724.68,3
2025-11-03T07:10:29.792417,07:10:29,9716.44,9716.44,3
2025-11-03T09:11:13.182360,09:11:13,8571.21,8571.21,3
2025-11-03T09:11:13.183955,09:11:13,8571.21,8571.21,3
2025-11-03T09:11:25.316798,09:11:25,8599.45,8599.45,3
2025-11-03T09:11:37.115695,09:11:37,8579.19,8579.19,3
2025-11-03T09:11:48.916254,09:11:48,8530.86,8530.86,3
2025-11-03T09:12:00.798342,09:12:00,8524.28,8524.28,3
2025-11-03T09:12:12.593804,09:12:12,8504.66,8504.66,3
2025-11-03T09:12:24.433893,09:12:24,8482.58,8482.58,3
2025-11-03T09:12:35.960071,09:12:35,8527.41,8527.41,3
2025-11-03T09:12:57.423021,09:12:57,8554.19,8554.19,3
2025-11-03T09:13:05.080361,09:13:05,8553.37,8553.37,3
2025-11-03T09:13:49.455544,09:13:49,8513.45,8513.45,3
2025-11-03T09:14:00.980284,09:14:00,8525.8,8525.8,3
2025-11-03T09:14:12.844175,09:14:12,8506.62,8506.62,3
2025-11-03T09:14:24.419192,09:14:24,8525.67,8525.67,3
2025-11-03T09:14:36.251941,09:14:36,8491.77,8491.77,3
2025-11-03T09:14:48.368165,09:14:48,8476.82,8476.82,3
2025-11-03T09:15:00.197808,09:15:00,8478.06,8478.06,3
2025-11-03T09:15:12.361224,09:15:12,8396.73,8396.73,3
2025-11-03T09:15:24.449232,09:15:24,8361.72,8361.72,3
2025-11-03T09:15:36.537856,09:15:36,8319.81,8319.81,3
2025-11-03T09:15:48.407885,09:15:48,8311.77,8311.77,3
2025-11-03T09:16:00.269029,09:16:00,8323.27,8323.27,3
2025-11-03T09:16:12.074113,09:16:12,8352.77,8352.77,3
2025-11-03T09:16:23.932740,09:16:23,8381.94,8381.94,3
2025-11-03T09:16:35.454177,09:16:35,8383.37,8383.37,3
2025-11-03T09:16:46.986179,09:16:46,8336.99,8336.99,3
2025-11-03T09:16:58.962398,09:16:58,8286.72,8286.72,3
2025-11-03T09:17:10.808243,09:17:10,8342.76,8342.76,3
2025-11-03T09:17:22.376074,09:17:22,8322.11,8322.11,3
2025-11-03T09:17:33.945907,09:17:33,8323.29,8323.29,3
2025-11-03T09:17:45.488946,09:17:45,8346.91,8346.91,3
2025-11-03T09:17:57.042756,09:17:57,8347.23,8347.23,3
2025-11-03T09:18:08.858281,09:18:08,8358.0,8358.0,3
2025-11-03T09:18:20.715205,09:18:20,8390.51,8390.51,3
2025-11-03T09:18:32.594453,09:18:32,8387.12,8387.12,3
2025-11-03T09:18:44.253614,09:18:44,8340.37,8340.37,3
2025-11-03T09:18:56.164258,09:18:56,8337.51,8337.51,3
2025-11-03T09:19:07.693575,09:19:07,8343.55,8343.55,3
2025-11-03T09:19:19.264378,09:19:19,8319.71,8319.71,3
2025-11-03T09:19:30.774132,09:19:30,8261.37,8261.37,3
2025-11-03T09:19:42.577328,09:19:42,8235.68,8235.68,3
2025-11-03T09:19:54.551315,09:19:54,8242.17,8242.17,3
2025-11-03T09:20:06.121369,09:20:06,8238.56,8238.56,3
2025-11-03T09:20:18.309159,09:20:18,8292.23,8292.23,3
2025-11-03T09:20:29.859129,09:20:29,8313.92,8313.92,3
2025-11-03T09:20:41.445062,09:20:41,8320.53,8320.53,3
2025-11-03T09:20:53.266280,09:20:53,8347.71,8347.71,3
2025-11-03T09:21:05.217936,09:21:05,8335.58,8335.58,3
2025-11-03T09:21:17.420925,09:21:17,8289.4,8289.4,3
2025-11-03T09:21:29.034634,09:21:29,8326.27,8326.27,3
2025-11-03T09:21:40.581252,09:21:40,8338.93,8338.93,3
2025-11-03T09:21:52.206181,09:21:52,8312.08,8312.08,3
2025-11-03T09:22:04.039635,09:22:04,8295.27,8295.27,3
2025-11-03T09:22:15.564377,09:22:15,8227.2,8227.2,3
2025-11-03T09:22:27.410852,09:22:27,8183.49,8183.49,3
2025-11-03T09:22:39.317357,09:22:39,8144.08,8144.08,3
2025-11-03T09:22:50.905814,09:22:50,8176.65,8176.65,3
2025-11-03T09:23:02.468990,09:23:02,8179.32,8179.32,3
2025-11-03T09:23:14.288729,09:23:14,8217.07,8217.07,3
2025-11-03T09:23:25.912914,09:23:25,8179.84,8179.84,3
2025-11-03T09:23:37.462386,09:23:37,8156.69,8156.69,3
2025-11-03T09:23:49.039264,09:23:49,8110.96,8110.96,3
2025-11-03T09:24:00.620047,09:24:00,8102.2,8102.2,3
2025-11-03T09:24:12.138644,09:24:12,8117.34,8117.34,3
2025-11-03T09:24:23.688458,09:24:23,8101.75,8101.75,3
2025-11-03T09:24:35.279216,09:24:35,8135.78,8135.78,3
2025-11-03T09:24:46.852301,09:24:46,8156.84,8156.84,3
2025-11-03T09:24:58.444890,09:24:58,8172.04,8172.04,3
2025-11-03T09:25:10.046354,09:25:10,8192.3,8192.3,3
2025-11-03T09:25:21.587955,09:25:21,8212.44,8212.44,3
2025-11-03T09:25:33.442585,09:25:33,8217.5,8217.5,3
2025-11-03T09:25:45.004186,09:25:45,8240.07,8240.07,3
2025-11-03T09:25:56.573581,09:25:56,8239.9,8239.9,3
2025-11-03T09:26:08.433041,09:26:08,8237.34,8237.34,3
2025-11-03T09:26:20.544950,09:26:20,8191.48,8191.48,3
2025-11-03T09:26:32.416001,09:26:32,8186.86,8186.86,3
2025-11-03T09:26:43.972524,09:26:43,8129.32,8129.32,3
2025-11-03T09:26:56.213902,09:26:56,8151.38,8151.38,3
2025-11-03T09:27:08.342614,09:27:08,8221.05,8221.05,3
2025-11-03T09:27:20.245585,09:27:20,8233.55,8233.55,3
2025-11-03T09:27:32.323568,09:27:32,8235.99,8235.99,3
2025-11-03T09:27:44.218300,09:27:44,8250.21,8250.21,3
2025-11-03T09:27:56.312206,09:27:56,8263.44,8263.44,3
2025-11-03T09:28:08.128680,09:28:08,8240.59,8240.59,3
2025-11-03T09:28:19.661881,09:28:19,8222.13,8222.13,3
2025-11-03T09:28:31.491100,09:28:31,8239.26,8239.26,3
2025-11-03T09:28:43.091767,09:28:43,8210.46,8210.46,3
2025-11-03T09:28:54.635001,09:28:54,8225.25,8225.25,3
2025-11-03T09:29:06.529861,09:29:06,8222.13,8222.13,3
2025-11-03T09:29:18.396360,09:29:18,8211.4,8211.4,3
2025-11-03T09:29:30.581767,09:29:30,8198.72,8198.72,3
2025-11-03T09:29:42.134158,09:29:42,8241.04,8241.04,3
2025-11-03T09:29:54.216448,09:29:54,8245.29,8245.29,3
2025-11-03T09:30:05.727631,09:30:05,8145.36,8145.36,3
2025-11-03T09:30:17.666987,09:30:17,8146.72,8146.72,3
2025-11-03T09:30:29.670906,09:30:29,8154.76,8154.76,3
2025-11-03T09:30:41.550617,09:30:41,8219.09,8219.09,3
2025-11-03T09:30:53.417002,09:30:53,8242.6,8242.6,3
2025-11-03T09:31:05.556808,09:31:05,8190.69,8190.69,3
2025-11-03T09:31:17.222065,09:31:17,8178.77,8178.77,3
2025-11-03T09:31:28.857818,09:31:28,8196.52,8196.52,3
2025-11-03T09:31:40.441638,09:31:40,8087.74,8087.74,3
2025-11-03T09:31:52.385438,09:31:52,8123.65,8123.65,3
2025-11-03T09:32:04.355803,09:32:04,8156.86,8156.86,3
2025-11-03T09:32:16.230053,09:32:16,8157.45,8157.45,3
2025-11-03T09:32:28.491161,09:32:28,8184.78,8184.78,3
2025-11-03T09:32:40.428519,09:32:40,8190.55,8190.55,3
2025-11-03T09:32:52.589684,09:32:52,8200.45,8200.45,3
2025-11-03T09:33:04.441381,09:33:04,8240.54,8240.54,3
2025-11-03T09:33:16.327921,09:33:16,8229.38,8229.38,3
2025-11-03T09:33:28.137815,09:33:28,8159.11,8159.11,3
2025-11-03T09:33:40.245451,09:33:40,8174.65,8174.65,3
2025-11-03T09:33:52.461110,09:33:52,8119.02,8119.02,3
2025-11-03T09:34:04.575581,09:34:04,8086.35,8086.35,3
2025-11-03T09:34:16.389599,09:34:16,8012.88,8012.88,3
2025-11-03T09:34:28.541269,09:34:28,7872.85,7872.85,3
2025-11-03T09:34:40.085223,09:34:40,7935.06,7935.06,3
2025-11-03T09:34:52.289581,09:34:52,7778.94,7778.94,3
2025-11-03T09:35:04.380005,09:35:04,7745.14,7745.14,3
2025-11-03T09:35:16.192009,09:35:16,7763.03,7763.03,3
2025-11-03T09:35:28.325041,09:35:28,7804.76,7804.76,3
2025-11-03T09:35:40.470194,09:35:40,7812.17,7812.17,3
2025-11-03T09:35:52.296937,09:35:52,7788.75,7788.75,3
2025-11-03T09:36:03.831300,09:36:03,7805.33,7805.33,3
2025-11-03T09:36:15.370496,09:36:15,7735.34,7735.34,3
2025-11-03T09:36:27.251420,09:36:27,7753.33,7753.33,3
2025-11-03T09:36:39.055068,09:36:39,7746.49,7746.49,3
2025-11-03T09:36:51.222060,09:36:51,7720.42,7720.42,3
2025-11-03T09:37:03.375942,09:37:03,7679.79,7679.79,3
2025-11-03T09:37:14.940972,09:37:14,7729.29,7729.29,3
2025-11-03T09:37:26.756036,09:37:26,7718.19,7718.19,3
2025-11-03T09:37:38.678423,09:37:38,7724.98,7724.98,3
2025-11-03T09:37:50.210054,09:37:50,7728.1,7728.1,3
2025-11-03T09:38:02.402990,09:38:02,7782.34,7782.34,3
2025-11-03T09:38:14.016753,09:38:14,7827.82,7827.82,3
2025-11-03T09:38:25.832645,09:38:25,7878.2,7878.2,3
2025-11-03T09:38:37.691787,09:38:37,7898.25,7898.25,3
2025-11-03T09:38:49.224884,09:38:49,8003.53,8003.53,3
2025-11-03T09:39:01.369953,09:39:01,8000.01,8000.01,3
2025-11-03T09:39:13.455636,09:39:13,7887.56,7887.56,3
2025-11-03T09:39:25.632609,09:39:25,7924.53,7924.53,3
2025-11-03T09:39:37.234446,09:39:37,7889.49,7889.49,3
2025-11-03T09:39:49.060114,09:39:49,7909.15,7909.15,3
2025-11-03T09:40:00.910211,09:40:00,7919.83,7919.83,3
2025-11-03T09:40:12.705634,09:40:12,8036.75,8036.75,3
2025-11-03T09:40:24.349980,09:40:24,8062.54,8062.54,3
2025-11-03T09:40:36.174051,09:40:36,8073.99,8073.99,3
2025-11-03T09:40:47.792773,09:40:47,8080.93,8080.93,3
2025-11-03T09:40:59.315199,09:40:59,8039.78,8039.78,3
2025-11-03T09:41:10.860504,09:41:10,7888.58,7888.58,3
2025-11-03T09:41:22.486181,09:41:22,7851.57,7851.57,3
2025-11-03T09:41:34.019389,09:41:34,7793.22,7793.22,3
2025-11-03T09:41:45.596734,09:41:45,7811.17,7811.17,3
2025-11-03T09:41:57.271326,09:41:57,7794.83,7794.83,3
2025-11-03T09:42:08.872382,09:42:08,7786.99,7786.99,3
2025-11-03T09:42:20.455941,09:42:20,7818.85,7818.85,3
2025-11-03T09:42:32.024501,09:42:32,7798.95,7798.95,3
2025-11-03T09:42:43.840184,09:42:43,7805.23,7805.23,3
2025-11-03T09:42:55.384482,09:42:55,7805.52,7805.52,3
2025-11-03T09:43:06.922326,09:43:06,7860.38,7860.38,3
2025-11-03T09:43:18.471057,09:43:18,7891.15,7891.15,3
2025-11-03T09:43:30.328208,09:43:30,7940.31,7940.31,3
2025-11-03T09:43:41.866454,09:43:41,7940.94,7940.94,3
2025-11-03T09:43:53.760663,09:43:53,7882.38,7882.38,3
2025-11-03T09:44:05.270696,09:44:05,7916.57,7916.57,3
2025-11-03T09:44:16.811851,09:44:16,7919.45,7919.45,3
2025-11-03T09:44:28.367116,09:44:28,7935.4,7935.4,3
2025-11-03T09:44:39.969705,09:44:39,7907.7,7907.7,3
2025-11-03T09:44:51.536023,09:44:51,7894.35,7894.35,3
2025-11-03T09:45:03.096122,09:45:03,7948.32,7948.32,3
2025-11-03T09:45:14.651666,09:45:14,7835.0,7835.0,3
2025-11-03T09:45:26.237247,09:45:26,7800.15,7800.15,3
2025-11-03T09:45:37.771292,09:45:37,7790.22,7790.22,3
2025-11-03T09:45:49.292076,09:45:49,7816.21,7816.21,3
2025-11-03T09:46:00.949370,09:46:00,7848.67,7848.67,3
2025-11-03T09:46:12.457857,09:46:12,7768.77,7768.77,3
2025-11-03T09:46:23.988607,09:46:23,7741.45,7741.45,3
2025-11-03T09:46:35.517405,09:46:35,7751.2,7751.2,3
2025-11-03T09:46:47.035979,09:46:47,7776.02,7776.02,3
2025-11-03T09:46:58.670013,09:46:58,7775.57,7775.57,3
2025-11-03T09:47:10.190766,09:47:10,7746.18,7746.18,3
2025-11-03T09:47:21.770470,09:47:21,7747.43,7747.43,3
2025-11-03T09:47:33.380440,09:47:33,7763.74,7763.74,3
2025-11-03T09:47:45.003666,09:47:45,7787.47,7787.47,3
2025-11-03T09:47:56.528079,09:47:56,7773.36,7773.36,3
2025-11-03T09:48:08.330080,09:48:08,7743.3,7743.3,3
2025-11-03T09:48:19.861999,09:48:19,7799.12,7799.12,3
2025-11-03T09:48:31.419476,09:48:31,7779.86,7779.86,3
2025-11-03T09:48:42.948519,09:48:42,7759.27,7759.27,3
2025-11-03T09:48:54.485914,09:48:54,7748.59,7748.59,3
2025-11-03T09:49:06.013063,09:49:06,7662.68,7662.68,3
2025-11-03T09:49:17.556163,09:49:17,7643.3,7643.3,3
2025-11-03T09:49:29.143996,09:49:29,7581.21,7581.21,3
2025-11-03T09:49:40.659361,09:49:40,7634.49,7634.49,3
2025-11-03T09:49:52.261541,09:49:52,7622.66,7622.66,3
2025-11-03T09:50:03.836908,09:50:03,7596.94,7596.94,3
2025-11-03T09:50:15.385561,09:50:15,7647.53,7647.53,3
2025-11-03T09:50:27.002991,09:50:27,7609.23,7609.23,3
2025-11-03T09:50:38.608449,09:50:38,7607.42,7607.42,3
2025-11-03T09:50:50.129329,09:50:50,7635.24,7635.24,3
2025-11-03T09:51:01.740716,09:51:01,7637.18,7637.18,3
2025-11-03T09:51:13.270056,09:51:13,7604.51,7604.51,3
2025-11-03T09:51:25.122566,09:51:25,7639.54,7639.54,3
2025-11-03T09:51:36.704677,09:51:36,7690.91,7690.91,3
2025-11-03T09:51:48.352792,09:51:48,7706.38,7706.38,3
2025-11-03T09:51:59.891691,09:51:59,7725.92,7725.92,3
2025-11-03T09:52:11.421167,09:52:11,7700.86,7700.86,3
2025-11-03T09:52:22.928849,09:52:22,7783.17,7783.17,3
2025-11-03T09:52:34.448049,09:52:34,7878.53,7878.53,3
2025-11-03T09:52:46.279606,09:52:46,7892.57,7892.57,3
2025-11-03T09:52:57.795194,09:52:57,7921.33,7921.33,3
2025-11-03T09:53:09.641632,09:53:09,7960.27,7960.27,3
2025-11-03T09:53:21.166258,09:53:21,8027.69,8027.69,3
2025-11-03T09:53:32.787404,09:53:32,8020.62,8020.62,3
2025-11-03T09:53:44.333149,09:53:44,8019.09,8019.09,3
2025-11-03T09:53:55.878408,09:53:55,7996.95,7996.95,3
2025-11-03T09:54:07.457765,09:54:07,8004.88,8004.88,3
2025-11-03T09:54:18.985110,09:54:18,8021.38,8021.38,3
2025-11-03T09:54:30.546610,09:54:30,8032.95,8032.95,3
2025-11-03T09:54:42.096070,09:54:42,7979.46,7979.46,3
2025-11-03T09:54:53.666889,09:54:53,7977.84,7977.84,3
2025-11-03T09:55:05.220068,09:55:05,7889.11,7889.11,3
2025-11-03T09:55:16.738511,09:55:16,7921.17,7921.17,3
2025-11-03T09:55:28.312614,09:55:28,7895.94,7895.94,3
2025-11-03T09:55:39.889860,09:55:39,7882.06,7882.06,3
2025-11-03T09:55:51.496933,09:55:51,7918.33,7918.33,3
2025-11-03T09:56:03.041061,09:56:03,7934.83,7934.83,3
2025-11-03T09:56:14.554891,09:56:14,7865.34,7865.34,3
2025-11-03T09:56:26.169439,09:56:26,7921.68,7921.68,3
2025-11-03T09:56:37.702223,09:56:37,7906.51,7906.51,3
2025-11-03T09:56:49.263922,09:56:49,7997.58,7997.58,3
2025-11-03T09:57:00.878365,09:57:00,7963.4,7963.4,3
2025-11-03T09:57:12.433345,09:57:12,8015.29,8015.29,3
2025-11-03T09:57:24.004269,09:57:24,8001.27,8001.27,3
2025-11-03T09:57:35.580554,09:57:35,7997.03,7997.03,3
2025-11-03T09:57:47.132297,09:57:47,7995.48,7995.48,3
2025-11-03T09:57:58.782800,09:57:58,8012.49,8012.49,3
2025-11-03T09:58:10.337475,09:58:10,8040.97,8040.97,3
2025-11-03T09:58:21.964683,09:58:21,8042.87,8042.87,3
2025-11-03T09:58:33.554769,09:58:33,8049.63,8049.63,3
2025-11-03T09:58:45.133899,09:58:45,8108.95,8108.95,3
2025-11-03T09:58:56.702708,09:58:56,8122.73,8122.73,3
2025-11-03T09:59:08.273620,09:59:08,8119.28,8119.28,3
2025-11-03T09:59:19.814822,09:59:19,8076.08,8076.08,3
2025-11-03T09:59:31.433217,09:59:31,8044.7,8044.7,3
2025-11-03T09:59:42.973014,09:59:42,8057.3,8057.3,3
2025-11-03T09:59:54.586893,09:59:54,8034.74,8034.74,3
2025-11-03T10:00:06.273332,10:00:06,7958.05,7958.05,3
2025-11-03T10:00:18.211921,10:00:18,7880.68,7880.68,3
2025-11-03T10:00:29.717981,10:00:29,7852.52,7852.52,3
2025-11-03T10:00:41.254488,10:00:41,7860.57,7860.57,3
2025-11-03T10:00:52.814800,10:00:52,7880.23,7880.23,3
2025-11-03T10:01:04.362831,10:01:04,7902.13,7902.13,3
2025-11-03T10:01:15.908096,10:01:15,7866.97,7866.97,3
2025-11-03T10:01:27.468447,10:01:27,7907.68,7907.68,3
2025-11-03T10:01:39.006778,10:01:39,7918.74,7918.74,3
2025-11-03T10:01:50.836098,10:01:50,8041.22,8041.22,3
2025-11-03T10:02:02.424821,10:02:02,8001.65,8001.65,3
2025-11-03T10:02:14.057530,10:02:14,7991.75,7991.75,3
2025-11-03T10:02:25.561279,10:02:25,8032.63,8032.63,3
2025-11-03T10:02:37.102985,10:02:37,8049.54,8049.54,3
2025-11-03T10:02:48.606827,10:02:48,8088.09,8088.09,3
2025-11-03T10:03:00.297763,10:03:00,8048.85,8048.85,3
2025-11-03T10:03:11.877611,10:03:11,8040.37,8040.37,3
2025-11-03T10:03:23.532436,10:03:23,8054.51,8054.51,3
2025-11-03T10:03:35.053230,10:03:35,8058.33,8058.33,3
2025-11-03T10:03:46.626889,10:03:46,8090.02,8090.02,3
2025-11-03T10:03:58.158989,10:03:58,8065.5,8065.5,3
2025-11-03T10:04:09.729244,10:04:09,8039.03,8039.03,3
2025-11-03T10:04:21.559242,10:04:21,8050.67,8050.67,3
2025-11-03T10:04:33.429631,10:04:33,8043.24,8043.24,3
2025-11-03T10:04:45.002147,10:04:45,8082.08,8082.08,3
2025-11-03T10:04:56.525675,10:04:56,8072.57,8072.57,3
2025-11-03T10:05:08.145595,10:05:08,8093.74,8093.74,3
2025-11-03T10:05:20.015257,10:05:20,8051.06,8051.06,3
2025-11-03T10:05:31.559568,10:05:31,8082.19,8082.19,3
2025-11-03T10:05:43.099461,10:05:43,8074.27,8074.27,3
2025-11-03T10:05:54.734504,10:05:54,8114.77,8114.77,3
2025-11-03T10:06:06.321584,10:06:06,8110.48,8110.48,3
2025-11-03T10:06:17.925580,10:06:17,8109.21,8109.21,3
2025-11-03T10:06:29.484252,10:06:29,8104.17,8104.17,3
2025-11-03T10:06:41.392292,10:06:41,8067.23,8067.23,3
2025-11-03T10:06:52.963554,10:06:52,8063.02,8063.02,3
2025-11-03T10:07:04.526103,10:07:04,8017.21,8017.21,3
2025-11-03T10:07:16.130074,10:07:16,8015.29,8015.29,3
2025-11-03T10:07:27.709566,10:07:27,7998.61,7998.61,3
2025-11-03T10:07:39.346414,10:07:39,7975.22,7975.22,3
2025-11-03T10:07:50.890608,10:07:50,8011.85,8011.85,3
2025-11-03T10:08:02.450154,10:08:02,8006.39,8006.39,3
2025-11-03T10:08:14.035884,10:08:14,8044.65,8044.65,3
2025-11-03T10:08:25.720253,10:08:25,8008.73,8008.73,3
2025-11-03T10:08:37.372924,10:08:37,7982.66,7982.66,3
2025-11-03T10:08:48.974273,10:08:48,7992.45,7992.45,3
2025-11-03T10:09:00.556266,10:09:00,8063.84,8063.84,3
2025-11-03T10:09:12.167115,10:09:12,8118.13,8118.13,3
2025-11-03T10:09:23.722084,10:09:23,8098.08,8098.08,3
2025-11-03T10:09:35.258126,10:09:35,8109.08,8109.08,3
2025-11-03T10:09:46.883987,10:09:46,8089.36,8089.36,3
2025-11-03T10:09:58.444362,10:09:58,8142.74,8142.74,3
2025-11-03T10:10:10.324004,10:10:10,8134.26,8134.26,3
2025-11-03T10:10:21.887498,10:10:21,8105.03,8105.03,3
2025-11-03T10:10:33.502454,10:10:33,8088.87,8088.87,3
2025-11-03T10:10:45.088165,10:10:45,8098.1,8098.1,3
2025-11-03T10:10:56.688990,10:10:56,8113.45,8113.45,3
2025-11-03T10:11:08.297315,10:11:08,8062.43,8062.43,3
2025-11-03T10:11:19.838197,10:11:19,8089.07,8089.07,3
2025-11-03T10:11:31.643385,10:11:31,8048.7,8048.7,3
2025-11-03T10:11:43.198684,10:11:43,8022.99,8022.99,3
2025-11-03T10:11:54.725802,10:11:54,8049.71,8049.71,3
2025-11-03T10:12:06.577725,10:12:06,8082.23,8082.23,3
2025-11-03T10:12:18.110387,10:12:18,8094.54,8094.54,3
2025-11-03T10:12:29.656843,10:12:29,8108.1,8108.1,3
2025-11-03T10:12:41.229029,10:12:41,8111.5,8111.5,3
2025-11-03T10:12:52.753114,10:12:52,8074.9,8074.9,3
2025-11-03T10:13:04.281788,10:13:04,8066.63,8066.63,3
2025-11-03T10:13:15.797963,10:13:15,7938.14,7938.14,3
2025-11-03T10:13:27.373505,10:13:27,7908.12,7908.12,3
2025-11-03T10:13:38.924354,10:13:38,7884.32,7884.32,3
2025-11-03T10:13:50.458395,10:13:50,7879.49,7879.49,3
2025-11-03T10:14:01.973442,10:14:01,7874.35,7874.35,3
2025-11-03T10:14:13.493184,10:14:13,7860.85,7860.85,3
2025-11-03T10:14:25.028782,10:14:25,7911.43,7911.43,3
2025-11-03T10:14:36.580452,10:14:36,7884.07,7884.07,3
2025-11-03T10:14:48.146867,10:14:48,7877.05,7877.05,3
2025-11-03T10:14:59.719474,10:14:59,7863.08,7863.08,3
2025-11-03T10:15:11.365116,10:15:11,7926.07,7926.07,3
2025-11-03T10:15:22.940116,10:15:22,7880.07,7880.07,3
2025-11-03T10:15:34.467272,10:15:34,7879.88,7879.88,3
2025-11-03T10:15:46.029599,10:15:46,7875.95,7875.95,3
2025-11-03T10:15:57.524031,10:15:57,7855.36,7855.36,3
2025-11-03T10:16:09.028611,10:16:09,7868.54,7868.54,3
2025-11-03T10:16:20.867799,10:16:20,7913.33,7913.33,3
2025-11-03T10:16:32.416363,10:16:32,7930.79,7930.79,3
2025-11-03T10:16:44.067731,10:16:44,7984.21,7984.21,3
2025-11-03T10:16:55.634898,10:16:55,7960.71,7960.71,3
2025-11-03T10:17:07.231783,10:17:07,7958.76,7958.76,3
2025-11-03T10:17:18.797931,10:17:18,7975.03,7975.03,3
2025-11-03T10:17:30.378266,10:17:30,7982.21,7982.21,3
2025-11-03T10:17:42.225027,10:17:42,7971.45,7971.45,3
2025-11-03T10:17:53.782345,10:17:53,7976.92,7976.92,3
2025-11-03T10:18:05.290161,10:18:05,7937.19,7937.19,3
2025-11-03T10:18:16.807310,10:18:16,7958.16,7958.16,3
2025-11-03T10:18:28.607224,10:18:28,7949.6,7949.6,3
2025-11-03T10:18:40.119306,10:18:40,7969.41,7969.41,3
2025-11-03T10:18:51.661764,10:18:51,7936.14,7936.14,3
2025-11-03T10:19:03.205701,10:19:03,7968.11,7968.11,3
2025-11-03T10:19:14.773671,10:19:14,8013.96,8013.96,3
2025-11-03T10:19:26.688934,10:19:26,7977.5,7977.5,3
2025-11-03T10:19:38.596346,10:19:38,7958.23,7958.23,3
2025-11-03T10:19:50.224478,10:19:50,7937.52,7937.52,3
2025-11-03T10:20:01.830955,10:20:01,7998.54,7998.54,3
2025-11-03T10:20:13.378111,10:20:13,8012.82,8012.82,3
2025-11-03T10:20:24.926584,10:20:24,8012.19,8012.19,3
2025-11-03T10:20:36.567171,10:20:36,8028.12,8028.12,3
2025-11-03T10:20:48.113332,10:20:48,8024.81,8024.81,3
2025-11-03T10:20:59.654760,10:20:59,8010.74,8010.74,3
2025-11-03T10:21:11.196121,10:21:11,8014.92,8014.92,3
2025-11-03T10:21:22.733433,10:21:22,8019.3,8019.3,3
2025-11-03T10:21:34.296596,10:21:34,8038.69,8038.69,3
2025-11-03T10:21:45.830866,10:21:45,8036.64,8036.64,3
2025-11-03T10:21:57.380902,10:21:57,8055.01,8055.01,3
2025-11-03T10:22:08.893092,10:22:08,8096.68,8096.68,3
2025-11-03T10:22:20.502649,10:22:20,8111.23,8111.23,3
2025-11-03T10:22:32.100971,10:22:32,8106.8,8106.8,3
2025-11-03T10:22:43.977608,10:22:43,8123.94,8123.94,3
2025-11-03T10:22:55.490088,10:22:55,8141.15,8141.15,3
2025-11-03T10:23:07.587195,10:23:07,8151.4,8151.4,3
2025-11-03T10:23:19.109663,10:23:19,8154.12,8154.12,3
2025-11-03T10:23:30.738849,10:23:30,8177.76,8177.76,3
2025-11-03T10:23:42.355937,10:23:42,8153.43,8153.43,3
2025-11-03T10:23:53.898291,10:23:53,8148.12,8148.12,3
2025-11-03T10:24:05.432357,10:24:05,8148.27,8148.27,3
2025-11-03T10:24:17.033409,10:24:17,8138.6,8138.6,3
2025-11-03T10:24:28.540213,10:24:28,8123.14,8123.14,3
2025-11-03T10:24:40.394754,10:24:40,8123.92,8123.92,3
2025-11-03T10:24:51.995620,10:24:51,8153.32,8153.32,3
2025-11-03T10:25:03.525690,10:25:03,8128.59,8128.59,3
2025-11-03T10:25:15.052076,10:25:15,8131.38,8131.38,3
2025-11-03T10:25:26.648936,10:25:26,8101.67,8101.67,3
2025-11-03T10:25:38.199824,10:25:38,8129.7,8129.7,3
2025-11-03T10:25:49.842998,10:25:49,8146.07,8146.07,3
2025-11-03T10:26:01.424509,10:26:01,8132.71,8132.71,3
2025-11-03T10:26:12.929135,10:26:12,8104.03,8104.03,3
2025-11-03T10:26:24.473762,10:26:24,8092.55,8092.55,3
2025-11-03T10:26:35.999536,10:26:35,8066.96,8066.96,3
2025-11-03T10:26:47.553797,10:26:47,8098.0,8098.0,3
2025-11-03T10:26:59.131067,10:26:59,8083.0,8083.0,3
2025-11-03T10:27:10.970847,10:27:10,8069.18,8069.18,3
2025-11-03T10:27:22.524298,10:27:22,7956.17,7956.17,3
2025-11-03T10:27:34.053642,10:27:34,8005.19,8005.19,3
2025-11-03T10:27:45.610255,10:27:45,8000.28,8000.28,3
2025-11-03T10:27:57.174882,10:27:57,7999.57,7999.57,3
2025-11-03T10:28:08.746048,10:28:08,8010.16,8010.16,3
2025-11-03T10:28:20.315023,10:28:20,8018.35,8018.35,3
2025-11-03T10:28:31.944597,10:28:31,8014.89,8014.89,3
2025-11-03T10:28:43.780287,10:28:43,8018.1,8018.1,3
2025-11-03T10:28:55.312867,10:28:55,8012.5,8012.5,3
2025-11-03T10:29:06.907691,10:29:06,8013.95,8013.95,3
2025-11-03T10:29:18.535058,10:29:18,8057.65,8057.65,3
2025-11-03T10:29:30.142507,10:29:30,8047.1,8047.1,3
2025-11-03T10:29:41.712072,10:29:41,8044.52,8044.52,3
2025-11-03T10:29:53.641616,10:29:53,8052.94,8052.94,3
2025-11-03T10:30:05.219294,10:30:05,8089.53,8089.53,3
2025-11-03T10:30:16.927139,10:30:16,8018.63,8018.63,3
2025-11-03T10:30:28.469364,10:30:28,8049.71,8049.71,3
2025-11-03T10:30:40.099256,10:30:40,8028.46,8028.46,3
2025-11-03T10:30:51.832294,10:30:51,8044.54,8044.54,3
2025-11-03T10:31:03.430237,10:31:03,8068.08,8068.08,3
2025-11-03T10:31:15.269005,10:31:15,8066.37,8066.37,3
2025-11-03T10:31:26.845586,10:31:26,8097.1,8097.1,3
2025-11-03T10:31:38.678182,10:31:38,8100.59,8100.59,3
2025-11-03T10:31:50.295486,10:31:50,8094.46,8094.46,3
2025-11-03T10:32:01.870787,10:32:01,8075.4,8075.4,3
2025-11-03T10:32:13.397664,10:32:13,8098.41,8098.41,3
2025-11-03T10:32:24.975961,10:32:24,8104.17,8104.17,3
2025-11-03T10:32:36.848081,10:32:36,8066.2,8066.2,3
2025-11-03T10:32:48.697411,10:32:48,8026.54,8026.54,3
2025-11-03T10:33:00.495353,10:33:00,8030.26,8030.26,3
2025-11-03T10:33:12.426755,10:33:12,8020.5,8020.5,3
2025-11-03T10:33:24.552923,10:33:24,8104.55,8104.55,3
2025-11-03T10:33:36.700540,10:33:36,8111.42,8111.42,3
2025-11-03T10:33:48.564713,10:33:48,8015.55,8015.55,3
2025-11-03T10:34:00.397124,10:34:00,8006.31,8006.31,3
2025-11-03T10:34:12.578226,10:34:12,7996.29,7996.29,3
2025-11-03T10:34:24.479072,10:34:24,8074.83,8074.83,3
2025-11-03T10:34:36.324474,10:34:36,8054.73,8054.73,3
2025-11-03T10:34:48.615065,10:34:48,8076.07,8076.07,3
2025-11-03T10:35:00.499962,10:35:00,8107.38,8107.38,3
2025-11-03T10:35:12.366245,10:35:12,8111.07,8111.07,3
2025-11-03T10:35:24.247417,10:35:24,8097.77,8097.77,3
2025-11-03T10:35:36.142501,10:35:36,8093.88,8093.88,3
2025-11-03T10:35:48.029871,10:35:48,8088.63,8088.63,3
2025-11-03T10:35:59.855920,10:35:59,8094.54,8094.54,3
2025-11-03T10:36:11.788303,10:36:11,8054.92,8054.92,3
2025-11-03T10:36:23.707117,10:36:23,8070.59,8070.59,3
2025-11-03T10:36:35.688405,10:36:35,8078.76,8078.76,3
2025-11-03T10:36:47.312684,10:36:47,8079.18,8079.18,3
2025-11-03T10:36:59.185817,10:36:59,8078.93,8078.93,3
2025-11-03T10:37:11.389451,10:37:11,8103.52,8103.52,3
2025-11-03T10:37:23.223249,10:37:23,8119.03,8119.03,3
2025-11-03T10:37:35.361162,10:37:35,8126.29,8126.29,3
2025-11-03T10:37:47.624960,10:37:47,8131.83,8131.83,3
2025-11-03T10:37:59.493358,10:37:59,8118.4,8118.4,3
2025-11-03T10:38:11.602463,10:38:11,8139.96,8139.96,3
2025-11-03T10:38:23.441709,10:38:23,8162.4,8162.4,3
2025-11-03T10:38:35.628100,10:38:35,8156.06,8156.06,3
2025-11-03T10:38:47.540122,10:38:47,8134.37,8134.37,3
2025-11-03T10:38:59.392530,10:38:59,8137.29,8137.29,3
2025-11-03T10:39:11.333851,10:39:11,8108.34,8108.34,3
2025-11-03T10:39:23.118367,10:39:23,8131.47,8131.47,3
2025-11-03T10:39:35.242760,10:39:35,8138.5,8138.5,3
2025-11-03T10:39:47.381966,10:39:47,8162.4,8162.4,3
2025-11-03T10:39:59.511660,10:39:59,8163.78,8163.78,3
2025-11-03T10:40:11.453911,10:40:11,8118.0,8118.0,3
2025-11-03T10:40:23.303999,10:40:23,8082.63,8082.63,3
2025-11-03T10:40:35.157583,10:40:35,8086.42,8086.42,3
2025-11-03T10:40:46.837168,10:40:46,8103.64,8103.64,3
2025-11-03T10:40:58.733671,10:40:58,8111.53,8111.53,3
2025-11-03T10:41:10.572511,10:41:10,8048.84,8048.84,3
2025-11-03T10:41:22.415704,10:41:22,8034.18,8034.18,3
2025-11-03T10:41:34.326978,10:41:34,8034.46,8034.46,3
2025-11-03T10:41:46.528459,10:41:46,7990.95,7990.95,3
2025-11-03T10:41:58.480792,10:41:58,7972.41,7972.41,3
2025-11-03T10:42:10.372746,10:42:10,7911.49,7911.49,3
2025-11-03T10:42:22.518133,10:42:22,7867.53,7867.53,3
2025-11-03T10:42:34.316562,10:42:34,7878.76,7878.76,3
2025-11-03T10:42:46.504349,10:42:46,7934.11,7934.11,3
2025-11-03T10:42:58.613873,10:42:58,7924.16,7924.16,3
2025-11-03T10:43:10.568554,10:43:10,7970.95,7970.95,3
2025-11-03T10:43:22.411984,10:43:22,8005.84,8005.84,3
2025-11-03T10:43:34.582585,10:43:34,8056.28,8056.28,3
2025-11-03T10:43:46.395761,10:43:46,8137.46,8137.46,3
2025-11-03T10:43:58.289359,10:43:58,8137.51,8137.51,3
2025-11-03T10:44:10.446133,10:44:10,8188.05,8188.05,3
2025-11-03T10:44:22.626457,10:44:22,8230.75,8230.75,3
2025-11-03T10:44:34.522534,10:44:34,8236.07,8236.07,3
2025-11-03T10:44:46.373240,10:44:46,8235.86,8235.86,3
2025-11-03T10:44:58.606994,10:44:58,8220.31,8220.31,3
2025-11-03T10:45:10.429699,10:45:10,8128.1,8128.1,3
2025-11-03T10:45:22.548405,10:45:22,8145.18,8145.18,3
2025-11-03T10:45:34.374173,10:45:34,8146.25,8146.25,3
2025-11-03T10:45:46.558156,10:45:46,8154.23,8154.23,3
2025-11-03T10:45:58.494998,10:45:58,8143.29,8143.29,3
2025-11-03T10:46:10.368734,10:46:10,8154.25,8154.25,3
2025-11-03T10:46:22.190080,10:46:22,8135.05,8135.05,3
2025-11-03T10:46:33.728709,10:46:33,8080.98,8080.98,3
2025-11-03T10:46:45.677975,10:46:45,8070.23,8070.23,3
2025-11-03T10:46:57.548724,10:46:57,8071.18,8071.18,3
2025-11-03T10:47:09.468244,10:47:09,8065.27,8065.27,3
2025-11-03T10:47:21.418809,10:47:21,8077.13,8077.13,3
2025-11-03T10:47:33.515281,10:47:33,8044.6,8044.6,3
2025-11-03T10:47:45.389954,10:47:45,7982.74,7982.74,3
2025-11-03T10:47:57.588571,10:47:57,7950.38,7950.38,3
2025-11-03T10:48:09.525562,10:48:09,7959.49,7959.49,3
2025-11-03T10:48:21.420236,10:48:21,7964.78,7964.78,3
2025-11-03T10:48:33.562389,10:48:33,7969.44,7969.44,3
2025-11-03T10:48:45.425398,10:48:45,7969.73,7969.73,3
2025-11-03T10:48:57.247572,10:48:57,7953.25,7953.25,3
2025-11-03T10:49:09.343179,10:49:09,7919.15,7919.15,3
2025-11-03T10:49:21.451770,10:49:21,7931.63,7931.63,3
2025-11-03T10:49:33.636639,10:49:33,7918.99,7918.99,3
2025-11-03T10:49:45.731767,10:49:45,7934.73,7934.73,3
2025-11-03T10:49:57.547508,10:49:57,7934.29,7934.29,3
2025-11-03T10:50:09.376385,10:50:09,7930.82,7930.82,3
2025-11-03T10:50:21.540813,10:50:21,7967.73,7967.73,3
2025-11-03T10:50:33.385930,10:50:33,7955.63,7955.63,3
2025-11-03T10:50:45.467882,10:50:45,7948.27,7948.27,3
2025-11-03T10:50:57.270063,10:50:57,7964.96,7964.96,3
2025-11-03T10:51:09.419196,10:51:09,7941.19,7941.19,3
2025-11-03T10:51:21.253532,10:51:21,7934.37,7934.37,3
2025-11-03T10:51:33.525658,10:51:33,8008.38,8008.38,3
2025-11-03T10:51:45.395071,10:51:45,7977.56,7977.56,3
2025-11-03T10:51:57.303894,10:51:57,7994.4,7994.4,3
2025-11-03T10:52:09.517957,10:52:09,7999.38,7999.38,3
2025-11-03T10:52:21.633417,10:52:21,8032.61,8032.61,3
2025-11-03T10:52:33.497904,10:52:33,8013.36,8013.36,3
2025-11-03T10:52:45.217157,10:52:45,8059.52,8059.52,3
2025-11-03T10:52:57.357061,10:52:57,8177.74,8177.74,3
2025-11-03T10:53:09.465351,10:53:09,8071.47,8071.47,3
2025-11-03T10:53:21.317880,10:53:21,8025.41,8025.41,3
2025-11-03T10:53:33.462775,10:53:33,8024.02,8024.02,3
2025-11-03T10:53:45.386005,10:53:45,7967.61,7967.61,3
2025-11-03T10:53:57.320736,10:53:57,7954.56,7954.56,3
2025-11-03T10:54:08.842607,10:54:08,7985.17,7985.17,3
2025-11-03T10:54:20.689883,10:54:20,8010.01,8010.01,3
2025-11-03T10:54:32.579313,10:54:32,8013.27,8013.27,3
2025-11-03T10:54:44.376690,10:54:44,7986.67,7986.67,3
2025-11-03T10:54:56.250636,10:54:56,8014.33,8014.33,3
2025-11-03T10:55:08.146692,10:55:08,8042.02,8042.02,3
2025-11-03T10:55:20.296734,10:55:20,8012.55,8012.55,3
2025-11-03T10:55:32.129205,10:55:32,7952.87,7952.87,3
2025-11-03T10:55:44.266002,10:55:44,7872.93,7872.93,3
2025-11-03T10:55:56.381974,10:55:56,7939.17,7939.17,3
2025-11-03T10:56:08.490007,10:56:08,7973.03,7973.03,3
2025-11-03T10:56:20.629975,10:56:20,7981.55,7981.55,3
2025-11-03T10:56:32.501717,10:56:32,8001.19,8001.19,3
2025-11-03T10:56:44.664758,10:56:44,8025.98,8025.98,3
2025-11-03T10:56:56.575663,10:56:56,8061.92,8061.92,3
2025-11-03T10:57:08.510768,10:57:08,8057.74,8057.74,3
2025-11-03T10:57:20.392047,10:57:20,8067.63,8067.63,3
2025-11-03T10:57:32.507673,10:57:32,8066.09,8066.09,3
2025-11-03T10:57:44.626792,10:57:44,8041.71,8041.71,3
2025-11-03T10:57:56.719614,10:57:56,8058.5,8058.5,3
2025-11-03T10:58:08.848936,10:58:08,8055.15,8055.15,3
2025-11-03T10:58:20.670642,10:58:20,8059.79,8059.79,3
2025-11-03T10:58:32.552907,10:58:32,8083.92,8083.92,3
2025-11-03T10:58:44.529789,10:58:44,8165.12,8165.12,3
2025-11-03T10:58:56.462125,10:58:56,8183.82,8183.82,3
2025-11-03T10:59:08.583792,10:59:08,8157.77,8157.77,3
2025-11-03T10:59:20.540897,10:59:20,8184.11,8184.11,3
2025-11-03T10:59:32.432526,10:59:32,8229.94,8229.94,3
2025-11-03T10:59:44.520564,10:59:44,8224.57,8224.57,3
2025-11-03T10:59:56.479212,10:59:56,8193.2,8193.2,3
2025-11-03T11:00:08.394406,11:00:08,8194.81,8194.81,3
2025-11-03T11:00:19.960893,11:00:19,8157.71,8157.71,3
2025-11-03T11:00:32.059401,11:00:32,8131.49,8131.49,3
2025-11-03T11:00:44.171790,11:00:44,8135.0,8135.0,3
2025-11-03T11:00:56.328309,11:00:56,8140.11,8140.11,3
2025-11-03T11:01:08.449636,11:01:08,8099.12,8099.12,3
2025-11-03T11:01:20.330030,11:01:20,8122.04,8122.04,3
2025-11-03T11:01:32.523687,11:01:32,8189.38,8189.38,3
2025-11-03T11:01:44.648385,11:01:44,8178.64,8178.64,3
2025-11-03T11:01:56.471162,11:01:56,8166.32,8166.32,3
2025-11-03T11:02:08.600924,11:02:08,8181.83,8181.83,3
2025-11-03T11:02:20.463713,11:02:20,8169.93,8169.93,3
2025-11-03T11:02:32.331136,11:02:32,8118.81,8118.81,3
2025-11-03T11:02:44.444177,11:02:44,8086.72,8086.72,3
2025-11-03T11:02:56.543053,11:02:56,8108.73,8108.73,3
2025-11-03T11:03:08.360668,11:03:08,8081.21,8081.21,3
2025-11-03T11:03:20.450038,11:03:20,8060.21,8060.21,3
2025-11-03T11:03:32.646324,11:03:32,8064.88,8064.88,3
2025-11-03T11:03:44.609939,11:03:44,8070.22,8070.22,3
2025-11-03T11:03:56.459844,11:03:56,8085.1,8085.1,3
2025-11-03T11:04:08.280263,11:04:08,8081.31,8081.31,3
2025-11-03T11:04:20.160540,11:04:20,8074.28,8074.28,3
2025-11-03T11:04:32.293691,11:04:32,8062.09,8062.09,3
2025-11-03T11:04:44.504279,11:04:44,8041.54,8041.54,3
2025-11-03T11:04:56.353861,11:04:56,8074.33,8074.33,3
2025-11-03T11:05:08.216401,11:05:08,8079.91,8079.91,3
2025-11-03T11:05:20.457214,11:05:20,8054.0,8054.0,3
2025-11-03T11:05:32.716557,11:05:32,8032.64,8032.64,3
2025-11-03T11:05:44.594153,11:05:44,8064.14,8064.14,3
2025-11-03T11:05:56.466177,11:05:56,8037.24,8037.24,3
2025-11-03T11:06:08.567176,11:06:08,8044.88,8044.88,3
2025-11-03T11:06:20.445244,11:06:20,8042.01,8042.01,3
2025-11-03T11:06:32.383989,11:06:32,8013.57,8013.57,3
2025-11-03T11:06:44.559535,11:06:44,7983.92,7983.92,3
2025-11-03T11:06:56.460752,11:06:56,7975.65,7975.65,3
2025-11-03T11:07:08.578017,11:07:08,7963.62,7963.62,3
2025-11-03T11:07:20.403527,11:07:20,7981.67,7981.67,3
2025-11-03T11:07:32.596137,11:07:32,8015.84,8015.84,3
2025-11-03T11:07:44.174882,11:07:44,7996.32,7996.32,3
2025-11-03T11:07:56.402481,11:07:56,8000.77,8000.77,3
2025-11-03T11:08:08.530213,11:08:08,8040.11,8040.11,3
2025-11-03T11:08:20.631653,11:08:20,8034.83,8034.83,3
2025-11-03T11:08:32.515325,11:08:32,8037.0,8037.0,3
2025-11-03T11:08:44.362843,11:08:44,8042.4,8042.4,3
2025-11-03T11:08:56.519600,11:08:56,8017.54,8017.54,3
2025-11-03T11:09:08.338215,11:09:08,7992.87,7992.87,3
2025-11-03T11:09:19.887622,11:09:19,7987.39,7987.39,3
2025-11-03T11:09:31.717461,11:09:31,7984.55,7984.55,3
2025-11-03T11:09:43.325885,11:09:43,7920.34,7920.34,3
2025-11-03T11:09:55.459457,11:09:55,7914.2,7914.2,3
2025-11-03T11:10:07.311202,11:10:07,7879.32,7879.32,3
2025-11-03T11:10:18.860495,11:10:18,7829.5,7829.5,3
2025-11-03T11:10:30.729019,11:10:30,7802.66,7802.66,3
2025-11-03T11:10:42.857806,11:10:42,7822.52,7822.52,3
2025-11-03T11:10:54.677932,11:10:54,7858.77,7858.77,3
2025-11-03T11:11:06.498966,11:11:06,7842.44,7842.44,3
2025-11-03T11:11:18.604041,11:11:18,7856.01,7856.01,3
2025-11-03T11:11:30.511838,11:11:30,7841.74,7841.74,3
2025-11-03T11:11:42.602610,11:11:42,7810.1,7810.1,3
2025-11-03T11:11:54.134217,11:11:54,7794.79,7794.79,3
2025-11-03T11:12:06.352713,11:12:06,7715.65,7715.65,3
2025-11-03T11:12:17.906546,11:12:17,7699.95,7699.95,3
2025-11-03T11:12:29.972082,11:12:29,7704.83,7704.83,3
2025-11-03T11:12:41.779253,11:12:41,7702.34,7702.34,3
2025-11-03T11:12:53.709631,11:12:53,7730.13,7730.13,3
2025-11-03T11:13:05.578559,11:13:05,7751.09,7751.09,3
2025-11-03T11:13:17.152397,11:13:17,7734.87,7734.87,3
2025-11-03T11:13:28.686913,11:13:28,7732.03,7732.03,3
2025-11-03T11:13:40.524809,11:13:40,7713.3,7713.3,3
2025-11-03T11:13:52.422200,11:13:52,7747.82,7747.82,3
2025-11-03T11:14:04.656150,11:14:04,7746.05,7746.05,3
2025-11-03T11:14:16.505080,11:14:16,7727.93,7727.93,3
2025-11-03T11:14:28.643939,11:14:28,7733.2,7733.2,3
2025-11-03T11:14:40.481593,11:14:40,7724.13,7724.13,3
2025-11-03T11:14:52.356948,11:14:52,7715.78,7715.78,3
2025-11-03T11:15:04.508526,11:15:04,7754.6,7754.6,3
2025-11-03T11:15:16.417885,11:15:16,7713.16,7713.16,3
2025-11-03T11:15:28.627786,11:15:28,7701.55,7701.55,3
2025-11-03T11:15:40.479654,11:15:40,7649.05,7649.05,3
2025-11-03T11:15:52.382798,11:15:52,7651.6,7651.6,3
2025-11-03T11:16:04.321624,11:16:04,7658.52,7658.52,3
2025-11-03T11:16:16.544874,11:16:16,7649.46,7649.46,3
2025-11-03T11:16:28.630326,11:16:28,7705.3,7705.3,3
2025-11-03T11:16:40.455301,11:16:40,7696.52,7696.52,3
2025-11-03T11:16:52.406318,11:16:52,7703.5,7703.5,3
2025-11-03T11:17:03.948915,11:17:03,7679.41,7679.41,3
2025-11-03T11:17:15.821596,11:17:15,7673.67,7673.67,3
2025-11-03T11:17:27.630098,11:17:27,7670.89,7670.89,3
2025-11-03T11:17:39.151477,11:17:39,7668.85,7668.85,3
2025-11-03T11:17:50.704169,11:17:50,7647.75,7647.75,3
2025-11-03T11:18:02.318882,11:18:02,7614.7,7614.7,3
2025-11-03T11:18:14.102386,11:18:14,7565.77,7565.77,3
2025-11-03T11:18:25.677079,11:18:25,7549.93,7549.93,3
2025-11-03T11:18:37.282095,11:18:37,7528.83,7528.83,3
2025-11-03T11:18:48.827251,11:18:48,7510.91,7510.91,3
2025-11-03T11:19:00.687115,11:19:00,7539.55,7539.55,3
2025-11-03T11:19:12.505299,11:19:12,7544.34,7544.34,3
2025-11-03T11:19:24.415416,11:19:24,7576.19,7576.19,3
2025-11-03T11:19:36.310234,11:19:36,7581.18,7581.18,3
2025-11-03T11:19:48.138681,11:19:48,7595.46,7595.46,3
2025-11-03T11:20:00.027741,11:20:00,7590.19,7590.19,3
2025-11-03T11:20:12.205608,11:20:12,7569.19,7569.19,3
2025-11-03T11:20:24.330996,11:20:24,7609.91,7609.91,3
2025-11-03T11:20:36.213639,11:20:36,7641.23,7641.23,3
2025-11-03T11:20:48.111958,11:20:48,7605.39,7605.39,3
2025-11-03T11:21:00.190078,11:21:00,7613.37,7613.37,3
2025-11-03T11:21:12.019840,11:21:12,7599.3,7599.3,3
2025-11-03T11:21:23.605837,11:21:23,7644.5,7644.5,3
2025-11-03T11:21:35.265901,11:21:35,7699.45,7699.45,3
2025-11-03T11:21:46.819482,11:21:46,7727.29,7727.29,3
2025-11-03T11:21:58.808483,11:21:58,7742.11,7742.11,3
2025-11-03T11:22:10.758230,11:22:10,7751.71,7751.71,3
2025-11-03T11:22:22.590847,11:22:22,7775.06,7775.06,3
2025-11-03T11:22:34.138018,11:22:34,7769.15,7769.15,3
2025-11-03T11:22:45.980954,11:22:45,7681.26,7681.26,3
2025-11-03T11:22:58.104005,11:22:58,7697.06,7697.06,3
2025-11-03T11:23:10.372867,11:23:10,7750.19,7750.19,3
2025-11-03T11:23:22.249810,11:23:22,7701.6,7701.6,3
2025-11-03T11:23:34.102164,11:23:34,7679.84,7679.84,3
2025-11-03T11:23:45.933626,11:23:45,7666.3,7666.3,3
2025-11-03T11:23:58.047165,11:23:58,7696.23,7696.23,3
2025-11-03T11:24:10.149726,11:24:10,7705.16,7705.16,3
2025-11-03T11:24:22.104833,11:24:22,7718.07,7718.07,3
2025-11-03T11:24:34.228294,11:24:34,7696.25,7696.25,3
2025-11-03T11:24:46.365393,11:24:46,7686.62,7686.62,3
2025-11-03T11:24:58.207156,11:24:58,7664.93,7664.93,3
2025-11-03T11:25:10.335638,11:25:10,7716.37,7716.37,3
2025-11-03T11:25:22.586391,11:25:22,7693.89,7693.89,3
2025-11-03T11:25:34.447158,11:25:34,7673.22,7673.22,3
2025-11-03T11:25:46.542200,11:25:46,7701.32,7701.32,3
2025-11-03T11:25:58.392115,11:25:58,7682.13,7682.13,3
2025-11-03T11:26:10.250389,11:26:10,7663.71,7663.71,3
2025-11-03T11:26:22.337883,11:26:22,7681.77,7681.77,3
2025-11-03T11:26:34.459379,11:26:34,7694.8,7694.8,3
2025-11-03T11:26:46.356084,11:26:46,7686.44,7686.44,3
2025-11-03T11:26:58.255488,11:26:58,7652.14,7652.14,3
2025-11-03T11:27:10.519027,11:27:10,7613.37,7613.37,3
2025-11-03T11:27:22.430695,11:27:22,7641.32,7641.32,3
2025-11-03T11:27:34.258222,11:27:34,7669.76,7669.76,3
2025-11-03T11:27:46.118397,11:27:46,7616.2,7616.2,3
2025-11-03T11:27:57.698498,11:27:57,7622.33,7622.33,3
2025-11-03T11:28:09.650196,11:28:09,7654.5,7654.5,3
2025-11-03T11:28:21.518528,11:28:21,7656.3,7656.3,3
2025-11-03T11:28:33.340834,11:28:33,7654.68,7654.68,3
2025-11-03T11:28:45.468096,11:28:45,7646.75,7646.75,3
2025-11-03T11:28:57.373526,11:28:57,7657.52,7657.52,3
2025-11-03T11:29:09.211535,11:29:09,7665.61,7665.61,3
2025-11-03T11:29:21.436903,11:29:21,7662.7,7662.7,3
2025-11-03T11:29:33.621215,11:29:33,7662.78,7662.78,3
2025-11-03T11:29:45.462713,11:29:45,7668.63,7668.63,3
2025-11-03T11:29:57.293649,11:29:57,7688.91,7688.91,3
2025-11-03T11:30:09.430247,11:30:09,7647.36,7647.36,3
2025-11-03T11:30:21.610373,11:30:21,7595.5,7595.5,3
2025-11-03T11:30:33.439415,11:30:33,7674.78,7674.78,3
2025-11-03T11:30:45.586445,11:30:45,7740.13,7740.13,3
2025-11-03T11:30:57.264328,11:30:57,7746.54,7746.54,3
2025-11-03T11:31:08.850485,11:31:08,7737.2,7737.2,3
2025-11-03T11:31:20.673541,11:31:20,7786.05,7786.05,3
2025-11-03T11:31:32.207551,11:31:32,7742.66,7742.66,3
2025-11-03T11:31:43.988866,11:31:43,7743.26,7743.26,3
2025-11-03T11:31:55.533766,11:31:55,7762.24,7762.24,3
2025-11-03T11:32:07.638121,11:32:07,7758.01,7758.01,3
2025-11-03T11:32:19.446224,11:32:19,7769.36,7769.36,3
2025-11-03T11:32:31.376208,11:32:31,7770.21,7770.21,3
2025-11-03T11:32:43.474167,11:32:43,7790.58,7790.58,3
2025-11-03T11:32:55.635715,11:32:55,7799.54,7799.54,3
2025-11-03T11:33:07.522642,11:33:07,7795.51,7795.51,3
2025-11-03T11:33:19.500218,11:33:19,7735.32,7735.32,3
2025-11-03T11:33:31.386631,11:33:31,7734.57,7734.57,3
2025-11-03T11:33:43.264502,11:33:43,7726.72,7726.72,3
2025-11-03T11:33:55.493910,11:33:55,7751.12,7751.12,3
2025-11-03T11:34:07.403932,11:34:07,7758.64,7758.64,3
2025-11-03T11:34:19.221299,11:34:19,7744.74,7744.74,3
2025-11-03T11:34:31.047072,11:34:31,7721.87,7721.87,3
2025-11-03T11:34:43.252187,11:34:43,7665.8,7665.8,3
2025-11-03T11:34:55.392560,11:34:55,7710.17,7710.17,3
2025-11-03T11:35:07.588423,11:35:07,7709.46,7709.46,3
2025-11-03T11:35:19.485750,11:35:19,7734.55,7734.55,3
2025-11-03T11:35:31.394099,11:35:31,7744.02,7744.02,3
2025-11-03T11:35:43.545284,11:35:43,7768.71,7768.71,3
2025-11-03T11:35:55.414332,11:35:55,7773.27,7773.27,3
2025-11-03T11:36:07.359365,11:36:07,7772.54,7772.54,3
2025-11-03T11:36:19.323818,11:36:19,7786.58,7786.58,3
2025-11-03T11:36:31.458398,11:36:31,7786.59,7786.59,3
2025-11-03T11:36:43.664808,11:36:43,7750.35,7750.35,3
2025-11-03T11:36:55.561234,11:36:55,7745.4,7745.4,3
2025-11-03T11:37:07.425232,11:37:07,7745.0,7745.0,3
2025-11-03T11:37:19.246899,11:37:19,7760.22,7760.22,3
2025-11-03T11:37:31.360527,11:37:31,7753.04,7753.04,3
2025-11-03T11:37:43.445528,11:37:43,7758.36,7758.36,3
2025-11-03T11:37:55.300451,11:37:55,7757.66,7757.66,3
2025-11-03T11:38:07.436445,11:38:07,7753.09,7753.09,3
2025-11-03T11:38:19.251046,11:38:19,7742.57,7742.57,3
2025-11-03T11:38:31.397433,11:38:31,7718.07,7718.07,3
2025-11-03T11:38:43.296313,11:38:43,7702.91,7702.91,3
2025-11-03T11:38:55.243267,11:38:55,7711.41,7711.41,3
2025-11-03T11:39:07.459517,11:39:07,7796.8,7796.8,3
2025-11-03T11:39:19.299639,11:39:19,7789.85,7789.85,3
2025-11-03T11:39:31.412325,11:39:31,7723.82,7723.82,3
2025-11-03T11:39:43.268208,11:39:43,7683.35,7683.35,3
2025-11-03T11:39:55.097668,11:39:55,7677.3,7677.3,3
2025-11-03T11:40:06.735622,11:40:06,7599.12,7599.12,3
2025-11-03T11:40:18.585525,11:40:18,7567.06,7567.06,3
2025-11-03T11:40:30.172917,11:40:30,7549.18,7549.18,3
2025-11-03T11:40:41.975824,11:40:41,7512.98,7512.98,3
2025-11-03T11:40:53.814339,11:40:53,7503.89,7503.89,3
2025-11-03T11:41:05.678139,11:41:05,7442.14,7442.14,3
2025-11-03T11:41:17.540443,11:41:17,7434.36,7434.36,3
2025-11-03T11:41:29.119888,11:41:29,7296.81,7296.81,3
2025-11-03T11:41:40.711041,11:41:40,7256.04,7256.04,3
2025-11-03T11:41:52.348221,11:41:52,7323.88,7323.88,3
2025-11-03T11:42:03.910768,11:42:03,7280.44,7280.44,3
2025-11-03T11:42:15.773779,11:42:15,7268.64,7268.64,3
2025-11-03T11:42:27.646129,11:42:27,7265.36,7265.36,3
2025-11-03T11:42:39.306940,11:42:39,7318.1,7318.1,3
2025-11-03T11:42:51.441192,11:42:51,7304.25,7304.25,3
2025-11-03T11:43:03.028389,11:43:03,7343.64,7343.64,3
2025-11-03T11:43:14.838888,11:43:14,7296.76,7296.76,3
2025-11-03T11:43:26.373993,11:43:26,7339.65,7339.65,3
2025-11-03T11:43:38.248722,11:43:38,7363.34,7363.34,3
2025-11-03T11:43:49.767634,11:43:49,7299.22,7299.22,3
2025-11-03T11:44:01.296910,11:44:01,7284.73,7284.73,3
2025-11-03T11:44:13.438929,11:44:13,7295.49,7295.49,3
2025-11-03T11:44:25.232637,11:44:25,7316.25,7316.25,3
2025-11-03T11:44:36.863766,11:44:36,7313.36,7313.36,3
2025-11-03T11:44:48.808541,11:44:48,7305.12,7305.12,3
2025-11-03T11:45:00.660007,11:45:00,7291.47,7291.47,3
2025-11-03T11:45:12.519123,11:45:12,7332.06,7332.06,3
2025-11-03T11:45:24.421757,11:45:24,7345.75,7345.75,3
2025-11-03T11:45:36.354893,11:45:36,7326.31,7326.31,3
2025-11-03T11:45:48.448220,11:45:48,7328.67,7328.67,3
2025-11-03T11:46:00.652949,11:46:00,7379.91,7379.91,3
2025-11-03T11:46:12.527272,11:46:12,7376.59,7376.59,3
2025-11-03T11:46:24.350374,11:46:24,7387.26,7387.26,3
2025-11-03T11:46:36.496487,11:46:36,7403.41,7403.41,3
2025-11-03T11:46:48.425153,11:46:48,7394.97,7394.97,3
2025-11-03T11:47:00.596278,11:47:00,7410.43,7410.43,3
2025-11-03T11:47:12.431238,11:47:12,7405.52,7405.52,3
2025-11-03T11:47:24.563911,11:47:24,7437.34,7437.34,3
2025-11-03T11:47:36.478081,11:47:36,7430.11,7430.11,3
2025-11-03T11:47:48.384710,11:47:48,7468.95,7468.95,3
2025-11-03T11:48:00.303717,11:48:00,7501.42,7501.42,3
2025-11-03T11:48:12.449272,11:48:12,7513.43,7513.43,3
2025-11-03T11:48:24.576595,11:48:24,7487.29,7487.29,3
2025-11-03T11:48:36.499851,11:48:36,7477.61,7477.61,3
2025-11-03T11:48:48.622259,11:48:48,7454.37,7454.37,3
2025-11-03T11:49:00.454694,11:49:00,7402.28,7402.28,3
2025-11-03T11:49:12.609854,11:49:12,7320.48,7320.48,3
2025-11-03T11:49:24.469030,11:49:24,7302.92,7302.92,3
2025-11-03T11:49:36.349337,11:49:36,7283.92,7283.92,3
2025-11-03T11:49:48.229297,11:49:48,7291.3,7291.3,3
2025-11-03T11:50:00.142587,11:50:00,7266.19,7266.19,3
2025-11-03T11:50:11.729014,11:50:11,7313.81,7313.81,3
2025-11-03T11:50:23.555799,11:50:23,7367.08,7367.08,3
2025-11-03T11:50:35.395920,11:50:35,7377.29,7377.29,3
2025-11-03T11:50:47.202898,11:50:47,7391.04,7391.04,3
2025-11-03T11:50:59.331910,11:50:59,7421.27,7421.27,3
2025-11-03T11:51:11.248923,11:51:11,7412.05,7412.05,3
2025-11-03T11:51:23.541210,11:51:23,7404.73,7404.73,3
2025-11-03T11:51:35.409304,11:51:35,7408.65,7408.65,3
2025-11-03T11:51:47.266379,11:51:47,7421.34,7421.34,3
2025-11-03T11:51:59.374264,11:51:59,7472.76,7472.76,3
2025-11-03T11:52:11.350984,11:52:11,7356.98,7356.98,3
2025-11-03T11:52:23.451317,11:52:23,7344.5,7344.5,3
2025-11-03T11:52:35.597018,11:52:35,7301.84,7301.84,3
2025-11-03T11:52:47.436289,11:52:47,7329.22,7329.22,3
2025-11-03T11:52:59.301357,11:52:59,7321.27,7321.27,3
2025-11-03T11:53:10.945259,11:53:10,7322.98,7322.98,3
2025-11-03T11:53:23.060424,11:53:23,7373.01,7373.01,3
2025-11-03T11:53:35.191172,11:53:35,7389.36,7389.36,3
2025-11-03T11:53:47.373496,11:53:47,7385.46,7385.46,3
2025-11-03T11:53:59.248871,11:53:59,7369.14,7369.14,3
2025-11-03T11:54:11.450323,11:54:11,7406.78,7406.78,3
2025-11-03T11:54:23.027173,11:54:23,7470.24,7470.24,3
2025-11-03T11:54:34.599928,11:54:34,7442.95,7442.95,3
2025-11-03T11:54:46.437505,11:54:46,7423.37,7423.37,3
2025-11-03T11:54:58.592565,11:54:58,7417.93,7417.93,3
2025-11-03T11:55:10.536606,11:55:10,7433.73,7433.73,3
2025-11-03T11:55:22.423539,11:55:22,7462.01,7462.01,3
2025-11-03T11:55:34.247828,11:55:34,7456.4,7456.4,3
2025-11-03T11:55:46.099091,11:55:46,7410.69,7410.69,3
2025-11-03T11:55:58.303465,11:55:58,7403.89,7403.89,3
2025-11-03T11:56:10.429133,11:56:10,7354.37,7354.37,3
2025-11-03T11:56:22.596397,11:56:22,7340.93,7340.93,3
2025-11-03T11:56:34.462807,11:56:34,7335.74,7335.74,3
2025-11-03T11:56:46.293194,11:56:46,7311.98,7311.98,3
2025-11-03T11:56:58.249246,11:56:58,7312.48,7312.48,3
2025-11-03T11:57:10.364342,11:57:10,7348.79,7348.79,3
2025-11-03T11:57:22.458814,11:57:22,7357.24,7357.24,3
2025-11-03T11:57:34.602265,11:57:34,7357.83,7357.83,3
2025-11-03T11:57:46.662647,11:57:46,7360.61,7360.61,3
2025-11-03T11:57:58.479558,11:57:58,7340.78,7340.78,3
2025-11-03T11:58:10.412954,11:58:10,7333.42,7333.42,3
2025-11-03T11:58:22.300523,11:58:22,7344.99,7344.99,3
2025-11-03T11:58:34.477359,11:58:34,7346.02,7346.02,3
2025-11-03T11:58:46.387121,11:58:46,7343.98,7343.98,3
2025-11-03T11:58:58.517280,11:58:58,7336.91,7336.91,3
2025-11-03T11:59:10.470709,11:59:10,7339.27,7339.27,3
2025-11-03T11:59:22.610405,11:59:22,7342.59,7342.59,3
2025-11-03T11:59:34.548549,11:59:34,7325.32,7325.32,3
2025-11-03T11:59:46.355670,11:59:46,7343.17,7343.17,3
2025-11-03T11:59:58.210043,11:59:58,7348.28,7348.28,3
2025-11-03T12:00:10.091519,12:00:10,7360.69,7360.69,3
2025-11-03T12:00:22.326158,12:00:22,7349.08,7349.08,3
2025-11-03T12:00:34.480627,12:00:34,7329.99,7329.99,3
2025-11-03T12:00:46.652532,12:00:46,7276.59,7276.59,3
2025-11-03T12:00:58.574045,12:00:58,7277.98,7277.98,3
2025-11-03T12:01:10.655600,12:01:10,7275.21,7275.21,3
2025-11-03T12:01:22.739016,12:01:22,7260.88,7260.88,3
2025-11-03T12:01:34.673840,12:01:34,7244.6,7244.6,3
2025-11-03T12:01:46.215207,12:01:46,7235.33,7235.33,3
2025-11-03T12:01:58.061606,12:01:58,7253.09,7253.09,3
2025-11-03T12:02:09.899439,12:02:09,7196.08,7196.08,3
2025-11-03T12:02:21.798221,12:02:21,7302.51,7302.51,3
2025-11-03T12:02:33.616494,12:02:33,7275.81,7275.81,3
2025-11-03T12:02:45.563049,12:02:45,7281.48,7281.48,3
2025-11-03T12:02:57.457190,12:02:57,7252.4,7252.4,3
2025-11-03T12:03:09.272743,12:03:09,7254.4,7254.4,3
2025-11-03T12:03:21.445807,12:03:21,7270.35,7270.35,3
2025-11-03T12:03:33.609879,12:03:33,7289.84,7289.84,3
2025-11-03T12:03:45.504247,12:03:45,7276.74,7276.74,3
2025-11-03T12:03:57.384039,12:03:57,7292.66,7292.66,3
2025-11-03T12:04:09.571668,12:04:09,7387.92,7387.92,3
2025-11-03T12:04:21.463058,12:04:21,7348.17,7348.17,3
2025-11-03T12:04:33.666997,12:04:33,7349.54,7349.54,3
2025-11-03T12:04:45.494542,12:04:45,7323.15,7323.15,3
2025-11-03T12:04:57.410229,12:04:57,7323.53,7323.53,3
2025-11-03T12:05:09.296397,12:05:09,7296.28,7296.28,3
2025-11-03T12:05:21.410583,12:05:21,7313.83,7313.83,3
2025-11-03T12:05:33.268487,12:05:33,7353.2,7353.2,3
2025-11-03T12:05:45.464628,12:05:45,7397.3,7397.3,3
2025-11-03T12:05:57.394901,12:05:57,7454.79,7454.79,3
2025-11-03T12:06:09.327890,12:06:09,7492.33,7492.33,3
2025-11-03T12:06:21.252497,12:06:21,7495.01,7495.01,3
2025-11-03T12:06:33.385881,12:06:33,7473.29,7473.29,3
2025-11-03T12:06:45.587549,12:06:45,7489.03,7489.03,3
2025-11-03T12:06:57.566184,12:06:57,7470.01,7470.01,3
2025-11-03T12:07:09.362757,12:07:09,7515.82,7515.82,3
2025-11-03T12:07:21.556604,12:07:21,7535.85,7535.85,3
2025-11-03T12:07:33.484746,12:07:33,7560.13,7560.13,3
2025-11-03T12:07:45.386569,12:07:45,7565.96,7565.96,3
2025-11-03T12:07:57.211867,12:07:57,7575.32,7575.32,3
2025-11-03T12:08:09.386755,12:08:09,7599.31,7599.31,3
2025-11-03T12:08:21.269503,12:08:21,7616.14,7616.14,3
2025-11-03T12:08:33.443387,12:08:33,7600.41,7600.41,3
2025-11-03T12:08:45.628636,12:08:45,7523.32,7523.32,3
2025-11-03T12:08:57.522947,12:08:57,7528.91,7528.91,3
2025-11-03T12:09:09.394515,12:09:09,7448.74,7448.74,3
2025-11-03T12:09:21.538812,12:09:21,7348.24,7348.24,3
2025-11-03T12:09:33.439706,12:09:33,7298.88,7298.88,3
2025-11-03T12:09:45.354888,12:09:45,7290.23,7290.23,3
2025-11-03T12:09:57.564044,12:09:57,7291.3,7291.3,3
2025-11-03T12:10:09.409481,12:10:09,7325.07,7325.07,3
2025-11-03T12:10:21.543613,12:10:21,7282.17,7282.17,3
2025-11-03T12:10:33.510320,12:10:33,7224.38,7224.38,3
2025-11-03T12:10:45.479036,12:10:45,7185.93,7185.93,3
2025-11-03T12:10:57.665579,12:10:57,7203.15,7203.15,3
2025-11-03T12:11:09.548161,12:11:09,7174.04,7174.04,3
2025-11-03T12:11:21.477003,12:11:21,7200.75,7200.75,3
2025-11-03T12:11:33.006224,12:11:33,7226.84,7226.84,3
2025-11-03T12:11:44.912820,12:11:44,7190.92,7190.92,3
2025-11-03T12:11:57.098513,12:11:57,7210.65,7210.65,3
2025-11-03T12:12:09.309880,12:12:09,7262.36,7262.36,3
2025-11-03T12:12:21.211376,12:12:21,7246.68,7246.68,3
2025-11-03T12:12:33.118066,12:12:33,7272.68,7272.68,3
2025-11-03T12:12:45.550227,12:12:45,7279.42,7279.42,3
2025-11-03T12:12:57.574283,12:12:57,7266.52,7266.52,3
2025-11-03T12:13:09.480894,12:13:09,7272.59,7272.59,3
2025-11-03T12:13:21.450917,12:13:21,7202.44,7202.44,3
2025-11-03T12:13:33.392563,12:13:33,7306.29,7306.29,3
2025-11-03T12:13:45.237501,12:13:45,7334.21,7334.21,3
2025-11-03T12:13:57.446386,12:13:57,7285.79,7285.79,3
2025-11-03T12:14:09.580781,12:14:09,7262.73,7262.73,3
2025-11-03T12:14:21.476236,12:14:21,7246.09,7246.09,3
2025-11-03T12:14:33.316423,12:14:33,7249.39,7249.39,3
2025-11-03T12:14:45.496651,12:14:45,7263.19,7263.19,3
2025-11-03T12:14:57.443123,12:14:57,7265.16,7265.16,3
2025-11-03T12:15:09.360658,12:15:09,7194.75,7194.75,3
2025-11-03T12:15:21.210298,12:15:21,7254.55,7254.55,3
2025-11-03T12:15:32.805919,12:15:32,7118.08,7118.08,3
2025-11-03T12:15:44.517820,12:15:44,7109.37,7109.37,3
2025-11-03T12:15:56.085824,12:15:56,7049.13,7049.13,3
2025-11-03T12:16:07.699327,12:16:07,7035.86,7035.86,3
2025-11-03T12:16:19.813481,12:16:19,7015.68,7015.68,3
2025-11-03T12:16:31.400255,12:16:31,7006.53,7006.53,3
2025-11-03T12:16:43.566936,12:16:43,6985.68,6985.68,3
2025-11-03T12:16:55.433843,12:16:55,7018.76,7018.76,3
2025-11-03T12:17:07.364373,12:17:07,7076.9,7076.9,3
2025-11-03T12:17:19.511441,12:17:19,7012.38,7012.38,3
2025-11-03T12:17:31.453334,12:17:31,7019.13,7019.13,3
2025-11-03T12:17:43.641280,12:17:43,6958.37,6958.37,3
2025-11-03T12:17:55.244370,12:17:55,6953.07,6953.07,3
2025-11-03T12:18:07.088944,12:18:07,6977.59,6977.59,3
2025-11-03T12:18:18.706668,12:18:18,7029.31,7029.31,3
2025-11-03T12:18:30.293581,12:18:30,6987.86,6987.86,3
2025-11-03T12:18:41.887127,12:18:41,6914.11,6914.11,3
2025-11-03T12:18:53.517363,12:18:53,6913.52,6913.52,3
2025-11-03T12:19:05.364094,12:19:05,7002.95,7002.95,3
2025-11-03T12:19:16.941064,12:19:16,7102.08,7102.08,3
2025-11-03T12:19:28.495229,12:19:28,7180.42,7180.42,3
2025-11-03T12:19:40.404066,12:19:40,7254.91,7254.91,3
2025-11-03T12:19:52.582869,12:19:52,7366.0,7366.0,3
2025-11-03T12:20:04.523392,12:20:04,7466.33,7466.33,3
2025-11-03T12:20:16.377939,12:20:16,7579.55,7579.55,3
2025-11-03T12:20:28.243694,12:20:28,7588.73,7588.73,3
2025-11-03T12:20:40.368218,12:20:40,7591.85,7591.85,3
2025-11-03T12:20:52.200881,12:20:52,7545.24,7545.24,3
2025-11-03T12:21:04.084242,12:21:04,7527.42,7527.42,3
2025-11-03T12:21:15.917999,12:21:15,7563.13,7563.13,3
2025-11-03T12:21:28.101080,12:21:28,7610.36,7610.36,3
2025-11-03T12:21:40.274505,12:21:40,7630.32,7630.32,3
2025-11-03T12:21:52.121152,12:21:52,7627.03,7627.03,3
2025-11-03T12:22:03.682637,12:22:03,7563.84,7563.84,3
2025-11-03T12:22:15.497985,12:22:15,7586.77,7586.77,3
2025-11-03T12:22:27.329681,12:22:27,7592.94,7592.94,3
2025-11-03T12:22:39.195545,12:22:39,7609.23,7609.23,3
2025-11-03T12:22:51.388232,12:22:51,7577.33,7577.33,3
2025-11-03T12:23:03.234311,12:23:03,7660.51,7660.51,3
2025-11-03T12:23:15.344324,12:23:15,7579.84,7579.84,3
2025-11-03T12:23:27.445223,12:23:27,7564.21,7564.21,3
2025-11-03T12:23:39.589907,12:23:39,7653.99,7653.99,3
2025-11-03T12:23:51.439184,12:23:51,7677.83,7677.83,3
2025-11-03T12:24:03.618453,12:24:03,7663.35,7663.35,3
2025-11-03T12:24:15.436428,12:24:15,7656.05,7656.05,3
2025-11-03T12:24:27.427899,12:24:27,7638.98,7638.98,3
2025-11-03T12:24:39.276491,12:24:39,7603.92,7603.92,3
2025-11-03T12:24:51.466247,12:24:51,7610.65,7610.65,3
2025-11-03T12:25:03.312972,12:25:03,7612.39,7612.39,3
2025-11-03T12:25:15.196406,12:25:15,7691.76,7691.76,3
2025-11-03T12:25:26.832784,12:25:26,7676.5,7676.5,3
2025-11-03T12:25:38.379379,12:25:38,7608.68,7608.68,3
2025-11-03T12:25:50.116157,12:25:50,7601.29,7601.29,3
2025-11-03T12:26:01.667136,12:26:01,7499.22,7499.22,3
2025-11-03T12:26:13.246829,12:26:13,7434.98,7434.98,3
2025-11-03T12:26:25.415678,12:26:25,7462.45,7462.45,3
2025-11-03T12:26:36.985606,12:26:36,7458.1,7458.1,3
2025-11-03T12:26:48.640531,12:26:48,7457.69,7457.69,3
2025-11-03T12:27:00.481010,12:27:00,7501.31,7501.31,3
2025-11-03T12:27:12.368142,12:27:12,7497.07,7497.07,3
2025-11-03T12:27:24.614282,12:27:24,7590.86,7590.86,3
2025-11-03T12:27:36.587857,12:27:36,7611.16,7611.16,3
2025-11-03T12:27:48.196884,12:27:48,7657.78,7657.78,3
2025-11-03T12:28:00.390384,12:28:00,7660.0,7660.0,3
2025-11-03T12:28:12.379720,12:28:12,7664.5,7664.5,3
2025-11-03T12:28:24.593819,12:28:24,7651.67,7651.67,3
2025-11-03T12:28:36.413187,12:28:36,7646.3,7646.3,3
2025-11-03T12:28:48.509194,12:28:48,7644.84,7644.84,3
2025-11-03T12:29:00.369576,12:29:00,7618.32,7618.32,3
2025-11-03T12:29:11.891411,12:29:11,7611.09,7611.09,3
2025-11-03T12:29:23.461174,12:29:23,7527.51,7527.51,3
2025-11-03T12:29:35.091426,12:29:35,7564.55,7564.55,3
2025-11-03T12:29:46.699530,12:29:46,7576.24,7576.24,3
2025-11-03T12:29:58.342603,12:29:58,7591.86,7591.86,3
2025-11-03T12:30:09.995616,12:30:09,7540.48,7540.48,3
2025-11-03T12:30:21.528213,12:30:21,7501.63,7501.63,3
2025-11-03T12:30:33.449692,12:30:33,7488.18,7488.18,3
2025-11-03T12:30:45.369693,12:30:45,7468.66,7468.66,3
2025-11-03T12:30:57.221390,12:30:57,7505.11,7505.11,3
2025-11-03T12:31:09.459376,12:31:09,7533.48,7533.48,3
2025-11-03T12:31:21.594594,12:31:21,7506.36,7506.36,3
2025-11-03T12:31:33.438561,12:31:33,7535.38,7535.38,3
2025-11-03T12:31:45.284591,12:31:45,7513.64,7513.64,3
2025-11-03T12:31:56.895242,12:31:56,7526.1,7526.1,3
2025-11-03T12:32:08.763871,12:32:08,7468.64,7468.64,3
2025-11-03T12:32:20.373008,12:32:20,7479.6,7479.6,3
2025-11-03T12:32:32.551114,12:32:32,7537.8,7537.8,3
2025-11-03T12:32:44.440734,12:32:44,7397.43,7397.43,3
2025-11-03T12:32:56.294950,12:32:56,7463.96,7463.96,3
2025-11-03T12:33:08.183923,12:33:08,7496.76,7496.76,3
2025-11-03T12:33:20.290551,12:33:20,7451.73,7451.73,3
2025-11-03T12:33:32.229274,12:33:32,7428.53,7428.53,3
2025-11-03T12:33:44.329869,12:33:44,7412.15,7412.15,3
2025-11-03T12:33:56.537904,12:33:56,7388.43,7388.43,3
2025-11-03T12:34:08.393131,12:34:08,7388.8,7388.8,3
2025-11-03T12:34:20.569791,12:34:20,7341.22,7341.22,3
2025-11-03T12:34:32.503872,12:34:32,7319.91,7319.91,3
2025-11-03T12:34:44.360667,12:34:44,7317.99,7317.99,3
2025-11-03T12:34:56.590533,12:34:56,7268.12,7268.12,3
2025-11-03T12:35:08.449165,12:35:08,7326.42,7326.42,3
2025-11-03T12:35:20.619126,12:35:20,7304.75,7304.75,3
2025-11-03T12:35:32.494598,12:35:32,7357.3,7357.3,3
2025-11-03T12:35:44.466148,12:35:44,7330.55,7330.55,3
2025-11-03T12:35:56.638175,12:35:56,7335.87,7335.87,3
2025-11-03T12:36:08.498791,12:36:08,7267.18,7267.18,3
2025-11-03T12:36:20.617055,12:36:20,7165.1,7165.1,3
2025-11-03T12:36:32.575081,12:36:32,7191.52,7191.52,3
2025-11-03T12:36:44.542097,12:36:44,7194.53,7194.53,3
2025-11-03T12:36:56.388717,12:36:56,7233.58,7233.58,3
2025-11-03T12:37:08.544294,12:37:08,7325.49,7325.49,3
2025-11-03T12:37:20.487989,12:37:20,7285.82,7285.82,3
2025-11-03T12:37:32.468598,12:37:32,7191.37,7191.37,3
2025-11-03T12:37:44.634100,12:37:44,7242.57,7242.57,3
2025-11-03T12:37:56.467168,12:37:56,7286.51,7286.51,3
2025-11-03T12:38:08.344150,12:38:08,7287.17,7287.17,3
2025-11-03T12:38:20.212752,12:38:20,7398.09,7398.09,3
2025-11-03T12:38:32.317819,12:38:32,7355.03,7355.03,3
2025-11-03T12:38:44.479525,12:38:44,7340.01,7340.01,3
2025-11-03T12:38:56.622118,12:38:56,7360.12,7360.12,3
2025-11-03T12:39:08.513526,12:39:08,7361.15,7361.15,3
2025-11-03T12:39:20.463344,12:39:20,7342.39,7342.39,3
2025-11-03T12:39:32.328991,12:39:32,7374.02,7374.02,3
2025-11-03T12:39:44.495873,12:39:44,7363.17,7363.17,3
2025-11-03T12:39:56.395327,12:39:56,7369.88,7369.88,3
2025-11-03T12:40:08.531378,12:40:08,7390.71,7390.71,3
2025-11-03T12:40:20.730910,12:40:20,7337.36,7337.36,3
2025-11-03T12:40:32.602314,12:40:32,7321.04,7321.04,3
2025-11-03T12:40:44.440393,12:40:44,7391.48,7391.48,3
2025-11-03T12:40:56.305729,12:40:56,7425.77,7425.77,3
2025-11-03T12:41:08.435755,12:41:08,7388.25,7388.25,3
2025-11-03T12:41:20.348970,12:41:20,7441.1,7441.1,3
2025-11-03T12:41:32.457951,12:41:32,7381.99,7381.99,3
2025-11-03T12:41:44.600820,12:41:44,7369.01,7369.01,3
2025-11-03T12:41:56.523005,12:41:56,7367.51,7367.51,3
2025-11-03T12:42:08.401671,12:42:08,7393.8,7393.8,3
2025-11-03T12:42:20.603256,12:42:20,7508.57,7508.57,3
2025-11-03T12:42:32.723316,12:42:32,7428.01,7428.01,3
2025-11-03T12:42:44.662339,12:42:44,7407.18,7407.18,3
2025-11-03T12:42:56.532856,12:42:56,7388.68,7388.68,3
2025-11-03T12:43:08.690753,12:43:08,7433.13,7433.13,3
2025-11-03T12:43:20.507311,12:43:20,7435.62,7435.62,3
2025-11-03T12:43:32.376669,12:43:32,7482.2,7482.2,3
2025-11-03T12:43:44.556120,12:43:44,7532.92,7532.92,3
2025-11-03T12:43:56.421105,12:43:56,7513.92,7513.92,3
2025-11-03T12:44:08.636835,12:44:08,7563.55,7563.55,3
2025-11-03T12:44:20.517460,12:44:20,7548.41,7548.41,3
2025-11-03T12:44:32.089537,12:44:32,7553.37,7553.37,3
2025-11-03T12:44:44.221238,12:44:44,7554.68,7554.68,3
2025-11-03T12:44:56.074885,12:44:56,7565.29,7565.29,3
2025-11-03T12:45:07.689358,12:45:07,7582.13,7582.13,3
2025-11-03T12:45:19.567905,12:45:19,7559.23,7559.23,3
2025-11-03T12:45:31.588381,12:45:31,7550.82,7550.82,3
2025-11-03T12:45:43.503059,12:45:43,7538.86,7538.86,3
2025-11-03T12:45:55.361825,12:45:55,7555.05,7555.05,3
2025-11-03T12:46:07.545289,12:46:07,7587.66,7587.66,3
2025-11-03T12:46:19.486316,12:46:19,7584.06,7584.06,3
2025-11-03T12:46:31.393707,12:46:31,7550.31,7550.31,3
2025-11-03T12:46:43.293553,12:46:43,7576.21,7576.21,3
2025-11-03T12:46:54.929619,12:46:54,7586.25,7586.25,3
2025-11-03T12:47:06.785607,12:47:06,7547.76,7547.76,3
2025-11-03T12:47:18.771257,12:47:18,7514.7,7514.7,3
2025-11-03T12:47:30.436221,12:47:30,7522.64,7522.64,3
2025-11-03T12:47:42.030920,12:47:42,7587.82,7587.82,3
2025-11-03T12:47:53.577183,12:47:53,7655.04,7655.04,3
2025-11-03T12:48:05.479841,12:48:05,7642.07,7642.07,3
2025-11-03T12:48:17.629396,12:48:17,7666.9,7666.9,3
2025-11-03T12:48:29.557129,12:48:29,7671.92,7671.92,3
2025-11-03T12:48:41.449512,12:48:41,7619.52,7619.52,3
2025-11-03T12:48:53.010269,12:48:53,7567.53,7567.53,3
2025-11-03T12:49:05.094351,12:49:05,7472.09,7472.09,3
2025-11-03T12:49:17.311302,12:49:17,7476.66,7476.66,3
2025-11-03T12:49:29.169603,12:49:29,7587.77,7587.77,3
2025-11-03T12:49:41.292002,12:49:41,7555.36,7555.36,3
2025-11-03T12:49:53.196555,12:49:53,7570.5,7570.5,3
2025-11-03T12:50:05.317476,12:50:05,7499.04,7499.04,3
2025-11-03T12:50:17.407433,12:50:17,7442.73,7442.73,3
2025-11-03T12:50:29.319743,12:50:29,7469.24,7469.24,3
2025-11-03T12:50:41.224159,12:50:41,7530.75,7530.75,3
2025-11-03T12:50:52.858008,12:50:52,7522.68,7522.68,3
2025-11-03T12:51:04.754920,12:51:04,7427.13,7427.13,3
2025-11-03T12:51:16.724535,12:51:16,7422.66,7422.66,3
2025-11-03T12:51:28.275923,12:51:28,7403.8,7403.8,3
2025-11-03T12:51:40.397349,12:51:40,7411.79,7411.79,3
2025-11-03T12:51:52.547898,12:51:52,7460.66,7460.66,3
2025-11-03T12:52:04.220069,12:52:04,7447.26,7447.26,3
2025-11-03T12:52:16.402595,12:52:16,7540.47,7540.47,3
2025-11-03T12:52:28.550703,12:52:28,7589.17,7589.17,3
2025-11-03T12:52:40.409232,12:52:40,7648.65,7648.65,3
2025-11-03T12:52:52.570864,12:52:52,7621.57,7621.57,3
2025-11-03T12:53:04.529897,12:53:04,7648.74,7648.74,3
2025-11-03T12:53:16.160298,12:53:16,7664.95,7664.95,3
2025-11-03T12:53:28.356503,12:53:28,7695.94,7695.94,3
2025-11-03T12:53:40.497058,12:53:40,7745.19,7745.19,3
2025-11-03T12:53:52.347642,12:53:52,7713.74,7713.74,3
2025-11-03T12:54:04.440881,12:54:04,7785.78,7785.78,3
2025-11-03T12:54:16.564498,12:54:16,7823.6,7823.6,3
2025-11-03T12:54:28.459380,12:54:28,7845.53,7845.53,3
2025-11-03T12:54:40.393827,12:54:40,7875.53,7875.53,3
2025-11-03T12:54:52.292568,12:54:52,8118.54,8118.54,3
2025-11-03T12:55:04.412351,12:55:04,8192.35,8192.35,3
2025-11-03T12:55:16.233751,12:55:16,8116.88,8116.88,3
2025-11-03T12:55:28.083724,12:55:28,8157.62,8157.62,3
2025-11-03T12:55:39.593032,12:55:39,8159.1,8159.1,3
2025-11-03T12:55:51.181256,12:55:51,8156.36,8156.36,3
2025-11-03T12:56:03.045852,12:56:03,8110.62,8110.62,3
2025-11-03T12:56:14.617054,12:56:14,7983.79,7983.79,3
2025-11-03T12:56:26.248577,12:56:26,7939.49,7939.49,3
2025-11-03T12:56:37.801172,12:56:37,7916.09,7916.09,3
2025-11-03T12:56:49.345273,12:56:49,7956.24,7956.24,3
2025-11-03T12:57:00.903314,12:57:00,7882.6,7882.6,3
2025-11-03T12:57:12.757405,12:57:12,7868.78,7868.78,3
2025-11-03T12:57:24.648098,12:57:24,7822.73,7822.73,3
2025-11-03T12:57:36.539953,12:57:36,7839.5,7839.5,3
2025-11-03T12:57:48.386320,12:57:48,7844.73,7844.73,3
2025-11-03T12:58:00.236854,12:58:00,7853.85,7853.85,3
2025-11-03T12:58:12.346781,12:58:12,7793.95,7793.95,3
