timestamp,time,total_pnl,unrealized_pnl,position_count
2025-11-17T00:00:08.609537,00:00:08,126.73,126.73,4
2025-11-17T00:00:21.084464,00:00:21,124.92,124.92,4
2025-11-17T00:00:32.936780,00:00:32,49.82,49.82,4
2025-11-17T00:00:44.954203,00:00:44,-9.51,-9.51,4
2025-11-17T00:00:57.452030,00:00:57,-12.83,-12.83,4
2025-11-17T00:01:09.413608,00:01:09,-83.53,-83.53,4
2025-11-17T00:01:21.643316,00:01:21,-42.15,-42.15,4
2025-11-17T00:01:34.450750,00:01:34,48.98,48.98,4
2025-11-17T00:01:46.432598,00:01:46,16.38,16.38,4
2025-11-17T00:01:58.617797,00:01:58,28.98,28.98,4
2025-11-17T00:02:10.976975,00:02:10,-147.61,-147.61,4
2025-11-17T00:02:23.087302,00:02:23,-212.97,-212.97,4
2025-11-17T00:02:35.919889,00:02:35,-181.17,-181.17,4
2025-11-17T00:02:48.075475,00:02:48,-185.04,-185.04,4
2025-11-17T00:02:59.911493,00:02:59,-169.28,-169.28,4
2025-11-17T00:03:12.230028,00:03:12,-155.11,-155.11,4
2025-11-17T00:03:25.573591,00:03:25,-4.7,-4.7,4
2025-11-17T00:03:38.263752,00:03:38,-61.37,-61.37,4
2025-11-17T00:03:50.606615,00:03:50,-77.13,-77.13,4
2025-11-17T00:04:02.938444,00:04:02,-103.72,-103.72,4
2025-11-17T00:04:14.964435,00:04:14,-31.7,-31.7,4
2025-11-17T00:04:27.132337,00:04:27,-59.79,-59.79,4
2025-11-17T00:04:39.296260,00:04:39,-58.48,-58.48,4
2025-11-17T00:04:51.260326,00:04:51,-79.86,-79.86,4
2025-11-17T00:05:03.389879,00:05:03,-100.37,-100.37,4
2025-11-17T00:05:15.881557,00:05:15,-76.62,-76.62,4
2025-11-17T00:05:27.883941,00:05:27,-126.36,-126.36,4
2025-11-17T00:05:40.782809,00:05:40,-157.45,-157.45,4
2025-11-17T00:05:53.234667,00:05:53,-176.97,-176.97,4
2025-11-17T00:06:05.785572,00:06:05,-138.24,-138.24,4
2025-11-17T00:06:18.767770,00:06:18,-250.95,-250.95,4
2025-11-17T00:06:31.387284,00:06:31,-259.29,-259.29,4
2025-11-17T00:06:43.423592,00:06:43,-271.67,-271.67,4
2025-11-17T00:06:55.439591,00:06:55,-326.14,-326.14,4
2025-11-17T00:07:07.535850,00:07:07,-358.57,-358.57,4
2025-11-17T00:07:19.711636,00:07:19,-494.16,-494.16,4
2025-11-17T00:07:31.574965,00:07:31,-541.57,-541.57,4
2025-11-17T00:07:44.146180,00:07:44,-483.52,-483.52,4
2025-11-17T00:07:56.888070,00:07:56,-541.4,-541.4,4
2025-11-17T00:08:08.920687,00:08:08,-594.32,-594.32,4
2025-11-17T00:08:21.047439,00:08:21,-568.78,-568.78,4
2025-11-17T00:08:33.164576,00:08:33,-571.06,-571.06,4
2025-11-17T00:08:45.206430,00:08:45,-538.76,-538.76,4
2025-11-17T00:08:57.719145,00:08:57,-525.72,-525.72,4
2025-11-17T00:09:09.945352,00:09:09,-580.43,-580.43,4
2025-11-17T00:09:22.484062,00:09:22,-641.67,-641.67,4
2025-11-17T00:09:34.494458,00:09:34,-705.13,-705.13,4
2025-11-17T00:09:46.582752,00:09:46,-855.43,-855.43,4
2025-11-17T00:09:58.532018,00:09:58,-931.39,-931.39,4
2025-11-17T00:10:10.926966,00:10:10,-1135.72,-1135.72,4
2025-11-17T00:10:22.824601,00:10:22,-1178.65,-1178.65,4
2025-11-17T00:10:34.938438,00:10:34,-932.59,-932.59,4
2025-11-17T00:10:47.814568,00:10:47,-899.4,-899.4,4
2025-11-17T00:11:00.361577,00:11:00,-862.89,-862.89,4
2025-11-17T00:11:12.670702,00:11:12,-990.25,-990.25,4
2025-11-17T00:11:24.768287,00:11:24,-967.38,-967.38,4
2025-11-17T00:11:37.167698,00:11:37,-940.48,-940.48,4
2025-11-17T00:11:49.190477,00:11:49,-1038.37,-1038.37,4
2025-11-17T00:12:01.074664,00:12:01,-1079.21,-1079.21,4
2025-11-17T00:12:13.320039,00:12:13,-1136.14,-1136.14,4
2025-11-17T00:12:25.440801,00:12:25,-1165.52,-1165.52,4
2025-11-17T00:12:37.516146,00:12:37,-1164.66,-1164.66,4
2025-11-17T00:12:49.843178,00:12:49,-1216.5,-1216.5,4
2025-11-17T00:13:01.781071,00:13:01,-1234.12,-1234.12,4
2025-11-17T00:13:14.503376,00:13:14,-1273.43,-1273.43,4
2025-11-17T00:13:26.420688,00:13:26,-1534.91,-1534.91,4
2025-11-17T00:13:38.666952,00:13:38,-1545.84,-1545.84,4
2025-11-17T00:13:50.704493,00:13:50,-1579.76,-1579.76,4
2025-11-17T00:14:02.949326,00:14:02,-1582.87,-1582.87,4
2025-11-17T00:14:14.943386,00:14:14,-1631.7,-1631.7,4
2025-11-17T00:14:27.056450,00:14:27,-1637.99,-1637.99,4
2025-11-17T00:14:39.449955,00:14:39,-1658.06,-1658.06,4
2025-11-17T00:14:51.906279,00:14:51,-1648.84,-1648.84,4
2025-11-17T00:15:04.542288,00:15:04,-1654.81,-1654.81,4
2025-11-17T00:15:16.799840,00:15:16,-1886.04,-1886.04,4
2025-11-17T00:15:28.771243,00:15:28,-1890.3,-1890.3,4
2025-11-17T00:15:41.271801,00:15:41,-1908.61,-1908.61,4
2025-11-17T00:15:53.676567,00:15:53,-1890.05,-1890.05,4
2025-11-17T00:16:05.724375,00:16:05,-1780.86,-1780.86,4
2025-11-17T00:16:17.929715,00:16:17,-1952.05,-1952.05,4
2025-11-17T00:16:29.907062,00:16:29,-1954.76,-1954.76,4
2025-11-17T00:16:41.961007,00:16:41,-2045.01,-2045.01,4
2025-11-17T00:16:53.875269,00:16:53,-2072.38,-2072.38,4
2025-11-17T00:17:05.989728,00:17:05,-2050.43,-2050.43,4
2025-11-17T00:17:18.848676,00:17:18,-2322.1,-2322.1,4
2025-11-17T00:17:31.869693,00:17:31,-2579.95,-2579.95,4
2025-11-17T00:17:45.137241,00:17:45,-2626.57,-2626.57,4
2025-11-17T00:17:58.178594,00:17:58,-2604.06,-2604.06,4
2025-11-17T00:18:11.457677,00:18:11,-2702.07,-2702.07,4
2025-11-17T00:18:25.176133,00:18:25,-2747.07,-2747.07,4
2025-11-17T00:18:38.559891,00:18:38,-2705.66,-2705.66,4
2025-11-17T00:18:52.025414,00:18:52,-2738.21,-2738.21,4
2025-11-17T00:19:05.501611,00:19:05,-2849.55,-2849.55,4
2025-11-17T00:19:18.490555,00:19:18,-2883.63,-2883.63,4
2025-11-17T00:19:31.690891,00:19:31,-2793.94,-2793.94,4
2025-11-17T00:19:45.154943,00:19:45,-2879.4,-2879.4,4
2025-11-17T00:19:58.544716,00:19:58,-2806.04,-2806.04,4
2025-11-17T00:20:11.606079,00:20:11,-2627.3,-2627.3,4
2025-11-17T00:20:24.781014,00:20:24,-2395.57,-2395.57,4
2025-11-17T00:20:37.893206,00:20:37,-2337.73,-2337.73,4
2025-11-17T00:20:51.015525,00:20:51,-2433.47,-2433.47,4
2025-11-17T00:21:03.883389,00:21:03,-2474.88,-2474.88,4
2025-11-17T00:21:17.457627,00:21:17,-2472.93,-2472.93,4
2025-11-17T00:21:30.329781,00:21:30,-2388.99,-2388.99,4
2025-11-17T00:21:43.770412,00:21:43,-2442.47,-2442.47,4
2025-11-17T00:21:56.826938,00:21:56,-2558.15,-2558.15,4
2025-11-17T00:22:10.210651,00:22:10,-2900.23,-2900.23,4
2025-11-17T00:22:23.643980,00:22:23,-3083.04,-3083.04,4
2025-11-17T00:22:36.581893,00:22:36,-3054.79,-3054.79,4
2025-11-17T00:22:49.409134,00:22:49,-3033.04,-3033.04,4
2025-11-17T00:23:02.225485,00:23:02,-2924.02,-2924.02,4
2025-11-17T00:23:14.775880,00:23:14,-2901.36,-2901.36,4
2025-11-17T00:23:28.238744,00:23:28,-2819.09,-2819.09,4
2025-11-17T00:23:41.284833,00:23:41,-2852.96,-2852.96,4
2025-11-17T00:23:54.308404,00:23:54,-2829.51,-2829.51,4
2025-11-17T00:24:07.175269,00:24:07,-2855.21,-2855.21,4
2025-11-17T00:24:20.362385,00:24:20,-2736.47,-2736.47,4
2025-11-17T00:24:33.545602,00:24:33,-2671.68,-2671.68,4
2025-11-17T00:24:47.745849,00:24:47,-2583.98,-2583.98,4
2025-11-17T00:25:01.416599,00:25:01,-2588.53,-2588.53,4
2025-11-17T00:25:14.764043,00:25:14,-2629.95,-2629.95,4
2025-11-17T00:25:27.625732,00:25:27,-2576.76,-2576.76,4
2025-11-17T00:25:40.614994,00:25:40,-2629.28,-2629.28,4
2025-11-17T00:25:53.344879,00:25:53,-2563.76,-2563.76,4
2025-11-17T00:26:06.802866,00:26:06,-2681.35,-2681.35,4
2025-11-17T00:26:20.331179,00:26:20,-2778.84,-2778.84,4
2025-11-17T00:26:33.265694,00:26:33,-2895.18,-2895.18,4
2025-11-17T00:26:46.284146,00:26:46,-2857.18,-2857.18,4
2025-11-17T00:26:59.312810,00:26:59,-2920.69,-2920.69,4
2025-11-17T00:27:12.611651,00:27:12,-2885.83,-2885.83,4
2025-11-17T00:27:25.628788,00:27:25,-2988.92,-2988.92,4
2025-11-17T00:27:39.127632,00:27:39,-2917.62,-2917.62,4
2025-11-17T00:27:52.219918,00:27:52,-2908.98,-2908.98,4
2025-11-17T00:28:05.116308,00:28:05,-2887.68,-2887.68,4
2025-11-17T00:28:18.087285,00:28:18,-2874.03,-2874.03,4
2025-11-17T00:28:31.359567,00:28:31,-2919.49,-2919.49,4
2025-11-17T00:28:44.155658,00:28:44,-2887.88,-2887.88,4
2025-11-17T00:28:57.061941,00:28:57,-2902.31,-2902.31,4
2025-11-17T00:29:09.814301,00:29:09,-2812.04,-2812.04,4
2025-11-17T00:29:23.506512,00:29:23,-2776.53,-2776.53,4
2025-11-17T00:29:37.091502,00:29:37,-2808.41,-2808.41,4
2025-11-17T00:29:50.238524,00:29:50,-2847.25,-2847.25,4
2025-11-17T00:30:03.219789,00:30:03,-2878.46,-2878.46,4
2025-11-17T00:30:16.208773,00:30:16,-2895.46,-2895.46,4
2025-11-17T00:30:29.067784,00:30:29,-2823.84,-2823.84,4
2025-11-17T00:30:42.345601,00:30:42,-2740.58,-2740.58,4
2025-11-17T00:30:55.621266,00:30:55,-2641.25,-2641.25,4
2025-11-17T00:31:08.711022,00:31:08,-2376.57,-2376.57,4
2025-11-17T00:31:21.561458,00:31:21,-2272.46,-2272.46,4
2025-11-17T00:31:34.623636,00:31:34,-2221.36,-2221.36,4
2025-11-17T00:31:47.401364,00:31:47,-2236.38,-2236.38,4
2025-11-17T00:32:00.330179,00:32:00,-2251.92,-2251.92,4
2025-11-17T00:32:13.349940,00:32:13,-2401.49,-2401.49,4
2025-11-17T00:32:26.809557,00:32:26,-2394.54,-2394.54,4
2025-11-17T00:32:40.286303,00:32:40,-2358.15,-2358.15,4
2025-11-17T00:32:53.298949,00:32:53,-2308.99,-2308.99,4
2025-11-17T00:33:06.478260,00:33:06,-2452.9,-2452.9,4
2025-11-17T00:33:19.674369,00:33:19,-2371.56,-2371.56,4
2025-11-17T00:33:32.765598,00:33:32,-2376.81,-2376.81,4
2025-11-17T00:33:46.357294,00:33:46,-2336.44,-2336.44,4
2025-11-17T00:33:59.977236,00:33:59,-2300.98,-2300.98,4
2025-11-17T00:34:13.094406,00:34:13,-2284.93,-2284.93,4
2025-11-17T00:34:26.835781,00:34:26,-2270.01,-2270.01,4
2025-11-17T00:34:40.418083,00:34:40,-2284.73,-2284.73,4
2025-11-17T00:34:53.233324,00:34:53,-2292.1,-2292.1,4
2025-11-17T00:35:06.359115,00:35:06,-2183.59,-2183.59,4
2025-11-17T00:35:19.771674,00:35:19,-2126.28,-2126.28,4
2025-11-17T00:35:32.798376,00:35:32,-2053.8,-2053.8,4
2025-11-17T00:35:45.577769,00:35:45,-2081.11,-2081.11,4
2025-11-17T00:35:58.782091,00:35:58,-2021.45,-2021.45,4
2025-11-17T00:36:11.631220,00:36:11,-2002.98,-2002.98,4
2025-11-17T00:36:25.217278,00:36:25,-2073.08,-2073.08,4
2025-11-17T00:36:38.006688,00:36:38,-2186.48,-2186.48,4
2025-11-17T00:36:51.008458,00:36:51,-2182.27,-2182.27,4
2025-11-17T00:37:04.143760,00:37:04,-2187.77,-2187.77,4
2025-11-17T00:37:17.044427,00:37:17,-2166.76,-2166.76,4
2025-11-17T00:37:29.815916,00:37:29,-2133.17,-2133.17,4
2025-11-17T00:37:43.516753,00:37:43,-2167.13,-2167.13,4
2025-11-17T00:37:56.713569,00:37:56,-2261.09,-2261.09,4
2025-11-17T00:38:09.745468,00:38:09,-2249.7,-2249.7,4
2025-11-17T00:38:22.555377,00:38:22,-2139.72,-2139.72,4
2025-11-17T00:38:35.500111,00:38:35,-2303.56,-2303.56,4
2025-11-17T00:38:48.484441,00:38:48,-2258.92,-2258.92,4
2025-11-17T00:39:01.501039,00:39:01,-2267.74,-2267.74,4
2025-11-17T00:39:14.407733,00:39:14,-2318.45,-2318.45,4
2025-11-17T00:39:27.206331,00:39:27,-2070.82,-2070.82,4
2025-11-17T00:39:40.258079,00:39:40,-2103.81,-2103.81,4
2025-11-17T00:39:53.446409,00:39:53,-2188.13,-2188.13,4
2025-11-17T00:40:06.475509,00:40:06,-2198.01,-2198.01,4
2025-11-17T00:40:20.489180,00:40:20,-2124.11,-2124.11,4
2025-11-17T00:40:33.998625,00:40:33,-1861.12,-1861.12,4
2025-11-17T00:40:46.271778,00:40:46,-1743.95,-1743.95,4
2025-11-17T00:40:58.715718,00:40:58,-1401.27,-1401.27,4
2025-11-17T00:41:11.333410,00:41:11,-1289.32,-1289.32,4
2025-11-17T00:41:23.509634,00:41:23,-1569.6,-1569.6,4
2025-11-17T00:41:36.010996,00:41:36,-1450.44,-1450.44,4
2025-11-17T00:41:48.198353,00:41:48,-1528.77,-1528.77,4
2025-11-17T00:42:00.280490,00:42:00,-1527.99,-1527.99,4
2025-11-17T00:42:12.321538,00:42:12,-1681.53,-1681.53,4
2025-11-17T00:42:24.809800,00:42:24,-1792.52,-1792.52,4
2025-11-17T00:42:37.973919,00:42:37,-1691.42,-1691.42,4
2025-11-17T00:42:50.410831,00:42:50,-1554.58,-1554.58,4
2025-11-17T00:43:02.387038,00:43:02,-1457.65,-1457.65,4
2025-11-17T00:43:14.225085,00:43:14,-1251.28,-1251.28,4
2025-11-17T00:43:26.205508,00:43:26,-1443.94,-1443.94,4
2025-11-17T00:43:38.205303,00:43:38,-1399.46,-1399.46,4
2025-11-17T00:43:50.155405,00:43:50,-1425.42,-1425.42,4
2025-11-17T00:44:02.274775,00:44:02,-1426.43,-1426.43,4
2025-11-17T00:44:14.333019,00:44:14,-1367.22,-1367.22,4
2025-11-17T00:44:26.881743,00:44:26,-1378.85,-1378.85,4
2025-11-17T00:44:39.408587,00:44:39,-1324.01,-1324.01,4
2025-11-17T00:44:51.407148,00:44:51,-1340.79,-1340.79,4
2025-11-17T00:45:03.360498,00:45:03,-1249.66,-1249.66,4
2025-11-17T00:45:15.371390,00:45:15,-1125.52,-1125.52,4
2025-11-17T00:45:27.207226,00:45:27,-763.22,-763.22,4
2025-11-17T00:45:39.573448,00:45:39,-845.1,-845.1,4
2025-11-17T00:45:51.581528,00:45:51,-955.55,-955.55,4
2025-11-17T00:46:03.513093,00:46:03,-1068.13,-1068.13,4
2025-11-17T00:46:15.471940,00:46:15,-1000.36,-1000.36,4
2025-11-17T00:46:27.658027,00:46:27,-972.82,-972.82,4
2025-11-17T00:46:40.586061,00:46:40,-862.92,-862.92,4
2025-11-17T00:46:52.574504,00:46:52,-803.51,-803.51,4
2025-11-17T00:47:04.710525,00:47:04,-836.0,-836.0,4
2025-11-17T00:47:16.826367,00:47:16,-695.73,-695.73,4
2025-11-17T00:47:28.902273,00:47:28,-758.92,-758.92,4
2025-11-17T00:47:41.056205,00:47:41,-751.45,-751.45,4
2025-11-17T00:47:53.263391,00:47:53,-713.46,-713.46,4
2025-11-17T00:48:05.716778,00:48:05,-690.97,-690.97,4
2025-11-17T00:48:17.713724,00:48:17,-697.39,-697.39,4
2025-11-17T00:48:29.849028,00:48:29,-697.07,-697.07,4
2025-11-17T00:48:42.327076,00:48:42,-847.9,-847.9,4
2025-11-17T00:48:54.512231,00:48:54,-896.98,-896.98,4
2025-11-17T00:49:06.643824,00:49:06,-977.7,-977.7,4
2025-11-17T00:49:18.864964,00:49:18,-1068.05,-1068.05,4
2025-11-17T00:49:31.295831,00:49:31,-1090.43,-1090.43,4
2025-11-17T00:49:43.429976,00:49:43,-1205.03,-1205.03,4
2025-11-17T00:49:55.746572,00:49:55,-1169.31,-1169.31,4
2025-11-17T00:50:08.101043,00:50:08,-1186.31,-1186.31,4
2025-11-17T00:50:20.517341,00:50:20,-1188.56,-1188.56,4
2025-11-17T00:50:32.779682,00:50:32,-1247.72,-1247.72,4
2025-11-17T00:50:44.831736,00:50:44,-1219.61,-1219.61,4
2025-11-17T00:50:56.688397,00:50:56,-1249.49,-1249.49,4
2025-11-17T00:51:09.216131,00:51:09,-1525.12,-1525.12,4
2025-11-17T00:51:21.105336,00:51:21,-1485.03,-1485.03,4
2025-11-17T00:51:32.919659,00:51:32,-1454.86,-1454.86,4
2025-11-17T00:51:45.288565,00:51:45,-1432.26,-1432.26,4
2025-11-17T00:51:57.287415,00:51:57,-1376.08,-1376.08,4
2025-11-17T00:52:09.399651,00:52:09,-1378.59,-1378.59,4
2025-11-17T00:52:21.498354,00:52:21,-1388.69,-1388.69,4
2025-11-17T00:52:33.587556,00:52:33,-1398.22,-1398.22,4
2025-11-17T00:52:45.538627,00:52:45,-1362.08,-1362.08,4
2025-11-17T00:52:57.549624,00:52:57,-1369.4,-1369.4,4
2025-11-17T00:53:09.572217,00:53:09,-1524.87,-1524.87,4
2025-11-17T00:53:22.388020,00:53:22,-1484.8,-1484.8,4
2025-11-17T00:53:34.855762,00:53:34,-1493.54,-1493.54,4
2025-11-17T00:53:46.700481,00:53:46,-1527.23,-1527.23,4
2025-11-17T00:53:58.574825,00:53:58,-1550.42,-1550.42,4
2025-11-17T00:54:10.928077,00:54:10,-1544.69,-1544.69,4
2025-11-17T00:54:23.882381,00:54:23,-1551.0,-1551.0,4
2025-11-17T00:54:36.324648,00:54:36,-1594.56,-1594.56,4
2025-11-17T00:54:49.253621,00:54:49,-1863.82,-1863.82,4
2025-11-17T00:55:02.273989,00:55:02,-1957.62,-1957.62,4
2025-11-17T00:55:15.114068,00:55:15,-1806.47,-1806.47,4
2025-11-17T00:55:28.568936,00:55:28,-1685.23,-1685.23,4
2025-11-17T00:55:41.508772,00:55:41,-1680.23,-1680.23,4
2025-11-17T00:55:54.578682,00:55:54,-1624.82,-1624.82,4
2025-11-17T00:56:07.394030,00:56:07,-1512.59,-1512.59,4
2025-11-17T00:56:20.579952,00:56:20,-1582.35,-1582.35,4
2025-11-17T00:56:33.396840,00:56:33,-1505.73,-1505.73,4
2025-11-17T00:56:45.743152,00:56:45,-1463.07,-1463.07,4
2025-11-17T00:56:58.302768,00:56:58,-1448.39,-1448.39,4
2025-11-17T00:57:10.100324,00:57:10,-1441.76,-1441.76,4
2025-11-17T00:57:22.015457,00:57:22,-1381.11,-1381.11,4
2025-11-17T00:57:34.666201,00:57:34,-1385.77,-1385.77,4
2025-11-17T00:57:47.150168,00:57:47,-1306.96,-1306.96,4
2025-11-17T00:57:59.516121,00:57:59,-1285.27,-1285.27,4
2025-11-17T00:58:11.671112,00:58:11,-1135.51,-1135.51,4
2025-11-17T00:58:23.840980,00:58:23,-1172.25,-1172.25,4
2025-11-17T00:58:35.973648,00:58:35,-1121.33,-1121.33,4
2025-11-17T00:58:48.303584,00:58:48,-1149.89,-1149.89,4
2025-11-17T00:59:00.512295,00:59:00,-1211.32,-1211.32,4
2025-11-17T00:59:12.777480,00:59:12,-1367.49,-1367.49,4
2025-11-17T00:59:25.007627,00:59:25,-1329.91,-1329.91,4
2025-11-17T00:59:37.067980,00:59:37,-1279.45,-1279.45,4
2025-11-17T00:59:49.125399,00:59:49,-1241.51,-1241.51,4
2025-11-17T01:00:01.378007,01:00:01,-1133.52,-1133.52,4
2025-11-17T01:00:13.311157,01:00:13,-1206.04,-1206.04,4
2025-11-17T01:00:26.079151,01:00:26,-1246.69,-1246.69,4
2025-11-17T01:00:37.987004,01:00:37,-1231.78,-1231.78,4
2025-11-17T01:00:50.512997,01:00:50,-1249.52,-1249.52,4
2025-11-17T01:01:02.661354,01:01:02,-1234.67,-1234.67,4
2025-11-17T01:01:14.674553,01:01:14,-1258.66,-1258.66,4
2025-11-17T01:01:26.668053,01:01:26,-1278.23,-1278.23,4
2025-11-17T01:01:39.370658,01:01:39,-1311.68,-1311.68,4
2025-11-17T01:01:51.822594,01:01:51,-1307.81,-1307.81,4
2025-11-17T01:02:03.859046,01:02:03,-1315.73,-1315.73,4
2025-11-17T01:02:16.208640,01:02:16,-1352.31,-1352.31,4
2025-11-17T01:02:28.235044,01:02:28,-1282.27,-1282.27,4
2025-11-17T01:02:40.709986,01:02:40,-1223.61,-1223.61,4
2025-11-17T01:02:53.659686,01:02:53,-1134.86,-1134.86,4
2025-11-17T01:03:06.086804,01:03:06,-1002.2,-1002.2,4
2025-11-17T01:03:18.359504,01:03:18,-963.42,-963.42,4
2025-11-17T01:03:30.744470,01:03:30,-918.36,-918.36,4
2025-11-17T01:03:42.655844,01:03:42,-792.48,-792.48,4
2025-11-17T01:03:54.824642,01:03:54,-847.81,-847.81,4
2025-11-17T01:04:07.448201,01:04:07,-864.58,-864.58,4
2025-11-17T01:04:20.313386,01:04:20,-904.36,-904.36,4
2025-11-17T01:04:32.269207,01:04:32,-817.61,-817.61,4
2025-11-17T01:04:44.777952,01:04:44,-856.88,-856.88,4
2025-11-17T01:04:56.594976,01:04:56,-845.32,-845.32,4
2025-11-17T01:05:09.323316,01:05:09,-822.67,-822.67,4
2025-11-17T01:05:21.432219,01:05:21,-799.5,-799.5,4
2025-11-17T01:05:33.851445,01:05:33,-766.59,-766.59,4
2025-11-17T01:05:46.604577,01:05:46,-753.15,-753.15,4
2025-11-17T01:05:58.495250,01:05:58,-953.16,-953.16,4
2025-11-17T01:06:10.908740,01:06:10,-1036.14,-1036.14,4
2025-11-17T01:06:23.408916,01:06:23,-1053.38,-1053.38,4
2025-11-17T01:06:35.810995,01:06:35,-1067.02,-1067.02,4
2025-11-17T01:06:48.049904,01:06:48,-919.28,-919.28,4
2025-11-17T01:07:00.527202,01:07:00,-960.88,-960.88,4
2025-11-17T01:07:12.654575,01:07:12,-969.7,-969.7,4
2025-11-17T01:07:25.354150,01:07:25,-906.2,-906.2,4
2025-11-17T01:07:37.294638,01:07:37,-863.48,-863.48,4
2025-11-17T01:07:49.371086,01:07:49,-932.79,-932.79,4
2025-11-17T01:08:01.979402,01:08:01,-910.16,-910.16,4
2025-11-17T01:08:14.253288,01:08:14,-920.34,-920.34,4
2025-11-17T01:08:26.755049,01:08:26,-1007.68,-1007.68,4
2025-11-17T01:08:38.918815,01:08:38,-1204.18,-1204.18,4
2025-11-17T01:08:51.073323,01:08:51,-1305.96,-1305.96,4
2025-11-17T01:09:03.302019,01:09:03,-1404.54,-1404.54,4
2025-11-17T01:09:15.313882,01:09:15,-1378.09,-1378.09,4
2025-11-17T01:09:28.135690,01:09:28,-1490.77,-1490.77,4
2025-11-17T01:09:40.623835,01:09:40,-1398.79,-1398.79,4
2025-11-17T01:09:52.498677,01:09:52,-1487.13,-1487.13,4
2025-11-17T01:10:04.819156,01:10:04,-1581.43,-1581.43,4
2025-11-17T01:10:17.646640,01:10:17,-1564.3,-1564.3,4
2025-11-17T01:10:30.730552,01:10:30,-1568.88,-1568.88,4
2025-11-17T01:10:44.171767,01:10:44,-1723.21,-1723.21,4
2025-11-17T01:10:57.714223,01:10:57,-1754.47,-1754.47,4
2025-11-17T01:11:10.662491,01:11:10,-1828.92,-1828.92,4
2025-11-17T01:11:24.111970,01:11:24,-1734.24,-1734.24,4
2025-11-17T01:11:37.091984,01:11:37,-1628.99,-1628.99,4
2025-11-17T01:11:50.471061,01:11:50,-1696.75,-1696.75,4
2025-11-17T01:12:03.389550,01:12:03,-1837.12,-1837.12,4
2025-11-17T01:12:16.919738,01:12:16,-1862.26,-1862.26,4
2025-11-17T01:12:30.049978,01:12:30,-1787.08,-1787.08,4
2025-11-17T01:12:42.707008,01:12:42,-2028.06,-2028.06,4
2025-11-17T01:12:55.739667,01:12:55,-1947.39,-1947.39,4
2025-11-17T01:13:08.553415,01:13:08,-1976.76,-1976.76,4
2025-11-17T01:13:21.886848,01:13:21,-1929.31,-1929.31,4
2025-11-17T01:13:34.829915,01:13:34,-1863.87,-1863.87,4
2025-11-17T01:13:47.861310,01:13:47,-1870.21,-1870.21,4
2025-11-17T01:14:00.674561,01:14:00,-1829.52,-1829.52,4
2025-11-17T01:14:13.447992,01:14:13,-1832.07,-1832.07,4
2025-11-17T01:14:26.358381,01:14:26,-1775.62,-1775.62,4
2025-11-17T01:14:39.304292,01:14:39,-1845.5,-1845.5,4
2025-11-17T01:14:52.481867,01:14:52,-1796.96,-1796.96,4
2025-11-17T01:15:05.094236,01:15:05,-1799.04,-1799.04,4
2025-11-17T01:15:18.037564,01:15:18,-1831.11,-1831.11,4
2025-11-17T01:15:31.052509,01:15:31,-1786.82,-1786.82,4
2025-11-17T01:15:44.029341,01:15:44,-1845.7,-1845.7,4
2025-11-17T01:15:57.436519,01:15:57,-1830.6,-1830.6,4
2025-11-17T01:16:10.844779,01:16:10,-1649.3,-1649.3,4
2025-11-17T01:16:24.282588,01:16:24,-1598.91,-1598.91,4
2025-11-17T01:16:37.804781,01:16:37,-1709.3,-1709.3,4
2025-11-17T01:16:51.472957,01:16:51,-1770.77,-1770.77,4
2025-11-17T01:17:04.446636,01:17:04,-1752.59,-1752.59,4
2025-11-17T01:17:17.628993,01:17:17,-1719.5,-1719.5,4
2025-11-17T01:17:31.674351,01:17:31,-1806.5,-1806.5,4
2025-11-17T01:17:45.898335,01:17:45,-1826.07,-1826.07,4
2025-11-17T01:18:00.476800,01:18:00,-1799.23,-1799.23,4
2025-11-17T01:18:14.982610,01:18:14,-1694.82,-1694.82,4
2025-11-17T01:18:29.405904,01:18:29,-1673.16,-1673.16,4
2025-11-17T01:18:43.366486,01:18:43,-1671.48,-1671.48,4
2025-11-17T01:18:56.837696,01:18:56,-1694.51,-1694.51,4
2025-11-17T01:19:11.093356,01:19:11,-1693.64,-1693.64,4
2025-11-17T01:19:25.230241,01:19:25,-1595.77,-1595.77,4
2025-11-17T01:19:39.368882,01:19:39,-1568.94,-1568.94,4
2025-11-17T01:19:53.441323,01:19:53,-1537.05,-1537.05,4
2025-11-17T01:20:07.266909,01:20:07,-1452.15,-1452.15,4
2025-11-17T01:20:21.301421,01:20:21,-1417.38,-1417.38,4
2025-11-17T01:20:34.968552,01:20:34,-1414.89,-1414.89,4
2025-11-17T01:20:48.738705,01:20:48,-1588.96,-1588.96,4
2025-11-17T01:21:02.493199,01:21:02,-1517.54,-1517.54,4
2025-11-17T01:21:15.977385,01:21:15,-1354.87,-1354.87,4
2025-11-17T01:21:28.720568,01:21:28,-1348.88,-1348.88,4
2025-11-17T01:21:42.271935,01:21:42,-1467.68,-1467.68,4
2025-11-17T01:21:55.325825,01:21:55,-1500.3,-1500.3,4
2025-11-17T01:22:08.295449,01:22:08,-1524.94,-1524.94,4
2025-11-17T01:22:22.361790,01:22:22,-1739.57,-1739.57,4
2025-11-17T01:22:36.370018,01:22:36,-1722.74,-1722.74,4
2025-11-17T01:22:50.300251,01:22:50,-1745.94,-1745.94,4
2025-11-17T01:23:04.415792,01:23:04,-1797.1,-1797.1,4
2025-11-17T01:23:18.207083,01:23:18,-2066.8,-2066.8,4
2025-11-17T01:23:32.938281,01:23:32,-2148.66,-2148.66,4
2025-11-17T01:23:46.650676,01:23:46,-2314.79,-2314.79,4
2025-11-17T01:24:00.729296,01:24:00,-2181.34,-2181.34,4
2025-11-17T01:24:15.505435,01:24:15,-2374.25,-2374.25,4
2025-11-17T01:24:29.373475,01:24:29,-2344.27,-2344.27,4
2025-11-17T01:24:43.479938,01:24:43,-2322.29,-2322.29,4
2025-11-17T01:24:57.521682,01:24:57,-2310.87,-2310.87,4
2025-11-17T01:25:11.123754,01:25:11,-2371.76,-2371.76,4
2025-11-17T01:25:25.459459,01:25:25,-2324.55,-2324.55,4
2025-11-17T01:25:39.199527,01:25:39,-2362.7,-2362.7,4
2025-11-17T01:25:53.779355,01:25:53,-2356.24,-2356.24,4
2025-11-17T01:26:07.975501,01:26:07,-2340.38,-2340.38,4
2025-11-17T01:26:21.735236,01:26:21,-2387.04,-2387.04,4
2025-11-17T01:26:36.344209,01:26:36,-2457.02,-2457.02,4
2025-11-17T01:26:50.389397,01:26:50,-2444.98,-2444.98,4
2025-11-17T01:27:04.226929,01:27:04,-2544.3,-2544.3,4
2025-11-17T01:27:18.456622,01:27:18,-2532.12,-2532.12,4
2025-11-17T01:27:32.727261,01:27:32,-2495.26,-2495.26,4
2025-11-17T01:27:47.430195,01:27:47,-2516.33,-2516.33,4
2025-11-17T01:28:01.626923,01:28:01,-2477.36,-2477.36,4
2025-11-17T01:28:16.149991,01:28:16,-2534.43,-2534.43,4
2025-11-17T01:28:30.161758,01:28:30,-2492.96,-2492.96,4
2025-11-17T01:28:44.697138,01:28:44,-2498.04,-2498.04,4
2025-11-17T01:28:58.645282,01:28:58,-2512.5,-2512.5,4
2025-11-17T01:29:12.579573,01:29:12,-2525.17,-2525.17,4
2025-11-17T01:29:26.300699,01:29:26,-2546.77,-2546.77,4
2025-11-17T01:29:39.918080,01:29:39,-2507.91,-2507.91,4
2025-11-17T01:29:54.436386,01:29:54,-2463.93,-2463.93,4
2025-11-17T01:30:08.507132,01:30:08,-2435.26,-2435.26,4
2025-11-17T01:30:22.187529,01:30:22,-2492.85,-2492.85,4
2025-11-17T01:30:36.395419,01:30:36,-2557.33,-2557.33,4
2025-11-17T01:30:50.456322,01:30:50,-2518.22,-2518.22,4
2025-11-17T01:31:05.410387,01:31:05,-2470.83,-2470.83,4
2025-11-17T01:31:19.503352,01:31:19,-2384.3,-2384.3,4
2025-11-17T01:31:33.685775,01:31:33,-2351.57,-2351.57,4
2025-11-17T01:31:47.512069,01:31:47,-2237.42,-2237.42,4
2025-11-17T01:32:01.467626,01:32:01,-2262.18,-2262.18,4
2025-11-17T01:32:15.566131,01:32:15,-2416.91,-2416.91,4
2025-11-17T01:32:29.553609,01:32:29,-2435.45,-2435.45,4
2025-11-17T01:32:44.254072,01:32:44,-2422.79,-2422.79,4
2025-11-17T01:32:59.013496,01:32:59,-2424.11,-2424.11,4
2025-11-17T01:33:13.378181,01:33:13,-2344.78,-2344.78,4
2025-11-17T01:33:27.948361,01:33:27,-2234.45,-2234.45,4
2025-11-17T01:33:41.697155,01:33:41,-2306.69,-2306.69,4
2025-11-17T01:33:55.536921,01:33:55,-2263.11,-2263.11,4
2025-11-17T01:34:10.489802,01:34:10,-2163.42,-2163.42,4
2025-11-17T01:34:24.830444,01:34:24,-2107.59,-2107.59,4
2025-11-17T01:34:38.843554,01:34:38,-1869.93,-1869.93,4
2025-11-17T01:34:52.479886,01:34:52,-1745.57,-1745.57,4
2025-11-17T01:35:06.677332,01:35:06,-1738.22,-1738.22,4
2025-11-17T01:35:21.310401,01:35:21,-1781.47,-1781.47,4
2025-11-17T01:35:35.255333,01:35:35,-1930.51,-1930.51,4
2025-11-17T01:35:49.451134,01:35:49,-1820.39,-1820.39,4
2025-11-17T01:36:03.283013,01:36:03,-1703.85,-1703.85,4
2025-11-17T01:36:17.486676,01:36:17,-1679.02,-1679.02,4
2025-11-17T01:36:31.336081,01:36:31,-1604.97,-1604.97,4
2025-11-17T01:36:45.764902,01:36:45,-1518.46,-1518.46,4
2025-11-17T01:36:59.396497,01:36:59,-1457.95,-1457.95,4
2025-11-17T01:37:13.429594,01:37:13,-1601.1,-1601.1,4
2025-11-17T01:37:28.349995,01:37:28,-1508.83,-1508.83,4
2025-11-17T01:37:41.168979,01:37:41,-1444.96,-1444.96,4
2025-11-17T01:37:54.684776,01:37:54,-1481.12,-1481.12,4
2025-11-17T01:38:08.220437,01:38:08,-1431.71,-1431.71,4
2025-11-17T01:38:21.279813,01:38:21,-1470.29,-1470.29,4
2025-11-17T01:38:35.033060,01:38:35,-1496.21,-1496.21,4
2025-11-17T01:38:48.092704,01:38:48,-1455.08,-1455.08,4
2025-11-17T01:39:01.309341,01:39:01,-1326.93,-1326.93,4
2025-11-17T01:39:14.541636,01:39:14,-1298.15,-1298.15,4
2025-11-17T01:39:27.849405,01:39:27,-1357.68,-1357.68,4
2025-11-17T01:39:40.972145,01:39:40,-1340.08,-1340.08,4
2025-11-17T01:39:54.179163,01:39:54,-1223.9,-1223.9,4
2025-11-17T01:40:07.513046,01:40:07,-1317.5,-1317.5,4
2025-11-17T01:40:20.778707,01:40:20,-1246.09,-1246.09,4
2025-11-17T01:40:34.142041,01:40:34,-1197.97,-1197.97,4
2025-11-17T01:40:47.654664,01:40:47,-1159.44,-1159.44,4
2025-11-17T01:41:00.814811,01:41:00,-1122.98,-1122.98,4
2025-11-17T01:41:13.991524,01:41:13,-1113.58,-1113.58,4
2025-11-17T01:41:27.441937,01:41:27,-1115.96,-1115.96,4
2025-11-17T01:41:40.550877,01:41:40,-981.19,-981.19,4
2025-11-17T01:41:53.374411,01:41:53,-996.42,-996.42,4
2025-11-17T01:42:06.595502,01:42:06,-1032.86,-1032.86,4
2025-11-17T01:42:20.636744,01:42:20,-984.67,-984.67,4
2025-11-17T01:42:34.284695,01:42:34,-964.7,-964.7,4
2025-11-17T01:42:47.330198,01:42:47,-923.15,-923.15,4
2025-11-17T01:43:01.078620,01:43:01,-928.2,-928.2,4
2025-11-17T01:43:14.636006,01:43:14,-915.18,-915.18,4
2025-11-17T01:43:28.696173,01:43:28,-895.51,-895.51,4
2025-11-17T01:43:42.269044,01:43:42,-995.48,-995.48,4
2025-11-17T01:43:55.771419,01:43:55,-979.92,-979.92,4
2025-11-17T01:44:09.237557,01:44:09,-945.28,-945.28,4
2025-11-17T01:44:22.589994,01:44:22,-960.57,-960.57,4
2025-11-17T01:44:36.316656,01:44:36,-1002.71,-1002.71,4
2025-11-17T01:44:49.483485,01:44:49,-986.94,-986.94,4
2025-11-17T01:45:02.768698,01:45:02,-1008.14,-1008.14,4
2025-11-17T01:45:15.956398,01:45:15,-1125.68,-1125.68,4
2025-11-17T01:45:29.271289,01:45:29,-1153.55,-1153.55,4
2025-11-17T01:45:42.395365,01:45:42,-1138.27,-1138.27,4
2025-11-17T01:45:55.543184,01:45:55,-1212.13,-1212.13,4
2025-11-17T01:46:09.163595,01:46:09,-1273.87,-1273.87,4
2025-11-17T01:46:22.874080,01:46:22,-1175.09,-1175.09,4
2025-11-17T01:46:36.138723,01:46:36,-1112.24,-1112.24,4
2025-11-17T01:46:49.217642,01:46:49,-1127.32,-1127.32,4
2025-11-17T01:47:02.738576,01:47:02,-1159.52,-1159.52,4
2025-11-17T01:47:15.746448,01:47:15,-1135.58,-1135.58,4
2025-11-17T01:47:28.849638,01:47:28,-1285.66,-1285.66,4
2025-11-17T01:47:42.412918,01:47:42,-1315.07,-1315.07,4
2025-11-17T01:47:55.737004,01:47:55,-1410.75,-1410.75,4
2025-11-17T01:48:09.458669,01:48:09,-1585.41,-1585.41,4
2025-11-17T01:48:23.676092,01:48:23,-1586.54,-1586.54,4
2025-11-17T01:48:37.381482,01:48:37,-1646.61,-1646.61,4
2025-11-17T01:48:51.317979,01:48:51,-1617.85,-1617.85,4
2025-11-17T01:49:05.480051,01:49:05,-1535.17,-1535.17,4
2025-11-17T01:49:20.257903,01:49:20,-1477.3,-1477.3,4
2025-11-17T01:49:33.161648,01:49:33,-1457.25,-1457.25,4
2025-11-17T01:49:46.368673,01:49:46,-1522.12,-1522.12,4
2025-11-17T01:49:59.300329,01:49:59,-1513.97,-1513.97,4
2025-11-17T01:50:12.422079,01:50:12,-1488.16,-1488.16,4
2025-11-17T01:50:25.685246,01:50:25,-1410.75,-1410.75,4
2025-11-17T01:50:39.406338,01:50:39,-1388.85,-1388.85,4
2025-11-17T01:50:52.488463,01:50:52,-1423.44,-1423.44,4
2025-11-17T01:51:05.669675,01:51:05,-1390.27,-1390.27,4
2025-11-17T01:51:18.898782,01:51:18,-1388.74,-1388.74,4
2025-11-17T01:51:32.747384,01:51:32,-1326.86,-1326.86,4
2025-11-17T01:51:45.811194,01:51:45,-1287.63,-1287.63,4
2025-11-17T01:51:58.968316,01:51:58,-1243.83,-1243.83,4
2025-11-17T01:52:12.493956,01:52:12,-1265.25,-1265.25,4
2025-11-17T01:52:25.939846,01:52:25,-1222.0,-1222.0,4
2025-11-17T01:52:39.292374,01:52:39,-1201.63,-1201.63,4
2025-11-17T01:52:52.057154,01:52:52,-1180.23,-1180.23,4
2025-11-17T01:53:04.928044,01:53:04,-1152.11,-1152.11,4
2025-11-17T01:53:17.996125,01:53:17,-973.13,-973.13,4
2025-11-17T01:53:31.414329,01:53:31,-965.31,-965.31,4
2025-11-17T01:53:45.377801,01:53:45,-1056.66,-1056.66,4
2025-11-17T01:53:58.599750,01:53:58,-1087.01,-1087.01,4
2025-11-17T01:54:11.414985,01:54:11,-1069.56,-1069.56,4
2025-11-17T01:54:24.679081,01:54:24,-1035.29,-1035.29,4
2025-11-17T01:54:37.821968,01:54:37,-910.33,-910.33,4
2025-11-17T01:54:51.508654,01:54:51,-881.17,-881.17,4
2025-11-17T01:55:05.337443,01:55:05,-942.06,-942.06,4
2025-11-17T01:55:19.133427,01:55:19,-662.8,-662.8,4
2025-11-17T01:55:32.859454,01:55:32,-428.09,-428.09,4
2025-11-17T01:55:46.050942,01:55:46,-296.6,-296.6,4
2025-11-17T01:55:59.304636,01:55:59,-496.8,-496.8,4
2025-11-17T01:56:12.818438,01:56:12,-472.49,-472.49,4
2025-11-17T01:56:25.969052,01:56:25,-448.13,-448.13,4
2025-11-17T01:56:39.192922,01:56:39,-278.04,-278.04,4
2025-11-17T01:56:52.023453,01:56:52,-291.37,-291.37,4
2025-11-17T01:57:05.658337,01:57:05,-368.99,-368.99,4
2025-11-17T01:57:19.698773,01:57:19,-285.43,-285.43,4
2025-11-17T01:57:33.589240,01:57:33,-191.61,-191.61,4
2025-11-17T01:57:46.615060,01:57:46,-59.04,-59.04,4
2025-11-17T01:58:00.292987,01:58:00,-81.3,-81.3,4
2025-11-17T01:58:13.776496,01:58:13,-62.28,-62.28,4
2025-11-17T01:58:27.500345,01:58:27,33.95,33.95,4
2025-11-17T01:58:41.059633,01:58:41,71.64,71.64,4
2025-11-17T01:58:54.518182,01:58:54,32.13,32.13,4
2025-11-17T01:59:08.373127,01:59:08,163.34,163.34,4
2025-11-17T01:59:21.676252,01:59:21,-105.59,-105.59,4
2025-11-17T01:59:34.785121,01:59:34,-56.18,-56.18,4
2025-11-17T01:59:47.885814,01:59:47,29.27,29.27,4
2025-11-17T02:00:01.105861,02:00:01,-40.58,-40.58,4
2025-11-17T02:00:14.389575,02:00:14,38.49,38.49,4
2025-11-17T02:00:27.701833,02:00:27,59.45,59.45,4
2025-11-17T02:00:40.988527,02:00:40,-101.87,-101.87,4
2025-11-17T02:00:54.574601,02:00:54,-119.83,-119.83,4
2025-11-17T02:01:07.637890,02:01:07,-124.78,-124.78,4
2025-11-17T02:01:21.611513,02:01:21,-12.17,-12.17,4
2025-11-17T02:01:35.574116,02:01:35,-1.4,-1.4,4
2025-11-17T02:01:49.045105,02:01:49,66.75,66.75,4
2025-11-17T02:02:02.716017,02:02:02,-54.1,-54.1,4
2025-11-17T02:02:16.226584,02:02:16,-128.33,-128.33,4
2025-11-17T02:02:29.566609,02:02:29,-212.84,-212.84,4
2025-11-17T02:02:42.499850,02:02:42,-245.08,-245.08,4
2025-11-17T02:02:56.494357,02:02:56,-233.07,-233.07,4
2025-11-17T02:03:10.387444,02:03:10,-324.95,-324.95,4
2025-11-17T02:03:23.646690,02:03:23,-229.41,-229.41,4
2025-11-17T02:03:36.557581,02:03:36,-376.7,-376.7,4
2025-11-17T02:03:49.910776,02:03:49,-436.46,-436.46,4
2025-11-17T02:04:02.883029,02:04:02,-555.75,-555.75,4
2025-11-17T02:04:15.922637,02:04:15,-480.14,-480.14,4
2025-11-17T02:04:29.717801,02:04:29,-513.68,-513.68,4
2025-11-17T02:04:43.196562,02:04:43,-582.21,-582.21,4
2025-11-17T02:04:56.422387,02:04:56,-588.02,-588.02,4
2025-11-17T02:05:09.527429,02:05:09,-619.27,-619.27,4
2025-11-17T02:05:22.594328,02:05:22,-598.59,-598.59,4
2025-11-17T02:05:36.334222,02:05:36,-635.49,-635.49,4
2025-11-17T02:05:49.444541,02:05:49,-628.84,-628.84,4
2025-11-17T02:06:02.887078,02:06:02,-608.34,-608.34,4
2025-11-17T02:06:16.530176,02:06:16,-471.2,-471.2,4
2025-11-17T02:06:29.276351,02:06:29,-432.15,-432.15,4
2025-11-17T02:06:42.421955,02:06:42,-502.09,-502.09,4
2025-11-17T02:06:55.940883,02:06:55,-500.43,-500.43,4
2025-11-17T02:07:09.382216,02:07:09,-593.01,-593.01,4
2025-11-17T02:07:22.173602,02:07:22,-525.32,-525.32,4
2025-11-17T02:07:35.782655,02:07:35,-513.4,-513.4,4
2025-11-17T02:07:49.456292,02:07:49,-513.04,-513.04,4
2025-11-17T02:08:03.096067,02:08:03,-531.84,-531.84,4
2025-11-17T02:08:16.362101,02:08:16,-616.56,-616.56,4
2025-11-17T02:08:29.264206,02:08:29,-635.65,-635.65,4
2025-11-17T02:08:42.382122,02:08:42,-660.03,-660.03,4
2025-11-17T02:08:55.793384,02:08:55,-721.45,-721.45,4
2025-11-17T02:09:09.318442,02:09:09,-802.45,-802.45,4
2025-11-17T02:09:22.945788,02:09:22,-740.56,-740.56,4
2025-11-17T02:09:36.184346,02:09:36,-718.97,-718.97,4
2025-11-17T02:09:49.583087,02:09:49,-796.63,-796.63,4
2025-11-17T02:10:02.507971,02:10:02,-932.63,-932.63,4
2025-11-17T02:10:15.713339,02:10:15,-1014.26,-1014.26,4
2025-11-17T02:10:29.122696,02:10:29,-974.35,-974.35,4
2025-11-17T02:10:41.999369,02:10:41,-985.09,-985.09,4
2025-11-17T02:10:54.765883,02:10:54,-927.68,-927.68,4
2025-11-17T02:11:07.564160,02:11:07,-916.18,-916.18,4
2025-11-17T02:11:20.878366,02:11:20,-861.85,-861.85,4
2025-11-17T02:11:34.356194,02:11:34,-927.59,-927.59,4
2025-11-17T02:11:47.847010,02:11:47,-911.17,-911.17,4
2025-11-17T02:12:00.929224,02:12:00,-957.23,-957.23,4
2025-11-17T02:12:14.402134,02:12:14,-1034.92,-1034.92,4
2025-11-17T02:12:27.549007,02:12:27,-1032.47,-1032.47,4
2025-11-17T02:12:40.676123,02:12:40,-1114.58,-1114.58,4
2025-11-17T02:12:54.285543,02:12:54,-1148.7,-1148.7,4
2025-11-17T02:13:07.865821,02:13:07,-1116.44,-1116.44,4
2025-11-17T02:13:21.783403,02:13:21,-998.68,-998.68,4
2025-11-17T02:13:34.460474,02:13:34,-1032.69,-1032.69,4
2025-11-17T02:13:47.731927,02:13:47,-1014.82,-1014.82,4
2025-11-17T02:14:00.624311,02:14:00,-1000.91,-1000.91,4
2025-11-17T02:14:13.826735,02:14:13,-1028.31,-1028.31,4
2025-11-17T02:14:26.715757,02:14:26,-1143.94,-1143.94,4
2025-11-17T02:14:39.686636,02:14:39,-1033.07,-1033.07,4
2025-11-17T02:14:52.612778,02:14:52,-1052.26,-1052.26,4
2025-11-17T02:15:05.837018,02:15:05,-1102.56,-1102.56,4
2025-11-17T02:15:19.573705,02:15:19,-1149.02,-1149.02,4
2025-11-17T02:15:33.398970,02:15:33,-1087.66,-1087.66,4
2025-11-17T02:15:47.002174,02:15:47,-1133.04,-1133.04,4
2025-11-17T02:15:59.994146,02:15:59,-1186.26,-1186.26,4
2025-11-17T02:16:13.388483,02:16:13,-1194.94,-1194.94,4
2025-11-17T02:16:26.403189,02:16:26,-1250.5,-1250.5,4
2025-11-17T02:16:39.293072,02:16:39,-1236.53,-1236.53,4
2025-11-17T02:16:52.442212,02:16:52,-1252.64,-1252.64,4
2025-11-17T02:17:05.490501,02:17:05,-1271.13,-1271.13,4
2025-11-17T02:17:18.524777,02:17:18,-1195.96,-1195.96,4
2025-11-17T02:17:31.542153,02:17:31,-1099.66,-1099.66,4
2025-11-17T02:17:44.722375,02:17:44,-1015.91,-1015.91,4
2025-11-17T02:17:58.283326,02:17:58,-998.88,-998.88,4
2025-11-17T02:18:11.810935,02:18:11,-1068.93,-1068.93,4
2025-11-17T02:18:25.733361,02:18:25,-1095.09,-1095.09,4
2025-11-17T02:18:39.162479,02:18:39,-1034.61,-1034.61,4
2025-11-17T02:18:52.432765,02:18:52,-1090.01,-1090.01,4
2025-11-17T02:19:05.462796,02:19:05,-1109.44,-1109.44,4
2025-11-17T02:19:18.502294,02:19:18,-1150.54,-1150.54,4
2025-11-17T02:19:32.279830,02:19:32,-1149.12,-1149.12,4
2025-11-17T02:19:45.532313,02:19:45,-1213.45,-1213.45,4
2025-11-17T02:19:59.282717,02:19:59,-1205.33,-1205.33,4
2025-11-17T02:20:12.398348,02:20:12,-1294.71,-1294.71,4
2025-11-17T02:20:26.401409,02:20:26,-1369.83,-1369.83,4
2025-11-17T02:20:40.317854,02:20:40,-1315.63,-1315.63,4
2025-11-17T02:20:53.160026,02:20:53,-1307.85,-1307.85,4
2025-11-17T02:21:06.487634,02:21:06,-1381.49,-1381.49,4
2025-11-17T02:21:19.965213,02:21:19,-1467.51,-1467.51,4
2025-11-17T02:21:33.135236,02:21:33,-1492.15,-1492.15,4
2025-11-17T02:21:46.195256,02:21:46,-1520.72,-1520.72,4
2025-11-17T02:21:59.073687,02:21:59,-1437.43,-1437.43,4
2025-11-17T02:22:12.223641,02:22:12,-1378.64,-1378.64,4
2025-11-17T02:22:25.299913,02:22:25,-1423.28,-1423.28,4
2025-11-17T02:22:38.700713,02:22:38,-1410.74,-1410.74,4
2025-11-17T02:22:51.964114,02:22:51,-1462.16,-1462.16,4
2025-11-17T02:23:05.720825,02:23:05,-1403.68,-1403.68,4
2025-11-17T02:23:18.416705,02:23:18,-1440.33,-1440.33,4
2025-11-17T02:23:31.563437,02:23:31,-1448.05,-1448.05,4
2025-11-17T02:23:44.925997,02:23:44,-1430.9,-1430.9,4
2025-11-17T02:23:58.539001,02:23:58,-1546.54,-1546.54,4
2025-11-17T02:24:11.186361,02:24:11,-1542.07,-1542.07,4
2025-11-17T02:24:24.147192,02:24:24,-1513.05,-1513.05,4
2025-11-17T02:24:37.375447,02:24:37,-1469.87,-1469.87,4
2025-11-17T02:24:50.479376,02:24:50,-1454.38,-1454.38,4
2025-11-17T02:25:03.359756,02:25:03,-1463.74,-1463.74,4
2025-11-17T02:25:16.561616,02:25:16,-1464.91,-1464.91,4
2025-11-17T02:25:29.987072,02:25:29,-1466.56,-1466.56,4
2025-11-17T02:25:43.399690,02:25:43,-1462.55,-1462.55,4
2025-11-17T02:25:56.268186,02:25:56,-1474.35,-1474.35,4
2025-11-17T02:26:09.403581,02:26:09,-1497.54,-1497.54,4
2025-11-17T02:26:22.437196,02:26:22,-1485.37,-1485.37,4
2025-11-17T02:26:35.515291,02:26:35,-1409.63,-1409.63,4
2025-11-17T02:26:48.508791,02:26:48,-1411.26,-1411.26,4
2025-11-17T02:27:01.929954,02:27:01,-1434.1,-1434.1,4
2025-11-17T02:27:14.307452,02:27:14,-1414.96,-1414.96,4
2025-11-17T02:27:27.273336,02:27:27,-1343.24,-1343.24,4
2025-11-17T02:27:40.535873,02:27:40,-1389.14,-1389.14,4
2025-11-17T02:27:53.676848,02:27:53,-1346.3,-1346.3,4
2025-11-17T02:28:06.738187,02:28:06,-1401.73,-1401.73,4
2025-11-17T02:28:19.787272,02:28:19,-1414.13,-1414.13,4
2025-11-17T02:28:32.840727,02:28:32,-1422.02,-1422.02,4
2025-11-17T02:28:46.283744,02:28:46,-1438.3,-1438.3,4
2025-11-17T02:28:59.199986,02:28:59,-1479.66,-1479.66,4
2025-11-17T02:29:13.004207,02:29:13,-1494.74,-1494.74,4
2025-11-17T02:29:26.347295,02:29:26,-1500.8,-1500.8,4
2025-11-17T02:29:40.746789,02:29:40,-1653.64,-1653.64,4
2025-11-17T02:29:54.748189,02:29:54,-1927.9,-1927.9,4
2025-11-17T02:30:08.673178,02:30:08,-1837.84,-1837.84,4
2025-11-17T02:30:22.546678,02:30:22,-1845.0,-1845.0,4
2025-11-17T02:30:36.593943,02:30:36,-1647.48,-1647.48,4
2025-11-17T02:30:51.019204,02:30:51,-1669.46,-1669.46,4
2025-11-17T02:31:04.959921,02:31:04,-1682.45,-1682.45,4
2025-11-17T02:31:19.350518,02:31:19,-1788.92,-1788.92,4
2025-11-17T02:31:33.330917,02:31:33,-1819.95,-1819.95,4
2025-11-17T02:31:46.994460,02:31:46,-1769.07,-1769.07,4
2025-11-17T02:32:00.930326,02:32:00,-1766.19,-1766.19,4
2025-11-17T02:32:15.068514,02:32:15,-1605.87,-1605.87,4
2025-11-17T02:32:28.605056,02:32:28,-1861.64,-1861.64,4
2025-11-17T02:32:42.981999,02:32:42,-1937.08,-1937.08,4
2025-11-17T02:32:57.324748,02:32:57,-1962.59,-1962.59,4
2025-11-17T02:33:11.266230,02:33:11,-2071.45,-2071.45,4
2025-11-17T02:33:25.394474,02:33:25,-1978.03,-1978.03,4
2025-11-17T02:33:39.415435,02:33:39,-2086.41,-2086.41,4
2025-11-17T02:33:53.434021,02:33:53,-2180.87,-2180.87,4
2025-11-17T02:34:07.295057,02:34:07,-2189.53,-2189.53,4
2025-11-17T02:34:21.150979,02:34:21,-2494.05,-2494.05,4
2025-11-17T02:34:34.893280,02:34:34,-2606.21,-2606.21,4
2025-11-17T02:34:48.882489,02:34:48,-2667.8,-2667.8,4
2025-11-17T02:35:03.108352,02:35:03,-2669.12,-2669.12,4
2025-11-17T02:35:17.123466,02:35:17,-2853.56,-2853.56,4
2025-11-17T02:35:31.819853,02:35:31,-2829.71,-2829.71,4
2025-11-17T02:35:45.732931,02:35:45,-2780.25,-2780.25,4
2025-11-17T02:35:59.964261,02:35:59,-2869.36,-2869.36,4
2025-11-17T02:36:13.794318,02:36:13,-2888.53,-2888.53,4
2025-11-17T02:36:28.010225,02:36:28,-2657.59,-2657.59,4
2025-11-17T02:36:42.260053,02:36:42,-2497.33,-2497.33,4
2025-11-17T02:36:56.108774,02:36:56,-2598.73,-2598.73,4
2025-11-17T02:37:10.067432,02:37:10,-2973.83,-2973.83,4
2025-11-17T02:37:24.058040,02:37:24,-3089.41,-3089.41,4
2025-11-17T02:37:38.026927,02:37:38,-3488.6,-3488.6,4
2025-11-17T02:37:52.250861,02:37:52,-3551.31,-3551.31,4
2025-11-17T02:38:06.558309,02:38:06,-3484.86,-3484.86,4
2025-11-17T02:38:20.360268,02:38:20,-3495.38,-3495.38,4
2025-11-17T02:38:34.238866,02:38:34,-3499.76,-3499.76,4
2025-11-17T02:38:47.739552,02:38:47,-3487.87,-3487.87,4
2025-11-17T02:39:01.583039,02:39:01,-3685.81,-3685.81,4
2025-11-17T02:39:15.956583,02:39:15,-3544.65,-3544.65,4
2025-11-17T02:39:29.827456,02:39:29,-3175.77,-3175.77,4
2025-11-17T02:39:43.967745,02:39:43,-3233.16,-3233.16,4
2025-11-17T02:39:57.903781,02:39:57,-3253.42,-3253.42,4
2025-11-17T02:40:12.538312,02:40:12,-3295.81,-3295.81,4
2025-11-17T02:40:26.991166,02:40:26,-3254.9,-3254.9,4
2025-11-17T02:40:40.765342,02:40:40,-3311.14,-3311.14,4
2025-11-17T02:40:54.575037,02:40:54,-3185.13,-3185.13,4
2025-11-17T02:41:07.956683,02:41:07,-3219.87,-3219.87,4
2025-11-17T02:41:22.079194,02:41:22,-3211.73,-3211.73,4
2025-11-17T02:41:36.337557,02:41:36,-3280.02,-3280.02,4
2025-11-17T02:41:50.473756,02:41:50,-3282.14,-3282.14,4
2025-11-17T02:42:04.855264,02:42:04,-3344.81,-3344.81,4
2025-11-17T02:42:18.825220,02:42:18,-3231.57,-3231.57,4
2025-11-17T02:42:32.327193,02:42:32,-3335.81,-3335.81,4
2025-11-17T02:42:46.347083,02:42:46,-3479.99,-3479.99,4
2025-11-17T02:43:00.931882,02:43:00,-3612.57,-3612.57,4
2025-11-17T02:43:14.778136,02:43:14,-3614.27,-3614.27,4
2025-11-17T02:43:28.845155,02:43:28,-3469.09,-3469.09,4
2025-11-17T02:43:42.824216,02:43:42,-3479.59,-3479.59,4
2025-11-17T02:43:56.618378,02:43:56,-3613.65,-3613.65,4
2025-11-17T02:44:10.483130,02:44:10,-3463.78,-3463.78,4
2025-11-17T02:44:24.329646,02:44:24,-3477.47,-3477.47,4
2025-11-17T02:44:38.019422,02:44:38,-3551.7,-3551.7,4
2025-11-17T02:44:52.139363,02:44:52,-3540.24,-3540.24,4
2025-11-17T02:45:06.298197,02:45:06,-3388.15,-3388.15,4
2025-11-17T02:45:19.905781,02:45:19,-3342.04,-3342.04,4
2025-11-17T02:45:33.621276,02:45:33,-3325.0,-3325.0,4
2025-11-17T02:45:48.076378,02:45:48,-3534.76,-3534.76,4
2025-11-17T02:46:02.116250,02:46:02,-3571.83,-3571.83,4
2025-11-17T02:46:16.312619,02:46:16,-3560.8,-3560.8,4
2025-11-17T02:46:30.649788,02:46:30,-3570.17,-3570.17,4
2025-11-17T02:46:44.281547,02:46:44,-3516.45,-3516.45,4
2025-11-17T02:46:58.392142,02:46:58,-3489.31,-3489.31,4
2025-11-17T02:47:12.363319,02:47:12,-3392.55,-3392.55,4
2025-11-17T02:47:26.233620,02:47:26,-3406.32,-3406.32,4
2025-11-17T02:47:40.455553,02:47:40,-3420.56,-3420.56,4
2025-11-17T02:47:55.057657,02:47:55,-3412.45,-3412.45,4
2025-11-17T02:48:08.857440,02:48:08,-3426.03,-3426.03,4
2025-11-17T02:48:23.463824,02:48:23,-3436.28,-3436.28,4
2025-11-17T02:48:37.562025,02:48:37,-3315.64,-3315.64,4
2025-11-17T02:48:51.420127,02:48:51,-3348.96,-3348.96,4
2025-11-17T02:49:05.302886,02:49:05,-3425.01,-3425.01,4
2025-11-17T02:49:19.196164,02:49:19,-3537.16,-3537.16,4
2025-11-17T02:49:33.024742,02:49:33,-3819.0,-3819.0,4
2025-11-17T02:49:46.900606,02:49:46,-3850.7,-3850.7,4
2025-11-17T02:50:00.864569,02:50:00,-3746.99,-3746.99,4
2025-11-17T02:50:14.715219,02:50:14,-3662.34,-3662.34,4
2025-11-17T02:50:28.581153,02:50:28,-3564.81,-3564.81,4
2025-11-17T02:50:42.759290,02:50:42,-3573.71,-3573.71,4
2025-11-17T02:50:56.791611,02:50:56,-3560.25,-3560.25,4
2025-11-17T02:51:11.320824,02:51:11,-3543.77,-3543.77,4
2025-11-17T02:51:25.504319,02:51:25,-3601.26,-3601.26,4
2025-11-17T02:51:39.612548,02:51:39,-3599.37,-3599.37,4
2025-11-17T02:51:53.403234,02:51:53,-3483.61,-3483.61,4
2025-11-17T02:52:07.705081,02:52:07,-3367.97,-3367.97,4
2025-11-17T02:52:21.660411,02:52:21,-3493.23,-3493.23,4
2025-11-17T02:52:35.515437,02:52:35,-3475.28,-3475.28,4
2025-11-17T02:52:49.856654,02:52:49,-3707.55,-3707.55,4
2025-11-17T02:53:03.707376,02:53:03,-3635.73,-3635.73,4
2025-11-17T02:53:18.768597,02:53:18,-3606.13,-3606.13,4
2025-11-17T02:53:32.818462,02:53:32,-3668.73,-3668.73,4
2025-11-17T02:53:46.718012,02:53:46,-3609.56,-3609.56,4
2025-11-17T02:54:01.063234,02:54:01,-3633.07,-3633.07,4
2025-11-17T02:54:15.310220,02:54:15,-3851.98,-3851.98,4
2025-11-17T02:54:29.308195,02:54:29,-3914.58,-3914.58,4
2025-11-17T02:54:44.321046,02:54:44,-4060.34,-4060.34,4
2025-11-17T02:54:58.442538,02:54:58,-3915.87,-3915.87,4
2025-11-17T02:55:13.169449,02:55:13,-3952.12,-3952.12,4
2025-11-17T02:55:27.180032,02:55:27,-3983.03,-3983.03,4
2025-11-17T02:55:41.759568,02:55:41,-3989.48,-3989.48,4
2025-11-17T02:55:55.455800,02:55:55,-3763.39,-3763.39,4
2025-11-17T02:56:09.356128,02:56:09,-3903.75,-3903.75,4
2025-11-17T02:56:23.448882,02:56:23,-3965.41,-3965.41,4
2025-11-17T02:56:37.775328,02:56:37,-4011.33,-4011.33,4
2025-11-17T02:56:52.102344,02:56:52,-4032.39,-4032.39,4
2025-11-17T02:57:06.116197,02:57:06,-4167.35,-4167.35,4
2025-11-17T02:57:20.642701,02:57:20,-4050.31,-4050.31,4
2025-11-17T02:57:34.613892,02:57:34,-3950.96,-3950.96,4
2025-11-17T02:57:48.530247,02:57:48,-4037.55,-4037.55,4
2025-11-17T02:58:02.440829,02:58:02,-4166.79,-4166.79,4
2025-11-17T02:58:16.921919,02:58:16,-4183.93,-4183.93,4
2025-11-17T02:58:30.676300,02:58:30,-4049.69,-4049.69,4
2025-11-17T02:58:44.687640,02:58:44,-4061.23,-4061.23,4
2025-11-17T02:58:58.453704,02:58:58,-4073.48,-4073.48,4
2025-11-17T02:59:12.038658,02:59:12,-3978.23,-3978.23,4
2025-11-17T02:59:26.729799,02:59:26,-3940.49,-3940.49,4
2025-11-17T02:59:40.590783,02:59:40,-4013.83,-4013.83,4
2025-11-17T02:59:54.654742,02:59:54,-4012.98,-4012.98,4
2025-11-17T03:00:09.091800,03:00:09,-4029.82,-4029.82,4
2025-11-17T03:00:22.782116,03:00:22,-3976.48,-3976.48,4
2025-11-17T03:00:36.708363,03:00:36,-4018.66,-4018.66,4
2025-11-17T03:00:51.358873,03:00:51,-4020.18,-4020.18,4
2025-11-17T03:01:05.606115,03:01:05,-3938.87,-3938.87,4
2025-11-17T03:01:19.582688,03:01:19,-3999.65,-3999.65,4
2025-11-17T03:01:33.749054,03:01:33,-3955.36,-3955.36,4
2025-11-17T03:01:48.071852,03:01:48,-3976.66,-3976.66,4
2025-11-17T03:02:02.390742,03:02:02,-3916.08,-3916.08,4
2025-11-17T03:02:16.730084,03:02:16,-3856.6,-3856.6,4
2025-11-17T03:02:31.195241,03:02:31,-3772.31,-3772.31,4
2025-11-17T03:02:45.375147,03:02:45,-3658.73,-3658.73,4
2025-11-17T03:02:59.758923,03:02:59,-3713.76,-3713.76,4
2025-11-17T03:03:13.586176,03:03:13,-3815.43,-3815.43,4
2025-11-17T03:03:27.514274,03:03:27,-3842.82,-3842.82,4
2025-11-17T03:03:41.244854,03:03:41,-3738.0,-3738.0,4
2025-11-17T03:03:54.814761,03:03:54,-3606.12,-3606.12,4
2025-11-17T03:04:09.036550,03:04:09,-3577.04,-3577.04,4
2025-11-17T03:04:23.069266,03:04:23,-3495.18,-3495.18,4
2025-11-17T03:04:37.665355,03:04:37,-3473.91,-3473.91,4
2025-11-17T03:04:52.582641,03:04:52,-3542.98,-3542.98,4
2025-11-17T03:05:06.712936,03:05:06,-3504.01,-3504.01,4
2025-11-17T03:05:20.884382,03:05:20,-3639.95,-3639.95,4
2025-11-17T03:05:35.387702,03:05:35,-3675.68,-3675.68,4
2025-11-17T03:05:49.075927,03:05:49,-3695.94,-3695.94,4
2025-11-17T03:06:03.768728,03:06:03,-3911.93,-3911.93,4
2025-11-17T03:06:17.712324,03:06:17,-3932.09,-3932.09,4
2025-11-17T03:06:32.229879,03:06:32,-3938.71,-3938.71,4
2025-11-17T03:06:46.357094,03:06:46,-3945.8,-3945.8,4
2025-11-17T03:07:00.091304,03:07:00,-3880.02,-3880.02,4
2025-11-17T03:07:14.230600,03:07:14,-3829.91,-3829.91,4
2025-11-17T03:07:28.683174,03:07:28,-3763.7,-3763.7,4
2025-11-17T03:07:43.255683,03:07:43,-3818.06,-3818.06,4
2025-11-17T03:07:57.229007,03:07:57,-3956.73,-3956.73,4
2025-11-17T03:08:12.193653,03:08:12,-4084.31,-4084.31,4
2025-11-17T03:08:26.331970,03:08:26,-4038.14,-4038.14,4
2025-11-17T03:08:40.542168,03:08:40,-4098.39,-4098.39,4
2025-11-17T03:08:54.694517,03:08:54,-4153.82,-4153.82,4
2025-11-17T03:09:08.693636,03:09:08,-4154.83,-4154.83,4
2025-11-17T03:09:22.973675,03:09:22,-4086.07,-4086.07,4
2025-11-17T03:09:37.390244,03:09:37,-4170.37,-4170.37,4
2025-11-17T03:09:51.922756,03:09:51,-4153.08,-4153.08,4
2025-11-17T03:10:06.283863,03:10:06,-4126.52,-4126.52,4
2025-11-17T03:10:21.356654,03:10:21,-4134.28,-4134.28,4
2025-11-17T03:10:35.431015,03:10:35,-4124.35,-4124.35,4
2025-11-17T03:10:49.242669,03:10:49,-4064.57,-4064.57,4
2025-11-17T03:11:03.196942,03:11:03,-4024.78,-4024.78,4
2025-11-17T03:11:17.395692,03:11:17,-4023.48,-4023.48,4
2025-11-17T03:11:32.013186,03:11:32,-4064.01,-4064.01,4
2025-11-17T03:11:46.335141,03:11:46,-4038.23,-4038.23,4
2025-11-17T03:12:00.644137,03:12:00,-4004.13,-4004.13,4
2025-11-17T03:12:15.065345,03:12:15,-4046.05,-4046.05,4
2025-11-17T03:12:28.999862,03:12:28,-4098.53,-4098.53,4
2025-11-17T03:12:43.627441,03:12:43,-4092.71,-4092.71,4
2025-11-17T03:12:57.733336,03:12:57,-4050.43,-4050.43,4
2025-11-17T03:13:11.830541,03:13:11,-4118.42,-4118.42,4
2025-11-17T03:13:26.494453,03:13:26,-4240.53,-4240.53,4
2025-11-17T03:13:40.608876,03:13:40,-4152.61,-4152.61,4
2025-11-17T03:13:56.081399,03:13:56,-4574.57,-4574.57,4
2025-11-17T03:14:10.418407,03:14:10,-4759.26,-4759.26,4
2025-11-17T03:14:24.937217,03:14:24,-4648.82,-4648.82,4
2025-11-17T03:14:38.850815,03:14:38,-4442.62,-4442.62,4
2025-11-17T03:14:53.562057,03:14:53,-4306.17,-4306.17,4
2025-11-17T03:15:07.334527,03:15:07,-4420.33,-4420.33,4
2025-11-17T03:15:22.119670,03:15:22,-4376.73,-4376.73,4
2025-11-17T03:15:36.090642,03:15:36,-4402.41,-4402.41,4
2025-11-17T03:15:49.909481,03:15:49,-4065.93,-4065.93,4
2025-11-17T03:16:03.920889,03:16:03,-4123.7,-4123.7,4
2025-11-17T03:16:17.295282,03:16:17,-4244.83,-4244.83,4
2025-11-17T03:16:32.567897,03:16:32,-4606.76,-4606.76,4
2025-11-17T03:16:46.671875,03:16:46,-4525.47,-4525.47,4
2025-11-17T03:17:01.003552,03:17:01,-4410.92,-4410.92,4
2025-11-17T03:17:15.468399,03:17:15,-4543.25,-4543.25,4
2025-11-17T03:17:29.460893,03:17:29,-4577.53,-4577.53,4
2025-11-17T03:17:44.321638,03:17:44,-4606.28,-4606.28,4
2025-11-17T03:17:58.126051,03:17:58,-4504.21,-4504.21,4
2025-11-17T03:18:12.236531,03:18:12,-4689.78,-4689.78,4
2025-11-17T03:18:26.305650,03:18:26,-4532.81,-4532.81,4
2025-11-17T03:18:40.829529,03:18:40,-4504.29,-4504.29,4
2025-11-17T03:18:54.749554,03:18:54,-4377.76,-4377.76,4
2025-11-17T03:19:09.166270,03:19:09,-4552.11,-4552.11,4
2025-11-17T03:19:23.505102,03:19:23,-4536.96,-4536.96,4
2025-11-17T03:19:37.818896,03:19:37,-4566.69,-4566.69,4
2025-11-17T03:19:52.063673,03:19:52,-4617.2,-4617.2,4
2025-11-17T03:20:06.555717,03:20:06,-4636.17,-4636.17,4
2025-11-17T03:20:21.037538,03:20:21,-4605.04,-4605.04,4
2025-11-17T03:20:35.311847,03:20:35,-4667.02,-4667.02,4
2025-11-17T03:20:49.271935,03:20:49,-4633.31,-4633.31,4
2025-11-17T03:21:03.489669,03:21:03,-4619.53,-4619.53,4
2025-11-17T03:21:17.523325,03:21:17,-4503.54,-4503.54,4
2025-11-17T03:21:31.353762,03:21:31,-4476.64,-4476.64,4
2025-11-17T03:21:45.390265,03:21:45,-4369.76,-4369.76,4
2025-11-17T03:21:59.994231,03:21:59,-4276.04,-4276.04,4
2025-11-17T03:22:14.511754,03:22:14,-4263.2,-4263.2,4
2025-11-17T03:22:28.576258,03:22:28,-4317.77,-4317.77,4
2025-11-17T03:22:42.636237,03:22:42,-4315.16,-4315.16,4
2025-11-17T03:22:56.249411,03:22:56,-4367.09,-4367.09,4
2025-11-17T03:23:10.016889,03:23:10,-4350.07,-4350.07,4
2025-11-17T03:23:24.336468,03:23:24,-4296.94,-4296.94,4
2025-11-17T03:23:38.368167,03:23:38,-4327.94,-4327.94,4
2025-11-17T03:23:52.665644,03:23:52,-4288.15,-4288.15,4
2025-11-17T03:24:07.057266,03:24:07,-4315.26,-4315.26,4
2025-11-17T03:24:20.891229,03:24:20,-4349.78,-4349.78,4
2025-11-17T03:24:35.533818,03:24:35,-4453.77,-4453.77,4
2025-11-17T03:24:50.181130,03:24:50,-4533.84,-4533.84,4
2025-11-17T03:25:04.586757,03:25:04,-4524.84,-4524.84,4
2025-11-17T03:25:18.552442,03:25:18,-4419.2,-4419.2,4
2025-11-17T03:25:32.615802,03:25:32,-4419.95,-4419.95,4
2025-11-17T03:25:46.848589,03:25:46,-4499.49,-4499.49,4
2025-11-17T03:26:00.942883,03:26:00,-4464.75,-4464.75,4
2025-11-17T03:26:14.896208,03:26:14,-4426.61,-4426.61,4
2025-11-17T03:26:28.951705,03:26:28,-4368.48,-4368.48,4
2025-11-17T03:26:42.915172,03:26:42,-4303.98,-4303.98,4
2025-11-17T03:26:57.018905,03:26:57,-4349.8,-4349.8,4
2025-11-17T03:27:11.308287,03:27:11,-4356.99,-4356.99,4
2025-11-17T03:27:25.173463,03:27:25,-4426.63,-4426.63,4
2025-11-17T03:27:39.147251,03:27:39,-4530.54,-4530.54,4
2025-11-17T03:27:53.162759,03:27:53,-4562.7,-4562.7,4
2025-11-17T03:28:07.002461,03:28:07,-4509.56,-4509.56,4
2025-11-17T03:28:21.174709,03:28:21,-4426.89,-4426.89,4
2025-11-17T03:28:35.087986,03:28:35,-4674.66,-4674.66,4
2025-11-17T03:28:49.163644,03:28:49,-4515.44,-4515.44,4
2025-11-17T03:29:03.603275,03:29:03,-4453.73,-4453.73,4
2025-11-17T03:29:17.682088,03:29:17,-4519.13,-4519.13,4
2025-11-17T03:29:31.666340,03:29:31,-4545.28,-4545.28,4
2025-11-17T03:29:45.710672,03:29:45,-4531.3,-4531.3,4
2025-11-17T03:29:59.792825,03:29:59,-4509.92,-4509.92,4
2025-11-17T03:30:13.624256,03:30:13,-4505.32,-4505.32,4
2025-11-17T03:30:28.495757,03:30:28,-4527.0,-4527.0,4
2025-11-17T03:30:43.747399,03:30:43,-4518.81,-4518.81,4
2025-11-17T03:30:57.383892,03:30:57,-4527.9,-4527.9,4
2025-11-17T03:31:11.317430,03:31:11,-4761.5,-4761.5,4
2025-11-17T03:31:25.795682,03:31:25,-4862.31,-4862.31,4
2025-11-17T03:31:42.234854,03:31:42,-5108.04,-5108.04,4
2025-11-17T03:31:56.707153,03:31:56,-5121.17,-5121.17,4
2025-11-17T03:32:11.454756,03:32:11,-5103.02,-5103.02,4
2025-11-17T03:32:25.778545,03:32:25,-5063.24,-5063.24,4
2025-11-17T03:32:40.060926,03:32:40,-5306.7,-5306.7,4
2025-11-17T03:32:53.601004,03:32:53,-5026.56,-5026.56,4
2025-11-17T03:33:07.678268,03:33:07,-5249.32,-5249.32,4
2025-11-17T03:33:21.923538,03:33:21,-5257.04,-5257.04,4
2025-11-17T03:33:35.751763,03:33:35,-5319.55,-5319.55,4
2025-11-17T03:33:49.349969,03:33:49,-5429.77,-5429.77,4
2025-11-17T03:34:03.643156,03:34:03,-5509.05,-5509.05,4
2025-11-17T03:34:18.214146,03:34:18,-5534.86,-5534.86,4
2025-11-17T03:34:31.964822,03:34:31,-5678.3,-5678.3,4
2025-11-17T03:34:45.962757,03:34:45,-5765.83,-5765.83,4
2025-11-17T03:35:00.300055,03:35:00,-5660.39,-5660.39,4
2025-11-17T03:35:14.216033,03:35:14,-5809.05,-5809.05,4
2025-11-17T03:35:28.522587,03:35:28,-5652.08,-5652.08,4
2025-11-17T03:35:42.221708,03:35:42,-5587.39,-5587.39,4
2025-11-17T03:35:56.203146,03:35:56,-5749.0,-5749.0,4
2025-11-17T03:36:10.226951,03:36:10,-5710.76,-5710.76,4
2025-11-17T03:36:24.626303,03:36:24,-5666.34,-5666.34,4
2025-11-17T03:36:39.684031,03:36:39,-5618.85,-5618.85,4
2025-11-17T03:36:53.717987,03:36:53,-5709.53,-5709.53,4
2025-11-17T03:37:07.868584,03:37:07,-5692.21,-5692.21,4
2025-11-17T03:37:21.917432,03:37:21,-5773.57,-5773.57,4
2025-11-17T03:37:35.648193,03:37:35,-5755.68,-5755.68,4
2025-11-17T03:37:50.094673,03:37:50,-5822.54,-5822.54,4
2025-11-17T03:38:04.642741,03:38:04,-5886.56,-5886.56,4
2025-11-17T03:38:18.418426,03:38:18,-6007.95,-6007.95,4
2025-11-17T03:38:33.342654,03:38:33,-6092.95,-6092.95,4
2025-11-17T03:38:47.091668,03:38:47,-6155.36,-6155.36,4
2025-11-17T03:39:01.135028,03:39:01,-6177.09,-6177.09,4
2025-11-17T03:39:15.037057,03:39:15,-6262.15,-6262.15,4
2025-11-17T03:39:29.057138,03:39:29,-5933.97,-5933.97,4
2025-11-17T03:39:43.261913,03:39:43,-6140.41,-6140.41,4
2025-11-17T03:39:57.539132,03:39:57,-6342.17,-6342.17,4
2025-11-17T03:40:11.409950,03:40:11,-6315.88,-6315.88,4
2025-11-17T03:40:25.244333,03:40:25,-6376.02,-6376.02,4
2025-11-17T03:40:39.098973,03:40:39,-6386.95,-6386.95,4
2025-11-17T03:40:53.067331,03:40:53,-6388.1,-6388.1,4
2025-11-17T03:41:06.974997,03:41:06,-6389.51,-6389.51,4
2025-11-17T03:41:20.791622,03:41:20,-6354.97,-6354.97,4
2025-11-17T03:41:35.143642,03:41:35,-6286.98,-6286.98,4
2025-11-17T03:41:49.086174,03:41:49,-6335.7,-6335.7,4
2025-11-17T03:42:03.305665,03:42:03,-5988.07,-5988.07,4
2025-11-17T03:42:17.516849,03:42:17,-6009.21,-6009.21,4
2025-11-17T03:42:32.376649,03:42:32,-6049.14,-6049.14,4
2025-11-17T03:42:46.029437,03:42:46,-5912.37,-5912.37,4
2025-11-17T03:43:00.640310,03:43:00,-5899.94,-5899.94,4
2025-11-17T03:43:15.511055,03:43:15,-5589.4,-5589.4,4
2025-11-17T03:43:29.696122,03:43:29,-5529.14,-5529.14,4
2025-11-17T03:43:44.300928,03:43:44,-5157.83,-5157.83,4
2025-11-17T03:43:58.527516,03:43:58,-5320.07,-5320.07,4
2025-11-17T03:44:12.971844,03:44:12,-4931.08,-4931.08,4
2025-11-17T03:44:27.192767,03:44:27,-4773.89,-4773.89,4
2025-11-17T03:44:41.485601,03:44:41,-4700.88,-4700.88,4
2025-11-17T03:44:57.687359,03:44:57,-5001.72,-5001.72,4
2025-11-17T03:45:11.959018,03:45:11,-5023.51,-5023.51,4
2025-11-17T03:45:26.374259,03:45:26,-5539.46,-5539.46,4
2025-11-17T03:45:39.717046,03:45:39,-5305.78,-5305.78,4
2025-11-17T03:45:53.548068,03:45:53,-5055.25,-5055.25,4
2025-11-17T03:46:07.448270,03:46:07,-5122.97,-5122.97,4
2025-11-17T03:46:21.864251,03:46:21,-4952.38,-4952.38,4
2025-11-17T03:46:35.744582,03:46:35,-5007.12,-5007.12,4
2025-11-17T03:46:49.507349,03:46:49,-4923.33,-4923.33,4
2025-11-17T03:47:02.982156,03:47:02,-5052.88,-5052.88,4
2025-11-17T03:47:17.146805,03:47:17,-4964.23,-4964.23,4
2025-11-17T03:47:31.463154,03:47:31,-4911.04,-4911.04,4
2025-11-17T03:47:45.766418,03:47:45,-5139.3,-5139.3,4
2025-11-17T03:47:59.970525,03:47:59,-5184.44,-5184.44,4
2025-11-17T03:48:14.408647,03:48:14,-5042.79,-5042.79,4
2025-11-17T03:48:28.659770,03:48:28,-4970.97,-4970.97,4
2025-11-17T03:48:43.018959,03:48:43,-4603.84,-4603.84,4
2025-11-17T03:48:57.618795,03:48:57,-4728.26,-4728.26,4
2025-11-17T03:49:11.551294,03:49:11,-4697.33,-4697.33,4
2025-11-17T03:49:25.610080,03:49:25,-4609.1,-4609.1,4
2025-11-17T03:49:40.295085,03:49:40,-4529.36,-4529.36,4
2025-11-17T03:49:54.688578,03:49:54,-4506.15,-4506.15,4
2025-11-17T03:50:08.326206,03:50:08,-4341.61,-4341.61,4
2025-11-17T03:50:22.371050,03:50:22,-4373.3,-4373.3,4
2025-11-17T03:50:36.615453,03:50:36,-4590.0,-4590.0,4
2025-11-17T03:50:50.875417,03:50:50,-4679.88,-4679.88,4
2025-11-17T03:51:05.046638,03:51:05,-4472.9,-4472.9,4
2025-11-17T03:51:19.100970,03:51:19,-4636.36,-4636.36,4
2025-11-17T03:51:33.706120,03:51:33,-4507.08,-4507.08,4
2025-11-17T03:51:47.391323,03:51:47,-4466.17,-4466.17,4
2025-11-17T03:52:01.527827,03:52:01,-4421.68,-4421.68,4
2025-11-17T03:52:16.252648,03:52:16,-4319.71,-4319.71,4
2025-11-17T03:52:30.680595,03:52:30,-4186.63,-4186.63,4
2025-11-17T03:52:44.976815,03:52:44,-4196.71,-4196.71,4
2025-11-17T03:52:58.711350,03:52:58,-4387.42,-4387.42,4
2025-11-17T03:53:13.608696,03:53:13,-4519.58,-4519.58,4
2025-11-17T03:53:28.347611,03:53:28,-4519.44,-4519.44,4
2025-11-17T03:53:42.275375,03:53:42,-4583.73,-4583.73,4
2025-11-17T03:53:56.826177,03:53:56,-4669.6,-4669.6,4
2025-11-17T03:54:11.246614,03:54:11,-4497.2,-4497.2,4
2025-11-17T03:54:25.464271,03:54:25,-4427.24,-4427.24,4
2025-11-17T03:54:39.229365,03:54:39,-4377.35,-4377.35,4
2025-11-17T03:54:53.153096,03:54:53,-4420.47,-4420.47,4
2025-11-17T03:55:07.269747,03:55:07,-4139.48,-4139.48,4
2025-11-17T03:55:21.383079,03:55:21,-4178.05,-4178.05,4
2025-11-17T03:55:35.959331,03:55:35,-4164.38,-4164.38,4
2025-11-17T03:55:50.096363,03:55:50,-4216.48,-4216.48,4
2025-11-17T03:56:03.961483,03:56:03,-4108.14,-4108.14,4
2025-11-17T03:56:18.557710,03:56:18,-3990.75,-3990.75,4
2025-11-17T03:56:33.095880,03:56:33,-4071.42,-4071.42,4
2025-11-17T03:56:46.766460,03:56:46,-4096.55,-4096.55,4
2025-11-17T03:57:01.301175,03:57:01,-4100.14,-4100.14,4
2025-11-17T03:57:15.934765,03:57:15,-3852.75,-3852.75,4
2025-11-17T03:57:29.654936,03:57:29,-3560.99,-3560.99,4
2025-11-17T03:57:43.314268,03:57:43,-3709.35,-3709.35,4
2025-11-17T03:57:57.167908,03:57:57,-3513.94,-3513.94,4
2025-11-17T03:58:11.460312,03:58:11,-3461.75,-3461.75,4
2025-11-17T03:58:25.374241,03:58:25,-3391.66,-3391.66,4
2025-11-17T03:58:39.652434,03:58:39,-3313.22,-3313.22,4
2025-11-17T03:58:53.361550,03:58:53,-3304.56,-3304.56,4
2025-11-17T03:59:07.175332,03:59:07,-3349.43,-3349.43,4
2025-11-17T03:59:21.069449,03:59:21,-3422.1,-3422.1,4
2025-11-17T03:59:35.499516,03:59:35,-3549.39,-3549.39,4
2025-11-17T03:59:50.390898,03:59:50,-3611.06,-3611.06,4
2025-11-17T04:00:04.412810,04:00:04,-3616.2,-3616.2,4
2025-11-17T04:00:18.049338,04:00:18,-3806.88,-3806.88,4
2025-11-17T04:00:32.077241,04:00:32,-3614.02,-3614.02,4
2025-11-17T04:00:46.157003,04:00:46,-3514.83,-3514.83,4
2025-11-17T04:01:00.365468,04:01:00,-3338.83,-3338.83,4
2025-11-17T04:01:14.981649,04:01:14,-3220.6,-3220.6,4
2025-11-17T04:01:29.077578,04:01:29,-3354.6,-3354.6,4
2025-11-17T04:01:43.674794,04:01:43,-3467.85,-3467.85,4
2025-11-17T04:01:57.750836,04:01:57,-3408.51,-3408.51,4
2025-11-17T04:02:12.610641,04:02:12,-3358.78,-3358.78,4
2025-11-17T04:02:26.700650,04:02:26,-3323.02,-3323.02,4
2025-11-17T04:02:41.719706,04:02:41,-2998.79,-2998.79,4
2025-11-17T04:02:56.591532,04:02:56,-2997.21,-2997.21,4
2025-11-17T04:03:10.646336,04:03:10,-2841.45,-2841.45,4
2025-11-17T04:03:24.418551,04:03:24,-2757.5,-2757.5,4
2025-11-17T04:03:38.637546,04:03:38,-2752.83,-2752.83,4
2025-11-17T04:03:52.714529,04:03:52,-2985.8,-2985.8,4
2025-11-17T04:04:07.410664,04:04:07,-2946.9,-2946.9,4
2025-11-17T04:04:21.674241,04:04:21,-3121.77,-3121.77,4
2025-11-17T04:04:35.741381,04:04:35,-3050.03,-3050.03,4
2025-11-17T04:04:49.704103,04:04:49,-3044.6,-3044.6,4
2025-11-17T04:05:03.884771,04:05:03,-2896.53,-2896.53,4
2025-11-17T04:05:17.888330,04:05:17,-2924.84,-2924.84,4
2025-11-17T04:05:32.518803,04:05:32,-2889.61,-2889.61,4
2025-11-17T04:05:47.451898,04:05:47,-2899.19,-2899.19,4
2025-11-17T04:06:01.584794,04:06:01,-2852.98,-2852.98,4
2025-11-17T04:06:15.788425,04:06:15,-2855.57,-2855.57,4
2025-11-17T04:06:30.002770,04:06:30,-2942.45,-2942.45,4
2025-11-17T04:06:44.191622,04:06:44,-2769.39,-2769.39,4
2025-11-17T04:06:58.614898,04:06:58,-2759.92,-2759.92,4
2025-11-17T04:07:12.419865,04:07:12,-2719.64,-2719.64,4
2025-11-17T04:07:27.122855,04:07:27,-2657.77,-2657.77,4
2025-11-17T04:07:41.172983,04:07:41,-2758.15,-2758.15,4
2025-11-17T04:07:55.261013,04:07:55,-2820.26,-2820.26,4
2025-11-17T04:08:09.446346,04:08:09,-2678.77,-2678.77,4
2025-11-17T04:08:23.404989,04:08:23,-2605.68,-2605.68,4
2025-11-17T04:08:37.194814,04:08:37,-2576.92,-2576.92,4
2025-11-17T04:08:51.523112,04:08:51,-2609.47,-2609.47,4
2025-11-17T04:09:05.293881,04:09:05,-2523.76,-2523.76,4
2025-11-17T04:09:19.423760,04:09:19,-2564.87,-2564.87,4
2025-11-17T04:09:33.657251,04:09:33,-2550.36,-2550.36,4
2025-11-17T04:09:47.722922,04:09:47,-2539.0,-2539.0,4
2025-11-17T04:10:01.659365,04:10:01,-2588.02,-2588.02,4
2025-11-17T04:10:15.762339,04:10:15,-2586.07,-2586.07,4
2025-11-17T04:10:29.932944,04:10:29,-2642.52,-2642.52,4
2025-11-17T04:10:44.121977,04:10:44,-2591.57,-2591.57,4
2025-11-17T04:10:58.490037,04:10:58,-2930.89,-2930.89,4
2025-11-17T04:11:12.571727,04:11:12,-3068.78,-3068.78,4
2025-11-17T04:11:26.441798,04:11:26,-3110.01,-3110.01,4
2025-11-17T04:11:40.686499,04:11:40,-2981.96,-2981.96,4
2025-11-17T04:11:54.831789,04:11:54,-3185.78,-3185.78,4
2025-11-17T04:12:08.583388,04:12:08,-3209.2,-3209.2,4
2025-11-17T04:12:22.543625,04:12:22,-3063.64,-3063.64,4
2025-11-17T04:12:37.267679,04:12:37,-3171.13,-3171.13,4
2025-11-17T04:12:51.237748,04:12:51,-3126.62,-3126.62,4
2025-11-17T04:13:05.151974,04:13:05,-3192.52,-3192.52,4
2025-11-17T04:13:19.138423,04:13:19,-3182.77,-3182.77,4
2025-11-17T04:13:32.876255,04:13:32,-3138.83,-3138.83,4
2025-11-17T04:13:46.864483,04:13:46,-3119.79,-3119.79,4
2025-11-17T04:14:00.848633,04:14:00,-3126.23,-3126.23,4
2025-11-17T04:14:15.399814,04:14:15,-3105.91,-3105.91,4
2025-11-17T04:14:29.345589,04:14:29,-3336.07,-3336.07,4
2025-11-17T04:14:43.453429,04:14:43,-3399.87,-3399.87,4
2025-11-17T04:14:58.113918,04:14:58,-3430.24,-3430.24,4
2025-11-17T04:15:11.961234,04:15:11,-3448.64,-3448.64,4
2025-11-17T04:15:25.978816,04:15:25,-3520.33,-3520.33,4
2025-11-17T04:15:39.898829,04:15:39,-3433.8,-3433.8,4
2025-11-17T04:15:53.613660,04:15:53,-3264.54,-3264.54,4
2025-11-17T04:16:08.621847,04:16:08,-3209.94,-3209.94,4
2025-11-17T04:16:23.094734,04:16:23,-3098.48,-3098.48,4
2025-11-17T04:16:37.407363,04:16:37,-3123.12,-3123.12,4
2025-11-17T04:16:51.288713,04:16:51,-2992.85,-2992.85,4
2025-11-17T04:17:05.427254,04:17:05,-3105.73,-3105.73,4
2025-11-17T04:17:20.404518,04:17:20,-2900.85,-2900.85,4
2025-11-17T04:17:35.384618,04:17:35,-2590.01,-2590.01,4
2025-11-17T04:17:49.726153,04:17:49,-2546.6,-2546.6,4
2025-11-17T04:18:03.860954,04:18:03,-2664.25,-2664.25,4
2025-11-17T04:18:18.337194,04:18:18,-2386.18,-2386.18,4
2025-11-17T04:18:32.411313,04:18:32,-2235.18,-2235.18,4
2025-11-17T04:18:46.370993,04:18:46,-2209.35,-2209.35,4
2025-11-17T04:19:00.761888,04:19:00,-2151.71,-2151.71,4
2025-11-17T04:19:14.832070,04:19:14,-1875.54,-1875.54,4
2025-11-17T04:19:28.532389,04:19:28,-1811.71,-1811.71,4
2025-11-17T04:19:42.879252,04:19:42,-1740.85,-1740.85,4
2025-11-17T04:19:55.860195,04:19:55,-1325.88,-1325.88,4
2025-11-17T04:20:09.713635,04:20:09,-1232.36,-1232.36,4
2025-11-17T04:20:23.020141,04:20:23,-1108.78,-1108.78,4
2025-11-17T04:20:35.650374,04:20:35,-881.86,-881.86,4
2025-11-17T04:20:48.453272,04:20:48,-1164.43,-1164.43,4
2025-11-17T04:21:01.436452,04:21:01,-1242.29,-1242.29,4
2025-11-17T04:21:14.582047,04:21:14,-1103.59,-1103.59,4
2025-11-17T04:21:27.643910,04:21:27,-991.94,-991.94,4
2025-11-17T04:21:41.105559,04:21:41,-1012.24,-1012.24,4
2025-11-17T04:21:54.584712,04:21:54,-982.86,-982.86,4
2025-11-17T04:22:07.651872,04:22:07,-1113.07,-1113.07,4
2025-11-17T04:22:21.192856,04:22:21,-1089.81,-1089.81,4
2025-11-17T04:22:34.210827,04:22:34,-951.57,-951.57,4
2025-11-17T04:22:47.699298,04:22:47,-900.36,-900.36,4
2025-11-17T04:23:00.845412,04:23:00,-894.49,-894.49,4
2025-11-17T04:23:14.006718,04:23:14,-736.67,-736.67,4
2025-11-17T04:23:26.938303,04:23:26,-632.17,-632.17,4
2025-11-17T04:23:40.465811,04:23:40,-236.16,-236.16,4
2025-11-17T04:23:53.955958,04:23:53,-245.03,-245.03,4
2025-11-17T04:24:07.215601,04:24:07,-222.35,-222.35,4
2025-11-17T04:24:20.495453,04:24:20,-425.13,-425.13,4
2025-11-17T04:24:33.624425,04:24:33,-678.74,-678.74,4
2025-11-17T04:24:47.020258,04:24:47,-694.05,-694.05,4
2025-11-17T04:25:00.242885,04:25:00,-728.56,-728.56,4
2025-11-17T04:25:14.615516,04:25:14,-705.89,-705.89,4
2025-11-17T04:25:27.799205,04:25:27,-591.31,-591.31,4
2025-11-17T04:25:41.432429,04:25:41,-428.35,-428.35,4
2025-11-17T04:25:54.684720,04:25:54,-340.28,-340.28,4
2025-11-17T04:26:07.579460,04:26:07,-190.91,-190.91,4
2025-11-17T04:26:20.526976,04:26:20,-102.86,-102.86,4
2025-11-17T04:26:33.695014,04:26:33,-266.01,-266.01,4
2025-11-17T04:26:46.684199,04:26:46,-244.87,-244.87,4
2025-11-17T04:26:59.840582,04:26:59,-452.46,-452.46,4
2025-11-17T04:27:13.447985,04:27:13,-668.86,-668.86,4
2025-11-17T04:27:26.417324,04:27:26,-816.58,-816.58,4
2025-11-17T04:27:39.182964,04:27:39,-970.63,-970.63,4
2025-11-17T04:27:52.415534,04:27:52,-930.76,-930.76,4
2025-11-17T04:28:05.243682,04:28:05,-862.32,-862.32,4
2025-11-17T04:28:18.943606,04:28:18,-881.46,-881.46,4
2025-11-17T04:28:31.963333,04:28:31,-848.21,-848.21,4
2025-11-17T04:28:45.791815,04:28:45,-707.89,-707.89,4
2025-11-17T04:28:58.887763,04:28:58,-1057.25,-1057.25,4
2025-11-17T04:29:12.332940,04:29:12,-1075.92,-1075.92,4
2025-11-17T04:29:25.522016,04:29:25,-1276.93,-1276.93,4
2025-11-17T04:29:38.256299,04:29:38,-1219.86,-1219.86,4
2025-11-17T04:29:51.652340,04:29:51,-1296.24,-1296.24,4
2025-11-17T04:30:05.554324,04:30:05,-1339.68,-1339.68,4
2025-11-17T04:30:19.529257,04:30:19,-1694.27,-1694.27,4
2025-11-17T04:30:33.565462,04:30:33,-1713.11,-1713.11,4
2025-11-17T04:30:48.173272,04:30:48,-1705.77,-1705.77,4
2025-11-17T04:31:02.372335,04:31:02,-1777.46,-1777.46,4
2025-11-17T04:31:16.554841,04:31:16,-2296.74,-2296.74,4
2025-11-17T04:31:30.928661,04:31:30,-2328.25,-2328.25,4
2025-11-17T04:31:45.202144,04:31:45,-2517.73,-2517.73,4
2025-11-17T04:31:59.329937,04:31:59,-3406.27,-3406.27,4
2025-11-17T04:32:13.138139,04:32:13,-3121.44,-3121.44,4
2025-11-17T04:32:27.413998,04:32:27,-3067.34,-3067.34,4
2025-11-17T04:32:41.817498,04:32:41,-3404.75,-3404.75,4
2025-11-17T04:32:56.704728,04:32:56,-4789.01,-4789.01,4
2025-11-17T04:33:10.328923,04:33:10,-4791.3,-4791.3,4
2025-11-17T04:33:26.055341,04:33:26,-5091.61,-5091.61,4
2025-11-17T04:33:40.351067,04:33:40,-5056.74,-5056.74,4
2025-11-17T04:33:54.064916,04:33:54,-4678.49,-4678.49,4
2025-11-17T04:34:08.241723,04:34:08,-4907.2,-4907.2,4
2025-11-17T04:34:22.292513,04:34:22,-4635.77,-4635.77,4
2025-11-17T04:34:36.568928,04:34:36,-4973.69,-4973.69,4
2025-11-17T04:34:52.803946,04:34:52,-5308.72,-5308.72,4
2025-11-17T04:35:06.967796,04:35:06,-5438.96,-5438.96,4
2025-11-17T04:35:20.999676,04:35:20,-5340.74,-5340.74,4
2025-11-17T04:35:34.983992,04:35:34,-4701.15,-4701.15,4
2025-11-17T04:35:51.008228,04:35:51,-5017.16,-5017.16,4
2025-11-17T04:36:04.973526,04:36:04,-5230.84,-5230.84,4
2025-11-17T04:36:19.274954,04:36:19,-5528.78,-5528.78,4
2025-11-17T04:36:33.606195,04:36:33,-5283.53,-5283.53,4
2025-11-17T04:36:47.419737,04:36:47,-5080.04,-5080.04,4
2025-11-17T04:37:01.344698,04:37:01,-4925.57,-4925.57,4
2025-11-17T04:37:15.314792,04:37:15,-5058.98,-5058.98,4
2025-11-17T04:37:29.360372,04:37:29,-4774.61,-4774.61,4
2025-11-17T04:37:43.308691,04:37:43,-4511.46,-4511.46,4
2025-11-17T04:37:57.245717,04:37:57,-4515.11,-4515.11,4
2025-11-17T04:38:11.059425,04:38:11,-4500.17,-4500.17,4
2025-11-17T04:38:26.015067,04:38:26,-4199.37,-4199.37,4
2025-11-17T04:38:40.243812,04:38:40,-4444.49,-4444.49,4
2025-11-17T04:38:55.122104,04:38:55,-4552.97,-4552.97,4
2025-11-17T04:39:09.317115,04:39:09,-4392.66,-4392.66,4
2025-11-17T04:39:23.342516,04:39:23,-4372.51,-4372.51,4
2025-11-17T04:39:37.371772,04:39:37,-4318.03,-4318.03,4
2025-11-17T04:39:51.532445,04:39:51,-4130.83,-4130.83,4
2025-11-17T04:40:05.492847,04:40:05,-4469.71,-4469.71,4
2025-11-17T04:40:19.476992,04:40:19,-4124.91,-4124.91,4
2025-11-17T04:40:33.574724,04:40:33,-3982.93,-3982.93,4
2025-11-17T04:40:48.542429,04:40:48,-4000.82,-4000.82,4
2025-11-17T04:41:02.155038,04:41:02,-4034.19,-4034.19,4
2025-11-17T04:41:16.370916,04:41:16,-3582.29,-3582.29,4
2025-11-17T04:41:30.024834,04:41:30,-3088.29,-3088.29,4
2025-11-17T04:41:43.869819,04:41:43,-3252.06,-3252.06,4
2025-11-17T04:41:57.686587,04:41:57,-3180.02,-3180.02,4
2025-11-17T04:42:11.384525,04:42:11,-2993.51,-2993.51,4
2025-11-17T04:42:25.552327,04:42:25,-2900.98,-2900.98,4
2025-11-17T04:42:39.313706,04:42:39,-2848.0,-2848.0,4
2025-11-17T04:42:53.904308,04:42:53,-2898.84,-2898.84,4
2025-11-17T04:43:08.204484,04:43:08,-2767.1,-2767.1,4
2025-11-17T04:43:22.022615,04:43:22,-2710.63,-2710.63,4
2025-11-17T04:43:36.138095,04:43:36,-2794.45,-2794.45,4
2025-11-17T04:43:50.482711,04:43:50,-3267.92,-3267.92,4
2025-11-17T04:44:04.639335,04:44:04,-2899.37,-2899.37,4
2025-11-17T04:44:18.832991,04:44:18,-2959.53,-2959.53,4
2025-11-17T04:44:32.717635,04:44:32,-2917.33,-2917.33,4
2025-11-17T04:44:46.951530,04:44:46,-2711.37,-2711.37,4
2025-11-17T04:45:00.886005,04:45:00,-2848.02,-2848.02,4
2025-11-17T04:45:14.831403,04:45:14,-2892.25,-2892.25,4
2025-11-17T04:45:28.870200,04:45:28,-2624.84,-2624.84,4
2025-11-17T04:45:43.066036,04:45:43,-2539.46,-2539.46,4
2025-11-17T04:45:56.858043,04:45:56,-2623.88,-2623.88,4
2025-11-17T04:46:10.976976,04:46:10,-2513.88,-2513.88,4
2025-11-17T04:46:24.808780,04:46:24,-2567.88,-2567.88,4
2025-11-17T04:46:39.089883,04:46:39,-2337.65,-2337.65,4
2025-11-17T04:46:53.099030,04:46:53,-2296.47,-2296.47,4
2025-11-17T04:47:06.888343,04:47:06,-2174.99,-2174.99,4
2025-11-17T04:47:20.411606,04:47:20,-2010.69,-2010.69,4
2025-11-17T04:47:34.322462,04:47:34,-2056.59,-2056.59,4
2025-11-17T04:47:48.106535,04:47:48,-2258.26,-2258.26,4
2025-11-17T04:48:01.956320,04:48:01,-2301.99,-2301.99,4
2025-11-17T04:48:15.482112,04:48:15,-2738.66,-2738.66,4
2025-11-17T04:48:29.255456,04:48:29,-2717.46,-2717.46,4
2025-11-17T04:48:43.507914,04:48:43,-2808.75,-2808.75,4
2025-11-17T04:48:57.329217,04:48:57,-2838.6,-2838.6,4
2025-11-17T04:49:11.259533,04:49:11,-2794.01,-2794.01,4
2025-11-17T04:49:25.208930,04:49:25,-2607.92,-2607.92,4
2025-11-17T04:49:38.949130,04:49:38,-2657.41,-2657.41,4
2025-11-17T04:49:52.737306,04:49:52,-2620.4,-2620.4,4
2025-11-17T04:50:06.786189,04:50:06,-2627.44,-2627.44,4
2025-11-17T04:50:20.986824,04:50:20,-2725.95,-2725.95,4
2025-11-17T04:50:35.048789,04:50:35,-2751.72,-2751.72,4
2025-11-17T04:50:49.379758,04:50:49,-2661.97,-2661.97,4
2025-11-17T04:51:04.266137,04:51:04,-2611.87,-2611.87,4
2025-11-17T04:51:18.354844,04:51:18,-2559.05,-2559.05,4
2025-11-17T04:51:32.727476,04:51:32,-2494.27,-2494.27,4
2025-11-17T04:51:46.945427,04:51:46,-2485.53,-2485.53,4
2025-11-17T04:52:00.934452,04:52:00,-2508.92,-2508.92,4
2025-11-17T04:52:14.650040,04:52:14,-2146.69,-2146.69,4
2025-11-17T04:52:28.544896,04:52:28,-2260.77,-2260.77,4
2025-11-17T04:52:42.451783,04:52:42,-2368.08,-2368.08,4
2025-11-17T04:52:56.443230,04:52:56,-2209.37,-2209.37,4
2025-11-17T04:53:10.558599,04:53:10,-2223.76,-2223.76,4
2025-11-17T04:53:24.895740,04:53:24,-2133.23,-2133.23,4
2025-11-17T04:53:38.918310,04:53:38,-2150.07,-2150.07,4
2025-11-17T04:53:52.559188,04:53:52,-2142.14,-2142.14,4
2025-11-17T04:54:06.508283,04:54:06,-2038.8,-2038.8,4
2025-11-17T04:54:20.492340,04:54:20,-1995.94,-1995.94,4
2025-11-17T04:54:34.459273,04:54:34,-1728.71,-1728.71,4
2025-11-17T04:54:48.358053,04:54:48,-1465.36,-1465.36,4
2025-11-17T04:55:01.895369,04:55:01,-1439.61,-1439.61,4
2025-11-17T04:55:15.813118,04:55:15,-1717.31,-1717.31,4
2025-11-17T04:55:29.786452,04:55:29,-1696.32,-1696.32,4
2025-11-17T04:55:43.934454,04:55:43,-1735.58,-1735.58,4
2025-11-17T04:55:58.093603,04:55:58,-1654.61,-1654.61,4
2025-11-17T04:56:10.646180,04:56:10,-1491.31,-1491.31,4
2025-11-17T04:56:24.343585,04:56:24,-1761.88,-1761.88,4
2025-11-17T04:56:38.343337,04:56:38,-1759.02,-1759.02,4
2025-11-17T04:56:52.434620,04:56:52,-1679.69,-1679.69,4
2025-11-17T04:57:06.674609,04:57:06,-1534.53,-1534.53,4
2025-11-17T04:57:21.337389,04:57:21,-1634.9,-1634.9,4
2025-11-17T04:57:35.022328,04:57:35,-1596.48,-1596.48,4
2025-11-17T04:57:48.682238,04:57:48,-1521.72,-1521.72,4
2025-11-17T04:58:02.955019,04:58:02,-1559.23,-1559.23,4
2025-11-17T04:58:15.959428,04:58:15,-1375.8,-1375.8,4
2025-11-17T04:58:29.040400,04:58:29,-1310.59,-1310.59,4
2025-11-17T04:58:41.831744,04:58:41,-1353.55,-1353.55,4
2025-11-17T04:58:54.816634,04:58:54,-1374.67,-1374.67,4
2025-11-17T04:59:07.762846,04:59:07,-1407.6,-1407.6,4
2025-11-17T04:59:20.669813,04:59:20,-1317.73,-1317.73,4
2025-11-17T04:59:33.643053,04:59:33,-1380.89,-1380.89,4
2025-11-17T04:59:47.189059,04:59:47,-1452.09,-1452.09,4
2025-11-17T05:00:00.113986,05:00:00,-1434.89,-1434.89,4
2025-11-17T05:00:13.074469,05:00:13,-1507.87,-1507.87,4
2025-11-17T05:00:26.315514,05:00:26,-1335.32,-1335.32,4
2025-11-17T05:00:39.540708,05:00:39,-1327.25,-1327.25,4
2025-11-17T05:00:53.133847,05:00:53,-1226.98,-1226.98,4
2025-11-17T05:01:06.850720,05:01:06,-1054.0,-1054.0,4
2025-11-17T05:01:19.632888,05:01:19,-1324.39,-1324.39,4
2025-11-17T05:01:32.588302,05:01:32,-1378.75,-1378.75,4
2025-11-17T05:01:46.137853,05:01:46,-1523.66,-1523.66,4
2025-11-17T05:01:59.969261,05:01:59,-1670.1,-1670.1,4
2025-11-17T05:02:13.813222,05:02:13,-1733.66,-1733.66,4
2025-11-17T05:02:27.675291,05:02:27,-1692.37,-1692.37,4
2025-11-17T05:02:41.797875,05:02:41,-1628.81,-1628.81,4
2025-11-17T05:02:56.254093,05:02:56,-1622.93,-1622.93,4
2025-11-17T05:03:09.442872,05:03:09,-1302.73,-1302.73,4
2025-11-17T05:03:22.644977,05:03:22,-1344.79,-1344.79,4
2025-11-17T05:03:36.564751,05:03:36,-1443.6,-1443.6,4
2025-11-17T05:03:50.942629,05:03:50,-1628.83,-1628.83,4
2025-11-17T05:04:05.477682,05:04:05,-1772.43,-1772.43,4
2025-11-17T05:04:19.414706,05:04:19,-1943.72,-1943.72,4
2025-11-17T05:04:33.473408,05:04:33,-1963.76,-1963.76,4
2025-11-17T05:04:47.465156,05:04:47,-1871.41,-1871.41,4
2025-11-17T05:05:02.340683,05:05:02,-1867.28,-1867.28,4
2025-11-17T05:05:16.583696,05:05:16,-1661.79,-1661.79,4
2025-11-17T05:05:29.526901,05:05:29,-1577.62,-1577.62,4
2025-11-17T05:05:42.456594,05:05:42,-1612.9,-1612.9,4
2025-11-17T05:05:55.722753,05:05:55,-1541.36,-1541.36,4
2025-11-17T05:06:08.817741,05:06:08,-1376.5,-1376.5,4
2025-11-17T05:06:22.015163,05:06:22,-1279.34,-1279.34,4
2025-11-17T05:06:35.169059,05:06:35,-1260.34,-1260.34,4
2025-11-17T05:06:48.578416,05:06:48,-1372.94,-1372.94,4
2025-11-17T05:07:02.023089,05:07:02,-1337.51,-1337.51,4
2025-11-17T05:07:15.026393,05:07:15,-1099.5,-1099.5,4
2025-11-17T05:07:27.970965,05:07:27,-1215.23,-1215.23,4
2025-11-17T05:07:41.192776,05:07:41,-1255.05,-1255.05,4
2025-11-17T05:07:54.263344,05:07:54,-1311.73,-1311.73,4
2025-11-17T05:08:07.206448,05:08:07,-1272.46,-1272.46,4
2025-11-17T05:08:20.474738,05:08:20,-1374.04,-1374.04,4
2025-11-17T05:08:34.022699,05:08:34,-1231.97,-1231.97,4
2025-11-17T05:08:47.291589,05:08:47,-1207.41,-1207.41,4
2025-11-17T05:09:00.542920,05:09:00,-1139.63,-1139.63,4
2025-11-17T05:09:13.619050,05:09:13,-1045.29,-1045.29,4
2025-11-17T05:09:26.890320,05:09:26,-953.31,-953.31,4
2025-11-17T05:09:40.096133,05:09:40,-930.49,-930.49,4
2025-11-17T05:09:53.104885,05:09:53,-1012.09,-1012.09,4
2025-11-17T05:10:06.459733,05:10:06,-1138.59,-1138.59,4
2025-11-17T05:10:19.507060,05:10:19,-1212.5,-1212.5,4
2025-11-17T05:10:32.122331,05:10:32,-1261.35,-1261.35,4
2025-11-17T05:10:45.227968,05:10:45,-1170.36,-1170.36,4
2025-11-17T05:10:58.286161,05:10:58,-1072.43,-1072.43,4
2025-11-17T05:11:11.403204,05:11:11,-1002.79,-1002.79,4
2025-11-17T05:11:24.634885,05:11:24,-1001.84,-1001.84,4
2025-11-17T05:11:37.481903,05:11:37,-1068.6,-1068.6,4
2025-11-17T05:11:50.653016,05:11:50,-1070.11,-1070.11,4
2025-11-17T05:12:03.967047,05:12:03,-1094.1,-1094.1,4
2025-11-17T05:12:17.187840,05:12:17,-1032.8,-1032.8,4
2025-11-17T05:12:30.340672,05:12:30,-998.82,-998.82,4
2025-11-17T05:12:43.412341,05:12:43,-1042.85,-1042.85,4
2025-11-17T05:12:56.529085,05:12:56,-1041.75,-1041.75,4
2025-11-17T05:13:09.641536,05:13:09,-981.98,-981.98,4
2025-11-17T05:13:22.715037,05:13:22,-843.17,-843.17,4
2025-11-17T05:13:35.882049,05:13:35,-849.71,-849.71,4
2025-11-17T05:13:49.090057,05:13:49,-894.38,-894.38,4
2025-11-17T05:14:02.059671,05:14:02,-854.96,-854.96,4
2025-11-17T05:14:14.834447,05:14:14,-842.75,-842.75,4
2025-11-17T05:14:28.107283,05:14:28,-919.14,-919.14,4
2025-11-17T05:14:41.814488,05:14:41,-1018.3,-1018.3,4
2025-11-17T05:14:55.376289,05:14:55,-974.42,-974.42,4
2025-11-17T05:15:08.486753,05:15:08,-1027.82,-1027.82,4
2025-11-17T05:15:21.879060,05:15:21,-1033.37,-1033.37,4
2025-11-17T05:15:34.912474,05:15:34,-1007.74,-1007.74,4
2025-11-17T05:15:48.264485,05:15:48,-992.49,-992.49,4
2025-11-17T05:16:00.944163,05:16:00,-884.8,-884.8,4
2025-11-17T05:16:13.716391,05:16:13,-855.48,-855.48,4
2025-11-17T05:16:27.061101,05:16:27,-794.52,-794.52,4
2025-11-17T05:16:40.036452,05:16:40,-739.33,-739.33,4
2025-11-17T05:16:53.146238,05:16:53,-836.6,-836.6,4
2025-11-17T05:17:06.466175,05:17:06,-781.64,-781.64,4
2025-11-17T05:17:19.614023,05:17:19,-737.52,-737.52,4
2025-11-17T05:17:32.548372,05:17:32,-662.63,-662.63,4
2025-11-17T05:17:45.625826,05:17:45,-679.04,-679.04,4
2025-11-17T05:17:58.670613,05:17:58,-806.06,-806.06,4
2025-11-17T05:18:11.895770,05:18:11,-1103.51,-1103.51,4
2025-11-17T05:18:25.027944,05:18:25,-905.56,-905.56,4
2025-11-17T05:18:38.154309,05:18:38,-884.53,-884.53,4
2025-11-17T05:18:51.025268,05:18:51,-772.63,-772.63,4
2025-11-17T05:19:04.053684,05:19:04,-881.69,-881.69,4
2025-11-17T05:19:17.007196,05:19:17,-760.27,-760.27,4
2025-11-17T05:19:30.448093,05:19:30,-809.64,-809.64,4
2025-11-17T05:19:43.310639,05:19:43,-853.03,-853.03,4
2025-11-17T05:19:56.383209,05:19:56,-918.34,-918.34,4
2025-11-17T05:20:09.392783,05:20:09,-839.61,-839.61,4
2025-11-17T05:20:22.663924,05:20:22,-775.52,-775.52,4
2025-11-17T05:20:35.409331,05:20:35,-623.8,-623.8,4
2025-11-17T05:20:48.381656,05:20:48,-642.28,-642.28,4
2025-11-17T05:21:01.175746,05:21:01,-629.69,-629.69,4
2025-11-17T05:21:14.225772,05:21:14,-566.98,-566.98,4
2025-11-17T05:21:27.583483,05:21:27,-511.09,-511.09,4
2025-11-17T05:21:41.038729,05:21:41,-574.9,-574.9,4
2025-11-17T05:21:54.082317,05:21:54,-595.78,-595.78,4
2025-11-17T05:22:07.073608,05:22:07,-583.24,-583.24,4
2025-11-17T05:22:19.900672,05:22:19,-525.9,-525.9,4
2025-11-17T05:22:33.236314,05:22:33,-505.94,-505.94,4
2025-11-17T05:22:46.329916,05:22:46,-472.57,-472.57,4
2025-11-17T05:22:59.127282,05:22:59,-587.48,-587.48,4
2025-11-17T05:23:12.106667,05:23:12,-533.12,-533.12,4
2025-11-17T05:23:25.182849,05:23:25,-550.07,-550.07,4
2025-11-17T05:23:38.234407,05:23:38,-442.33,-442.33,4
2025-11-17T05:23:51.355270,05:23:51,-402.59,-402.59,4
2025-11-17T05:24:03.968122,05:24:03,-421.48,-421.48,4
2025-11-17T05:24:17.147167,05:24:17,-546.07,-546.07,4
2025-11-17T05:24:30.024438,05:24:30,-511.16,-511.16,4
2025-11-17T05:24:43.029320,05:24:43,-385.79,-385.79,4
2025-11-17T05:24:56.007506,05:24:56,-402.51,-402.51,4
2025-11-17T05:25:08.932441,05:25:08,-429.95,-429.95,4
2025-11-17T05:25:22.138823,05:25:22,-408.44,-408.44,4
2025-11-17T05:25:35.560342,05:25:35,-593.33,-593.33,4
2025-11-17T05:25:48.554738,05:25:48,-760.72,-760.72,4
2025-11-17T05:26:01.856202,05:26:01,-946.69,-946.69,4
2025-11-17T05:26:14.968845,05:26:14,-1038.39,-1038.39,4
2025-11-17T05:26:27.951842,05:26:27,-1102.41,-1102.41,4
2025-11-17T05:26:40.908480,05:26:40,-1135.99,-1135.99,4
2025-11-17T05:26:54.040321,05:26:54,-957.16,-957.16,4
2025-11-17T05:27:07.266474,05:27:07,-1009.19,-1009.19,4
2025-11-17T05:27:20.080436,05:27:20,-1070.87,-1070.87,4
2025-11-17T05:27:33.329571,05:27:33,-954.03,-954.03,4
2025-11-17T05:27:46.306368,05:27:46,-993.85,-993.85,4
2025-11-17T05:27:59.369434,05:27:59,-1058.3,-1058.3,4
2025-11-17T05:28:12.278161,05:28:12,-1149.54,-1149.54,4
2025-11-17T05:28:25.370404,05:28:25,-1175.85,-1175.85,4
2025-11-17T05:28:38.532260,05:28:38,-1167.07,-1167.07,4
2025-11-17T05:28:51.533138,05:28:51,-1211.97,-1211.97,4
2025-11-17T05:29:04.652245,05:29:04,-1219.35,-1219.35,4
2025-11-17T05:29:17.819035,05:29:17,-1146.75,-1146.75,4
2025-11-17T05:29:30.834984,05:29:30,-1144.12,-1144.12,4
2025-11-17T05:29:44.012785,05:29:44,-1199.62,-1199.62,4
2025-11-17T05:29:57.159795,05:29:57,-1190.76,-1190.76,4
2025-11-17T05:30:10.218674,05:30:10,-1097.38,-1097.38,4
2025-11-17T05:30:23.353645,05:30:23,-1184.27,-1184.27,4
2025-11-17T05:30:36.541999,05:30:36,-1184.87,-1184.87,4
2025-11-17T05:30:49.710968,05:30:49,-1149.64,-1149.64,4
2025-11-17T05:31:03.535785,05:31:03,-1328.08,-1328.08,4
2025-11-17T05:31:17.181831,05:31:17,-1251.45,-1251.45,4
2025-11-17T05:31:30.323239,05:31:30,-1238.82,-1238.82,4
2025-11-17T05:31:43.557451,05:31:43,-1196.08,-1196.08,4
2025-11-17T05:31:56.705794,05:31:56,-1256.37,-1256.37,4
2025-11-17T05:32:09.961051,05:32:09,-1288.6,-1288.6,4
2025-11-17T05:32:23.008206,05:32:23,-1323.55,-1323.55,4
2025-11-17T05:32:36.260951,05:32:36,-1303.85,-1303.85,4
2025-11-17T05:32:49.501206,05:32:49,-1259.64,-1259.64,4
2025-11-17T05:33:02.152143,05:33:02,-1324.01,-1324.01,4
2025-11-17T05:33:14.936753,05:33:14,-1238.99,-1238.99,4
2025-11-17T05:33:28.006504,05:33:28,-1238.31,-1238.31,4
2025-11-17T05:33:40.871766,05:33:40,-1250.74,-1250.74,4
2025-11-17T05:33:54.056887,05:33:54,-1345.01,-1345.01,4
2025-11-17T05:34:07.361462,05:34:07,-1471.94,-1471.94,4
2025-11-17T05:34:20.516184,05:34:20,-1505.88,-1505.88,4
2025-11-17T05:34:33.600754,05:34:33,-1419.3,-1419.3,4
2025-11-17T05:34:46.834874,05:34:46,-1465.02,-1465.02,4
2025-11-17T05:34:59.766393,05:34:59,-1496.18,-1496.18,4
2025-11-17T05:35:12.848048,05:35:12,-1515.35,-1515.35,4
2025-11-17T05:35:27.450207,05:35:27,-1662.69,-1662.69,4
2025-11-17T05:35:40.941651,05:35:40,-1725.28,-1725.28,4
2025-11-17T05:35:54.898990,05:35:54,-1452.68,-1452.68,4
2025-11-17T05:36:09.163895,05:36:09,-1461.2,-1461.2,4
2025-11-17T05:36:23.410932,05:36:23,-1534.97,-1534.97,4
2025-11-17T05:36:36.251958,05:36:36,-1173.35,-1173.35,4
2025-11-17T05:36:49.190837,05:36:49,-930.49,-930.49,4
2025-11-17T05:37:02.243227,05:37:02,-1087.79,-1087.79,4
2025-11-17T05:37:15.623687,05:37:15,-1135.94,-1135.94,4
2025-11-17T05:37:28.646602,05:37:28,-1199.45,-1199.45,4
2025-11-17T05:37:41.663842,05:37:41,-1363.05,-1363.05,4
2025-11-17T05:37:54.951214,05:37:54,-1282.41,-1282.41,4
2025-11-17T05:38:07.758997,05:38:07,-1038.68,-1038.68,4
2025-11-17T05:38:20.719471,05:38:20,-948.98,-948.98,4
2025-11-17T05:38:34.337360,05:38:34,-997.39,-997.39,4
2025-11-17T05:38:47.127097,05:38:47,-905.04,-905.04,4
2025-11-17T05:39:00.694385,05:39:00,-927.11,-927.11,4
2025-11-17T05:39:14.115100,05:39:14,-934.38,-934.38,4
2025-11-17T05:39:27.295008,05:39:27,-879.51,-879.51,4
2025-11-17T05:39:40.816502,05:39:40,-702.13,-702.13,4
2025-11-17T05:39:53.671225,05:39:53,-732.85,-732.85,4
2025-11-17T05:40:06.902952,05:40:06,-736.13,-736.13,4
2025-11-17T05:40:20.207800,05:40:20,-957.47,-957.47,4
2025-11-17T05:40:32.990549,05:40:32,-1099.91,-1099.91,4
2025-11-17T05:40:46.776750,05:40:46,-964.89,-964.89,4
2025-11-17T05:40:59.702352,05:40:59,-963.31,-963.31,4
2025-11-17T05:41:13.091188,05:41:13,-973.56,-973.56,4
2025-11-17T05:41:26.426741,05:41:26,-819.1,-819.1,4
2025-11-17T05:41:39.508331,05:41:39,-680.2,-680.2,4
2025-11-17T05:41:52.397275,05:41:52,-644.83,-644.83,4
2025-11-17T05:42:05.285213,05:42:05,-621.93,-621.93,4
2025-11-17T05:42:19.673757,05:42:19,-630.51,-630.51,4
2025-11-17T05:42:32.563489,05:42:32,-564.13,-564.13,4
2025-11-17T05:42:45.676411,05:42:45,-667.84,-667.84,4
2025-11-17T05:42:58.767982,05:42:58,-836.59,-836.59,4
2025-11-17T05:43:12.460757,05:43:12,-1052.91,-1052.91,4
2025-11-17T05:43:25.815361,05:43:25,-1121.49,-1121.49,4
2025-11-17T05:43:39.351551,05:43:39,-1133.36,-1133.36,4
2025-11-17T05:43:52.212028,05:43:52,-1116.79,-1116.79,4
2025-11-17T05:44:05.326153,05:44:05,-1107.75,-1107.75,4
2025-11-17T05:44:18.357975,05:44:18,-1175.24,-1175.24,4
2025-11-17T05:44:32.225941,05:44:32,-1173.59,-1173.59,4
2025-11-17T05:44:45.737418,05:44:45,-1197.68,-1197.68,4
2025-11-17T05:44:59.283405,05:44:59,-1237.63,-1237.63,4
2025-11-17T05:45:12.086020,05:45:12,-1216.4,-1216.4,4
2025-11-17T05:45:25.090038,05:45:25,-1292.42,-1292.42,4
2025-11-17T05:45:38.618949,05:45:38,-1349.59,-1349.59,4
2025-11-17T05:45:51.718918,05:45:51,-1347.57,-1347.57,4
2025-11-17T05:46:05.729652,05:46:05,-1688.65,-1688.65,4
2025-11-17T05:46:19.446774,05:46:19,-1893.23,-1893.23,4
2025-11-17T05:46:33.479169,05:46:33,-1885.91,-1885.91,4
2025-11-17T05:46:47.672448,05:46:47,-1951.59,-1951.59,4
2025-11-17T05:47:01.929282,05:47:01,-1951.83,-1951.83,4
2025-11-17T05:47:15.864141,05:47:15,-1907.22,-1907.22,4
2025-11-17T05:47:29.928188,05:47:29,-2029.38,-2029.38,4
2025-11-17T05:47:44.015680,05:47:44,-1990.43,-1990.43,4
2025-11-17T05:47:57.802170,05:47:57,-2045.7,-2045.7,4
2025-11-17T05:48:11.659406,05:48:11,-2013.04,-2013.04,4
2025-11-17T05:48:26.063405,05:48:26,-2086.53,-2086.53,4
2025-11-17T05:48:39.721198,05:48:39,-2024.28,-2024.28,4
2025-11-17T05:48:53.537304,05:48:53,-2138.07,-2138.07,4
2025-11-17T05:49:07.632748,05:49:07,-2437.61,-2437.61,4
2025-11-17T05:49:22.551245,05:49:22,-2607.13,-2607.13,4
2025-11-17T05:49:36.595959,05:49:36,-2513.28,-2513.28,4
2025-11-17T05:49:50.839196,05:49:50,-2574.36,-2574.36,4
2025-11-17T05:50:04.807509,05:50:04,-2590.85,-2590.85,4
2025-11-17T05:50:18.749098,05:50:18,-2780.7,-2780.7,4
2025-11-17T05:50:32.699353,05:50:32,-2657.27,-2657.27,4
2025-11-17T05:50:46.944045,05:50:46,-2548.21,-2548.21,4
2025-11-17T05:51:01.367181,05:51:01,-2454.1,-2454.1,4
2025-11-17T05:51:15.464491,05:51:15,-2669.05,-2669.05,4
2025-11-17T05:51:29.843326,05:51:29,-2786.55,-2786.55,4
2025-11-17T05:51:44.809506,05:51:44,-2719.74,-2719.74,4
2025-11-17T05:51:58.910735,05:51:58,-2618.99,-2618.99,4
2025-11-17T05:52:13.074825,05:52:13,-2809.52,-2809.52,4
2025-11-17T05:52:26.865730,05:52:26,-2836.34,-2836.34,4
2025-11-17T05:52:40.797745,05:52:40,-2649.29,-2649.29,4
2025-11-17T05:52:54.927007,05:52:54,-2821.37,-2821.37,4
2025-11-17T05:53:08.802169,05:53:08,-2856.59,-2856.59,4
2025-11-17T05:53:22.796913,05:53:22,-2936.97,-2936.97,4
2025-11-17T05:53:36.795362,05:53:36,-2806.39,-2806.39,4
2025-11-17T05:53:50.740360,05:53:50,-2806.63,-2806.63,4
2025-11-17T05:54:04.704018,05:54:04,-2647.82,-2647.82,4
2025-11-17T05:54:18.382469,05:54:18,-2463.59,-2463.59,4
2025-11-17T05:54:32.223093,05:54:32,-2125.75,-2125.75,4
2025-11-17T05:54:46.328841,05:54:46,-1981.68,-1981.68,4
2025-11-17T05:55:00.137475,05:55:00,-2010.06,-2010.06,4
2025-11-17T05:55:14.007100,05:55:14,-1988.52,-1988.52,4
2025-11-17T05:55:28.680648,05:55:28,-2057.78,-2057.78,4
2025-11-17T05:55:42.549812,05:55:42,-2001.73,-2001.73,4
2025-11-17T05:55:56.515606,05:55:56,-1560.06,-1560.06,4
2025-11-17T05:56:09.496741,05:56:09,-1233.26,-1233.26,4
2025-11-17T05:56:22.449187,05:56:22,-1007.83,-1007.83,4
2025-11-17T05:56:35.294043,05:56:35,-877.99,-877.99,4
2025-11-17T05:56:48.228408,05:56:48,-793.37,-793.37,4
2025-11-17T05:57:01.285645,05:57:01,-686.74,-686.74,4
2025-11-17T05:57:14.975159,05:57:14,-419.01,-419.01,4
2025-11-17T05:57:27.874040,05:57:27,-284.77,-284.77,4
2025-11-17T05:57:40.662121,05:57:40,-497.77,-497.77,4
2025-11-17T05:57:53.923479,05:57:53,-349.04,-349.04,4
2025-11-17T05:58:07.314301,05:58:07,-224.07,-224.07,4
2025-11-17T05:58:20.354993,05:58:20,-57.31,-57.31,4
2025-11-17T05:58:33.482370,05:58:33,138.54,138.54,4
2025-11-17T05:58:46.350635,05:58:46,126.28,126.28,4
2025-11-17T05:58:59.637343,05:58:59,163.23,163.23,4
2025-11-17T05:59:12.507103,05:59:12,88.58,88.58,4
2025-11-17T05:59:25.812841,05:59:25,199.9,199.9,4
2025-11-17T05:59:39.193643,05:59:39,156.81,156.81,4
2025-11-17T05:59:52.639079,05:59:52,234.22,234.22,4
2025-11-17T06:00:06.102150,06:00:06,486.11,486.11,4
2025-11-17T06:00:18.842615,06:00:18,791.07,791.07,4
2025-11-17T06:00:31.889786,06:00:31,579.37,579.37,4
2025-11-17T06:00:44.843349,06:00:44,472.63,472.63,4
2025-11-17T06:00:58.215116,06:00:58,474.65,474.65,4
2025-11-17T06:01:11.312132,06:01:11,483.68,483.68,4
2025-11-17T06:01:24.373703,06:01:24,507.57,507.57,4
2025-11-17T06:01:37.946095,06:01:37,415.33,415.33,4
2025-11-17T06:01:51.058313,06:01:51,446.49,446.49,4
2025-11-17T06:02:03.678225,06:02:03,319.86,319.86,4
2025-11-17T06:02:16.662800,06:02:16,353.72,353.72,4
2025-11-17T06:02:29.815907,06:02:29,407.9,407.9,4
2025-11-17T06:02:42.692067,06:02:42,464.24,464.24,4
2025-11-17T06:02:55.654895,06:02:55,406.97,406.97,4
2025-11-17T06:03:08.531647,06:03:08,273.46,273.46,4
2025-11-17T06:03:21.421211,06:03:21,152.17,152.17,4
2025-11-17T06:03:35.066268,06:03:35,155.62,155.62,4
2025-11-17T06:03:48.811062,06:03:48,320.42,320.42,4
2025-11-17T06:04:01.817717,06:04:01,402.57,402.57,4
2025-11-17T06:04:14.768473,06:04:14,519.72,519.72,4
2025-11-17T06:04:28.229047,06:04:28,709.84,709.84,4
2025-11-17T06:04:41.145776,06:04:41,766.12,766.12,4
2025-11-17T06:04:54.073051,06:04:54,728.18,728.18,4
2025-11-17T06:05:07.265175,06:05:07,765.92,765.92,4
2025-11-17T06:05:20.733166,06:05:20,664.88,664.88,4
2025-11-17T06:05:33.598234,06:05:33,631.23,631.23,4
2025-11-17T06:05:46.419941,06:05:46,1005.1,1005.1,4
2025-11-17T06:05:59.648409,06:05:59,994.03,994.03,4
2025-11-17T06:06:12.605414,06:06:12,836.78,836.78,4
2025-11-17T06:06:25.495282,06:06:25,1080.92,1080.92,4
2025-11-17T06:06:38.667525,06:06:38,991.53,991.53,4
2025-11-17T06:06:51.671546,06:06:51,929.07,929.07,4
2025-11-17T06:07:04.590863,06:07:04,999.05,999.05,4
2025-11-17T06:07:17.303723,06:07:17,908.79,908.79,4
2025-11-17T06:07:30.680182,06:07:30,852.21,852.21,4
2025-11-17T06:07:43.639470,06:07:43,845.07,845.07,4
2025-11-17T06:07:57.042355,06:07:57,863.62,863.62,4
2025-11-17T06:08:09.858408,06:08:09,849.93,849.93,4
2025-11-17T06:08:22.841508,06:08:22,950.56,950.56,4
2025-11-17T06:08:35.841669,06:08:35,1003.3,1003.3,4
2025-11-17T06:08:48.978073,06:08:48,1085.23,1085.23,4
2025-11-17T06:09:02.167412,06:09:02,1106.74,1106.74,4
2025-11-17T06:09:15.283327,06:09:15,1103.82,1103.82,4
2025-11-17T06:09:28.889842,06:09:28,1151.72,1151.72,4
2025-11-17T06:09:42.218666,06:09:42,1179.1,1179.1,4
2025-11-17T06:09:55.310447,06:09:55,1172.01,1172.01,4
2025-11-17T06:10:08.424311,06:10:08,1180.31,1180.31,4
2025-11-17T06:10:21.619139,06:10:21,1152.52,1152.52,4
2025-11-17T06:10:34.466374,06:10:34,1206.03,1206.03,4
2025-11-17T06:10:47.257011,06:10:47,1177.1,1177.1,4
2025-11-17T06:11:00.528443,06:11:00,1190.12,1190.12,4
2025-11-17T06:11:13.711915,06:11:13,1148.83,1148.83,4
2025-11-17T06:11:26.661716,06:11:26,1125.71,1125.71,4
2025-11-17T06:11:39.655047,06:11:39,1084.42,1084.42,4
2025-11-17T06:11:52.774538,06:11:52,1050.71,1050.71,4
2025-11-17T06:12:05.801860,06:12:05,1021.53,1021.53,4
2025-11-17T06:12:18.929879,06:12:18,998.24,998.24,4
2025-11-17T06:12:31.709958,06:12:31,1154.65,1154.65,4
2025-11-17T06:12:44.590629,06:12:44,1046.03,1046.03,4
2025-11-17T06:12:57.766345,06:12:57,1047.51,1047.51,4
2025-11-17T06:13:11.365202,06:13:11,944.26,944.26,4
2025-11-17T06:13:24.486433,06:13:24,892.03,892.03,4
2025-11-17T06:13:37.908755,06:13:37,852.13,852.13,4
2025-11-17T06:13:51.209491,06:13:51,915.38,915.38,4
2025-11-17T06:14:04.456039,06:14:04,980.97,980.97,4
2025-11-17T06:14:17.407033,06:14:17,892.09,892.09,4
2025-11-17T06:14:30.843533,06:14:30,811.33,811.33,4
2025-11-17T06:14:43.918311,06:14:43,789.1,789.1,4
2025-11-17T06:14:56.921384,06:14:56,763.13,763.13,4
2025-11-17T06:15:09.869152,06:15:09,691.65,691.65,4
2025-11-17T06:15:23.005302,06:15:23,584.8,584.8,4
2025-11-17T06:15:36.088601,06:15:36,491.6,491.6,4
2025-11-17T06:15:49.009533,06:15:49,446.77,446.77,4
2025-11-17T06:16:02.366999,06:16:02,464.06,464.06,4
2025-11-17T06:16:14.899042,06:16:14,602.76,602.76,4
2025-11-17T06:16:27.763640,06:16:27,700.45,700.45,4
2025-11-17T06:16:41.024711,06:16:41,690.1,690.1,4
2025-11-17T06:16:53.929438,06:16:53,692.33,692.33,4
2025-11-17T06:17:06.846952,06:17:06,697.57,697.57,4
2025-11-17T06:17:20.057946,06:17:20,751.21,751.21,4
2025-11-17T06:17:33.674998,06:17:33,709.08,709.08,4
2025-11-17T06:17:47.134169,06:17:47,685.76,685.76,4
2025-11-17T06:17:59.996522,06:17:59,635.34,635.34,4
2025-11-17T06:18:13.012042,06:18:13,670.54,670.54,4
2025-11-17T06:18:25.808117,06:18:25,726.56,726.56,4
2025-11-17T06:18:38.546911,06:18:38,797.81,797.81,4
2025-11-17T06:18:51.653262,06:18:51,752.1,752.1,4
2025-11-17T06:19:04.690189,06:19:04,745.31,745.31,4
2025-11-17T06:19:17.590746,06:19:17,739.08,739.08,4
2025-11-17T06:19:30.462862,06:19:30,779.43,779.43,4
2025-11-17T06:19:43.831971,06:19:43,849.9,849.9,4
2025-11-17T06:19:57.317755,06:19:57,811.11,811.11,4
2025-11-17T06:20:10.684274,06:20:10,784.84,784.84,4
2025-11-17T06:20:23.626231,06:20:23,779.76,779.76,4
2025-11-17T06:20:37.315702,06:20:37,690.07,690.07,4
2025-11-17T06:20:50.643381,06:20:50,899.03,899.03,4
2025-11-17T06:21:03.677993,06:21:03,1109.96,1109.96,4
2025-11-17T06:21:17.129396,06:21:17,999.45,999.45,4
2025-11-17T06:21:29.944622,06:21:29,1000.38,1000.38,4
2025-11-17T06:21:42.937020,06:21:42,1103.68,1103.68,4
2025-11-17T06:21:55.881914,06:21:55,1107.82,1107.82,4
2025-11-17T06:22:08.894733,06:22:08,1283.97,1283.97,4
2025-11-17T06:22:21.859292,06:22:21,1180.53,1180.53,4
2025-11-17T06:22:35.010914,06:22:35,1387.08,1387.08,4
2025-11-17T06:22:48.089045,06:22:48,1349.98,1349.98,4
2025-11-17T06:23:01.457831,06:23:01,1298.77,1298.77,4
2025-11-17T06:23:14.924439,06:23:14,1301.32,1301.32,4
2025-11-17T06:23:28.201090,06:23:28,1432.69,1432.69,4
2025-11-17T06:23:41.242265,06:23:41,1586.25,1586.25,4
2025-11-17T06:23:54.296982,06:23:54,1605.22,1605.22,4
2025-11-17T06:24:07.291298,06:24:07,1601.6,1601.6,4
2025-11-17T06:24:20.719568,06:24:20,1581.39,1581.39,4
2025-11-17T06:24:33.547175,06:24:33,1467.39,1467.39,4
2025-11-17T06:24:46.423018,06:24:46,1529.22,1529.22,4
2025-11-17T06:24:59.937902,06:24:59,1485.34,1485.34,4
2025-11-17T06:25:13.482033,06:25:13,1783.46,1783.46,4
2025-11-17T06:25:26.503095,06:25:26,1730.21,1730.21,4
2025-11-17T06:25:39.494952,06:25:39,1711.32,1711.32,4
2025-11-17T06:25:52.557560,06:25:52,1713.2,1713.2,4
2025-11-17T06:26:05.324278,06:26:05,1717.17,1717.17,4
2025-11-17T06:26:18.553148,06:26:18,1812.9,1812.9,4
2025-11-17T06:26:31.341933,06:26:31,1928.09,1928.09,4
2025-11-17T06:26:44.663414,06:26:44,1883.97,1883.97,4
2025-11-17T06:26:57.656716,06:26:57,1844.31,1844.31,4
2025-11-17T06:27:10.709728,06:27:10,1938.38,1938.38,4
2025-11-17T06:27:23.786460,06:27:23,2060.18,2060.18,4
2025-11-17T06:27:36.642498,06:27:36,2109.6,2109.6,4
2025-11-17T06:27:49.564176,06:27:49,2141.0,2141.0,4
2025-11-17T06:28:02.723142,06:28:02,2212.1,2212.1,4
2025-11-17T06:28:15.803771,06:28:15,2193.66,2193.66,4
2025-11-17T06:28:28.932918,06:28:28,2206.88,2206.88,4
2025-11-17T06:28:42.022434,06:28:42,2207.94,2207.94,4
2025-11-17T06:28:55.289278,06:28:55,2172.81,2172.81,4
2025-11-17T06:29:08.825004,06:29:08,2078.1,2078.1,4
2025-11-17T06:29:22.324254,06:29:22,1927.0,1927.0,4
2025-11-17T06:29:35.571246,06:29:35,1953.39,1953.39,4
2025-11-17T06:29:49.200964,06:29:49,2060.86,2060.86,4
2025-11-17T06:30:02.747942,06:30:02,2020.0,2020.0,4
2025-11-17T06:30:16.142799,06:30:16,2115.96,2115.96,4
2025-11-17T06:30:29.282136,06:30:29,2142.32,2142.32,4
2025-11-17T06:30:42.603652,06:30:42,2206.19,2206.19,4
2025-11-17T06:30:56.371205,06:30:56,2205.17,2205.17,4
2025-11-17T06:31:09.623190,06:31:09,2181.23,2181.23,4
2025-11-17T06:31:22.782933,06:31:22,2286.93,2286.93,4
2025-11-17T06:31:36.329897,06:31:36,2303.82,2303.82,4
2025-11-17T06:31:49.209631,06:31:49,2286.58,2286.58,4
2025-11-17T06:32:02.898044,06:32:02,2339.11,2339.11,4
2025-11-17T06:32:15.866051,06:32:15,2347.85,2347.85,4
2025-11-17T06:32:28.645443,06:32:28,2428.05,2428.05,4
2025-11-17T06:32:41.786528,06:32:41,2434.17,2434.17,4
2025-11-17T06:32:55.220190,06:32:55,2443.55,2443.55,4
2025-11-17T06:33:08.485234,06:33:08,2553.86,2553.86,4
2025-11-17T06:33:21.372686,06:33:21,2570.43,2570.43,4
2025-11-17T06:33:35.316134,06:33:35,2451.17,2451.17,4
2025-11-17T06:33:48.446028,06:33:48,2423.0,2423.0,4
2025-11-17T06:34:02.214526,06:34:02,2318.05,2318.05,4
2025-11-17T06:34:15.448757,06:34:15,2240.67,2240.67,4
2025-11-17T06:34:28.676794,06:34:28,2339.2,2339.2,4
2025-11-17T06:34:41.688004,06:34:41,2414.15,2414.15,4
2025-11-17T06:34:54.921931,06:34:54,2357.3,2357.3,4
2025-11-17T06:35:07.652220,06:35:07,2223.42,2223.42,4
2025-11-17T06:35:20.825783,06:35:20,2288.11,2288.11,4
2025-11-17T06:35:34.113657,06:35:34,2197.0,2197.0,4
2025-11-17T06:35:46.988998,06:35:46,2236.93,2236.93,4
2025-11-17T06:36:00.347855,06:36:00,2120.66,2120.66,4
2025-11-17T06:36:13.629681,06:36:13,2001.85,2001.85,4
2025-11-17T06:36:26.262983,06:36:26,1991.77,1991.77,4
2025-11-17T06:36:39.194077,06:36:39,1949.0,1949.0,4
2025-11-17T06:36:52.348158,06:36:52,1993.82,1993.82,4
2025-11-17T06:37:05.302035,06:37:05,1916.61,1916.61,4
2025-11-17T06:37:18.472303,06:37:18,1993.22,1993.22,4
2025-11-17T06:37:31.678151,06:37:31,1976.44,1976.44,4
2025-11-17T06:37:45.010932,06:37:45,1949.59,1949.59,4
2025-11-17T06:37:58.072743,06:37:58,1880.46,1880.46,4
2025-11-17T06:38:10.982146,06:38:10,2098.43,2098.43,4
2025-11-17T06:38:24.069519,06:38:24,2070.02,2070.02,4
2025-11-17T06:38:37.338829,06:38:37,2050.93,2050.93,4
2025-11-17T06:38:50.153174,06:38:50,2036.35,2036.35,4
2025-11-17T06:39:03.211625,06:39:03,2008.64,2008.64,4
2025-11-17T06:39:15.993073,06:39:15,1948.03,1948.03,4
2025-11-17T06:39:29.211773,06:39:29,1800.68,1800.68,4
2025-11-17T06:39:42.737027,06:39:42,1936.96,1936.96,4
2025-11-17T06:39:56.264618,06:39:56,1938.42,1938.42,4
2025-11-17T06:40:08.962576,06:40:08,2077.37,2077.37,4
2025-11-17T06:40:21.995356,06:40:21,2094.98,2094.98,4
2025-11-17T06:40:35.309582,06:40:35,2128.03,2128.03,4
2025-11-17T06:40:48.262730,06:40:48,2089.97,2089.97,4
2025-11-17T06:41:01.752026,06:41:01,2027.36,2027.36,4
2025-11-17T06:41:15.523386,06:41:15,1942.85,1942.85,4
2025-11-17T06:41:28.861558,06:41:28,1954.6,1954.6,4
2025-11-17T06:41:41.877594,06:41:41,1836.87,1836.87,4
2025-11-17T06:41:55.062182,06:41:55,1800.58,1800.58,4
2025-11-17T06:42:08.094515,06:42:08,1840.31,1840.31,4
2025-11-17T06:42:21.054742,06:42:21,1795.58,1795.58,4
2025-11-17T06:42:34.238843,06:42:34,1854.88,1854.88,4
2025-11-17T06:42:47.753124,06:42:47,1895.26,1895.26,4
2025-11-17T06:43:01.228755,06:43:01,1859.34,1859.34,4
2025-11-17T06:43:14.653252,06:43:14,1854.62,1854.62,4
2025-11-17T06:43:27.479521,06:43:27,1801.52,1801.52,4
2025-11-17T06:43:40.403467,06:43:40,1775.77,1775.77,4
2025-11-17T06:43:53.745504,06:43:53,1901.5,1901.5,4
2025-11-17T06:44:07.072492,06:44:07,1905.08,1905.08,4
2025-11-17T06:44:20.072188,06:44:20,2016.73,2016.73,4
2025-11-17T06:44:33.138441,06:44:33,2034.05,2034.05,4
2025-11-17T06:44:46.359982,06:44:46,1870.25,1870.25,4
2025-11-17T06:44:59.206256,06:44:59,1777.2,1777.2,4
2025-11-17T06:45:12.868936,06:45:12,1740.9,1740.9,4
2025-11-17T06:45:26.378701,06:45:26,1681.74,1681.74,4
2025-11-17T06:45:39.354856,06:45:39,1687.58,1687.58,4
2025-11-17T06:45:52.801289,06:45:52,1592.72,1592.72,4
2025-11-17T06:46:06.153944,06:46:06,1472.15,1472.15,4
2025-11-17T06:46:19.396075,06:46:19,1464.75,1464.75,4
2025-11-17T06:46:32.600893,06:46:32,1614.89,1614.89,4
2025-11-17T06:46:45.576256,06:46:45,1586.8,1586.8,4
2025-11-17T06:46:58.454111,06:46:58,1622.36,1622.36,4
2025-11-17T06:47:11.539210,06:47:11,1681.29,1681.29,4
2025-11-17T06:47:24.969927,06:47:24,1602.04,1602.04,4
2025-11-17T06:47:38.247011,06:47:38,1576.89,1576.89,4
2025-11-17T06:47:51.435035,06:47:51,1521.04,1521.04,4
2025-11-17T06:48:04.595831,06:48:04,1563.08,1563.08,4
2025-11-17T06:48:17.243796,06:48:17,1561.23,1561.23,4
2025-11-17T06:48:30.299911,06:48:30,1564.78,1564.78,4
2025-11-17T06:48:43.097383,06:48:43,1526.53,1526.53,4
2025-11-17T06:48:56.339710,06:48:56,1474.39,1474.39,4
2025-11-17T06:49:09.939846,06:49:09,1459.88,1459.88,4
2025-11-17T06:49:22.980679,06:49:22,1462.77,1462.77,4
2025-11-17T06:49:36.229256,06:49:36,1491.98,1491.98,4
2025-11-17T06:49:49.357447,06:49:49,1479.91,1479.91,4
2025-11-17T06:50:02.580754,06:50:02,1478.31,1478.31,4
2025-11-17T06:50:15.848515,06:50:15,1480.35,1480.35,4
2025-11-17T06:50:28.839963,06:50:28,1526.63,1526.63,4
2025-11-17T06:50:42.057398,06:50:42,1564.49,1564.49,4
2025-11-17T06:50:55.401600,06:50:55,1547.06,1547.06,4
2025-11-17T06:51:08.546061,06:51:08,1511.28,1511.28,4
2025-11-17T06:51:21.536381,06:51:21,1446.81,1446.81,4
2025-11-17T06:51:34.484207,06:51:34,1503.49,1503.49,4
2025-11-17T06:51:47.790313,06:51:47,1570.83,1570.83,4
2025-11-17T06:52:01.337736,06:52:01,1582.14,1582.14,4
2025-11-17T06:52:14.641029,06:52:14,1672.29,1672.29,4
2025-11-17T06:52:28.299569,06:52:28,1739.83,1739.83,4
2025-11-17T06:52:41.450688,06:52:41,1812.76,1812.76,4
2025-11-17T06:52:54.440189,06:52:54,1797.41,1797.41,4
2025-11-17T06:53:07.441243,06:53:07,1795.51,1795.51,4
2025-11-17T06:53:20.341312,06:53:20,1766.84,1766.84,4
2025-11-17T06:53:33.094031,06:53:33,1755.8,1755.8,4
2025-11-17T06:53:45.965092,06:53:45,1570.01,1570.01,4
2025-11-17T06:53:59.296315,06:53:59,1474.57,1474.57,4
2025-11-17T06:54:12.245897,06:54:12,1477.27,1477.27,4
2025-11-17T06:54:25.323101,06:54:25,1472.31,1472.31,4
2025-11-17T06:54:38.543055,06:54:38,1487.95,1487.95,4
2025-11-17T06:54:51.541035,06:54:51,1437.93,1437.93,4
2025-11-17T06:55:04.475095,06:55:04,1475.01,1475.01,4
2025-11-17T06:55:17.693278,06:55:17,1468.02,1468.02,4
2025-11-17T06:55:30.715803,06:55:30,1719.76,1719.76,4
2025-11-17T06:55:44.100080,06:55:44,1802.21,1802.21,4
2025-11-17T06:55:57.117887,06:55:57,1752.81,1752.81,4
2025-11-17T06:56:10.028383,06:56:10,1655.68,1655.68,4
2025-11-17T06:56:23.203895,06:56:23,1756.83,1756.83,4
2025-11-17T06:56:36.295294,06:56:36,1767.23,1767.23,4
2025-11-17T06:56:49.327283,06:56:49,1723.27,1723.27,4
2025-11-17T06:57:02.291783,06:57:02,1718.73,1718.73,4
2025-11-17T06:57:15.168051,06:57:15,1724.1,1724.1,4
2025-11-17T06:57:28.249750,06:57:28,1716.42,1716.42,4
2025-11-17T06:57:41.305349,06:57:41,1891.19,1891.19,4
2025-11-17T06:57:54.464740,06:57:54,1900.6,1900.6,4
2025-11-17T06:58:07.809751,06:58:07,2044.32,2044.32,4
2025-11-17T06:58:20.909046,06:58:20,2045.58,2045.58,4
2025-11-17T06:58:34.062791,06:58:34,1946.64,1946.64,4
2025-11-17T06:58:46.678009,06:58:46,1906.97,1906.97,4
2025-11-17T06:59:00.080576,06:59:00,1946.7,1946.7,4
2025-11-17T06:59:13.401258,06:59:13,1901.78,1901.78,4
2025-11-17T06:59:26.660993,06:59:26,1889.46,1889.46,4
2025-11-17T06:59:39.945857,06:59:39,1876.32,1876.32,4
2025-11-17T06:59:52.871970,06:59:52,1946.34,1946.34,4
2025-11-17T07:00:05.738166,07:00:05,1929.01,1929.01,4
2025-11-17T07:00:18.329152,07:00:18,1838.38,1838.38,4
2025-11-17T07:00:31.719783,07:00:31,1793.07,1793.07,4
2025-11-17T07:00:45.109756,07:00:45,1837.03,1837.03,4
2025-11-17T07:00:58.178621,07:00:58,1890.6,1890.6,4
2025-11-17T07:01:10.660269,07:01:10,1832.5,1832.5,4
2025-11-17T07:01:24.804345,07:01:24,1746.28,1746.28,4
2025-11-17T07:01:37.618741,07:01:37,1789.05,1789.05,4
2025-11-17T07:01:51.047344,07:01:51,1771.63,1771.63,4
2025-11-17T07:02:04.678485,07:02:04,1710.66,1710.66,4
2025-11-17T07:02:18.006694,07:02:18,1765.61,1765.61,4
2025-11-17T07:02:31.413312,07:02:31,1825.9,1825.9,4
2025-11-17T07:02:44.672597,07:02:44,1828.47,1828.47,4
2025-11-17T07:02:58.318954,07:02:58,1816.58,1816.58,4
2025-11-17T07:03:11.375390,07:03:11,1735.91,1735.91,4
2025-11-17T07:03:24.704367,07:03:24,1620.65,1620.65,4
2025-11-17T07:03:38.452808,07:03:38,1624.78,1624.78,4
2025-11-17T07:03:51.719020,07:03:51,1605.28,1605.28,4
2025-11-17T07:04:05.698534,07:04:05,1576.63,1576.63,4
2025-11-17T07:04:18.847603,07:04:18,1616.83,1616.83,4
2025-11-17T07:04:32.648587,07:04:32,1684.26,1684.26,4
2025-11-17T07:04:45.575097,07:04:45,1755.21,1755.21,4
2025-11-17T07:04:58.647997,07:04:58,1759.04,1759.04,4
2025-11-17T07:05:11.723298,07:05:11,1855.61,1855.61,4
2025-11-17T07:05:24.904370,07:05:24,1885.62,1885.62,4
2025-11-17T07:05:37.903629,07:05:37,1875.36,1875.36,4
2025-11-17T07:05:51.270387,07:05:51,1801.4,1801.4,4
2025-11-17T07:06:04.378970,07:06:04,1758.65,1758.65,4
2025-11-17T07:06:18.059856,07:06:18,1753.21,1753.21,4
2025-11-17T07:06:31.666593,07:06:31,1806.26,1806.26,4
2025-11-17T07:06:45.457765,07:06:45,1819.93,1819.93,4
2025-11-17T07:06:59.302254,07:06:59,1849.25,1849.25,4
2025-11-17T07:07:12.545048,07:07:12,1917.74,1917.74,4
2025-11-17T07:07:25.300882,07:07:25,1819.65,1819.65,4
2025-11-17T07:07:38.347638,07:07:38,1780.87,1780.87,4
2025-11-17T07:07:51.459818,07:07:51,1773.34,1773.34,4
2025-11-17T07:08:04.743467,07:08:04,1738.24,1738.24,4
2025-11-17T07:08:17.611479,07:08:17,1734.5,1734.5,4
2025-11-17T07:08:31.414037,07:08:31,1773.29,1773.29,4
2025-11-17T07:08:44.555848,07:08:44,1782.36,1782.36,4
2025-11-17T07:08:57.816699,07:08:57,1766.08,1766.08,4
2025-11-17T07:09:11.536986,07:09:11,1742.97,1742.97,4
2025-11-17T07:09:25.337885,07:09:25,1740.89,1740.89,4
2025-11-17T07:09:38.721073,07:09:38,1670.85,1670.85,4
2025-11-17T07:09:52.325363,07:09:52,1674.08,1674.08,4
2025-11-17T07:10:05.635417,07:10:05,1738.2,1738.2,4
2025-11-17T07:10:19.142931,07:10:19,1753.06,1753.06,4
2025-11-17T07:10:31.984807,07:10:31,1754.28,1754.28,4
2025-11-17T07:10:45.403794,07:10:45,1810.1,1810.1,4
2025-11-17T07:10:59.064258,07:10:59,1749.6,1749.6,4
2025-11-17T07:11:12.462541,07:11:12,1644.61,1644.61,4
2025-11-17T07:11:26.489755,07:11:26,1669.77,1669.77,4
2025-11-17T07:11:39.913349,07:11:39,1601.68,1601.68,4
2025-11-17T07:11:53.203029,07:11:53,1650.48,1650.48,4
2025-11-17T07:12:06.505619,07:12:06,1690.86,1690.86,4
2025-11-17T07:12:20.233318,07:12:20,1650.53,1650.53,4
2025-11-17T07:12:33.805997,07:12:33,1666.33,1666.33,4
2025-11-17T07:12:47.422849,07:12:47,1655.18,1655.18,4
2025-11-17T07:13:01.371011,07:13:01,1643.17,1643.17,4
2025-11-17T07:13:14.583803,07:13:14,1611.86,1611.86,4
2025-11-17T07:13:27.772966,07:13:27,1528.59,1528.59,4
2025-11-17T07:13:40.710606,07:13:40,1487.95,1487.95,4
2025-11-17T07:13:53.775832,07:13:53,1545.3,1545.3,4
2025-11-17T07:14:07.125965,07:14:07,1465.24,1465.24,4
2025-11-17T07:14:20.588378,07:14:20,1463.11,1463.11,4
2025-11-17T07:14:34.479042,07:14:34,1508.88,1508.88,4
2025-11-17T07:14:47.403306,07:14:47,1514.93,1514.93,4
2025-11-17T07:15:00.567776,07:15:00,1531.36,1531.36,4
2025-11-17T07:15:13.574178,07:15:13,1572.3,1572.3,4
2025-11-17T07:15:27.583445,07:15:27,1580.26,1580.26,4
2025-11-17T07:15:41.441168,07:15:41,1687.04,1687.04,4
2025-11-17T07:15:54.375110,07:15:54,1697.23,1697.23,4
2025-11-17T07:16:07.559518,07:16:07,1716.79,1716.79,4
2025-11-17T07:16:20.784200,07:16:20,1843.07,1843.07,4
2025-11-17T07:16:34.457969,07:16:34,1807.97,1807.97,4
2025-11-17T07:16:47.650914,07:16:47,1772.42,1772.42,4
2025-11-17T07:17:00.892885,07:17:00,1751.87,1751.87,4
2025-11-17T07:17:14.471140,07:17:14,1723.22,1723.22,4
2025-11-17T07:17:27.381321,07:17:27,1653.98,1653.98,4
2025-11-17T07:17:40.895307,07:17:40,1731.63,1731.63,4
2025-11-17T07:17:54.431176,07:17:54,1663.39,1663.39,4
2025-11-17T07:18:07.855755,07:18:07,1657.29,1657.29,4
2025-11-17T07:18:21.462207,07:18:21,1679.76,1679.76,4
2025-11-17T07:18:35.588283,07:18:35,1679.78,1679.78,4
2025-11-17T07:18:49.287507,07:18:49,1728.07,1728.07,4
2025-11-17T07:19:02.869553,07:19:02,1698.56,1698.56,4
2025-11-17T07:19:16.212936,07:19:16,1635.08,1635.08,4
2025-11-17T07:19:29.295507,07:19:29,1627.98,1627.98,4
2025-11-17T07:19:42.735446,07:19:42,1611.92,1611.92,4
2025-11-17T07:19:56.645922,07:19:56,1496.16,1496.16,4
2025-11-17T07:20:10.269035,07:20:10,1478.06,1478.06,4
2025-11-17T07:20:23.820352,07:20:23,1498.37,1498.37,4
2025-11-17T07:20:37.230936,07:20:37,1527.92,1527.92,4
2025-11-17T07:20:50.810997,07:20:50,1556.9,1556.9,4
2025-11-17T07:21:03.689941,07:21:03,1487.69,1487.69,4
2025-11-17T07:21:16.815712,07:21:16,1435.19,1435.19,4
2025-11-17T07:21:30.388145,07:21:30,1488.01,1488.01,4
2025-11-17T07:21:43.380678,07:21:43,1492.59,1492.59,4
2025-11-17T07:21:56.686849,07:21:56,1507.8,1507.8,4
2025-11-17T07:22:10.488108,07:22:10,1560.15,1560.15,4
2025-11-17T07:22:23.724601,07:22:23,1586.45,1586.45,4
2025-11-17T07:22:37.157362,07:22:37,1511.47,1511.47,4
2025-11-17T07:22:50.239300,07:22:50,1442.99,1442.99,4
2025-11-17T07:23:03.595517,07:23:03,1418.09,1418.09,4
2025-11-17T07:23:17.253771,07:23:17,1373.57,1373.57,4
2025-11-17T07:23:30.673920,07:23:30,1407.67,1407.67,4
2025-11-17T07:23:44.048628,07:23:44,1381.7,1381.7,4
2025-11-17T07:23:57.072605,07:23:57,1341.37,1341.37,4
2025-11-17T07:24:10.513315,07:24:10,1361.31,1361.31,4
2025-11-17T07:24:23.655086,07:24:23,1313.99,1313.99,4
2025-11-17T07:24:36.721694,07:24:36,1327.06,1327.06,4
2025-11-17T07:24:49.823671,07:24:49,1309.63,1309.63,4
2025-11-17T07:25:03.501673,07:25:03,1274.82,1274.82,4
2025-11-17T07:25:16.854541,07:25:16,1263.11,1263.11,4
2025-11-17T07:25:30.340558,07:25:30,1265.58,1265.58,4
2025-11-17T07:25:43.561373,07:25:43,1263.83,1263.83,4
2025-11-17T07:25:57.195199,07:25:57,1265.46,1265.46,4
2025-11-17T07:26:10.639853,07:26:10,1265.82,1265.82,4
2025-11-17T07:26:24.273804,07:26:24,1230.75,1230.75,4
2025-11-17T07:26:37.592655,07:26:37,1137.1,1137.1,4
2025-11-17T07:26:50.116766,07:26:50,1182.37,1182.37,4
2025-11-17T07:27:03.072938,07:27:03,1249.57,1249.57,4
2025-11-17T07:27:16.550538,07:27:16,1277.04,1277.04,4
2025-11-17T07:27:29.327431,07:27:29,1296.37,1296.37,4
2025-11-17T07:27:42.572971,07:27:42,1300.57,1300.57,4
2025-11-17T07:27:55.543329,07:27:55,1320.33,1320.33,4
2025-11-17T07:28:08.689272,07:28:08,1316.93,1316.93,4
2025-11-17T07:28:22.138148,07:28:22,1287.38,1287.38,4
2025-11-17T07:28:35.254007,07:28:35,1284.32,1284.32,4
2025-11-17T07:28:48.662871,07:28:48,1290.46,1290.46,4
2025-11-17T07:29:02.766210,07:29:02,1267.82,1267.82,4
2025-11-17T07:29:16.209413,07:29:16,1231.95,1231.95,4
2025-11-17T07:29:29.478017,07:29:29,1248.62,1248.62,4
2025-11-17T07:29:42.444908,07:29:42,1180.9,1180.9,4
2025-11-17T07:29:55.808977,07:29:55,1176.23,1176.23,4
2025-11-17T07:30:08.973421,07:30:08,1262.29,1262.29,4
2025-11-17T07:30:22.291165,07:30:22,1271.54,1271.54,4
2025-11-17T07:30:35.471948,07:30:35,1203.66,1203.66,4
2025-11-17T07:30:49.466311,07:30:49,1250.53,1250.53,4
2025-11-17T07:31:02.731137,07:31:02,1252.18,1252.18,4
2025-11-17T07:31:16.615537,07:31:16,1269.38,1269.38,4
2025-11-17T07:31:30.572254,07:31:30,1289.84,1289.84,4
2025-11-17T07:31:44.314688,07:31:44,1187.94,1187.94,4
2025-11-17T07:31:58.086006,07:31:58,1160.61,1160.61,4
2025-11-17T07:32:11.337757,07:32:11,1098.55,1098.55,4
2025-11-17T07:32:24.906991,07:32:24,1129.04,1129.04,4
2025-11-17T07:32:38.613116,07:32:38,1096.09,1096.09,4
2025-11-17T07:32:51.731729,07:32:51,1124.17,1124.17,4
2025-11-17T07:33:05.489388,07:33:05,1116.84,1116.84,4
2025-11-17T07:33:18.831919,07:33:18,986.25,986.25,4
2025-11-17T07:33:32.124087,07:33:32,1179.13,1179.13,4
2025-11-17T07:33:45.035266,07:33:45,1377.02,1377.02,4
2025-11-17T07:33:58.647241,07:33:58,1344.36,1344.36,4
2025-11-17T07:34:11.810840,07:34:11,1280.81,1280.81,4
2025-11-17T07:34:24.801180,07:34:24,1337.05,1337.05,4
2025-11-17T07:34:37.884839,07:34:37,1332.11,1332.11,4
2025-11-17T07:34:51.452668,07:34:51,1322.3,1322.3,4
2025-11-17T07:35:05.243611,07:35:05,1382.09,1382.09,4
2025-11-17T07:35:18.714132,07:35:18,1469.46,1469.46,4
2025-11-17T07:35:31.913011,07:35:31,1454.56,1454.56,4
2025-11-17T07:35:45.682753,07:35:45,1425.72,1425.72,4
2025-11-17T07:35:58.566485,07:35:58,1485.42,1485.42,4
2025-11-17T07:36:11.233717,07:36:11,1572.67,1572.67,4
2025-11-17T07:36:24.955887,07:36:24,1526.71,1526.71,4
2025-11-17T07:36:38.128394,07:36:38,1557.29,1557.29,4
2025-11-17T07:36:51.386794,07:36:51,1580.72,1580.72,4
2025-11-17T07:37:04.797185,07:37:04,1653.68,1653.68,4
2025-11-17T07:37:18.508354,07:37:18,1801.96,1801.96,4
2025-11-17T07:37:31.457559,07:37:31,1760.97,1760.97,4
2025-11-17T07:37:44.844764,07:37:44,1740.96,1740.96,4
2025-11-17T07:37:58.659217,07:37:58,1597.93,1597.93,4
2025-11-17T07:38:11.849658,07:38:11,1545.89,1545.89,4
2025-11-17T07:38:25.394122,07:38:25,1486.18,1486.18,4
2025-11-17T07:38:39.417672,07:38:39,1482.42,1482.42,4
2025-11-17T07:38:52.696667,07:38:52,1440.77,1440.77,4
2025-11-17T07:39:06.028070,07:39:06,1419.58,1419.58,4
2025-11-17T07:39:19.711471,07:39:19,1485.36,1485.36,4
2025-11-17T07:39:32.659529,07:39:32,1455.02,1455.02,4
2025-11-17T07:39:45.627715,07:39:45,1511.01,1511.01,4
2025-11-17T07:39:59.611077,07:39:59,1501.2,1501.2,4
2025-11-17T07:40:12.843341,07:40:12,1515.78,1515.78,4
2025-11-17T07:40:25.863982,07:40:25,1551.42,1551.42,4
2025-11-17T07:40:39.434822,07:40:39,1602.22,1602.22,4
2025-11-17T07:40:52.763332,07:40:52,1815.94,1815.94,4
2025-11-17T07:41:06.502514,07:41:06,2109.22,2109.22,4
2025-11-17T07:41:19.995450,07:41:19,2041.25,2041.25,4
2025-11-17T07:41:33.110411,07:41:33,2273.17,2273.17,4
2025-11-17T07:41:46.434778,07:41:46,2322.61,2322.61,4
2025-11-17T07:41:59.560802,07:41:59,2260.9,2260.9,4
2025-11-17T07:42:12.585705,07:42:12,2225.69,2225.69,4
2025-11-17T07:42:26.094834,07:42:26,2190.82,2190.82,4
2025-11-17T07:42:39.149714,07:42:39,2172.62,2172.62,4
2025-11-17T07:42:52.589404,07:42:52,2132.19,2132.19,4
2025-11-17T07:43:05.784040,07:43:05,2143.99,2143.99,4
2025-11-17T07:43:19.306115,07:43:19,2207.55,2207.55,4
2025-11-17T07:43:32.821265,07:43:32,2212.12,2212.12,4
2025-11-17T07:43:45.855109,07:43:45,2306.22,2306.22,4
2025-11-17T07:43:59.266297,07:43:59,2319.32,2319.32,4
2025-11-17T07:44:12.442952,07:44:12,2433.22,2433.22,4
2025-11-17T07:44:25.771255,07:44:25,2392.79,2392.79,4
2025-11-17T07:44:38.685889,07:44:38,2435.74,2435.74,4
2025-11-17T07:44:52.723087,07:44:52,2451.33,2451.33,4
2025-11-17T07:45:06.364247,07:45:06,2475.07,2475.07,4
2025-11-17T07:45:19.269438,07:45:19,2548.73,2548.73,4
2025-11-17T07:45:32.622732,07:45:32,2611.37,2611.37,4
2025-11-17T07:45:46.629412,07:45:46,2629.79,2629.79,4
2025-11-17T07:46:00.543926,07:46:00,2582.59,2582.59,4
2025-11-17T07:46:13.272719,07:46:13,2498.51,2498.51,4
2025-11-17T07:46:26.721534,07:46:26,2416.33,2416.33,4
2025-11-17T07:46:39.794277,07:46:39,2400.22,2400.22,4
2025-11-17T07:46:53.078717,07:46:53,2449.24,2449.24,4
2025-11-17T07:47:06.056093,07:47:06,2449.37,2449.37,4
2025-11-17T07:47:19.090851,07:47:19,2451.98,2451.98,4
2025-11-17T07:47:32.178284,07:47:32,2453.91,2453.91,4
2025-11-17T07:47:45.497740,07:47:45,2271.12,2271.12,4
2025-11-17T07:47:58.397294,07:47:58,2273.17,2273.17,4
2025-11-17T07:48:11.384071,07:48:11,2128.26,2128.26,4
2025-11-17T07:48:24.887740,07:48:24,2059.73,2059.73,4
2025-11-17T07:48:38.434095,07:48:38,2013.57,2013.57,4
2025-11-17T07:48:51.381895,07:48:51,2006.71,2006.71,4
2025-11-17T07:49:05.386392,07:49:05,2029.51,2029.51,4
2025-11-17T07:49:18.433523,07:49:18,2012.38,2012.38,4
2025-11-17T07:49:31.675141,07:49:31,2080.93,2080.93,4
2025-11-17T07:49:45.430542,07:49:45,2044.85,2044.85,4
2025-11-17T07:49:58.687046,07:49:58,2081.36,2081.36,4
2025-11-17T07:50:11.890028,07:50:11,2060.93,2060.93,4
2025-11-17T07:50:24.916862,07:50:24,2094.42,2094.42,4
2025-11-17T07:50:37.770691,07:50:37,2117.86,2117.86,4
2025-11-17T07:50:51.140802,07:50:51,2111.46,2111.46,4
2025-11-17T07:51:04.396376,07:51:04,2187.15,2187.15,4
2025-11-17T07:51:17.368183,07:51:17,2181.36,2181.36,4
2025-11-17T07:51:30.400028,07:51:30,2092.3,2092.3,4
2025-11-17T07:51:43.383186,07:51:43,2125.7,2125.7,4
2025-11-17T07:51:56.594757,07:51:56,2155.74,2155.74,4
2025-11-17T07:52:09.698452,07:52:09,2203.74,2203.74,4
2025-11-17T07:52:23.300082,07:52:23,2243.08,2243.08,4
2025-11-17T07:52:37.135409,07:52:37,2249.42,2249.42,4
2025-11-17T07:52:49.929354,07:52:49,2268.09,2268.09,4
2025-11-17T07:53:03.059376,07:53:03,2299.77,2299.77,4
2025-11-17T07:53:16.320280,07:53:16,2248.76,2248.76,4
2025-11-17T07:53:29.975608,07:53:29,2306.68,2306.68,4
2025-11-17T07:53:43.406740,07:53:43,2329.67,2329.67,4
2025-11-17T07:53:56.763309,07:53:56,2382.86,2382.86,4
2025-11-17T07:54:09.673869,07:54:09,2400.69,2400.69,4
2025-11-17T07:54:22.862199,07:54:22,2388.94,2388.94,4
2025-11-17T07:54:36.282921,07:54:36,2439.35,2439.35,4
2025-11-17T07:54:49.393566,07:54:49,2421.77,2421.77,4
2025-11-17T07:55:03.081391,07:55:03,2412.11,2412.11,4
2025-11-17T07:55:15.669024,07:55:15,2437.4,2437.4,4
2025-11-17T07:55:29.187356,07:55:29,2524.93,2524.93,4
2025-11-17T07:55:42.360967,07:55:42,2427.99,2427.99,4
2025-11-17T07:55:55.634138,07:55:55,2299.28,2299.28,4
2025-11-17T07:56:09.280542,07:56:09,2247.98,2247.98,4
2025-11-17T07:56:22.588161,07:56:22,2282.88,2282.88,4
2025-11-17T07:56:35.827120,07:56:35,2173.41,2173.41,4
2025-11-17T07:56:49.555786,07:56:49,2079.96,2079.96,4
2025-11-17T07:57:02.862311,07:57:02,2084.95,2084.95,4
2025-11-17T07:57:15.818422,07:57:15,2109.63,2109.63,4
2025-11-17T07:57:29.405222,07:57:29,2045.66,2045.66,4
2025-11-17T07:57:43.355946,07:57:43,2098.27,2098.27,4
2025-11-17T07:57:56.750743,07:57:56,2121.98,2121.98,4
2025-11-17T07:58:10.673657,07:58:10,2103.92,2103.92,4
2025-11-17T07:58:24.586445,07:58:24,2126.09,2126.09,4
2025-11-17T07:58:38.597436,07:58:38,2108.93,2108.93,4
2025-11-17T07:58:52.249205,07:58:52,2165.24,2165.24,4
2025-11-17T07:59:05.556731,07:59:05,2180.37,2180.37,4
2025-11-17T07:59:19.615424,07:59:19,2187.54,2187.54,4
2025-11-17T07:59:33.655273,07:59:33,2166.23,2166.23,4
2025-11-17T07:59:47.292219,07:59:47,2165.24,2165.24,4
2025-11-17T08:00:00.568861,08:00:00,2222.58,2222.58,4
2025-11-17T08:00:13.752367,08:00:13,2353.43,2353.43,4
2025-11-17T08:00:26.819349,08:00:26,2272.72,2272.72,4
2025-11-17T08:00:40.363266,08:00:40,2322.07,2322.07,4
2025-11-17T08:00:53.593335,08:00:53,2311.4,2311.4,4
2025-11-17T08:01:06.410340,08:01:06,2382.07,2382.07,4
2025-11-17T08:01:20.813411,08:01:20,2329.27,2329.27,4
2025-11-17T08:01:34.246722,08:01:34,2275.61,2275.61,4
2025-11-17T08:01:47.914609,08:01:47,2324.53,2324.53,4
2025-11-17T08:02:01.353769,08:02:01,2218.82,2218.82,4
2025-11-17T08:02:14.770490,08:02:14,2308.26,2308.26,4
2025-11-17T08:02:28.296879,08:02:28,2284.22,2284.22,4
2025-11-17T08:02:41.458381,08:02:41,2247.79,2247.79,4
2025-11-17T08:02:54.905938,08:02:54,2288.21,2288.21,4
2025-11-17T08:03:08.835025,08:03:08,2307.52,2307.52,4
2025-11-17T08:03:22.382946,08:03:22,2303.4,2303.4,4
2025-11-17T08:03:35.671153,08:03:35,2292.55,2292.55,4
2025-11-17T08:03:48.870302,08:03:48,2226.02,2226.02,4
2025-11-17T08:04:02.178263,08:04:02,2150.0,2150.0,4
2025-11-17T08:04:15.388024,08:04:15,2162.45,2162.45,4
2025-11-17T08:04:29.531405,08:04:29,2225.3,2225.3,4
2025-11-17T08:04:42.858205,08:04:42,2224.51,2224.51,4
2025-11-17T08:04:55.842840,08:04:55,2186.51,2186.51,4
2025-11-17T08:05:09.505436,08:05:09,2226.64,2226.64,4
2025-11-17T08:05:22.574377,08:05:22,2218.04,2218.04,4
2025-11-17T08:05:35.881998,08:05:35,2193.22,2193.22,4
2025-11-17T08:05:48.829294,08:05:48,2175.77,2175.77,4
2025-11-17T08:06:02.306369,08:06:02,2179.34,2179.34,4
2025-11-17T08:06:15.430984,08:06:15,2176.2,2176.2,4
2025-11-17T08:06:28.488460,08:06:28,2167.39,2167.39,4
2025-11-17T08:06:41.283197,08:06:41,2152.91,2152.91,4
2025-11-17T08:06:54.451639,08:06:54,2155.88,2155.88,4
2025-11-17T08:07:07.689482,08:07:07,2170.86,2170.86,4
2025-11-17T08:07:21.779144,08:07:21,2142.61,2142.61,4
2025-11-17T08:07:35.115415,08:07:35,2146.25,2146.25,4
2025-11-17T08:07:48.502084,08:07:48,2144.27,2144.27,4
2025-11-17T08:08:02.546481,08:08:02,2120.68,2120.68,4
2025-11-17T08:08:16.405627,08:08:16,2160.62,2160.62,4
2025-11-17T08:08:29.650104,08:08:29,2135.85,2135.85,4
2025-11-17T08:08:42.599844,08:08:42,2084.41,2084.41,4
2025-11-17T08:08:55.767652,08:08:55,2077.27,2077.27,4
2025-11-17T08:09:08.824958,08:09:08,2008.53,2008.53,4
2025-11-17T08:09:22.735543,08:09:22,1977.62,1977.62,4
2025-11-17T08:09:36.415520,08:09:36,1916.46,1916.46,4
2025-11-17T08:09:49.364639,08:09:49,1946.1,1946.1,4
2025-11-17T08:10:02.377260,08:10:02,2000.44,2000.44,4
2025-11-17T08:10:15.103020,08:10:15,2080.48,2080.48,4
2025-11-17T08:10:28.027057,08:10:28,2082.4,2082.4,4
2025-11-17T08:10:41.410962,08:10:41,2078.63,2078.63,4
2025-11-17T08:10:54.767540,08:10:54,2156.07,2156.07,4
2025-11-17T08:11:07.715235,08:11:07,2177.01,2177.01,4
2025-11-17T08:11:20.839338,08:11:20,2157.79,2157.79,4
2025-11-17T08:11:33.584347,08:11:33,2092.95,2092.95,4
2025-11-17T08:11:46.630264,08:11:46,2150.22,2150.22,4
2025-11-17T08:11:59.836298,08:11:59,2162.42,2162.42,4
2025-11-17T08:12:13.232657,08:12:13,2125.19,2125.19,4
2025-11-17T08:12:26.422975,08:12:26,2138.81,2138.81,4
2025-11-17T08:12:39.705871,08:12:39,2089.48,2089.48,4
2025-11-17T08:12:52.958910,08:12:52,2100.72,2100.72,4
2025-11-17T08:13:06.757930,08:13:06,2048.91,2048.91,4
2025-11-17T08:13:19.770751,08:13:19,1938.24,1938.24,4
2025-11-17T08:13:33.404314,08:13:33,1925.88,1925.88,4
2025-11-17T08:13:46.640538,08:13:46,1899.87,1899.87,4
2025-11-17T08:13:59.675625,08:13:59,1893.14,1893.14,4
2025-11-17T08:14:12.683895,08:14:12,1935.78,1935.78,4
2025-11-17T08:14:25.747740,08:14:25,1942.08,1942.08,4
2025-11-17T08:14:38.787294,08:14:38,1991.79,1991.79,4
2025-11-17T08:14:51.844636,08:14:51,1983.93,1983.93,4
2025-11-17T08:15:04.629663,08:15:04,2031.22,2031.22,4
2025-11-17T08:15:17.122967,08:15:17,1978.83,1978.83,4
2025-11-17T08:15:30.365556,08:15:30,1992.34,1992.34,4
2025-11-17T08:15:43.705586,08:15:43,2030.89,2030.89,4
2025-11-17T08:15:56.694883,08:15:56,2027.57,2027.57,4
2025-11-17T08:16:10.126433,08:16:10,1998.9,1998.9,4
2025-11-17T08:16:23.121920,08:16:23,1956.49,1956.49,4
2025-11-17T08:16:35.901881,08:16:35,1947.46,1947.46,4
2025-11-17T08:16:49.402089,08:16:49,1907.59,1907.59,4
2025-11-17T08:17:03.095254,08:17:03,1964.27,1964.27,4
2025-11-17T08:17:16.312900,08:17:16,1966.48,1966.48,4
2025-11-17T08:17:29.601805,08:17:29,1963.28,1963.28,4
2025-11-17T08:17:42.828479,08:17:42,1932.18,1932.18,4
2025-11-17T08:17:56.510419,08:17:56,1966.53,1966.53,4
2025-11-17T08:18:10.532366,08:18:10,1958.77,1958.77,4
2025-11-17T08:18:24.246809,08:18:24,1947.25,1947.25,4
2025-11-17T08:18:37.256578,08:18:37,1929.48,1929.48,4
2025-11-17T08:18:50.835182,08:18:50,1928.43,1928.43,4
2025-11-17T08:19:04.163753,08:19:04,1936.68,1936.68,4
2025-11-17T08:19:17.066065,08:19:17,1941.01,1941.01,4
2025-11-17T08:19:30.713478,08:19:30,1992.97,1992.97,4
2025-11-17T08:19:44.814353,08:19:44,2029.51,2029.51,4
2025-11-17T08:19:57.843196,08:19:57,2015.58,2015.58,4
2025-11-17T08:20:10.527611,08:20:10,2005.52,2005.52,4
2025-11-17T08:20:23.937688,08:20:23,2014.27,2014.27,4
2025-11-17T08:20:37.204204,08:20:37,2023.24,2023.24,4
2025-11-17T08:20:50.879451,08:20:50,2017.53,2017.53,4
2025-11-17T08:21:03.960026,08:21:03,2048.91,2048.91,4
2025-11-17T08:21:17.148792,08:21:17,2129.45,2129.45,4
2025-11-17T08:21:30.616760,08:21:30,2045.59,2045.59,4
2025-11-17T08:21:43.462106,08:21:43,1997.14,1997.14,4
2025-11-17T08:21:56.777053,08:21:56,1893.39,1893.39,4
2025-11-17T08:22:10.144319,08:22:10,1867.78,1867.78,4
2025-11-17T08:22:22.932486,08:22:22,1925.85,1925.85,4
2025-11-17T08:22:35.897283,08:22:35,1948.47,1948.47,4
2025-11-17T08:22:49.251639,08:22:49,1968.99,1968.99,4
2025-11-17T08:23:02.460144,08:23:02,2006.33,2006.33,4
2025-11-17T08:23:15.253398,08:23:15,2053.26,2053.26,4
2025-11-17T08:23:28.190229,08:23:28,2090.75,2090.75,4
2025-11-17T08:23:41.286462,08:23:41,2044.15,2044.15,4
2025-11-17T08:23:54.761588,08:23:54,2048.53,2048.53,4
2025-11-17T08:24:08.338005,08:24:08,2039.99,2039.99,4
2025-11-17T08:24:21.494215,08:24:21,2047.0,2047.0,4
2025-11-17T08:24:34.597797,08:24:34,1993.74,1993.74,4
2025-11-17T08:24:47.732245,08:24:47,1972.1,1972.1,4
2025-11-17T08:25:01.098524,08:25:01,1959.37,1959.37,4
2025-11-17T08:25:14.058581,08:25:14,1981.3,1981.3,4
2025-11-17T08:25:27.172052,08:25:27,1991.4,1991.4,4
2025-11-17T08:25:40.139830,08:25:40,2017.94,2017.94,4
2025-11-17T08:25:53.116809,08:25:53,1983.3,1983.3,4
2025-11-17T08:26:05.988684,08:26:05,2044.92,2044.92,4
2025-11-17T08:26:19.642418,08:26:19,2048.8,2048.8,4
2025-11-17T08:26:32.450356,08:26:32,2067.33,2067.33,4
2025-11-17T08:26:45.562074,08:26:45,2077.1,2077.1,4
2025-11-17T08:26:58.550029,08:26:58,2073.92,2073.92,4
2025-11-17T08:27:12.423888,08:27:12,2006.28,2006.28,4
2025-11-17T08:27:26.180876,08:27:26,1993.15,1993.15,4
2025-11-17T08:27:39.144102,08:27:39,1988.52,1988.52,4
2025-11-17T08:27:52.322757,08:27:52,2007.09,2007.09,4
2025-11-17T08:28:05.119946,08:28:05,2051.1,2051.1,4
2025-11-17T08:28:17.752054,08:28:17,2053.39,2053.39,4
2025-11-17T08:28:31.158741,08:28:31,2023.48,2023.48,4
2025-11-17T08:28:44.224797,08:28:44,2017.01,2017.01,4
2025-11-17T08:28:57.229970,08:28:57,2012.5,2012.5,4
2025-11-17T08:29:10.491914,08:29:10,1956.29,1956.29,4
2025-11-17T08:29:23.645798,08:29:23,1953.71,1953.71,4
2025-11-17T08:29:36.668024,08:29:36,1960.06,1960.06,4
2025-11-17T08:29:49.656649,08:29:49,2048.22,2048.22,4
2025-11-17T08:30:03.288832,08:30:03,2051.12,2051.12,4
2025-11-17T08:30:16.429556,08:30:16,2072.99,2072.99,4
2025-11-17T08:30:29.324525,08:30:29,2115.64,2115.64,4
2025-11-17T08:30:42.164584,08:30:42,2151.76,2151.76,4
2025-11-17T08:30:55.453013,08:30:55,2176.92,2176.92,4
2025-11-17T08:31:08.762633,08:31:08,2200.98,2200.98,4
2025-11-17T08:31:22.486558,08:31:22,2215.25,2215.25,4
2025-11-17T08:31:36.519038,08:31:36,2203.75,2203.75,4
2025-11-17T08:31:50.255144,08:31:50,2197.53,2197.53,4
2025-11-17T08:32:03.483872,08:32:03,2214.06,2214.06,4
2025-11-17T08:32:16.810499,08:32:16,2259.52,2259.52,4
2025-11-17T08:32:29.918560,08:32:29,2236.09,2236.09,4
2025-11-17T08:32:42.698873,08:32:42,2269.28,2269.28,4
2025-11-17T08:32:55.885741,08:32:55,2247.21,2247.21,4
2025-11-17T08:33:08.797302,08:33:08,2212.36,2212.36,4
2025-11-17T08:33:21.906940,08:33:21,2229.49,2229.49,4
2025-11-17T08:33:35.416331,08:33:35,2226.75,2226.75,4
2025-11-17T08:33:48.261803,08:33:48,2217.09,2217.09,4
2025-11-17T08:34:01.267925,08:34:01,2230.8,2230.8,4
2025-11-17T08:34:14.588867,08:34:14,2231.03,2231.03,4
2025-11-17T08:34:27.717095,08:34:27,2257.59,2257.59,4
2025-11-17T08:34:40.602218,08:34:40,2190.3,2190.3,4
2025-11-17T08:34:53.879878,08:34:53,2198.98,2198.98,4
2025-11-17T08:35:06.810861,08:35:06,2205.87,2205.87,4
2025-11-17T08:35:19.593974,08:35:19,2195.6,2195.6,4
2025-11-17T08:35:32.736812,08:35:32,2181.01,2181.01,4
2025-11-17T08:35:46.361630,08:35:46,2222.16,2222.16,4
2025-11-17T08:35:59.169779,08:35:59,2304.1,2304.1,4
2025-11-17T08:36:12.402033,08:36:12,2314.74,2314.74,4
2025-11-17T08:36:25.351849,08:36:25,2371.75,2371.75,4
2025-11-17T08:36:38.494713,08:36:38,2418.18,2418.18,4
2025-11-17T08:36:52.219697,08:36:52,2443.19,2443.19,4
2025-11-17T08:37:05.609303,08:37:05,2480.31,2480.31,4
2025-11-17T08:37:19.020556,08:37:19,2479.56,2479.56,4
2025-11-17T08:37:32.118388,08:37:32,2448.78,2448.78,4
2025-11-17T08:37:45.423039,08:37:45,2442.8,2442.8,4
2025-11-17T08:37:58.497136,08:37:58,2456.59,2456.59,4
2025-11-17T08:38:12.234614,08:38:12,2548.07,2548.07,4
2025-11-17T08:38:25.377883,08:38:25,2553.6,2553.6,4
2025-11-17T08:38:38.620720,08:38:38,2527.51,2527.51,4
2025-11-17T08:38:51.834433,08:38:51,2581.75,2581.75,4
2025-11-17T08:39:04.686514,08:39:04,2561.54,2561.54,4
2025-11-17T08:39:18.166399,08:39:18,2579.82,2579.82,4
2025-11-17T08:39:31.367205,08:39:31,2626.93,2626.93,4
2025-11-17T08:39:43.642005,08:39:43,2635.73,2635.73,4
2025-11-17T08:39:57.010405,08:39:57,2731.13,2731.13,4
2025-11-17T08:40:10.857114,08:40:10,2754.28,2754.28,4
2025-11-17T08:40:24.564155,08:40:24,2764.94,2764.94,4
2025-11-17T08:40:38.439572,08:40:38,2755.47,2755.47,4
2025-11-17T08:40:51.885063,08:40:51,2833.19,2833.19,4
2025-11-17T08:41:05.126610,08:41:05,2823.14,2823.14,4
2025-11-17T08:41:18.274985,08:41:18,2812.91,2812.91,4
2025-11-17T08:41:31.270324,08:41:31,2840.27,2840.27,4
2025-11-17T08:41:44.479218,08:41:44,2970.33,2970.33,4
2025-11-17T08:41:57.435588,08:41:57,2992.79,2992.79,4
2025-11-17T08:42:10.393218,08:42:10,3038.81,3038.81,4
2025-11-17T08:42:23.533603,08:42:23,3110.73,3110.73,4
2025-11-17T08:42:36.975895,08:42:36,3163.52,3163.52,4
2025-11-17T08:42:50.118084,08:42:50,3161.74,3161.74,4
2025-11-17T08:43:03.171357,08:43:03,3121.0,3121.0,4
2025-11-17T08:43:16.239176,08:43:16,3082.49,3082.49,4
2025-11-17T08:43:29.652303,08:43:29,3123.23,3123.23,4
2025-11-17T08:43:42.979823,08:43:42,3147.58,3147.58,4
2025-11-17T08:43:56.466849,08:43:56,3130.63,3130.63,4
2025-11-17T08:44:09.295733,08:44:09,3130.43,3130.43,4
2025-11-17T08:44:22.339450,08:44:22,3126.36,3126.36,4
2025-11-17T08:44:35.712480,08:44:35,3168.62,3168.62,4
2025-11-17T08:44:48.389132,08:44:48,3170.43,3170.43,4
2025-11-17T08:45:01.466936,08:45:01,3238.53,3238.53,4
2025-11-17T08:45:14.170430,08:45:14,3322.66,3322.66,4
2025-11-17T08:45:27.307917,08:45:27,3353.47,3353.47,4
2025-11-17T08:45:40.491348,08:45:40,3422.37,3422.37,4
2025-11-17T08:45:53.836394,08:45:53,3473.68,3473.68,4
2025-11-17T08:46:06.818696,08:46:06,3509.84,3509.84,4
2025-11-17T08:46:19.907843,08:46:19,3516.72,3516.72,4
2025-11-17T08:46:33.341624,08:46:33,3514.47,3514.47,4
2025-11-17T08:46:46.719619,08:46:46,3473.9,3473.9,4
2025-11-17T08:46:59.805107,08:46:59,3448.5,3448.5,4
2025-11-17T08:47:13.019666,08:47:13,3421.58,3421.58,4
2025-11-17T08:47:26.246792,08:47:26,3371.77,3371.77,4
2025-11-17T08:47:39.338021,08:47:39,3351.38,3351.38,4
2025-11-17T08:47:52.732706,08:47:52,3365.74,3365.74,4
2025-11-17T08:48:06.367309,08:48:06,3330.64,3330.64,4
2025-11-17T08:48:19.629574,08:48:19,3286.69,3286.69,4
2025-11-17T08:48:32.548936,08:48:32,3242.12,3242.12,4
2025-11-17T08:48:45.790879,08:48:45,3218.86,3218.86,4
2025-11-17T08:48:58.586228,08:48:58,3212.34,3212.34,4
2025-11-17T08:49:12.239433,08:49:12,3179.93,3179.93,4
2025-11-17T08:49:25.691888,08:49:25,3070.44,3070.44,4
2025-11-17T08:49:38.765421,08:49:38,2993.82,2993.82,4
2025-11-17T08:49:51.620293,08:49:51,3029.8,3029.8,4
2025-11-17T08:50:04.991197,08:50:04,3061.34,3061.34,4
2025-11-17T08:50:17.957456,08:50:17,3042.32,3042.32,4
2025-11-17T08:50:31.406906,08:50:31,3072.48,3072.48,4
2025-11-17T08:50:44.481550,08:50:44,3110.11,3110.11,4
2025-11-17T08:50:57.630092,08:50:57,3097.72,3097.72,4
2025-11-17T08:51:10.408366,08:51:10,3118.75,3118.75,4
2025-11-17T08:51:23.609704,08:51:23,3064.82,3064.82,4
2025-11-17T08:51:36.765791,08:51:36,3057.1,3057.1,4
2025-11-17T08:51:50.138901,08:51:50,3237.01,3237.01,4
2025-11-17T08:52:02.953086,08:52:02,3169.06,3169.06,4
2025-11-17T08:52:16.308864,08:52:16,3162.82,3162.82,4
2025-11-17T08:52:29.457731,08:52:29,3230.53,3230.53,4
2025-11-17T08:52:42.742112,08:52:42,3254.65,3254.65,4
2025-11-17T08:52:55.587360,08:52:55,3295.01,3295.01,4
2025-11-17T08:53:08.685637,08:53:08,3355.88,3355.88,4
2025-11-17T08:53:22.219388,08:53:22,3339.03,3339.03,4
2025-11-17T08:53:35.902461,08:53:35,3526.78,3526.78,4
2025-11-17T08:53:48.790275,08:53:48,3591.17,3591.17,4
2025-11-17T08:54:01.300851,08:54:01,3629.17,3629.17,4
2025-11-17T08:54:14.689894,08:54:14,3711.84,3711.84,4
2025-11-17T08:54:27.684792,08:54:27,3634.47,3634.47,4
2025-11-17T08:54:40.420539,08:54:40,3561.8,3561.8,4
2025-11-17T08:54:54.262442,08:54:54,3504.34,3504.34,4
2025-11-17T08:55:07.949277,08:55:07,3533.17,3533.17,4
2025-11-17T08:55:20.922163,08:55:20,3501.14,3501.14,4
2025-11-17T08:55:34.397940,08:55:34,3555.87,3555.87,4
2025-11-17T08:55:47.333953,08:55:47,3504.89,3504.89,4
2025-11-17T08:56:00.087964,08:56:00,3535.53,3535.53,4
2025-11-17T08:56:13.258692,08:56:13,3604.39,3604.39,4
2025-11-17T08:56:25.939649,08:56:25,3706.31,3706.31,4
2025-11-17T08:56:39.421243,08:56:39,3671.44,3671.44,4
2025-11-17T08:56:52.714936,08:56:52,3699.84,3699.84,4
2025-11-17T08:57:05.634480,08:57:05,3614.59,3614.59,4
2025-11-17T08:57:18.799305,08:57:18,3580.86,3580.86,4
2025-11-17T08:57:32.446704,08:57:32,3517.21,3517.21,4
2025-11-17T08:57:45.672526,08:57:45,3460.63,3460.63,4
2025-11-17T08:57:59.001747,08:57:59,3466.86,3466.86,4
2025-11-17T08:58:12.635246,08:58:12,3392.46,3392.46,4
2025-11-17T08:58:25.937063,08:58:25,3413.39,3413.39,4
2025-11-17T08:58:39.763946,08:58:39,3411.45,3411.45,4
2025-11-17T08:58:52.961284,08:58:52,3462.39,3462.39,4
2025-11-17T08:59:06.075142,08:59:06,3444.52,3444.52,4
2025-11-17T08:59:18.855388,08:59:18,3503.27,3503.27,4
2025-11-17T08:59:31.912143,08:59:31,3483.8,3483.8,4
2025-11-17T08:59:45.186216,08:59:45,3479.38,3479.38,4
2025-11-17T08:59:59.067165,08:59:59,3472.61,3472.61,4
2025-11-17T09:00:12.421775,09:00:12,3513.34,3513.34,4
2025-11-17T09:00:25.358822,09:00:25,3506.82,3506.82,4
2025-11-17T09:00:38.182558,09:00:38,3523.98,3523.98,4
2025-11-17T09:00:51.566828,09:00:51,3520.25,3520.25,4
2025-11-17T09:01:05.585420,09:01:05,3591.66,3591.66,4
2025-11-17T09:01:19.335975,09:01:19,3635.74,3635.74,4
2025-11-17T09:01:32.921524,09:01:32,3695.33,3695.33,4
2025-11-17T09:01:45.486271,09:01:45,3726.9,3726.9,4
2025-11-17T09:01:57.629016,09:01:57,3763.35,3763.35,4
2025-11-17T09:02:09.618614,09:02:09,3760.68,3760.68,4
2025-11-17T09:02:21.852045,09:02:21,3743.72,3743.72,4
2025-11-17T09:02:34.207981,09:02:34,3707.76,3707.76,4
2025-11-17T09:02:46.881704,09:02:46,3709.61,3709.61,4
2025-11-17T09:02:59.717779,09:02:59,3717.45,3717.45,4
2025-11-17T09:03:12.215834,09:03:12,3760.9,3760.9,4
2025-11-17T09:03:24.508172,09:03:24,3739.09,3739.09,4
2025-11-17T09:03:36.814473,09:03:36,3721.72,3721.72,4
2025-11-17T09:03:49.241692,09:03:49,3764.86,3764.86,4
2025-11-17T09:04:02.211681,09:04:02,3770.8,3770.8,4
2025-11-17T09:04:14.726810,09:04:14,3711.98,3711.98,4
2025-11-17T09:04:26.910169,09:04:26,3694.16,3694.16,4
2025-11-17T09:04:39.292232,09:04:39,3678.41,3678.41,4
2025-11-17T09:04:51.579997,09:04:51,3635.17,3635.17,4
2025-11-17T09:05:03.670291,09:05:03,3665.63,3665.63,4
2025-11-17T09:05:15.897985,09:05:15,3717.96,3717.96,4
2025-11-17T09:05:28.278857,09:05:28,3686.65,3686.65,4
2025-11-17T09:05:40.997384,09:05:40,3531.6,3531.6,4
2025-11-17T09:05:52.892549,09:05:52,3497.37,3497.37,4
2025-11-17T09:06:05.059012,09:06:05,3526.78,3526.78,4
2025-11-17T09:06:17.459857,09:06:17,3558.07,3558.07,4
2025-11-17T09:06:30.170017,09:06:30,3514.97,3514.97,4
2025-11-17T09:06:42.797025,09:06:42,3507.84,3507.84,4
2025-11-17T09:06:54.931162,09:06:54,3532.37,3532.37,4
2025-11-17T09:07:07.188934,09:07:07,3533.32,3533.32,4
2025-11-17T09:07:19.576045,09:07:19,3525.54,3525.54,4
2025-11-17T09:07:31.918366,09:07:31,3517.16,3517.16,4
2025-11-17T09:07:44.067654,09:07:44,3491.89,3491.89,4
2025-11-17T09:07:56.047913,09:07:56,3482.92,3482.92,4
2025-11-17T09:08:08.134886,09:08:08,3451.34,3451.34,4
2025-11-17T09:08:20.642227,09:08:20,3438.29,3438.29,4
2025-11-17T09:08:33.024807,09:08:33,3428.29,3428.29,4
2025-11-17T09:08:45.366619,09:08:45,3408.39,3408.39,4
2025-11-17T09:08:57.617189,09:08:57,3398.51,3398.51,4
2025-11-17T09:09:09.874911,09:09:09,3345.5,3345.5,4
2025-11-17T09:09:22.297414,09:09:22,3365.66,3365.66,4
2025-11-17T09:09:34.583714,09:09:34,3337.96,3337.96,4
2025-11-17T09:09:47.661235,09:09:47,3328.88,3328.88,4
2025-11-17T09:10:00.213304,09:10:00,3257.92,3257.92,4
2025-11-17T09:10:12.834903,09:10:12,3240.09,3240.09,4
2025-11-17T09:10:25.798763,09:10:25,3292.43,3292.43,4
2025-11-17T09:10:38.751788,09:10:38,3307.43,3307.43,4
2025-11-17T09:10:51.055233,09:10:51,3353.87,3353.87,4
2025-11-17T09:11:03.768818,09:11:03,3463.16,3463.16,4
2025-11-17T09:11:15.957381,09:11:15,3464.7,3464.7,4
2025-11-17T09:11:28.418343,09:11:28,3474.11,3474.11,4
2025-11-17T09:11:40.635269,09:11:40,3472.21,3472.21,4
2025-11-17T09:11:53.723531,09:11:53,3603.61,3603.61,4
2025-11-17T09:12:06.662780,09:12:06,3720.16,3720.16,4
2025-11-17T09:12:19.296721,09:12:19,3788.71,3788.71,4
2025-11-17T09:12:31.825410,09:12:31,3805.61,3805.61,4
2025-11-17T09:12:44.224632,09:12:44,3801.33,3801.33,4
2025-11-17T09:12:56.405128,09:12:56,3803.4,3803.4,4
2025-11-17T09:13:08.623247,09:13:08,3751.36,3751.36,4
2025-11-17T09:13:21.026893,09:13:21,3680.15,3680.15,4
2025-11-17T09:13:34.451852,09:13:34,3662.86,3662.86,4
2025-11-17T09:13:47.646200,09:13:47,3603.72,3603.72,4
2025-11-17T09:14:00.535996,09:14:00,3512.63,3512.63,4
2025-11-17T09:14:13.462363,09:14:13,3511.48,3511.48,4
2025-11-17T09:14:26.482496,09:14:26,3467.38,3467.38,4
2025-11-17T09:14:39.522859,09:14:39,3504.09,3504.09,4
2025-11-17T09:14:52.761423,09:14:52,3503.87,3503.87,4
2025-11-17T09:15:06.277890,09:15:06,3484.2,3484.2,4
2025-11-17T09:15:18.931971,09:15:18,3516.05,3516.05,4
2025-11-17T09:15:31.456829,09:15:31,3489.58,3489.58,4
2025-11-17T09:15:43.671662,09:15:43,3452.89,3452.89,4
2025-11-17T09:15:55.694321,09:15:55,3417.45,3417.45,4
2025-11-17T09:16:07.734972,09:16:07,3489.07,3489.07,4
2025-11-17T09:16:20.145256,09:16:20,3525.68,3525.68,4
2025-11-17T09:16:32.730962,09:16:32,3557.72,3557.72,4
2025-11-17T09:16:45.502725,09:16:45,3600.4,3600.4,4
2025-11-17T09:16:57.738878,09:16:57,3527.21,3527.21,4
2025-11-17T09:17:10.389941,09:17:10,3424.61,3424.61,4
2025-11-17T09:17:22.641492,09:17:22,3505.46,3505.46,4
2025-11-17T09:17:35.258643,09:17:35,3546.8,3546.8,4
2025-11-17T09:17:47.650219,09:17:47,3543.91,3543.91,4
2025-11-17T09:18:00.063267,09:18:00,3539.0,3539.0,4
2025-11-17T09:18:12.324550,09:18:12,3526.12,3526.12,4
2025-11-17T09:18:24.523382,09:18:24,3538.42,3538.42,4
2025-11-17T09:18:36.663877,09:18:36,3486.76,3486.76,4
2025-11-17T09:18:49.253807,09:18:49,3480.34,3480.34,4
2025-11-17T09:19:01.039686,09:19:01,3476.17,3476.17,4
2025-11-17T09:19:12.966653,09:19:12,3483.5,3483.5,4
2025-11-17T09:19:25.126364,09:19:25,3483.39,3483.39,4
2025-11-17T09:19:37.378736,09:19:37,3494.69,3494.69,4
2025-11-17T09:19:49.833611,09:19:49,3486.39,3486.39,4
2025-11-17T09:20:02.290704,09:20:02,3481.56,3481.56,4
2025-11-17T09:20:14.377293,09:20:14,3501.52,3501.52,4
2025-11-17T09:20:26.561332,09:20:26,3517.57,3517.57,4
2025-11-17T09:20:38.790062,09:20:38,3564.09,3564.09,4
2025-11-17T09:20:51.388092,09:20:51,3498.15,3498.15,4
2025-11-17T09:21:04.020276,09:21:04,3511.67,3511.67,4
2025-11-17T09:21:16.535472,09:21:16,3544.02,3544.02,4
2025-11-17T09:21:28.689256,09:21:28,3602.63,3602.63,4
2025-11-17T09:21:41.691027,09:21:41,3642.1,3642.1,4
2025-11-17T09:21:54.522946,09:21:54,3653.82,3653.82,4
2025-11-17T09:22:06.937623,09:22:06,3717.56,3717.56,4
2025-11-17T09:22:19.241346,09:22:19,3727.69,3727.69,4
2025-11-17T09:22:31.523994,09:22:31,3745.03,3745.03,4
2025-11-17T09:22:43.818531,09:22:43,3771.56,3771.56,4
2025-11-17T09:22:56.330061,09:22:56,3768.84,3768.84,4
2025-11-17T09:23:08.507973,09:23:08,3765.61,3765.61,4
2025-11-17T09:23:20.598152,09:23:20,3748.23,3748.23,4
2025-11-17T09:23:33.422828,09:23:33,3752.22,3752.22,4
2025-11-17T09:23:46.444110,09:23:46,3776.64,3776.64,4
2025-11-17T09:23:59.452077,09:23:59,3807.82,3807.82,4
2025-11-17T09:24:12.379148,09:24:12,3741.04,3741.04,4
2025-11-17T09:24:24.667783,09:24:24,3745.28,3745.28,4
2025-11-17T09:24:36.921068,09:24:36,3713.68,3713.68,4
2025-11-17T09:24:49.116359,09:24:49,3689.19,3689.19,4
2025-11-17T09:25:01.808463,09:25:01,3658.79,3658.79,4
2025-11-17T09:25:14.455831,09:25:14,3675.99,3675.99,4
2025-11-17T09:25:26.747869,09:25:26,3580.44,3580.44,4
2025-11-17T09:25:38.724425,09:25:38,3631.57,3631.57,4
2025-11-17T09:25:50.821214,09:25:50,3591.17,3591.17,4
2025-11-17T09:26:02.962239,09:26:02,3569.9,3569.9,4
2025-11-17T09:26:15.880628,09:26:15,3634.03,3634.03,4
2025-11-17T09:26:28.900980,09:26:28,3685.43,3685.43,4
2025-11-17T09:26:41.819953,09:26:41,3678.33,3678.33,4
2025-11-17T09:26:55.422041,09:26:55,3646.68,3646.68,4
2025-11-17T09:27:08.702285,09:27:08,3679.44,3679.44,4
2025-11-17T09:27:22.021415,09:27:22,3670.75,3670.75,4
2025-11-17T09:27:34.954535,09:27:34,3675.1,3675.1,4
2025-11-17T09:27:47.914763,09:27:47,3616.25,3616.25,4
2025-11-17T09:28:00.767578,09:28:00,3617.5,3617.5,4
2025-11-17T09:28:14.668887,09:28:14,3619.72,3619.72,4
2025-11-17T09:28:28.570824,09:28:28,3702.57,3702.57,4
2025-11-17T09:28:41.753413,09:28:41,3779.59,3779.59,4
2025-11-17T09:28:55.369010,09:28:55,3749.07,3749.07,4
2025-11-17T09:29:08.386548,09:29:08,3744.75,3744.75,4
2025-11-17T09:29:21.360811,09:29:21,3744.91,3744.91,4
2025-11-17T09:29:34.057751,09:29:34,3766.43,3766.43,4
2025-11-17T09:29:46.446488,09:29:46,3774.78,3774.78,4
2025-11-17T09:29:59.610899,09:29:59,3822.52,3822.52,4
2025-11-17T09:30:12.340347,09:30:12,3868.35,3868.35,4
2025-11-17T09:30:25.523047,09:30:25,3876.45,3876.45,4
2025-11-17T09:30:39.252158,09:30:39,3863.72,3863.72,4
2025-11-17T09:30:52.022609,09:30:52,3871.56,3871.56,4
2025-11-17T09:31:05.667625,09:31:05,3883.84,3883.84,4
2025-11-17T09:31:18.557306,09:31:18,3913.67,3913.67,4
2025-11-17T09:31:31.460184,09:31:31,3872.01,3872.01,4
2025-11-17T09:31:44.813669,09:31:44,3867.35,3867.35,4
2025-11-17T09:31:57.470149,09:31:57,3835.25,3835.25,4
2025-11-17T09:32:10.798042,09:32:10,3838.09,3838.09,4
2025-11-17T09:32:23.650473,09:32:23,3821.16,3821.16,4
2025-11-17T09:32:36.714388,09:32:36,3852.86,3852.86,4
2025-11-17T09:32:48.841184,09:32:48,3814.38,3814.38,4
2025-11-17T09:33:01.807239,09:33:01,3801.77,3801.77,4
2025-11-17T09:33:14.847960,09:33:14,3823.46,3823.46,4
2025-11-17T09:33:28.555305,09:33:28,3855.67,3855.67,4
2025-11-17T09:33:41.379444,09:33:41,3881.56,3881.56,4
2025-11-17T09:33:53.870700,09:33:53,3950.55,3950.55,4
2025-11-17T09:34:05.953491,09:34:05,3815.51,3815.51,4
2025-11-17T09:34:18.942798,09:34:18,3771.63,3771.63,4
2025-11-17T09:34:31.208383,09:34:31,3713.4,3713.4,4
2025-11-17T09:34:43.361945,09:34:43,3761.71,3761.71,4
2025-11-17T09:34:55.581791,09:34:55,3738.14,3738.14,4
2025-11-17T09:35:07.680740,09:35:07,3640.82,3640.82,4
2025-11-17T09:35:19.956539,09:35:19,3587.57,3587.57,4
2025-11-17T09:35:32.091461,09:35:32,3608.17,3608.17,4
2025-11-17T09:35:44.126543,09:35:44,3542.75,3542.75,4
2025-11-17T09:35:56.227019,09:35:56,3594.27,3594.27,4
2025-11-17T09:36:08.155701,09:36:08,3584.62,3584.62,4
2025-11-17T09:36:20.855018,09:36:20,3606.6,3606.6,4
2025-11-17T09:36:32.976379,09:36:32,3593.57,3593.57,4
2025-11-17T09:36:45.610643,09:36:45,3567.24,3567.24,4
2025-11-17T09:36:57.376468,09:36:57,3605.36,3605.36,4
2025-11-17T09:37:09.705215,09:37:09,3565.96,3565.96,4
2025-11-17T09:37:21.768787,09:37:21,3551.85,3551.85,4
2025-11-17T09:37:34.718006,09:37:34,3585.25,3585.25,4
2025-11-17T09:37:47.655130,09:37:47,3651.22,3651.22,4
2025-11-17T09:38:00.467157,09:38:00,3624.3,3624.3,4
2025-11-17T09:38:12.969549,09:38:12,3636.02,3636.02,4
2025-11-17T09:38:25.288942,09:38:25,3643.06,3643.06,4
2025-11-17T09:38:37.814535,09:38:37,3642.61,3642.61,4
2025-11-17T09:38:49.905125,09:38:49,3604.63,3604.63,4
2025-11-17T09:39:02.301149,09:39:02,3583.93,3583.93,4
2025-11-17T09:39:14.655133,09:39:14,3632.91,3632.91,4
2025-11-17T09:39:27.358810,09:39:27,3624.68,3624.68,4
2025-11-17T09:39:39.701198,09:39:39,3604.95,3604.95,4
2025-11-17T09:39:51.738120,09:39:51,3567.01,3567.01,4
2025-11-17T09:40:04.148145,09:40:04,3542.35,3542.35,4
2025-11-17T09:40:16.156070,09:40:16,3492.72,3492.72,4
2025-11-17T09:40:28.439263,09:40:28,3475.13,3475.13,4
2025-11-17T09:40:40.876506,09:40:40,3451.62,3451.62,4
2025-11-17T09:40:53.311875,09:40:53,3375.41,3375.41,4
2025-11-17T09:41:05.702795,09:41:05,3356.23,3356.23,4
2025-11-17T09:41:18.467066,09:41:18,3337.03,3337.03,4
2025-11-17T09:41:30.706339,09:41:30,3348.81,3348.81,4
2025-11-17T09:41:43.016355,09:41:43,3348.02,3348.02,4
2025-11-17T09:41:55.689648,09:41:55,3398.01,3398.01,4
2025-11-17T09:42:08.192744,09:42:08,3398.81,3398.81,4
2025-11-17T09:42:20.384118,09:42:20,3381.9,3381.9,4
2025-11-17T09:42:32.488617,09:42:32,3356.35,3356.35,4
2025-11-17T09:42:44.626059,09:42:44,3330.39,3330.39,4
2025-11-17T09:42:56.879603,09:42:56,3270.78,3270.78,4
2025-11-17T09:43:09.712301,09:43:09,3312.46,3312.46,4
2025-11-17T09:43:22.597050,09:43:22,3189.64,3189.64,4
2025-11-17T09:43:34.821579,09:43:34,3118.22,3118.22,4
2025-11-17T09:43:47.056455,09:43:47,3085.64,3085.64,4
2025-11-17T09:43:59.208102,09:43:59,3048.37,3048.37,4
2025-11-17T09:44:11.223156,09:44:11,3078.06,3078.06,4
2025-11-17T09:44:23.668031,09:44:23,2997.39,2997.39,4
2025-11-17T09:44:36.362042,09:44:36,3004.07,3004.07,4
2025-11-17T09:44:48.887465,09:44:48,3172.18,3172.18,4
2025-11-17T09:45:00.711957,09:45:00,3121.6,3121.6,4
2025-11-17T09:45:13.533598,09:45:13,3206.09,3206.09,4
2025-11-17T09:45:26.183727,09:45:26,3121.47,3121.47,4
2025-11-17T09:45:38.680168,09:45:38,3089.55,3089.55,4
2025-11-17T09:45:50.947727,09:45:50,2996.01,2996.01,4
2025-11-17T09:46:03.326720,09:46:03,2943.52,2943.52,4
2025-11-17T09:46:15.841461,09:46:15,2928.43,2928.43,4
2025-11-17T09:46:27.793772,09:46:27,2894.8,2894.8,4
2025-11-17T09:46:39.854735,09:46:39,2918.02,2918.02,4
2025-11-17T09:46:52.398403,09:46:52,2899.73,2899.73,4
2025-11-17T09:47:04.836462,09:47:04,2878.47,2878.47,4
2025-11-17T09:47:17.232648,09:47:17,2851.48,2851.48,4
2025-11-17T09:47:29.330519,09:47:29,2986.06,2986.06,4
2025-11-17T09:47:41.389669,09:47:41,2855.94,2855.94,4
2025-11-17T09:47:53.811443,09:47:53,2808.18,2808.18,4
2025-11-17T09:48:06.526282,09:48:06,2824.33,2824.33,4
2025-11-17T09:48:18.919757,09:48:18,2802.15,2802.15,4
2025-11-17T09:48:31.347681,09:48:31,2691.52,2691.52,4
2025-11-17T09:48:43.798636,09:48:43,2659.65,2659.65,4
2025-11-17T09:48:56.363911,09:48:56,2679.36,2679.36,4
2025-11-17T09:49:08.711400,09:49:08,2654.45,2654.45,4
2025-11-17T09:49:21.621500,09:49:21,2656.71,2656.71,4
2025-11-17T09:49:34.486095,09:49:34,2727.76,2727.76,4
2025-11-17T09:49:46.613657,09:49:46,2690.22,2690.22,4
2025-11-17T09:49:59.038004,09:49:59,2595.48,2595.48,4
2025-11-17T09:50:11.173095,09:50:11,2678.5,2678.5,4
2025-11-17T09:50:23.503757,09:50:23,2634.92,2634.92,4
2025-11-17T09:50:35.991522,09:50:35,2629.88,2629.88,4
2025-11-17T09:50:48.602113,09:50:48,2602.82,2602.82,4
2025-11-17T09:51:00.691574,09:51:00,2560.21,2560.21,4
2025-11-17T09:51:12.494455,09:51:12,2541.61,2541.61,4
2025-11-17T09:51:24.631348,09:51:24,2532.2,2532.2,4
2025-11-17T09:51:36.727587,09:51:36,2467.14,2467.14,4
2025-11-17T09:51:48.593732,09:51:48,2391.11,2391.11,4
2025-11-17T09:52:00.541513,09:52:00,2519.01,2519.01,4
2025-11-17T09:52:12.432306,09:52:12,2390.71,2390.71,4
2025-11-17T09:52:24.611622,09:52:24,2406.99,2406.99,4
2025-11-17T09:52:36.812045,09:52:36,2515.11,2515.11,4
2025-11-17T09:52:48.883638,09:52:48,2620.95,2620.95,4
2025-11-17T09:53:01.307446,09:53:01,2621.78,2621.78,4
2025-11-17T09:53:13.407588,09:53:13,2525.28,2525.28,4
2025-11-17T09:53:25.570176,09:53:25,2606.38,2606.38,4
2025-11-17T09:53:37.697755,09:53:37,2521.5,2521.5,4
2025-11-17T09:53:50.501686,09:53:50,2530.56,2530.56,4
2025-11-17T09:54:03.643006,09:54:03,2561.89,2561.89,4
2025-11-17T09:54:15.735877,09:54:15,2598.23,2598.23,4
2025-11-17T09:54:28.165265,09:54:28,2604.76,2604.76,4
2025-11-17T09:54:40.835673,09:54:40,2669.2,2669.2,4
2025-11-17T09:54:53.474395,09:54:53,2783.33,2783.33,4
2025-11-17T09:55:05.967401,09:55:05,2946.95,2946.95,4
2025-11-17T09:55:18.138125,09:55:18,2904.72,2904.72,4
2025-11-17T09:55:30.625844,09:55:30,2932.29,2932.29,4
2025-11-17T09:55:42.984248,09:55:42,2942.8,2942.8,4
2025-11-17T09:55:55.527321,09:55:55,2948.75,2948.75,4
2025-11-17T09:56:07.777498,09:56:07,2984.82,2984.82,4
2025-11-17T09:56:19.875489,09:56:19,3034.23,3034.23,4
2025-11-17T09:56:32.584158,09:56:32,3110.36,3110.36,4
2025-11-17T09:56:45.643753,09:56:45,3150.44,3150.44,4
2025-11-17T09:56:58.256468,09:56:58,3313.13,3313.13,4
2025-11-17T09:57:10.295734,09:57:10,3391.02,3391.02,4
2025-11-17T09:57:22.364440,09:57:22,3341.82,3341.82,4
2025-11-17T09:57:34.690002,09:57:34,3358.3,3358.3,4
2025-11-17T09:57:46.817261,09:57:46,3500.98,3500.98,4
2025-11-17T09:57:59.607859,09:57:59,3527.72,3527.72,4
2025-11-17T09:58:12.767011,09:58:12,3442.95,3442.95,4
2025-11-17T09:58:25.367940,09:58:25,3452.42,3452.42,4
2025-11-17T09:58:37.406943,09:58:37,3526.72,3526.72,4
2025-11-17T09:58:49.997607,09:58:49,3539.18,3539.18,4
2025-11-17T09:59:02.484762,09:59:02,3595.5,3595.5,4
2025-11-17T09:59:15.017864,09:59:15,3618.19,3618.19,4
2025-11-17T09:59:27.405346,09:59:27,3608.26,3608.26,4
2025-11-17T09:59:39.835028,09:59:39,3596.14,3596.14,4
2025-11-17T09:59:52.113644,09:59:52,3621.64,3621.64,4
2025-11-17T10:00:04.568657,10:00:04,3583.55,3583.55,4
2025-11-17T10:00:16.763658,10:00:16,3531.09,3531.09,4
2025-11-17T10:00:29.145205,10:00:29,3533.96,3533.96,4
2025-11-17T10:00:41.254349,10:00:41,3542.99,3542.99,4
2025-11-17T10:00:53.557664,10:00:53,3568.3,3568.3,4
2025-11-17T10:01:06.574246,10:01:06,3625.11,3625.11,4
2025-11-17T10:01:18.955453,10:01:18,3544.37,3544.37,4
2025-11-17T10:01:31.440606,10:01:31,3505.87,3505.87,4
2025-11-17T10:01:43.492703,10:01:43,3458.35,3458.35,4
2025-11-17T10:01:56.147699,10:01:56,3435.92,3435.92,4
2025-11-17T10:02:08.335189,10:02:08,3442.17,3442.17,4
2025-11-17T10:02:20.505842,10:02:20,3459.66,3459.66,4
2025-11-17T10:02:32.742226,10:02:32,3468.31,3468.31,4
2025-11-17T10:02:45.230031,10:02:45,3419.45,3419.45,4
2025-11-17T10:02:57.866730,10:02:57,3398.41,3398.41,4
2025-11-17T10:03:10.616263,10:03:10,3388.62,3388.62,4
2025-11-17T10:03:23.686722,10:03:23,3295.01,3295.01,4
2025-11-17T10:03:36.580569,10:03:36,3263.23,3263.23,4
2025-11-17T10:03:49.438602,10:03:49,3242.84,3242.84,4
2025-11-17T10:04:02.286752,10:04:02,3237.9,3237.9,4
2025-11-17T10:04:14.744268,10:04:14,3177.67,3177.67,4
2025-11-17T10:04:26.854851,10:04:26,3137.92,3137.92,4
2025-11-17T10:04:39.053287,10:04:39,3142.76,3142.76,4
2025-11-17T10:04:51.168056,10:04:51,3123.35,3123.35,4
2025-11-17T10:05:03.447849,10:05:03,3107.21,3107.21,4
2025-11-17T10:05:15.501750,10:05:15,3095.97,3095.97,4
2025-11-17T10:05:27.810759,10:05:27,3134.76,3134.76,4
2025-11-17T10:05:40.012172,10:05:40,3062.89,3062.89,4
2025-11-17T10:05:52.123148,10:05:52,3121.46,3121.46,4
2025-11-17T10:06:04.544243,10:06:04,3114.88,3114.88,4
2025-11-17T10:06:16.555745,10:06:16,3108.85,3108.85,4
2025-11-17T10:06:28.666176,10:06:28,3125.68,3125.68,4
2025-11-17T10:06:41.379051,10:06:41,3185.04,3185.04,4
2025-11-17T10:06:53.787021,10:06:53,3193.97,3193.97,4
2025-11-17T10:07:06.043310,10:07:06,3194.1,3194.1,4
2025-11-17T10:07:18.152863,10:07:18,3155.22,3155.22,4
2025-11-17T10:07:30.410963,10:07:30,3108.33,3108.33,4
2025-11-17T10:07:42.932761,10:07:42,3122.09,3122.09,4
2025-11-17T10:07:55.103290,10:07:55,3130.86,3130.86,4
2025-11-17T10:08:07.219632,10:08:07,3134.75,3134.75,4
2025-11-17T10:08:19.584169,10:08:19,3164.56,3164.56,4
2025-11-17T10:08:32.578810,10:08:32,3237.07,3237.07,4
2025-11-17T10:08:44.870747,10:08:44,3248.95,3248.95,4
2025-11-17T10:08:57.383809,10:08:57,3271.56,3271.56,4
2025-11-17T10:09:10.257521,10:09:10,3318.98,3318.98,4
2025-11-17T10:09:22.327696,10:09:22,3341.86,3341.86,4
2025-11-17T10:09:34.482386,10:09:34,3381.63,3381.63,4
2025-11-17T10:09:47.201193,10:09:47,3299.62,3299.62,4
2025-11-17T10:09:59.816156,10:09:59,3303.4,3303.4,4
2025-11-17T10:10:12.677898,10:10:12,3378.56,3378.56,4
2025-11-17T10:10:25.144595,10:10:25,3383.75,3383.75,4
2025-11-17T10:10:37.330080,10:10:37,3350.2,3350.2,4
2025-11-17T10:10:49.341268,10:10:49,3348.99,3348.99,4
2025-11-17T10:11:01.902697,10:11:01,3376.83,3376.83,4
2025-11-17T10:11:14.164727,10:11:14,3352.19,3352.19,4
2025-11-17T10:11:26.314971,10:11:26,3383.77,3383.77,4
2025-11-17T10:11:38.584715,10:11:38,3430.41,3430.41,4
2025-11-17T10:11:51.347652,10:11:51,3378.51,3378.51,4
2025-11-17T10:12:03.359595,10:12:03,3412.56,3412.56,4
2025-11-17T10:12:15.589996,10:12:15,3381.4,3381.4,4
2025-11-17T10:12:28.377363,10:12:28,3413.1,3413.1,4
2025-11-17T10:12:40.616833,10:12:40,3427.39,3427.39,4
2025-11-17T10:12:53.450512,10:12:53,3477.42,3477.42,4
2025-11-17T10:13:06.355533,10:13:06,3530.8,3530.8,4
2025-11-17T10:13:19.442595,10:13:19,3465.95,3465.95,4
2025-11-17T10:13:31.876813,10:13:31,3446.69,3446.69,4
2025-11-17T10:13:44.558315,10:13:44,3355.78,3355.78,4
2025-11-17T10:13:57.231706,10:13:57,3341.13,3341.13,4
2025-11-17T10:14:09.678719,10:14:09,3346.72,3346.72,4
2025-11-17T10:14:21.925792,10:14:21,3285.57,3285.57,4
2025-11-17T10:14:34.373886,10:14:34,3266.06,3266.06,4
2025-11-17T10:14:46.709346,10:14:46,3341.1,3341.1,4
2025-11-17T10:14:59.558127,10:14:59,3351.1,3351.1,4
2025-11-17T10:15:11.725526,10:15:11,3375.3,3375.3,4
2025-11-17T10:15:24.307699,10:15:24,3343.19,3343.19,4
2025-11-17T10:15:36.748780,10:15:36,3311.57,3311.57,4
2025-11-17T10:15:49.276616,10:15:49,3309.34,3309.34,4
2025-11-17T10:16:01.896560,10:16:01,3308.21,3308.21,4
2025-11-17T10:16:14.521438,10:16:14,3251.26,3251.26,4
2025-11-17T10:16:27.638660,10:16:27,3241.26,3241.26,4
2025-11-17T10:16:40.603014,10:16:40,3287.92,3287.92,4
2025-11-17T10:16:53.685508,10:16:53,3320.1,3320.1,4
2025-11-17T10:17:05.802097,10:17:05,3328.77,3328.77,4
2025-11-17T10:17:18.644408,10:17:18,3345.41,3345.41,4
2025-11-17T10:17:31.142616,10:17:31,3315.4,3315.4,4
2025-11-17T10:17:43.535300,10:17:43,3303.98,3303.98,4
2025-11-17T10:17:56.498357,10:17:56,3318.97,3318.97,4
2025-11-17T10:18:09.600745,10:18:09,3301.55,3301.55,4
2025-11-17T10:18:22.582481,10:18:22,3290.59,3290.59,4
2025-11-17T10:18:35.605332,10:18:35,3272.53,3272.53,4
2025-11-17T10:18:47.969851,10:18:47,3253.92,3253.92,4
2025-11-17T10:19:00.551546,10:19:00,3244.92,3244.92,4
2025-11-17T10:19:13.624599,10:19:13,3229.52,3229.52,4
2025-11-17T10:19:26.482365,10:19:26,3224.79,3224.79,4
2025-11-17T10:19:39.308477,10:19:39,3331.15,3331.15,4
2025-11-17T10:19:51.879741,10:19:51,3357.55,3357.55,4
2025-11-17T10:20:04.567657,10:20:04,3408.37,3408.37,4
2025-11-17T10:20:17.796369,10:20:17,3462.56,3462.56,4
2025-11-17T10:20:30.396554,10:20:30,3438.53,3438.53,4
2025-11-17T10:20:43.188559,10:20:43,3382.52,3382.52,4
2025-11-17T10:20:55.801018,10:20:55,3365.89,3365.89,4
2025-11-17T10:21:08.276540,10:21:08,3386.99,3386.99,4
2025-11-17T10:21:20.485383,10:21:20,3408.15,3408.15,4
2025-11-17T10:21:32.454113,10:21:32,3381.17,3381.17,4
2025-11-17T10:21:45.017031,10:21:45,3342.42,3342.42,4
2025-11-17T10:21:57.256463,10:21:57,3372.09,3372.09,4
2025-11-17T10:22:09.761443,10:22:09,3234.59,3234.59,4
2025-11-17T10:22:22.511511,10:22:22,3266.66,3266.66,4
2025-11-17T10:22:34.740925,10:22:34,3234.55,3234.55,4
2025-11-17T10:22:47.286435,10:22:47,3269.04,3269.04,4
2025-11-17T10:22:59.364579,10:22:59,3275.47,3275.47,4
2025-11-17T10:23:11.988696,10:23:11,3224.29,3224.29,4
2025-11-17T10:23:24.768691,10:23:24,3226.91,3226.91,4
2025-11-17T10:23:37.419471,10:23:37,3228.35,3228.35,4
2025-11-17T10:23:49.823053,10:23:49,3189.66,3189.66,4
2025-11-17T10:24:02.471404,10:24:02,3186.8,3186.8,4
2025-11-17T10:24:15.386882,10:24:15,3211.98,3211.98,4
2025-11-17T10:24:28.096695,10:24:28,3220.67,3220.67,4
2025-11-17T10:24:40.807050,10:24:40,3215.31,3215.31,4
2025-11-17T10:24:53.802576,10:24:53,3205.96,3205.96,4
2025-11-17T10:25:06.122994,10:25:06,3161.96,3161.96,4
2025-11-17T10:25:18.203334,10:25:18,3137.59,3137.59,4
2025-11-17T10:25:30.544192,10:25:30,3111.14,3111.14,4
2025-11-17T10:25:43.619468,10:25:43,3116.15,3116.15,4
2025-11-17T10:25:56.128790,10:25:56,3116.87,3116.87,4
2025-11-17T10:26:08.845193,10:26:08,3112.14,3112.14,4
2025-11-17T10:26:21.700632,10:26:21,3090.73,3090.73,4
2025-11-17T10:26:34.083335,10:26:34,3103.15,3103.15,4
2025-11-17T10:26:46.335920,10:26:46,3122.96,3122.96,4
2025-11-17T10:26:59.779154,10:26:59,3148.29,3148.29,4
2025-11-17T10:27:12.407993,10:27:12,3208.16,3208.16,4
2025-11-17T10:27:24.635901,10:27:24,3219.19,3219.19,4
2025-11-17T10:27:36.748147,10:27:36,3205.02,3205.02,4
2025-11-17T10:27:49.047266,10:27:49,3194.9,3194.9,4
2025-11-17T10:28:01.595684,10:28:01,3181.19,3181.19,4
2025-11-17T10:28:13.555376,10:28:13,3165.8,3165.8,4
2025-11-17T10:28:25.976520,10:28:25,3138.27,3138.27,4
2025-11-17T10:28:38.226794,10:28:38,3057.42,3057.42,4
2025-11-17T10:28:50.296703,10:28:50,3032.97,3032.97,4
2025-11-17T10:29:02.721806,10:29:02,2976.39,2976.39,4
2025-11-17T10:29:14.945227,10:29:14,2969.05,2969.05,4
2025-11-17T10:29:27.054007,10:29:27,2956.21,2956.21,4
2025-11-17T10:29:39.365199,10:29:39,2972.66,2972.66,4
2025-11-17T10:29:52.541077,10:29:52,2978.09,2978.09,4
2025-11-17T10:30:05.427059,10:30:05,2981.6,2981.6,4
2025-11-17T10:30:18.449838,10:30:18,3001.76,3001.76,4
2025-11-17T10:30:31.144729,10:30:31,2992.63,2992.63,4
2025-11-17T10:30:44.117724,10:30:44,3000.75,3000.75,4
2025-11-17T10:30:57.001577,10:30:57,2974.67,2974.67,4
2025-11-17T10:31:10.054151,10:31:10,2944.18,2944.18,4
2025-11-17T10:31:22.908907,10:31:22,2887.66,2887.66,4
2025-11-17T10:31:35.761472,10:31:35,2904.84,2904.84,4
2025-11-17T10:31:48.671703,10:31:48,2933.65,2933.65,4
2025-11-17T10:32:00.957860,10:32:00,2986.89,2986.89,4
2025-11-17T10:32:13.235456,10:32:13,2963.45,2963.45,4
2025-11-17T10:32:25.312169,10:32:25,2953.54,2953.54,4
2025-11-17T10:32:37.342414,10:32:37,2887.84,2887.84,4
2025-11-17T10:32:49.864035,10:32:49,2855.37,2855.37,4
2025-11-17T10:33:02.279987,10:33:02,2838.3,2838.3,4
2025-11-17T10:33:14.557955,10:33:14,2845.03,2845.03,4
2025-11-17T10:33:26.520205,10:33:26,2819.74,2819.74,4
2025-11-17T10:33:38.490354,10:33:38,2830.94,2830.94,4
2025-11-17T10:33:50.620302,10:33:50,2864.15,2864.15,4
2025-11-17T10:34:03.579010,10:34:03,2816.35,2816.35,4
2025-11-17T10:34:15.854586,10:34:15,2796.76,2796.76,4
2025-11-17T10:34:28.380273,10:34:28,2789.03,2789.03,4
2025-11-17T10:34:40.944917,10:34:40,2767.33,2767.33,4
2025-11-17T10:34:53.132634,10:34:53,2749.0,2749.0,4
2025-11-17T10:35:05.327718,10:35:05,2752.25,2752.25,4
2025-11-17T10:35:17.258335,10:35:17,2788.66,2788.66,4
2025-11-17T10:35:29.792096,10:35:29,2777.84,2777.84,4
2025-11-17T10:35:42.725804,10:35:42,2793.63,2793.63,4
2025-11-17T10:35:55.183625,10:35:55,2814.23,2814.23,4
2025-11-17T10:36:07.035598,10:36:07,2855.76,2855.76,4
2025-11-17T10:36:19.596215,10:36:19,2863.74,2863.74,4
2025-11-17T10:36:31.683940,10:36:31,2868.09,2868.09,4
2025-11-17T10:36:44.292051,10:36:44,2923.19,2923.19,4
2025-11-17T10:36:56.499318,10:36:56,2941.45,2941.45,4
2025-11-17T10:37:08.395759,10:37:08,3011.09,3011.09,4
2025-11-17T10:37:20.747940,10:37:20,3045.9,3045.9,4
2025-11-17T10:37:32.874287,10:37:32,3104.16,3104.16,4
2025-11-17T10:37:45.080737,10:37:45,3044.44,3044.44,4
2025-11-17T10:37:57.807085,10:37:57,3042.58,3042.58,4
2025-11-17T10:38:09.817724,10:38:09,3021.55,3021.55,4
2025-11-17T10:38:22.065145,10:38:22,2983.97,2983.97,4
2025-11-17T10:38:34.322987,10:38:34,2943.79,2943.79,4
2025-11-17T10:38:46.963940,10:38:46,2917.5,2917.5,4
2025-11-17T10:38:59.463801,10:38:59,2890.52,2890.52,4
2025-11-17T10:39:11.607731,10:39:11,2840.58,2840.58,4
2025-11-17T10:39:23.599807,10:39:23,2833.73,2833.73,4
2025-11-17T10:39:35.583521,10:39:35,2811.65,2811.65,4
2025-11-17T10:39:47.805876,10:39:47,2813.66,2813.66,4
2025-11-17T10:40:00.374608,10:40:00,2795.31,2795.31,4
2025-11-17T10:40:12.685994,10:40:12,2772.87,2772.87,4
2025-11-17T10:40:24.858089,10:40:24,2739.56,2739.56,4
2025-11-17T10:40:37.412369,10:40:37,2760.07,2760.07,4
2025-11-17T10:40:50.594484,10:40:50,2762.74,2762.74,4
2025-11-17T10:41:03.295287,10:41:03,2752.09,2752.09,4
2025-11-17T10:41:16.373722,10:41:16,2714.42,2714.42,4
2025-11-17T10:41:28.962460,10:41:28,2717.95,2717.95,4
2025-11-17T10:41:41.220769,10:41:41,2700.65,2700.65,4
2025-11-17T10:41:53.498894,10:41:53,2660.89,2660.89,4
2025-11-17T10:42:06.207187,10:42:06,2706.31,2706.31,4
2025-11-17T10:42:18.387034,10:42:18,2698.15,2698.15,4
2025-11-17T10:42:30.702516,10:42:30,2686.39,2686.39,4
2025-11-17T10:42:43.708927,10:42:43,2676.88,2676.88,4
2025-11-17T10:42:56.312841,10:42:56,2680.59,2680.59,4
2025-11-17T10:43:08.448521,10:43:08,2695.6,2695.6,4
2025-11-17T10:43:21.481416,10:43:21,2684.61,2684.61,4
2025-11-17T10:43:33.630684,10:43:33,2649.24,2649.24,4
2025-11-17T10:43:46.081185,10:43:46,2657.89,2657.89,4
2025-11-17T10:43:58.096881,10:43:58,2641.73,2641.73,4
2025-11-17T10:44:10.311354,10:44:10,2652.71,2652.71,4
2025-11-17T10:44:22.453968,10:44:22,2621.29,2621.29,4
2025-11-17T10:44:34.494042,10:44:34,2615.3,2615.3,4
2025-11-17T10:44:47.326218,10:44:47,2593.84,2593.84,4
2025-11-17T10:44:59.233505,10:44:59,2592.26,2592.26,4
2025-11-17T10:45:11.541385,10:45:11,2608.13,2608.13,4
2025-11-17T10:45:24.017188,10:45:24,2586.88,2586.88,4
2025-11-17T10:45:36.172884,10:45:36,2580.6,2580.6,4
2025-11-17T10:45:48.807584,10:45:48,2578.0,2578.0,4
2025-11-17T10:46:01.509965,10:46:01,2557.85,2557.85,4
2025-11-17T10:46:13.816794,10:46:13,2523.99,2523.99,4
2025-11-17T10:46:26.551701,10:46:26,2445.31,2445.31,4
2025-11-17T10:46:38.997955,10:46:38,2483.79,2483.79,4
2025-11-17T10:46:51.074175,10:46:51,2577.33,2577.33,4
2025-11-17T10:47:03.217588,10:47:03,2612.46,2612.46,4
2025-11-17T10:47:15.235326,10:47:15,2795.17,2795.17,4
2025-11-17T10:47:27.340884,10:47:27,2764.1,2764.1,4
2025-11-17T10:47:40.038120,10:47:40,2749.86,2749.86,4
2025-11-17T10:47:52.478994,10:47:52,2749.72,2749.72,4
2025-11-17T10:48:04.498009,10:48:04,2834.69,2834.69,4
2025-11-17T10:48:16.773174,10:48:16,2784.45,2784.45,4
2025-11-17T10:48:28.909674,10:48:28,2690.36,2690.36,4
2025-11-17T10:48:41.366458,10:48:41,2646.29,2646.29,4
2025-11-17T10:48:53.516427,10:48:53,2611.56,2611.56,4
2025-11-17T10:49:05.886011,10:49:05,2572.31,2572.31,4
2025-11-17T10:49:18.240412,10:49:18,2673.78,2673.78,4
2025-11-17T10:49:30.690195,10:49:30,2754.43,2754.43,4
2025-11-17T10:49:42.948102,10:49:42,2776.57,2776.57,4
2025-11-17T10:49:55.524498,10:49:55,2792.94,2792.94,4
2025-11-17T10:50:07.698125,10:50:07,2793.58,2793.58,4
2025-11-17T10:50:19.687497,10:50:19,2853.94,2853.94,4
2025-11-17T10:50:31.696231,10:50:31,2793.22,2793.22,4
2025-11-17T10:50:43.879675,10:50:43,2777.75,2777.75,4
2025-11-17T10:50:56.424567,10:50:56,2750.01,2750.01,4
2025-11-17T10:51:08.780699,10:51:08,2793.35,2793.35,4
2025-11-17T10:51:21.320154,10:51:21,2791.65,2791.65,4
2025-11-17T10:51:33.653954,10:51:33,2723.4,2723.4,4
2025-11-17T10:51:45.687378,10:51:45,2627.4,2627.4,4
2025-11-17T10:51:58.559532,10:51:58,2636.95,2636.95,4
2025-11-17T10:52:10.650949,10:52:10,2669.38,2669.38,4
2025-11-17T10:52:23.339557,10:52:23,2630.38,2630.38,4
2025-11-17T10:52:35.589870,10:52:35,2578.3,2578.3,4
2025-11-17T10:52:47.935789,10:52:47,2575.78,2575.78,4
2025-11-17T10:53:00.032311,10:53:00,2573.46,2573.46,4
2025-11-17T10:53:12.544783,10:53:12,2537.6,2537.6,4
2025-11-17T10:53:24.714836,10:53:24,2547.39,2547.39,4
2025-11-17T10:53:37.275703,10:53:37,2574.64,2574.64,4
2025-11-17T10:53:50.059935,10:53:50,2554.84,2554.84,4
2025-11-17T10:54:02.440213,10:54:02,2541.38,2541.38,4
2025-11-17T10:54:15.091691,10:54:15,2563.93,2563.93,4
2025-11-17T10:54:27.700736,10:54:27,2576.12,2576.12,4
2025-11-17T10:54:40.342826,10:54:40,2572.63,2572.63,4
2025-11-17T10:54:52.488039,10:54:52,2626.46,2626.46,4
2025-11-17T10:55:05.238090,10:55:05,2617.05,2617.05,4
2025-11-17T10:55:17.958075,10:55:17,2670.83,2670.83,4
2025-11-17T10:55:30.549866,10:55:30,2717.01,2717.01,4
2025-11-17T10:55:43.226419,10:55:43,2668.4,2668.4,4
2025-11-17T10:55:55.479808,10:55:55,2610.3,2610.3,4
2025-11-17T10:56:07.924472,10:56:07,2584.78,2584.78,4
2025-11-17T10:56:20.284859,10:56:20,2586.78,2586.78,4
2025-11-17T10:56:32.203534,10:56:32,2745.91,2745.91,4
2025-11-17T10:56:44.939020,10:56:44,2715.84,2715.84,4
2025-11-17T10:56:57.010705,10:56:57,2737.88,2737.88,4
2025-11-17T10:57:09.499079,10:57:09,2830.76,2830.76,4
2025-11-17T10:57:21.988652,10:57:21,2901.45,2901.45,4
2025-11-17T10:57:33.946238,10:57:33,2887.71,2887.71,4
2025-11-17T10:57:46.579706,10:57:46,2904.65,2904.65,4
2025-11-17T10:57:59.153751,10:57:59,2976.94,2976.94,4
2025-11-17T10:58:11.739252,10:58:11,3006.2,3006.2,4
2025-11-17T10:58:24.329718,10:58:24,3007.42,3007.42,4
2025-11-17T10:58:36.534741,10:58:36,2985.68,2985.68,4
2025-11-17T10:58:49.320073,10:58:49,3025.7,3025.7,4
2025-11-17T10:59:01.955670,10:59:01,3052.88,3052.88,4
2025-11-17T10:59:14.585511,10:59:14,3114.64,3114.64,4
2025-11-17T10:59:26.710340,10:59:26,3133.98,3133.98,4
2025-11-17T10:59:39.063739,10:59:39,3092.18,3092.18,4
2025-11-17T10:59:51.489433,10:59:51,3105.5,3105.5,4
2025-11-17T11:00:03.703694,11:00:03,3135.69,3135.69,4
2025-11-17T11:00:15.833057,11:00:15,3191.15,3191.15,4
2025-11-17T11:00:28.460692,11:00:28,3247.84,3247.84,4
2025-11-17T11:00:40.670326,11:00:40,3193.06,3193.06,4
2025-11-17T11:00:52.772652,11:00:52,3154.64,3154.64,4
2025-11-17T11:01:04.941245,11:01:04,3147.99,3147.99,4
2025-11-17T11:01:16.817816,11:01:16,3157.43,3157.43,4
2025-11-17T11:01:28.957007,11:01:28,3211.14,3211.14,4
2025-11-17T11:01:41.637370,11:01:41,3232.72,3232.72,4
2025-11-17T11:01:54.102685,11:01:54,3269.94,3269.94,4
2025-11-17T11:02:06.292057,11:02:06,3294.25,3294.25,4
2025-11-17T11:02:18.344425,11:02:18,3258.04,3258.04,4
2025-11-17T11:02:30.343080,11:02:30,3240.2,3240.2,4
2025-11-17T11:02:42.878240,11:02:42,3254.97,3254.97,4
2025-11-17T11:02:55.020822,11:02:55,3273.23,3273.23,4
2025-11-17T11:03:07.453320,11:03:07,3265.6,3265.6,4
2025-11-17T11:03:19.893737,11:03:19,3279.46,3279.46,4
2025-11-17T11:03:32.588939,11:03:32,3281.17,3281.17,4
2025-11-17T11:03:44.579153,11:03:44,3201.01,3201.01,4
2025-11-17T11:03:56.775075,11:03:56,3131.96,3131.96,4
2025-11-17T11:04:08.944944,11:04:08,3044.57,3044.57,4
2025-11-17T11:04:21.158373,11:04:21,3036.27,3036.27,4
2025-11-17T11:04:33.374475,11:04:33,3047.44,3047.44,4
2025-11-17T11:04:45.537413,11:04:45,3101.44,3101.44,4
2025-11-17T11:04:57.807987,11:04:57,3131.14,3131.14,4
2025-11-17T11:05:10.047444,11:05:10,3124.4,3124.4,4
2025-11-17T11:05:22.108568,11:05:22,3074.76,3074.76,4
2025-11-17T11:05:34.389870,11:05:34,3047.02,3047.02,4
2025-11-17T11:05:46.720707,11:05:46,2917.4,2917.4,4
2025-11-17T11:05:59.769382,11:05:59,2895.59,2895.59,4
2025-11-17T11:06:12.334406,11:06:12,2969.38,2969.38,4
2025-11-17T11:06:25.087233,11:06:25,2991.61,2991.61,4
2025-11-17T11:06:37.362664,11:06:37,3088.83,3088.83,4
2025-11-17T11:06:49.480333,11:06:49,3144.71,3144.71,4
2025-11-17T11:07:01.610698,11:07:01,3177.95,3177.95,4
2025-11-17T11:07:14.136587,11:07:14,3234.3,3234.3,4
2025-11-17T11:07:26.682061,11:07:26,3222.79,3222.79,4
2025-11-17T11:07:38.823413,11:07:38,3224.73,3224.73,4
2025-11-17T11:07:51.566051,11:07:51,3156.63,3156.63,4
2025-11-17T11:08:03.801849,11:08:03,3183.35,3183.35,4
2025-11-17T11:08:16.362568,11:08:16,3192.94,3192.94,4
2025-11-17T11:08:28.282232,11:08:28,3196.19,3196.19,4
2025-11-17T11:08:40.320636,11:08:40,3168.45,3168.45,4
2025-11-17T11:08:52.324975,11:08:52,3112.86,3112.86,4
2025-11-17T11:09:04.678277,11:09:04,3122.7,3122.7,4
2025-11-17T11:09:17.458452,11:09:17,3103.85,3103.85,4
2025-11-17T11:09:29.900196,11:09:29,3056.44,3056.44,4
2025-11-17T11:09:42.812194,11:09:42,3017.13,3017.13,4
2025-11-17T11:09:56.151229,11:09:56,3016.28,3016.28,4
2025-11-17T11:10:08.997507,11:10:08,3041.73,3041.73,4
2025-11-17T11:10:21.649991,11:10:21,3021.32,3021.32,4
2025-11-17T11:10:34.808980,11:10:34,2994.73,2994.73,4
2025-11-17T11:10:47.671055,11:10:47,2969.07,2969.07,4
2025-11-17T11:11:00.456390,11:11:00,3003.03,3003.03,4
2025-11-17T11:11:13.539581,11:11:13,3091.55,3091.55,4
2025-11-17T11:11:26.508477,11:11:26,3127.36,3127.36,4
2025-11-17T11:11:39.508811,11:11:39,3121.74,3121.74,4
2025-11-17T11:11:52.549033,11:11:52,3098.78,3098.78,4
2025-11-17T11:12:05.364776,11:12:05,3094.22,3094.22,4
2025-11-17T11:12:18.423938,11:12:18,3054.69,3054.69,4
2025-11-17T11:12:31.245049,11:12:31,3056.12,3056.12,4
2025-11-17T11:12:43.970163,11:12:43,3051.72,3051.72,4
2025-11-17T11:12:57.528975,11:12:57,3070.42,3070.42,4
2025-11-17T11:13:10.099995,11:13:10,3104.12,3104.12,4
2025-11-17T11:13:22.236337,11:13:22,3101.12,3101.12,4
2025-11-17T11:13:34.427980,11:13:34,3126.47,3126.47,4
2025-11-17T11:13:46.472224,11:13:46,3164.7,3164.7,4
2025-11-17T11:13:58.957556,11:13:58,3202.0,3202.0,4
2025-11-17T11:14:11.327566,11:14:11,3199.14,3199.14,4
2025-11-17T11:14:23.372491,11:14:23,3219.71,3219.71,4
2025-11-17T11:14:35.906918,11:14:35,3213.92,3213.92,4
2025-11-17T11:14:48.522860,11:14:48,3235.87,3235.87,4
2025-11-17T11:15:00.539447,11:15:00,3246.5,3246.5,4
2025-11-17T11:15:12.978166,11:15:12,3250.01,3250.01,4
2025-11-17T11:15:25.464221,11:15:25,3242.22,3242.22,4
2025-11-17T11:15:37.376266,11:15:37,3245.6,3245.6,4
2025-11-17T11:15:49.465670,11:15:49,3211.19,3211.19,4
2025-11-17T11:16:01.475253,11:16:01,3196.73,3196.73,4
2025-11-17T11:16:13.551227,11:16:13,3219.62,3219.62,4
2025-11-17T11:16:25.906573,11:16:25,3260.1,3260.1,4
2025-11-17T11:16:38.252994,11:16:38,3265.68,3265.68,4
2025-11-17T11:16:50.281594,11:16:50,3276.88,3276.88,4
2025-11-17T11:17:02.896289,11:17:02,3282.72,3282.72,4
2025-11-17T11:17:15.357912,11:17:15,3310.09,3310.09,4
2025-11-17T11:17:27.412162,11:17:27,3313.12,3313.12,4
2025-11-17T11:17:39.708421,11:17:39,3314.28,3314.28,4
2025-11-17T11:17:51.977356,11:17:51,3306.79,3306.79,4
2025-11-17T11:18:04.644735,11:18:04,3287.86,3287.86,4
2025-11-17T11:18:16.848795,11:18:16,3318.66,3318.66,4
2025-11-17T11:18:29.835618,11:18:29,3316.43,3316.43,4
2025-11-17T11:18:42.157621,11:18:42,3315.74,3315.74,4
2025-11-17T11:18:54.673547,11:18:54,3313.46,3313.46,4
2025-11-17T11:19:06.615481,11:19:06,3340.28,3340.28,4
2025-11-17T11:19:18.900233,11:19:18,3376.42,3376.42,4
2025-11-17T11:19:31.516517,11:19:31,3299.77,3299.77,4
2025-11-17T11:19:43.720862,11:19:43,3282.86,3282.86,4
2025-11-17T11:19:55.792455,11:19:55,3303.28,3303.28,4
2025-11-17T11:20:08.722590,11:20:08,3311.62,3311.62,4
2025-11-17T11:20:21.149482,11:20:21,3339.53,3339.53,4
2025-11-17T11:20:33.800191,11:20:33,3397.61,3397.61,4
2025-11-17T11:20:46.574093,11:20:46,3368.99,3368.99,4
2025-11-17T11:20:59.228522,11:20:59,3350.28,3350.28,4
2025-11-17T11:21:11.395461,11:21:11,3413.46,3413.46,4
2025-11-17T11:21:23.371855,11:21:23,3381.16,3381.16,4
2025-11-17T11:21:23.927890,11:21:23,3389.51,3389.51,4
2025-11-17T11:21:36.194962,11:21:36,3374.72,3374.72,4
2025-11-17T11:21:48.183748,11:21:48,3326.73,3326.73,4
2025-11-17T11:22:00.272666,11:22:00,3297.27,3297.27,4
2025-11-17T11:22:02.167817,11:22:02,3294.38,3294.38,4
2025-11-17T11:22:12.606912,11:22:12,3319.91,3319.91,4
2025-11-17T11:22:14.510199,11:22:14,3276.92,3276.92,4
2025-11-17T11:22:25.131386,11:22:25,3295.55,3295.55,4
2025-11-17T11:22:26.013341,11:22:26,3294.92,3294.92,4
2025-11-17T11:22:38.254994,11:22:38,3262.64,3262.64,4
2025-11-17T11:22:38.424401,11:22:38,3263.61,3263.61,4
2025-11-17T11:22:51.002013,11:22:51,3267.34,3267.34,4
2025-11-17T11:23:03.618785,11:23:03,3265.6,3265.6,4
2025-11-17T11:23:16.211744,11:23:16,3260.32,3260.32,4
2025-11-17T11:23:28.718061,11:23:28,3253.45,3253.45,4
2025-11-17T11:23:40.676256,11:23:40,3247.32,3247.32,4
2025-11-17T11:23:52.709529,11:23:52,3269.38,3269.38,4
2025-11-17T11:24:04.764638,11:24:04,3229.66,3229.66,4
2025-11-17T11:24:16.802359,11:24:16,3214.56,3214.56,4
2025-11-17T11:24:29.497197,11:24:29,3199.31,3199.31,4
2025-11-17T11:24:41.775566,11:24:41,3199.51,3199.51,4
2025-11-17T11:24:54.195162,11:24:54,3196.51,3196.51,4
2025-11-17T11:25:06.717299,11:25:06,3225.01,3225.01,4
2025-11-17T11:25:19.294824,11:25:19,3254.59,3254.59,4
2025-11-17T11:25:31.943402,11:25:31,3213.62,3213.62,4
2025-11-17T11:25:44.038454,11:25:44,3210.69,3210.69,4
2025-11-17T11:25:56.698264,11:25:56,3212.06,3212.06,4
2025-11-17T11:26:08.980854,11:26:08,3220.3,3220.3,4
2025-11-17T11:26:21.582882,11:26:21,3225.35,3225.35,4
2025-11-17T11:26:34.592263,11:26:34,3241.69,3241.69,4
2025-11-17T11:26:47.176114,11:26:47,3250.56,3250.56,4
2025-11-17T11:26:59.749825,11:26:59,3225.72,3225.72,4
2025-11-17T11:27:12.289546,11:27:12,3263.8,3263.8,4
2025-11-17T11:27:24.831149,11:27:24,3245.74,3245.74,4
2025-11-17T11:27:37.593184,11:27:37,3250.7,3250.7,4
2025-11-17T11:27:50.677904,11:27:50,3234.18,3234.18,4
2025-11-17T11:28:03.523081,11:28:03,3273.9,3273.9,4
2025-11-17T11:28:16.157727,11:28:16,3269.25,3269.25,4
2025-11-17T11:28:28.328273,11:28:28,3219.25,3219.25,4
2025-11-17T11:28:40.329179,11:28:40,3189.71,3189.71,4
2025-11-17T11:28:52.497399,11:28:52,3171.24,3171.24,4
2025-11-17T11:29:04.456799,11:29:04,3178.88,3178.88,4
2025-11-17T11:29:17.391785,11:29:17,3177.94,3177.94,4
2025-11-17T11:29:29.797836,11:29:29,3185.27,3185.27,4
2025-11-17T11:29:42.424733,11:29:42,3142.73,3142.73,4
2025-11-17T11:29:54.734131,11:29:54,3170.32,3170.32,4
2025-11-17T11:30:06.891982,11:30:06,3226.59,3226.59,4
2025-11-17T11:30:18.869992,11:30:18,3253.8,3253.8,4
2025-11-17T11:30:30.953178,11:30:30,3265.79,3265.79,4
2025-11-17T11:30:43.643317,11:30:43,3270.43,3270.43,4
2025-11-17T11:30:56.050167,11:30:56,3273.61,3273.61,4
2025-11-17T11:31:08.617708,11:31:08,3236.31,3236.31,4
2025-11-17T11:31:20.805975,11:31:20,3223.7,3223.7,4
2025-11-17T11:31:32.797398,11:31:32,3209.27,3209.27,4
2025-11-17T11:31:45.283529,11:31:45,3230.93,3230.93,4
2025-11-17T11:31:57.968153,11:31:57,3266.78,3266.78,4
2025-11-17T11:32:10.559463,11:32:10,3274.56,3274.56,4
2025-11-17T11:32:23.613341,11:32:23,3275.26,3275.26,4
2025-11-17T11:32:35.576878,11:32:35,3352.02,3352.02,4
2025-11-17T11:32:47.783337,11:32:47,3336.08,3336.08,4
2025-11-17T11:33:00.209493,11:33:00,3362.96,3362.96,4
2025-11-17T11:33:12.766587,11:33:12,3296.3,3296.3,4
2025-11-17T11:33:24.972679,11:33:24,3296.53,3296.53,4
2025-11-17T11:33:37.426818,11:33:37,3262.16,3262.16,4
2025-11-17T11:33:49.332562,11:33:49,3281.38,3281.38,4
2025-11-17T11:34:01.558918,11:34:01,3316.01,3316.01,4
2025-11-17T11:34:13.717558,11:34:13,3352.94,3352.94,4
2025-11-17T11:34:26.019053,11:34:26,3298.45,3298.45,4
2025-11-17T11:34:38.716958,11:34:38,3272.87,3272.87,4
2025-11-17T11:34:51.257019,11:34:51,3323.25,3323.25,4
2025-11-17T11:35:03.434427,11:35:03,3324.43,3324.43,4
2025-11-17T11:35:15.670534,11:35:15,3353.93,3353.93,4
2025-11-17T11:35:28.268656,11:35:28,3387.39,3387.39,4
2025-11-17T11:35:40.360994,11:35:40,3433.97,3433.97,4
2025-11-17T11:35:52.879450,11:35:52,3336.46,3336.46,4
2025-11-17T11:36:05.430736,11:36:05,3327.28,3327.28,4
2025-11-17T11:36:17.628233,11:36:17,3342.89,3342.89,4
2025-11-17T11:36:29.790558,11:36:29,3401.23,3401.23,4
2025-11-17T11:36:42.319643,11:36:42,3398.78,3398.78,4
2025-11-17T11:36:54.502374,11:36:54,3395.1,3395.1,4
2025-11-17T11:37:06.644301,11:37:06,3354.37,3354.37,4
2025-11-17T11:37:18.668538,11:37:18,3348.47,3348.47,4
2025-11-17T11:37:30.772027,11:37:30,3243.7,3243.7,4
2025-11-17T11:37:42.942330,11:37:42,3248.79,3248.79,4
2025-11-17T11:37:55.370869,11:37:55,3224.37,3224.37,4
2025-11-17T11:38:08.389331,11:38:08,3180.31,3180.31,4
2025-11-17T11:38:21.026953,11:38:21,3221.68,3221.68,4
2025-11-17T11:38:33.136908,11:38:33,3225.88,3225.88,4
2025-11-17T11:38:45.084598,11:38:45,3219.19,3219.19,4
2025-11-17T11:38:57.080103,11:38:57,3223.23,3223.23,4
2025-11-17T11:39:09.131727,11:39:09,3236.52,3236.52,4
2025-11-17T11:39:21.621963,11:39:21,3208.45,3208.45,4
2025-11-17T11:39:33.805895,11:39:33,3176.82,3176.82,4
2025-11-17T11:39:45.978223,11:39:45,3136.48,3136.48,4
2025-11-17T11:39:58.465494,11:39:58,3130.95,3130.95,4
2025-11-17T11:40:10.551917,11:40:10,3168.26,3168.26,4
2025-11-17T11:40:22.448947,11:40:22,3145.98,3145.98,4
2025-11-17T11:40:34.794416,11:40:34,3098.34,3098.34,4
2025-11-17T11:40:47.457420,11:40:47,3080.46,3080.46,4
2025-11-17T11:40:59.982320,11:40:59,3011.24,3011.24,4
2025-11-17T11:41:12.114020,11:41:12,3017.99,3017.99,4
2025-11-17T11:41:24.725520,11:41:24,3036.87,3036.87,4
2025-11-17T11:41:37.418126,11:41:37,3023.3,3023.3,4
2025-11-17T11:41:49.594311,11:41:49,2983.33,2983.33,4
2025-11-17T11:42:02.385287,11:42:02,3015.15,3015.15,4
2025-11-17T11:42:14.927282,11:42:14,2876.45,2876.45,4
2025-11-17T11:42:27.075046,11:42:27,2824.93,2824.93,4
2025-11-17T11:42:39.172394,11:42:39,2819.33,2819.33,4
2025-11-17T11:42:51.749079,11:42:51,2764.88,2764.88,4
2025-11-17T11:43:04.285349,11:43:04,2646.72,2646.72,4
2025-11-17T11:43:16.260926,11:43:16,2647.33,2647.33,4
2025-11-17T11:43:28.178569,11:43:28,2631.92,2631.92,4
2025-11-17T11:43:40.409362,11:43:40,2640.78,2640.78,4
2025-11-17T11:43:52.436046,11:43:52,2713.46,2713.46,4
2025-11-17T11:44:04.678079,11:44:04,2747.04,2747.04,4
2025-11-17T11:44:17.272067,11:44:17,2785.14,2785.14,4
2025-11-17T11:44:29.426788,11:44:29,2796.77,2796.77,4
2025-11-17T11:44:41.651063,11:44:41,2790.87,2790.87,4
2025-11-17T11:44:53.719470,11:44:53,2714.91,2714.91,4
2025-11-17T11:45:05.787801,11:45:05,2740.41,2740.41,4
2025-11-17T11:45:18.468752,11:45:18,2719.43,2719.43,4
2025-11-17T11:45:30.957467,11:45:30,2720.05,2720.05,4
2025-11-17T11:45:43.765575,11:45:43,2711.48,2711.48,4
2025-11-17T11:45:56.746390,11:45:56,2638.59,2638.59,4
2025-11-17T11:46:09.309166,11:46:09,2615.81,2615.81,4
2025-11-17T11:46:21.837714,11:46:21,2680.97,2680.97,4
2025-11-17T11:46:34.583920,11:46:34,2645.28,2645.28,4
2025-11-17T11:46:46.724332,11:46:46,2706.44,2706.44,4
2025-11-17T11:46:59.817759,11:46:59,2761.59,2761.59,4
2025-11-17T11:47:11.824392,11:47:11,2800.55,2800.55,4
2025-11-17T11:47:23.863921,11:47:23,2725.15,2725.15,4
2025-11-17T11:47:36.248509,11:47:36,2785.74,2785.74,4
2025-11-17T11:47:48.675632,11:47:48,2813.79,2813.79,4
2025-11-17T11:48:00.947607,11:48:00,2818.98,2818.98,4
2025-11-17T11:48:13.795941,11:48:13,2874.81,2874.81,4
2025-11-17T11:48:25.818192,11:48:25,2877.76,2877.76,4
2025-11-17T11:48:38.439837,11:48:38,2900.64,2900.64,4
2025-11-17T11:48:50.719861,11:48:50,2902.53,2902.53,4
2025-11-17T11:49:03.362723,11:49:03,2904.43,2904.43,4
2025-11-17T11:49:16.024196,11:49:16,2957.48,2957.48,4
2025-11-17T11:49:28.206629,11:49:28,2977.0,2977.0,4
2025-11-17T11:49:40.439382,11:49:40,3019.09,3019.09,4
2025-11-17T11:49:52.723938,11:49:52,3060.09,3060.09,4
2025-11-17T11:50:05.561380,11:50:05,3087.43,3087.43,4
2025-11-17T11:50:17.917282,11:50:17,3167.52,3167.52,4
2025-11-17T11:50:29.873408,11:50:29,3198.65,3198.65,4
2025-11-17T11:50:42.012610,11:50:42,3194.2,3194.2,4
2025-11-17T11:50:54.770778,11:50:54,3133.63,3133.63,4
2025-11-17T11:51:07.466588,11:51:07,3161.55,3161.55,4
2025-11-17T11:51:19.521132,11:51:19,3213.1,3213.1,4
2025-11-17T11:51:31.744143,11:51:31,3216.78,3216.78,4
2025-11-17T11:51:43.795310,11:51:43,3151.58,3151.58,4
2025-11-17T11:51:55.616485,11:51:55,3102.94,3102.94,4
2025-11-17T11:52:07.830711,11:52:07,3134.63,3134.63,4
2025-11-17T11:52:19.941440,11:52:19,3166.14,3166.14,4
2025-11-17T11:52:31.848318,11:52:31,3075.76,3075.76,4
2025-11-17T11:52:44.596200,11:52:44,2968.48,2968.48,4
2025-11-17T11:52:56.465002,11:52:56,2928.79,2928.79,4
2025-11-17T11:53:08.648820,11:53:08,3007.93,3007.93,4
2025-11-17T11:53:20.733127,11:53:20,2978.71,2978.71,4
2025-11-17T11:53:33.146765,11:53:33,2948.22,2948.22,4
2025-11-17T11:53:45.427181,11:53:45,2964.93,2964.93,4
2025-11-17T11:53:58.067507,11:53:58,2957.07,2957.07,4
2025-11-17T11:54:10.172514,11:54:10,2962.69,2962.69,4
2025-11-17T11:54:22.093061,11:54:22,2941.05,2941.05,4
2025-11-17T11:54:34.064942,11:54:34,2990.93,2990.93,4
2025-11-17T11:54:46.142692,11:54:46,2949.17,2949.17,4
2025-11-17T11:54:58.742998,11:54:58,2980.0,2980.0,4
2025-11-17T11:55:10.676991,11:55:10,2889.01,2889.01,4
2025-11-17T11:55:22.846181,11:55:22,2874.91,2874.91,4
2025-11-17T11:55:35.547353,11:55:35,2941.17,2941.17,4
2025-11-17T11:55:48.125011,11:55:48,2898.19,2898.19,4
2025-11-17T11:56:00.637618,11:56:00,2939.24,2939.24,4
2025-11-17T11:56:12.791388,11:56:12,2960.05,2960.05,4
2025-11-17T11:56:24.734086,11:56:24,2950.84,2950.84,4
2025-11-17T11:56:36.985050,11:56:36,2967.92,2967.92,4
2025-11-17T11:56:49.258653,11:56:49,2972.11,2972.11,4
2025-11-17T11:57:01.224941,11:57:01,2979.44,2979.44,4
2025-11-17T11:57:13.190218,11:57:13,2964.8,2964.8,4
2025-11-17T11:57:25.206837,11:57:25,2976.66,2976.66,4
2025-11-17T11:57:37.383400,11:57:37,3013.79,3013.79,4
2025-11-17T11:57:49.559652,11:57:49,2981.57,2981.57,4
2025-11-17T11:58:01.661202,11:58:01,2986.93,2986.93,4
2025-11-17T11:58:14.104528,11:58:14,2987.6,2987.6,4
2025-11-17T11:58:26.322928,11:58:26,2994.32,2994.32,4
2025-11-17T11:58:38.388254,11:58:38,3009.24,3009.24,4
2025-11-17T11:58:50.774710,11:58:50,2976.8,2976.8,4
2025-11-17T11:59:03.407317,11:59:03,2992.0,2992.0,4
2025-11-17T11:59:15.276188,11:59:15,3053.09,3053.09,4
2025-11-17T11:59:27.218127,11:59:27,3008.04,3008.04,4
2025-11-17T11:59:39.205987,11:59:39,3010.45,3010.45,4
2025-11-17T11:59:51.845447,11:59:51,3009.69,3009.69,4
2025-11-17T12:00:04.110922,12:00:04,3034.49,3034.49,4
2025-11-17T12:00:16.080427,12:00:16,2955.85,2955.85,4
2025-11-17T12:00:28.152941,12:00:28,2936.43,2936.43,4
2025-11-17T12:00:40.494325,12:00:40,2934.22,2934.22,4
2025-11-17T12:00:53.261641,12:00:53,2933.32,2933.32,4
2025-11-17T12:01:05.967117,12:01:05,2922.41,2922.41,4
2025-11-17T12:01:18.714966,12:01:18,2906.33,2906.33,4
2025-11-17T12:01:31.362470,12:01:31,2902.57,2902.57,4
2025-11-17T12:01:43.294949,12:01:43,2899.26,2899.26,4
2025-11-17T12:01:55.763345,12:01:55,2816.37,2816.37,4
2025-11-17T12:02:07.813968,12:02:07,2795.24,2795.24,4
2025-11-17T12:02:20.359838,12:02:20,2781.08,2781.08,4
2025-11-17T12:02:33.016918,12:02:33,2737.55,2737.55,4
2025-11-17T12:02:45.060086,12:02:45,2719.5,2719.5,4
2025-11-17T12:02:57.539373,12:02:57,2701.88,2701.88,4
2025-11-17T12:03:09.447990,12:03:09,2663.91,2663.91,4
2025-11-17T12:03:21.628670,12:03:21,2657.62,2657.62,4
2025-11-17T12:03:33.572281,12:03:33,2703.69,2703.69,4
2025-11-17T12:03:45.551509,12:03:45,2721.86,2721.86,4
2025-11-17T12:03:57.626872,12:03:57,2710.19,2710.19,4
2025-11-17T12:04:09.760254,12:04:09,2691.9,2691.9,4
2025-11-17T12:04:21.845545,12:04:21,2676.53,2676.53,4
2025-11-17T12:04:33.983248,12:04:33,2666.71,2666.71,4
2025-11-17T12:04:46.667141,12:04:46,2677.12,2677.12,4
2025-11-17T12:04:59.069169,12:04:59,2687.46,2687.46,4
2025-11-17T12:05:11.517245,12:05:11,2637.69,2637.69,4
2025-11-17T12:05:23.637131,12:05:23,2598.02,2598.02,4
2025-11-17T12:05:35.743033,12:05:35,2587.16,2587.16,4
2025-11-17T12:05:47.632335,12:05:47,2566.37,2566.37,4
2025-11-17T12:05:59.733144,12:05:59,2553.72,2553.72,4
2025-11-17T12:06:11.566836,12:06:11,2584.97,2584.97,4
2025-11-17T12:06:23.941117,12:06:23,2564.27,2564.27,4
2025-11-17T12:06:36.403700,12:06:36,2590.39,2590.39,4
2025-11-17T12:06:48.826676,12:06:48,2587.2,2587.2,4
2025-11-17T12:07:01.391096,12:07:01,2581.81,2581.81,4
2025-11-17T12:07:13.582545,12:07:13,2571.46,2571.46,4
2025-11-17T12:07:25.667318,12:07:25,2557.89,2557.89,4
2025-11-17T12:07:38.272040,12:07:38,2559.46,2559.46,4
2025-11-17T12:07:50.515102,12:07:50,2574.74,2574.74,4
2025-11-17T12:08:02.363543,12:08:02,2580.12,2580.12,4
2025-11-17T12:08:14.470595,12:08:14,2581.3,2581.3,4
2025-11-17T12:08:27.086542,12:08:27,2600.05,2600.05,4
2025-11-17T12:08:39.065796,12:08:39,2599.8,2599.8,4
2025-11-17T12:08:51.214696,12:08:51,2597.17,2597.17,4
2025-11-17T12:09:03.727347,12:09:03,2599.39,2599.39,4
2025-11-17T12:09:15.694476,12:09:15,2625.89,2625.89,4
2025-11-17T12:09:27.726853,12:09:27,2630.95,2630.95,4
2025-11-17T12:09:40.564719,12:09:40,2658.09,2658.09,4
2025-11-17T12:09:53.133978,12:09:53,2647.41,2647.41,4
2025-11-17T12:10:05.453820,12:10:05,2674.53,2674.53,4
2025-11-17T12:10:17.583167,12:10:17,2706.26,2706.26,4
2025-11-17T12:10:30.152470,12:10:30,2707.0,2707.0,4
2025-11-17T12:10:42.680453,12:10:42,2677.74,2677.74,4
2025-11-17T12:10:54.763418,12:10:54,2664.45,2664.45,4
2025-11-17T12:11:06.745068,12:11:06,2679.07,2679.07,4
2025-11-17T12:11:18.840624,12:11:18,2597.18,2597.18,4
2025-11-17T12:11:31.387844,12:11:31,2568.98,2568.98,4
2025-11-17T12:11:43.342308,12:11:43,2571.59,2571.59,4
2025-11-17T12:11:55.788653,12:11:55,2582.34,2582.34,4
2025-11-17T12:12:08.086184,12:12:08,2574.49,2574.49,4
2025-11-17T12:12:20.206205,12:12:20,2572.47,2572.47,4
2025-11-17T12:12:32.460976,12:12:32,2571.36,2571.36,4
2025-11-17T12:12:44.692173,12:12:44,2563.42,2563.42,4
2025-11-17T12:12:56.994925,12:12:56,2553.41,2553.41,4
2025-11-17T12:13:09.097161,12:13:09,2527.25,2527.25,4
2025-11-17T12:13:21.240619,12:13:21,2554.73,2554.73,4
2025-11-17T12:13:33.232329,12:13:33,2545.18,2545.18,4
2025-11-17T12:13:45.291826,12:13:45,2547.38,2547.38,4
2025-11-17T12:13:57.328972,12:13:57,2551.16,2551.16,4
2025-11-17T12:14:09.673755,12:14:09,2549.0,2549.0,4
2025-11-17T12:14:21.767663,12:14:21,2561.26,2561.26,4
2025-11-17T12:14:33.991875,12:14:33,2575.52,2575.52,4
2025-11-17T12:14:46.438228,12:14:46,2629.22,2629.22,4
2025-11-17T12:14:58.525378,12:14:58,2586.48,2586.48,4
2025-11-17T12:15:10.588769,12:15:10,2570.39,2570.39,4
2025-11-17T12:15:22.777991,12:15:22,2637.36,2637.36,4
2025-11-17T12:15:34.939919,12:15:34,2636.83,2636.83,4
2025-11-17T12:15:47.417825,12:15:47,2617.6,2617.6,4
2025-11-17T12:15:59.345494,12:15:59,2628.39,2628.39,4
2025-11-17T12:16:11.547891,12:16:11,2654.32,2654.32,4
2025-11-17T12:16:23.704143,12:16:23,2672.42,2672.42,4
2025-11-17T12:16:35.871927,12:16:35,2654.03,2654.03,4
2025-11-17T12:16:48.028108,12:16:48,2682.08,2682.08,4
2025-11-17T12:17:00.274364,12:17:00,2698.02,2698.02,4
2025-11-17T12:17:12.324180,12:17:12,2718.89,2718.89,4
2025-11-17T12:17:24.301526,12:17:24,2773.92,2773.92,4
2025-11-17T12:17:36.657915,12:17:36,2789.06,2789.06,4
2025-11-17T12:17:48.844814,12:17:48,2847.31,2847.31,4
2025-11-17T12:18:00.818326,12:18:00,2872.72,2872.72,4
2025-11-17T12:18:13.365325,12:18:13,2927.46,2927.46,4
2025-11-17T12:18:25.278679,12:18:25,2923.96,2923.96,4
2025-11-17T12:18:37.478937,12:18:37,2899.68,2899.68,4
2025-11-17T12:18:49.849167,12:18:49,2868.61,2868.61,4
2025-11-17T12:19:01.778805,12:19:01,2849.63,2849.63,4
2025-11-17T12:19:13.819818,12:19:13,2837.73,2837.73,4
2025-11-17T12:19:25.873186,12:19:25,2837.04,2837.04,4
2025-11-17T12:19:37.880854,12:19:37,2839.05,2839.05,4
2025-11-17T12:19:50.178591,12:19:50,2843.87,2843.87,4
2025-11-17T12:20:02.187157,12:20:02,2851.15,2851.15,4
2025-11-17T12:20:14.148155,12:20:14,2859.45,2859.45,4
2025-11-17T12:20:26.332749,12:20:26,2870.0,2870.0,4
2025-11-17T12:20:38.297856,12:20:38,2924.84,2924.84,4
2025-11-17T12:20:50.300652,12:20:50,2933.64,2933.64,4
2025-11-17T12:21:02.853093,12:21:02,2934.84,2934.84,4
2025-11-17T12:21:14.862525,12:21:14,2971.41,2971.41,4
2025-11-17T12:21:27.535759,12:21:27,3036.59,3036.59,4
2025-11-17T12:21:39.420668,12:21:39,3067.58,3067.58,4
2025-11-17T12:21:51.774724,12:21:51,3062.28,3062.28,4
2025-11-17T12:22:03.899323,12:22:03,3066.65,3066.65,4
2025-11-17T12:22:16.600799,12:22:16,3077.96,3077.96,4
2025-11-17T12:22:28.909421,12:22:28,3085.77,3085.77,4
2025-11-17T12:22:41.514391,12:22:41,3111.04,3111.04,4
2025-11-17T12:22:53.664853,12:22:53,3145.06,3145.06,4
2025-11-17T12:23:05.815105,12:23:05,3182.14,3182.14,4
2025-11-17T12:23:17.829463,12:23:17,3270.44,3270.44,4
2025-11-17T12:23:30.062282,12:23:30,3299.83,3299.83,4
2025-11-17T12:23:42.146066,12:23:42,3419.69,3419.69,4
2025-11-17T12:23:54.225300,12:23:54,3445.26,3445.26,4
2025-11-17T12:24:06.215989,12:24:06,3462.13,3462.13,4
2025-11-17T12:24:18.470472,12:24:18,3474.73,3474.73,4
2025-11-17T12:24:30.589979,12:24:30,3419.19,3419.19,4
2025-11-17T12:24:42.555938,12:24:42,3388.63,3388.63,4
2025-11-17T12:24:54.826283,12:24:54,3414.53,3414.53,4
2025-11-17T12:25:07.106902,12:25:07,3366.2,3366.2,4
2025-11-17T12:25:19.366546,12:25:19,3430.71,3430.71,4
2025-11-17T12:25:31.711855,12:25:31,3467.42,3467.42,4
2025-11-17T12:25:43.964264,12:25:43,3459.62,3459.62,4
2025-11-17T12:25:56.577214,12:25:56,3470.19,3470.19,4
2025-11-17T12:26:08.938920,12:26:08,3516.33,3516.33,4
2025-11-17T12:26:21.530194,12:26:21,3535.5,3535.5,4
2025-11-17T12:26:33.932039,12:26:33,3543.68,3543.68,4
2025-11-17T12:26:46.291869,12:26:46,3545.9,3545.9,4
2025-11-17T12:26:58.160081,12:26:58,3527.51,3527.51,4
2025-11-17T12:27:10.300226,12:27:10,3540.82,3540.82,4
2025-11-17T12:27:22.405099,12:27:22,3563.41,3563.41,4
2025-11-17T12:27:34.580501,12:27:34,3575.61,3575.61,4
2025-11-17T12:27:46.784972,12:27:46,3610.46,3610.46,4
2025-11-17T12:27:58.900195,12:27:58,3657.6,3657.6,4
2025-11-17T12:28:10.973208,12:28:10,3684.3,3684.3,4
2025-11-17T12:28:23.421723,12:28:23,3615.73,3615.73,4
2025-11-17T12:28:35.675172,12:28:35,3599.1,3599.1,4
2025-11-17T12:28:48.017152,12:28:48,3572.69,3572.69,4
2025-11-17T12:29:00.055133,12:29:00,3579.74,3579.74,4
2025-11-17T12:29:12.344248,12:29:12,3580.15,3580.15,4
2025-11-17T12:29:24.357680,12:29:24,3582.84,3582.84,4
2025-11-17T12:29:36.927901,12:29:36,3579.23,3579.23,4
2025-11-17T12:29:49.455683,12:29:49,3603.66,3603.66,4
2025-11-17T12:30:01.547221,12:30:01,3605.7,3605.7,4
2025-11-17T12:30:13.846955,12:30:13,3715.04,3715.04,4
2025-11-17T12:30:26.604543,12:30:26,3732.81,3732.81,4
2025-11-17T12:30:39.074101,12:30:39,3730.99,3730.99,4
2025-11-17T12:30:51.202791,12:30:51,3618.29,3618.29,4
2025-11-17T12:31:03.798641,12:31:03,3574.92,3574.92,4
2025-11-17T12:31:15.904246,12:31:15,3600.45,3600.45,4
2025-11-17T12:31:27.932560,12:31:27,3527.78,3527.78,4
2025-11-17T12:31:40.071852,12:31:40,3575.88,3575.88,4
2025-11-17T12:31:52.455369,12:31:52,3596.81,3596.81,4
2025-11-17T12:32:04.856242,12:32:04,3613.62,3613.62,4
2025-11-17T12:32:17.057672,12:32:17,3606.88,3606.88,4
2025-11-17T12:32:28.893904,12:32:28,3584.97,3584.97,4
2025-11-17T12:32:41.178702,12:32:41,3613.45,3613.45,4
2025-11-17T12:32:53.366072,12:32:53,3682.23,3682.23,4
2025-11-17T12:33:05.671347,12:33:05,3666.3,3666.3,4
2025-11-17T12:33:18.231777,12:33:18,3654.69,3654.69,4
2025-11-17T12:33:30.922363,12:33:30,3685.4,3685.4,4
2025-11-17T12:33:43.061967,12:33:43,3618.34,3618.34,4
2025-11-17T12:33:55.256345,12:33:55,3582.83,3582.83,4
2025-11-17T12:34:07.769210,12:34:07,3562.54,3562.54,4
2025-11-17T12:34:19.837968,12:34:19,3547.03,3547.03,4
