timestamp,time,total_pnl,unrealized_pnl,position_count
2025-11-04T01:19:38.119912,01:19:38,6895.58,6895.58,3
2025-11-04T01:19:49.679965,01:19:49,6864.3,6864.3,3
2025-11-04T01:20:01.564197,01:20:01,6878.18,6878.18,3
2025-11-04T01:20:13.401742,01:20:13,6889.45,6889.45,3
2025-11-04T01:20:25.514607,01:20:25,6834.28,6834.28,3
2025-11-04T01:20:37.658522,01:20:37,6797.54,6797.54,3
2025-11-04T01:20:49.209621,01:20:49,6750.99,6750.99,3
2025-11-04T01:21:01.062415,01:21:01,6719.05,6719.05,3
2025-11-04T01:21:13.221050,01:21:13,6674.72,6674.72,3
2025-11-04T01:21:25.159144,01:21:25,6679.75,6679.75,3
2025-11-04T01:21:37.311366,01:21:37,6716.94,6716.94,3
2025-11-04T01:21:49.215194,01:21:49,6757.72,6757.72,3
2025-11-04T01:22:01.110900,01:22:01,6757.62,6757.62,3
2025-11-04T01:22:12.664725,01:22:12,6693.0,6693.0,3
2025-11-04T01:22:24.671201,01:22:24,6651.53,6651.53,3
2025-11-04T01:22:36.571088,01:22:36,6642.66,6642.66,3
2025-11-04T01:22:48.459342,01:22:48,6631.73,6631.73,3
2025-11-04T01:23:00.384792,01:23:00,6612.63,6612.63,3
2025-11-04T01:23:12.287261,01:23:12,6720.11,6720.11,3
2025-11-04T01:23:24.239384,01:23:24,6743.69,6743.69,3
2025-11-04T01:23:36.414367,01:23:36,6733.04,6733.04,3
2025-11-04T01:23:48.597636,01:23:48,6752.78,6752.78,3
2025-11-04T01:24:00.476900,01:24:00,6818.73,6818.73,3
2025-11-04T01:24:12.400893,01:24:12,6811.44,6811.44,3
2025-11-04T01:24:24.256945,01:24:24,6803.21,6803.21,3
2025-11-04T01:24:36.116713,01:24:36,6782.96,6782.96,3
2025-11-04T01:24:48.095740,01:24:48,6808.48,6808.48,3
2025-11-04T01:24:59.971590,01:24:59,6832.41,6832.41,3
2025-11-04T01:25:12.120560,01:25:12,6854.92,6854.92,3
2025-11-04T01:25:23.724365,01:25:23,6791.09,6791.09,3
2025-11-04T01:25:35.667358,01:25:35,6743.62,6743.62,3
2025-11-04T01:25:47.544443,01:25:47,6747.6,6747.6,3
2025-11-04T01:25:59.486866,01:25:59,6771.53,6771.53,3
2025-11-04T01:26:11.405736,01:26:11,6730.49,6730.49,3
2025-11-04T01:26:23.247738,01:26:23,6692.01,6692.01,3
2025-11-04T01:26:35.248742,01:26:35,6702.67,6702.67,3
2025-11-04T01:26:47.169381,01:26:47,6807.76,6807.76,3
2025-11-04T01:26:58.780290,01:26:58,6824.05,6824.05,3
2025-11-04T01:27:10.643487,01:27:10,6789.85,6789.85,3
2025-11-04T01:27:22.581075,01:27:22,6811.27,6811.27,3
2025-11-04T01:27:34.452944,01:27:34,6762.52,6762.52,3
2025-11-04T01:27:46.364761,01:27:46,6761.99,6761.99,3
2025-11-04T01:27:58.228575,01:27:58,6744.75,6744.75,3
2025-11-04T01:28:10.391035,01:28:10,6735.47,6735.47,3
2025-11-04T01:28:22.285331,01:28:22,6773.59,6773.59,3
2025-11-04T01:28:34.194846,01:28:34,6739.23,6739.23,3
2025-11-04T01:28:46.336770,01:28:46,6646.23,6646.23,3
2025-11-04T01:28:58.258605,01:28:58,6667.57,6667.57,3
2025-11-04T01:29:10.460822,01:29:10,6660.73,6660.73,3
2025-11-04T01:29:22.440851,01:29:22,6627.36,6627.36,3
2025-11-04T01:29:34.378186,01:29:34,6627.82,6627.82,3
2025-11-04T01:29:46.580316,01:29:46,6633.89,6633.89,3
2025-11-04T01:29:58.509756,01:29:58,6704.44,6704.44,3
2025-11-04T01:30:10.386163,01:30:10,6748.77,6748.77,3
2025-11-04T01:30:22.283419,01:30:22,6788.49,6788.49,3
2025-11-04T01:30:34.170304,01:30:34,6813.07,6813.07,3
2025-11-04T01:30:45.752054,01:30:45,6757.64,6757.64,3
2025-11-04T01:30:57.633575,01:30:57,6818.51,6818.51,3
2025-11-04T01:31:09.551469,01:31:09,6684.32,6684.32,3
2025-11-04T01:31:21.460745,01:31:21,6782.06,6782.06,3
2025-11-04T01:31:33.025951,01:31:33,6779.22,6779.22,3
2025-11-04T01:31:45.210170,01:31:45,6770.92,6770.92,3
2025-11-04T01:31:57.426703,01:31:57,6735.44,6735.44,3
2025-11-04T01:32:09.288778,01:32:09,6658.79,6658.79,3
2025-11-04T01:32:21.449463,01:32:21,6763.99,6763.99,3
2025-11-04T01:32:33.613959,01:32:33,6714.92,6714.92,3
2025-11-04T01:32:45.551910,01:32:45,6691.53,6691.53,3
2025-11-04T01:32:57.404674,01:32:57,6610.67,6610.67,3
2025-11-04T01:33:09.564590,01:33:09,6622.19,6622.19,3
2025-11-04T01:33:21.459225,01:33:21,6600.51,6600.51,3
2025-11-04T01:33:33.389758,01:33:33,6582.79,6582.79,3
2025-11-04T01:33:45.312025,01:33:45,6530.6,6530.6,3
2025-11-04T01:33:57.185696,01:33:57,6503.56,6503.56,3
2025-11-04T01:34:09.221943,01:34:09,6519.63,6519.63,3
2025-11-04T01:34:21.094588,01:34:21,6471.88,6471.88,3
2025-11-04T01:34:33.263764,01:34:33,6478.8,6478.8,3
2025-11-04T01:34:45.515533,01:34:45,6577.27,6577.27,3
2025-11-04T01:34:57.534929,01:34:57,6657.54,6657.54,3
2025-11-04T01:35:09.133953,01:35:09,6632.54,6632.54,3
2025-11-04T01:35:21.325746,01:35:21,6651.88,6651.88,3
2025-11-04T01:35:33.470900,01:35:33,6669.99,6669.99,3
2025-11-04T01:35:45.381241,01:35:45,6589.23,6589.23,3
2025-11-04T01:35:57.580710,01:35:57,6555.76,6555.76,3
2025-11-04T01:36:09.432048,01:36:09,6499.6,6499.6,3
2025-11-04T01:36:20.984112,01:36:20,6404.61,6404.61,3
2025-11-04T01:36:32.577678,01:36:32,6293.98,6293.98,3
2025-11-04T01:36:44.720670,01:36:44,6346.71,6346.71,3
2025-11-04T01:36:56.658284,01:36:56,6304.69,6304.69,3
2025-11-04T01:37:08.546344,01:37:08,6299.47,6299.47,3
2025-11-04T01:37:20.442074,01:37:20,6201.95,6201.95,3
2025-11-04T01:37:32.047581,01:37:32,6278.37,6278.37,3
2025-11-04T01:37:43.674528,01:37:43,6331.15,6331.15,3
2025-11-04T01:37:55.602700,01:37:55,6315.17,6315.17,3
2025-11-04T01:38:07.210234,01:38:07,6276.95,6276.95,3
2025-11-04T01:38:18.771173,01:38:18,6287.86,6287.86,3
2025-11-04T01:38:30.899123,01:38:30,6334.98,6334.98,3
2025-11-04T01:38:42.873721,01:38:42,6251.5,6251.5,3
2025-11-04T01:38:54.515163,01:38:54,6227.59,6227.59,3
2025-11-04T01:39:06.422820,01:39:06,6316.4,6316.4,3
2025-11-04T01:39:18.334399,01:39:18,6314.69,6314.69,3
2025-11-04T01:39:30.061520,01:39:30,6275.64,6275.64,3
2025-11-04T01:39:41.643784,01:39:41,6346.69,6346.69,3
2025-11-04T01:39:53.516358,01:39:53,6352.7,6352.7,3
2025-11-04T01:40:05.441482,01:40:05,6285.35,6285.35,3
2025-11-04T01:40:17.376633,01:40:17,6281.6,6281.6,3
2025-11-04T01:40:29.060824,01:40:29,6195.12,6195.12,3
2025-11-04T01:40:40.712149,01:40:40,6189.48,6189.48,3
2025-11-04T01:40:52.567568,01:40:52,6255.29,6255.29,3
2025-11-04T01:41:04.280226,01:41:04,6289.27,6289.27,3
2025-11-04T01:41:16.479190,01:41:16,6264.6,6264.6,3
2025-11-04T01:41:28.082584,01:41:28,6266.11,6266.11,3
2025-11-04T01:41:40.273354,01:41:40,6250.21,6250.21,3
2025-11-04T01:41:52.211357,01:41:52,6283.62,6283.62,3
2025-11-04T01:42:04.244262,01:42:04,6237.04,6237.04,3
2025-11-04T01:42:16.392647,01:42:16,6208.45,6208.45,3
2025-11-04T01:42:28.306337,01:42:28,6179.95,6179.95,3
2025-11-04T01:42:40.271804,01:42:40,6182.6,6182.6,3
2025-11-04T01:42:52.172714,01:42:52,6172.13,6172.13,3
2025-11-04T01:43:04.226757,01:43:04,6165.2,6165.2,3
2025-11-04T01:43:16.392537,01:43:16,6189.41,6189.41,3
2025-11-04T01:43:28.318703,01:43:28,6224.04,6224.04,3
2025-11-04T01:43:40.332804,01:43:40,6244.78,6244.78,3
2025-11-04T01:43:52.526436,01:43:52,6258.51,6258.51,3
2025-11-04T01:44:04.716019,01:44:04,6274.76,6274.76,3
2025-11-04T01:44:16.619563,01:44:16,6152.72,6152.72,3
2025-11-04T01:44:28.219341,01:44:28,6143.36,6143.36,3
2025-11-04T01:44:40.473404,01:44:40,6071.97,6071.97,3
2025-11-04T01:44:52.372340,01:44:52,6077.31,6077.31,3
2025-11-04T01:45:04.275344,01:45:04,6077.91,6077.91,3
2025-11-04T01:45:16.450022,01:45:16,6011.52,6011.52,3
2025-11-04T01:45:28.377908,01:45:28,6045.54,6045.54,3
2025-11-04T01:45:40.302144,01:45:40,5990.63,5990.63,3
2025-11-04T01:45:52.293522,01:45:52,6028.82,6028.82,3
2025-11-04T01:46:04.565391,01:46:04,6075.16,6075.16,3
2025-11-04T01:46:16.571635,01:46:16,6060.1,6060.1,3
2025-11-04T01:46:28.436184,01:46:28,6137.35,6137.35,3
2025-11-04T01:46:40.652098,01:46:40,6142.74,6142.74,3
2025-11-04T01:46:52.568892,01:46:52,6148.75,6148.75,3
2025-11-04T01:47:04.606721,01:47:04,6196.58,6196.58,3
2025-11-04T01:47:16.223556,01:47:16,6188.76,6188.76,3
2025-11-04T01:47:28.441778,01:47:28,6195.94,6195.94,3
2025-11-04T01:47:40.348899,01:47:40,6185.65,6185.65,3
2025-11-04T01:47:52.521137,01:47:52,6140.97,6140.97,3
2025-11-04T01:48:04.580757,01:48:04,6132.04,6132.04,3
2025-11-04T01:48:16.436998,01:48:16,6065.76,6065.76,3
2025-11-04T01:48:28.395843,01:48:28,6016.46,6016.46,3
2025-11-04T01:48:40.293130,01:48:40,6080.43,6080.43,3
2025-11-04T01:48:52.490529,01:48:52,6102.08,6102.08,3
2025-11-04T01:49:04.382733,01:49:04,6091.7,6091.7,3
2025-11-04T01:49:16.274775,01:49:16,6106.07,6106.07,3
2025-11-04T01:49:28.471665,01:49:28,6113.66,6113.66,3
2025-11-04T01:49:40.347163,01:49:40,6042.45,6042.45,3
2025-11-04T01:49:52.235624,01:49:52,6080.93,6080.93,3
2025-11-04T01:50:04.104386,01:50:04,6065.3,6065.3,3
2025-11-04T01:50:16.274857,01:50:16,6028.0,6028.0,3
2025-11-04T01:50:28.464873,01:50:28,6048.32,6048.32,3
2025-11-04T01:50:40.405706,01:50:40,6080.86,6080.86,3
2025-11-04T01:50:52.598432,01:50:52,6163.22,6163.22,3
2025-11-04T01:51:04.284760,01:51:04,6215.08,6215.08,3
2025-11-04T01:51:16.178050,01:51:16,6280.0,6280.0,3
2025-11-04T01:51:28.354028,01:51:28,6260.72,6260.72,3
2025-11-04T01:51:40.316289,01:51:40,6227.49,6227.49,3
2025-11-04T01:51:52.272217,01:51:52,6172.35,6172.35,3
2025-11-04T01:52:04.432673,01:52:04,6181.64,6181.64,3
2025-11-04T01:52:16.011855,01:52:16,6195.57,6195.57,3
2025-11-04T01:52:28.257523,01:52:28,6214.82,6214.82,3
2025-11-04T01:52:40.162451,01:52:40,6180.32,6180.32,3
2025-11-04T01:52:52.138816,01:52:52,6183.35,6183.35,3
2025-11-04T01:53:04.068818,01:53:04,6163.1,6163.1,3
2025-11-04T01:53:16.251289,01:53:16,6183.9,6183.9,3
2025-11-04T01:53:28.141519,01:53:28,6159.1,6159.1,3
2025-11-04T01:53:40.319133,01:53:40,6147.93,6147.93,3
2025-11-04T01:53:52.489954,01:53:52,6098.41,6098.41,3
2025-11-04T01:54:04.399014,01:54:04,6075.59,6075.59,3
2025-11-04T01:54:16.298831,01:54:16,5888.5,5888.5,3
2025-11-04T01:54:27.896465,01:54:27,5921.91,5921.91,3
2025-11-04T01:54:39.524733,01:54:39,5891.39,5891.39,3
2025-11-04T01:54:51.428169,01:54:51,5921.25,5921.25,3
2025-11-04T01:55:03.445388,01:55:03,5906.66,5906.66,3
2025-11-04T01:55:15.339903,01:55:15,5888.53,5888.53,3
2025-11-04T01:55:27.246961,01:55:27,5837.43,5837.43,3
2025-11-04T01:55:39.453880,01:55:39,5892.82,5892.82,3
2025-11-04T01:55:51.067089,01:55:51,5893.35,5893.35,3
2025-11-04T01:56:03.228952,01:56:03,5896.34,5896.34,3
2025-11-04T01:56:15.127015,01:56:15,6008.45,6008.45,3
2025-11-04T01:56:27.091697,01:56:27,6031.83,6031.83,3
2025-11-04T01:56:39.013050,01:56:39,5954.16,5954.16,3
2025-11-04T01:56:50.970036,01:56:50,6024.85,6024.85,3
2025-11-04T01:57:02.563851,01:57:02,6024.35,6024.35,3
2025-11-04T01:57:14.432815,01:57:14,5936.35,5936.35,3
2025-11-04T01:57:26.605527,01:57:26,5939.62,5939.62,3
2025-11-04T01:57:38.202703,01:57:38,5949.55,5949.55,3
2025-11-04T01:57:50.114582,01:57:50,5975.99,5975.99,3
2025-11-04T01:58:02.312447,01:58:02,6033.68,6033.68,3
2025-11-04T01:58:14.531534,01:58:14,6145.75,6145.75,3
2025-11-04T01:58:26.464784,01:58:26,6212.58,6212.58,3
2025-11-04T01:58:38.091913,01:58:38,6215.39,6215.39,3
2025-11-04T01:58:49.742394,01:58:49,6229.12,6229.12,3
2025-11-04T01:59:01.705469,01:59:01,6243.07,6243.07,3
2025-11-04T01:59:13.637515,01:59:13,6276.66,6276.66,3
2025-11-04T01:59:25.545428,01:59:25,6179.57,6179.57,3
2025-11-04T01:59:37.419509,01:59:37,6153.01,6153.01,3
2025-11-04T01:59:49.411509,01:59:49,6145.01,6145.01,3
2025-11-04T02:00:01.653113,02:00:01,6122.03,6122.03,3
2025-11-04T02:00:13.577643,02:00:13,6220.31,6220.31,3
2025-11-04T02:00:25.460422,02:00:25,6418.62,6418.62,3
2025-11-04T02:00:37.049633,02:00:37,6479.44,6479.44,3
2025-11-04T02:00:49.336911,02:00:49,6554.56,6554.56,3
2025-11-04T02:01:00.956210,02:01:00,6564.34,6564.34,3
2025-11-04T02:01:13.098554,02:01:13,6507.26,6507.26,3
2025-11-04T02:01:25.050074,02:01:25,6405.73,6405.73,3
2025-11-04T02:01:37.252568,02:01:37,6394.85,6394.85,3
2025-11-04T02:01:49.401596,02:01:49,6433.87,6433.87,3
2025-11-04T02:02:01.403259,02:02:01,6384.44,6384.44,3
2025-11-04T02:02:13.331191,02:02:13,6482.33,6482.33,3
2025-11-04T02:02:25.220298,02:02:25,6459.98,6459.98,3
2025-11-04T02:02:37.119608,02:02:37,6405.14,6405.14,3
2025-11-04T02:02:48.704857,02:02:48,6398.46,6398.46,3
2025-11-04T02:03:00.370464,02:03:00,6336.74,6336.74,3
2025-11-04T02:03:12.279030,02:03:12,6359.95,6359.95,3
2025-11-04T02:03:23.929506,02:03:23,6402.87,6402.87,3
2025-11-04T02:03:35.823497,02:03:35,6353.93,6353.93,3
2025-11-04T02:03:47.677412,02:03:47,6327.73,6327.73,3
2025-11-04T02:03:59.576088,02:03:59,6373.92,6373.92,3
2025-11-04T02:04:11.478919,02:04:11,6494.58,6494.58,3
2025-11-04T02:04:23.402077,02:04:23,6429.81,6429.81,3
2025-11-04T02:04:35.281329,02:04:35,6414.02,6414.02,3
2025-11-04T02:04:47.454254,02:04:47,6344.28,6344.28,3
2025-11-04T02:04:59.350506,02:04:59,6282.31,6282.31,3
2025-11-04T02:05:11.232205,02:05:11,6322.45,6322.45,3
2025-11-04T02:05:23.183585,02:05:23,6281.77,6281.77,3
2025-11-04T02:05:34.759613,02:05:34,6259.59,6259.59,3
2025-11-04T02:05:46.725414,02:05:46,6263.53,6263.53,3
2025-11-04T02:05:58.349915,02:05:58,6236.01,6236.01,3
2025-11-04T02:06:10.236772,02:06:10,6209.92,6209.92,3
2025-11-04T02:06:22.099534,02:06:22,6208.4,6208.4,3
2025-11-04T02:06:33.971226,02:06:33,6221.59,6221.59,3
2025-11-04T02:06:45.646759,02:06:45,6239.53,6239.53,3
2025-11-04T02:06:57.234375,02:06:57,6279.43,6279.43,3
2025-11-04T02:07:08.840285,02:07:08,6327.47,6327.47,3
2025-11-04T02:07:20.743153,02:07:20,6352.38,6352.38,3
2025-11-04T02:07:32.651199,02:07:32,6356.24,6356.24,3
2025-11-04T02:07:44.319157,02:07:44,6334.47,6334.47,3
2025-11-04T02:07:56.225216,02:07:56,6335.44,6335.44,3
2025-11-04T02:08:08.142815,02:08:08,6297.85,6297.85,3
2025-11-04T02:08:19.722165,02:08:19,6262.64,6262.64,3
2025-11-04T02:08:31.618671,02:08:31,6177.16,6177.16,3
2025-11-04T02:08:43.816303,02:08:43,6134.0,6134.0,3
2025-11-04T02:08:56.015563,02:08:56,6132.68,6132.68,3
2025-11-04T02:09:07.581197,02:09:07,6224.76,6224.76,3
2025-11-04T02:09:19.491675,02:09:19,6245.11,6245.11,3
2025-11-04T02:09:31.112922,02:09:31,6220.65,6220.65,3
2025-11-04T02:09:43.286251,02:09:43,6267.77,6267.77,3
2025-11-04T02:09:55.299532,02:09:55,6288.54,6288.54,3
2025-11-04T02:10:07.134720,02:10:07,6257.08,6257.08,3
2025-11-04T02:10:19.071959,02:10:19,6205.12,6205.12,3
2025-11-04T02:10:31.041166,02:10:31,6262.8,6262.8,3
2025-11-04T02:10:42.714772,02:10:42,6223.86,6223.86,3
2025-11-04T02:10:54.586758,02:10:54,6252.72,6252.72,3
2025-11-04T02:11:06.470254,02:11:06,6203.94,6203.94,3
2025-11-04T02:11:18.362206,02:11:18,6125.51,6125.51,3
2025-11-04T02:11:30.243635,02:11:30,6154.09,6154.09,3
2025-11-04T02:11:42.162725,02:11:42,6102.68,6102.68,3
2025-11-04T02:11:54.082304,02:11:54,6085.03,6085.03,3
2025-11-04T02:12:05.690434,02:12:05,6036.89,6036.89,3
2025-11-04T02:12:17.367582,02:12:17,6005.77,6005.77,3
2025-11-04T02:12:29.553073,02:12:29,6042.79,6042.79,3
2025-11-04T02:12:41.203440,02:12:41,6022.83,6022.83,3
2025-11-04T02:12:53.106715,02:12:53,5984.76,5984.76,3
2025-11-04T02:13:05.028879,02:13:05,5984.89,5984.89,3
2025-11-04T02:13:16.965830,02:13:16,5981.13,5981.13,3
2025-11-04T02:13:28.924595,02:13:28,6061.88,6061.88,3
2025-11-04T02:13:40.886953,02:13:40,6100.57,6100.57,3
2025-11-04T02:13:52.761260,02:13:52,6072.48,6072.48,3
2025-11-04T02:14:04.666390,02:14:04,6013.74,6013.74,3
2025-11-04T02:14:16.587224,02:14:16,5901.47,5901.47,3
2025-11-04T02:14:28.270337,02:14:28,5940.86,5940.86,3
2025-11-04T02:14:40.242036,02:14:40,5922.94,5922.94,3
2025-11-04T02:14:52.414106,02:14:52,5949.93,5949.93,3
2025-11-04T02:15:04.629300,02:15:04,6003.51,6003.51,3
2025-11-04T02:15:16.578070,02:15:16,5981.07,5981.07,3
2025-11-04T02:15:28.473490,02:15:28,6036.07,6036.07,3
2025-11-04T02:15:40.289439,02:15:40,6017.77,6017.77,3
2025-11-04T02:15:52.251350,02:15:52,6010.84,6010.84,3
2025-11-04T02:16:03.855402,02:16:03,5927.75,5927.75,3
2025-11-04T02:16:15.740163,02:16:15,5820.65,5820.65,3
2025-11-04T02:16:27.673541,02:16:27,5791.55,5791.55,3
2025-11-04T02:16:39.693686,02:16:39,5731.4,5731.4,3
2025-11-04T02:16:51.721103,02:16:51,5689.89,5689.89,3
2025-11-04T02:17:03.708178,02:17:03,5765.14,5765.14,3
2025-11-04T02:17:15.593515,02:17:15,5822.7,5822.7,3
2025-11-04T02:17:27.470218,02:17:27,5814.67,5814.67,3
2025-11-04T02:17:39.377858,02:17:39,5892.03,5892.03,3
2025-11-04T02:17:51.347831,02:17:51,5905.67,5905.67,3
2025-11-04T02:18:03.288207,02:18:03,5846.87,5846.87,3
2025-11-04T02:18:15.434634,02:18:15,5679.4,5679.4,3
2025-11-04T02:18:27.344583,02:18:27,5744.5,5744.5,3
2025-11-04T02:18:38.991412,02:18:38,5714.07,5714.07,3
2025-11-04T02:18:50.649962,02:18:50,5698.42,5698.42,3
2025-11-04T02:19:02.602205,02:19:02,5668.83,5668.83,3
2025-11-04T02:19:14.497242,02:19:14,5712.43,5712.43,3
2025-11-04T02:19:26.388408,02:19:26,5761.53,5761.53,3
2025-11-04T02:19:38.319099,02:19:38,5801.43,5801.43,3
2025-11-04T02:19:50.565073,02:19:50,5861.49,5861.49,3
2025-11-04T02:20:02.479059,02:20:02,5879.41,5879.41,3
2025-11-04T02:20:14.482873,02:20:14,5858.36,5858.36,3
2025-11-04T02:20:26.373761,02:20:26,5817.7,5817.7,3
2025-11-04T02:20:37.973977,02:20:37,5746.0,5746.0,3
2025-11-04T02:20:49.590108,02:20:49,5809.47,5809.47,3
2025-11-04T02:21:01.567013,02:21:01,5894.47,5894.47,3
2025-11-04T02:21:13.459931,02:21:13,5836.14,5836.14,3
2025-11-04T02:21:25.387248,02:21:25,5848.15,5848.15,3
2025-11-04T02:21:37.302403,02:21:37,5764.93,5764.93,3
2025-11-04T02:21:49.473179,02:21:49,5783.96,5783.96,3
2025-11-04T02:22:01.363626,02:22:01,5777.32,5777.32,3
2025-11-04T02:22:13.221895,02:22:13,5778.59,5778.59,3
2025-11-04T02:22:25.396837,02:22:25,5836.42,5836.42,3
2025-11-04T02:22:37.290998,02:22:37,5905.78,5905.78,3
2025-11-04T02:22:49.221569,02:22:49,5820.65,5820.65,3
2025-11-04T02:23:01.088867,02:23:01,5830.43,5830.43,3
2025-11-04T02:23:12.693849,02:23:12,5823.43,5823.43,3
2025-11-04T02:23:24.697212,02:23:24,5772.47,5772.47,3
2025-11-04T02:23:36.578600,02:23:36,5657.07,5657.07,3
2025-11-04T02:23:48.157618,02:23:48,5513.58,5513.58,3
2025-11-04T02:23:59.745858,02:23:59,5594.23,5594.23,3
2025-11-04T02:24:11.713069,02:24:11,5524.25,5524.25,3
2025-11-04T02:24:23.694418,02:24:23,5614.5,5614.5,3
2025-11-04T02:24:35.357662,02:24:35,5670.61,5670.61,3
2025-11-04T02:24:47.273596,02:24:47,5703.3,5703.3,3
2025-11-04T02:24:59.317840,02:24:59,5632.24,5632.24,3
2025-11-04T02:25:11.219021,02:25:11,5737.08,5737.08,3
2025-11-04T02:25:22.874809,02:25:22,5655.91,5655.91,3
2025-11-04T02:25:34.799314,02:25:34,5660.21,5660.21,3
2025-11-04T02:25:46.412475,02:25:46,5643.14,5643.14,3
2025-11-04T02:25:58.349920,02:25:58,5683.51,5683.51,3
2025-11-04T02:26:10.484106,02:26:10,5624.97,5624.97,3
2025-11-04T02:26:22.442888,02:26:22,5577.11,5577.11,3
2025-11-04T02:26:34.327318,02:26:34,5472.07,5472.07,3
2025-11-04T02:26:46.527953,02:26:46,5496.28,5496.28,3
2025-11-04T02:26:58.416125,02:26:58,5477.94,5477.94,3
2025-11-04T02:27:10.599685,02:27:10,5413.81,5413.81,3
2025-11-04T02:27:22.503747,02:27:22,5425.69,5425.69,3
2025-11-04T02:27:34.499471,02:27:34,5467.7,5467.7,3
2025-11-04T02:27:46.505119,02:27:46,5475.92,5475.92,3
2025-11-04T02:27:58.639721,02:27:58,5542.56,5542.56,3
2025-11-04T02:28:10.579308,02:28:10,5563.04,5563.04,3
2025-11-04T02:28:22.525138,02:28:22,5614.41,5614.41,3
2025-11-04T02:28:34.238053,02:28:34,5602.4,5602.4,3
2025-11-04T02:28:46.201437,02:28:46,5589.28,5589.28,3
2025-11-04T02:28:58.415808,02:28:58,5609.05,5609.05,3
2025-11-04T02:29:10.423279,02:29:10,5712.38,5712.38,3
2025-11-04T02:29:22.656637,02:29:22,5871.41,5871.41,3
2025-11-04T02:29:34.412409,02:29:34,5872.46,5872.46,3
2025-11-04T02:29:46.384968,02:29:46,5939.97,5939.97,3
2025-11-04T02:29:58.329804,02:29:58,5910.25,5910.25,3
2025-11-04T02:30:10.259287,02:30:10,5977.13,5977.13,3
2025-11-04T02:30:22.196135,02:30:22,5823.32,5823.32,3
2025-11-04T02:30:34.164842,02:30:34,5865.98,5865.98,3
2025-11-04T02:30:46.365145,02:30:46,6016.32,6016.32,3
2025-11-04T02:30:58.380427,02:30:58,6175.63,6175.63,3
2025-11-04T02:31:10.342012,02:31:10,6248.83,6248.83,3
2025-11-04T02:31:22.346875,02:31:22,6315.84,6315.84,3
2025-11-04T02:31:34.347124,02:31:34,6411.65,6411.65,3
2025-11-04T02:31:46.568292,02:31:46,6386.48,6386.48,3
2025-11-04T02:31:58.347153,02:31:58,6432.64,6432.64,3
2025-11-04T02:32:10.572582,02:32:10,6567.03,6567.03,3
2025-11-04T02:32:22.579694,02:32:22,6514.29,6514.29,3
2025-11-04T02:32:34.573209,02:32:34,6567.02,6567.02,3
2025-11-04T02:32:46.533409,02:32:46,6574.61,6574.61,3
2025-11-04T02:32:58.572428,02:32:58,6566.16,6566.16,3
2025-11-04T02:33:10.522588,02:33:10,6525.15,6525.15,3
2025-11-04T02:33:22.425854,02:33:22,6544.65,6544.65,3
2025-11-04T02:33:34.383542,02:33:34,6446.57,6446.57,3
2025-11-04T02:33:46.353891,02:33:46,6394.61,6394.61,3
2025-11-04T02:33:58.613881,02:33:58,6341.09,6341.09,3
2025-11-04T02:34:10.249101,02:34:10,6216.31,6216.31,3
2025-11-04T02:34:22.458225,02:34:22,6236.3,6236.3,3
2025-11-04T02:34:34.456732,02:34:34,6248.63,6248.63,3
2025-11-04T02:34:46.365858,02:34:46,6211.59,6211.59,3
2025-11-04T02:34:58.712824,02:34:58,6285.37,6285.37,3
2025-11-04T02:35:10.625950,02:35:10,6444.34,6444.34,3
2025-11-04T02:35:22.542581,02:35:22,6250.19,6250.19,3
2025-11-04T02:35:34.251702,02:35:34,6247.71,6247.71,3
2025-11-04T02:35:46.185775,02:35:46,6340.68,6340.68,3
2025-11-04T02:35:58.386216,02:35:58,6276.72,6276.72,3
2025-11-04T02:36:10.298540,02:36:10,6188.04,6188.04,3
2025-11-04T02:36:22.276825,02:36:22,6241.31,6241.31,3
2025-11-04T02:36:34.194784,02:36:34,6277.66,6277.66,3
2025-11-04T02:36:46.355827,02:36:46,6208.59,6208.59,3
2025-11-04T02:36:58.223811,02:36:58,6261.35,6261.35,3
2025-11-04T02:37:09.776553,02:37:09,6180.11,6180.11,3
2025-11-04T02:37:21.644046,02:37:21,6071.74,6071.74,3
2025-11-04T02:37:33.444966,02:37:33,6067.72,6067.72,3
2025-11-04T02:37:45.628823,02:37:45,6042.74,6042.74,3
2025-11-04T02:37:57.546530,02:37:57,6146.04,6146.04,3
2025-11-04T02:38:09.444964,02:38:09,6131.93,6131.93,3
2025-11-04T02:38:21.613141,02:38:21,6191.11,6191.11,3
2025-11-04T02:38:33.494288,02:38:33,6188.79,6188.79,3
2025-11-04T02:38:45.378695,02:38:45,6209.36,6209.36,3
2025-11-04T02:38:57.314245,02:38:57,6190.95,6190.95,3
2025-11-04T02:39:09.452604,02:39:09,6221.48,6221.48,3
2025-11-04T02:39:21.408583,02:39:21,6164.02,6164.02,3
2025-11-04T02:39:33.342636,02:39:33,6185.81,6185.81,3
2025-11-04T02:39:45.254230,02:39:45,6173.57,6173.57,3
2025-11-04T02:39:57.198891,02:39:57,6104.75,6104.75,3
2025-11-04T02:40:09.425830,02:40:09,6030.49,6030.49,3
2025-11-04T02:40:21.366665,02:40:21,6065.52,6065.52,3
2025-11-04T02:40:33.584329,02:40:33,6059.67,6059.67,3
2025-11-04T02:40:45.357687,02:40:45,5991.89,5991.89,3
2025-11-04T02:40:57.664060,02:40:57,6011.2,6011.2,3
2025-11-04T02:41:09.606294,02:41:09,5963.05,5963.05,3
2025-11-04T02:41:21.636694,02:41:21,5959.8,5959.8,3
2025-11-04T02:41:33.376127,02:41:33,5947.46,5947.46,3
2025-11-04T02:41:45.302930,02:41:45,5953.99,5953.99,3
2025-11-04T02:41:57.450815,02:41:57,5896.44,5896.44,3
2025-11-04T02:42:09.419167,02:42:09,5891.44,5891.44,3
2025-11-04T02:42:21.655104,02:42:21,5926.73,5926.73,3
2025-11-04T02:42:33.594867,02:42:33,5867.67,5867.67,3
2025-11-04T02:42:45.556083,02:42:45,5867.53,5867.53,3
2025-11-04T02:42:57.206641,02:42:57,5842.56,5842.56,3
2025-11-04T02:43:09.430495,02:43:09,5821.26,5821.26,3
2025-11-04T02:43:21.389742,02:43:21,5803.23,5803.23,3
2025-11-04T02:43:33.455753,02:43:33,5852.48,5852.48,3
2025-11-04T02:43:45.496007,02:43:45,5865.56,5865.56,3
2025-11-04T02:43:57.445549,02:43:57,5897.38,5897.38,3
2025-11-04T02:44:09.094999,02:44:09,5882.64,5882.64,3
2025-11-04T02:44:20.810128,02:44:20,5792.19,5792.19,3
2025-11-04T02:44:32.752714,02:44:32,5803.55,5803.55,3
2025-11-04T02:44:44.708648,02:44:44,5820.34,5820.34,3
2025-11-04T02:44:56.738714,02:44:56,5799.46,5799.46,3
2025-11-04T02:45:08.735024,02:45:08,5830.45,5830.45,3
2025-11-04T02:45:20.685302,02:45:20,5819.14,5819.14,3
2025-11-04T02:45:32.684844,02:45:32,5846.99,5846.99,3
2025-11-04T02:45:44.730849,02:45:44,5746.4,5746.4,3
2025-11-04T02:45:56.696247,02:45:56,5705.56,5705.56,3
2025-11-04T02:46:08.702032,02:46:08,5603.5,5603.5,3
2025-11-04T02:46:20.650732,02:46:20,5555.49,5555.49,3
2025-11-04T02:46:32.352733,02:46:32,5519.51,5519.51,3
2025-11-04T02:46:44.313992,02:46:44,5442.09,5442.09,3
2025-11-04T02:46:56.528188,02:46:56,5429.96,5429.96,3
2025-11-04T02:47:08.509856,02:47:08,5311.94,5311.94,3
2025-11-04T02:47:20.458059,02:47:20,5291.64,5291.64,3
2025-11-04T02:47:32.410197,02:47:32,5282.74,5282.74,3
2025-11-04T02:47:44.367429,02:47:44,5161.98,5161.98,3
2025-11-04T02:47:56.620347,02:47:56,5064.97,5064.97,3
2025-11-04T02:48:08.579220,02:48:08,5107.88,5107.88,3
2025-11-04T02:48:20.571552,02:48:20,5266.99,5266.99,3
2025-11-04T02:48:32.328481,02:48:32,5363.03,5363.03,3
2025-11-04T02:48:44.601440,02:48:44,5460.34,5460.34,3
2025-11-04T02:48:56.537183,02:48:56,5468.31,5468.31,3
2025-11-04T02:49:08.459638,02:49:08,5527.35,5527.35,3
2025-11-04T02:49:20.395370,02:49:20,5588.83,5588.83,3
2025-11-04T02:49:32.645490,02:49:32,5606.1,5606.1,3
2025-11-04T02:49:44.627248,02:49:44,5651.42,5651.42,3
2025-11-04T02:49:56.303087,02:49:56,5636.18,5636.18,3
2025-11-04T02:50:08.669387,02:50:08,5686.28,5686.28,3
2025-11-04T02:50:20.330312,02:50:20,5581.73,5581.73,3
2025-11-04T02:50:32.385002,02:50:32,5605.19,5605.19,3
2025-11-04T02:50:44.323968,02:50:44,5556.95,5556.95,3
2025-11-04T02:50:56.299753,02:50:56,5549.4,5549.4,3
2025-11-04T02:51:08.509425,02:51:08,5369.16,5369.16,3
2025-11-04T02:51:20.136746,02:51:20,5393.6,5393.6,3
2025-11-04T02:51:32.373761,02:51:32,5430.3,5430.3,3
2025-11-04T02:51:44.339363,02:51:44,5452.34,5452.34,3
2025-11-04T02:51:56.360197,02:51:56,5501.77,5501.77,3
2025-11-04T02:52:08.331224,02:52:08,5563.29,5563.29,3
2025-11-04T02:52:20.289127,02:52:20,5729.09,5729.09,3
2025-11-04T02:52:32.252962,02:52:32,5908.53,5908.53,3
2025-11-04T02:52:44.269392,02:52:44,5878.76,5878.76,3
2025-11-04T02:52:56.580069,02:52:56,5939.12,5939.12,3
2025-11-04T02:53:08.552999,02:53:08,6148.2,6148.2,3
2025-11-04T02:53:20.244968,02:53:20,6081.36,6081.36,3
2025-11-04T02:53:32.283720,02:53:32,6049.1,6049.1,3
2025-11-04T02:53:44.226909,02:53:44,6024.68,6024.68,3
2025-11-04T02:53:56.470263,02:53:56,6017.82,6017.82,3
2025-11-04T02:54:08.433674,02:54:08,5845.01,5845.01,3
2025-11-04T02:54:20.368163,02:54:20,5763.72,5763.72,3
2025-11-04T02:54:32.291726,02:54:32,5756.79,5756.79,3
2025-11-04T02:54:44.293752,02:54:44,5732.65,5732.65,3
2025-11-04T02:54:56.561274,02:54:56,5771.95,5771.95,3
2025-11-04T02:55:08.512027,02:55:08,5795.44,5795.44,3
2025-11-04T02:55:20.456563,02:55:20,5839.18,5839.18,3
2025-11-04T02:55:32.445973,02:55:32,5800.56,5800.56,3
2025-11-04T02:55:44.422069,02:55:44,5751.79,5751.79,3
2025-11-04T02:55:56.430345,02:55:56,5662.77,5662.77,3
2025-11-04T02:56:08.390979,02:56:08,5663.28,5663.28,3
2025-11-04T02:56:20.635960,02:56:20,5629.58,5629.58,3
2025-11-04T02:56:32.705701,02:56:32,5548.39,5548.39,3
2025-11-04T02:56:44.659741,02:56:44,5633.12,5633.12,3
2025-11-04T02:56:56.733994,02:56:56,5677.94,5677.94,3
2025-11-04T02:57:08.448055,02:57:08,5785.54,5785.54,3
2025-11-04T02:57:20.443158,02:57:20,5735.89,5735.89,3
2025-11-04T02:57:32.400863,02:57:32,5778.95,5778.95,3
2025-11-04T02:57:44.401959,02:57:44,5748.97,5748.97,3
2025-11-04T02:57:56.363035,02:57:56,5765.01,5765.01,3
2025-11-04T02:58:08.613791,02:58:08,5702.7,5702.7,3
2025-11-04T02:58:20.563272,02:58:20,5718.66,5718.66,3
2025-11-04T02:58:32.202780,02:58:32,5780.0,5780.0,3
2025-11-04T02:58:44.220373,02:58:44,5903.47,5903.47,3
2025-11-04T02:58:56.153803,02:58:56,5879.43,5879.43,3
2025-11-04T02:59:08.389995,02:59:08,5931.55,5931.55,3
2025-11-04T02:59:20.373915,02:59:20,5898.89,5898.89,3
2025-11-04T02:59:32.425823,02:59:32,5906.91,5906.91,3
2025-11-04T02:59:44.484000,02:59:44,5898.31,5898.31,3
2025-11-04T02:59:56.453069,02:59:56,5900.49,5900.49,3
2025-11-04T03:00:08.413690,03:00:08,5834.21,5834.21,3
2025-11-04T03:00:20.340577,03:00:20,5838.9,5838.9,3
2025-11-04T03:00:32.417138,03:00:32,5930.04,5930.04,3
2025-11-04T03:00:44.339615,03:00:44,6005.38,6005.38,3
2025-11-04T03:00:56.631644,03:00:56,6000.8,6000.8,3
2025-11-04T03:01:08.292918,03:01:08,5936.23,5936.23,3
2025-11-04T03:01:20.544568,03:01:20,5822.6,5822.6,3
2025-11-04T03:01:32.200834,03:01:32,5815.35,5815.35,3
2025-11-04T03:01:44.461933,03:01:44,5812.83,5812.83,3
2025-11-04T03:01:56.413963,03:01:56,5868.61,5868.61,3
2025-11-04T03:02:08.356847,03:02:08,5924.31,5924.31,3
2025-11-04T03:02:20.386668,03:02:20,5961.8,5961.8,3
2025-11-04T03:02:32.324434,03:02:32,5969.07,5969.07,3
2025-11-04T03:02:44.242228,03:02:44,5958.07,5958.07,3
2025-11-04T03:02:56.186945,03:02:56,5933.93,5933.93,3
2025-11-04T03:03:08.100690,03:03:08,6054.29,6054.29,3
2025-11-04T03:03:20.478023,03:03:20,5990.72,5990.72,3
2025-11-04T03:03:32.138298,03:03:32,6007.93,6007.93,3
2025-11-04T03:03:44.076773,03:03:44,6059.05,6059.05,3
2025-11-04T03:03:56.326237,03:03:56,6091.34,6091.34,3
2025-11-04T03:04:08.317081,03:04:08,6126.87,6126.87,3
2025-11-04T03:04:20.289885,03:04:20,6168.89,6168.89,3
2025-11-04T03:04:32.536887,03:04:32,6283.83,6283.83,3
2025-11-04T03:04:44.498342,03:04:44,6339.03,6339.03,3
2025-11-04T03:04:56.471319,03:04:56,6294.95,6294.95,3
2025-11-04T03:05:08.471837,03:05:08,6360.09,6360.09,3
2025-11-04T03:05:20.454634,03:05:20,6321.56,6321.56,3
2025-11-04T03:05:32.382426,03:05:32,6311.42,6311.42,3
2025-11-04T03:05:44.337864,03:05:44,6338.03,6338.03,3
2025-11-04T03:05:56.676478,03:05:56,6332.36,6332.36,3
2025-11-04T03:06:08.644859,03:06:08,6410.86,6410.86,3
2025-11-04T03:06:20.277830,03:06:20,6408.6,6408.6,3
2025-11-04T03:06:31.954664,03:06:31,6384.96,6384.96,3
2025-11-04T03:06:43.884944,03:06:43,6405.53,6405.53,3
2025-11-04T03:06:55.582824,03:06:55,6436.78,6436.78,3
2025-11-04T03:07:07.274647,03:07:07,6365.88,6365.88,3
2025-11-04T03:07:19.487780,03:07:19,6287.18,6287.18,3
2025-11-04T03:07:31.463948,03:07:31,6311.96,6311.96,3
2025-11-04T03:07:43.391346,03:07:43,6313.71,6313.71,3
2025-11-04T03:07:55.081081,03:07:55,6364.6,6364.6,3
2025-11-04T03:08:07.031554,03:08:07,6345.73,6345.73,3
2025-11-04T03:08:19.334605,03:08:19,6435.09,6435.09,3
2025-11-04T03:08:31.036244,03:08:31,6460.52,6460.52,3
2025-11-04T03:08:42.967475,03:08:42,6429.22,6429.22,3
2025-11-04T03:08:54.911036,03:08:54,6419.46,6419.46,3
2025-11-04T03:09:06.873103,03:09:06,6368.29,6368.29,3
2025-11-04T03:09:18.800167,03:09:18,6317.2,6317.2,3
2025-11-04T03:09:30.806908,03:09:30,6321.35,6321.35,3
2025-11-04T03:09:42.812942,03:09:42,6303.25,6303.25,3
2025-11-04T03:09:54.836209,03:09:54,6290.88,6290.88,3
2025-11-04T03:10:06.839801,03:10:06,6312.7,6312.7,3
2025-11-04T03:10:18.781453,03:10:18,6276.38,6276.38,3
2025-11-04T03:10:30.741117,03:10:30,6356.72,6356.72,3
2025-11-04T03:10:42.412256,03:10:42,6347.15,6347.15,3
2025-11-04T03:10:54.147676,03:10:54,6324.89,6324.89,3
2025-11-04T03:11:06.166694,03:11:06,6298.13,6298.13,3
2025-11-04T03:11:18.104390,03:11:18,6328.38,6328.38,3
2025-11-04T03:11:30.111268,03:11:30,6357.8,6357.8,3
2025-11-04T03:11:42.411872,03:11:42,6375.93,6375.93,3
2025-11-04T03:11:54.355210,03:11:54,6410.17,6410.17,3
2025-11-04T03:12:06.022164,03:12:06,6381.39,6381.39,3
2025-11-04T03:12:18.045146,03:12:18,6429.36,6429.36,3
2025-11-04T03:12:30.480733,03:12:30,6463.1,6463.1,3
2025-11-04T03:12:42.465386,03:12:42,6477.36,6477.36,3
2025-11-04T03:12:54.472906,03:12:54,6463.55,6463.55,3
2025-11-04T03:13:06.435915,03:13:06,6448.46,6448.46,3
2025-11-04T03:13:18.376863,03:13:18,6445.81,6445.81,3
2025-11-04T03:13:30.448710,03:13:30,6432.28,6432.28,3
2025-11-04T03:13:42.563546,03:13:42,6487.7,6487.7,3
2025-11-04T03:13:54.613105,03:13:54,6524.93,6524.93,3
2025-11-04T03:14:06.268998,03:14:06,6541.32,6541.32,3
2025-11-04T03:14:18.215250,03:14:18,6543.53,6543.53,3
2025-11-04T03:14:30.465684,03:14:30,6572.26,6572.26,3
2025-11-04T03:14:42.410171,03:14:42,6584.87,6584.87,3
2025-11-04T03:14:54.440287,03:14:54,6563.39,6563.39,3
2025-11-04T03:15:06.415113,03:15:06,6578.01,6578.01,3
2025-11-04T03:15:18.064529,03:15:18,6585.24,6585.24,3
2025-11-04T03:15:29.728868,03:15:29,6524.31,6524.31,3
2025-11-04T03:15:41.716814,03:15:41,6502.25,6502.25,3
2025-11-04T03:15:53.769804,03:15:53,6462.29,6462.29,3
2025-11-04T03:16:05.407294,03:16:05,6501.18,6501.18,3
2025-11-04T03:16:17.452175,03:16:17,6465.87,6465.87,3
2025-11-04T03:16:29.696731,03:16:29,6517.82,6517.82,3
2025-11-04T03:16:41.650584,03:16:41,6529.03,6529.03,3
2025-11-04T03:16:53.315203,03:16:53,6541.77,6541.77,3
2025-11-04T03:17:05.268015,03:17:05,6464.17,6464.17,3
2025-11-04T03:17:17.297263,03:17:17,6510.8,6510.8,3
2025-11-04T03:17:29.266932,03:17:29,6424.25,6424.25,3
2025-11-04T03:17:41.540123,03:17:41,6428.84,6428.84,3
2025-11-04T03:17:53.490945,03:17:53,6401.57,6401.57,3
2025-11-04T03:18:05.525649,03:18:05,6338.02,6338.02,3
2025-11-04T03:18:17.471917,03:18:17,6424.62,6424.62,3
2025-11-04T03:18:29.468959,03:18:29,6433.39,6433.39,3
2025-11-04T03:18:41.404320,03:18:41,6435.16,6435.16,3
2025-11-04T03:18:53.387440,03:18:53,6401.6,6401.6,3
2025-11-04T03:19:05.425965,03:19:05,6406.79,6406.79,3
2025-11-04T03:19:17.413053,03:19:17,6386.71,6386.71,3
2025-11-04T03:19:29.447577,03:19:29,6382.98,6382.98,3
2025-11-04T03:19:41.460999,03:19:41,6364.65,6364.65,3
2025-11-04T03:19:53.428451,03:19:53,6382.47,6382.47,3
2025-11-04T03:20:05.414747,03:20:05,6420.52,6420.52,3
2025-11-04T03:20:17.398341,03:20:17,6336.05,6336.05,3
2025-11-04T03:20:29.325220,03:20:29,6438.93,6438.93,3
2025-11-04T03:20:41.346893,03:20:41,6515.08,6515.08,3
2025-11-04T03:20:53.602024,03:20:53,6499.94,6499.94,3
2025-11-04T03:21:05.250120,03:21:05,6494.11,6494.11,3
2025-11-04T03:21:17.594529,03:21:17,6447.59,6447.59,3
2025-11-04T03:21:29.566108,03:21:29,6413.55,6413.55,3
2025-11-04T03:21:41.256426,03:21:41,6497.19,6497.19,3
2025-11-04T03:21:53.558450,03:21:53,6482.31,6482.31,3
2025-11-04T03:22:05.551285,03:22:05,6444.16,6444.16,3
2025-11-04T03:22:17.541376,03:22:17,6476.45,6476.45,3
2025-11-04T03:22:29.489474,03:22:29,6458.44,6458.44,3
2025-11-04T03:22:41.561694,03:22:41,6446.48,6446.48,3
2025-11-04T03:22:53.492981,03:22:53,6449.85,6449.85,3
2025-11-04T03:23:05.200273,03:23:05,6486.22,6486.22,3
2025-11-04T03:23:16.859479,03:23:16,6560.12,6560.12,3
2025-11-04T03:23:28.819592,03:23:28,6479.82,6479.82,3
2025-11-04T03:23:40.769284,03:23:40,6496.64,6496.64,3
2025-11-04T03:23:52.544415,03:23:52,6514.17,6514.17,3
2025-11-04T03:24:04.196771,03:24:04,6449.73,6449.73,3
2025-11-04T03:24:15.835692,03:24:15,6455.36,6455.36,3
2025-11-04T03:24:27.846831,03:24:27,6451.97,6451.97,3
2025-11-04T03:24:40.163649,03:24:40,6435.39,6435.39,3
2025-11-04T03:24:52.129830,03:24:52,6454.79,6454.79,3
2025-11-04T03:25:04.102652,03:25:04,6500.23,6500.23,3
2025-11-04T03:25:15.752486,03:25:15,6454.46,6454.46,3
2025-11-04T03:25:27.818750,03:25:27,6485.74,6485.74,3
2025-11-04T03:25:39.760995,03:25:39,6459.22,6459.22,3
2025-11-04T03:25:51.762905,03:25:51,6456.87,6456.87,3
2025-11-04T03:26:03.773601,03:26:03,6429.52,6429.52,3
2025-11-04T03:26:15.796509,03:26:15,6415.19,6415.19,3
2025-11-04T03:26:27.750330,03:26:27,6383.4,6383.4,3
2025-11-04T03:26:39.422692,03:26:39,6385.6,6385.6,3
2025-11-04T03:26:51.454568,03:26:51,6397.95,6397.95,3
2025-11-04T03:27:03.460485,03:27:03,6393.65,6393.65,3
2025-11-04T03:27:15.409415,03:27:15,6335.19,6335.19,3
2025-11-04T03:27:27.465292,03:27:27,6336.91,6336.91,3
2025-11-04T03:27:39.456017,03:27:39,6362.38,6362.38,3
2025-11-04T03:27:51.420266,03:27:51,6336.92,6336.92,3
2025-11-04T03:28:03.340314,03:28:03,6332.05,6332.05,3
2025-11-04T03:28:15.618262,03:28:15,6315.0,6315.0,3
2025-11-04T03:28:27.579115,03:28:27,6296.98,6296.98,3
2025-11-04T03:28:39.575131,03:28:39,6271.03,6271.03,3
2025-11-04T03:28:51.597850,03:28:51,6264.34,6264.34,3
2025-11-04T03:29:03.271069,03:29:03,6281.22,6281.22,3
2025-11-04T03:29:15.220537,03:29:15,6280.99,6280.99,3
2025-11-04T03:29:27.469178,03:29:27,6281.91,6281.91,3
2025-11-04T03:29:39.146051,03:29:39,6405.62,6405.62,3
2025-11-04T03:29:50.830545,03:29:50,6350.94,6350.94,3
2025-11-04T03:30:03.098081,03:30:03,6348.81,6348.81,3
2025-11-04T03:30:14.773700,03:30:14,6316.43,6316.43,3
2025-11-04T03:30:26.708705,03:30:26,6314.07,6314.07,3
2025-11-04T03:30:38.660916,03:30:38,6309.3,6309.3,3
2025-11-04T03:30:50.828532,03:30:50,6268.38,6268.38,3
2025-11-04T03:31:02.759160,03:31:02,6194.32,6194.32,3
2025-11-04T03:31:14.763373,03:31:14,6196.03,6196.03,3
2025-11-04T03:31:26.459703,03:31:26,6117.64,6117.64,3
2025-11-04T03:31:38.116826,03:31:38,5903.61,5903.61,3
2025-11-04T03:31:50.042766,03:31:50,5954.44,5954.44,3
2025-11-04T03:32:02.004063,03:32:02,5937.06,5937.06,3
2025-11-04T03:32:14.251690,03:32:14,5976.61,5976.61,3
2025-11-04T03:32:26.493762,03:32:26,5872.57,5872.57,3
2025-11-04T03:32:38.182976,03:32:38,5904.19,5904.19,3
2025-11-04T03:32:50.305065,03:32:50,5935.51,5935.51,3
2025-11-04T03:33:02.498578,03:33:02,5900.11,5900.11,3
2025-11-04T03:33:14.461494,03:33:14,5878.19,5878.19,3
2025-11-04T03:33:26.385864,03:33:26,5773.6,5773.6,3
2025-11-04T03:33:38.627618,03:33:38,5691.44,5691.44,3
2025-11-04T03:33:50.579889,03:33:50,5649.28,5649.28,3
2025-11-04T03:34:02.828717,03:34:02,5659.57,5659.57,3
2025-11-04T03:34:14.814655,03:34:14,5694.8,5694.8,3
2025-11-04T03:34:26.510725,03:34:26,5730.98,5730.98,3
2025-11-04T03:34:38.464568,03:34:38,5780.54,5780.54,3
2025-11-04T03:34:50.407725,03:34:50,5769.05,5769.05,3
2025-11-04T03:35:02.393527,03:35:02,5744.61,5744.61,3
2025-11-04T03:35:14.403852,03:35:14,5883.29,5883.29,3
2025-11-04T03:35:26.604506,03:35:26,5864.86,5864.86,3
2025-11-04T03:35:38.270935,03:35:38,5941.24,5941.24,3
2025-11-04T03:35:50.770543,03:35:50,6003.36,6003.36,3
2025-11-04T03:36:02.725351,03:36:02,5892.59,5892.59,3
2025-11-04T03:36:14.661258,03:36:14,5786.15,5786.15,3
2025-11-04T03:36:26.730027,03:36:26,5877.58,5877.58,3
2025-11-04T03:36:38.702181,03:36:38,5838.47,5838.47,3
2025-11-04T03:36:50.440965,03:36:50,5861.58,5861.58,3
2025-11-04T03:37:02.091459,03:37:02,5851.73,5851.73,3
2025-11-04T03:37:14.322230,03:37:14,5841.57,5841.57,3
2025-11-04T03:37:26.553114,03:37:26,5857.93,5857.93,3
2025-11-04T03:37:38.611153,03:37:38,5837.75,5837.75,3
2025-11-04T03:37:50.267622,03:37:50,5842.1,5842.1,3
2025-11-04T03:38:02.225402,03:38:02,5844.48,5844.48,3
2025-11-04T03:38:14.160739,03:38:14,5971.21,5971.21,3
2025-11-04T03:38:26.131359,03:38:26,5969.02,5969.02,3
2025-11-04T03:38:38.391110,03:38:38,5942.59,5942.59,3
2025-11-04T03:38:50.690369,03:38:50,5949.91,5949.91,3
2025-11-04T03:39:02.664612,03:39:02,5952.77,5952.77,3
2025-11-04T03:39:14.649000,03:39:14,5937.61,5937.61,3
2025-11-04T03:39:26.657788,03:39:26,5958.68,5958.68,3
2025-11-04T03:39:38.305042,03:39:38,5997.45,5997.45,3
2025-11-04T03:39:50.261200,03:39:50,5993.95,5993.95,3
2025-11-04T03:40:02.218179,03:40:02,5997.49,5997.49,3
2025-11-04T03:40:14.495278,03:40:14,5986.94,5986.94,3
2025-11-04T03:40:26.459898,03:40:26,5999.75,5999.75,3
2025-11-04T03:40:38.097394,03:40:38,5955.36,5955.36,3
2025-11-04T03:40:50.570023,03:40:50,5929.98,5929.98,3
2025-11-04T03:41:02.558622,03:41:02,5925.23,5925.23,3
2025-11-04T03:41:14.519520,03:41:14,5839.93,5839.93,3
2025-11-04T03:41:26.524232,03:41:26,5813.22,5813.22,3
2025-11-04T03:41:38.480801,03:41:38,5708.66,5708.66,3
2025-11-04T03:41:50.196528,03:41:50,5706.65,5706.65,3
2025-11-04T03:42:02.439267,03:42:02,5702.22,5702.22,3
2025-11-04T03:42:14.074355,03:42:14,5668.5,5668.5,3
2025-11-04T03:42:25.723967,03:42:25,5564.78,5564.78,3
2025-11-04T03:42:37.709201,03:42:37,5533.9,5533.9,3
2025-11-04T03:42:49.718126,03:42:49,5610.73,5610.73,3
2025-11-04T03:43:01.726780,03:43:01,5570.93,5570.93,3
2025-11-04T03:43:13.706248,03:43:13,5720.53,5720.53,3
2025-11-04T03:43:25.682918,03:43:25,5749.65,5749.65,3
2025-11-04T03:43:37.642159,03:43:37,5755.84,5755.84,3
2025-11-04T03:43:49.553978,03:43:49,5758.88,5758.88,3
2025-11-04T03:44:01.506248,03:44:01,5826.41,5826.41,3
2025-11-04T03:44:13.477470,03:44:13,5685.8,5685.8,3
2025-11-04T03:44:25.328817,03:44:25,5750.55,5750.55,3
2025-11-04T03:44:37.549910,03:44:37,5798.66,5798.66,3
2025-11-04T03:44:49.217406,03:44:49,5775.11,5775.11,3
2025-11-04T03:45:01.534629,03:45:01,5776.05,5776.05,3
2025-11-04T03:45:13.250547,03:45:13,5803.8,5803.8,3
2025-11-04T03:45:25.594141,03:45:25,5847.88,5847.88,3
2025-11-04T03:45:37.539088,03:45:37,5876.22,5876.22,3
2025-11-04T03:45:49.499940,03:45:49,5885.26,5885.26,3
2025-11-04T03:46:01.434978,03:46:01,5750.65,5750.65,3
2025-11-04T03:46:13.631897,03:46:13,5785.32,5785.32,3
2025-11-04T03:46:25.562749,03:46:25,5822.71,5822.71,3
2025-11-04T03:46:37.647428,03:46:37,5842.91,5842.91,3
2025-11-04T03:46:49.639482,03:46:49,5857.04,5857.04,3
2025-11-04T03:47:01.561698,03:47:01,5764.97,5764.97,3
2025-11-04T03:47:13.535881,03:47:13,5787.48,5787.48,3
2025-11-04T03:47:25.252060,03:47:25,5844.54,5844.54,3
2025-11-04T03:47:37.276119,03:47:37,5806.07,5806.07,3
2025-11-04T03:47:49.301080,03:47:49,5892.47,5892.47,3
2025-11-04T03:48:01.300703,03:48:01,5895.9,5895.9,3
2025-11-04T03:48:13.275279,03:48:13,5817.95,5817.95,3
2025-11-04T03:48:25.308705,03:48:25,5834.48,5834.48,3
2025-11-04T03:48:37.266446,03:48:37,5877.91,5877.91,3
2025-11-04T03:48:49.546142,03:48:49,5867.03,5867.03,3
2025-11-04T03:49:01.566396,03:49:01,5873.9,5873.9,3
2025-11-04T03:49:13.218360,03:49:13,5826.07,5826.07,3
2025-11-04T03:49:25.184566,03:49:25,5812.53,5812.53,3
2025-11-04T03:49:37.116541,03:49:37,5807.0,5807.0,3
2025-11-04T03:49:49.148410,03:49:49,5804.49,5804.49,3
2025-11-04T03:50:00.806538,03:50:00,5807.18,5807.18,3
2025-11-04T03:50:12.493901,03:50:12,5805.85,5805.85,3
2025-11-04T03:50:24.490537,03:50:24,5838.39,5838.39,3
2025-11-04T03:50:36.448552,03:50:36,5840.49,5840.49,3
2025-11-04T03:50:48.446582,03:50:48,5845.96,5845.96,3
2025-11-04T03:51:00.489648,03:51:00,5880.12,5880.12,3
2025-11-04T03:51:12.420595,03:51:12,5922.88,5922.88,3
2025-11-04T03:51:24.416004,03:51:24,5882.25,5882.25,3
2025-11-04T03:51:36.351314,03:51:36,5828.93,5828.93,3
2025-11-04T03:51:48.346312,03:51:48,5819.76,5819.76,3
2025-11-04T03:52:00.010349,03:52:00,5742.23,5742.23,3
2025-11-04T03:52:12.260517,03:52:12,5616.72,5616.72,3
2025-11-04T03:52:24.234092,03:52:24,5468.74,5468.74,3
2025-11-04T03:52:35.919011,03:52:35,5394.3,5394.3,3
2025-11-04T03:52:48.250730,03:52:48,5492.09,5492.09,3
2025-11-04T03:53:00.249016,03:53:00,5553.76,5553.76,3
2025-11-04T03:53:12.244340,03:53:12,5558.14,5558.14,3
2025-11-04T03:53:24.469026,03:53:24,5619.12,5619.12,3
2025-11-04T03:53:36.088673,03:53:36,5644.25,5644.25,3
2025-11-04T03:53:48.085342,03:53:48,5635.92,5635.92,3
2025-11-04T03:54:00.126949,03:54:00,5616.39,5616.39,3
2025-11-04T03:54:11.819478,03:54:11,5509.85,5509.85,3
2025-11-04T03:54:23.790371,03:54:23,5492.8,5492.8,3
2025-11-04T03:54:35.720741,03:54:35,5482.08,5482.08,3
2025-11-04T03:54:47.659228,03:54:47,5507.04,5507.04,3
2025-11-04T03:54:59.303717,03:54:59,5487.96,5487.96,3
2025-11-04T03:55:11.516902,03:55:11,5418.07,5418.07,3
2025-11-04T03:55:23.491106,03:55:23,5463.0,5463.0,3
2025-11-04T03:55:35.524639,03:55:35,5447.12,5447.12,3
2025-11-04T03:55:47.471839,03:55:47,5376.07,5376.07,3
2025-11-04T03:55:59.669259,03:55:59,5378.34,5378.34,3
2025-11-04T03:56:11.301688,03:56:11,5418.45,5418.45,3
2025-11-04T03:56:23.558158,03:56:23,5384.23,5384.23,3
2025-11-04T03:56:35.584605,03:56:35,5288.31,5288.31,3
2025-11-04T03:56:47.591301,03:56:47,5285.17,5285.17,3
2025-11-04T03:56:59.545001,03:56:59,5229.16,5229.16,3
2025-11-04T03:57:11.152298,03:57:11,5276.9,5276.9,3
2025-11-04T03:57:23.079228,03:57:23,5318.78,5318.78,3
2025-11-04T03:57:35.084297,03:57:35,5335.78,5335.78,3
2025-11-04T03:57:47.014043,03:57:47,5303.09,5303.09,3
2025-11-04T03:57:59.019689,03:57:59,5307.81,5307.81,3
2025-11-04T03:58:11.072158,03:58:11,5274.74,5274.74,3
2025-11-04T03:58:23.350071,03:58:23,5259.06,5259.06,3
2025-11-04T03:58:35.292439,03:58:35,5261.45,5261.45,3
2025-11-04T03:58:47.524812,03:58:47,5212.1,5212.1,3
2025-11-04T03:58:59.262408,03:58:59,5174.19,5174.19,3
2025-11-04T03:59:11.228594,03:59:11,5271.92,5271.92,3
2025-11-04T03:59:23.599660,03:59:23,5264.43,5264.43,3
2025-11-04T03:59:35.281885,03:59:35,5232.99,5232.99,3
2025-11-04T03:59:47.565688,03:59:47,5202.19,5202.19,3
2025-11-04T03:59:59.556289,03:59:59,5225.95,5225.95,3
2025-11-04T04:00:11.230652,04:00:11,5123.74,5123.74,3
2025-11-04T04:00:23.217040,04:00:23,4928.76,4928.76,3
2025-11-04T04:00:35.179109,04:00:35,4681.93,4681.93,3
2025-11-04T04:00:47.133510,04:00:47,4859.73,4859.73,3
2025-11-04T04:00:58.793295,04:00:58,4801.34,4801.34,3
2025-11-04T04:01:10.786643,04:01:10,4949.61,4949.61,3
2025-11-04T04:01:22.716044,04:01:22,4985.63,4985.63,3
2025-11-04T04:01:34.754436,04:01:34,5032.45,5032.45,3
2025-11-04T04:01:46.425024,04:01:46,4977.86,4977.86,3
2025-11-04T04:01:58.440982,04:01:58,5021.06,5021.06,3
2025-11-04T04:02:10.395911,04:02:10,5023.99,5023.99,3
2025-11-04T04:02:22.349996,04:02:22,4944.84,4944.84,3
2025-11-04T04:02:34.301661,04:02:34,4848.36,4848.36,3
2025-11-04T04:02:46.325755,04:02:46,4962.0,4962.0,3
2025-11-04T04:02:58.400004,04:02:58,4939.08,4939.08,3
2025-11-04T04:03:10.481957,04:03:10,4994.4,4994.4,3
2025-11-04T04:03:22.419454,04:03:22,4948.67,4948.67,3
2025-11-04T04:03:34.394995,04:03:34,4974.07,4974.07,3
2025-11-04T04:03:46.355269,04:03:46,4987.5,4987.5,3
2025-11-04T04:03:58.303525,04:03:58,4925.72,4925.72,3
2025-11-04T04:04:10.384243,04:04:10,4983.16,4983.16,3
2025-11-04T04:04:22.448037,04:04:22,4985.17,4985.17,3
2025-11-04T04:04:34.403634,04:04:34,5042.36,5042.36,3
2025-11-04T04:04:46.402872,04:04:46,5245.87,5245.87,3
2025-11-04T04:04:58.137187,04:04:58,5340.85,5340.85,3
2025-11-04T04:05:10.351748,04:05:10,5416.17,5416.17,3
2025-11-04T04:05:22.410356,04:05:22,5190.42,5190.42,3
2025-11-04T04:05:34.378285,04:05:34,5153.02,5153.02,3
2025-11-04T04:05:46.160463,04:05:46,5176.05,5176.05,3
2025-11-04T04:05:58.398611,04:05:58,5165.49,5165.49,3
2025-11-04T04:06:10.309233,04:06:10,5228.75,5228.75,3
2025-11-04T04:06:22.243806,04:06:22,5153.83,5153.83,3
2025-11-04T04:06:34.253527,04:06:34,5224.55,5224.55,3
2025-11-04T04:06:46.609100,04:06:46,5387.77,5387.77,3
2025-11-04T04:06:58.595454,04:06:58,5414.57,5414.57,3
2025-11-04T04:07:10.526214,04:07:10,5449.8,5449.8,3
2025-11-04T04:07:22.568624,04:07:22,5519.63,5519.63,3
2025-11-04T04:07:34.577868,04:07:34,5576.24,5576.24,3
2025-11-04T04:07:46.601671,04:07:46,5520.67,5520.67,3
2025-11-04T04:07:58.542289,04:07:58,5483.66,5483.66,3
2025-11-04T04:08:10.556300,04:08:10,5466.76,5466.76,3
2025-11-04T04:08:22.496403,04:08:22,5472.45,5472.45,3
2025-11-04T04:08:34.419320,04:08:34,5554.66,5554.66,3
2025-11-04T04:08:46.353226,04:08:46,5575.13,5575.13,3
2025-11-04T04:08:58.008694,04:08:58,5568.22,5568.22,3
2025-11-04T04:09:09.921231,04:09:09,5541.56,5541.56,3
2025-11-04T04:09:21.549875,04:09:21,5521.57,5521.57,3
2025-11-04T04:09:33.184828,04:09:33,5419.58,5419.58,3
2025-11-04T04:09:45.162007,04:09:45,5324.83,5324.83,3
2025-11-04T04:09:57.457200,04:09:57,5310.44,5310.44,3
2025-11-04T04:10:09.426523,04:10:09,5484.19,5484.19,3
2025-11-04T04:10:21.405317,04:10:21,5500.0,5500.0,3
2025-11-04T04:10:33.392563,04:10:33,5483.08,5483.08,3
2025-11-04T04:10:45.648292,04:10:45,5425.0,5425.0,3
2025-11-04T04:10:57.629665,04:10:57,5427.71,5427.71,3
2025-11-04T04:11:09.587474,04:11:09,5435.31,5435.31,3
2025-11-04T04:11:21.260142,04:11:21,5349.98,5349.98,3
2025-11-04T04:11:33.501701,04:11:33,5374.0,5374.0,3
2025-11-04T04:11:45.475813,04:11:45,5423.38,5423.38,3
2025-11-04T04:11:57.502885,04:11:57,5434.41,5434.41,3
2025-11-04T04:12:09.509336,04:12:09,5527.04,5527.04,3
2025-11-04T04:12:21.145884,04:12:21,5525.52,5525.52,3
2025-11-04T04:12:33.119241,04:12:33,5534.27,5534.27,3
2025-11-04T04:12:45.074716,04:12:45,5474.14,5474.14,3
2025-11-04T04:12:57.291298,04:12:57,5474.51,5474.51,3
2025-11-04T04:13:09.275477,04:13:09,5474.58,5474.58,3
2025-11-04T04:13:21.174371,04:13:21,5476.07,5476.07,3
2025-11-04T04:13:33.148572,04:13:33,5464.81,5464.81,3
2025-11-04T04:13:45.143812,04:13:45,5510.53,5510.53,3
2025-11-04T04:13:57.082641,04:13:57,5503.03,5503.03,3
2025-11-04T04:14:09.583419,04:14:09,5445.83,5445.83,3
2025-11-04T04:14:21.229210,04:14:21,5441.41,5441.41,3
2025-11-04T04:14:33.263989,04:14:33,5481.97,5481.97,3
2025-11-04T04:14:45.225476,04:14:45,5470.79,5470.79,3
2025-11-04T04:14:57.183060,04:14:57,5472.94,5472.94,3
2025-11-04T04:15:09.138389,04:15:09,5465.08,5465.08,3
2025-11-04T04:15:21.111343,04:15:21,5546.82,5546.82,3
2025-11-04T04:15:33.329678,04:15:33,5550.49,5550.49,3
2025-11-04T04:15:45.278825,04:15:45,5545.29,5545.29,3
2025-11-04T04:15:57.313697,04:15:57,5556.95,5556.95,3
2025-11-04T04:16:09.255601,04:16:09,5550.33,5550.33,3
2025-11-04T04:16:21.215911,04:16:21,5577.19,5577.19,3
2025-11-04T04:16:32.873850,04:16:32,5667.6,5667.6,3
2025-11-04T04:16:45.396302,04:16:45,5603.55,5603.55,3
2025-11-04T04:16:57.101875,04:16:57,5610.94,5610.94,3
2025-11-04T04:17:09.598103,04:17:09,5616.5,5616.5,3
2025-11-04T04:17:21.603528,04:17:21,5621.94,5621.94,3
2025-11-04T04:17:33.570140,04:17:33,5652.15,5652.15,3
2025-11-04T04:17:45.246559,04:17:45,5722.66,5722.66,3
2025-11-04T04:17:57.221778,04:17:57,5637.88,5637.88,3
2025-11-04T04:18:09.209860,04:18:09,5665.7,5665.7,3
2025-11-04T04:18:21.449731,04:18:21,5694.66,5694.66,3
2025-11-04T04:18:33.390832,04:18:33,5709.64,5709.64,3
2025-11-04T04:18:45.333413,04:18:45,5717.47,5717.47,3
2025-11-04T04:18:57.572422,04:18:57,5723.56,5723.56,3
2025-11-04T04:19:09.527933,04:19:09,5809.55,5809.55,3
2025-11-04T04:19:21.251570,04:19:21,5861.23,5861.23,3
2025-11-04T04:19:33.223748,04:19:33,5876.04,5876.04,3
2025-11-04T04:19:44.907613,04:19:44,5845.43,5845.43,3
2025-11-04T04:19:57.066095,04:19:57,5867.27,5867.27,3
2025-11-04T04:20:08.724254,04:20:08,5897.5,5897.5,3
2025-11-04T04:20:20.691195,04:20:20,5896.46,5896.46,3
2025-11-04T04:20:32.295231,04:20:32,5880.89,5880.89,3
2025-11-04T04:20:44.288929,04:20:44,5887.88,5887.88,3
2025-11-04T04:20:56.216603,04:20:56,5893.15,5893.15,3
2025-11-04T04:21:08.126062,04:21:08,5879.11,5879.11,3
2025-11-04T04:21:20.069975,04:21:20,5815.43,5815.43,3
2025-11-04T04:21:31.724593,04:21:31,5718.61,5718.61,3
2025-11-04T04:21:43.384759,04:21:43,5789.69,5789.69,3
2025-11-04T04:21:55.288966,04:21:55,5746.99,5746.99,3
2025-11-04T04:22:07.494334,04:22:07,5695.62,5695.62,3
2025-11-04T04:22:19.408642,04:22:19,5648.58,5648.58,3
2025-11-04T04:22:31.317404,04:22:31,5647.26,5647.26,3
2025-11-04T04:22:43.499667,04:22:43,5702.8,5702.8,3
2025-11-04T04:22:55.418563,04:22:55,5720.41,5720.41,3
2025-11-04T04:23:07.347584,04:23:07,5747.52,5747.52,3
2025-11-04T04:23:19.304849,04:23:19,5745.5,5745.5,3
2025-11-04T04:23:31.567123,04:23:31,5738.3,5738.3,3
2025-11-04T04:23:43.667625,04:23:43,5727.79,5727.79,3
2025-11-04T04:23:55.668617,04:23:55,5698.91,5698.91,3
2025-11-04T04:24:07.573856,04:24:07,5676.66,5676.66,3
2025-11-04T04:24:19.536953,04:24:19,5653.55,5653.55,3
2025-11-04T04:24:31.443519,04:24:31,5661.49,5661.49,3
2025-11-04T04:24:43.083992,04:24:43,5667.71,5667.71,3
2025-11-04T04:24:54.765174,04:24:54,5685.42,5685.42,3
2025-11-04T04:25:06.387218,04:25:06,5581.89,5581.89,3
2025-11-04T04:25:18.332645,04:25:18,5539.54,5539.54,3
2025-11-04T04:25:30.264561,04:25:30,5542.62,5542.62,3
2025-11-04T04:25:42.461186,04:25:42,5537.02,5537.02,3
2025-11-04T04:25:54.631308,04:25:54,5464.87,5464.87,3
2025-11-04T04:26:06.571921,04:26:06,5464.56,5464.56,3
2025-11-04T04:26:18.218815,04:26:18,5470.08,5470.08,3
2025-11-04T04:26:30.414690,04:26:30,5473.09,5473.09,3
2025-11-04T04:26:42.596271,04:26:42,5460.85,5460.85,3
2025-11-04T04:26:54.600544,04:26:54,5472.69,5472.69,3
2025-11-04T04:27:06.330308,04:27:06,5468.06,5468.06,3
2025-11-04T04:27:18.299140,04:27:18,5462.56,5462.56,3
2025-11-04T04:27:30.273721,04:27:30,5507.59,5507.59,3
2025-11-04T04:27:41.901363,04:27:41,5544.96,5544.96,3
2025-11-04T04:27:54.104206,04:27:54,5540.93,5540.93,3
2025-11-04T04:28:06.283112,04:28:06,5561.81,5561.81,3
2025-11-04T04:28:18.567536,04:28:18,5615.76,5615.76,3
2025-11-04T04:28:30.781746,04:28:30,5657.85,5657.85,3
2025-11-04T04:28:42.698784,04:28:42,5614.04,5614.04,3
2025-11-04T04:28:54.647737,04:28:54,5589.0,5589.0,3
2025-11-04T04:29:06.616819,04:29:06,5624.22,5624.22,3
2025-11-04T04:29:18.538428,04:29:18,5632.99,5632.99,3
2025-11-04T04:29:30.448408,04:29:30,5649.86,5649.86,3
2025-11-04T04:29:42.354611,04:29:42,5659.27,5659.27,3
2025-11-04T04:29:54.330727,04:29:54,5649.7,5649.7,3
2025-11-04T04:30:06.556001,04:30:06,5645.4,5645.4,3
2025-11-04T04:30:18.501796,04:30:18,5586.65,5586.65,3
2025-11-04T04:30:30.426790,04:30:30,5572.47,5572.47,3
2025-11-04T04:30:42.339111,04:30:42,5453.69,5453.69,3
2025-11-04T04:30:54.550047,04:30:54,5366.58,5366.58,3
2025-11-04T04:31:06.444191,04:31:06,5342.2,5342.2,3
2025-11-04T04:31:18.473863,04:31:18,5338.03,5338.03,3
2025-11-04T04:31:30.348360,04:31:30,5326.06,5326.06,3
2025-11-04T04:31:42.635980,04:31:42,5246.27,5246.27,3
2025-11-04T04:31:54.543622,04:31:54,5136.34,5136.34,3
2025-11-04T04:32:06.471484,04:32:06,5132.87,5132.87,3
2025-11-04T04:32:18.428400,04:32:18,5077.44,5077.44,3
2025-11-04T04:32:30.487225,04:32:30,5055.88,5055.88,3
2025-11-04T04:32:42.388202,04:32:42,5035.83,5035.83,3
2025-11-04T04:32:54.367087,04:32:54,4948.1,4948.1,3
2025-11-04T04:33:06.347465,04:33:06,5000.59,5000.59,3
2025-11-04T04:33:18.321260,04:33:18,4967.28,4967.28,3
2025-11-04T04:33:30.051481,04:33:30,4954.2,4954.2,3
2025-11-04T04:33:42.244637,04:33:42,4945.25,4945.25,3
2025-11-04T04:33:53.879132,04:33:53,4945.7,4945.7,3
2025-11-04T04:34:05.813888,04:34:05,5046.86,5046.86,3
2025-11-04T04:34:17.717085,04:34:17,5050.58,5050.58,3
2025-11-04T04:34:29.648680,04:34:29,5070.79,5070.79,3
2025-11-04T04:34:41.609200,04:34:41,5041.34,5041.34,3
2025-11-04T04:34:53.556134,04:34:53,5090.75,5090.75,3
2025-11-04T04:35:05.569107,04:35:05,5085.47,5085.47,3
2025-11-04T04:35:17.250931,04:35:17,5092.4,5092.4,3
2025-11-04T04:35:29.222467,04:35:29,5109.55,5109.55,3
2025-11-04T04:35:41.135935,04:35:41,5140.35,5140.35,3
2025-11-04T04:35:53.398772,04:35:53,5147.83,5147.83,3
2025-11-04T04:36:05.595793,04:36:05,5171.13,5171.13,3
2025-11-04T04:36:17.226280,04:36:17,5227.74,5227.74,3
2025-11-04T04:36:28.806987,04:36:28,5219.29,5219.29,3
2025-11-04T04:36:40.427123,04:36:40,5175.2,5175.2,3
2025-11-04T04:36:52.345110,04:36:52,5202.57,5202.57,3
2025-11-04T04:37:04.247485,04:37:04,5238.37,5238.37,3
2025-11-04T04:37:16.137710,04:37:16,5128.2,5128.2,3
2025-11-04T04:37:28.070515,04:37:28,5114.4,5114.4,3
2025-11-04T04:37:40.333297,04:37:40,5100.92,5100.92,3
2025-11-04T04:37:52.298910,04:37:52,5131.12,5131.12,3
2025-11-04T04:38:04.183633,04:38:04,5136.32,5136.32,3
2025-11-04T04:38:16.089378,04:38:16,5214.57,5214.57,3
2025-11-04T04:38:28.371657,04:38:28,5155.98,5155.98,3
2025-11-04T04:38:40.281672,04:38:40,5144.53,5144.53,3
2025-11-04T04:38:52.212336,04:38:52,5110.18,5110.18,3
2025-11-04T04:39:04.398778,04:39:04,5105.01,5105.01,3
2025-11-04T04:39:16.661707,04:39:16,5129.95,5129.95,3
2025-11-04T04:39:28.551317,04:39:28,5172.99,5172.99,3
2025-11-04T04:39:40.500521,04:39:40,5211.46,5211.46,3
2025-11-04T04:39:52.500690,04:39:52,5160.03,5160.03,3
2025-11-04T04:40:04.401352,04:40:04,5157.05,5157.05,3
2025-11-04T04:40:16.274059,04:40:16,5195.4,5195.4,3
2025-11-04T04:40:28.232601,04:40:28,5214.49,5214.49,3
2025-11-04T04:40:40.138616,04:40:40,5230.27,5230.27,3
2025-11-04T04:40:52.305161,04:40:52,5200.97,5200.97,3
2025-11-04T04:41:04.250757,04:41:04,5169.75,5169.75,3
2025-11-04T04:41:16.203286,04:41:16,5197.45,5197.45,3
2025-11-04T04:41:28.148730,04:41:28,5279.12,5279.12,3
2025-11-04T04:41:40.339871,04:41:40,5297.3,5297.3,3
2025-11-04T04:41:51.953623,04:41:51,5312.08,5312.08,3
2025-11-04T04:42:03.836373,04:42:03,5276.2,5276.2,3
2025-11-04T04:42:15.781392,04:42:15,5276.32,5276.32,3
2025-11-04T04:42:27.844819,04:42:27,5289.18,5289.18,3
2025-11-04T04:42:40.109465,04:42:40,5358.6,5358.6,3
2025-11-04T04:42:51.789700,04:42:51,5368.3,5368.3,3
2025-11-04T04:43:03.672603,04:43:03,5379.5,5379.5,3
2025-11-04T04:43:15.301763,04:43:15,5392.34,5392.34,3
2025-11-04T04:43:27.220357,04:43:27,5339.0,5339.0,3
2025-11-04T04:43:39.128380,04:43:39,5327.53,5327.53,3
2025-11-04T04:43:51.114917,04:43:51,5248.7,5248.7,3
2025-11-04T04:44:03.039892,04:44:03,5213.61,5213.61,3
2025-11-04T04:44:14.654628,04:44:14,5280.11,5280.11,3
2025-11-04T04:44:26.587358,04:44:26,5240.45,5240.45,3
2025-11-04T04:44:38.510423,04:44:38,5254.22,5254.22,3
2025-11-04T04:44:50.482278,04:44:50,5223.07,5223.07,3
2025-11-04T04:45:02.692145,04:45:02,5189.54,5189.54,3
2025-11-04T04:45:14.680656,04:45:14,5240.87,5240.87,3
2025-11-04T04:45:26.587879,04:45:26,5240.09,5240.09,3
2025-11-04T04:45:38.504208,04:45:38,5261.13,5261.13,3
2025-11-04T04:45:50.409737,04:45:50,5304.3,5304.3,3
2025-11-04T04:46:02.493726,04:46:02,5314.09,5314.09,3
2025-11-04T04:46:14.444169,04:46:14,5279.45,5279.45,3
2025-11-04T04:46:26.405288,04:46:26,5253.86,5253.86,3
2025-11-04T04:46:38.363391,04:46:38,5270.58,5270.58,3
2025-11-04T04:46:50.282687,04:46:50,5280.9,5280.9,3
2025-11-04T04:47:02.729972,04:47:02,5271.62,5271.62,3
2025-11-04T04:47:14.666638,04:47:14,5294.49,5294.49,3
2025-11-04T04:47:26.670306,04:47:26,5332.57,5332.57,3
2025-11-04T04:47:39.200580,04:47:39,5334.28,5334.28,3
2025-11-04T04:47:51.520688,04:47:51,5326.36,5326.36,3
2025-11-04T04:48:03.458219,04:48:03,5367.06,5367.06,3
2025-11-04T04:48:15.371190,04:48:15,5360.94,5360.94,3
2025-11-04T04:48:27.597791,04:48:27,5388.89,5388.89,3
2025-11-04T04:48:39.208729,04:48:39,5347.21,5347.21,3
2025-11-04T04:48:51.227836,04:48:51,5312.03,5312.03,3
2025-11-04T04:49:03.220040,04:49:03,5313.49,5313.49,3
2025-11-04T04:49:14.870297,04:49:14,5311.12,5311.12,3
2025-11-04T04:49:26.771714,04:49:26,5277.95,5277.95,3
2025-11-04T04:49:38.751846,04:49:38,5313.13,5313.13,3
2025-11-04T04:49:50.719855,04:49:50,5326.98,5326.98,3
2025-11-04T04:50:02.615057,04:50:02,5341.34,5341.34,3
2025-11-04T04:50:14.536287,04:50:14,5372.55,5372.55,3
2025-11-04T04:50:26.525469,04:50:26,5403.49,5403.49,3
2025-11-04T04:50:38.545219,04:50:38,5411.32,5411.32,3
2025-11-04T04:50:50.171441,04:50:50,5421.27,5421.27,3
2025-11-04T04:51:02.419664,04:51:02,5450.18,5450.18,3
2025-11-04T04:51:14.360959,04:51:14,5463.01,5463.01,3
2025-11-04T04:51:26.591134,04:51:26,5475.81,5475.81,3
2025-11-04T04:51:38.499891,04:51:38,5488.47,5488.47,3
2025-11-04T04:51:50.455016,04:51:50,5539.23,5539.23,3
2025-11-04T04:52:02.357367,04:52:02,5626.45,5626.45,3
2025-11-04T04:52:14.351821,04:52:14,5672.54,5672.54,3
2025-11-04T04:52:26.282982,04:52:26,5688.25,5688.25,3
2025-11-04T04:52:38.191828,04:52:38,5626.91,5626.91,3
2025-11-04T04:52:49.805210,04:52:49,5525.66,5525.66,3
2025-11-04T04:53:01.743476,04:53:01,5530.95,5530.95,3
2025-11-04T04:53:13.649203,04:53:13,5554.08,5554.08,3
2025-11-04T04:53:25.285281,04:53:25,5544.04,5544.04,3
2025-11-04T04:53:37.223045,04:53:37,5592.34,5592.34,3
2025-11-04T04:53:49.431409,04:53:49,5518.44,5518.44,3
2025-11-04T04:54:01.357582,04:54:01,5521.47,5521.47,3
2025-11-04T04:54:12.976081,04:54:12,5619.19,5619.19,3
2025-11-04T04:54:25.272990,04:54:25,5552.61,5552.61,3
2025-11-04T04:54:37.554415,04:54:37,5595.83,5595.83,3
2025-11-04T04:54:49.528507,04:54:49,5620.68,5620.68,3
2025-11-04T04:55:01.476465,04:55:01,5598.7,5598.7,3
2025-11-04T04:55:13.424694,04:55:13,5573.45,5573.45,3
2025-11-04T04:55:25.396308,04:55:25,5603.24,5603.24,3
2025-11-04T04:55:37.581552,04:55:37,5605.49,5605.49,3
2025-11-04T04:55:49.592962,04:55:49,5613.75,5613.75,3
2025-11-04T04:56:01.217903,04:56:01,5729.69,5729.69,3
2025-11-04T04:56:12.870185,04:56:12,5703.3,5703.3,3
2025-11-04T04:56:24.784482,04:56:24,5661.67,5661.67,3
2025-11-04T04:56:36.457507,04:56:36,5681.82,5681.82,3
2025-11-04T04:56:48.083759,04:56:48,5674.61,5674.61,3
2025-11-04T04:57:00.030922,04:57:00,5675.46,5675.46,3
2025-11-04T04:57:12.273450,04:57:12,5670.23,5670.23,3
2025-11-04T04:57:24.172347,04:57:24,5687.07,5687.07,3
2025-11-04T04:57:36.132758,04:57:36,5705.25,5705.25,3
2025-11-04T04:57:48.098988,04:57:48,5697.53,5697.53,3
2025-11-04T04:57:59.774292,04:57:59,5690.04,5690.04,3
2025-11-04T04:58:11.706370,04:58:11,5652.54,5652.54,3
2025-11-04T04:58:23.636349,04:58:23,5636.67,5636.67,3
2025-11-04T04:58:35.623141,04:58:35,5613.05,5613.05,3
2025-11-04T04:58:47.563936,04:58:47,5629.07,5629.07,3
2025-11-04T04:58:59.583010,04:58:59,5613.33,5613.33,3
2025-11-04T04:59:11.526653,04:59:11,5603.35,5603.35,3
2025-11-04T04:59:23.135159,04:59:23,5601.78,5601.78,3
2025-11-04T04:59:34.783222,04:59:34,5625.53,5625.53,3
2025-11-04T04:59:46.697802,04:59:46,5576.88,5576.88,3
2025-11-04T04:59:58.327891,04:59:58,5541.6,5541.6,3
2025-11-04T05:00:10.541715,05:00:10,5497.66,5497.66,3
2025-11-04T05:00:22.506392,05:00:22,5483.95,5483.95,3
2025-11-04T05:00:34.396592,05:00:34,5501.03,5501.03,3
2025-11-04T05:00:46.621042,05:00:46,5487.7,5487.7,3
2025-11-04T05:00:58.659052,05:00:58,5487.24,5487.24,3
2025-11-04T05:01:10.647558,05:01:10,5551.25,5551.25,3
2025-11-04T05:01:22.626437,05:01:22,5598.44,5598.44,3
2025-11-04T05:01:34.529453,05:01:34,5651.21,5651.21,3
2025-11-04T05:01:46.478309,05:01:46,5654.58,5654.58,3
2025-11-04T05:01:58.182336,05:01:58,5617.97,5617.97,3
2025-11-04T05:02:09.824520,05:02:09,5588.78,5588.78,3
2025-11-04T05:02:21.764323,05:02:21,5582.07,5582.07,3
2025-11-04T05:02:33.409495,05:02:33,5572.19,5572.19,3
2025-11-04T05:02:45.390936,05:02:45,5569.23,5569.23,3
2025-11-04T05:02:57.364712,05:02:57,5563.7,5563.7,3
2025-11-04T05:03:09.331729,05:03:09,5606.23,5606.23,3
2025-11-04T05:03:21.561791,05:03:21,5626.66,5626.66,3
2025-11-04T05:03:33.464383,05:03:33,5620.22,5620.22,3
2025-11-04T05:03:45.520220,05:03:45,5640.24,5640.24,3
2025-11-04T05:03:57.459794,05:03:57,5645.1,5645.1,3
2025-11-04T05:04:09.396915,05:04:09,5737.56,5737.56,3
2025-11-04T05:04:21.008882,05:04:21,5783.29,5783.29,3
2025-11-04T05:04:33.225637,05:04:33,5810.6,5810.6,3
2025-11-04T05:04:45.381252,05:04:45,5736.13,5736.13,3
2025-11-04T05:04:57.282334,05:04:57,5762.57,5762.57,3
2025-11-04T05:05:09.240209,05:05:09,5783.38,5783.38,3
2025-11-04T05:05:21.180226,05:05:21,5803.96,5803.96,3
2025-11-04T05:05:33.408871,05:05:33,5851.62,5851.62,3
2025-11-04T05:05:45.359862,05:05:45,5816.79,5816.79,3
2025-11-04T05:05:57.300768,05:05:57,5808.7,5808.7,3
2025-11-04T05:06:09.239348,05:06:09,5827.05,5827.05,3
2025-11-04T05:06:21.415094,05:06:21,5821.35,5821.35,3
2025-11-04T05:06:33.625606,05:06:33,5831.64,5831.64,3
2025-11-04T05:06:45.597274,05:06:45,5788.59,5788.59,3
2025-11-04T05:06:57.243437,05:06:57,5790.44,5790.44,3
2025-11-04T05:07:09.121417,05:07:09,5787.74,5787.74,3
2025-11-04T05:07:21.352394,05:07:21,5825.56,5825.56,3
2025-11-04T05:07:33.260334,05:07:33,5824.08,5824.08,3
2025-11-04T05:07:45.239463,05:07:45,5825.94,5825.94,3
2025-11-04T05:07:56.903856,05:07:56,5921.59,5921.59,3
2025-11-04T05:08:08.806709,05:08:08,5936.09,5936.09,3
2025-11-04T05:08:20.825099,05:08:20,5965.98,5965.98,3
2025-11-04T05:08:33.032761,05:08:33,5913.14,5913.14,3
2025-11-04T05:08:44.670273,05:08:44,5943.92,5943.92,3
2025-11-04T05:08:56.653272,05:08:56,5955.2,5955.2,3
2025-11-04T05:09:08.632092,05:09:08,5974.99,5974.99,3
2025-11-04T05:09:20.334641,05:09:20,5968.93,5968.93,3
2025-11-04T05:09:32.229414,05:09:32,5959.74,5959.74,3
2025-11-04T05:09:44.186763,05:09:44,5965.95,5965.95,3
2025-11-04T05:09:56.422238,05:09:56,5944.96,5944.96,3
2025-11-04T05:10:08.594031,05:10:08,6016.69,6016.69,3
2025-11-04T05:10:20.599979,05:10:20,6039.25,6039.25,3
2025-11-04T05:10:32.254112,05:10:32,6043.95,6043.95,3
2025-11-04T05:10:43.924732,05:10:43,6106.74,6106.74,3
2025-11-04T05:10:55.944318,05:10:55,6131.52,6131.52,3
2025-11-04T05:11:07.859594,05:11:07,6046.4,6046.4,3
2025-11-04T05:11:19.774560,05:11:19,6002.02,6002.02,3
2025-11-04T05:11:31.681031,05:11:31,5964.19,5964.19,3
2025-11-04T05:11:43.680434,05:11:43,5944.76,5944.76,3
2025-11-04T05:11:55.584817,05:11:55,5966.49,5966.49,3
2025-11-04T05:12:07.586806,05:12:07,5987.11,5987.11,3
2025-11-04T05:12:19.460984,05:12:19,6018.76,6018.76,3
2025-11-04T05:12:31.118180,05:12:31,6025.14,6025.14,3
2025-11-04T05:12:43.070051,05:12:43,6029.83,6029.83,3
2025-11-04T05:12:55.309769,05:12:55,5984.09,5984.09,3
2025-11-04T05:13:07.276289,05:13:07,5959.87,5959.87,3
2025-11-04T05:13:19.457472,05:13:19,5927.64,5927.64,3
2025-11-04T05:13:31.495350,05:13:31,5948.12,5948.12,3
2025-11-04T05:13:43.435622,05:13:43,5915.58,5915.58,3
2025-11-04T05:13:55.368263,05:13:55,5929.39,5929.39,3
2025-11-04T05:14:07.309371,05:14:07,5930.16,5930.16,3
2025-11-04T05:14:19.193773,05:14:19,5911.64,5911.64,3
2025-11-04T05:14:31.415988,05:14:31,5884.52,5884.52,3
2025-11-04T05:14:43.623829,05:14:43,5896.21,5896.21,3
2025-11-04T05:14:55.549256,05:14:55,5913.54,5913.54,3
2025-11-04T05:15:07.459399,05:15:07,5954.27,5954.27,3
2025-11-04T05:15:19.394334,05:15:19,5950.85,5950.85,3
2025-11-04T05:15:31.330936,05:15:31,5966.14,5966.14,3
2025-11-04T05:15:43.511482,05:15:43,5936.44,5936.44,3
2025-11-04T05:15:55.415544,05:15:55,5965.94,5965.94,3
2025-11-04T05:16:07.314529,05:16:07,5933.2,5933.2,3
2025-11-04T05:16:19.017457,05:16:19,5932.76,5932.76,3
2025-11-04T05:16:30.960564,05:16:30,5915.66,5915.66,3
2025-11-04T05:16:43.219962,05:16:43,5887.34,5887.34,3
2025-11-04T05:16:55.223104,05:16:55,5862.32,5862.32,3
2025-11-04T05:17:07.172702,05:17:07,5837.37,5837.37,3
2025-11-04T05:17:19.395316,05:17:19,5808.05,5808.05,3
2025-11-04T05:17:31.695399,05:17:31,5772.97,5772.97,3
2025-11-04T05:17:43.326883,05:17:43,5755.59,5755.59,3
2025-11-04T05:17:55.521638,05:17:55,5750.71,5750.71,3
2025-11-04T05:18:07.165618,05:18:07,5775.56,5775.56,3
2025-11-04T05:18:19.102379,05:18:19,5748.29,5748.29,3
2025-11-04T05:18:30.770065,05:18:30,5711.42,5711.42,3
2025-11-04T05:18:42.692785,05:18:42,5728.19,5728.19,3
2025-11-04T05:18:54.605213,05:18:54,5745.73,5745.73,3
2025-11-04T05:19:06.577574,05:19:06,5757.47,5757.47,3
2025-11-04T05:19:18.219636,05:19:18,5735.59,5735.59,3
2025-11-04T05:19:30.430828,05:19:30,5731.62,5731.62,3
2025-11-04T05:19:42.412394,05:19:42,5822.71,5822.71,3
2025-11-04T05:19:54.347453,05:19:54,5764.15,5764.15,3
2025-11-04T05:20:06.255680,05:20:06,5768.92,5768.92,3
2025-11-04T05:20:17.965515,05:20:17,5709.94,5709.94,3
2025-11-04T05:20:29.873632,05:20:29,5708.45,5708.45,3
2025-11-04T05:20:41.554535,05:20:41,5721.55,5721.55,3
2025-11-04T05:20:53.216242,05:20:53,5692.15,5692.15,3
2025-11-04T05:21:05.129686,05:21:05,5699.07,5699.07,3
2025-11-04T05:21:16.749500,05:21:16,5636.01,5636.01,3
2025-11-04T05:21:28.673591,05:21:28,5735.31,5735.31,3
2025-11-04T05:21:40.599076,05:21:40,5727.58,5727.58,3
2025-11-04T05:21:52.585659,05:21:52,5696.84,5696.84,3
2025-11-04T05:22:04.261589,05:22:04,5688.92,5688.92,3
2025-11-04T05:22:16.431075,05:22:16,5770.44,5770.44,3
2025-11-04T05:22:28.330443,05:22:28,5773.69,5773.69,3
2025-11-04T05:22:40.288793,05:22:40,5738.51,5738.51,3
2025-11-04T05:22:52.246501,05:22:52,5708.58,5708.58,3
2025-11-04T05:23:04.239835,05:23:04,5647.24,5647.24,3
2025-11-04T05:23:16.457155,05:23:16,5652.3,5652.3,3
2025-11-04T05:23:28.370207,05:23:28,5659.98,5659.98,3
2025-11-04T05:23:40.369585,05:23:40,5704.08,5704.08,3
2025-11-04T05:23:52.636257,05:23:52,5732.56,5732.56,3
2025-11-04T05:24:04.571536,05:24:04,5729.49,5729.49,3
2025-11-04T05:24:16.611133,05:24:16,5777.96,5777.96,3
2025-11-04T05:24:28.247292,05:24:28,5773.51,5773.51,3
2025-11-04T05:24:40.445556,05:24:40,5798.78,5798.78,3
2025-11-04T05:24:52.424709,05:24:52,5823.03,5823.03,3
2025-11-04T05:25:04.588690,05:25:04,5774.22,5774.22,3
2025-11-04T05:25:16.573972,05:25:16,5834.81,5834.81,3
2025-11-04T05:25:28.505658,05:25:28,5839.29,5839.29,3
2025-11-04T05:25:40.134932,05:25:40,5856.87,5856.87,3
2025-11-04T05:25:52.084179,05:25:52,5858.65,5858.65,3
2025-11-04T05:26:04.041760,05:26:04,5837.82,5837.82,3
2025-11-04T05:26:16.278784,05:26:16,5874.38,5874.38,3
2025-11-04T05:26:27.893976,05:26:27,5893.59,5893.59,3
2025-11-04T05:26:39.793452,05:26:39,5889.01,5889.01,3
2025-11-04T05:26:51.718648,05:26:51,5899.68,5899.68,3
2025-11-04T05:27:03.745223,05:27:03,5931.08,5931.08,3
2025-11-04T05:27:15.782131,05:27:15,5939.97,5939.97,3
2025-11-04T05:27:27.665353,05:27:27,5919.35,5919.35,3
2025-11-04T05:27:39.608943,05:27:39,5963.07,5963.07,3
2025-11-04T05:27:51.585973,05:27:51,5939.35,5939.35,3
2025-11-04T05:28:03.213645,05:28:03,5893.19,5893.19,3
2025-11-04T05:28:15.161236,05:28:15,5875.64,5875.64,3
2025-11-04T05:28:27.234838,05:28:27,5845.18,5845.18,3
2025-11-04T05:28:39.199732,05:28:39,5857.26,5857.26,3
2025-11-04T05:28:51.173123,05:28:51,5794.33,5794.33,3
2025-11-04T05:29:02.782021,05:29:02,5791.93,5791.93,3
2025-11-04T05:29:14.765491,05:29:14,5792.54,5792.54,3
2025-11-04T05:29:26.731249,05:29:26,5806.09,5806.09,3
2025-11-04T05:29:38.654215,05:29:38,5819.01,5819.01,3
2025-11-04T05:29:50.390623,05:29:50,5826.11,5826.11,3
2025-11-04T05:30:02.550455,05:30:02,5869.81,5869.81,3
2025-11-04T05:30:14.479035,05:30:14,5745.83,5745.83,3
2025-11-04T05:30:26.192877,05:30:26,5712.86,5712.86,3
2025-11-04T05:30:38.157484,05:30:38,5701.05,5701.05,3
2025-11-04T05:30:50.421752,05:30:50,5706.61,5706.61,3
2025-11-04T05:31:02.405045,05:31:02,5675.74,5675.74,3
2025-11-04T05:31:14.375180,05:31:14,5646.05,5646.05,3
2025-11-04T05:31:26.275017,05:31:26,5595.91,5595.91,3
2025-11-04T05:31:38.283255,05:31:38,5600.6,5600.6,3
2025-11-04T05:31:50.182416,05:31:50,5631.89,5631.89,3
2025-11-04T05:32:02.502657,05:32:02,5584.33,5584.33,3
2025-11-04T05:32:14.651765,05:32:14,5598.45,5598.45,3
2025-11-04T05:32:26.624805,05:32:26,5580.86,5580.86,3
2025-11-04T05:32:38.280596,05:32:38,5533.71,5533.71,3
2025-11-04T05:32:49.922463,05:32:49,5608.6,5608.6,3
2025-11-04T05:33:01.837005,05:33:01,5598.34,5598.34,3
2025-11-04T05:33:14.032604,05:33:14,5645.33,5645.33,3
2025-11-04T05:33:26.022031,05:33:26,5661.09,5661.09,3
2025-11-04T05:33:37.956434,05:33:37,5645.16,5645.16,3
2025-11-04T05:33:50.256961,05:33:50,5663.05,5663.05,3
2025-11-04T05:34:02.128662,05:34:02,5633.98,5633.98,3
2025-11-04T05:34:14.616373,05:34:14,5649.78,5649.78,3
2025-11-04T05:34:26.606376,05:34:26,5723.79,5723.79,3
2025-11-04T05:34:38.240789,05:34:38,5725.62,5725.62,3
2025-11-04T05:34:50.242005,05:34:50,5728.52,5728.52,3
2025-11-04T05:35:02.198002,05:35:02,5755.84,5755.84,3
2025-11-04T05:35:13.894201,05:35:13,5847.59,5847.59,3
2025-11-04T05:35:26.114798,05:35:26,5745.19,5745.19,3
2025-11-04T05:35:38.154083,05:35:38,5656.9,5656.9,3
2025-11-04T05:35:49.835997,05:35:49,5583.8,5583.8,3
2025-11-04T05:36:01.763863,05:36:01,5626.47,5626.47,3
2025-11-04T05:36:13.708741,05:36:13,5646.26,5646.26,3
2025-11-04T05:36:25.314846,05:36:25,5642.18,5642.18,3
2025-11-04T05:36:37.263419,05:36:37,5673.69,5673.69,3
2025-11-04T05:36:49.490224,05:36:49,5668.79,5668.79,3
2025-11-04T05:37:01.407732,05:37:01,5683.77,5683.77,3
2025-11-04T05:37:13.438064,05:37:13,5746.83,5746.83,3
2025-11-04T05:37:25.038569,05:37:25,5752.89,5752.89,3
2025-11-04T05:37:37.238286,05:37:37,5782.33,5782.33,3
2025-11-04T05:37:49.187351,05:37:49,5775.73,5775.73,3
2025-11-04T05:38:01.693552,05:38:01,5774.61,5774.61,3
2025-11-04T05:38:13.606641,05:38:13,5726.62,5726.62,3
2025-11-04T05:38:25.564434,05:38:25,5726.7,5726.7,3
2025-11-04T05:38:37.208152,05:38:37,5699.17,5699.17,3
2025-11-04T05:38:49.448075,05:38:49,5731.76,5731.76,3
2025-11-04T05:39:01.460582,05:39:01,5617.72,5617.72,3
2025-11-04T05:39:13.388892,05:39:13,5603.05,5603.05,3
2025-11-04T05:39:25.070941,05:39:25,5550.09,5550.09,3
2025-11-04T05:39:36.706741,05:39:36,5550.05,5550.05,3
2025-11-04T05:39:48.663924,05:39:48,5553.77,5553.77,3
2025-11-04T05:40:00.359410,05:40:00,5578.4,5578.4,3
2025-11-04T05:40:12.315491,05:40:12,5536.74,5536.74,3
2025-11-04T05:40:24.566201,05:40:24,5457.91,5457.91,3
2025-11-04T05:40:36.553926,05:40:36,5468.85,5468.85,3
2025-11-04T05:40:48.232404,05:40:48,5423.03,5423.03,3
2025-11-04T05:41:00.208259,05:41:00,5436.04,5436.04,3
2025-11-04T05:41:12.226748,05:41:12,5470.86,5470.86,3
2025-11-04T05:41:24.443457,05:41:24,5502.85,5502.85,3
2025-11-04T05:41:36.357186,05:41:36,5524.96,5524.96,3
2025-11-04T05:41:48.246303,05:41:48,5560.89,5560.89,3
2025-11-04T05:42:00.327392,05:42:00,5575.2,5575.2,3
2025-11-04T05:42:12.385213,05:42:12,5528.35,5528.35,3
2025-11-04T05:42:23.995519,05:42:23,5549.51,5549.51,3
2025-11-04T05:42:36.508049,05:42:36,5434.71,5434.71,3
2025-11-04T05:42:48.467232,05:42:48,5499.35,5499.35,3
2025-11-04T05:43:00.459725,05:43:00,5521.3,5521.3,3
2025-11-04T05:43:12.106577,05:43:12,5527.92,5527.92,3
2025-11-04T05:43:24.355146,05:43:24,5522.78,5522.78,3
2025-11-04T05:43:36.285819,05:43:36,5506.57,5506.57,3
2025-11-04T05:43:48.272495,05:43:48,5500.58,5500.58,3
2025-11-04T05:44:00.260184,05:44:00,5558.96,5558.96,3
2025-11-04T05:44:12.202067,05:44:12,5558.97,5558.97,3
2025-11-04T05:44:24.135152,05:44:24,5507.83,5507.83,3
2025-11-04T05:44:36.334335,05:44:36,5453.72,5453.72,3
2025-11-04T05:44:48.312359,05:44:48,5447.35,5447.35,3
2025-11-04T05:45:00.283175,05:45:00,5454.43,5454.43,3
2025-11-04T05:45:12.530217,05:45:12,5491.82,5491.82,3
2025-11-04T05:45:24.454715,05:45:24,5479.5,5479.5,3
2025-11-04T05:45:36.374408,05:45:36,5476.82,5476.82,3
2025-11-04T05:45:48.599929,05:45:48,5421.5,5421.5,3
2025-11-04T05:46:00.273135,05:46:00,5444.95,5444.95,3
2025-11-04T05:46:12.508838,05:46:12,5367.08,5367.08,3
2025-11-04T05:46:24.406792,05:46:24,5296.06,5296.06,3
2025-11-04T05:46:36.618101,05:46:36,5271.78,5271.78,3
2025-11-04T05:46:48.604076,05:46:48,5281.18,5281.18,3
2025-11-04T05:47:00.231093,05:47:00,5249.67,5249.67,3
2025-11-04T05:47:12.434199,05:47:12,5188.31,5188.31,3
2025-11-04T05:47:24.447231,05:47:24,5133.13,5133.13,3
2025-11-04T05:47:36.399485,05:47:36,5316.5,5316.5,3
2025-11-04T05:47:48.297310,05:47:48,5336.92,5336.92,3
2025-11-04T05:48:00.318353,05:48:00,5337.97,5337.97,3
2025-11-04T05:48:12.233601,05:48:12,5365.86,5365.86,3
2025-11-04T05:48:24.486754,05:48:24,5455.96,5455.96,3
2025-11-04T05:48:36.168835,05:48:36,5454.83,5454.83,3
2025-11-04T05:48:48.085246,05:48:48,5410.78,5410.78,3
2025-11-04T05:49:00.114182,05:49:00,5364.49,5364.49,3
2025-11-04T05:49:11.780616,05:49:11,5338.33,5338.33,3
2025-11-04T05:49:23.712894,05:49:23,5336.64,5336.64,3
2025-11-04T05:49:35.638057,05:49:35,5311.61,5311.61,3
2025-11-04T05:49:47.279053,05:49:47,5275.58,5275.58,3
2025-11-04T05:49:59.228855,05:49:59,5296.46,5296.46,3
2025-11-04T05:50:11.452671,05:50:11,5356.03,5356.03,3
2025-11-04T05:50:23.709078,05:50:23,5322.14,5322.14,3
2025-11-04T05:50:35.634577,05:50:35,5306.73,5306.73,3
2025-11-04T05:50:47.561135,05:50:47,5278.82,5278.82,3
2025-11-04T05:50:59.207939,05:50:59,5284.24,5284.24,3
2025-11-04T05:51:11.126747,05:51:11,5220.51,5220.51,3
2025-11-04T05:51:22.741340,05:51:22,5211.5,5211.5,3
2025-11-04T05:51:34.646402,05:51:34,5130.73,5130.73,3
2025-11-04T05:51:46.566323,05:51:46,5132.0,5132.0,3
2025-11-04T05:51:58.447782,05:51:58,5125.32,5125.32,3
2025-11-04T05:52:10.359270,05:52:10,5083.17,5083.17,3
2025-11-04T05:52:22.350711,05:52:22,5110.2,5110.2,3
2025-11-04T05:52:33.967449,05:52:33,5005.26,5005.26,3
2025-11-04T05:52:46.199824,05:52:46,5045.83,5045.83,3
2025-11-04T05:52:58.199222,05:52:58,5020.54,5020.54,3
2025-11-04T05:53:10.110254,05:53:10,4981.4,4981.4,3
2025-11-04T05:53:22.296837,05:53:22,5086.3,5086.3,3
2025-11-04T05:53:34.202507,05:53:34,5054.39,5054.39,3
2025-11-04T05:53:45.824166,05:53:45,4984.8,4984.8,3
2025-11-04T05:53:57.941644,05:53:57,4954.29,4954.29,3
2025-11-04T05:54:09.574678,05:54:09,4985.18,4985.18,3
2025-11-04T05:54:21.184243,05:54:21,4998.71,4998.71,3
2025-11-04T05:54:33.375161,05:54:33,4976.98,4976.98,3
2025-11-04T05:54:45.337257,05:54:45,4940.01,4940.01,3
2025-11-04T05:54:57.309573,05:54:57,4898.19,4898.19,3
2025-11-04T05:55:09.591425,05:55:09,4915.63,4915.63,3
2025-11-04T05:55:21.222492,05:55:21,4914.58,4914.58,3
2025-11-04T05:55:32.902486,05:55:32,4915.65,4915.65,3
2025-11-04T05:55:45.077438,05:55:45,4911.71,4911.71,3
2025-11-04T05:55:57.257022,05:55:57,4939.56,4939.56,3
2025-11-04T05:56:09.438979,05:56:09,4960.79,4960.79,3
2025-11-04T05:56:21.334195,05:56:21,4959.47,4959.47,3
2025-11-04T05:56:33.548827,05:56:33,4930.55,4930.55,3
2025-11-04T05:56:45.173414,05:56:45,4929.44,4929.44,3
2025-11-04T05:56:57.378860,05:56:57,4916.08,4916.08,3
2025-11-04T05:57:09.562608,05:57:09,4754.24,4754.24,3
2025-11-04T05:57:21.489535,05:57:21,4788.12,4788.12,3
2025-11-04T05:57:33.199155,05:57:33,4760.86,4760.86,3
2025-11-04T05:57:45.413074,05:57:45,4740.86,4740.86,3
2025-11-04T05:57:57.372691,05:57:57,4688.18,4688.18,3
2025-11-04T05:58:09.274760,05:58:09,4680.18,4680.18,3
2025-11-04T05:58:21.211825,05:58:21,4778.83,4778.83,3
2025-11-04T05:58:33.155707,05:58:33,4746.35,4746.35,3
2025-11-04T05:58:45.124537,05:58:45,4747.54,4747.54,3
2025-11-04T05:58:57.384426,05:58:57,4764.74,4764.74,3
2025-11-04T05:59:09.615506,05:59:09,4700.45,4700.45,3
2025-11-04T05:59:21.584810,05:59:21,4713.25,4713.25,3
2025-11-04T05:59:33.299494,05:59:33,4712.06,4712.06,3
2025-11-04T05:59:45.223034,05:59:45,4697.52,4697.52,3
2025-11-04T05:59:57.581642,05:59:57,4675.92,4675.92,3
2025-11-04T06:00:09.606474,06:00:09,4743.36,4743.36,3
2025-11-04T06:00:21.272703,06:00:21,4746.51,4746.51,3
2025-11-04T06:00:33.297238,06:00:33,4730.62,4730.62,3
2025-11-04T06:00:45.186427,06:00:45,4811.83,4811.83,3
2025-11-04T06:00:57.463407,06:00:57,4762.89,4762.89,3
2025-11-04T06:01:09.423633,06:01:09,4820.68,4820.68,3
2025-11-04T06:01:21.373386,06:01:21,4863.03,4863.03,3
2025-11-04T06:01:33.537123,06:01:33,4907.76,4907.76,3
2025-11-04T06:01:45.435997,06:01:45,4912.48,4912.48,3
2025-11-04T06:01:57.147344,06:01:57,4799.96,4799.96,3
2025-11-04T06:02:09.414616,06:02:09,4799.22,4799.22,3
2025-11-04T06:02:21.611320,06:02:21,4653.24,4653.24,3
2025-11-04T06:02:33.345309,06:02:33,4644.01,4644.01,3
2025-11-04T06:02:45.304516,06:02:45,4674.98,4674.98,3
2025-11-04T06:02:57.245362,06:02:57,4721.68,4721.68,3
2025-11-04T06:03:08.828884,06:03:08,4751.93,4751.93,3
2025-11-04T06:03:20.777481,06:03:20,5024.84,5024.84,3
2025-11-04T06:03:32.706800,06:03:32,5014.27,5014.27,3
2025-11-04T06:03:44.673487,06:03:44,5244.21,5244.21,3
2025-11-04T06:03:56.706065,06:03:56,5244.02,5244.02,3
2025-11-04T06:04:08.419708,06:04:08,5252.14,5252.14,3
2025-11-04T06:04:20.353896,06:04:20,5299.78,5299.78,3
2025-11-04T06:04:32.555462,06:04:32,5298.23,5298.23,3
2025-11-04T06:04:44.448574,06:04:44,5278.5,5278.5,3
2025-11-04T06:04:56.108940,06:04:56,5264.05,5264.05,3
2025-11-04T06:05:08.422990,06:05:08,5293.23,5293.23,3
2025-11-04T06:05:20.370061,06:05:20,5220.69,5220.69,3
2025-11-04T06:05:32.359284,06:05:32,5250.11,5250.11,3
2025-11-04T06:05:44.543704,06:05:44,5232.34,5232.34,3
2025-11-04T06:05:56.169754,06:05:56,5286.33,5286.33,3
2025-11-04T06:06:08.389478,06:06:08,5442.92,5442.92,3
2025-11-04T06:06:20.318560,06:06:20,5511.48,5511.48,3
2025-11-04T06:06:32.545202,06:06:32,5591.47,5591.47,3
2025-11-04T06:06:44.462693,06:06:44,5781.81,5781.81,3
2025-11-04T06:06:56.406629,06:06:56,5835.53,5835.53,3
2025-11-04T06:07:08.028448,06:07:08,5749.55,5749.55,3
2025-11-04T06:07:19.636433,06:07:19,5684.91,5684.91,3
2025-11-04T06:07:31.589711,06:07:31,5748.16,5748.16,3
2025-11-04T06:07:43.534889,06:07:43,5780.3,5780.3,3
2025-11-04T06:07:55.474388,06:07:55,5737.39,5737.39,3
2025-11-04T06:08:07.463991,06:08:07,5756.26,5756.26,3
2025-11-04T06:08:19.624492,06:08:19,5848.49,5848.49,3
2025-11-04T06:08:31.540192,06:08:31,5979.22,5979.22,3
2025-11-04T06:08:43.230230,06:08:43,5989.46,5989.46,3
2025-11-04T06:08:55.425677,06:08:55,6080.43,6080.43,3
2025-11-04T06:09:07.375499,06:09:07,5978.84,5978.84,3
2025-11-04T06:09:19.321112,06:09:19,5934.02,5934.02,3
2025-11-04T06:09:31.268975,06:09:31,5932.95,5932.95,3
2025-11-04T06:09:43.203683,06:09:43,6009.23,6009.23,3
2025-11-04T06:09:55.574237,06:09:55,5896.3,5896.3,3
2025-11-04T06:10:07.527219,06:10:07,6025.11,6025.11,3
2025-11-04T06:10:19.526831,06:10:19,6117.52,6117.52,3
2025-11-04T06:10:31.575534,06:10:31,6121.52,6121.52,3
2025-11-04T06:10:43.259342,06:10:43,6034.25,6034.25,3
2025-11-04T06:10:55.484521,06:10:55,6044.47,6044.47,3
2025-11-04T06:11:07.106238,06:11:07,5972.67,5972.67,3
2025-11-04T06:11:19.295855,06:11:19,5957.94,5957.94,3
2025-11-04T06:11:31.205369,06:11:31,5945.8,5945.8,3
2025-11-04T06:11:43.081527,06:11:43,5936.98,5936.98,3
2025-11-04T06:11:54.740468,06:11:54,5940.52,5940.52,3
2025-11-04T06:12:06.655965,06:12:06,5994.57,5994.57,3
2025-11-04T06:12:18.737841,06:12:18,6058.62,6058.62,3
2025-11-04T06:12:30.334654,06:12:30,6079.5,6079.5,3
2025-11-04T06:12:42.261834,06:12:42,6062.13,6062.13,3
2025-11-04T06:12:54.569492,06:12:54,6110.61,6110.61,3
2025-11-04T06:13:06.207482,06:13:06,6082.03,6082.03,3
2025-11-04T06:13:18.169046,06:13:18,6108.31,6108.31,3
2025-11-04T06:13:30.091082,06:13:30,6103.06,6103.06,3
2025-11-04T06:13:42.299546,06:13:42,6193.34,6193.34,3
2025-11-04T06:13:54.300767,06:13:54,6199.47,6199.47,3
2025-11-04T06:14:06.652069,06:14:06,6212.48,6212.48,3
2025-11-04T06:14:18.544321,06:14:18,6208.53,6208.53,3
2025-11-04T06:14:30.240283,06:14:30,6160.72,6160.72,3
2025-11-04T06:14:42.511328,06:14:42,6183.1,6183.1,3
2025-11-04T06:14:54.517750,06:14:54,6117.36,6117.36,3
2025-11-04T06:15:06.643416,06:15:06,5998.32,5998.32,3
2025-11-04T06:15:18.245942,06:15:18,5960.16,5960.16,3
2025-11-04T06:15:30.235792,06:15:30,5929.12,5929.12,3
2025-11-04T06:15:42.137398,06:15:42,5910.62,5910.62,3
2025-11-04T06:15:54.026879,06:15:54,5956.14,5956.14,3
2025-11-04T06:16:06.278508,06:16:06,6015.68,6015.68,3
2025-11-04T06:16:18.238590,06:16:18,6017.36,6017.36,3
2025-11-04T06:16:30.171032,06:16:30,5989.39,5989.39,3
2025-11-04T06:16:42.112142,06:16:42,5974.47,5974.47,3
2025-11-04T06:16:54.319586,06:16:54,5937.3,5937.3,3
2025-11-04T06:17:06.322854,06:17:06,5929.93,5929.93,3
2025-11-04T06:17:17.958087,06:17:17,5935.43,5935.43,3
2025-11-04T06:17:29.878487,06:17:29,5925.61,5925.61,3
2025-11-04T06:17:41.836207,06:17:41,5918.88,5918.88,3
2025-11-04T06:17:53.772727,06:17:53,5923.5,5923.5,3
2025-11-04T06:18:05.981087,06:18:05,5948.22,5948.22,3
2025-11-04T06:18:18.226273,06:18:18,5964.64,5964.64,3
2025-11-04T06:18:30.094152,06:18:30,5929.86,5929.86,3
2025-11-04T06:18:42.310529,06:18:42,5938.15,5938.15,3
2025-11-04T06:18:54.507347,06:18:54,5896.09,5896.09,3
2025-11-04T06:19:06.150096,06:19:06,5932.57,5932.57,3
2025-11-04T06:19:18.481867,06:19:18,5917.32,5917.32,3
2025-11-04T06:19:30.541219,06:19:30,5901.86,5901.86,3
2025-11-04T06:19:42.504659,06:19:42,5991.25,5991.25,3
2025-11-04T06:19:54.449053,06:19:54,5996.55,5996.55,3
2025-11-04T06:20:06.463369,06:20:06,5989.34,5989.34,3
2025-11-04T06:20:18.378766,06:20:18,5914.78,5914.78,3
2025-11-04T06:20:30.325481,06:20:30,5895.71,5895.71,3
2025-11-04T06:20:42.235021,06:20:42,5857.58,5857.58,3
2025-11-04T06:20:53.838675,06:20:53,5807.71,5807.71,3
2025-11-04T06:21:05.741378,06:21:05,5760.8,5760.8,3
2025-11-04T06:21:17.648491,06:21:17,5776.56,5776.56,3
2025-11-04T06:21:29.607562,06:21:29,5877.08,5877.08,3
2025-11-04T06:21:41.557418,06:21:41,5832.66,5832.66,3
2025-11-04T06:21:53.510046,06:21:53,5853.08,5853.08,3
2025-11-04T06:22:05.522308,06:22:05,5860.28,5860.28,3
2025-11-04T06:22:17.528485,06:22:17,5844.93,5844.93,3
2025-11-04T06:22:29.420192,06:22:29,5823.81,5823.81,3
2025-11-04T06:22:41.338859,06:22:41,5810.8,5810.8,3
2025-11-04T06:22:53.269725,06:22:53,5773.22,5773.22,3
2025-11-04T06:23:05.258949,06:23:05,5789.86,5789.86,3
2025-11-04T06:23:17.558102,06:23:17,5745.78,5745.78,3
2025-11-04T06:23:29.448282,06:23:29,5747.62,5747.62,3
2025-11-04T06:23:41.354028,06:23:41,5764.84,5764.84,3
2025-11-04T06:23:53.308207,06:23:53,5839.85,5839.85,3
2025-11-04T06:24:05.282781,06:24:05,5847.73,5847.73,3
2025-11-04T06:24:17.257719,06:24:17,5832.03,5832.03,3
2025-11-04T06:24:29.194035,06:24:29,5820.29,5820.29,3
2025-11-04T06:24:40.811163,06:24:40,5778.2,5778.2,3
2025-11-04T06:24:52.400058,06:24:52,5709.3,5709.3,3
2025-11-04T06:25:04.092030,06:25:04,5705.32,5705.32,3
2025-11-04T06:25:16.317227,06:25:16,5593.16,5593.16,3
2025-11-04T06:25:28.574746,06:25:28,5593.6,5593.6,3
2025-11-04T06:25:40.531421,06:25:40,5579.18,5579.18,3
2025-11-04T06:25:52.531909,06:25:52,5585.78,5585.78,3
2025-11-04T06:26:04.160679,06:26:04,5585.18,5585.18,3
2025-11-04T06:26:16.398185,06:26:16,5552.12,5552.12,3
2025-11-04T06:26:28.623991,06:26:28,5568.73,5568.73,3
2025-11-04T06:26:40.559449,06:26:40,5488.24,5488.24,3
2025-11-04T06:26:52.486448,06:26:52,5436.61,5436.61,3
2025-11-04T06:27:04.412438,06:27:04,5495.66,5495.66,3
2025-11-04T06:27:16.440608,06:27:16,5533.81,5533.81,3
2025-11-04T06:27:28.318320,06:27:28,5552.51,5552.51,3
2025-11-04T06:27:40.606098,06:27:40,5524.52,5524.52,3
2025-11-04T06:27:52.505932,06:27:52,5569.07,5569.07,3
2025-11-04T06:28:04.441605,06:28:04,5569.94,5569.94,3
2025-11-04T06:28:16.196294,06:28:16,5569.24,5569.24,3
2025-11-04T06:28:28.155112,06:28:28,5589.26,5589.26,3
2025-11-04T06:28:40.326813,06:28:40,5596.61,5596.61,3
2025-11-04T06:28:52.258806,06:28:52,5599.03,5599.03,3
2025-11-04T06:29:03.883851,06:29:03,5642.69,5642.69,3
2025-11-04T06:29:15.806482,06:29:15,5662.28,5662.28,3
2025-11-04T06:29:27.796400,06:29:27,5705.25,5705.25,3
2025-11-04T06:29:39.410398,06:29:39,5690.06,5690.06,3
2025-11-04T06:29:51.423340,06:29:51,5691.47,5691.47,3
2025-11-04T06:30:03.045273,06:30:03,5692.52,5692.52,3
2025-11-04T06:30:14.706159,06:30:14,5722.17,5722.17,3
2025-11-04T06:30:26.628526,06:30:26,5724.94,5724.94,3
2025-11-04T06:30:38.364241,06:30:38,5736.25,5736.25,3
2025-11-04T06:30:50.666781,06:30:50,5764.03,5764.03,3
2025-11-04T06:31:02.659190,06:31:02,5739.74,5739.74,3
2025-11-04T06:31:14.560571,06:31:14,5833.79,5833.79,3
2025-11-04T06:31:26.204858,06:31:26,5805.02,5805.02,3
2025-11-04T06:31:38.135991,06:31:38,5817.06,5817.06,3
2025-11-04T06:31:49.778941,06:31:49,5821.7,5821.7,3
2025-11-04T06:32:01.692404,06:32:01,5789.81,5789.81,3
2025-11-04T06:32:13.418375,06:32:13,5753.16,5753.16,3
2025-11-04T06:32:25.592608,06:32:25,5796.19,5796.19,3
2025-11-04T06:32:37.205763,06:32:37,5803.19,5803.19,3
2025-11-04T06:32:49.132733,06:32:49,5789.07,5789.07,3
2025-11-04T06:33:01.346432,06:33:01,5779.58,5779.58,3
2025-11-04T06:33:13.324175,06:33:13,5846.33,5846.33,3
2025-11-04T06:33:25.263333,06:33:25,5811.96,5811.96,3
2025-11-04T06:33:37.213792,06:33:37,5777.22,5777.22,3
2025-11-04T06:33:49.192573,06:33:49,5783.39,5783.39,3
2025-11-04T06:34:01.373189,06:34:01,5727.19,5727.19,3
2025-11-04T06:34:13.558164,06:34:13,5739.53,5739.53,3
2025-11-04T06:34:25.232532,06:34:25,5701.26,5701.26,3
2025-11-04T06:34:37.571649,06:34:37,5714.2,5714.2,3
2025-11-04T06:34:49.465743,06:34:49,5660.72,5660.72,3
2025-11-04T06:35:01.388436,06:35:01,5606.28,5606.28,3
2025-11-04T06:35:13.625763,06:35:13,5530.87,5530.87,3
2025-11-04T06:35:25.505923,06:35:25,5453.26,5453.26,3
2025-11-04T06:35:37.455842,06:35:37,5421.37,5421.37,3
2025-11-04T06:35:49.429093,06:35:49,5415.24,5415.24,3
2025-11-04T06:36:01.084279,06:36:01,5440.23,5440.23,3
2025-11-04T06:36:12.988395,06:36:12,5541.0,5541.0,3
2025-11-04T06:36:24.589852,06:36:24,5617.36,5617.36,3
2025-11-04T06:36:36.489345,06:36:36,5716.89,5716.89,3
2025-11-04T06:36:48.405034,06:36:48,5711.26,5711.26,3
2025-11-04T06:37:00.301813,06:37:00,5772.5,5772.5,3
2025-11-04T06:37:12.515419,06:37:12,5834.58,5834.58,3
2025-11-04T06:37:24.413739,06:37:24,5885.93,5885.93,3
2025-11-04T06:37:36.638897,06:37:36,5927.51,5927.51,3
2025-11-04T06:37:48.596277,06:37:48,5869.59,5869.59,3
2025-11-04T06:38:00.584697,06:38:00,5854.46,5854.46,3
2025-11-04T06:38:12.597779,06:38:12,5763.96,5763.96,3
2025-11-04T06:38:24.469797,06:38:24,5783.86,5783.86,3
2025-11-04T06:38:36.447322,06:38:36,5727.91,5727.91,3
2025-11-04T06:38:48.672546,06:38:48,5693.76,5693.76,3
2025-11-04T06:39:00.650102,06:39:00,5692.76,5692.76,3
2025-11-04T06:39:12.619152,06:39:12,5653.45,5653.45,3
2025-11-04T06:39:24.511399,06:39:24,5763.73,5763.73,3
2025-11-04T06:39:36.171692,06:39:36,5789.42,5789.42,3
2025-11-04T06:39:48.073716,06:39:48,5839.14,5839.14,3
2025-11-04T06:40:00.350339,06:40:00,5860.14,5860.14,3
2025-11-04T06:40:12.296344,06:40:12,5877.39,5877.39,3
2025-11-04T06:40:24.262421,06:40:24,5929.58,5929.58,3
2025-11-04T06:40:35.964845,06:40:35,5946.82,5946.82,3
2025-11-04T06:40:47.881900,06:40:47,5948.29,5948.29,3
2025-11-04T06:40:59.940876,06:40:59,5915.14,5915.14,3
2025-11-04T06:41:11.843651,06:41:11,5944.46,5944.46,3
2025-11-04T06:41:23.759935,06:41:23,5938.06,5938.06,3
2025-11-04T06:41:35.715041,06:41:35,5914.44,5914.44,3
2025-11-04T06:41:47.713571,06:41:47,5946.05,5946.05,3
2025-11-04T06:41:59.701574,06:41:59,5984.52,5984.52,3
2025-11-04T06:42:11.414271,06:42:11,6053.35,6053.35,3
2025-11-04T06:42:23.379897,06:42:23,6048.23,6048.23,3
2025-11-04T06:42:35.337269,06:42:35,5990.37,5990.37,3
2025-11-04T06:42:47.212956,06:42:47,6037.72,6037.72,3
2025-11-04T06:42:59.451839,06:42:59,5991.63,5991.63,3
2025-11-04T06:43:11.454949,06:43:11,5897.65,5897.65,3
2025-11-04T06:43:23.377629,06:43:23,5879.44,5879.44,3
2025-11-04T06:43:35.365344,06:43:35,5855.56,5855.56,3
2025-11-04T06:43:47.568053,06:43:47,5873.91,5873.91,3
2025-11-04T06:43:59.268128,06:43:59,5864.56,5864.56,3
2025-11-04T06:44:11.413293,06:44:11,5910.26,5910.26,3
2025-11-04T06:44:23.382694,06:44:23,5888.93,5888.93,3
2025-11-04T06:44:35.450089,06:44:35,5874.41,5874.41,3
2025-11-04T06:44:47.369520,06:44:47,5873.7,5873.7,3
2025-11-04T06:44:59.672384,06:44:59,5902.77,5902.77,3
2025-11-04T06:45:11.602775,06:45:11,5925.74,5925.74,3
2025-11-04T06:45:23.598040,06:45:23,5865.03,5865.03,3
2025-11-04T06:45:35.515547,06:45:35,5935.76,5935.76,3
2025-11-04T06:45:47.480057,06:45:47,5936.95,5936.95,3
2025-11-04T06:45:59.498538,06:45:59,5981.04,5981.04,3
2025-11-04T06:46:11.469896,06:46:11,5870.73,5870.73,3
2025-11-04T06:46:23.465080,06:46:23,5894.71,5894.71,3
2025-11-04T06:46:35.551633,06:46:35,5891.22,5891.22,3
2025-11-04T06:46:47.615590,06:46:47,5881.48,5881.48,3
2025-11-04T06:46:59.505953,06:46:59,5907.48,5907.48,3
2025-11-04T06:47:11.401978,06:47:11,5837.8,5837.8,3
2025-11-04T06:47:23.474531,06:47:23,5841.78,5841.78,3
2025-11-04T06:47:35.406419,06:47:35,5842.72,5842.72,3
2025-11-04T06:47:47.673097,06:47:47,5835.32,5835.32,3
2025-11-04T06:47:59.594046,06:47:59,5834.75,5834.75,3
2025-11-04T06:48:11.199252,06:48:11,5802.78,5802.78,3
2025-11-04T06:48:23.372442,06:48:23,5828.06,5828.06,3
2025-11-04T06:48:35.603884,06:48:35,5849.23,5849.23,3
2025-11-04T06:48:47.497970,06:48:47,5934.27,5934.27,3
2025-11-04T06:48:59.460730,06:48:59,5958.93,5958.93,3
2025-11-04T06:49:11.442238,06:49:11,5935.9,5935.9,3
2025-11-04T06:49:23.656080,06:49:23,5942.88,5942.88,3
2025-11-04T06:49:35.697856,06:49:35,5960.58,5960.58,3
2025-11-04T06:49:47.628524,06:49:47,5975.72,5975.72,3
2025-11-04T06:49:59.532918,06:49:59,5971.0,5971.0,3
2025-11-04T06:50:11.532045,06:50:11,6000.36,6000.36,3
2025-11-04T06:50:23.470784,06:50:23,6028.41,6028.41,3
2025-11-04T06:50:35.433392,06:50:35,6026.0,6026.0,3
2025-11-04T06:50:47.357632,06:50:47,6153.68,6153.68,3
2025-11-04T06:50:59.544006,06:50:59,6297.42,6297.42,3
2025-11-04T06:51:11.565771,06:51:11,6487.43,6487.43,3
2025-11-04T06:51:23.499263,06:51:23,6339.35,6339.35,3
2025-11-04T06:51:35.414576,06:51:35,6366.87,6366.87,3
2025-11-04T06:51:47.406820,06:51:47,6380.09,6380.09,3
2025-11-04T06:51:59.621059,06:51:59,6520.44,6520.44,3
2025-11-04T06:52:11.536283,06:52:11,6460.51,6460.51,3
2025-11-04T06:52:23.714053,06:52:23,6370.04,6370.04,3
2025-11-04T06:52:35.733925,06:52:35,6446.88,6446.88,3
2025-11-04T06:52:47.663781,06:52:47,6452.84,6452.84,3
2025-11-04T06:52:59.624792,06:52:59,6716.1,6716.1,3
2025-11-04T06:53:11.698178,06:53:11,6739.09,6739.09,3
2025-11-04T06:53:23.661659,06:53:23,6639.16,6639.16,3
2025-11-04T06:53:35.647791,06:53:35,6673.28,6673.28,3
2025-11-04T06:53:47.592740,06:53:47,6676.58,6676.58,3
2025-11-04T06:53:59.509205,06:53:59,6755.43,6755.43,3
2025-11-04T06:54:11.731555,06:54:11,6763.53,6763.53,3
2025-11-04T06:54:23.707431,06:54:23,6801.61,6801.61,3
2025-11-04T06:54:35.348983,06:54:35,6873.01,6873.01,3
2025-11-04T06:54:47.527690,06:54:47,6748.11,6748.11,3
2025-11-04T06:54:59.439481,06:54:59,6695.96,6695.96,3
2025-11-04T06:55:11.694044,06:55:11,6669.13,6669.13,3
2025-11-04T06:55:23.648793,06:55:23,6677.47,6677.47,3
2025-11-04T06:55:35.660337,06:55:35,6589.18,6589.18,3
2025-11-04T06:55:47.665047,06:55:47,6647.51,6647.51,3
2025-11-04T06:55:59.579992,06:55:59,6582.77,6582.77,3
2025-11-04T06:56:11.526054,06:56:11,6534.09,6534.09,3
2025-11-04T06:56:23.462571,06:56:23,6486.74,6486.74,3
2025-11-04T06:56:35.155247,06:56:35,6428.62,6428.62,3
2025-11-04T06:56:47.080679,06:56:47,6422.7,6422.7,3
2025-11-04T06:56:59.277304,06:56:59,6424.38,6424.38,3
2025-11-04T06:57:11.149176,06:57:11,6413.09,6413.09,3
2025-11-04T06:57:23.481108,06:57:23,6451.61,6451.61,3
2025-11-04T06:57:35.422168,06:57:35,6445.86,6445.86,3
2025-11-04T06:57:47.432560,06:57:47,6421.19,6421.19,3
2025-11-04T06:57:59.501677,06:57:59,6424.69,6424.69,3
2025-11-04T06:58:11.504042,06:58:11,6378.31,6378.31,3
2025-11-04T06:58:23.481049,06:58:23,6421.16,6421.16,3
2025-11-04T06:58:35.442016,06:58:35,6406.98,6406.98,3
2025-11-04T06:58:47.376717,06:58:47,6392.79,6392.79,3
2025-11-04T06:58:59.309629,06:58:59,6364.5,6364.5,3
2025-11-04T06:59:11.231695,06:59:11,6392.03,6392.03,3
2025-11-04T06:59:23.124860,06:59:23,6436.95,6436.95,3
2025-11-04T06:59:35.340679,06:59:35,6443.81,6443.81,3
2025-11-04T06:59:47.330967,06:59:47,6457.99,6457.99,3
2025-11-04T06:59:59.570857,06:59:59,6507.44,6507.44,3
2025-11-04T07:00:11.560946,07:00:11,6696.25,6696.25,3
2025-11-04T07:00:23.478657,07:00:23,6613.88,6613.88,3
2025-11-04T07:00:35.084624,07:00:35,6640.52,6640.52,3
2025-11-04T07:00:46.769728,07:00:46,6719.65,6719.65,3
2025-11-04T07:00:58.431459,07:00:58,6679.36,6679.36,3
2025-11-04T07:01:10.618085,07:01:10,6636.49,6636.49,3
2025-11-04T07:01:22.529475,07:01:22,6546.13,6546.13,3
2025-11-04T07:01:34.506317,07:01:34,6594.51,6594.51,3
2025-11-04T07:01:46.218562,07:01:46,6574.35,6574.35,3
2025-11-04T07:01:57.852699,07:01:57,6585.91,6585.91,3
2025-11-04T07:02:09.767035,07:02:09,6636.07,6636.07,3
2025-11-04T07:02:21.654832,07:02:21,6707.81,6707.81,3
2025-11-04T07:02:33.277419,07:02:33,6546.43,6546.43,3
2025-11-04T07:02:44.960666,07:02:44,6597.15,6597.15,3
2025-11-04T07:02:56.876940,07:02:56,6633.57,6633.57,3
2025-11-04T07:03:09.087353,07:03:09,6580.14,6580.14,3
2025-11-04T07:03:20.818762,07:03:20,6565.41,6565.41,3
2025-11-04T07:03:32.445717,07:03:32,6590.17,6590.17,3
2025-11-04T07:03:44.391342,07:03:44,6595.85,6595.85,3
2025-11-04T07:03:56.663449,07:03:56,6614.2,6614.2,3
2025-11-04T07:04:08.608238,07:04:08,6625.07,6625.07,3
2025-11-04T07:04:20.249829,07:04:20,6670.47,6670.47,3
2025-11-04T07:04:32.441093,07:04:32,6693.65,6693.65,3
2025-11-04T07:04:44.340156,07:04:44,6726.17,6726.17,3
2025-11-04T07:04:56.243287,07:04:56,6739.61,6739.61,3
2025-11-04T07:05:08.480463,07:05:08,6698.77,6698.77,3
2025-11-04T07:05:20.439700,07:05:20,6623.69,6623.69,3
2025-11-04T07:05:32.404839,07:05:32,6599.31,6599.31,3
2025-11-04T07:05:44.414367,07:05:44,6669.73,6669.73,3
2025-11-04T07:05:56.315827,07:05:56,6685.14,6685.14,3
2025-11-04T07:06:08.267812,07:06:08,6750.52,6750.52,3
2025-11-04T07:06:20.510895,07:06:20,6758.9,6758.9,3
2025-11-04T07:06:32.497939,07:06:32,6762.73,6762.73,3
2025-11-04T07:06:44.698840,07:06:44,6791.48,6791.48,3
2025-11-04T07:06:56.650256,07:06:56,6729.11,6729.11,3
2025-11-04T07:07:08.304811,07:07:08,6670.86,6670.86,3
2025-11-04T07:07:19.993659,07:07:19,6680.92,6680.92,3
2025-11-04T07:07:31.891210,07:07:31,6617.57,6617.57,3
2025-11-04T07:07:44.212320,07:07:44,6605.92,6605.92,3
2025-11-04T07:07:56.440921,07:07:56,6638.79,6638.79,3
2025-11-04T07:08:08.431069,07:08:08,6668.59,6668.59,3
2025-11-04T07:08:20.402921,07:08:20,6683.71,6683.71,3
2025-11-04T07:08:32.659581,07:08:32,6668.19,6668.19,3
2025-11-04T07:08:44.589864,07:08:44,6774.54,6774.54,3
2025-11-04T07:08:56.609655,07:08:56,6939.53,6939.53,3
2025-11-04T07:09:08.534639,07:09:08,6904.86,6904.86,3
2025-11-04T07:09:20.484508,07:09:20,7029.05,7029.05,3
2025-11-04T07:09:32.448770,07:09:32,6975.7,6975.7,3
2025-11-04T07:09:44.425144,07:09:44,6912.31,6912.31,3
2025-11-04T07:09:56.473113,07:09:56,6953.19,6953.19,3
2025-11-04T07:10:08.411214,07:10:08,7005.69,7005.69,3
2025-11-04T07:10:20.643290,07:10:20,6907.36,6907.36,3
2025-11-04T07:10:32.566637,07:10:32,6841.08,6841.08,3
2025-11-04T07:10:44.552201,07:10:44,6850.44,6850.44,3
2025-11-04T07:10:56.171296,07:10:56,6858.21,6858.21,3
2025-11-04T07:11:08.376375,07:11:08,6809.87,6809.87,3
2025-11-04T07:11:20.404467,07:11:20,6755.49,6755.49,3
2025-11-04T07:11:32.429863,07:11:32,6709.09,6709.09,3
2025-11-04T07:11:44.444429,07:11:44,6700.29,6700.29,3
2025-11-04T07:11:56.396905,07:11:56,6714.54,6714.54,3
2025-11-04T07:12:08.294111,07:12:08,6736.34,6736.34,3
2025-11-04T07:12:20.583144,07:12:20,6757.9,6757.9,3
2025-11-04T07:12:32.509106,07:12:32,6739.73,6739.73,3
2025-11-04T07:12:44.526060,07:12:44,6781.64,6781.64,3
2025-11-04T07:12:56.446453,07:12:56,6763.95,6763.95,3
2025-11-04T07:13:08.489380,07:13:08,6748.71,6748.71,3
2025-11-04T07:13:20.463814,07:13:20,6791.71,6791.71,3
2025-11-04T07:13:32.380018,07:13:32,6783.54,6783.54,3
2025-11-04T07:13:44.301208,07:13:44,6779.63,6779.63,3
2025-11-04T07:13:56.543662,07:13:56,6767.31,6767.31,3
2025-11-04T07:14:08.498661,07:14:08,6723.93,6723.93,3
2025-11-04T07:14:20.459089,07:14:20,6708.31,6708.31,3
2025-11-04T07:14:32.530719,07:14:32,6722.12,6722.12,3
2025-11-04T07:14:44.462160,07:14:44,6719.06,6719.06,3
2025-11-04T07:14:56.560881,07:14:56,6679.49,6679.49,3
2025-11-04T07:15:08.563778,07:15:08,6693.98,6693.98,3
2025-11-04T07:15:20.467897,07:15:20,6699.94,6699.94,3
2025-11-04T07:15:32.405951,07:15:32,6713.36,6713.36,3
2025-11-04T07:15:44.610018,07:15:44,6695.35,6695.35,3
2025-11-04T07:15:56.566873,07:15:56,6696.16,6696.16,3
2025-11-04T07:16:08.551428,07:16:08,6667.33,6667.33,3
2025-11-04T07:16:20.475782,07:16:20,6683.25,6683.25,3
2025-11-04T07:16:32.408136,07:16:32,6720.62,6720.62,3
2025-11-04T07:16:44.620721,07:16:44,6702.23,6702.23,3
2025-11-04T07:16:56.582670,07:16:56,6677.68,6677.68,3
2025-11-04T07:17:08.536411,07:17:08,6704.53,6704.53,3
2025-11-04T07:17:20.514817,07:17:20,6695.85,6695.85,3
2025-11-04T07:17:32.533836,07:17:32,6726.47,6726.47,3
2025-11-04T07:17:44.450104,07:17:44,6690.57,6690.57,3
2025-11-04T07:17:56.910672,07:17:56,6584.91,6584.91,3
2025-11-04T07:18:09.111459,07:18:09,6574.64,6574.64,3
2025-11-04T07:18:21.342241,07:18:21,6553.86,6553.86,3
2025-11-04T07:18:33.590082,07:18:33,6572.08,6572.08,3
2025-11-04T07:18:45.861514,07:18:45,6557.0,6557.0,3
2025-11-04T07:18:58.077742,07:18:58,6542.43,6542.43,3
2025-11-04T07:19:10.277695,07:19:10,6555.06,6555.06,3
2025-11-04T07:19:22.540424,07:19:22,6586.58,6586.58,3
2025-11-04T07:19:34.511076,07:19:34,6575.31,6575.31,3
2025-11-04T07:19:46.518716,07:19:46,6551.25,6551.25,3
2025-11-04T07:19:58.535890,07:19:58,6423.84,6423.84,3
2025-11-04T07:20:10.461389,07:20:10,6347.3,6347.3,3
2025-11-04T07:20:22.424824,07:20:22,6362.3,6362.3,3
2025-11-04T07:20:34.443859,07:20:34,6410.28,6410.28,3
2025-11-04T07:20:46.432831,07:20:46,6399.33,6399.33,3
2025-11-04T07:20:58.376760,07:20:58,6367.98,6367.98,3
2025-11-04T07:21:10.606869,07:21:10,6270.75,6270.75,3
2025-11-04T07:21:22.545496,07:21:22,6276.91,6276.91,3
2025-11-04T07:21:34.521976,07:21:34,6281.25,6281.25,3
2025-11-04T07:21:46.508941,07:21:46,6277.93,6277.93,3
2025-11-04T07:21:58.523370,07:21:58,6283.88,6283.88,3
2025-11-04T07:22:10.460555,07:22:10,6213.93,6213.93,3
2025-11-04T07:22:22.511023,07:22:22,6191.23,6191.23,3
2025-11-04T07:22:34.587132,07:22:34,6191.9,6191.9,3
2025-11-04T07:22:46.556097,07:22:46,6183.18,6183.18,3
2025-11-04T07:22:59.091873,07:22:59,6216.23,6216.23,3
2025-11-04T07:23:11.353855,07:23:11,6343.71,6343.71,3
2025-11-04T07:23:23.392152,07:23:23,6319.89,6319.89,3
2025-11-04T07:23:35.689199,07:23:35,6356.73,6356.73,3
2025-11-04T07:23:47.654721,07:23:47,6382.36,6382.36,3
2025-11-04T07:23:59.664713,07:23:59,6366.7,6366.7,3
2025-11-04T07:24:11.760275,07:24:11,6354.59,6354.59,3
2025-11-04T07:24:23.751823,07:24:23,6367.8,6367.8,3
2025-11-04T07:24:35.714761,07:24:35,6377.46,6377.46,3
2025-11-04T07:24:47.684298,07:24:47,6400.91,6400.91,3
2025-11-04T07:24:59.638522,07:24:59,6398.26,6398.26,3
2025-11-04T07:25:11.674909,07:25:11,6449.23,6449.23,3
2025-11-04T07:25:23.691425,07:25:23,6449.82,6449.82,3
2025-11-04T07:25:35.683831,07:25:35,6401.11,6401.11,3
2025-11-04T07:25:47.706268,07:25:47,6409.13,6409.13,3
2025-11-04T07:25:59.712829,07:25:59,6469.73,6469.73,3
2025-11-04T07:26:11.674676,07:26:11,6515.94,6515.94,3
2025-11-04T07:26:23.661297,07:26:23,6524.35,6524.35,3
2025-11-04T07:26:35.668482,07:26:35,6560.27,6560.27,3
2025-11-04T07:26:47.636929,07:26:47,6572.48,6572.48,3
2025-11-04T07:26:59.632816,07:26:59,6586.02,6586.02,3
2025-11-04T07:27:11.633524,07:27:11,6566.05,6566.05,3
2025-11-04T07:27:23.635625,07:27:23,6580.73,6580.73,3
2025-11-04T07:27:35.596881,07:27:35,6575.37,6575.37,3
2025-11-04T07:27:47.585519,07:27:47,6589.79,6589.79,3
2025-11-04T07:27:59.848619,07:27:59,6679.99,6679.99,3
2025-11-04T07:28:11.803493,07:28:11,6606.88,6606.88,3
2025-11-04T07:28:23.800570,07:28:23,6532.88,6532.88,3
2025-11-04T07:28:35.870270,07:28:35,6528.13,6528.13,3
2025-11-04T07:28:48.091077,07:28:48,6521.4,6521.4,3
2025-11-04T07:29:00.360548,07:29:00,6517.38,6517.38,3
2025-11-04T07:29:12.588123,07:29:12,6511.86,6511.86,3
2025-11-04T07:29:24.281666,07:29:24,6504.73,6504.73,3
2025-11-04T07:29:36.478581,07:29:36,6503.91,6503.91,3
2025-11-04T07:29:48.459350,07:29:48,6492.79,6492.79,3
2025-11-04T07:30:00.501663,07:30:00,6455.43,6455.43,3
2025-11-04T07:30:12.487694,07:30:12,6366.87,6366.87,3
2025-11-04T07:30:24.445977,07:30:24,6374.0,6374.0,3
2025-11-04T07:30:36.365591,07:30:36,6345.8,6345.8,3
2025-11-04T07:30:48.592887,07:30:48,6295.45,6295.45,3
2025-11-04T07:31:00.592930,07:31:00,6242.76,6242.76,3
2025-11-04T07:31:12.611993,07:31:12,6177.05,6177.05,3
2025-11-04T07:31:24.611985,07:31:24,6190.84,6190.84,3
2025-11-04T07:31:36.620288,07:31:36,6241.71,6241.71,3
2025-11-04T07:31:48.569706,07:31:48,6258.55,6258.55,3
2025-11-04T07:32:00.648129,07:32:00,6220.93,6220.93,3
2025-11-04T07:32:12.608936,07:32:12,6225.14,6225.14,3
2025-11-04T07:32:24.270468,07:32:24,6283.78,6283.78,3
2025-11-04T07:32:36.604531,07:32:36,6233.49,6233.49,3
2025-11-04T07:32:48.592750,07:32:48,6221.41,6221.41,3
2025-11-04T07:33:00.552131,07:33:00,6224.85,6224.85,3
2025-11-04T07:33:12.540533,07:33:12,6217.74,6217.74,3
2025-11-04T07:33:24.558486,07:33:24,6251.31,6251.31,3
2025-11-04T07:33:36.284042,07:33:36,6242.62,6242.62,3
2025-11-04T07:33:48.229639,07:33:48,6241.21,6241.21,3
2025-11-04T07:34:00.514230,07:34:00,6265.3,6265.3,3
2025-11-04T07:34:12.693510,07:34:12,6265.95,6265.95,3
2025-11-04T07:34:24.774624,07:34:24,6226.33,6226.33,3
2025-11-04T07:34:36.769309,07:34:36,6188.58,6188.58,3
2025-11-04T07:34:48.533365,07:34:48,6183.2,6183.2,3
2025-11-04T07:35:00.575879,07:35:00,6180.37,6180.37,3
2025-11-04T07:35:12.610023,07:35:12,6103.12,6103.12,3
2025-11-04T07:35:24.563777,07:35:24,6118.05,6118.05,3
2025-11-04T07:35:36.496176,07:35:36,6185.75,6185.75,3
2025-11-04T07:35:48.731913,07:35:48,6201.7,6201.7,3
2025-11-04T07:36:01.024942,07:36:01,6117.1,6117.1,3
2025-11-04T07:36:13.319105,07:36:13,6093.32,6093.32,3
2025-11-04T07:36:25.597818,07:36:25,6101.69,6101.69,3
2025-11-04T07:36:37.622098,07:36:37,6152.38,6152.38,3
2025-11-04T07:36:49.624158,07:36:49,6141.9,6141.9,3
2025-11-04T07:37:01.560318,07:37:01,6101.86,6101.86,3
2025-11-04T07:37:13.767479,07:37:13,6186.57,6186.57,3
2025-11-04T07:37:25.707114,07:37:25,6257.36,6257.36,3
2025-11-04T07:37:37.722624,07:37:37,6265.96,6265.96,3
2025-11-04T07:37:49.751418,07:37:49,6314.9,6314.9,3
2025-11-04T07:38:01.719799,07:38:01,6315.86,6315.86,3
2025-11-04T07:38:13.682911,07:38:13,6325.31,6325.31,3
2025-11-04T07:38:25.748296,07:38:25,6372.15,6372.15,3
2025-11-04T07:38:37.684543,07:38:37,6383.5,6383.5,3
2025-11-04T07:38:49.668635,07:38:49,6391.4,6391.4,3
2025-11-04T07:39:01.668568,07:39:01,6377.7,6377.7,3
2025-11-04T07:39:13.709845,07:39:13,6395.34,6395.34,3
2025-11-04T07:39:25.665536,07:39:25,6395.06,6395.06,3
2025-11-04T07:39:37.625913,07:39:37,6388.46,6388.46,3
2025-11-04T07:39:49.656036,07:39:49,6391.17,6391.17,3
2025-11-04T07:40:01.691785,07:40:01,6382.97,6382.97,3
2025-11-04T07:40:13.626082,07:40:13,6346.28,6346.28,3
2025-11-04T07:40:25.637664,07:40:25,6309.08,6309.08,3
2025-11-04T07:40:37.607796,07:40:37,6301.72,6301.72,3
2025-11-04T07:40:49.615855,07:40:49,6376.96,6376.96,3
2025-11-04T07:41:01.637722,07:41:01,6336.81,6336.81,3
2025-11-04T07:41:13.576495,07:41:13,6393.85,6393.85,3
2025-11-04T07:41:25.530628,07:41:25,6384.42,6384.42,3
2025-11-04T07:41:37.620703,07:41:37,6392.9,6392.9,3
2025-11-04T07:41:49.575885,07:41:49,6411.9,6411.9,3
2025-11-04T07:42:01.538939,07:42:01,6415.9,6415.9,3
2025-11-04T07:42:13.530435,07:42:13,6445.99,6445.99,3
2025-11-04T07:42:25.541407,07:42:25,6489.02,6489.02,3
2025-11-04T07:42:37.518341,07:42:37,6504.13,6504.13,3
2025-11-04T07:42:49.479179,07:42:49,6520.39,6520.39,3
2025-11-04T07:43:01.456051,07:43:01,6506.16,6506.16,3
2025-11-04T07:43:13.447302,07:43:13,6435.29,6435.29,3
2025-11-04T07:43:25.490407,07:43:25,6471.32,6471.32,3
2025-11-04T07:43:37.506585,07:43:37,6449.74,6449.74,3
2025-11-04T07:43:49.503659,07:43:49,6553.03,6553.03,3
2025-11-04T07:44:01.454611,07:44:01,6535.75,6535.75,3
2025-11-04T07:44:13.482459,07:44:13,6525.68,6525.68,3
2025-11-04T07:44:25.426091,07:44:25,6457.05,6457.05,3
2025-11-04T07:44:37.665111,07:44:37,6460.99,6460.99,3
2025-11-04T07:44:49.613160,07:44:49,6438.4,6438.4,3
2025-11-04T07:45:01.672117,07:45:01,6437.73,6437.73,3
2025-11-04T07:45:13.715040,07:45:13,6391.75,6391.75,3
2025-11-04T07:45:25.725860,07:45:25,6389.31,6389.31,3
2025-11-04T07:45:37.699992,07:45:37,6386.63,6386.63,3
2025-11-04T07:45:49.791774,07:45:49,6424.63,6424.63,3
2025-11-04T07:46:01.818970,07:46:01,6398.32,6398.32,3
2025-11-04T07:46:13.834211,07:46:13,6331.24,6331.24,3
2025-11-04T07:46:25.855738,07:46:25,6292.16,6292.16,3
2025-11-04T07:46:38.165165,07:46:38,6302.54,6302.54,3
2025-11-04T07:46:50.459857,07:46:50,6329.79,6329.79,3
2025-11-04T07:47:02.489114,07:47:02,6441.14,6441.14,3
2025-11-04T07:47:14.445319,07:47:14,6489.68,6489.68,3
2025-11-04T07:47:26.509585,07:47:26,6486.08,6486.08,3
2025-11-04T07:47:38.446651,07:47:38,6468.27,6468.27,3
2025-11-04T07:47:50.440607,07:47:50,6428.32,6428.32,3
2025-11-04T07:48:02.366126,07:48:02,6580.29,6580.29,3
2025-11-04T07:48:14.612979,07:48:14,6584.97,6584.97,3
2025-11-04T07:48:26.595230,07:48:26,6596.8,6596.8,3
2025-11-04T07:48:38.583192,07:48:38,6567.15,6567.15,3
2025-11-04T07:48:50.530311,07:48:50,6573.0,6573.0,3
2025-11-04T07:49:02.727716,07:49:02,6567.59,6567.59,3
2025-11-04T07:49:14.663829,07:49:14,6566.68,6566.68,3
2025-11-04T07:49:26.614030,07:49:26,6574.95,6574.95,3
2025-11-04T07:49:38.734006,07:49:38,6549.91,6549.91,3
2025-11-04T07:49:50.778549,07:49:50,6553.08,6553.08,3
2025-11-04T07:50:02.745275,07:50:02,6609.18,6609.18,3
2025-11-04T07:50:14.784463,07:50:14,6650.43,6650.43,3
2025-11-04T07:50:26.758065,07:50:26,6666.24,6666.24,3
2025-11-04T07:50:38.988453,07:50:38,6711.91,6711.91,3
2025-11-04T07:50:51.230970,07:50:51,6670.17,6670.17,3
2025-11-04T07:51:03.521144,07:51:03,6664.93,6664.93,3
2025-11-04T07:51:15.494363,07:51:15,6648.51,6648.51,3
2025-11-04T07:51:27.476451,07:51:27,6636.39,6636.39,3
2025-11-04T07:51:39.470420,07:51:39,6611.18,6611.18,3
2025-11-04T07:51:51.428608,07:51:51,6603.29,6603.29,3
2025-11-04T07:52:03.394408,07:52:03,6645.05,6645.05,3
2025-11-04T07:52:15.527983,07:52:15,6697.86,6697.86,3
2025-11-04T07:52:27.487060,07:52:27,6755.89,6755.89,3
2025-11-04T07:52:39.484757,07:52:39,6744.71,6744.71,3
2025-11-04T07:52:51.545501,07:52:51,6763.11,6763.11,3
2025-11-04T07:53:03.359372,07:53:03,6743.14,6743.14,3
2025-11-04T07:53:15.648487,07:53:15,6763.2,6763.2,3
2025-11-04T07:53:27.599141,07:53:27,6774.41,6774.41,3
2025-11-04T07:53:39.585324,07:53:39,6779.78,6779.78,3
2025-11-04T07:53:51.581070,07:53:51,6845.5,6845.5,3
2025-11-04T07:54:03.667710,07:54:03,6782.88,6782.88,3
2025-11-04T07:54:15.614990,07:54:15,6745.81,6745.81,3
2025-11-04T07:54:27.604406,07:54:27,6803.66,6803.66,3
2025-11-04T07:54:39.653890,07:54:39,6829.02,6829.02,3
2025-11-04T07:54:51.649313,07:54:51,6863.46,6863.46,3
2025-11-04T07:55:03.678789,07:55:03,6852.5,6852.5,3
2025-11-04T07:55:15.626468,07:55:15,6904.12,6904.12,3
2025-11-04T07:55:27.561818,07:55:27,6891.91,6891.91,3
2025-11-04T07:55:39.615187,07:55:39,6878.1,6878.1,3
2025-11-04T07:55:51.613728,07:55:51,6878.25,6878.25,3
2025-11-04T07:56:03.602177,07:56:03,6873.01,6873.01,3
2025-11-04T07:56:15.613665,07:56:15,6870.31,6870.31,3
2025-11-04T07:56:27.649500,07:56:27,6872.79,6872.79,3
2025-11-04T07:56:39.672405,07:56:39,6875.76,6875.76,3
2025-11-04T07:56:51.616820,07:56:51,6831.98,6831.98,3
2025-11-04T07:57:03.548643,07:57:03,6851.53,6851.53,3
2025-11-04T07:57:15.572805,07:57:15,6927.77,6927.77,3
2025-11-04T07:57:27.524717,07:57:27,6947.65,6947.65,3
2025-11-04T07:57:39.504597,07:57:39,6936.26,6936.26,3
2025-11-04T07:57:51.604325,07:57:51,6910.09,6910.09,3
2025-11-04T07:58:03.599342,07:58:03,6782.1,6782.1,3
2025-11-04T07:58:15.666328,07:58:15,6770.57,6770.57,3
2025-11-04T07:58:27.732089,07:58:27,6662.64,6662.64,3
2025-11-04T07:58:39.735116,07:58:39,6659.98,6659.98,3
2025-11-04T07:58:51.677880,07:58:51,6570.9,6570.9,3
2025-11-04T07:59:03.605424,07:59:03,6505.71,6505.71,3
2025-11-04T07:59:15.564083,07:59:15,6473.04,6473.04,3
2025-11-04T07:59:27.507924,07:59:27,6447.72,6447.72,3
2025-11-04T07:59:39.585563,07:59:39,6443.11,6443.11,3
2025-11-04T07:59:51.606452,07:59:51,6475.55,6475.55,3
2025-11-04T08:00:03.867140,08:00:03,6450.86,6450.86,3
2025-11-04T08:00:16.098799,08:00:16,6406.57,6406.57,3
2025-11-04T08:00:28.517942,08:00:28,6421.41,6421.41,3
2025-11-04T08:00:40.470443,08:00:40,6364.56,6364.56,3
2025-11-04T08:00:52.443121,08:00:52,6406.35,6406.35,3
2025-11-04T08:01:04.381644,08:01:04,6444.58,6444.58,3
2025-11-04T08:01:16.474833,08:01:16,6458.36,6458.36,3
2025-11-04T08:01:28.402228,08:01:28,6476.36,6476.36,3
2025-11-04T08:01:40.437500,08:01:40,6497.42,6497.42,3
2025-11-04T08:01:52.495038,08:01:52,6472.7,6472.7,3
2025-11-04T08:02:04.730000,08:02:04,6525.81,6525.81,3
2025-11-04T08:02:16.797188,08:02:16,6532.03,6532.03,3
2025-11-04T08:02:28.842014,08:02:28,6581.13,6581.13,3
2025-11-04T08:02:40.576655,08:02:40,6539.29,6539.29,3
2025-11-04T08:02:52.530247,08:02:52,6528.46,6528.46,3
2025-11-04T08:03:04.198669,08:03:04,6499.51,6499.51,3
2025-11-04T08:03:15.863321,08:03:15,6462.03,6462.03,3
2025-11-04T08:03:27.793139,08:03:27,6449.59,6449.59,3
2025-11-04T08:03:39.872879,08:03:39,6420.64,6420.64,3
2025-11-04T08:03:51.534163,08:03:51,6422.56,6422.56,3
2025-11-04T08:04:03.187096,08:04:03,6444.57,6444.57,3
2025-11-04T08:04:15.178924,08:04:15,6444.86,6444.86,3
2025-11-04T08:04:26.924413,08:04:26,6477.73,6477.73,3
2025-11-04T08:04:38.612646,08:04:38,6549.1,6549.1,3
2025-11-04T08:04:50.286771,08:04:50,6510.57,6510.57,3
2025-11-04T08:05:02.515510,08:05:02,6531.26,6531.26,3
2025-11-04T08:05:14.495997,08:05:14,6562.71,6562.71,3
2025-11-04T08:05:26.437993,08:05:26,6546.28,6546.28,3
2025-11-04T08:05:38.565563,08:05:38,6493.17,6493.17,3
2025-11-04T08:05:50.279926,08:05:50,6509.53,6509.53,3
2025-11-04T08:06:02.238491,08:06:02,6545.64,6545.64,3
2025-11-04T08:06:14.197305,08:06:14,6605.29,6605.29,3
2025-11-04T08:06:26.188957,08:06:26,6578.62,6578.62,3
2025-11-04T08:06:38.178059,08:06:38,6553.19,6553.19,3
2025-11-04T08:06:50.192695,08:06:50,6519.52,6519.52,3
2025-11-04T08:07:02.173421,08:07:02,6436.22,6436.22,3
2025-11-04T08:07:13.926227,08:07:13,6408.41,6408.41,3
2025-11-04T08:07:25.949633,08:07:25,6524.13,6524.13,3
2025-11-04T08:07:37.928005,08:07:37,6523.11,6523.11,3
2025-11-04T08:07:50.296005,08:07:50,6542.15,6542.15,3
2025-11-04T08:08:02.254210,08:08:02,6553.54,6553.54,3
2025-11-04T08:08:13.967618,08:08:13,6591.35,6591.35,3
2025-11-04T08:08:25.939005,08:08:25,6566.84,6566.84,3
2025-11-04T08:08:38.263249,08:08:38,6629.67,6629.67,3
2025-11-04T08:08:49.925571,08:08:49,6591.05,6591.05,3
2025-11-04T08:09:01.559280,08:09:01,6557.79,6557.79,3
2025-11-04T08:09:13.555866,08:09:13,6608.54,6608.54,3
2025-11-04T08:09:25.498419,08:09:25,6573.1,6573.1,3
2025-11-04T08:09:37.476528,08:09:37,6564.65,6564.65,3
2025-11-04T08:09:49.438074,08:09:49,6540.96,6540.96,3
2025-11-04T08:10:01.471496,08:10:01,6549.25,6549.25,3
2025-11-04T08:10:13.463891,08:10:13,6540.14,6540.14,3
2025-11-04T08:10:25.404945,08:10:25,6549.54,6549.54,3
2025-11-04T08:10:37.357818,08:10:37,6529.07,6529.07,3
2025-11-04T08:10:49.354403,08:10:49,6545.21,6545.21,3
2025-11-04T08:11:01.329022,08:11:01,6430.7,6430.7,3
2025-11-04T08:11:13.364968,08:11:13,6441.89,6441.89,3
2025-11-04T08:11:25.438384,08:11:25,6389.8,6389.8,3
2025-11-04T08:11:37.434683,08:11:37,6423.76,6423.76,3
2025-11-04T08:11:49.448712,08:11:49,6382.88,6382.88,3
2025-11-04T08:12:01.437382,08:12:01,6347.84,6347.84,3
2025-11-04T08:12:13.383095,08:12:13,6219.11,6219.11,3
2025-11-04T08:12:25.441289,08:12:25,6183.0,6183.0,3
2025-11-04T08:12:37.395806,08:12:37,6168.48,6168.48,3
2025-11-04T08:12:49.393492,08:12:49,6154.95,6154.95,3
2025-11-04T08:13:01.376825,08:13:01,6168.91,6168.91,3
2025-11-04T08:13:13.321292,08:13:13,6182.41,6182.41,3
2025-11-04T08:13:25.282042,08:13:25,6139.54,6139.54,3
2025-11-04T08:13:36.976367,08:13:36,6174.54,6174.54,3
2025-11-04T08:13:48.733277,08:13:48,6173.25,6173.25,3
2025-11-04T08:14:00.739420,08:14:00,6169.54,6169.54,3
2025-11-04T08:14:12.674902,08:14:12,6180.75,6180.75,3
2025-11-04T08:14:24.688202,08:14:24,6236.54,6236.54,3
2025-11-04T08:14:36.665508,08:14:36,6268.93,6268.93,3
2025-11-04T08:14:48.414843,08:14:48,6302.25,6302.25,3
2025-11-04T08:15:00.446082,08:15:00,6284.01,6284.01,3
2025-11-04T08:15:12.423777,08:15:12,6243.3,6243.3,3
2025-11-04T08:15:24.423956,08:15:24,6211.19,6211.19,3
2025-11-04T08:15:36.592848,08:15:36,6185.49,6185.49,3
2025-11-04T08:15:48.583484,08:15:48,6176.42,6176.42,3
2025-11-04T08:16:00.820268,08:16:00,6128.06,6128.06,3
2025-11-04T08:16:12.485069,08:16:12,6095.3,6095.3,3
2025-11-04T08:16:24.511755,08:16:24,6059.97,6059.97,3
2025-11-04T08:16:36.505556,08:16:36,6102.74,6102.74,3
2025-11-04T08:16:48.468178,08:16:48,6063.49,6063.49,3
2025-11-04T08:17:00.434560,08:17:00,6069.18,6069.18,3
2025-11-04T08:17:12.397295,08:17:12,6031.88,6031.88,3
2025-11-04T08:17:24.061592,08:17:24,5998.89,5998.89,3
2025-11-04T08:17:36.298882,08:17:36,5978.65,5978.65,3
2025-11-04T08:17:48.315245,08:17:48,5906.31,5906.31,3
2025-11-04T08:18:00.293583,08:18:00,5889.97,5889.97,3
2025-11-04T08:18:12.267291,08:18:12,5937.1,5937.1,3
2025-11-04T08:18:24.558155,08:18:24,5909.56,5909.56,3
2025-11-04T08:18:36.227193,08:18:36,5914.5,5914.5,3
2025-11-04T08:18:48.469216,08:18:48,5962.82,5962.82,3
2025-11-04T08:19:00.438504,08:19:00,6017.01,6017.01,3
2025-11-04T08:19:12.370373,08:19:12,6020.86,6020.86,3
2025-11-04T08:19:24.642771,08:19:24,5965.73,5965.73,3
2025-11-04T08:19:36.603435,08:19:36,5923.76,5923.76,3
2025-11-04T08:19:48.566358,08:19:48,5898.67,5898.67,3
2025-11-04T08:20:00.521599,08:20:00,5816.11,5816.11,3
2025-11-04T08:20:12.596746,08:20:12,5869.27,5869.27,3
2025-11-04T08:20:24.581807,08:20:24,5884.54,5884.54,3
2025-11-04T08:20:36.498932,08:20:36,5873.03,5873.03,3
2025-11-04T08:20:48.543742,08:20:48,5819.9,5819.9,3
2025-11-04T08:21:00.511681,08:21:00,5848.95,5848.95,3
2025-11-04T08:21:12.457539,08:21:12,5927.81,5927.81,3
2025-11-04T08:21:24.466322,08:21:24,5841.13,5841.13,3
2025-11-04T08:21:36.467427,08:21:36,5819.43,5819.43,3
2025-11-04T08:21:48.544243,08:21:48,5819.73,5819.73,3
2025-11-04T08:22:00.568687,08:22:00,5785.47,5785.47,3
2025-11-04T08:22:12.626168,08:22:12,5765.39,5765.39,3
2025-11-04T08:22:24.615675,08:22:24,5761.3,5761.3,3
2025-11-04T08:22:36.628636,08:22:36,5801.76,5801.76,3
2025-11-04T08:22:48.598136,08:22:48,5711.91,5711.91,3
2025-11-04T08:23:00.535910,08:23:00,5749.11,5749.11,3
2025-11-04T08:23:12.513202,08:23:12,5842.47,5842.47,3
2025-11-04T08:23:24.464219,08:23:24,5841.76,5841.76,3
2025-11-04T08:23:36.538241,08:23:36,5788.02,5788.02,3
2025-11-04T08:23:48.508109,08:23:48,5810.53,5810.53,3
2025-11-04T08:24:00.523505,08:24:00,5838.72,5838.72,3
2025-11-04T08:24:12.584997,08:24:12,5772.77,5772.77,3
2025-11-04T08:24:24.603233,08:24:24,5788.47,5788.47,3
2025-11-04T08:24:36.651228,08:24:36,5804.39,5804.39,3
2025-11-04T08:24:48.647461,08:24:48,5849.91,5849.91,3
2025-11-04T08:25:00.602829,08:25:00,5865.92,5865.92,3
2025-11-04T08:25:12.580820,08:25:12,5853.37,5853.37,3
2025-11-04T08:25:24.849353,08:25:24,5814.69,5814.69,3
2025-11-04T08:25:37.133678,08:25:37,5844.41,5844.41,3
2025-11-04T08:25:49.463114,08:25:49,5843.64,5843.64,3
2025-11-04T08:26:01.487361,08:26:01,5845.39,5845.39,3
2025-11-04T08:26:13.507296,08:26:13,5843.95,5843.95,3
2025-11-04T08:26:25.528010,08:26:25,5899.69,5899.69,3
2025-11-04T08:26:37.500542,08:26:37,5872.33,5872.33,3
2025-11-04T08:26:49.638852,08:26:49,5917.52,5917.52,3
2025-11-04T08:27:01.647057,08:27:01,5904.48,5904.48,3
2025-11-04T08:27:13.660575,08:27:13,5899.77,5899.77,3
2025-11-04T08:27:25.605568,08:27:25,5820.3,5820.3,3
2025-11-04T08:27:37.612913,08:27:37,5825.83,5825.83,3
2025-11-04T08:27:49.662537,08:27:49,5812.37,5812.37,3
2025-11-04T08:28:01.723944,08:28:01,5810.37,5810.37,3
2025-11-04T08:28:13.707371,08:28:13,5818.52,5818.52,3
2025-11-04T08:28:25.689123,08:28:25,5772.7,5772.7,3
2025-11-04T08:28:37.679404,08:28:37,5767.73,5767.73,3
2025-11-04T08:28:49.878498,08:28:49,5769.76,5769.76,3
2025-11-04T08:29:01.881321,08:29:01,5790.13,5790.13,3
2025-11-04T08:29:14.249713,08:29:14,5751.49,5751.49,3
2025-11-04T08:29:26.507199,08:29:26,5751.22,5751.22,3
2025-11-04T08:29:38.610623,08:29:38,5733.49,5733.49,3
2025-11-04T08:29:50.629376,08:29:50,5711.43,5711.43,3
2025-11-04T08:30:02.851076,08:30:02,5762.02,5762.02,3
2025-11-04T08:30:15.139811,08:30:15,5927.94,5927.94,3
2025-11-04T08:30:27.391051,08:30:27,5828.97,5828.97,3
2025-11-04T08:30:39.429352,08:30:39,5832.2,5832.2,3
2025-11-04T08:30:51.378655,08:30:51,5841.66,5841.66,3
2025-11-04T08:31:03.361401,08:31:03,5802.98,5802.98,3
2025-11-04T08:31:15.369738,08:31:15,5756.63,5756.63,3
2025-11-04T08:31:27.614299,08:31:27,5749.46,5749.46,3
2025-11-04T08:31:39.537873,08:31:39,5841.28,5841.28,3
2025-11-04T08:31:51.569222,08:31:51,5873.25,5873.25,3
2025-11-04T08:32:03.547874,08:32:03,5842.4,5842.4,3
2025-11-04T08:32:15.575847,08:32:15,5857.91,5857.91,3
2025-11-04T08:32:27.329683,08:32:27,5873.06,5873.06,3
2025-11-04T08:32:39.526705,08:32:39,5804.02,5804.02,3
2025-11-04T08:32:51.507907,08:32:51,5720.48,5720.48,3
2025-11-04T08:33:03.711482,08:33:03,5702.42,5702.42,3
2025-11-04T08:33:15.754255,08:33:15,5718.72,5718.72,3
2025-11-04T08:33:27.992488,08:33:27,5688.81,5688.81,3
2025-11-04T08:33:39.618029,08:33:39,5699.06,5699.06,3
2025-11-04T08:33:51.522540,08:33:51,5692.52,5692.52,3
2025-11-04T08:34:03.442710,08:34:03,5667.88,5667.88,3
2025-11-04T08:34:15.425540,08:34:15,5702.27,5702.27,3
2025-11-04T08:34:27.649627,08:34:27,5702.66,5702.66,3
2025-11-04T08:34:39.608868,08:34:39,5733.55,5733.55,3
2025-11-04T08:34:51.239746,08:34:51,5741.77,5741.77,3
2025-11-04T08:35:03.430370,08:35:03,5722.61,5722.61,3
2025-11-04T08:35:15.646979,08:35:15,5641.89,5641.89,3
2025-11-04T08:35:27.256788,08:35:27,5518.87,5518.87,3
2025-11-04T08:35:39.511243,08:35:39,5576.27,5576.27,3
2025-11-04T08:35:51.426244,08:35:51,5568.97,5568.97,3
2025-11-04T08:36:03.450900,08:36:03,5513.63,5513.63,3
2025-11-04T08:36:15.701036,08:36:15,5378.53,5378.53,3
2025-11-04T08:36:27.854272,08:36:27,5363.91,5363.91,3
2025-11-04T08:36:39.846647,08:36:39,5362.96,5362.96,3
2025-11-04T08:36:52.129198,08:36:52,5382.82,5382.82,3
2025-11-04T08:37:04.321519,08:37:04,5310.18,5310.18,3
2025-11-04T08:37:16.254123,08:37:16,5316.64,5316.64,3
2025-11-04T08:37:28.245644,08:37:28,5343.5,5343.5,3
2025-11-04T08:37:40.440211,08:37:40,5373.65,5373.65,3
2025-11-04T08:37:52.458514,08:37:52,5390.51,5390.51,3
2025-11-04T08:38:04.441022,08:38:04,5427.9,5427.9,3
2025-11-04T08:38:16.468447,08:38:16,5495.75,5495.75,3
2025-11-04T08:38:28.630595,08:38:28,5583.86,5583.86,3
2025-11-04T08:38:40.603924,08:38:40,5639.32,5639.32,3
2025-11-04T08:38:52.504406,08:38:52,5663.76,5663.76,3
2025-11-04T08:39:04.460254,08:39:04,5692.43,5692.43,3
2025-11-04T08:39:16.375689,08:39:16,5662.12,5662.12,3
2025-11-04T08:39:28.371642,08:39:28,5675.95,5675.95,3
2025-11-04T08:39:40.642579,08:39:40,5727.99,5727.99,3
2025-11-04T08:39:52.594451,08:39:52,5721.8,5721.8,3
2025-11-04T08:40:04.515386,08:40:04,5705.1,5705.1,3
2025-11-04T08:40:16.432629,08:40:16,5720.31,5720.31,3
2025-11-04T08:40:28.414136,08:40:28,5709.54,5709.54,3
2025-11-04T08:40:40.379245,08:40:40,5685.58,5685.58,3
2025-11-04T08:40:52.272039,08:40:52,5673.37,5673.37,3
2025-11-04T08:41:04.228779,08:41:04,5741.6,5741.6,3
2025-11-04T08:41:16.317195,08:41:16,5776.96,5776.96,3
2025-11-04T08:41:28.359106,08:41:28,5774.89,5774.89,3
2025-11-04T08:41:40.328822,08:41:40,5827.48,5827.48,3
2025-11-04T08:41:52.605675,08:41:52,5894.54,5894.54,3
2025-11-04T08:42:04.541750,08:42:04,5929.34,5929.34,3
2025-11-04T08:42:16.485105,08:42:16,6029.24,6029.24,3
2025-11-04T08:42:28.428039,08:42:28,6013.02,6013.02,3
2025-11-04T08:42:40.417065,08:42:40,6041.34,6041.34,3
2025-11-04T08:42:52.342219,08:42:52,6072.38,6072.38,3
2025-11-04T08:43:04.493466,08:43:04,6077.25,6077.25,3
2025-11-04T08:43:16.476672,08:43:16,6277.15,6277.15,3
2025-11-04T08:43:28.382497,08:43:28,6240.59,6240.59,3
2025-11-04T08:43:40.385805,08:43:40,6278.21,6278.21,3
2025-11-04T08:43:52.312932,08:43:52,6288.32,6288.32,3
2025-11-04T08:44:04.589517,08:44:04,6307.01,6307.01,3
2025-11-04T08:44:16.501223,08:44:16,6238.06,6238.06,3
2025-11-04T08:44:28.425436,08:44:28,6319.32,6319.32,3
2025-11-04T08:44:40.399358,08:44:40,6317.3,6317.3,3
2025-11-04T08:44:52.638853,08:44:52,6371.52,6371.52,3
2025-11-04T08:45:04.555766,08:45:04,6475.04,6475.04,3
2025-11-04T08:45:16.516073,08:45:16,6461.88,6461.88,3
2025-11-04T08:45:28.563513,08:45:28,6444.29,6444.29,3
2025-11-04T08:45:40.530083,08:45:40,6497.74,6497.74,3
2025-11-04T08:45:52.459113,08:45:52,6499.39,6499.39,3
2025-11-04T08:46:04.562830,08:46:04,6427.85,6427.85,3
2025-11-04T08:46:16.516452,08:46:16,6405.28,6405.28,3
2025-11-04T08:46:28.431706,08:46:28,6484.95,6484.95,3
2025-11-04T08:46:40.371708,08:46:40,6400.14,6400.14,3
2025-11-04T08:46:52.362567,08:46:52,6384.19,6384.19,3
2025-11-04T08:47:04.340439,08:47:04,6310.59,6310.59,3
2025-11-04T08:47:16.322284,08:47:16,6389.5,6389.5,3
2025-11-04T08:47:28.247987,08:47:28,6361.34,6361.34,3
2025-11-04T08:47:40.512012,08:47:40,6467.82,6467.82,3
2025-11-04T08:47:52.445404,08:47:52,6497.65,6497.65,3
2025-11-04T08:48:04.444893,08:48:04,6489.94,6489.94,3
2025-11-04T08:48:16.543195,08:48:16,6563.09,6563.09,3
2025-11-04T08:48:28.463082,08:48:28,6589.46,6589.46,3
2025-11-04T08:48:40.378176,08:48:40,6548.03,6548.03,3
2025-11-04T08:48:52.595479,08:48:52,6532.13,6532.13,3
2025-11-04T08:49:04.579388,08:49:04,6454.38,6454.38,3
2025-11-04T08:49:16.528215,08:49:16,6427.82,6427.82,3
2025-11-04T08:49:28.460642,08:49:28,6414.58,6414.58,3
2025-11-04T08:49:40.640257,08:49:40,6382.91,6382.91,3
2025-11-04T08:49:52.615617,08:49:52,6404.61,6404.61,3
2025-11-04T08:50:04.543190,08:50:04,6422.76,6422.76,3
2025-11-04T08:50:16.488494,08:50:16,6441.24,6441.24,3
2025-11-04T08:50:28.385666,08:50:28,6415.36,6415.36,3
2025-11-04T08:50:40.302920,08:50:40,6442.99,6442.99,3
2025-11-04T08:50:52.614552,08:50:52,6443.8,6443.8,3
2025-11-04T08:51:04.528917,08:51:04,6336.93,6336.93,3
2025-11-04T08:51:16.569961,08:51:16,6304.02,6304.02,3
2025-11-04T08:51:28.594952,08:51:28,6313.71,6313.71,3
2025-11-04T08:51:40.557726,08:51:40,6305.93,6305.93,3
2025-11-04T08:51:52.535961,08:51:52,6258.7,6258.7,3
2025-11-04T08:52:04.648400,08:52:04,6276.06,6276.06,3
2025-11-04T08:52:16.572986,08:52:16,6357.09,6357.09,3
2025-11-04T08:52:28.237863,08:52:28,6390.3,6390.3,3
2025-11-04T08:52:40.499683,08:52:40,6340.41,6340.41,3
2025-11-04T08:52:52.429451,08:52:52,6355.95,6355.95,3
2025-11-04T08:53:04.102301,08:53:04,6400.49,6400.49,3
2025-11-04T08:53:16.382983,08:53:16,6436.4,6436.4,3
2025-11-04T08:53:28.400106,08:53:28,6457.69,6457.69,3
2025-11-04T08:53:40.619691,08:53:40,6420.72,6420.72,3
2025-11-04T08:53:52.576019,08:53:52,6451.56,6451.56,3
2025-11-04T08:54:04.606168,08:54:04,6474.05,6474.05,3
2025-11-04T08:54:16.230453,08:54:16,6477.85,6477.85,3
2025-11-04T08:54:28.470829,08:54:28,6457.44,6457.44,3
2025-11-04T08:54:40.431055,08:54:40,6413.28,6413.28,3
2025-11-04T08:54:52.333668,08:54:52,6372.55,6372.55,3
2025-11-04T08:55:04.624632,08:55:04,6411.93,6411.93,3
2025-11-04T08:55:16.829950,08:55:16,6482.99,6482.99,3
2025-11-04T08:55:28.439759,08:55:28,6469.68,6469.68,3
2025-11-04T08:55:40.349629,08:55:40,6571.03,6571.03,3
2025-11-04T08:55:52.548511,08:55:52,6570.18,6570.18,3
2025-11-04T08:56:04.191089,08:56:04,6573.41,6573.41,3
2025-11-04T08:56:16.443856,08:56:16,6596.85,6596.85,3
2025-11-04T08:56:28.402074,08:56:28,6513.53,6513.53,3
2025-11-04T08:56:40.021364,08:56:40,6497.0,6497.0,3
2025-11-04T08:56:52.260922,08:56:52,6498.76,6498.76,3
2025-11-04T08:57:04.480118,08:57:04,6516.78,6516.78,3
2025-11-04T08:57:16.407990,08:57:16,6555.45,6555.45,3
2025-11-04T08:57:28.374626,08:57:28,6561.25,6561.25,3
2025-11-04T08:57:40.418970,08:57:40,6625.12,6625.12,3
2025-11-04T08:57:52.303520,08:57:52,6641.07,6641.07,3
2025-11-04T08:58:04.623824,08:58:04,6659.06,6659.06,3
2025-11-04T08:58:16.552035,08:58:16,6625.41,6625.41,3
2025-11-04T08:58:28.449673,08:58:28,6659.83,6659.83,3
2025-11-04T08:58:40.440698,08:58:40,6632.43,6632.43,3
2025-11-04T08:58:52.594814,08:58:52,6619.52,6619.52,3
2025-11-04T08:59:04.196965,08:59:04,6638.37,6638.37,3
2025-11-04T08:59:16.421483,08:59:16,6635.26,6635.26,3
2025-11-04T08:59:28.358956,08:59:28,6639.66,6639.66,3
2025-11-04T08:59:40.640782,08:59:40,6621.26,6621.26,3
2025-11-04T08:59:52.561571,08:59:52,6610.75,6610.75,3
2025-11-04T09:00:04.485950,09:00:04,6631.97,6631.97,3
2025-11-04T09:00:16.544438,09:00:16,6599.91,6599.91,3
2025-11-04T09:00:28.505901,09:00:28,6596.24,6596.24,3
2025-11-04T09:00:40.451991,09:00:40,6549.62,6549.62,3
2025-11-04T09:00:52.449930,09:00:52,6542.6,6542.6,3
2025-11-04T09:01:04.483574,09:01:04,6519.75,6519.75,3
2025-11-04T09:01:16.487075,09:01:16,6483.45,6483.45,3
2025-11-04T09:01:28.466890,09:01:28,6450.59,6450.59,3
2025-11-04T09:01:40.483360,09:01:40,6425.78,6425.78,3
2025-11-04T09:01:52.402234,09:01:52,6447.5,6447.5,3
2025-11-04T09:02:04.097429,09:02:04,6419.96,6419.96,3
2025-11-04T09:02:16.089422,09:02:16,6484.61,6484.61,3
2025-11-04T09:02:28.332724,09:02:28,6447.44,6447.44,3
2025-11-04T09:02:40.244555,09:02:40,6454.35,6454.35,3
2025-11-04T09:02:52.456225,09:02:52,6454.55,6454.55,3
2025-11-04T09:03:04.426557,09:03:04,6496.12,6496.12,3
2025-11-04T09:03:16.606622,09:03:16,6650.89,6650.89,3
2025-11-04T09:03:28.574113,09:03:28,6588.34,6588.34,3
2025-11-04T09:03:40.579191,09:03:40,6611.85,6611.85,3
2025-11-04T09:03:52.537935,09:03:52,6689.06,6689.06,3
2025-11-04T09:04:04.502625,09:04:04,6720.98,6720.98,3
2025-11-04T09:04:16.427283,09:04:16,6748.33,6748.33,3
2025-11-04T09:04:28.434824,09:04:28,6762.88,6762.88,3
2025-11-04T09:04:40.625508,09:04:40,6846.99,6846.99,3
2025-11-04T09:04:52.572259,09:04:52,6842.69,6842.69,3
2025-11-04T09:05:04.541589,09:05:04,6829.09,6829.09,3
2025-11-04T09:05:16.567147,09:05:16,6894.18,6894.18,3
2025-11-04T09:05:28.559325,09:05:28,6853.06,6853.06,3
2025-11-04T09:05:40.596503,09:05:40,6854.62,6854.62,3
2025-11-04T09:05:52.516503,09:05:52,6840.01,6840.01,3
2025-11-04T09:06:04.515034,09:06:04,6786.38,6786.38,3
2025-11-04T09:06:16.566933,09:06:16,6721.5,6721.5,3
2025-11-04T09:06:28.583227,09:06:28,6639.41,6639.41,3
2025-11-04T09:06:40.553457,09:06:40,6648.72,6648.72,3
2025-11-04T09:06:52.535570,09:06:52,6657.74,6657.74,3
2025-11-04T09:07:04.786719,09:07:04,6720.5,6720.5,3
2025-11-04T09:07:16.773246,09:07:16,6754.83,6754.83,3
2025-11-04T09:07:29.145570,09:07:29,6801.98,6801.98,3
2025-11-04T09:07:41.350488,09:07:41,6812.3,6812.3,3
2025-11-04T09:07:53.662033,09:07:53,6871.1,6871.1,3
2025-11-04T09:08:05.553391,09:08:05,6888.63,6888.63,3
2025-11-04T09:08:17.845081,09:08:17,6881.41,6881.41,3
2025-11-04T09:08:30.137099,09:08:30,6885.36,6885.36,3
2025-11-04T09:08:42.373222,09:08:42,6881.97,6881.97,3
2025-11-04T09:08:54.578600,09:08:54,6803.46,6803.46,3
2025-11-04T09:09:06.522919,09:09:06,6766.87,6766.87,3
2025-11-04T09:09:18.441180,09:09:18,6749.03,6749.03,3
2025-11-04T09:09:30.393895,09:09:30,6767.07,6767.07,3
2025-11-04T09:09:42.639699,09:09:42,6780.13,6780.13,3
2025-11-04T09:09:54.894597,09:09:54,6730.06,6730.06,3
2025-11-04T09:10:07.087810,09:10:07,6728.25,6728.25,3
2025-11-04T09:10:19.295204,09:10:19,6768.7,6768.7,3
2025-11-04T09:10:31.555926,09:10:31,6740.0,6740.0,3
2025-11-04T09:10:43.504131,09:10:43,6711.82,6711.82,3
2025-11-04T09:10:55.422803,09:10:55,6707.08,6707.08,3
2025-11-04T09:11:07.365004,09:11:07,6789.77,6789.77,3
2025-11-04T09:11:19.371398,09:11:19,6807.63,6807.63,3
2025-11-04T09:11:32.234268,09:11:32,6809.54,6809.54,3
2025-11-04T09:11:44.430633,09:11:44,6809.36,6809.36,3
2025-11-04T09:11:56.456158,09:11:56,6818.08,6818.08,3
2025-11-04T09:12:08.404701,09:12:08,6808.84,6808.84,3
2025-11-04T09:12:20.412315,09:12:20,6796.99,6796.99,3
2025-11-04T09:12:33.179926,09:12:33,6821.36,6821.36,3
2025-11-04T09:12:45.424904,09:12:45,6821.02,6821.02,3
2025-11-04T09:12:57.655764,09:12:57,6815.53,6815.53,3
2025-11-04T09:13:09.571134,09:13:09,6822.54,6822.54,3
2025-11-04T09:13:21.584556,09:13:21,6822.41,6822.41,3
2025-11-04T09:13:33.534817,09:13:33,6808.29,6808.29,3
2025-11-04T09:13:45.633719,09:13:45,6776.14,6776.14,3
2025-11-04T09:13:57.566618,09:13:57,6917.96,6917.96,3
2025-11-04T09:14:09.543912,09:14:09,6878.92,6878.92,3
2025-11-04T09:14:21.500836,09:14:21,6863.11,6863.11,3
2025-11-04T09:14:33.533497,09:14:33,6867.84,6867.84,3
2025-11-04T09:14:45.499886,09:14:45,6868.59,6868.59,3
2025-11-04T09:14:57.494221,09:14:57,6868.89,6868.89,3
2025-11-04T09:15:09.551945,09:15:09,6802.42,6802.42,3
2025-11-04T09:15:21.733094,09:15:21,6761.7,6761.7,3
2025-11-04T09:15:33.734001,09:15:33,6764.61,6764.61,3
2025-11-04T09:15:45.768497,09:15:45,6783.75,6783.75,3
2025-11-04T09:15:57.702808,09:15:57,6735.2,6735.2,3
2025-11-04T09:16:09.661122,09:16:09,6680.01,6680.01,3
2025-11-04T09:16:21.645506,09:16:21,6666.39,6666.39,3
2025-11-04T09:16:33.717341,09:16:33,6639.43,6639.43,3
2025-11-04T09:16:45.630049,09:16:45,6672.61,6672.61,3
2025-11-04T09:16:57.555501,09:16:57,6659.87,6659.87,3
2025-11-04T09:17:09.498776,09:17:09,6678.74,6678.74,3
2025-11-04T09:17:21.431754,09:17:21,6725.38,6725.38,3
2025-11-04T09:17:33.708717,09:17:33,6729.68,6729.68,3
2025-11-04T09:17:45.631673,09:17:45,6700.35,6700.35,3
2025-11-04T09:17:57.634993,09:17:57,6700.03,6700.03,3
2025-11-04T09:18:09.600565,09:18:09,6709.75,6709.75,3
2025-11-04T09:18:21.540753,09:18:21,6686.04,6686.04,3
2025-11-04T09:18:33.479571,09:18:33,6616.09,6616.09,3
2025-11-04T09:18:45.478350,09:18:45,6650.33,6650.33,3
2025-11-04T09:18:57.406744,09:18:57,6595.34,6595.34,3
2025-11-04T09:19:09.370413,09:19:09,6620.47,6620.47,3
2025-11-04T09:19:21.618793,09:19:21,6600.36,6600.36,3
2025-11-04T09:19:33.557561,09:19:33,6599.38,6599.38,3
2025-11-04T09:19:45.594955,09:19:45,6614.8,6614.8,3
2025-11-04T09:19:57.619447,09:19:57,6618.72,6618.72,3
2025-11-04T09:20:09.625202,09:20:09,6666.93,6666.93,3
2025-11-04T09:20:21.566741,09:20:21,6653.55,6653.55,3
2025-11-04T09:20:33.561162,09:20:33,6661.74,6661.74,3
2025-11-04T09:20:45.508080,09:20:45,6704.44,6704.44,3
2025-11-04T09:20:57.556265,09:20:57,6726.97,6726.97,3
2025-11-04T09:21:09.445103,09:21:09,6727.11,6727.11,3
2025-11-04T09:21:21.437830,09:21:21,6762.85,6762.85,3
2025-11-04T09:21:33.368598,09:21:33,6756.08,6756.08,3
2025-11-04T09:21:45.566356,09:21:45,6716.8,6716.8,3
2025-11-04T09:21:57.512015,09:21:57,6714.19,6714.19,3
2025-11-04T09:22:09.437333,09:22:09,6672.94,6672.94,3
2025-11-04T09:22:21.412689,09:22:21,6650.41,6650.41,3
2025-11-04T09:22:33.636785,09:22:33,6730.39,6730.39,3
2025-11-04T09:22:45.641120,09:22:45,6702.03,6702.03,3
2025-11-04T09:22:57.606466,09:22:57,6649.58,6649.58,3
2025-11-04T09:23:09.595190,09:23:09,6636.93,6636.93,3
2025-11-04T09:23:21.512986,09:23:21,6616.59,6616.59,3
2025-11-04T09:23:33.505459,09:23:33,6631.52,6631.52,3
2025-11-04T09:23:45.427294,09:23:45,6765.41,6765.41,3
2025-11-04T09:23:57.610380,09:23:57,6766.44,6766.44,3
2025-11-04T09:24:09.618548,09:24:09,6751.88,6751.88,3
2025-11-04T09:24:21.537596,09:24:21,6782.56,6782.56,3
2025-11-04T09:24:33.440296,09:24:33,6822.19,6822.19,3
2025-11-04T09:24:45.687438,09:24:45,6826.97,6826.97,3
2025-11-04T09:24:57.701101,09:24:57,6827.84,6827.84,3
2025-11-04T09:25:09.660171,09:25:09,6827.98,6827.98,3
2025-11-04T09:25:21.656492,09:25:21,6836.28,6836.28,3
2025-11-04T09:25:33.611944,09:25:33,6833.82,6833.82,3
2025-11-04T09:25:45.560019,09:25:45,6834.24,6834.24,3
2025-11-04T09:25:57.612519,09:25:57,6846.98,6846.98,3
2025-11-04T09:26:09.581415,09:26:09,6815.04,6815.04,3
2025-11-04T09:26:21.471431,09:26:21,6824.35,6824.35,3
2025-11-04T09:26:33.568476,09:26:33,6828.99,6828.99,3
2025-11-04T09:26:45.595136,09:26:45,6830.43,6830.43,3
2025-11-04T09:26:57.576769,09:26:57,6805.29,6805.29,3
2025-11-04T09:27:09.206156,09:27:09,6789.95,6789.95,3
2025-11-04T09:27:21.440662,09:27:21,6823.46,6823.46,3
2025-11-04T09:27:33.580089,09:27:33,6890.03,6890.03,3
2025-11-04T09:27:45.481595,09:27:45,6883.78,6883.78,3
2025-11-04T09:27:57.602118,09:27:57,6872.63,6872.63,3
2025-11-04T09:28:09.535892,09:28:09,6849.06,6849.06,3
2025-11-04T09:28:21.456206,09:28:21,6902.17,6902.17,3
2025-11-04T09:28:33.614658,09:28:33,6865.99,6865.99,3
2025-11-04T09:28:45.206453,09:28:45,6863.97,6863.97,3
2025-11-04T09:28:57.100272,09:28:57,6830.19,6830.19,3
2025-11-04T09:29:08.974519,09:29:08,6834.02,6834.02,3
2025-11-04T09:29:20.905058,09:29:20,6817.5,6817.5,3
2025-11-04T09:29:33.366709,09:29:33,6810.59,6810.59,3
2025-11-04T09:29:45.235473,09:29:45,6782.69,6782.69,3
2025-11-04T09:29:57.410672,09:29:57,6751.04,6751.04,3
2025-11-04T09:30:09.645789,09:30:09,6838.53,6838.53,3
2025-11-04T09:30:21.512270,09:30:21,6803.82,6803.82,3
2025-11-04T09:30:33.398142,09:30:33,6845.24,6845.24,3
2025-11-04T09:30:45.318744,09:30:45,6874.08,6874.08,3
2025-11-04T09:30:57.220333,09:30:57,6852.75,6852.75,3
2025-11-04T09:31:09.501713,09:31:09,6830.46,6830.46,3
2025-11-04T09:31:21.462902,09:31:21,6800.3,6800.3,3
2025-11-04T09:31:33.343550,09:31:33,6816.82,6816.82,3
2025-11-04T09:31:45.574973,09:31:45,6883.76,6883.76,3
2025-11-04T09:31:57.484906,09:31:57,6879.84,6879.84,3
2025-11-04T09:32:09.629912,09:32:09,6935.43,6935.43,3
2025-11-04T09:32:21.492104,09:32:21,6938.37,6938.37,3
2025-11-04T09:32:33.210117,09:32:33,6884.58,6884.58,3
2025-11-04T09:32:44.846275,09:32:44,6824.83,6824.83,3
2025-11-04T09:32:56.865335,09:32:56,6759.56,6759.56,3
2025-11-04T09:33:08.774564,09:33:08,6740.31,6740.31,3
2025-11-04T09:33:20.709509,09:33:20,6765.83,6765.83,3
2025-11-04T09:33:32.622832,09:33:32,6767.67,6767.67,3
2025-11-04T09:33:44.533139,09:33:44,6871.95,6871.95,3
2025-11-04T09:33:56.432415,09:33:56,6863.7,6863.7,3
2025-11-04T09:34:08.374451,09:34:08,6887.54,6887.54,3
2025-11-04T09:34:20.594299,09:34:20,6932.57,6932.57,3
2025-11-04T09:34:32.466466,09:34:32,6918.19,6918.19,3
2025-11-04T09:34:44.633964,09:34:44,6926.22,6926.22,3
2025-11-04T09:34:56.545874,09:34:56,6935.05,6935.05,3
2025-11-04T09:35:08.436870,09:35:08,6967.01,6967.01,3
2025-11-04T09:35:20.368000,09:35:20,6958.24,6958.24,3
2025-11-04T09:35:32.048792,09:35:32,6951.17,6951.17,3
2025-11-04T09:35:44.313957,09:35:44,6928.15,6928.15,3
2025-11-04T09:35:56.527693,09:35:56,6919.04,6919.04,3
2025-11-04T09:36:08.394057,09:36:08,6825.66,6825.66,3
2025-11-04T09:36:20.380884,09:36:20,6726.99,6726.99,3
2025-11-04T09:36:32.257791,09:36:32,6735.03,6735.03,3
2025-11-04T09:36:44.165402,09:36:44,6737.83,6737.83,3
2025-11-04T09:36:56.325174,09:36:56,6733.65,6733.65,3
2025-11-04T09:37:08.490006,09:37:08,6705.28,6705.28,3
2025-11-04T09:37:20.454403,09:37:20,6755.3,6755.3,3
2025-11-04T09:37:32.700426,09:37:32,6743.74,6743.74,3
2025-11-04T09:37:44.630208,09:37:44,6706.31,6706.31,3
2025-11-04T09:37:56.554571,09:37:56,6686.29,6686.29,3
2025-11-04T09:38:08.408452,09:38:08,6656.88,6656.88,3
2025-11-04T09:38:19.987380,09:38:19,6684.35,6684.35,3
2025-11-04T09:38:32.449607,09:38:32,6702.2,6702.2,3
2025-11-04T09:38:44.318074,09:38:44,6779.8,6779.8,3
2025-11-04T09:38:56.256331,09:38:56,6770.9,6770.9,3
2025-11-04T09:39:08.481776,09:39:08,6751.32,6751.32,3
2025-11-04T09:39:20.432081,09:39:20,6709.8,6709.8,3
2025-11-04T09:39:32.303577,09:39:32,6680.03,6680.03,3
2025-11-04T09:39:44.552489,09:39:44,6706.1,6706.1,3
2025-11-04T09:39:57.648894,09:39:57,6728.86,6728.86,3
2025-11-04T09:40:09.540226,09:40:09,6777.61,6777.61,3
2025-11-04T09:40:21.457263,09:40:21,6823.57,6823.57,3
2025-11-04T09:40:33.403051,09:40:33,6840.44,6840.44,3
2025-11-04T09:40:45.327772,09:40:45,6832.49,6832.49,3
2025-11-04T09:40:57.585149,09:40:57,6835.94,6835.94,3
2025-11-04T09:41:09.542435,09:41:09,6850.5,6850.5,3
2025-11-04T09:41:21.435826,09:41:21,6863.74,6863.74,3
2025-11-04T09:41:33.313547,09:41:33,6841.46,6841.46,3
2025-11-04T09:41:45.589066,09:41:45,6853.16,6853.16,3
2025-11-04T09:41:57.550029,09:41:57,6843.53,6843.53,3
2025-11-04T09:42:09.668014,09:42:09,6816.32,6816.32,3
2025-11-04T09:42:21.586066,09:42:21,6735.7,6735.7,3
2025-11-04T09:42:33.217539,09:42:33,6722.9,6722.9,3
2025-11-04T09:42:45.171458,09:42:45,6742.74,6742.74,3
2025-11-04T09:42:57.421925,09:42:57,6732.1,6732.1,3
2025-11-04T09:43:09.370200,09:43:09,6734.03,6734.03,3
2025-11-04T09:43:21.223638,09:43:21,6657.9,6657.9,3
2025-11-04T09:43:33.398007,09:43:33,6676.79,6676.79,3
2025-11-04T09:43:45.327962,09:43:45,6685.04,6685.04,3
2025-11-04T09:43:57.494221,09:43:57,6681.71,6681.71,3
2025-11-04T09:44:09.391218,09:44:09,6745.23,6745.23,3
2025-11-04T09:44:21.584530,09:44:21,6773.8,6773.8,3
2025-11-04T09:44:33.749501,09:44:33,6759.56,6759.56,3
2025-11-04T09:44:45.290323,09:44:45,6794.69,6794.69,3
2025-11-04T09:44:57.441990,09:44:57,6802.0,6802.0,3
2025-11-04T09:45:09.648323,09:45:09,6805.59,6805.59,3
2025-11-04T09:45:21.548946,09:45:21,6725.21,6725.21,3
2025-11-04T09:45:33.394845,09:45:33,6700.05,6700.05,3
2025-11-04T09:45:45.568505,09:45:45,6701.66,6701.66,3
2025-11-04T09:45:57.471021,09:45:57,6623.55,6623.55,3
2025-11-04T09:46:09.399784,09:46:09,6585.28,6585.28,3
2025-11-04T09:46:21.240135,09:46:21,6648.16,6648.16,3
2025-11-04T09:46:33.463345,09:46:33,6632.27,6632.27,3
2025-11-04T09:46:45.616622,09:46:45,6529.2,6529.2,3
2025-11-04T09:46:57.195129,09:46:57,6563.09,6563.09,3
2025-11-04T09:47:08.823217,09:47:08,6543.79,6543.79,3
2025-11-04T09:47:20.438719,09:47:20,6548.92,6548.92,3
2025-11-04T09:47:32.655305,09:47:32,6621.8,6621.8,3
2025-11-04T09:47:44.627325,09:47:44,6674.43,6674.43,3
2025-11-04T09:47:56.514632,09:47:56,6648.57,6648.57,3
2025-11-04T09:48:08.382117,09:48:08,6666.14,6666.14,3
2025-11-04T09:48:20.610417,09:48:20,6684.05,6684.05,3
2025-11-04T09:48:32.593189,09:48:32,6649.25,6649.25,3
2025-11-04T09:48:44.208752,09:48:44,6645.58,6645.58,3
2025-11-04T09:48:56.104403,09:48:56,6628.25,6628.25,3
2025-11-04T09:49:08.324240,09:49:08,6588.35,6588.35,3
2025-11-04T09:49:20.179839,09:49:20,6643.88,6643.88,3
2025-11-04T09:49:32.331931,09:49:32,6656.23,6656.23,3
2025-11-04T09:49:44.514269,09:49:44,6674.34,6674.34,3
2025-11-04T09:49:56.419410,09:49:56,6689.33,6689.33,3
2025-11-04T09:50:07.997268,09:50:07,6712.8,6712.8,3
2025-11-04T09:50:19.860376,09:50:19,6697.25,6697.25,3
2025-11-04T09:50:32.209646,09:50:32,6689.89,6689.89,3
2025-11-04T09:50:44.460622,09:50:44,6676.5,6676.5,3
2025-11-04T09:50:56.673748,09:50:56,6605.44,6605.44,3
2025-11-04T09:51:08.597410,09:51:08,6579.99,6579.99,3
2025-11-04T09:51:20.519294,09:51:20,6584.67,6584.67,3
2025-11-04T09:51:32.445081,09:51:32,6619.55,6619.55,3
2025-11-04T09:51:44.523217,09:51:44,6636.84,6636.84,3
2025-11-04T09:51:56.606825,09:51:56,6613.78,6613.78,3
2025-11-04T09:52:08.539956,09:52:08,6598.52,6598.52,3
2025-11-04T09:52:20.514710,09:52:20,6637.81,6637.81,3
2025-11-04T09:52:32.494762,09:52:32,6669.9,6669.9,3
2025-11-04T09:52:44.372484,09:52:44,6776.62,6776.62,3
2025-11-04T09:52:56.489986,09:52:56,6775.71,6775.71,3
2025-11-04T09:53:08.354881,09:53:08,6751.53,6751.53,3
2025-11-04T09:53:20.266596,09:53:20,6708.71,6708.71,3
2025-11-04T09:53:32.136331,09:53:32,6724.58,6724.58,3
2025-11-04T09:53:44.056021,09:53:44,6714.13,6714.13,3
2025-11-04T09:53:56.301431,09:53:56,6699.54,6699.54,3
2025-11-04T09:54:08.452185,09:54:08,6637.66,6637.66,3
2025-11-04T09:54:20.655045,09:54:20,6626.15,6626.15,3
2025-11-04T09:54:32.528423,09:54:32,6593.43,6593.43,3
2025-11-04T09:54:44.415286,09:54:44,6550.11,6550.11,3
2025-11-04T09:54:56.638224,09:54:56,6543.78,6543.78,3
2025-11-04T09:55:08.513056,09:55:08,6544.44,6544.44,3
2025-11-04T09:55:20.457809,09:55:20,6525.16,6525.16,3
2025-11-04T09:55:32.617413,09:55:32,6528.97,6528.97,3
2025-11-04T09:55:44.191329,09:55:44,6525.61,6525.61,3
2025-11-04T09:55:56.467007,09:55:56,6523.74,6523.74,3
2025-11-04T09:56:08.303861,09:56:08,6484.55,6484.55,3
2025-11-04T09:56:20.458326,09:56:20,6550.24,6550.24,3
2025-11-04T09:56:32.605201,09:56:32,6585.87,6585.87,3
2025-11-04T09:56:44.526515,09:56:44,6566.37,6566.37,3
2025-11-04T09:56:56.414137,09:56:56,6523.67,6523.67,3
2025-11-04T09:57:08.089323,09:57:08,6498.01,6498.01,3
2025-11-04T09:57:19.704370,09:57:19,6541.31,6541.31,3
2025-11-04T09:57:31.539403,09:57:31,6592.56,6592.56,3
2025-11-04T09:57:43.424554,09:57:43,6535.27,6535.27,3
2025-11-04T09:57:55.365055,09:57:55,6539.78,6539.78,3
2025-11-04T09:58:07.511830,09:58:07,6534.58,6534.58,3
2025-11-04T09:58:19.527592,09:58:19,6510.67,6510.67,3
2025-11-04T09:58:31.420886,09:58:31,6511.42,6511.42,3
2025-11-04T09:58:43.293790,09:58:43,6517.51,6517.51,3
2025-11-04T09:58:55.511255,09:58:55,6508.96,6508.96,3
2025-11-04T09:59:07.435905,09:59:07,6539.1,6539.1,3
2025-11-04T09:59:19.334483,09:59:19,6509.06,6509.06,3
2025-11-04T09:59:31.604223,09:59:31,6525.61,6525.61,3
2025-11-04T09:59:43.456862,09:59:43,6529.83,6529.83,3
2025-11-04T09:59:55.602458,09:59:55,6489.42,6489.42,3
2025-11-04T10:00:07.463619,10:00:07,6529.17,6529.17,3
2025-11-04T10:00:19.035344,10:00:19,6515.37,6515.37,3
2025-11-04T10:00:31.291373,10:00:31,6602.87,6602.87,3
2025-11-04T10:00:43.552297,10:00:43,6552.47,6552.47,3
2025-11-04T10:00:55.414657,10:00:55,6529.27,6529.27,3
2025-11-04T10:01:07.270812,10:01:07,6500.05,6500.05,3
2025-11-04T10:01:19.451901,10:01:19,6461.4,6461.4,3
2025-11-04T10:01:31.682865,10:01:31,6460.33,6460.33,3
2025-11-04T10:01:43.565599,10:01:43,6521.55,6521.55,3
2025-11-04T10:01:55.552047,10:01:55,6585.12,6585.12,3
2025-11-04T10:02:07.457482,10:02:07,6547.64,6547.64,3
2025-11-04T10:02:19.316880,10:02:19,6535.19,6535.19,3
2025-11-04T10:02:31.539359,10:02:31,6535.46,6535.46,3
2025-11-04T10:02:43.393938,10:02:43,6549.19,6549.19,3
2025-11-04T10:02:55.554718,10:02:55,6546.67,6546.67,3
2025-11-04T10:03:07.412587,10:03:07,6616.59,6616.59,3
2025-11-04T10:03:19.592200,10:03:19,6647.75,6647.75,3
2025-11-04T10:03:31.594846,10:03:31,6602.65,6602.65,3
2025-11-04T10:03:43.500362,10:03:43,6594.81,6594.81,3
2025-11-04T10:03:55.634197,10:03:55,6554.06,6554.06,3
2025-11-04T10:04:07.481809,10:04:07,6553.57,6553.57,3
2025-11-04T10:04:19.394245,10:04:19,6543.72,6543.72,3
2025-11-04T10:04:31.294805,10:04:31,6547.33,6547.33,3
2025-11-04T10:04:43.221087,10:04:43,6535.75,6535.75,3
2025-11-04T10:04:55.087372,10:04:55,6555.8,6555.8,3
2025-11-04T10:05:07.297251,10:05:07,6529.68,6529.68,3
2025-11-04T10:05:19.234278,10:05:19,6562.73,6562.73,3
2025-11-04T10:05:31.372567,10:05:31,6572.77,6572.77,3
2025-11-04T10:05:43.271482,10:05:43,6507.07,6507.07,3
2025-11-04T10:05:54.879739,10:05:54,6436.98,6436.98,3
2025-11-04T10:06:06.848961,10:06:06,6379.37,6379.37,3
2025-11-04T10:06:18.763404,10:06:18,6354.98,6354.98,3
2025-11-04T10:06:30.603887,10:06:30,6289.13,6289.13,3
2025-11-04T10:06:42.502461,10:06:42,6297.32,6297.32,3
2025-11-04T10:06:54.719900,10:06:54,6383.83,6383.83,3
2025-11-04T10:07:06.277679,10:07:06,6419.94,6419.94,3
2025-11-04T10:07:18.281152,10:07:18,6335.05,6335.05,3
2025-11-04T10:07:30.145529,10:07:30,6377.25,6377.25,3
2025-11-04T10:07:41.761989,10:07:41,6380.54,6380.54,3
2025-11-04T10:07:53.619890,10:07:53,6385.42,6385.42,3
2025-11-04T10:08:05.551811,10:08:05,6384.95,6384.95,3
2025-11-04T10:08:17.393671,10:08:17,6459.47,6459.47,3
2025-11-04T10:08:29.612654,10:08:29,6461.55,6461.55,3
2025-11-04T10:08:41.555383,10:08:41,6442.64,6442.64,3
2025-11-04T10:08:53.452427,10:08:53,6425.15,6425.15,3
2025-11-04T10:09:05.301447,10:09:05,6349.58,6349.58,3
2025-11-04T10:09:17.461389,10:09:17,6378.6,6378.6,3
2025-11-04T10:09:29.311166,10:09:29,6413.32,6413.32,3
2025-11-04T10:09:41.199048,10:09:41,6379.5,6379.5,3
2025-11-04T10:09:52.849447,10:09:52,6491.3,6491.3,3
2025-11-04T10:10:04.839084,10:10:04,6539.17,6539.17,3
2025-11-04T10:10:16.882038,10:10:16,6551.94,6551.94,3
2025-11-04T10:10:28.778604,10:10:28,6551.16,6551.16,3
2025-11-04T10:10:40.437602,10:10:40,6510.94,6510.94,3
2025-11-04T10:10:52.576015,10:10:52,6451.94,6451.94,3
2025-11-04T10:11:04.492171,10:11:04,6436.1,6436.1,3
2025-11-04T10:11:16.646177,10:11:16,6399.37,6399.37,3
2025-11-04T10:11:28.532726,10:11:28,6367.95,6367.95,3
2025-11-04T10:11:40.154700,10:11:40,6396.62,6396.62,3
2025-11-04T10:11:52.367095,10:11:52,6472.27,6472.27,3
2025-11-04T10:12:04.263306,10:12:04,6524.79,6524.79,3
2025-11-04T10:12:16.457088,10:12:16,6539.03,6539.03,3
2025-11-04T10:12:28.520533,10:12:28,6500.35,6500.35,3
2025-11-04T10:12:40.416344,10:12:40,6450.92,6450.92,3
2025-11-04T10:12:52.290707,10:12:52,6456.9,6456.9,3
2025-11-04T10:13:04.179312,10:13:04,6471.58,6471.58,3
2025-11-04T10:13:16.371486,10:13:16,6441.44,6441.44,3
2025-11-04T10:13:28.289383,10:13:28,6444.94,6444.94,3
2025-11-04T10:13:40.205941,10:13:40,6529.22,6529.22,3
2025-11-04T10:13:52.140400,10:13:52,6468.82,6468.82,3
2025-11-04T10:14:04.370117,10:14:04,6499.54,6499.54,3
2025-11-04T10:14:16.590725,10:14:16,6497.7,6497.7,3
2025-11-04T10:14:28.451819,10:14:28,6524.89,6524.89,3
2025-11-04T10:14:40.427476,10:14:40,6462.92,6462.92,3
2025-11-04T10:14:52.314280,10:14:52,6432.09,6432.09,3
2025-11-04T10:15:04.540407,10:15:04,6375.88,6375.88,3
2025-11-04T10:15:16.473207,10:15:16,6357.98,6357.98,3
2025-11-04T10:15:28.427821,10:15:28,6380.57,6380.57,3
2025-11-04T10:15:40.382372,10:15:40,6346.26,6346.26,3
2025-11-04T10:15:52.594352,10:15:52,6324.56,6324.56,3
2025-11-04T10:16:04.487496,10:16:04,6312.43,6312.43,3
2025-11-04T10:16:16.407677,10:16:16,6340.11,6340.11,3
2025-11-04T10:16:28.639818,10:16:28,6328.71,6328.71,3
2025-11-04T10:16:40.680958,10:16:40,6375.03,6375.03,3
2025-11-04T10:16:52.668627,10:16:52,6405.14,6405.14,3
2025-11-04T10:17:04.558075,10:17:04,6419.15,6419.15,3
2025-11-04T10:17:16.491754,10:17:16,6448.05,6448.05,3
2025-11-04T10:17:28.714666,10:17:28,6407.43,6407.43,3
2025-11-04T10:17:40.637942,10:17:40,6380.24,6380.24,3
2025-11-04T10:17:52.804538,10:17:52,6394.33,6394.33,3
2025-11-04T10:18:04.729047,10:18:04,6353.71,6353.71,3
2025-11-04T10:18:16.611079,10:18:16,6319.02,6319.02,3
2025-11-04T10:18:28.466908,10:18:28,6236.96,6236.96,3
2025-11-04T10:18:40.619832,10:18:40,6257.84,6257.84,3
2025-11-04T10:18:52.600239,10:18:52,6260.53,6260.53,3
2025-11-04T10:19:04.318444,10:19:04,6269.33,6269.33,3
2025-11-04T10:19:16.257143,10:19:16,6226.97,6226.97,3
2025-11-04T10:19:28.422027,10:19:28,6228.44,6228.44,3
2025-11-04T10:19:40.299724,10:19:40,6244.22,6244.22,3
2025-11-04T10:19:52.369384,10:19:52,6251.86,6251.86,3
2025-11-04T10:20:04.662777,10:20:04,6285.6,6285.6,3
2025-11-04T10:20:16.305970,10:20:16,6235.86,6235.86,3
2025-11-04T10:20:28.503483,10:20:28,6249.92,6249.92,3
2025-11-04T10:20:40.487671,10:20:40,6291.57,6291.57,3
2025-11-04T10:20:52.344862,10:20:52,6289.17,6289.17,3
2025-11-04T10:21:04.212980,10:21:04,6278.31,6278.31,3
2025-11-04T10:21:16.453841,10:21:16,6337.56,6337.56,3
2025-11-04T10:21:28.557917,10:21:28,6310.99,6310.99,3
2025-11-04T10:21:40.524447,10:21:40,6308.91,6308.91,3
2025-11-04T10:21:52.594792,10:21:52,6287.6,6287.6,3
2025-11-04T10:22:04.563896,10:22:04,6273.69,6273.69,3
2025-11-04T10:22:16.393880,10:22:16,6260.83,6260.83,3
2025-11-04T10:22:28.354203,10:22:28,6304.52,6304.52,3
2025-11-04T10:22:40.523463,10:22:40,6297.59,6297.59,3
2025-11-04T10:22:52.410361,10:22:52,6325.39,6325.39,3
2025-11-04T10:23:04.544335,10:23:04,6376.58,6376.58,3
2025-11-04T10:23:16.514753,10:23:16,6426.1,6426.1,3
2025-11-04T10:23:28.520388,10:23:28,6440.63,6440.63,3
2025-11-04T10:23:40.368331,10:23:40,6376.09,6376.09,3
2025-11-04T10:23:52.604902,10:23:52,6354.77,6354.77,3
2025-11-04T10:24:04.570560,10:24:04,6353.72,6353.72,3
2025-11-04T10:24:16.521363,10:24:16,6316.59,6316.59,3
2025-11-04T10:24:28.491796,10:24:28,6281.85,6281.85,3
2025-11-04T10:24:40.378173,10:24:40,6244.25,6244.25,3
2025-11-04T10:24:52.280866,10:24:52,6240.89,6240.89,3
2025-11-04T10:25:04.422263,10:25:04,6222.02,6222.02,3
2025-11-04T10:25:16.554810,10:25:16,6281.22,6281.22,3
2025-11-04T10:25:28.576307,10:25:28,6294.57,6294.57,3
2025-11-04T10:25:40.472280,10:25:40,6331.32,6331.32,3
2025-11-04T10:25:52.389783,10:25:52,6265.43,6265.43,3
2025-11-04T10:26:04.429432,10:26:04,6265.63,6265.63,3
2025-11-04T10:26:16.283125,10:26:16,6242.11,6242.11,3
2025-11-04T10:26:28.481767,10:26:28,6251.99,6251.99,3
2025-11-04T10:26:40.406606,10:26:40,6236.18,6236.18,3
2025-11-04T10:26:52.386121,10:26:52,6220.82,6220.82,3
2025-11-04T10:27:04.423148,10:27:04,6212.02,6212.02,3
2025-11-04T10:27:16.620946,10:27:16,6213.6,6213.6,3
2025-11-04T10:27:28.535367,10:27:28,6225.01,6225.01,3
2025-11-04T10:27:40.414264,10:27:40,6221.9,6221.9,3
2025-11-04T10:27:52.283959,10:27:52,6221.14,6221.14,3
2025-11-04T10:28:04.462787,10:28:04,6243.65,6243.65,3
2025-11-04T10:28:16.616890,10:28:16,6280.96,6280.96,3
2025-11-04T10:28:28.687000,10:28:28,6287.34,6287.34,3
2025-11-04T10:28:40.554353,10:28:40,6264.59,6264.59,3
2025-11-04T10:28:52.577669,10:28:52,6282.46,6282.46,3
2025-11-04T10:29:04.497393,10:29:04,6283.73,6283.73,3
2025-11-04T10:29:16.440788,10:29:16,6258.18,6258.18,3
2025-11-04T10:29:28.630117,10:29:28,6226.9,6226.9,3
2025-11-04T10:29:40.476378,10:29:40,6252.11,6252.11,3
2025-11-04T10:29:52.405612,10:29:52,6227.98,6227.98,3
2025-11-04T10:30:04.285863,10:30:04,6195.01,6195.01,3
2025-11-04T10:30:16.589673,10:30:16,6141.95,6141.95,3
2025-11-04T10:30:28.462485,10:30:28,6115.53,6115.53,3
2025-11-04T10:30:40.613362,10:30:40,6071.48,6071.48,3
2025-11-04T10:30:52.520493,10:30:52,6040.28,6040.28,3
2025-11-04T10:31:04.391739,10:31:04,6042.75,6042.75,3
2025-11-04T10:31:16.280777,10:31:16,6076.45,6076.45,3
2025-11-04T10:31:28.217572,10:31:28,6083.12,6083.12,3
2025-11-04T10:31:40.051679,10:31:40,6074.26,6074.26,3
2025-11-04T10:31:51.906588,10:31:51,6052.27,6052.27,3
2025-11-04T10:32:03.768953,10:32:03,6043.38,6043.38,3
2025-11-04T10:32:15.329900,10:32:15,6040.32,6040.32,3
2025-11-04T10:32:27.182331,10:32:27,6022.97,6022.97,3
2025-11-04T10:32:38.817066,10:32:38,6027.0,6027.0,3
2025-11-04T10:32:50.691416,10:32:50,6021.68,6021.68,3
2025-11-04T10:33:02.570882,10:33:02,6088.44,6088.44,3
2025-11-04T10:33:14.466181,10:33:14,6118.21,6118.21,3
2025-11-04T10:33:26.341873,10:33:26,6102.19,6102.19,3
2025-11-04T10:33:38.187116,10:33:38,6081.05,6081.05,3
2025-11-04T10:33:50.420480,10:33:50,6082.25,6082.25,3
2025-11-04T10:34:02.407234,10:34:02,6082.47,6082.47,3
2025-11-04T10:34:14.561033,10:34:14,6022.69,6022.69,3
2025-11-04T10:34:26.173219,10:34:26,6035.02,6035.02,3
2025-11-04T10:34:38.045162,10:34:38,5973.66,5973.66,3
2025-11-04T10:34:50.307245,10:34:50,5870.25,5870.25,3
2025-11-04T10:35:02.526089,10:35:02,5853.55,5853.55,3
2025-11-04T10:35:14.456548,10:35:14,5856.59,5856.59,3
2025-11-04T10:35:26.353263,10:35:26,5867.0,5867.0,3
2025-11-04T10:35:38.231213,10:35:38,5828.63,5828.63,3
2025-11-04T10:35:50.422643,10:35:50,5852.49,5852.49,3
2025-11-04T10:36:02.284650,10:36:02,5875.12,5875.12,3
2025-11-04T10:36:14.541860,10:36:14,5858.29,5858.29,3
2025-11-04T10:36:26.471133,10:36:26,5851.23,5851.23,3
2025-11-04T10:36:38.066109,10:36:38,5883.85,5883.85,3
2025-11-04T10:36:49.949280,10:36:49,5923.26,5923.26,3
2025-11-04T10:37:02.208200,10:37:02,5939.59,5939.59,3
2025-11-04T10:37:14.414357,10:37:14,5960.2,5960.2,3
2025-11-04T10:37:26.354224,10:37:26,5971.51,5971.51,3
2025-11-04T10:37:38.280302,10:37:38,5990.7,5990.7,3
2025-11-04T10:37:50.493373,10:37:50,5998.66,5998.66,3
2025-11-04T10:38:02.431880,10:38:02,5925.21,5925.21,3
2025-11-04T10:38:14.394861,10:38:14,5943.35,5943.35,3
2025-11-04T10:38:26.469238,10:38:26,5890.62,5890.62,3
2025-11-04T10:38:38.446073,10:38:38,5868.97,5868.97,3
2025-11-04T10:38:50.378857,10:38:50,5893.87,5893.87,3
2025-11-04T10:39:02.632889,10:39:02,5862.62,5862.62,3
2025-11-04T10:39:14.618281,10:39:14,5886.35,5886.35,3
2025-11-04T10:39:26.590581,10:39:26,5878.97,5878.97,3
2025-11-04T10:39:38.498236,10:39:38,5883.11,5883.11,3
2025-11-04T10:39:50.380966,10:39:50,5956.37,5956.37,3
2025-11-04T10:40:02.553963,10:40:02,6034.19,6034.19,3
2025-11-04T10:40:14.455631,10:40:14,6106.59,6106.59,3
2025-11-04T10:40:26.428087,10:40:26,6084.7,6084.7,3
2025-11-04T10:40:38.322205,10:40:38,6025.97,6025.97,3
2025-11-04T10:40:50.324877,10:40:50,6061.64,6061.64,3
2025-11-04T10:41:02.215095,10:41:02,6073.64,6073.64,3
2025-11-04T10:41:14.283458,10:41:14,6070.33,6070.33,3
2025-11-04T10:41:26.470458,10:41:26,6100.16,6100.16,3
2025-11-04T10:41:38.367284,10:41:38,6129.18,6129.18,3
2025-11-04T10:41:50.267825,10:41:50,6101.27,6101.27,3
2025-11-04T10:42:02.155843,10:42:02,6084.42,6084.42,3
2025-11-04T10:42:14.029256,10:42:14,6032.24,6032.24,3
2025-11-04T10:42:26.229109,10:42:26,6049.4,6049.4,3
2025-11-04T10:42:38.452584,10:42:38,6070.38,6070.38,3
2025-11-04T10:42:50.474907,10:42:50,6078.67,6078.67,3
2025-11-04T10:43:02.388036,10:43:02,6002.28,6002.28,3
2025-11-04T10:43:14.582312,10:43:14,5962.1,5962.1,3
2025-11-04T10:43:26.741536,10:43:26,5997.31,5997.31,3
2025-11-04T10:43:38.677729,10:43:38,6011.39,6011.39,3
2025-11-04T10:43:50.643514,10:43:50,6027.41,6027.41,3
2025-11-04T10:44:02.699462,10:44:02,6060.07,6060.07,3
2025-11-04T10:44:14.692091,10:44:14,6055.86,6055.86,3
2025-11-04T10:44:26.624185,10:44:26,6071.57,6071.57,3
2025-11-04T10:44:38.594528,10:44:38,6048.88,6048.88,3
2025-11-04T10:44:50.558210,10:44:50,6002.39,6002.39,3
2025-11-04T10:45:02.857195,10:45:02,6004.9,6004.9,3
2025-11-04T10:45:14.995264,10:45:14,6001.03,6001.03,3
2025-11-04T10:45:27.214049,10:45:27,5987.16,5987.16,3
2025-11-04T10:45:39.424900,10:45:39,5952.08,5952.08,3
2025-11-04T10:45:51.318673,10:45:51,5900.78,5900.78,3
2025-11-04T10:46:03.229002,10:46:03,5805.97,5805.97,3
2025-11-04T10:46:15.465388,10:46:15,5748.06,5748.06,3
2025-11-04T10:46:27.393815,10:46:27,5624.76,5624.76,3
2025-11-04T10:46:39.382624,10:46:39,5615.05,5615.05,3
2025-11-04T10:46:51.607117,10:46:51,5600.23,5600.23,3
2025-11-04T10:47:03.587804,10:47:03,5561.96,5561.96,3
2025-11-04T10:47:15.535633,10:47:15,5498.92,5498.92,3
2025-11-04T10:47:27.787912,10:47:27,5576.82,5576.82,3
2025-11-04T10:47:39.765077,10:47:39,5538.67,5538.67,3
2025-11-04T10:47:51.867278,10:47:51,5592.62,5592.62,3
2025-11-04T10:48:04.167936,10:48:04,5575.63,5575.63,3
2025-11-04T10:48:16.415644,10:48:16,5605.46,5605.46,3
2025-11-04T10:48:28.620718,10:48:28,5606.54,5606.54,3
2025-11-04T10:48:40.521683,10:48:40,5510.05,5510.05,3
2025-11-04T10:48:52.486199,10:48:52,5479.09,5479.09,3
2025-11-04T10:49:04.385966,10:49:04,5462.05,5462.05,3
2025-11-04T10:49:16.576146,10:49:16,5299.56,5299.56,3
2025-11-04T10:49:28.475958,10:49:28,5293.66,5293.66,3
2025-11-04T10:49:40.374208,10:49:40,5350.84,5350.84,3
2025-11-04T10:49:52.633170,10:49:52,5294.54,5294.54,3
2025-11-04T10:50:04.607817,10:50:04,5288.59,5288.59,3
2025-11-04T10:50:16.548330,10:50:16,5201.66,5201.66,3
2025-11-04T10:50:28.529034,10:50:28,5344.91,5344.91,3
2025-11-04T10:50:40.544441,10:50:40,5307.2,5307.2,3
2025-11-04T10:50:52.413693,10:50:52,5292.72,5292.72,3
2025-11-04T10:51:04.502283,10:51:04,5369.04,5369.04,3
2025-11-04T10:51:16.402839,10:51:16,5395.24,5395.24,3
2025-11-04T10:51:28.701206,10:51:28,5160.7,5160.7,3
2025-11-04T10:51:40.678423,10:51:40,5069.66,5069.66,3
2025-11-04T10:51:52.639906,10:51:52,4998.5,4998.5,3
2025-11-04T10:52:04.520712,10:52:04,4957.08,4957.08,3
2025-11-04T10:52:16.400986,10:52:16,5035.93,5035.93,3
2025-11-04T10:52:28.453727,10:52:28,4971.53,4971.53,3
2025-11-04T10:52:40.094990,10:52:40,4950.67,4950.67,3
2025-11-04T10:52:52.334841,10:52:52,4964.58,4964.58,3
2025-11-04T10:53:04.568330,10:53:04,5033.41,5033.41,3
2025-11-04T10:53:16.462387,10:53:16,4954.12,4954.12,3
2025-11-04T10:53:28.518747,10:53:28,5032.58,5032.58,3
2025-11-04T10:53:40.536273,10:53:40,4909.9,4909.9,3
2025-11-04T10:53:52.455630,10:53:52,4913.69,4913.69,3
2025-11-04T10:54:04.417207,10:54:04,4802.66,4802.66,3
2025-11-04T10:54:16.370940,10:54:16,4765.22,4765.22,3
2025-11-04T10:54:28.270323,10:54:28,4758.71,4758.71,3
2025-11-04T10:54:40.485726,10:54:40,4568.43,4568.43,3
2025-11-04T10:54:52.441473,10:54:52,4531.21,4531.21,3
2025-11-04T10:55:04.377994,10:55:04,4584.46,4584.46,3
2025-11-04T10:55:16.282616,10:55:16,4598.63,4598.63,3
2025-11-04T10:55:28.193818,10:55:28,4733.97,4733.97,3
2025-11-04T10:55:40.134428,10:55:40,4863.91,4863.91,3
2025-11-04T10:55:52.325341,10:55:52,4724.34,4724.34,3
2025-11-04T10:56:04.220037,10:56:04,4542.39,4542.39,3
2025-11-04T10:56:16.102014,10:56:16,4522.76,4522.76,3
2025-11-04T10:56:28.267829,10:56:28,4336.05,4336.05,3
2025-11-04T10:56:40.193525,10:56:40,4336.19,4336.19,3
2025-11-04T10:56:52.127590,10:56:52,4312.69,4312.69,3
2025-11-04T10:57:04.389833,10:57:04,4396.62,4396.62,3
2025-11-04T10:57:16.361090,10:57:16,4244.62,4244.62,3
2025-11-04T10:57:28.512831,10:57:28,4342.96,4342.96,3
2025-11-04T10:57:40.429000,10:57:40,4309.27,4309.27,3
2025-11-04T10:57:52.638160,10:57:52,4305.27,4305.27,3
2025-11-04T10:58:04.506382,10:58:04,4334.69,4334.69,3
2025-11-04T10:58:16.443120,10:58:16,4352.69,4352.69,3
2025-11-04T10:58:28.398815,10:58:28,4328.8,4328.8,3
2025-11-04T10:58:40.628643,10:58:40,4113.87,4113.87,3
2025-11-04T10:58:52.585309,10:58:52,4154.33,4154.33,3
2025-11-04T10:59:04.546968,10:59:04,4131.39,4131.39,3
2025-11-04T10:59:16.440017,10:59:16,4226.2,4226.2,3
2025-11-04T10:59:28.394247,10:59:28,4349.83,4349.83,3
2025-11-04T10:59:40.255618,10:59:40,4430.71,4430.71,3
2025-11-04T10:59:52.538735,10:59:52,4542.99,4542.99,3
2025-11-04T11:00:04.473895,11:00:04,4422.91,4422.91,3
2025-11-04T11:00:16.418262,11:00:16,4346.02,4346.02,3
2025-11-04T11:00:28.423518,11:00:28,4191.07,4191.07,3
2025-11-04T11:00:40.592838,11:00:40,4135.0,4135.0,3
2025-11-04T11:00:52.553408,11:00:52,4237.6,4237.6,3
2025-11-04T11:01:04.500064,11:01:04,4133.56,4133.56,3
2025-11-04T11:01:16.687678,11:01:16,4033.74,4033.74,3
2025-11-04T11:01:28.886317,11:01:28,4008.28,4008.28,3
2025-11-04T11:01:40.883657,11:01:40,4020.41,4020.41,3
2025-11-04T11:01:53.083913,11:01:53,4056.6,4056.6,3
2025-11-04T11:02:05.347372,11:02:05,3993.81,3993.81,3
2025-11-04T11:02:17.293628,11:02:17,4014.56,4014.56,3
2025-11-04T11:02:29.514698,11:02:29,3986.78,3986.78,3
2025-11-04T11:02:41.482934,11:02:41,4023.1,4023.1,3
2025-11-04T11:02:53.382290,11:02:53,4006.22,4006.22,3
2025-11-04T11:03:05.634938,11:03:05,4037.0,4037.0,3
2025-11-04T11:03:17.555656,11:03:17,3943.65,3943.65,3
2025-11-04T11:03:29.525362,11:03:29,3915.38,3915.38,3
2025-11-04T11:03:41.467693,11:03:41,3975.85,3975.85,3
2025-11-04T11:03:53.625118,11:03:53,3920.04,3920.04,3
2025-11-04T11:04:05.507129,11:04:05,3926.43,3926.43,3
2025-11-04T11:04:17.489808,11:04:17,3953.39,3953.39,3
2025-11-04T11:04:29.446407,11:04:29,3980.67,3980.67,3
2025-11-04T11:04:41.422115,11:04:41,4003.56,4003.56,3
2025-11-04T11:04:53.650218,11:04:53,4123.66,4123.66,3
2025-11-04T11:05:05.536703,11:05:05,3937.94,3937.94,3
2025-11-04T11:05:17.438354,11:05:17,4013.91,4013.91,3
2025-11-04T11:05:29.351138,11:05:29,3959.53,3959.53,3
2025-11-04T11:05:41.598162,11:05:41,3944.64,3944.64,3
2025-11-04T11:05:53.602851,11:05:53,3836.61,3836.61,3
2025-11-04T11:06:05.640329,11:06:05,3931.24,3931.24,3
2025-11-04T11:06:17.539752,11:06:17,3869.12,3869.12,3
2025-11-04T11:06:29.472797,11:06:29,3908.99,3908.99,3
2025-11-04T11:06:41.422786,11:06:41,3924.78,3924.78,3
2025-11-04T11:06:53.470726,11:06:53,4024.58,4024.58,3
2025-11-04T11:07:05.439723,11:07:05,3955.02,3955.02,3
2025-11-04T11:07:17.615941,11:07:17,4035.16,4035.16,3
2025-11-04T11:07:29.488262,11:07:29,4033.13,4033.13,3
2025-11-04T11:07:41.410496,11:07:41,3997.85,3997.85,3
2025-11-04T11:07:53.339382,11:07:53,3996.98,3996.98,3
2025-11-04T11:08:05.546710,11:08:05,4073.24,4073.24,3
2025-11-04T11:08:17.609474,11:08:17,4054.48,4054.48,3
2025-11-04T11:08:29.819136,11:08:29,3946.53,3946.53,3
2025-11-04T11:08:41.716058,11:08:41,3905.57,3905.57,3
2025-11-04T11:08:53.707775,11:08:53,3869.48,3869.48,3
2025-11-04T11:09:05.332674,11:09:05,3868.64,3868.64,3
2025-11-04T11:09:17.491608,11:09:17,3800.16,3800.16,3
2025-11-04T11:09:29.436606,11:09:29,3651.04,3651.04,3
2025-11-04T11:09:41.401550,11:09:41,3671.88,3671.88,3
2025-11-04T11:09:53.693352,11:09:53,3661.59,3661.59,3
2025-11-04T11:10:05.564028,11:10:05,3831.06,3831.06,3
2025-11-04T11:10:17.539894,11:10:17,3946.62,3946.62,3
2025-11-04T11:10:29.455955,11:10:29,3865.28,3865.28,3
2025-11-04T11:10:41.633420,11:10:41,3762.5,3762.5,3
2025-11-04T11:10:53.517731,11:10:53,3723.75,3723.75,3
2025-11-04T11:11:05.385769,11:11:05,3673.41,3673.41,3
2025-11-04T11:11:17.324427,11:11:17,3536.94,3536.94,3
2025-11-04T11:11:29.273468,11:11:29,3519.51,3519.51,3
2025-11-04T11:11:41.514508,11:11:41,3515.48,3515.48,3
2025-11-04T11:11:53.404168,11:11:53,3480.2,3480.2,3
2025-11-04T11:12:05.415921,11:12:05,3469.95,3469.95,3
2025-11-04T11:12:17.451846,11:12:17,3495.21,3495.21,3
2025-11-04T11:12:29.320073,11:12:29,3460.05,3460.05,3
2025-11-04T11:12:41.564621,11:12:41,3458.44,3458.44,3
2025-11-04T11:12:53.571733,11:12:53,3454.41,3454.41,3
2025-11-04T11:13:05.582544,11:13:05,3419.47,3419.47,3
2025-11-04T11:13:17.480948,11:13:17,3289.57,3289.57,3
2025-11-04T11:13:29.429883,11:13:29,3276.68,3276.68,3
2025-11-04T11:13:41.411246,11:13:41,3265.06,3265.06,3
2025-11-04T11:13:53.283737,11:13:53,3234.98,3234.98,3
2025-11-04T11:14:05.177117,11:14:05,3194.92,3194.92,3
2025-11-04T11:14:17.419405,11:14:17,3271.03,3271.03,3
2025-11-04T11:14:29.627973,11:14:29,3154.27,3154.27,3
2025-11-04T11:14:41.381639,11:14:41,3171.78,3171.78,3
2025-11-04T11:14:53.603239,11:14:53,3161.78,3161.78,3
2025-11-04T11:15:05.285076,11:15:05,3221.53,3221.53,3
2025-11-04T11:15:17.182773,11:15:17,3183.91,3183.91,3
2025-11-04T11:15:29.335368,11:15:29,3290.84,3290.84,3
2025-11-04T11:15:41.266160,11:15:41,3111.82,3111.82,3
2025-11-04T11:15:53.440322,11:15:53,2992.97,2992.97,3
2025-11-04T11:16:05.453317,11:16:05,2690.0,2690.0,3
2025-11-04T11:16:17.394566,11:16:17,2875.05,2875.05,3
2025-11-04T11:16:29.408121,11:16:29,2725.4,2725.4,3
2025-11-04T11:16:41.571634,11:16:41,2852.83,2852.83,3
2025-11-04T11:16:53.192249,11:16:53,2975.19,2975.19,3
2025-11-04T11:17:05.344841,11:17:05,3082.14,3082.14,3
2025-11-04T11:17:17.547362,11:17:17,2932.91,2932.91,3
2025-11-04T11:17:29.494476,11:17:29,2983.84,2983.84,3
2025-11-04T11:17:41.382035,11:17:41,2818.39,2818.39,3
2025-11-04T11:17:53.364737,11:17:53,2879.37,2879.37,3
2025-11-04T11:18:05.343576,11:18:05,2877.17,2877.17,3
2025-11-04T11:18:17.569343,11:18:17,2808.88,2808.88,3
2025-11-04T11:18:29.600484,11:18:29,2459.16,2459.16,3
2025-11-04T11:18:41.470786,11:18:41,2247.09,2247.09,3
2025-11-04T11:18:53.404586,11:18:53,2380.27,2380.27,3
2025-11-04T11:19:05.090414,11:19:05,2476.12,2476.12,3
2025-11-04T11:19:17.279817,11:19:17,2463.61,2463.61,3
2025-11-04T11:19:29.474681,11:19:29,2487.11,2487.11,3
2025-11-04T11:19:41.459669,11:19:41,2373.74,2373.74,3
2025-11-04T11:19:53.645499,11:19:53,2391.06,2391.06,3
2025-11-04T11:20:05.310836,11:20:05,2580.35,2580.35,3
2025-11-04T11:20:17.708305,11:20:17,2641.57,2641.57,3
2025-11-04T11:20:29.635681,11:20:29,2617.81,2617.81,3
2025-11-04T11:20:41.567418,11:20:41,2708.38,2708.38,3
2025-11-04T11:20:53.547741,11:20:53,2611.38,2611.38,3
2025-11-04T11:21:05.576171,11:21:05,2697.12,2697.12,3
2025-11-04T11:21:17.240389,11:21:17,2574.38,2574.38,3
2025-11-04T11:21:29.473624,11:21:29,2586.15,2586.15,3
2025-11-04T11:21:41.652273,11:21:41,2465.93,2465.93,3
2025-11-04T11:21:53.634284,11:21:53,2419.55,2419.55,3
2025-11-04T11:22:05.278585,11:22:05,2421.0,2421.0,3
2025-11-04T11:22:16.890652,11:22:16,2362.25,2362.25,3
2025-11-04T11:22:28.830826,11:22:28,2372.11,2372.11,3
2025-11-04T11:22:40.476831,11:22:40,2329.11,2329.11,3
2025-11-04T11:22:52.106957,11:22:52,2309.41,2309.41,3
2025-11-04T11:23:03.698395,11:23:03,2282.83,2282.83,3
2025-11-04T11:23:15.600038,11:23:15,2346.14,2346.14,3
2025-11-04T11:23:27.543123,11:23:27,2185.05,2185.05,3
2025-11-04T11:23:39.506608,11:23:39,2308.52,2308.52,3
2025-11-04T11:23:51.388113,11:23:51,2243.9,2243.9,3
2025-11-04T11:24:03.366379,11:24:03,2319.41,2319.41,3
2025-11-04T11:24:15.582598,11:24:15,2396.44,2396.44,3
2025-11-04T11:24:27.517928,11:24:27,2213.69,2213.69,3
2025-11-04T11:24:39.421233,11:24:39,2284.41,2284.41,3
2025-11-04T11:24:51.574309,11:24:51,2295.91,2295.91,3
2025-11-04T11:25:03.497673,11:25:03,2370.88,2370.88,3
2025-11-04T11:25:15.431208,11:25:15,2318.84,2318.84,3
2025-11-04T11:25:27.639042,11:25:27,2384.08,2384.08,3
2025-11-04T11:25:39.503181,11:25:39,2369.53,2369.53,3
2025-11-04T11:25:51.364633,11:25:51,2307.73,2307.73,3
2025-11-04T11:26:03.503575,11:26:03,2249.72,2249.72,3
2025-11-04T11:26:15.378064,11:26:15,2167.08,2167.08,3
2025-11-04T11:26:27.664101,11:26:27,2098.42,2098.42,3
2025-11-04T11:26:39.568665,11:26:39,2039.83,2039.83,3
2025-11-04T11:26:51.540738,11:26:51,1878.27,1878.27,3
2025-11-04T11:27:03.431949,11:27:03,1883.33,1883.33,3
2025-11-04T11:27:15.576830,11:27:15,1891.71,1891.71,3
2025-11-04T11:27:27.487885,11:27:27,1845.97,1845.97,3
2025-11-04T11:27:39.533149,11:27:39,1888.93,1888.93,3
2025-11-04T11:27:51.414766,11:27:51,1885.66,1885.66,3
2025-11-04T11:28:03.635335,11:28:03,1731.42,1731.42,3
2025-11-04T11:28:15.535378,11:28:15,1775.53,1775.53,3
2025-11-04T11:28:27.422301,11:28:27,1743.96,1743.96,3
2025-11-04T11:28:39.644137,11:28:39,1775.67,1775.67,3
2025-11-04T11:28:51.284264,11:28:51,1809.81,1809.81,3
2025-11-04T11:29:03.445184,11:29:03,1729.91,1729.91,3
2025-11-04T11:29:15.596912,11:29:15,1716.98,1716.98,3
2025-11-04T11:29:27.470115,11:29:27,1773.66,1773.66,3
2025-11-04T11:29:39.457900,11:29:39,1790.01,1790.01,3
2025-11-04T11:29:51.629259,11:29:51,1770.31,1770.31,3
2025-11-04T11:30:04.137117,11:30:04,1681.08,1681.08,3
2025-11-04T11:30:16.392730,11:30:16,1724.37,1724.37,3
2025-11-04T11:30:28.331775,11:30:28,1683.71,1683.71,3
2025-11-04T11:30:40.496524,11:30:40,1774.55,1774.55,3
2025-11-04T11:30:52.394480,11:30:52,1757.4,1757.4,3
2025-11-04T11:31:04.606833,11:31:04,1775.71,1775.71,3
2025-11-04T11:31:16.205096,11:31:16,1936.68,1936.68,3
2025-11-04T11:31:28.344924,11:31:28,1821.7,1821.7,3
2025-11-04T11:31:40.582387,11:31:40,1949.65,1949.65,3
2025-11-04T11:31:52.563780,11:31:52,1885.77,1885.77,3
2025-11-04T11:32:04.426535,11:32:04,1931.71,1931.71,3
2025-11-04T11:32:16.306339,11:32:16,2133.08,2133.08,3
2025-11-04T11:32:28.563522,11:32:28,2420.69,2420.69,3
2025-11-04T11:32:40.410309,11:32:40,2398.99,2398.99,3
2025-11-04T11:32:52.316365,11:32:52,2288.43,2288.43,3
2025-11-04T11:33:04.191877,11:33:04,2170.3,2170.3,3
2025-11-04T11:33:16.627006,11:33:16,2179.79,2179.79,3
2025-11-04T11:33:28.238707,11:33:28,2239.29,2239.29,3
2025-11-04T11:33:40.165549,11:33:40,2301.85,2301.85,3
2025-11-04T11:33:52.076932,11:33:52,2284.21,2284.21,3
2025-11-04T11:34:03.649867,11:34:03,2306.28,2306.28,3
2025-11-04T11:34:15.207064,11:34:15,2366.93,2366.93,3
2025-11-04T11:34:27.118408,11:34:27,2340.44,2340.44,3
2025-11-04T11:34:38.778176,11:34:38,2306.05,2306.05,3
2025-11-04T11:34:50.376608,11:34:50,2453.24,2453.24,3
2025-11-04T11:35:02.304986,11:35:02,2419.58,2419.58,3
2025-11-04T11:35:15.161322,11:35:15,2346.73,2346.73,3
2025-11-04T11:35:27.388474,11:35:27,2366.45,2366.45,3
2025-11-04T11:35:39.255401,11:35:39,2313.53,2313.53,3
2025-11-04T11:35:51.450658,11:35:51,2013.49,2013.49,3
2025-11-04T11:36:03.305016,11:36:03,1997.8,1997.8,3
2025-11-04T11:36:15.185033,11:36:15,2003.48,2003.48,3
2025-11-04T11:36:26.875391,11:36:26,2008.06,2008.06,3
2025-11-04T11:36:38.795295,11:36:38,1883.74,1883.74,3
2025-11-04T11:36:50.716094,11:36:50,1910.39,1910.39,3
2025-11-04T11:37:02.324257,11:37:02,1936.91,1936.91,3
2025-11-04T11:37:14.176244,11:37:14,2030.74,2030.74,3
2025-11-04T11:37:25.802595,11:37:25,2084.46,2084.46,3
2025-11-04T11:37:37.683908,11:37:37,2091.29,2091.29,3
2025-11-04T11:37:49.588157,11:37:49,2066.34,2066.34,3
2025-11-04T11:38:01.526922,11:38:01,2135.35,2135.35,3
2025-11-04T11:38:13.538039,11:38:13,2024.99,2024.99,3
2025-11-04T11:38:25.417956,11:38:25,1948.08,1948.08,3
2025-11-04T11:38:37.620237,11:38:37,1929.7,1929.7,3
2025-11-04T11:38:49.592247,11:38:49,1865.38,1865.38,3
2025-11-04T11:39:01.229217,11:39:01,1639.36,1639.36,3
2025-11-04T11:39:13.205030,11:39:13,1946.78,1946.78,3
2025-11-04T11:39:25.112614,11:39:25,1941.76,1941.76,3
2025-11-04T11:39:37.313908,11:39:37,1783.29,1783.29,3
2025-11-04T11:39:49.312639,11:39:49,1965.34,1965.34,3
2025-11-04T11:40:01.309561,11:40:01,1850.33,1850.33,3
2025-11-04T11:40:13.273871,11:40:13,1791.23,1791.23,3
2025-11-04T11:40:25.511159,11:40:25,2002.22,2002.22,3
2025-11-04T11:40:37.382712,11:40:37,2172.11,2172.11,3
2025-11-04T11:40:49.302832,11:40:49,2170.59,2170.59,3
2025-11-04T11:41:00.924159,11:41:00,2241.46,2241.46,3
2025-11-04T11:41:13.172187,11:41:13,2252.7,2252.7,3
2025-11-04T11:41:24.858960,11:41:24,2250.82,2250.82,3
2025-11-04T11:41:36.501113,11:41:36,2282.02,2282.02,3
2025-11-04T11:41:48.430004,11:41:48,2234.78,2234.78,3
2025-11-04T11:42:00.297301,11:42:00,2259.31,2259.31,3
2025-11-04T11:42:12.432572,11:42:12,2145.18,2145.18,3
2025-11-04T11:42:24.306154,11:42:24,2179.92,2179.92,3
2025-11-04T11:42:36.243639,11:42:36,2185.88,2185.88,3
2025-11-04T11:42:47.909950,11:42:47,2218.73,2218.73,3
2025-11-04T11:42:59.626058,11:42:59,2281.68,2281.68,3
2025-11-04T11:43:11.547196,11:43:11,2297.64,2297.64,3
2025-11-04T11:43:23.485225,11:43:23,2368.2,2368.2,3
2025-11-04T11:43:35.404509,11:43:35,2363.9,2363.9,3
2025-11-04T11:43:47.076594,11:43:47,2445.43,2445.43,3
2025-11-04T11:43:59.228894,11:43:59,2471.23,2471.23,3
2025-11-04T11:44:11.384062,11:44:11,2470.36,2470.36,3
2025-11-04T11:44:23.245344,11:44:23,2541.36,2541.36,3
2025-11-04T11:44:35.164220,11:44:35,2655.17,2655.17,3
2025-11-04T11:44:47.393424,11:44:47,2758.02,2758.02,3
2025-11-04T11:44:59.335549,11:44:59,2770.11,2770.11,3
2025-11-04T11:45:11.299138,11:45:11,2748.13,2748.13,3
2025-11-04T11:45:23.456523,11:45:23,2884.74,2884.74,3
2025-11-04T11:45:35.311164,11:45:35,2910.71,2910.71,3
2025-11-04T11:45:47.479264,11:45:47,2973.66,2973.66,3
2025-11-04T11:45:59.415479,11:45:59,3094.29,3094.29,3
2025-11-04T11:46:11.318438,11:46:11,3131.81,3131.81,3
2025-11-04T11:46:23.503166,11:46:23,3174.81,3174.81,3
2025-11-04T11:46:35.374178,11:46:35,3128.24,3128.24,3
2025-11-04T11:46:47.528098,11:46:47,3225.72,3225.72,3
2025-11-04T11:46:59.397273,11:46:59,3164.28,3164.28,3
2025-11-04T11:47:11.303998,11:47:11,3136.45,3136.45,3
2025-11-04T11:47:23.482605,11:47:23,3258.07,3258.07,3
2025-11-04T11:47:35.348364,11:47:35,3329.59,3329.59,3
2025-11-04T11:47:47.211030,11:47:47,3391.73,3391.73,3
2025-11-04T11:47:59.187056,11:47:59,3338.69,3338.69,3
2025-11-04T11:48:11.109538,11:48:11,3300.44,3300.44,3
2025-11-04T11:48:22.760156,11:48:22,3224.47,3224.47,3
2025-11-04T11:48:34.680780,11:48:34,3180.03,3180.03,3
2025-11-04T11:48:46.266297,11:48:46,3021.02,3021.02,3
2025-11-04T11:48:58.182291,11:48:58,2898.51,2898.51,3
2025-11-04T11:49:09.824168,11:49:09,3003.97,3003.97,3
2025-11-04T11:49:21.792567,11:49:21,2916.48,2916.48,3
2025-11-04T11:49:33.332800,11:49:33,2881.32,2881.32,3
2025-11-04T11:49:45.267334,11:49:45,2865.18,2865.18,3
2025-11-04T11:49:56.910610,11:49:56,2863.98,2863.98,3
2025-11-04T11:50:08.771051,11:50:08,2902.2,2902.2,3
2025-11-04T11:50:20.667096,11:50:20,2912.57,2912.57,3
2025-11-04T11:50:32.621753,11:50:32,2937.63,2937.63,3
2025-11-04T11:50:44.497149,11:50:44,2933.73,2933.73,3
2025-11-04T11:50:56.387068,11:50:56,2964.02,2964.02,3
2025-11-04T11:51:08.349646,11:51:08,3056.99,3056.99,3
2025-11-04T11:51:20.297275,11:51:20,3078.76,3078.76,3
2025-11-04T11:51:32.587417,11:51:32,3098.73,3098.73,3
2025-11-04T11:51:44.458471,11:51:44,3134.44,3134.44,3
2025-11-04T11:51:56.397146,11:51:56,3128.38,3128.38,3
2025-11-04T11:52:08.257880,11:52:08,2994.04,2994.04,3
2025-11-04T11:52:20.142251,11:52:20,3010.33,3010.33,3
2025-11-04T11:52:32.336147,11:52:32,2885.89,2885.89,3
2025-11-04T11:52:44.559350,11:52:44,2801.73,2801.73,3
2025-11-04T11:52:56.137331,11:52:56,2744.47,2744.47,3
2025-11-04T11:53:08.076121,11:53:08,2699.41,2699.41,3
2025-11-04T11:53:20.360938,11:53:20,2687.21,2687.21,3
2025-11-04T11:53:32.288489,11:53:32,2654.1,2654.1,3
2025-11-04T11:53:44.291065,11:53:44,2682.45,2682.45,3
2025-11-04T11:53:56.447980,11:53:56,2600.49,2600.49,3
2025-11-04T11:54:08.439187,11:54:08,2556.93,2556.93,3
2025-11-04T11:54:20.434527,11:54:20,2581.85,2581.85,3
2025-11-04T11:54:32.282176,11:54:32,2564.86,2564.86,3
2025-11-04T11:54:44.453285,11:54:44,2550.53,2550.53,3
2025-11-04T11:54:56.409492,11:54:56,2592.75,2592.75,3
2025-11-04T11:55:08.373370,11:55:08,2620.63,2620.63,3
2025-11-04T11:55:20.582868,11:55:20,2707.58,2707.58,3
2025-11-04T11:55:32.441924,11:55:32,2733.15,2733.15,3
2025-11-04T11:55:44.342542,11:55:44,2724.86,2724.86,3
2025-11-04T11:55:56.233388,11:55:56,2738.94,2738.94,3
2025-11-04T11:56:08.218295,11:56:08,2654.03,2654.03,3
2025-11-04T11:56:20.444468,11:56:20,2730.58,2730.58,3
2025-11-04T11:56:32.341467,11:56:32,2644.54,2644.54,3
2025-11-04T11:56:44.487347,11:56:44,2609.7,2609.7,3
2025-11-04T11:56:56.389174,11:56:56,2708.41,2708.41,3
2025-11-04T11:57:08.515353,11:57:08,2727.36,2727.36,3
2025-11-04T11:57:20.512749,11:57:20,2723.72,2723.72,3
2025-11-04T11:57:32.408042,11:57:32,2701.27,2701.27,3
2025-11-04T11:57:44.582262,11:57:44,2747.33,2747.33,3
2025-11-04T11:57:56.523588,11:57:56,2800.89,2800.89,3
2025-11-04T11:58:08.376233,11:58:08,2868.24,2868.24,3
2025-11-04T11:58:20.618984,11:58:20,2955.72,2955.72,3
2025-11-04T11:58:32.478208,11:58:32,2817.63,2817.63,3
2025-11-04T11:58:44.413032,11:58:44,2870.22,2870.22,3
2025-11-04T11:58:56.247018,11:58:56,2935.79,2935.79,3
2025-11-04T11:59:08.369513,11:59:08,3021.41,3021.41,3
2025-11-04T11:59:20.506733,11:59:20,3004.37,3004.37,3
2025-11-04T11:59:32.485559,11:59:32,2911.94,2911.94,3
2025-11-04T11:59:44.415671,11:59:44,3014.21,3014.21,3
2025-11-04T11:59:56.632345,11:59:56,3044.79,3044.79,3
2025-11-04T12:00:08.256056,12:00:08,2956.65,2956.65,3
2025-11-04T12:00:20.110681,12:00:20,2919.9,2919.9,3
2025-11-04T12:00:32.287536,12:00:32,2872.59,2872.59,3
2025-11-04T12:00:43.983265,12:00:43,2874.78,2874.78,3
2025-11-04T12:00:55.534777,12:00:55,2849.2,2849.2,3
2025-11-04T12:01:07.439781,12:01:07,2804.15,2804.15,3
2025-11-04T12:01:19.321178,12:01:19,2760.76,2760.76,3
2025-11-04T12:01:31.254943,12:01:31,2744.27,2744.27,3
2025-11-04T12:01:43.110864,12:01:43,2666.95,2666.95,3
2025-11-04T12:01:55.477247,12:01:55,2631.93,2631.93,3
2025-11-04T12:02:07.390309,12:02:07,2750.73,2750.73,3
2025-11-04T12:02:18.968150,12:02:18,2868.11,2868.11,3
2025-11-04T12:02:30.828474,12:02:30,2861.73,2861.73,3
2025-11-04T12:02:42.731385,12:02:42,2891.57,2891.57,3
2025-11-04T12:02:54.584584,12:02:54,3013.25,3013.25,3
2025-11-04T12:03:06.133947,12:03:06,3071.41,3071.41,3
2025-11-04T12:03:17.838660,12:03:17,3023.91,3023.91,3
2025-11-04T12:03:29.733341,12:03:29,2879.46,2879.46,3
2025-11-04T12:03:41.646276,12:03:41,2838.98,2838.98,3
2025-11-04T12:03:53.569818,12:03:53,2787.17,2787.17,3
2025-11-04T12:04:05.193051,12:04:05,2758.04,2758.04,3
2025-11-04T12:04:16.891896,12:04:16,2779.91,2779.91,3
2025-11-04T12:04:28.482525,12:04:28,2793.94,2793.94,3
2025-11-04T12:04:40.126225,12:04:40,2770.09,2770.09,3
2025-11-04T12:04:52.014111,12:04:52,2786.24,2786.24,3
2025-11-04T12:05:03.688383,12:05:03,2796.6,2796.6,3
2025-11-04T12:05:15.551854,12:05:15,2619.98,2619.98,3
2025-11-04T12:05:27.426172,12:05:27,2570.84,2570.84,3
2025-11-04T12:05:39.422834,12:05:39,2473.85,2473.85,3
2025-11-04T12:05:51.022113,12:05:51,2478.67,2478.67,3
2025-11-04T12:06:02.587104,12:06:02,2499.15,2499.15,3
2025-11-04T12:06:14.150098,12:06:14,2492.27,2492.27,3
2025-11-04T12:06:25.784672,12:06:25,2488.45,2488.45,3
2025-11-04T12:06:37.664032,12:06:37,2500.28,2500.28,3
2025-11-04T12:06:49.533993,12:06:49,2501.14,2501.14,3
2025-11-04T12:07:01.424087,12:07:01,2506.51,2506.51,3
2025-11-04T12:07:13.318273,12:07:13,2516.38,2516.38,3
2025-11-04T12:07:25.515228,12:07:25,2533.72,2533.72,3
2025-11-04T12:07:37.082930,12:07:37,2535.3,2535.3,3
2025-11-04T12:07:49.287036,12:07:49,2513.24,2513.24,3
2025-11-04T12:08:01.197721,12:08:01,2433.6,2433.6,3
2025-11-04T12:08:13.427954,12:08:13,2259.52,2259.52,3
2025-11-04T12:08:25.330406,12:08:25,2235.81,2235.81,3
2025-11-04T12:08:37.324724,12:08:37,2187.37,2187.37,3
2025-11-04T12:08:49.238690,12:08:49,2319.25,2319.25,3
2025-11-04T12:09:00.836244,12:09:00,2336.23,2336.23,3
2025-11-04T12:09:12.730101,12:09:12,2323.85,2323.85,3
2025-11-04T12:09:24.598906,12:09:24,2393.58,2393.58,3
2025-11-04T12:09:36.545203,12:09:36,2335.86,2335.86,3
2025-11-04T12:09:48.450537,12:09:48,2328.02,2328.02,3
2025-11-04T12:10:00.366875,12:10:00,2343.75,2343.75,3
2025-11-04T12:10:12.310928,12:10:12,2289.59,2289.59,3
2025-11-04T12:10:24.239992,12:10:24,2295.33,2295.33,3
2025-11-04T12:10:35.799192,12:10:35,2371.63,2371.63,3
2025-11-04T12:10:47.676779,12:10:47,2379.01,2379.01,3
2025-11-04T12:10:59.638482,12:10:59,2399.68,2399.68,3
2025-11-04T12:11:11.599003,12:11:11,2364.15,2364.15,3
2025-11-04T12:11:23.502632,12:11:23,2367.58,2367.58,3
2025-11-04T12:11:35.639487,12:11:35,2417.24,2417.24,3
2025-11-04T12:11:47.528768,12:11:47,2416.65,2416.65,3
2025-11-04T12:11:59.449429,12:11:59,2459.2,2459.2,3
2025-11-04T12:12:11.377820,12:12:11,2368.94,2368.94,3
2025-11-04T12:12:23.311405,12:12:23,2399.6,2399.6,3
2025-11-04T12:12:35.193483,12:12:35,2403.47,2403.47,3
2025-11-04T12:12:47.099599,12:12:47,2450.98,2450.98,3
2025-11-04T12:12:59.252556,12:12:59,2395.37,2395.37,3
2025-11-04T12:13:11.236143,12:13:11,2421.81,2421.81,3
2025-11-04T12:13:22.906376,12:13:22,2428.24,2428.24,3
2025-11-04T12:13:34.892557,12:13:34,2389.48,2389.48,3
2025-11-04T12:13:46.479712,12:13:46,2317.04,2317.04,3
2025-11-04T12:13:58.634009,12:13:58,2300.37,2300.37,3
2025-11-04T12:14:10.787985,12:14:10,2311.48,2311.48,3
2025-11-04T12:14:22.708533,12:14:22,2333.67,2333.67,3
2025-11-04T12:14:34.304226,12:14:34,2317.25,2317.25,3
2025-11-04T12:14:46.479574,12:14:46,2340.77,2340.77,3
2025-11-04T12:14:58.389640,12:14:58,2310.46,2310.46,3
2025-11-04T12:15:10.257402,12:15:10,2404.42,2404.42,3
2025-11-04T12:15:21.898795,12:15:21,2397.4,2397.4,3
2025-11-04T12:15:33.910699,12:15:33,2290.97,2290.97,3
2025-11-04T12:15:46.116551,12:15:46,2401.21,2401.21,3
2025-11-04T12:15:58.425133,12:15:58,2404.63,2404.63,3
2025-11-04T12:16:10.367619,12:16:10,2481.75,2481.75,3
2025-11-04T12:16:22.265597,12:16:22,2465.8,2465.8,3
2025-11-04T12:16:33.857431,12:16:33,2454.75,2454.75,3
2025-11-04T12:16:45.764993,12:16:45,2483.18,2483.18,3
2025-11-04T12:16:57.724541,12:16:57,2481.04,2481.04,3
2025-11-04T12:17:09.601508,12:17:09,2435.72,2435.72,3
2025-11-04T12:17:21.536528,12:17:21,2476.71,2476.71,3
2025-11-04T12:17:33.238024,12:17:33,2539.38,2539.38,3
2025-11-04T12:17:45.130217,12:17:45,2536.24,2536.24,3
2025-11-04T12:17:56.695856,12:17:56,2643.45,2643.45,3
2025-11-04T12:18:08.670829,12:18:08,2655.17,2655.17,3
2025-11-04T12:18:20.671937,12:18:20,2582.29,2582.29,3
2025-11-04T12:18:32.579869,12:18:32,2512.54,2512.54,3
2025-11-04T12:18:44.199336,12:18:44,2572.45,2572.45,3
2025-11-04T12:18:56.063898,12:18:56,2514.07,2514.07,3
2025-11-04T12:19:07.650612,12:19:07,2491.85,2491.85,3
2025-11-04T12:19:19.205413,12:19:19,2427.07,2427.07,3
2025-11-04T12:19:31.459217,12:19:31,2460.1,2460.1,3
2025-11-04T12:19:43.645659,12:19:43,2383.07,2383.07,3
2025-11-04T12:19:55.548528,12:19:55,2481.59,2481.59,3
2025-11-04T12:20:07.557440,12:20:07,2639.11,2639.11,3
2025-11-04T12:20:19.471073,12:20:19,2664.76,2664.76,3
2025-11-04T12:20:31.766600,12:20:31,2738.7,2738.7,3
2025-11-04T12:20:43.721795,12:20:43,2808.84,2808.84,3
2025-11-04T12:20:55.791307,12:20:55,2860.69,2860.69,3
2025-11-04T12:21:07.696282,12:21:07,2797.87,2797.87,3
2025-11-04T12:21:19.692225,12:21:19,2887.63,2887.63,3
2025-11-04T12:21:31.560066,12:21:31,2850.16,2850.16,3
2025-11-04T12:21:43.769611,12:21:43,2755.37,2755.37,3
2025-11-04T12:21:55.677269,12:21:55,2772.98,2772.98,3
2025-11-04T12:22:07.581062,12:22:07,2780.61,2780.61,3
2025-11-04T12:22:19.237737,12:22:19,2803.64,2803.64,3
2025-11-04T12:22:31.111814,12:22:31,2745.18,2745.18,3
2025-11-04T12:22:43.394504,12:22:43,2751.07,2751.07,3
2025-11-04T12:22:55.635639,12:22:55,2804.79,2804.79,3
2025-11-04T12:23:07.523367,12:23:07,2895.52,2895.52,3
2025-11-04T12:23:19.509558,12:23:19,2964.72,2964.72,3
2025-11-04T12:23:31.197705,12:23:31,3007.13,3007.13,3
2025-11-04T12:23:43.116022,12:23:43,3016.57,3016.57,3
2025-11-04T12:23:54.763702,12:23:54,2965.18,2965.18,3
2025-11-04T12:24:06.764705,12:24:06,2904.93,2904.93,3
2025-11-04T12:24:18.670448,12:24:18,2888.38,2888.38,3
2025-11-04T12:24:30.689745,12:24:30,2762.77,2762.77,3
2025-11-04T12:24:42.749111,12:24:42,2744.99,2744.99,3
2025-11-04T12:24:54.392564,12:24:54,2729.99,2729.99,3
2025-11-04T12:25:06.291818,12:25:06,2706.89,2706.89,3
2025-11-04T12:25:18.288188,12:25:18,2699.27,2699.27,3
2025-11-04T12:25:30.193503,12:25:30,2727.8,2727.8,3
2025-11-04T12:25:42.413755,12:25:42,2748.23,2748.23,3
2025-11-04T12:25:54.465403,12:25:54,2766.9,2766.9,3
2025-11-04T12:26:06.452597,12:26:06,2849.16,2849.16,3
2025-11-04T12:26:18.198007,12:26:18,2892.64,2892.64,3
2025-11-04T12:26:30.141253,12:26:30,2835.37,2835.37,3
2025-11-04T12:26:42.596674,12:26:42,2859.91,2859.91,3
2025-11-04T12:26:54.560919,12:26:54,2967.85,2967.85,3
2025-11-04T12:27:06.456598,12:27:06,2909.37,2909.37,3
2025-11-04T12:27:18.675877,12:27:18,2921.13,2921.13,3
2025-11-04T12:27:30.591564,12:27:30,2865.8,2865.8,3
2025-11-04T12:27:42.568156,12:27:42,2832.39,2832.39,3
2025-11-04T12:27:54.524502,12:27:54,2916.26,2916.26,3
2025-11-04T12:28:06.188714,12:28:06,2847.83,2847.83,3
2025-11-04T12:28:18.089082,12:28:18,2929.99,2929.99,3
2025-11-04T12:28:30.369065,12:28:30,2876.4,2876.4,3
2025-11-04T12:28:42.314073,12:28:42,2768.76,2768.76,3
2025-11-04T12:28:54.613607,12:28:54,2891.67,2891.67,3
2025-11-04T12:29:06.261047,12:29:06,2967.94,2967.94,3
2025-11-04T12:29:17.883298,12:29:17,3034.94,3034.94,3
2025-11-04T12:29:29.822789,12:29:29,2986.95,2986.95,3
2025-11-04T12:29:41.833981,12:29:41,3109.62,3109.62,3
2025-11-04T12:29:53.820369,12:29:53,3103.35,3103.35,3
2025-11-04T12:30:05.800805,12:30:05,2996.44,2996.44,3
2025-11-04T12:30:17.753414,12:30:17,2947.8,2947.8,3
2025-11-04T12:30:29.485633,12:30:29,2966.91,2966.91,3
2025-11-04T12:30:41.407005,12:30:41,3052.27,3052.27,3
2025-11-04T12:30:53.305398,12:30:53,3056.66,3056.66,3
2025-11-04T12:31:05.302582,12:31:05,3023.47,3023.47,3
2025-11-04T12:31:17.521700,12:31:17,3169.38,3169.38,3
2025-11-04T12:31:29.419851,12:31:29,3257.13,3257.13,3
2025-11-04T12:31:41.385834,12:31:41,3168.02,3168.02,3
2025-11-04T12:31:53.272805,12:31:53,3145.82,3145.82,3
2025-11-04T12:32:04.909742,12:32:04,3267.14,3267.14,3
2025-11-04T12:32:16.502811,12:32:16,3167.46,3167.46,3
2025-11-04T12:32:28.431843,12:32:28,3186.58,3186.58,3
2025-11-04T12:32:40.377693,12:32:40,3087.5,3087.5,3
2025-11-04T12:32:52.289726,12:32:52,3073.75,3073.75,3
2025-11-04T12:33:03.924314,12:33:03,3000.71,3000.71,3
2025-11-04T12:33:16.185584,12:33:16,2919.86,2919.86,3
2025-11-04T12:33:28.190015,12:33:28,2724.0,2724.0,3
2025-11-04T12:33:39.890958,12:33:39,2660.45,2660.45,3
2025-11-04T12:33:51.852436,12:33:51,2491.56,2491.56,3
2025-11-04T12:34:03.499058,12:34:03,2577.07,2577.07,3
2025-11-04T12:34:15.127817,12:34:15,2712.64,2712.64,3
2025-11-04T12:34:27.431702,12:34:27,2543.58,2543.58,3
2025-11-04T12:34:39.432592,12:34:39,2736.44,2736.44,3
2025-11-04T12:34:51.040170,12:34:51,2762.47,2762.47,3
2025-11-04T12:35:03.621803,12:35:03,2682.97,2682.97,3
2025-11-04T12:35:15.334948,12:35:15,2569.24,2569.24,3
2025-11-04T12:35:27.326044,12:35:27,2544.49,2544.49,3
2025-11-04T12:35:39.553452,12:35:39,2538.64,2538.64,3
2025-11-04T12:35:51.494734,12:35:51,2594.76,2594.76,3
2025-11-04T12:36:03.481399,12:36:03,2547.51,2547.51,3
2025-11-04T12:36:15.402085,12:36:15,2723.84,2723.84,3
2025-11-04T12:36:27.301437,12:36:27,2817.03,2817.03,3
2025-11-04T12:36:38.914852,12:36:38,2816.74,2816.74,3
2025-11-04T12:36:51.113865,12:36:51,2757.86,2757.86,3
2025-11-04T12:37:03.281844,12:37:03,2781.22,2781.22,3
2025-11-04T12:37:15.265055,12:37:15,2677.32,2677.32,3
2025-11-04T12:37:27.565549,12:37:27,2734.34,2734.34,3
2025-11-04T12:37:39.137385,12:37:39,2744.48,2744.48,3
2025-11-04T12:37:50.710330,12:37:50,2678.12,2678.12,3
2025-11-04T12:38:02.590569,12:38:02,2841.92,2841.92,3
2025-11-04T12:38:14.446660,12:38:14,2864.19,2864.19,3
2025-11-04T12:38:26.470853,12:38:26,2798.85,2798.85,3
2025-11-04T12:38:38.476059,12:38:38,2861.08,2861.08,3
2025-11-04T12:38:50.393211,12:38:50,2826.55,2826.55,3
2025-11-04T12:39:02.575709,12:39:02,2644.62,2644.62,3
2025-11-04T12:39:14.239382,12:39:14,2555.31,2555.31,3
2025-11-04T12:39:26.483759,12:39:26,2695.09,2695.09,3
2025-11-04T12:39:38.405345,12:39:38,2696.51,2696.51,3
2025-11-04T12:39:50.328487,12:39:50,2660.96,2660.96,3
2025-11-04T12:40:02.300251,12:40:02,2684.13,2684.13,3
2025-11-04T12:40:14.252783,12:40:14,2754.38,2754.38,3
2025-11-04T12:40:26.212009,12:40:26,2718.11,2718.11,3
2025-11-04T12:40:37.831055,12:40:37,2589.31,2589.31,3
2025-11-04T12:40:49.558617,12:40:49,2601.47,2601.47,3
2025-11-04T12:41:01.485849,12:41:01,2534.28,2534.28,3
2025-11-04T12:41:13.426073,12:41:13,2550.39,2550.39,3
2025-11-04T12:41:25.399840,12:41:25,2602.27,2602.27,3
2025-11-04T12:41:37.384994,12:41:37,2603.11,2603.11,3
2025-11-04T12:41:49.379781,12:41:49,2632.9,2632.9,3
2025-11-04T12:42:01.502151,12:42:01,2575.61,2575.61,3
2025-11-04T12:42:13.484708,12:42:13,2641.51,2641.51,3
2025-11-04T12:42:25.124156,12:42:25,2599.28,2599.28,3
2025-11-04T12:42:37.295536,12:42:37,2575.11,2575.11,3
2025-11-04T12:42:49.632665,12:42:49,2584.78,2584.78,3
2025-11-04T12:43:01.634263,12:43:01,2601.64,2601.64,3
2025-11-04T12:43:13.547967,12:43:13,2493.71,2493.71,3
2025-11-04T12:43:25.482358,12:43:25,2325.1,2325.1,3
2025-11-04T12:43:37.215056,12:43:37,2386.74,2386.74,3
2025-11-04T12:43:49.483377,12:43:49,2380.39,2380.39,3
2025-11-04T12:44:01.406751,12:44:01,2329.25,2329.25,3
2025-11-04T12:44:13.026957,12:44:13,2430.57,2430.57,3
2025-11-04T12:44:25.001760,12:44:25,2466.93,2466.93,3
2025-11-04T12:44:36.912285,12:44:36,2431.87,2431.87,3
2025-11-04T12:44:48.814947,12:44:48,2380.89,2380.89,3
2025-11-04T12:45:00.738909,12:45:00,2415.84,2415.84,3
2025-11-04T12:45:12.971983,12:45:12,2357.21,2357.21,3
2025-11-04T12:45:24.924243,12:45:24,2345.66,2345.66,3
2025-11-04T12:45:36.893828,12:45:36,2372.6,2372.6,3
2025-11-04T12:45:49.077852,12:45:49,2307.63,2307.63,3
2025-11-04T12:46:01.293824,12:46:01,2333.93,2333.93,3
2025-11-04T12:46:13.211294,12:46:13,2347.98,2347.98,3
2025-11-04T12:46:25.430067,12:46:25,2416.25,2416.25,3
2025-11-04T12:46:37.035079,12:46:37,2420.77,2420.77,3
2025-11-04T12:46:48.702127,12:46:48,2727.5,2727.5,3
2025-11-04T12:47:00.322640,12:47:00,2775.04,2775.04,3
2025-11-04T12:47:12.625126,12:47:12,2657.33,2657.33,3
2025-11-04T12:47:24.509406,12:47:24,2634.83,2634.83,3
2025-11-04T12:47:36.376576,12:47:36,2666.13,2666.13,3
2025-11-04T12:47:48.330717,12:47:48,2658.16,2658.16,3
2025-11-04T12:48:00.219504,12:48:00,2667.25,2667.25,3
2025-11-04T12:48:12.172117,12:48:12,2626.78,2626.78,3
2025-11-04T12:48:24.092148,12:48:24,2748.03,2748.03,3
2025-11-04T12:48:36.303910,12:48:36,2678.96,2678.96,3
2025-11-04T12:48:48.228308,12:48:48,2769.04,2769.04,3
2025-11-04T12:49:00.250734,12:49:00,2771.65,2771.65,3
2025-11-04T12:49:12.227825,12:49:12,2742.91,2742.91,3
2025-11-04T12:49:23.888222,12:49:23,2738.27,2738.27,3
2025-11-04T12:49:35.895033,12:49:35,2703.75,2703.75,3
2025-11-04T12:49:47.822881,12:49:47,2683.46,2683.46,3
2025-11-04T12:49:59.774418,12:49:59,2659.5,2659.5,3
2025-11-04T12:50:11.712244,12:50:11,2632.64,2632.64,3
2025-11-04T12:50:23.717648,12:50:23,2674.05,2674.05,3
2025-11-04T12:50:35.633443,12:50:35,2664.25,2664.25,3
2025-11-04T12:50:47.393788,12:50:47,2634.19,2634.19,3
2025-11-04T12:50:59.148273,12:50:59,2696.68,2696.68,3
2025-11-04T12:51:11.023418,12:51:11,2656.48,2656.48,3
2025-11-04T12:51:22.663194,12:51:22,2692.8,2692.8,3
2025-11-04T12:51:34.679665,12:51:34,2636.18,2636.18,3
2025-11-04T12:51:46.713081,12:51:46,2663.13,2663.13,3
2025-11-04T12:51:58.613197,12:51:58,2675.57,2675.57,3
2025-11-04T12:52:10.572713,12:52:10,2731.18,2731.18,3
2025-11-04T12:52:22.532983,12:52:22,2680.69,2680.69,3
2025-11-04T12:52:34.193922,12:52:34,2701.48,2701.48,3
2025-11-04T12:52:46.180915,12:52:46,2592.24,2592.24,3
2025-11-04T12:52:57.870176,12:52:57,2640.96,2640.96,3
2025-11-04T12:53:09.539241,12:53:09,2564.28,2564.28,3
2025-11-04T12:53:21.419922,12:53:21,2590.89,2590.89,3
2025-11-04T12:53:33.452290,12:53:33,2556.66,2556.66,3
2025-11-04T12:53:45.361471,12:53:45,2500.09,2500.09,3
2025-11-04T12:53:57.044482,12:53:57,2504.65,2504.65,3
2025-11-04T12:54:09.447485,12:54:09,2550.39,2550.39,3
2025-11-04T12:54:21.307127,12:54:21,2530.73,2530.73,3
2025-11-04T12:54:33.491289,12:54:33,2505.91,2505.91,3
2025-11-04T12:54:45.480723,12:54:45,2495.8,2495.8,3
2025-11-04T12:54:57.499432,12:54:57,2498.96,2498.96,3
2025-11-04T12:55:09.437968,12:55:09,2515.4,2515.4,3
2025-11-04T12:55:21.023727,12:55:21,2506.02,2506.02,3
2025-11-04T12:55:32.947901,12:55:32,2507.78,2507.78,3
2025-11-04T12:55:44.677500,12:55:44,2628.76,2628.76,3
2025-11-04T12:55:56.601376,12:55:56,2642.72,2642.72,3
2025-11-04T12:56:08.501618,12:56:08,2685.01,2685.01,3
2025-11-04T12:56:20.525745,12:56:20,2825.35,2825.35,3
2025-11-04T12:56:32.427143,12:56:32,2770.7,2770.7,3
2025-11-04T12:56:44.601870,12:56:44,2683.13,2683.13,3
2025-11-04T12:56:56.492806,12:56:56,2629.98,2629.98,3
2025-11-04T12:57:08.388494,12:57:08,2585.64,2585.64,3
2025-11-04T12:57:20.375441,12:57:20,2563.8,2563.8,3
2025-11-04T12:57:32.631872,12:57:32,2477.42,2477.42,3
2025-11-04T12:57:44.615292,12:57:44,2476.59,2476.59,3
2025-11-04T12:57:56.620672,12:57:56,2491.27,2491.27,3
2025-11-04T12:58:08.548106,12:58:08,2474.65,2474.65,3
2025-11-04T12:58:20.438279,12:58:20,2302.02,2302.02,3
2025-11-04T12:58:32.108700,12:58:32,2332.02,2332.02,3
2025-11-04T12:58:44.028587,12:58:44,2202.29,2202.29,3
2025-11-04T12:58:56.220167,12:58:56,2262.9,2262.9,3
2025-11-04T12:59:08.231078,12:59:08,2238.83,2238.83,3
2025-11-04T12:59:20.213307,12:59:20,2342.08,2342.08,3
2025-11-04T12:59:31.793915,12:59:31,2322.11,2322.11,3
2025-11-04T12:59:43.457297,12:59:43,2325.61,2325.61,3
2025-11-04T12:59:55.592465,12:59:55,2269.55,2269.55,3
2025-11-04T13:00:07.739683,13:00:07,2345.75,2345.75,3
2025-11-04T13:00:19.729206,13:00:19,2412.04,2412.04,3
2025-11-04T13:00:31.619567,13:00:31,2412.01,2412.01,3
2025-11-04T13:00:43.544878,13:00:43,2424.63,2424.63,3
2025-11-04T13:00:55.149008,13:00:55,2433.34,2433.34,3
2025-11-04T13:01:06.750585,13:01:06,2461.04,2461.04,3
2025-11-04T13:01:18.745412,13:01:18,2575.83,2575.83,3
2025-11-04T13:01:30.644434,13:01:30,2574.3,2574.3,3
2025-11-04T13:01:42.310970,13:01:42,2527.33,2527.33,3
2025-11-04T13:01:54.470131,13:01:54,2485.04,2485.04,3
2025-11-04T13:02:06.434004,13:02:06,2515.47,2515.47,3
2025-11-04T13:02:18.379311,13:02:18,2465.18,2465.18,3
2025-11-04T13:02:30.422014,13:02:30,2441.46,2441.46,3
2025-11-04T13:02:42.479330,13:02:42,2514.47,2514.47,3
2025-11-04T13:02:54.404487,13:02:54,2593.56,2593.56,3
2025-11-04T13:03:06.436505,13:03:06,2550.25,2550.25,3
2025-11-04T13:03:18.329321,13:03:18,2550.46,2550.46,3
2025-11-04T13:03:30.540624,13:03:30,2581.11,2581.11,3
2025-11-04T13:03:42.576681,13:03:42,2567.49,2567.49,3
2025-11-04T13:03:54.457986,13:03:54,2561.75,2561.75,3
2025-11-04T13:04:06.357538,13:04:06,2654.41,2654.41,3
2025-11-04T13:04:18.578587,13:04:18,2652.94,2652.94,3
2025-11-04T13:04:30.522148,13:04:30,2613.66,2613.66,3
2025-11-04T13:04:42.600420,13:04:42,2551.08,2551.08,3
2025-11-04T13:04:54.586509,13:04:54,2544.36,2544.36,3
2025-11-04T13:05:06.383980,13:05:06,2543.25,2543.25,3
2025-11-04T13:05:18.396083,13:05:18,2670.26,2670.26,3
2025-11-04T13:05:30.371800,13:05:30,2638.92,2638.92,3
2025-11-04T13:05:42.291969,13:05:42,2635.31,2635.31,3
2025-11-04T13:05:54.435705,13:05:54,2692.17,2692.17,3
2025-11-04T13:06:06.359883,13:06:06,2725.68,2725.68,3
2025-11-04T13:06:18.606062,13:06:18,2645.83,2645.83,3
2025-11-04T13:06:30.565594,13:06:30,2624.54,2624.54,3
2025-11-04T13:06:42.500449,13:06:42,2622.91,2622.91,3
2025-11-04T13:06:54.189045,13:06:54,2621.01,2621.01,3
2025-11-04T13:07:06.107453,13:07:06,2784.37,2784.37,3
2025-11-04T13:07:17.782378,13:07:17,2734.9,2734.9,3
2025-11-04T13:07:29.694632,13:07:29,2750.55,2750.55,3
2025-11-04T13:07:41.751752,13:07:41,2765.72,2765.72,3
2025-11-04T13:07:53.759484,13:07:53,2832.97,2832.97,3
2025-11-04T13:08:05.716922,13:08:05,2831.55,2831.55,3
2025-11-04T13:08:17.361793,13:08:17,2749.45,2749.45,3
2025-11-04T13:08:29.076140,13:08:29,2780.04,2780.04,3
2025-11-04T13:08:40.738563,13:08:40,2736.53,2736.53,3
2025-11-04T13:08:52.650018,13:08:52,2718.72,2718.72,3
2025-11-04T13:09:04.573086,13:09:04,2698.44,2698.44,3
2025-11-04T13:09:16.198337,13:09:16,2802.48,2802.48,3
2025-11-04T13:09:28.379610,13:09:28,2759.09,2759.09,3
2025-11-04T13:09:40.646975,13:09:40,2848.86,2848.86,3
2025-11-04T13:09:52.620146,13:09:52,2889.63,2889.63,3
2025-11-04T13:10:04.268286,13:10:04,2838.56,2838.56,3
2025-11-04T13:10:16.234089,13:10:16,2909.87,2909.87,3
2025-11-04T13:10:28.133938,13:10:28,2936.33,2936.33,3
2025-11-04T13:10:40.361572,13:10:40,2932.93,2932.93,3
2025-11-04T13:10:51.930985,13:10:51,2922.55,2922.55,3
2025-11-04T13:11:04.246646,13:11:04,2882.76,2882.76,3
2025-11-04T13:11:16.092988,13:11:16,2881.6,2881.6,3
2025-11-04T13:11:27.694860,13:11:27,2912.94,2912.94,3
2025-11-04T13:11:39.591778,13:11:39,2800.87,2800.87,3
2025-11-04T13:11:51.498617,13:11:51,2760.55,2760.55,3
2025-11-04T13:12:03.432468,13:12:03,2714.04,2714.04,3
2025-11-04T13:12:15.476617,13:12:15,2655.2,2655.2,3
2025-11-04T13:12:27.648335,13:12:27,2601.64,2601.64,3
2025-11-04T13:12:39.633623,13:12:39,2571.39,2571.39,3
2025-11-04T13:12:51.711020,13:12:51,2552.73,2552.73,3
2025-11-04T13:13:04.002127,13:13:04,2499.81,2499.81,3
2025-11-04T13:13:16.225960,13:13:16,2233.34,2233.34,3
2025-11-04T13:13:28.354741,13:13:28,2353.51,2353.51,3
2025-11-04T13:13:40.673427,13:13:40,2366.48,2366.48,3
2025-11-04T13:13:52.609720,13:13:52,2361.04,2361.04,3
2025-11-04T13:14:04.601828,13:14:04,2292.57,2292.57,3
2025-11-04T13:14:16.560886,13:14:16,2350.14,2350.14,3
2025-11-04T13:14:28.527888,13:14:28,2360.56,2360.56,3
2025-11-04T13:14:40.523528,13:14:40,2281.46,2281.46,3
2025-11-04T13:14:52.490570,13:14:52,2290.83,2290.83,3
2025-11-04T13:15:04.426875,13:15:04,2352.09,2352.09,3
2025-11-04T13:15:16.470499,13:15:16,2390.57,2390.57,3
2025-11-04T13:15:28.475681,13:15:28,2470.53,2470.53,3
2025-11-04T13:15:40.371235,13:15:40,2384.11,2384.11,3
2025-11-04T13:15:52.559797,13:15:52,2415.37,2415.37,3
2025-11-04T13:16:04.470594,13:16:04,2442.41,2442.41,3
2025-11-04T13:16:16.652124,13:16:16,2380.15,2380.15,3
2025-11-04T13:16:28.559156,13:16:28,2402.91,2402.91,3
2025-11-04T13:16:40.458529,13:16:40,2430.34,2430.34,3
2025-11-04T13:16:52.659561,13:16:52,2446.51,2446.51,3
2025-11-04T13:17:04.572030,13:17:04,2474.99,2474.99,3
2025-11-04T13:17:16.554616,13:17:16,2490.33,2490.33,3
2025-11-04T13:17:28.536977,13:17:28,2413.6,2413.6,3
2025-11-04T13:17:40.505056,13:17:40,2421.14,2421.14,3
2025-11-04T13:17:52.451509,13:17:52,2419.18,2419.18,3
2025-11-04T13:18:04.628569,13:18:04,2341.09,2341.09,3
2025-11-04T13:18:16.621400,13:18:16,2243.55,2243.55,3
2025-11-04T13:18:28.309347,13:18:28,2284.94,2284.94,3
2025-11-04T13:18:40.503072,13:18:40,2247.87,2247.87,3
2025-11-04T13:18:52.153241,13:18:52,2283.88,2283.88,3
2025-11-04T13:19:03.804053,13:19:03,2246.46,2246.46,3
2025-11-04T13:19:15.888111,13:19:15,2311.43,2311.43,3
2025-11-04T13:19:27.855763,13:19:27,2277.39,2277.39,3
2025-11-04T13:19:39.778353,13:19:39,2351.13,2351.13,3
2025-11-04T13:19:51.853788,13:19:51,2313.43,2313.43,3
2025-11-04T13:20:03.841911,13:20:03,2381.79,2381.79,3
2025-11-04T13:20:15.793421,13:20:15,2395.02,2395.02,3
2025-11-04T13:20:27.871700,13:20:27,2448.86,2448.86,3
2025-11-04T13:20:39.583955,13:20:39,2393.44,2393.44,3
2025-11-04T13:20:51.501217,13:20:51,2372.11,2372.11,3
2025-11-04T13:21:03.143296,13:21:03,2364.04,2364.04,3
2025-11-04T13:21:15.386576,13:21:15,2449.58,2449.58,3
2025-11-04T13:21:27.352140,13:21:27,2440.48,2440.48,3
2025-11-04T13:21:39.532979,13:21:39,2431.99,2431.99,3
2025-11-04T13:21:51.210580,13:21:51,2457.72,2457.72,3
2025-11-04T13:22:03.127584,13:22:03,2543.2,2543.2,3
2025-11-04T13:22:15.065747,13:22:15,2502.23,2502.23,3
2025-11-04T13:22:26.976447,13:22:26,2553.07,2553.07,3
2025-11-04T13:22:38.647739,13:22:38,2562.91,2562.91,3
2025-11-04T13:22:50.663090,13:22:50,2585.68,2585.68,3
2025-11-04T13:23:02.291753,13:23:02,2586.81,2586.81,3
2025-11-04T13:23:14.552859,13:23:14,2483.76,2483.76,3
2025-11-04T13:23:26.528696,13:23:26,2483.37,2483.37,3
2025-11-04T13:23:38.263336,13:23:38,2508.39,2508.39,3
2025-11-04T13:23:50.268232,13:23:50,2553.38,2553.38,3
2025-11-04T13:24:02.244121,13:24:02,2580.59,2580.59,3
2025-11-04T13:24:14.492098,13:24:14,2503.44,2503.44,3
2025-11-04T13:24:26.392888,13:24:26,2523.57,2523.57,3
2025-11-04T13:24:38.723359,13:24:38,2545.34,2545.34,3
2025-11-04T13:24:50.633370,13:24:50,2589.71,2589.71,3
2025-11-04T13:25:02.887749,13:25:02,2613.07,2613.07,3
2025-11-04T13:25:14.787497,13:25:14,2508.59,2508.59,3
2025-11-04T13:25:26.693166,13:25:26,2483.31,2483.31,3
2025-11-04T13:25:38.611603,13:25:38,2522.64,2522.64,3
2025-11-04T13:25:50.544936,13:25:50,2386.18,2386.18,3
2025-11-04T13:26:02.556353,13:26:02,2452.57,2452.57,3
2025-11-04T13:26:14.206369,13:26:14,2513.9,2513.9,3
2025-11-04T13:26:26.435557,13:26:26,2551.76,2551.76,3
2025-11-04T13:26:38.437208,13:26:38,2576.59,2576.59,3
2025-11-04T13:26:50.452246,13:26:50,2605.08,2605.08,3
2025-11-04T13:27:02.653529,13:27:02,2667.77,2667.77,3
2025-11-04T13:27:14.613719,13:27:14,2649.97,2649.97,3
2025-11-04T13:27:26.521052,13:27:26,2654.29,2654.29,3
2025-11-04T13:27:38.465423,13:27:38,2594.32,2594.32,3
2025-11-04T13:27:50.675923,13:27:50,2578.54,2578.54,3
2025-11-04T13:28:02.574268,13:28:02,2570.2,2570.2,3
2025-11-04T13:28:14.210187,13:28:14,2557.12,2557.12,3
2025-11-04T13:28:26.418323,13:28:26,2540.61,2540.61,3
2025-11-04T13:28:38.448114,13:28:38,2557.77,2557.77,3
2025-11-04T13:28:50.632163,13:28:50,2530.22,2530.22,3
2025-11-04T13:29:02.582120,13:29:02,2544.89,2544.89,3
2025-11-04T13:29:14.498587,13:29:14,2496.26,2496.26,3
2025-11-04T13:29:26.440954,13:29:26,2522.36,2522.36,3
2025-11-04T13:29:38.381889,13:29:38,2485.5,2485.5,3
2025-11-04T13:29:50.405410,13:29:50,2485.31,2485.31,3
2025-11-04T13:30:02.679413,13:30:02,2484.91,2484.91,3
2025-11-04T13:30:14.573593,13:30:14,2534.86,2534.86,3
2025-11-04T13:30:26.706634,13:30:26,2531.81,2531.81,3
2025-11-04T13:30:38.889671,13:30:38,2488.42,2488.42,3
2025-11-04T13:30:51.136329,13:30:51,2487.96,2487.96,3
2025-11-04T13:31:03.521490,13:31:03,2591.74,2591.74,3
2025-11-04T13:31:15.830021,13:31:15,2485.78,2485.78,3
2025-11-04T13:31:27.965693,13:31:27,2484.84,2484.84,3
2025-11-04T13:31:39.985140,13:31:39,2407.84,2407.84,3
2025-11-04T13:31:52.437208,13:31:52,2362.27,2362.27,3
2025-11-04T13:32:04.702637,13:32:04,2310.54,2310.54,3
2025-11-04T13:32:17.615707,13:32:17,2342.32,2342.32,3
2025-11-04T13:32:29.840954,13:32:29,2357.13,2357.13,3
2025-11-04T13:32:42.075906,13:32:42,2368.48,2368.48,3
2025-11-04T13:32:54.530438,13:32:54,2386.98,2386.98,3
2025-11-04T13:33:06.819152,13:33:06,2363.02,2363.02,3
2025-11-04T13:33:19.207221,13:33:19,2333.15,2333.15,3
2025-11-04T13:33:31.749119,13:33:31,2395.02,2395.02,3
2025-11-04T13:33:43.732323,13:33:43,2267.31,2267.31,3
2025-11-04T13:33:55.768826,13:33:55,2265.32,2265.32,3
2025-11-04T13:34:07.826072,13:34:07,2270.76,2270.76,3
2025-11-04T13:34:19.830259,13:34:19,2276.12,2276.12,3
2025-11-04T13:34:31.746694,13:34:31,2244.78,2244.78,3
2025-11-04T13:34:43.661203,13:34:43,2263.58,2263.58,3
2025-11-04T13:34:55.672889,13:34:55,2236.42,2236.42,3
2025-11-04T13:35:08.016188,13:35:08,2145.26,2145.26,3
2025-11-04T13:35:20.424273,13:35:20,2190.86,2190.86,3
2025-11-04T13:35:32.658578,13:35:32,2068.23,2068.23,3
2025-11-04T13:35:44.591215,13:35:44,2001.93,2001.93,3
2025-11-04T13:35:56.556588,13:35:56,2046.52,2046.52,3
2025-11-04T13:36:08.455707,13:36:08,2100.54,2100.54,3
2025-11-04T13:36:20.406232,13:36:20,2027.34,2027.34,3
2025-11-04T13:36:32.661764,13:36:32,2041.62,2041.62,3
2025-11-04T13:36:44.602666,13:36:44,2074.64,2074.64,3
2025-11-04T13:36:56.668661,13:36:56,2130.37,2130.37,3
2025-11-04T13:37:08.657395,13:37:08,2062.77,2062.77,3
2025-11-04T13:37:20.627450,13:37:20,1909.71,1909.71,3
2025-11-04T13:37:32.816057,13:37:32,1936.92,1936.92,3
2025-11-04T13:37:44.768128,13:37:44,1968.33,1968.33,3
2025-11-04T13:37:56.713515,13:37:56,1994.37,1994.37,3
2025-11-04T13:38:08.680603,13:38:08,1953.83,1953.83,3
2025-11-04T13:38:20.698932,13:38:20,1979.88,1979.88,3
2025-11-04T13:38:32.659778,13:38:32,1981.1,1981.1,3
2025-11-04T13:38:44.654687,13:38:44,1870.23,1870.23,3
2025-11-04T13:38:56.874655,13:38:56,1819.88,1819.88,3
2025-11-04T13:39:08.945587,13:39:08,1948.47,1948.47,3
2025-11-04T13:39:21.168369,13:39:21,1868.06,1868.06,3
2025-11-04T13:39:33.433655,13:39:33,1870.67,1870.67,3
2025-11-04T13:39:45.364714,13:39:45,1848.5,1848.5,3
2025-11-04T13:39:57.365865,13:39:57,1860.93,1860.93,3
2025-11-04T13:40:10.023988,13:40:10,1855.42,1855.42,3
2025-11-04T13:40:22.075512,13:40:22,1808.11,1808.11,3
2025-11-04T13:40:33.999885,13:40:33,1861.1,1861.1,3
2025-11-04T13:40:46.385998,13:40:46,1958.24,1958.24,3
2025-11-04T13:40:58.531718,13:40:58,1967.0,1967.0,3
2025-11-04T13:41:10.584468,13:41:10,2030.93,2030.93,3
2025-11-04T13:41:22.606770,13:41:22,2102.16,2102.16,3
2025-11-04T13:41:34.277823,13:41:34,2124.49,2124.49,3
2025-11-04T13:41:46.609432,13:41:46,2130.8,2130.8,3
2025-11-04T13:41:58.652172,13:41:58,1974.08,1974.08,3
2025-11-04T13:42:10.354715,13:42:10,2021.95,2021.95,3
2025-11-04T13:42:22.502610,13:42:22,2103.95,2103.95,3
2025-11-04T13:42:34.450064,13:42:34,2128.2,2128.2,3
2025-11-04T13:42:46.274188,13:42:46,2202.56,2202.56,3
2025-11-04T13:42:58.227123,13:42:58,2061.75,2061.75,3
2025-11-04T13:43:10.489888,13:43:10,1950.68,1950.68,3
2025-11-04T13:43:22.494089,13:43:22,1875.02,1875.02,3
2025-11-04T13:43:34.520013,13:43:34,1842.18,1842.18,3
2025-11-04T13:43:46.528963,13:43:46,1800.81,1800.81,3
2025-11-04T13:43:58.604388,13:43:58,1648.57,1648.57,3
2025-11-04T13:44:10.576179,13:44:10,1722.06,1722.06,3
2025-11-04T13:44:22.601264,13:44:22,1541.69,1541.69,3
2025-11-04T13:44:34.550219,13:44:34,1521.05,1521.05,3
2025-11-04T13:44:46.555542,13:44:46,1461.56,1461.56,3
2025-11-04T13:44:58.529020,13:44:58,1473.88,1473.88,3
2025-11-04T13:45:10.518463,13:45:10,1586.97,1586.97,3
2025-11-04T13:45:22.508433,13:45:22,1549.81,1549.81,3
2025-11-04T13:45:34.467751,13:45:34,1619.78,1619.78,3
2025-11-04T13:45:46.497720,13:45:46,1623.94,1623.94,3
2025-11-04T13:45:58.539901,13:45:58,1507.84,1507.84,3
2025-11-04T13:46:10.507807,13:46:10,1629.12,1629.12,3
2025-11-04T13:46:22.497285,13:46:22,1629.09,1629.09,3
2025-11-04T13:46:34.446045,13:46:34,1619.85,1619.85,3
2025-11-04T13:46:46.661994,13:46:46,1620.18,1620.18,3
2025-11-04T13:46:58.610484,13:46:58,1497.86,1497.86,3
2025-11-04T13:47:10.538233,13:47:10,1424.39,1424.39,3
2025-11-04T13:47:22.453649,13:47:22,1403.96,1403.96,3
2025-11-04T13:47:34.426952,13:47:34,1341.87,1341.87,3
2025-11-04T13:47:46.350581,13:47:46,1368.01,1368.01,3
2025-11-04T13:47:58.405340,13:47:58,1374.71,1374.71,3
2025-11-04T13:48:10.603270,13:48:10,1377.37,1377.37,3
2025-11-04T13:48:22.572895,13:48:22,1352.67,1352.67,3
2025-11-04T13:48:34.603503,13:48:34,1318.39,1318.39,3
2025-11-04T13:48:46.606525,13:48:46,1322.24,1322.24,3
2025-11-04T13:48:58.585399,13:48:58,1379.5,1379.5,3
2025-11-04T13:49:10.221898,13:49:10,1428.44,1428.44,3
2025-11-04T13:49:22.145359,13:49:22,1373.45,1373.45,3
2025-11-04T13:49:33.847348,13:49:33,1326.33,1326.33,3
2025-11-04T13:49:45.881820,13:49:45,1331.48,1331.48,3
2025-11-04T13:49:58.121466,13:49:58,1316.91,1316.91,3
2025-11-04T13:50:10.366296,13:50:10,1362.46,1362.46,3
2025-11-04T13:50:22.539036,13:50:22,1341.2,1341.2,3
2025-11-04T13:50:34.527357,13:50:34,1352.07,1352.07,3
2025-11-04T13:50:46.481086,13:50:46,1482.52,1482.52,3
2025-11-04T13:50:58.196814,13:50:58,1699.66,1699.66,3
2025-11-04T13:51:10.448109,13:51:10,1817.0,1817.0,3
2025-11-04T13:51:22.080025,13:51:22,1956.84,1956.84,3
2025-11-04T13:51:34.034260,13:51:34,2053.44,2053.44,3
2025-11-04T13:51:46.318730,13:51:46,2053.09,2053.09,3
2025-11-04T13:51:58.585958,13:51:58,2011.82,2011.82,3
2025-11-04T13:52:10.626432,13:52:10,2011.61,2011.61,3
2025-11-04T13:52:22.571485,13:52:22,2006.72,2006.72,3
2025-11-04T13:52:34.606166,13:52:34,2006.88,2006.88,3
2025-11-04T13:52:46.644798,13:52:46,2223.18,2223.18,3
2025-11-04T13:52:58.699180,13:52:58,2332.85,2332.85,3
2025-11-04T13:53:10.727640,13:53:10,2372.45,2372.45,3
2025-11-04T13:53:22.703751,13:53:22,2285.72,2285.72,3
2025-11-04T13:53:34.649454,13:53:34,2282.95,2282.95,3
2025-11-04T13:53:46.642987,13:53:46,2277.14,2277.14,3
2025-11-04T13:53:58.654174,13:53:58,2415.22,2415.22,3
2025-11-04T13:54:10.709670,13:54:10,2427.68,2427.68,3
2025-11-04T13:54:22.703616,13:54:22,2302.88,2302.88,3
2025-11-04T13:54:34.635069,13:54:34,2339.33,2339.33,3
2025-11-04T13:54:46.598990,13:54:46,2332.94,2332.94,3
2025-11-04T13:54:58.323003,13:54:58,2349.34,2349.34,3
2025-11-04T13:55:10.256367,13:55:10,2510.28,2510.28,3
2025-11-04T13:55:22.188579,13:55:22,2451.33,2451.33,3
2025-11-04T13:55:34.188346,13:55:34,2435.48,2435.48,3
2025-11-04T13:55:46.435800,13:55:46,2347.92,2347.92,3
2025-11-04T13:55:58.451861,13:55:58,2302.87,2302.87,3
2025-11-04T13:56:10.408820,13:56:10,2209.64,2209.64,3
2025-11-04T13:56:22.372265,13:56:22,2130.78,2130.78,3
2025-11-04T13:56:34.432681,13:56:34,2099.13,2099.13,3
2025-11-04T13:56:46.490095,13:56:46,2127.11,2127.11,3
2025-11-04T13:56:58.469056,13:56:58,2002.5,2002.5,3
2025-11-04T13:57:10.423235,13:57:10,2097.68,2097.68,3
2025-11-04T13:57:22.393132,13:57:22,2109.96,2109.96,3
2025-11-04T13:57:34.412371,13:57:34,2094.29,2094.29,3
2025-11-04T13:57:46.374179,13:57:46,2055.0,2055.0,3
2025-11-04T13:57:58.615427,13:57:58,2053.97,2053.97,3
2025-11-04T13:58:10.546484,13:58:10,1986.18,1986.18,3
2025-11-04T13:58:22.541304,13:58:22,2022.78,2022.78,3
2025-11-04T13:58:34.554984,13:58:34,2069.65,2069.65,3
2025-11-04T13:58:46.539409,13:58:46,1973.44,1973.44,3
2025-11-04T13:58:58.509850,13:58:58,1981.32,1981.32,3
2025-11-04T13:59:10.560365,13:59:10,2006.17,2006.17,3
2025-11-04T13:59:22.507098,13:59:22,2044.47,2044.47,3
2025-11-04T13:59:34.492471,13:59:34,2025.84,2025.84,3
2025-11-04T13:59:46.532433,13:59:46,2038.43,2038.43,3
2025-11-04T13:59:58.577891,13:59:58,2084.46,2084.46,3
2025-11-04T14:00:10.654477,14:00:10,2076.06,2076.06,3
2025-11-04T14:00:22.642469,14:00:22,2057.2,2057.2,3
2025-11-04T14:00:34.828592,14:00:34,2034.91,2034.91,3
2025-11-04T14:00:46.844853,14:00:46,2098.7,2098.7,3
2025-11-04T14:00:59.164214,14:00:59,2260.1,2260.1,3
2025-11-04T14:01:11.494339,14:01:11,2444.84,2444.84,3
2025-11-04T14:01:23.478205,14:01:23,2445.33,2445.33,3
2025-11-04T14:01:35.543346,14:01:35,2457.95,2457.95,3
2025-11-04T14:01:47.468229,14:01:47,2546.62,2546.62,3
2025-11-04T14:01:59.472272,14:01:59,2554.72,2554.72,3
2025-11-04T14:02:11.363724,14:02:11,2615.49,2615.49,3
2025-11-04T14:02:23.378146,14:02:23,2544.17,2544.17,3
2025-11-04T14:02:35.639284,14:02:35,2510.55,2510.55,3
2025-11-04T14:02:47.696136,14:02:47,2590.15,2590.15,3
2025-11-04T14:02:59.619435,14:02:59,2574.18,2574.18,3
2025-11-04T14:03:11.721526,14:03:11,2602.93,2602.93,3
2025-11-04T14:03:23.675159,14:03:23,2595.91,2595.91,3
2025-11-04T14:03:35.704880,14:03:35,2575.93,2575.93,3
2025-11-04T14:03:47.679487,14:03:47,2588.34,2588.34,3
2025-11-04T14:03:59.610375,14:03:59,2608.33,2608.33,3
2025-11-04T14:04:11.511118,14:04:11,2488.04,2488.04,3
2025-11-04T14:04:23.510013,14:04:23,2434.7,2434.7,3
2025-11-04T14:04:35.488260,14:04:35,2537.71,2537.71,3
2025-11-04T14:04:47.447672,14:04:47,2507.19,2507.19,3
2025-11-04T14:04:59.529567,14:04:59,2507.08,2507.08,3
2025-11-04T14:05:11.546457,14:05:11,2423.11,2423.11,3
2025-11-04T14:05:23.185493,14:05:23,2468.36,2468.36,3
2025-11-04T14:05:35.433673,14:05:35,2469.66,2469.66,3
2025-11-04T14:05:47.374900,14:05:47,2542.25,2542.25,3
2025-11-04T14:05:59.362538,14:05:59,2574.04,2574.04,3
2025-11-04T14:06:11.610600,14:06:11,2632.47,2632.47,3
2025-11-04T14:06:23.578119,14:06:23,2754.19,2754.19,3
2025-11-04T14:06:35.620315,14:06:35,2618.81,2618.81,3
2025-11-04T14:06:47.676814,14:06:47,2655.44,2655.44,3
2025-11-04T14:06:59.399934,14:06:59,2593.66,2593.66,3
2025-11-04T14:07:11.411069,14:07:11,2599.58,2599.58,3
2025-11-04T14:07:23.448766,14:07:23,2544.97,2544.97,3
2025-11-04T14:07:35.382811,14:07:35,2558.08,2558.08,3
2025-11-04T14:07:47.601859,14:07:47,2571.98,2571.98,3
2025-11-04T14:07:59.568495,14:07:59,2588.43,2588.43,3
2025-11-04T14:08:11.517829,14:08:11,2718.27,2718.27,3
2025-11-04T14:08:23.510403,14:08:23,2683.89,2683.89,3
2025-11-04T14:08:35.480025,14:08:35,2668.9,2668.9,3
2025-11-04T14:08:47.152204,14:08:47,2629.91,2629.91,3
2025-11-04T14:08:58.787467,14:08:58,2643.51,2643.51,3
2025-11-04T14:09:10.793460,14:09:10,2578.91,2578.91,3
2025-11-04T14:09:22.798070,14:09:22,2481.58,2481.58,3
2025-11-04T14:09:34.855094,14:09:34,2508.91,2508.91,3
2025-11-04T14:09:46.861616,14:09:46,2489.33,2489.33,3
2025-11-04T14:09:58.556644,14:09:58,2558.4,2558.4,3
2025-11-04T14:10:10.233619,14:10:10,2573.8,2573.8,3
2025-11-04T14:10:22.312969,14:10:22,2557.66,2557.66,3
2025-11-04T14:10:34.332710,14:10:34,2560.09,2560.09,3
2025-11-04T14:10:46.011861,14:10:46,2518.92,2518.92,3
2025-11-04T14:10:58.256588,14:10:58,2553.2,2553.2,3
2025-11-04T14:11:10.221320,14:11:10,2542.81,2542.81,3
2025-11-04T14:11:22.160141,14:11:22,2538.09,2538.09,3
2025-11-04T14:11:34.209405,14:11:34,2574.88,2574.88,3
2025-11-04T14:11:45.909893,14:11:45,2582.69,2582.69,3
2025-11-04T14:11:58.450932,14:11:58,2543.4,2543.4,3
2025-11-04T14:12:10.521966,14:12:10,2606.49,2606.49,3
2025-11-04T14:12:22.460203,14:12:22,2591.96,2591.96,3
2025-11-04T14:12:34.380223,14:12:34,2567.72,2567.72,3
2025-11-04T14:12:46.306821,14:12:46,2523.7,2523.7,3
2025-11-04T14:12:58.230850,14:12:58,2525.83,2525.83,3
2025-11-04T14:13:09.967347,14:13:09,2462.07,2462.07,3
2025-11-04T14:13:21.617288,14:13:21,2515.37,2515.37,3
2025-11-04T14:13:33.265955,14:13:33,2468.06,2468.06,3
2025-11-04T14:13:44.923275,14:13:44,2563.22,2563.22,3
2025-11-04T14:13:56.864037,14:13:56,2566.07,2566.07,3
2025-11-04T14:14:08.521530,14:14:08,2563.91,2563.91,3
2025-11-04T14:14:20.197481,14:14:20,2521.85,2521.85,3
2025-11-04T14:14:32.419752,14:14:32,2490.59,2490.59,3
2025-11-04T14:14:44.355958,14:14:44,2494.02,2494.02,3
2025-11-04T14:14:56.275608,14:14:56,2461.24,2461.24,3
2025-11-04T14:15:08.481175,14:15:08,2529.8,2529.8,3
2025-11-04T14:15:20.499355,14:15:20,2474.24,2474.24,3
2025-11-04T14:15:32.474553,14:15:32,2271.18,2271.18,3
2025-11-04T14:15:44.191778,14:15:44,2326.3,2326.3,3
2025-11-04T14:15:56.207692,14:15:56,2289.25,2289.25,3
2025-11-04T14:16:08.142037,14:16:08,2077.03,2077.03,3
2025-11-04T14:16:20.207528,14:16:20,2053.4,2053.4,3
2025-11-04T14:16:32.433652,14:16:32,2049.63,2049.63,3
2025-11-04T14:16:44.364061,14:16:44,1907.83,1907.83,3
2025-11-04T14:16:56.362155,14:16:56,1864.17,1864.17,3
2025-11-04T14:17:08.349925,14:17:08,1859.75,1859.75,3
2025-11-04T14:17:20.600637,14:17:20,1953.22,1953.22,3
2025-11-04T14:17:32.530999,14:17:32,1977.49,1977.49,3
2025-11-04T14:17:44.513959,14:17:44,1985.67,1985.67,3
2025-11-04T14:17:56.224343,14:17:56,2030.43,2030.43,3
2025-11-04T14:18:08.546431,14:18:08,2177.22,2177.22,3
2025-11-04T14:18:20.883931,14:18:20,2059.17,2059.17,3
2025-11-04T14:18:32.552158,14:18:32,2073.09,2073.09,3
2025-11-04T14:18:44.573676,14:18:44,2075.58,2075.58,3
2025-11-04T14:18:56.537083,14:18:56,2008.16,2008.16,3
2025-11-04T14:19:08.205609,14:19:08,2006.07,2006.07,3
2025-11-04T14:19:20.227295,14:19:20,1891.84,1891.84,3
2025-11-04T14:19:32.244904,14:19:32,1908.08,1908.08,3
2025-11-04T14:19:44.789714,14:19:44,1961.72,1961.72,3
2025-11-04T14:19:56.893996,14:19:56,2002.68,2002.68,3
2025-11-04T14:20:08.533665,14:20:08,1991.44,1991.44,3
2025-11-04T14:20:20.157321,14:20:20,2041.09,2041.09,3
2025-11-04T14:20:32.441649,14:20:32,1980.19,1980.19,3
2025-11-04T14:20:44.569614,14:20:44,1937.64,1937.64,3
2025-11-04T14:20:56.280101,14:20:56,1930.45,1930.45,3
2025-11-04T14:21:08.217656,14:21:08,1890.87,1890.87,3
2025-11-04T14:21:20.123595,14:21:20,1831.33,1831.33,3
2025-11-04T14:21:32.057216,14:21:32,1903.93,1903.93,3
2025-11-04T14:21:44.275749,14:21:44,1851.14,1851.14,3
2025-11-04T14:21:55.935486,14:21:55,1806.61,1806.61,3
2025-11-04T14:22:08.183866,14:22:08,1757.61,1757.61,3
2025-11-04T14:22:19.890093,14:22:19,1745.61,1745.61,3
2025-11-04T14:22:31.576213,14:22:31,1713.41,1713.41,3
2025-11-04T14:22:43.565585,14:22:43,1674.92,1674.92,3
2025-11-04T14:22:55.559452,14:22:55,1595.24,1595.24,3
2025-11-04T14:23:07.255164,14:23:07,1687.96,1687.96,3
2025-11-04T14:23:19.270313,14:23:19,1712.41,1712.41,3
2025-11-04T14:23:31.240450,14:23:31,1652.64,1652.64,3
2025-11-04T14:23:43.062148,14:23:43,1720.0,1720.0,3
2025-11-04T14:23:55.027407,14:23:55,1717.01,1717.01,3
2025-11-04T14:24:06.958099,14:24:06,1717.48,1717.48,3
2025-11-04T14:24:18.581363,14:24:18,1737.28,1737.28,3
2025-11-04T14:24:30.638745,14:24:30,1718.23,1718.23,3
2025-11-04T14:24:42.615056,14:24:42,1686.4,1686.4,3
2025-11-04T14:24:54.546810,14:24:54,1641.58,1641.58,3
2025-11-04T14:25:06.585539,14:25:06,1715.56,1715.56,3
2025-11-04T14:25:18.522163,14:25:18,1642.94,1642.94,3
2025-11-04T14:25:30.211706,14:25:30,1639.56,1639.56,3
2025-11-04T14:25:42.412854,14:25:42,1654.67,1654.67,3
2025-11-04T14:25:54.783409,14:25:54,1672.88,1672.88,3
2025-11-04T14:26:06.816878,14:26:06,1703.64,1703.64,3
2025-11-04T14:26:18.520921,14:26:18,1733.49,1733.49,3
2025-11-04T14:26:30.560554,14:26:30,1779.15,1779.15,3
2025-11-04T14:26:42.558238,14:26:42,1833.6,1833.6,3
2025-11-04T14:26:54.476512,14:26:54,1831.72,1831.72,3
2025-11-04T14:27:06.402152,14:27:06,1780.14,1780.14,3
2025-11-04T14:27:18.429272,14:27:18,1784.99,1784.99,3
2025-11-04T14:27:30.637395,14:27:30,1853.41,1853.41,3
2025-11-04T14:27:42.557831,14:27:42,1826.48,1826.48,3
2025-11-04T14:27:54.504852,14:27:54,1822.87,1822.87,3
2025-11-04T14:28:06.518445,14:28:06,1871.66,1871.66,3
2025-11-04T14:28:18.478666,14:28:18,1829.22,1829.22,3
2025-11-04T14:28:30.421039,14:28:30,1881.69,1881.69,3
2025-11-04T14:28:42.065595,14:28:42,1834.61,1834.61,3
2025-11-04T14:28:54.010545,14:28:54,1774.39,1774.39,3
2025-11-04T14:29:06.261267,14:29:06,1713.7,1713.7,3
2025-11-04T14:29:17.954647,14:29:17,1735.54,1735.54,3
2025-11-04T14:29:29.716411,14:29:29,1772.12,1772.12,3
2025-11-04T14:29:41.698061,14:29:41,1792.29,1792.29,3
2025-11-04T14:29:53.636328,14:29:53,1799.22,1799.22,3
2025-11-04T14:30:05.618428,14:30:05,1718.93,1718.93,3
2025-11-04T14:30:17.751761,14:30:17,1783.49,1783.49,3
2025-11-04T14:30:29.441884,14:30:29,1769.89,1769.89,3
2025-11-04T14:30:41.374028,14:30:41,1752.35,1752.35,3
2025-11-04T14:30:53.105688,14:30:53,1754.22,1754.22,3
2025-11-04T14:31:05.342486,14:31:05,1798.57,1798.57,3
2025-11-04T14:31:17.301750,14:31:17,1837.56,1837.56,3
2025-11-04T14:31:29.576993,14:31:29,1820.53,1820.53,3
2025-11-04T14:31:41.619249,14:31:41,1701.66,1701.66,3
2025-11-04T14:31:53.783371,14:31:53,1678.0,1678.0,3
2025-11-04T14:32:05.734873,14:32:05,1716.64,1716.64,3
2025-11-04T14:32:17.693340,14:32:17,1761.09,1761.09,3
2025-11-04T14:32:29.708374,14:32:29,1677.99,1677.99,3
2025-11-04T14:32:41.677869,14:32:41,1666.08,1666.08,3
2025-11-04T14:32:53.635637,14:32:53,1710.26,1710.26,3
2025-11-04T14:33:05.336462,14:33:05,1523.25,1523.25,3
2025-11-04T14:33:17.393516,14:33:17,1515.21,1515.21,3
2025-11-04T14:33:29.378316,14:33:29,1486.21,1486.21,3
2025-11-04T14:33:41.325191,14:33:41,1653.85,1653.85,3
2025-11-04T14:33:53.307562,14:33:53,1639.82,1639.82,3
2025-11-04T14:34:05.304816,14:34:05,1714.14,1714.14,3
2025-11-04T14:34:17.575655,14:34:17,1641.01,1641.01,3
2025-11-04T14:34:29.256064,14:34:29,1609.21,1609.21,3
2025-11-04T14:34:41.310283,14:34:41,1592.71,1592.71,3
2025-11-04T14:34:53.264150,14:34:53,1536.65,1536.65,3
2025-11-04T14:35:06.811998,14:35:06,1595.4,1595.4,3
2025-11-04T14:35:18.519203,14:35:18,1628.52,1628.52,3
2025-11-04T14:35:30.575831,14:35:30,1620.52,1620.52,3
2025-11-04T14:35:42.717671,14:35:42,1561.81,1561.81,3
2025-11-04T14:35:54.350352,14:35:54,1570.8,1570.8,3
2025-11-04T14:36:06.335724,14:36:06,1630.68,1630.68,3
2025-11-04T14:36:18.238589,14:36:18,1712.19,1712.19,3
2025-11-04T14:36:30.496498,14:36:30,1813.97,1813.97,3
2025-11-04T14:36:42.190721,14:36:42,1655.77,1655.77,3
2025-11-04T14:36:54.157603,14:36:54,1544.07,1544.07,3
2025-11-04T14:37:06.450304,14:37:06,1487.29,1487.29,3
2025-11-04T14:37:18.521291,14:37:18,1482.75,1482.75,3
2025-11-04T14:37:30.551755,14:37:30,1452.68,1452.68,3
2025-11-04T14:37:42.470985,14:37:42,1407.92,1407.92,3
2025-11-04T14:37:54.483521,14:37:54,1401.94,1401.94,3
2025-11-04T14:38:06.383461,14:38:06,1328.62,1328.62,3
2025-11-04T14:38:18.312922,14:38:18,1324.41,1324.41,3
2025-11-04T14:38:30.298558,14:38:30,1343.87,1343.87,3
2025-11-04T14:38:42.254354,14:38:42,1336.15,1336.15,3
2025-11-04T14:38:54.446025,14:38:54,1270.45,1270.45,3
2025-11-04T14:39:06.635351,14:39:06,1264.64,1264.64,3
2025-11-04T14:39:18.624486,14:39:18,1263.82,1263.82,3
2025-11-04T14:39:30.595661,14:39:30,1322.59,1322.59,3
2025-11-04T14:39:42.810228,14:39:42,1318.79,1318.79,3
2025-11-04T14:39:54.814845,14:39:54,1413.19,1413.19,3
2025-11-04T14:40:08.066341,14:40:08,1409.94,1409.94,3
2025-11-04T14:40:19.714849,14:40:19,1333.13,1333.13,3
2025-11-04T14:40:31.981232,14:40:31,1353.4,1353.4,3
2025-11-04T14:40:44.211842,14:40:44,1381.86,1381.86,3
2025-11-04T14:40:56.159605,14:40:56,1392.98,1392.98,3
2025-11-04T14:41:08.346102,14:41:08,1436.42,1436.42,3
2025-11-04T14:41:20.320997,14:41:20,1563.83,1563.83,3
2025-11-04T14:41:32.306464,14:41:32,1472.99,1472.99,3
2025-11-04T14:41:44.237404,14:41:44,1502.49,1502.49,3
2025-11-04T14:41:55.918384,14:41:55,1500.67,1500.67,3
2025-11-04T14:42:07.856133,14:42:07,1553.1,1553.1,3
2025-11-04T14:42:19.838715,14:42:19,1502.31,1502.31,3
2025-11-04T14:42:31.578277,14:42:31,1468.51,1468.51,3
2025-11-04T14:42:43.662877,14:42:43,1420.91,1420.91,3
2025-11-04T14:42:55.730384,14:42:55,1348.95,1348.95,3
2025-11-04T14:43:07.788595,14:43:07,1238.87,1238.87,3
2025-11-04T14:43:19.834089,14:43:19,1140.68,1140.68,3
2025-11-04T14:43:31.822476,14:43:31,1160.71,1160.71,3
2025-11-04T14:43:43.855543,14:43:43,1228.66,1228.66,3
2025-11-04T14:43:56.129738,14:43:56,1188.13,1188.13,3
2025-11-04T14:44:07.801100,14:44:07,1203.34,1203.34,3
2025-11-04T14:44:19.468518,14:44:19,1264.51,1264.51,3
2025-11-04T14:44:31.387746,14:44:31,1335.11,1335.11,3
2025-11-04T14:44:43.384304,14:44:43,1334.37,1334.37,3
2025-11-04T14:44:55.312573,14:44:55,1365.86,1365.86,3
2025-11-04T14:45:07.565146,14:45:07,1345.44,1345.44,3
2025-11-04T14:45:19.522383,14:45:19,1275.92,1275.92,3
2025-11-04T14:45:31.526685,14:45:31,1314.52,1314.52,3
2025-11-04T14:45:43.172870,14:45:43,1375.4,1375.4,3
2025-11-04T14:45:55.421358,14:45:55,1364.91,1364.91,3
2025-11-04T14:46:07.519712,14:46:07,1389.47,1389.47,3
2025-11-04T14:46:19.466799,14:46:19,1454.0,1454.0,3
2025-11-04T14:46:31.183633,14:46:31,1495.61,1495.61,3
2025-11-04T14:46:43.441533,14:46:43,1505.08,1505.08,3
2025-11-04T14:46:55.505252,14:46:55,1539.91,1539.91,3
2025-11-04T14:47:07.209519,14:47:07,1571.15,1571.15,3
2025-11-04T14:47:19.526968,14:47:19,1616.06,1616.06,3
2025-11-04T14:47:31.594499,14:47:31,1531.28,1531.28,3
2025-11-04T14:47:43.692179,14:47:43,1626.47,1626.47,3
2025-11-04T14:47:55.640754,14:47:55,1662.15,1662.15,3
2025-11-04T14:48:07.545769,14:48:07,1522.91,1522.91,3
2025-11-04T14:48:19.269907,14:48:19,1533.21,1533.21,3
2025-11-04T14:48:30.919351,14:48:30,1553.11,1553.11,3
2025-11-04T14:48:42.843549,14:48:42,1480.43,1480.43,3
2025-11-04T14:48:54.621882,14:48:54,1326.59,1326.59,3
2025-11-04T14:49:06.645072,14:49:06,1361.16,1361.16,3
2025-11-04T14:49:18.596287,14:49:18,1444.7,1444.7,3
2025-11-04T14:49:30.274876,14:49:30,1531.23,1531.23,3
2025-11-04T14:49:42.581028,14:49:42,1480.17,1480.17,3
2025-11-04T14:49:54.525312,14:49:54,1429.43,1429.43,3
2025-11-04T14:50:06.529870,14:50:06,1465.82,1465.82,3
2025-11-04T14:50:18.505784,14:50:18,1585.58,1585.58,3
2025-11-04T14:50:30.561788,14:50:30,1604.47,1604.47,3
2025-11-04T14:50:42.619812,14:50:42,1573.8,1573.8,3
2025-11-04T14:50:54.662468,14:50:54,1496.38,1496.38,3
2025-11-04T14:51:07.408107,14:51:07,1523.3,1523.3,3
2025-11-04T14:51:19.384758,14:51:19,1501.17,1501.17,3
2025-11-04T14:51:31.374823,14:51:31,1449.8,1449.8,3
2025-11-04T14:51:43.784530,14:51:43,1347.98,1347.98,3
2025-11-04T14:51:55.858054,14:51:55,1296.63,1296.63,3
2025-11-04T14:52:07.575246,14:52:07,1217.19,1217.19,3
2025-11-04T14:52:19.637517,14:52:19,1272.59,1272.59,3
2025-11-04T14:52:31.661322,14:52:31,1270.19,1270.19,3
2025-11-04T14:52:43.951937,14:52:43,1239.49,1239.49,3
2025-11-04T14:52:55.974068,14:52:55,1266.58,1266.58,3
2025-11-04T14:53:07.616215,14:53:07,1239.37,1239.37,3
2025-11-04T14:53:19.346749,14:53:19,1136.44,1136.44,3
2025-11-04T14:53:31.622648,14:53:31,1139.01,1139.01,3
2025-11-04T14:53:43.306496,14:53:43,1131.71,1131.71,3
2025-11-04T14:53:55.313963,14:53:55,1191.56,1191.56,3
2025-11-04T14:54:07.525015,14:54:07,1319.96,1319.96,3
2025-11-04T14:54:19.452901,14:54:19,1374.05,1374.05,3
2025-11-04T14:54:31.104971,14:54:31,1305.8,1305.8,3
2025-11-04T14:54:42.869428,14:54:42,1221.72,1221.72,3
2025-11-04T14:54:55.072502,14:54:55,1123.01,1123.01,3
2025-11-04T14:55:07.359533,14:55:07,1097.31,1097.31,3
2025-11-04T14:55:19.592413,14:55:19,1157.22,1157.22,3
2025-11-04T14:55:31.531639,14:55:31,1152.67,1152.67,3
2025-11-04T14:55:43.487610,14:55:43,1132.63,1132.63,3
2025-11-04T14:55:55.508880,14:55:55,1167.23,1167.23,3
2025-11-04T14:56:07.785976,14:56:07,1215.04,1215.04,3
2025-11-04T14:56:19.769062,14:56:19,1199.3,1199.3,3
2025-11-04T14:56:31.850128,14:56:31,1322.34,1322.34,3
2025-11-04T14:56:43.781162,14:56:43,1306.37,1306.37,3
2025-11-04T14:56:55.806098,14:56:55,1311.32,1311.32,3
2025-11-04T14:57:07.514077,14:57:07,1329.33,1329.33,3
2025-11-04T14:57:19.536296,14:57:19,1461.5,1461.5,3
2025-11-04T14:57:31.466183,14:57:31,1555.91,1555.91,3
2025-11-04T14:57:43.702804,14:57:43,1602.42,1602.42,3
2025-11-04T14:57:55.327458,14:57:55,1622.01,1622.01,3
2025-11-04T14:58:06.998770,14:58:06,1534.99,1534.99,3
2025-11-04T14:58:18.919722,14:58:18,1642.97,1642.97,3
2025-11-04T14:58:30.926939,14:58:30,1686.04,1686.04,3
2025-11-04T14:58:42.867749,14:58:42,1672.26,1672.26,3
2025-11-04T14:58:54.841726,14:58:54,1618.76,1618.76,3
2025-11-04T14:59:06.869038,14:59:06,1579.04,1579.04,3
2025-11-04T14:59:18.876044,14:59:18,1509.4,1509.4,3
2025-11-04T14:59:31.158900,14:59:31,1436.31,1436.31,3
2025-11-04T14:59:43.203519,14:59:43,1379.34,1379.34,3
2025-11-04T14:59:54.875026,14:59:54,1397.72,1397.72,3
2025-11-04T15:00:07.588858,15:00:07,1428.98,1428.98,3
2025-11-04T15:00:19.321095,15:00:19,1334.25,1334.25,3
2025-11-04T15:00:31.330523,15:00:31,1385.7,1385.7,3
2025-11-04T15:00:43.311666,15:00:43,1465.06,1465.06,3
2025-11-04T15:00:55.288777,15:00:55,1469.12,1469.12,3
2025-11-04T15:01:06.909486,15:01:06,1560.21,1560.21,3
2025-11-04T15:01:18.603500,15:01:18,1615.24,1615.24,3
2025-11-04T15:01:30.609312,15:01:30,1590.06,1590.06,3
2025-11-04T15:01:42.600358,15:01:42,1621.05,1621.05,3
2025-11-04T15:01:54.550732,15:01:54,1627.81,1627.81,3
2025-11-04T15:02:06.274727,15:02:06,1690.47,1690.47,3
2025-11-04T15:02:18.233327,15:02:18,1858.79,1858.79,3
2025-11-04T15:02:30.197391,15:02:30,1817.35,1817.35,3
2025-11-04T15:02:42.387116,15:02:42,1774.53,1774.53,3
2025-11-04T15:02:54.328886,15:02:54,1713.73,1713.73,3
2025-11-04T15:03:06.666097,15:03:06,1781.8,1781.8,3
2025-11-04T15:03:18.805233,15:03:18,1747.21,1747.21,3
2025-11-04T15:03:31.049272,15:03:31,1828.69,1828.69,3
2025-11-04T15:03:43.074996,15:03:43,1792.42,1792.42,3
2025-11-04T15:03:55.004332,15:03:55,1776.49,1776.49,3
2025-11-04T15:04:07.055629,15:04:07,1814.71,1814.71,3
2025-11-04T15:04:19.118074,15:04:19,1783.14,1783.14,3
2025-11-04T15:04:31.041517,15:04:31,1741.94,1741.94,3
2025-11-04T15:04:43.089524,15:04:43,1810.74,1810.74,3
2025-11-04T15:04:54.797736,15:04:54,1855.77,1855.77,3
2025-11-04T15:05:06.717773,15:05:06,1837.86,1837.86,3
2025-11-04T15:05:18.629761,15:05:18,1782.17,1782.17,3
2025-11-04T15:05:30.375500,15:05:30,1824.32,1824.32,3
2025-11-04T15:05:42.627301,15:05:42,1720.23,1720.23,3
2025-11-04T15:05:54.613800,15:05:54,1642.75,1642.75,3
2025-11-04T15:06:06.636451,15:06:06,1441.76,1441.76,3
2025-11-04T15:06:18.560497,15:06:18,1404.15,1404.15,3
2025-11-04T15:06:30.673547,15:06:30,1373.64,1373.64,3
2025-11-04T15:06:42.383508,15:06:42,1372.8,1372.8,3
2025-11-04T15:06:54.385904,15:06:54,1475.52,1475.52,3
2025-11-04T15:07:06.434364,15:07:06,1474.6,1474.6,3
2025-11-04T15:07:18.047977,15:07:18,1466.74,1466.74,3
2025-11-04T15:07:30.092663,15:07:30,1520.16,1520.16,3
2025-11-04T15:07:42.410229,15:07:42,1645.98,1645.98,3
2025-11-04T15:07:54.421844,15:07:54,1665.25,1665.25,3
2025-11-04T15:08:06.529271,15:08:06,1712.38,1712.38,3
2025-11-04T15:08:18.539899,15:08:18,1778.52,1778.52,3
2025-11-04T15:08:30.490341,15:08:30,1941.89,1941.89,3
2025-11-04T15:08:42.454461,15:08:42,1927.59,1927.59,3
2025-11-04T15:08:54.460011,15:08:54,1901.8,1901.8,3
2025-11-04T15:09:06.516541,15:09:06,1899.83,1899.83,3
2025-11-04T15:09:18.695871,15:09:18,1832.71,1832.71,3
2025-11-04T15:09:30.325993,15:09:30,1795.9,1795.9,3
2025-11-04T15:09:42.533083,15:09:42,1793.62,1793.62,3
2025-11-04T15:09:54.759633,15:09:54,1807.35,1807.35,3
2025-11-04T15:10:06.678322,15:10:06,1740.22,1740.22,3
2025-11-04T15:10:18.769472,15:10:18,1739.49,1739.49,3
2025-11-04T15:10:30.721065,15:10:30,1728.78,1728.78,3
2025-11-04T15:10:42.428019,15:10:42,1703.83,1703.83,3
2025-11-04T15:10:54.435994,15:10:54,1711.39,1711.39,3
2025-11-04T15:11:06.407198,15:11:06,1772.86,1772.86,3
2025-11-04T15:11:18.378551,15:11:18,1832.53,1832.53,3
2025-11-04T15:11:30.344023,15:11:30,1806.59,1806.59,3
2025-11-04T15:11:42.373433,15:11:42,1805.78,1805.78,3
2025-11-04T15:11:54.292453,15:11:54,1852.69,1852.69,3
2025-11-04T15:12:06.691013,15:12:06,1748.03,1748.03,3
2025-11-04T15:12:18.393731,15:12:18,1756.19,1756.19,3
2025-11-04T15:12:30.368330,15:12:30,1832.69,1832.69,3
2025-11-04T15:12:42.399049,15:12:42,1804.14,1804.14,3
2025-11-04T15:12:54.436678,15:12:54,1717.42,1717.42,3
2025-11-04T15:13:06.514762,15:13:06,1640.7,1640.7,3
2025-11-04T15:13:18.457085,15:13:18,1636.51,1636.51,3
2025-11-04T15:13:30.448145,15:13:30,1728.9,1728.9,3
2025-11-04T15:13:42.911026,15:13:42,1617.45,1617.45,3
2025-11-04T15:13:55.205817,15:13:55,1647.41,1647.41,3
2025-11-04T15:14:07.240078,15:14:07,1639.36,1639.36,3
2025-11-04T15:14:19.290323,15:14:19,1681.12,1681.12,3
2025-11-04T15:14:31.567629,15:14:31,1677.22,1677.22,3
2025-11-04T15:14:43.840810,15:14:43,1625.83,1625.83,3
2025-11-04T15:14:55.826366,15:14:55,1561.42,1561.42,3
2025-11-04T15:15:08.061128,15:15:08,1567.8,1567.8,3
2025-11-04T15:15:20.277135,15:15:20,1593.12,1593.12,3
2025-11-04T15:15:32.566697,15:15:32,1589.3,1589.3,3
2025-11-04T15:15:44.557153,15:15:44,1651.06,1651.06,3
2025-11-04T15:15:56.461869,15:15:56,1631.2,1631.2,3
2025-11-04T15:16:08.511403,15:16:08,1690.93,1690.93,3
2025-11-04T15:16:20.541757,15:16:20,1677.73,1677.73,3
2025-11-04T15:16:32.192341,15:16:32,1628.33,1628.33,3
2025-11-04T15:16:43.823048,15:16:43,1548.65,1548.65,3
2025-11-04T15:16:55.827085,15:16:55,1577.01,1577.01,3
2025-11-04T15:17:07.789797,15:17:07,1551.52,1551.52,3
2025-11-04T15:17:19.743975,15:17:19,1572.33,1572.33,3
2025-11-04T15:17:31.827618,15:17:31,1618.82,1618.82,3
2025-11-04T15:17:44.128597,15:17:44,1650.33,1650.33,3
2025-11-04T15:17:56.357456,15:17:56,1591.49,1591.49,3
2025-11-04T15:18:08.272044,15:18:08,1528.7,1528.7,3
2025-11-04T15:18:20.346441,15:18:20,1507.99,1507.99,3
2025-11-04T15:18:32.411741,15:18:32,1452.63,1452.63,3
2025-11-04T15:18:44.431061,15:18:44,1480.87,1480.87,3
2025-11-04T15:18:56.473254,15:18:56,1438.19,1438.19,3
2025-11-04T15:19:08.500753,15:19:08,1534.51,1534.51,3
2025-11-04T15:19:20.528698,15:19:20,1520.08,1520.08,3
2025-11-04T15:19:32.514318,15:19:32,1518.06,1518.06,3
2025-11-04T15:19:44.522969,15:19:44,1588.21,1588.21,3
2025-11-04T15:19:56.582376,15:19:56,1581.53,1581.53,3
2025-11-04T15:20:08.569887,15:20:08,1656.23,1656.23,3
2025-11-04T15:20:20.521907,15:20:20,1656.2,1656.2,3
2025-11-04T15:20:32.695889,15:20:32,1723.51,1723.51,3
2025-11-04T15:20:44.653249,15:20:44,1732.81,1732.81,3
2025-11-04T15:20:56.617369,15:20:56,1773.46,1773.46,3
2025-11-04T15:21:08.586869,15:21:08,1661.54,1661.54,3
2025-11-04T15:21:20.525785,15:21:20,1626.86,1626.86,3
2025-11-04T15:21:32.426708,15:21:32,1656.33,1656.33,3
2025-11-04T15:21:44.128072,15:21:44,1651.36,1651.36,3
2025-11-04T15:21:56.332915,15:21:56,1498.72,1498.72,3
2025-11-04T15:22:08.581165,15:22:08,1529.33,1529.33,3
2025-11-04T15:22:20.484114,15:22:20,1598.73,1598.73,3
2025-11-04T15:22:32.164782,15:22:32,1475.45,1475.45,3
2025-11-04T15:22:44.115760,15:22:44,1490.79,1490.79,3
2025-11-04T15:22:56.384394,15:22:56,1476.16,1476.16,3
2025-11-04T15:23:08.052128,15:23:08,1409.16,1409.16,3
2025-11-04T15:23:20.224704,15:23:20,1413.0,1413.0,3
2025-11-04T15:23:32.224044,15:23:32,1363.29,1363.29,3
2025-11-04T15:23:44.247763,15:23:44,1495.48,1495.48,3
2025-11-04T15:23:56.461490,15:23:56,1386.93,1386.93,3
2025-11-04T15:24:08.385084,15:24:08,1372.7,1372.7,3
2025-11-04T15:24:20.301266,15:24:20,1304.59,1304.59,3
2025-11-04T15:24:32.541023,15:24:32,1248.54,1248.54,3
2025-11-04T15:24:44.465415,15:24:44,1275.35,1275.35,3
2025-11-04T15:24:56.427525,15:24:56,1238.13,1238.13,3
2025-11-04T15:25:08.371675,15:25:08,1241.0,1241.0,3
2025-11-04T15:25:20.602554,15:25:20,1348.94,1348.94,3
2025-11-04T15:25:32.200346,15:25:32,1331.34,1331.34,3
2025-11-04T15:25:44.224703,15:25:44,1340.92,1340.92,3
2025-11-04T15:25:56.194213,15:25:56,1271.32,1271.32,3
2025-11-04T15:26:08.106594,15:26:08,1217.15,1217.15,3
2025-11-04T15:26:20.122605,15:26:20,1200.37,1200.37,3
2025-11-04T15:26:31.757013,15:26:31,1335.93,1335.93,3
2025-11-04T15:26:43.808407,15:26:43,1380.17,1380.17,3
2025-11-04T15:26:55.842948,15:26:55,1383.72,1383.72,3
2025-11-04T15:27:07.849729,15:27:07,1449.75,1449.75,3
2025-11-04T15:27:19.454032,15:27:19,1538.34,1538.34,3
2025-11-04T15:27:31.412558,15:27:31,1542.64,1542.64,3
2025-11-04T15:27:43.398964,15:27:43,1604.96,1604.96,3
2025-11-04T15:27:55.639970,15:27:55,1663.87,1663.87,3
2025-11-04T15:28:07.298974,15:28:07,1657.43,1657.43,3
2025-11-04T15:28:19.500357,15:28:19,1583.16,1583.16,3
2025-11-04T15:28:31.616343,15:28:31,1618.23,1618.23,3
2025-11-04T15:28:43.501775,15:28:43,1611.37,1611.37,3
2025-11-04T15:28:55.459719,15:28:55,1628.07,1628.07,3
2025-11-04T15:29:07.362960,15:29:07,1615.8,1615.8,3
2025-11-04T15:29:19.552314,15:29:19,1568.67,1568.67,3
2025-11-04T15:29:31.438134,15:29:31,1454.27,1454.27,3
2025-11-04T15:29:43.406645,15:29:43,1300.24,1300.24,3
2025-11-04T15:29:55.300723,15:29:55,1247.36,1247.36,3
2025-11-04T15:30:07.254515,15:30:07,1234.73,1234.73,3
2025-11-04T15:30:19.343456,15:30:19,1161.21,1161.21,3
2025-11-04T15:30:31.411445,15:30:31,1132.63,1132.63,3
2025-11-04T15:30:43.601244,15:30:43,1087.31,1087.31,3
2025-11-04T15:30:55.343343,15:30:55,1076.46,1076.46,3
2025-11-04T15:31:07.586931,15:31:07,1002.79,1002.79,3
2025-11-04T15:31:19.233561,15:31:19,1081.61,1081.61,3
2025-11-04T15:31:31.207073,15:31:31,1131.34,1131.34,3
2025-11-04T15:31:43.191801,15:31:43,988.99,988.99,3
2025-11-04T15:31:55.661914,15:31:55,961.77,961.77,3
2025-11-04T15:32:07.840227,15:32:07,1000.77,1000.77,3
2025-11-04T15:32:19.920119,15:32:19,1160.92,1160.92,3
2025-11-04T15:32:32.148452,15:32:32,1151.2,1151.2,3
2025-11-04T15:32:44.176234,15:32:44,1047.38,1047.38,3
2025-11-04T15:32:56.459017,15:32:56,1032.82,1032.82,3
2025-11-04T15:33:08.359813,15:33:08,1027.14,1027.14,3
2025-11-04T15:33:20.555411,15:33:20,993.5,993.5,3
2025-11-04T15:33:32.892267,15:33:32,929.04,929.04,3
2025-11-04T15:33:45.362045,15:33:45,975.75,975.75,3
2025-11-04T15:33:57.409210,15:33:57,919.74,919.74,3
2025-11-04T15:34:09.117785,15:34:09,1071.65,1071.65,3
2025-11-04T15:34:21.350001,15:34:21,1036.07,1036.07,3
2025-11-04T15:34:33.546897,15:34:33,1129.33,1129.33,3
2025-11-04T15:34:45.462374,15:34:45,1162.32,1162.32,3
2025-11-04T15:34:57.439699,15:34:57,982.88,982.88,3
2025-11-04T15:35:09.519685,15:35:09,1061.32,1061.32,3
2025-11-04T15:35:21.452278,15:35:21,1049.77,1049.77,3
2025-11-04T15:35:33.396869,15:35:33,1078.56,1078.56,3
2025-11-04T15:35:45.615855,15:35:45,1033.55,1033.55,3
2025-11-04T15:35:57.572790,15:35:57,1015.79,1015.79,3
2025-11-04T15:36:09.586361,15:36:09,1070.87,1070.87,3
2025-11-04T15:36:21.508679,15:36:21,1100.68,1100.68,3
2025-11-04T15:36:33.505182,15:36:33,1059.1,1059.1,3
2025-11-04T15:36:45.494741,15:36:45,1096.38,1096.38,3
2025-11-04T15:36:57.419147,15:36:57,1144.99,1144.99,3
2025-11-04T15:37:09.682423,15:37:09,1067.46,1067.46,3
2025-11-04T15:37:21.654607,15:37:21,1140.28,1140.28,3
2025-11-04T15:37:33.572853,15:37:33,1150.15,1150.15,3
2025-11-04T15:37:45.490240,15:37:45,1020.52,1020.52,3
2025-11-04T15:37:57.424045,15:37:57,1025.95,1025.95,3
2025-11-04T15:38:09.416038,15:38:09,1133.56,1133.56,3
2025-11-04T15:38:21.634790,15:38:21,1107.76,1107.76,3
2025-11-04T15:38:33.633015,15:38:33,1115.43,1115.43,3
2025-11-04T15:38:45.577329,15:38:45,1008.16,1008.16,3
2025-11-04T15:38:57.515028,15:38:57,1030.64,1030.64,3
2025-11-04T15:39:09.531559,15:39:09,1154.33,1154.33,3
2025-11-04T15:39:21.554348,15:39:21,1141.73,1141.73,3
2025-11-04T15:39:33.496679,15:39:33,1074.92,1074.92,3
2025-11-04T15:39:45.519428,15:39:45,1032.88,1032.88,3
2025-11-04T15:39:57.479311,15:39:57,1019.44,1019.44,3
2025-11-04T15:40:09.531675,15:40:09,1103.35,1103.35,3
2025-11-04T15:40:21.452362,15:40:21,1054.74,1054.74,3
2025-11-04T15:40:33.418616,15:40:33,1028.13,1028.13,3
2025-11-04T15:40:45.652886,15:40:45,1023.26,1023.26,3
2025-11-04T15:40:57.719868,15:40:57,1020.09,1020.09,3
2025-11-04T15:41:09.682862,15:41:09,951.86,951.86,3
2025-11-04T15:41:21.627498,15:41:21,1008.82,1008.82,3
2025-11-04T15:41:33.592367,15:41:33,1124.44,1124.44,3
2025-11-04T15:41:45.522228,15:41:45,1008.31,1008.31,3
2025-11-04T15:41:57.454253,15:41:57,1005.23,1005.23,3
2025-11-04T15:42:09.658086,15:42:09,1129.16,1129.16,3
2025-11-04T15:42:21.613255,15:42:21,1129.57,1129.57,3
2025-11-04T15:42:33.535257,15:42:33,1118.08,1118.08,3
2025-11-04T15:42:45.463835,15:42:45,1093.04,1093.04,3
2025-11-04T15:42:57.433443,15:42:57,1126.22,1126.22,3
2025-11-04T15:43:09.668631,15:43:09,1038.87,1038.87,3
2025-11-04T15:43:21.570582,15:43:21,1059.66,1059.66,3
2025-11-04T15:43:33.583029,15:43:33,980.9,980.9,3
2025-11-04T15:43:45.503826,15:43:45,973.33,973.33,3
2025-11-04T15:43:57.469524,15:43:57,915.11,915.11,3
2025-11-04T15:44:09.450517,15:44:09,964.58,964.58,3
2025-11-04T15:44:21.437002,15:44:21,920.14,920.14,3
2025-11-04T15:44:33.376512,15:44:33,915.15,915.15,3
2025-11-04T15:44:45.665132,15:44:45,942.05,942.05,3
2025-11-04T15:44:57.653470,15:44:57,904.36,904.36,3
2025-11-04T15:45:09.572058,15:45:09,925.69,925.69,3
2025-11-04T15:45:21.502054,15:45:21,976.71,976.71,3
2025-11-04T15:45:33.753692,15:45:33,935.14,935.14,3
2025-11-04T15:45:45.773999,15:45:45,968.56,968.56,3
2025-11-04T15:45:58.008369,15:45:58,1040.88,1040.88,3
2025-11-04T15:46:10.223574,15:46:10,1093.42,1093.42,3
2025-11-04T15:46:22.155696,15:46:22,1269.64,1269.64,3
2025-11-04T15:46:34.356415,15:46:34,1191.05,1191.05,3
2025-11-04T15:46:46.416979,15:46:46,1125.21,1125.21,3
2025-11-04T15:46:58.352800,15:46:58,1133.21,1133.21,3
2025-11-04T15:47:10.305769,15:47:10,1190.56,1190.56,3
2025-11-04T15:47:22.298996,15:47:22,1066.52,1066.52,3
2025-11-04T15:47:33.999803,15:47:33,967.12,967.12,3
2025-11-04T15:47:45.666998,15:47:45,1008.88,1008.88,3
2025-11-04T15:47:57.599653,15:47:57,986.77,986.77,3
2025-11-04T15:48:09.249536,15:48:09,950.21,950.21,3
2025-11-04T15:48:21.310328,15:48:21,948.27,948.27,3
2025-11-04T15:48:33.244725,15:48:33,1004.7,1004.7,3
2025-11-04T15:48:45.466279,15:48:45,1030.28,1030.28,3
2025-11-04T15:48:57.438683,15:48:57,1055.31,1055.31,3
2025-11-04T15:49:09.457689,15:49:09,1085.83,1085.83,3
2025-11-04T15:49:21.417907,15:49:21,1111.11,1111.11,3
2025-11-04T15:49:33.395017,15:49:33,1111.52,1111.52,3
2025-11-04T15:49:45.401774,15:49:45,1107.43,1107.43,3
2025-11-04T15:49:57.614781,15:49:57,1125.78,1125.78,3
2025-11-04T15:50:09.641166,15:50:09,1004.79,1004.79,3
2025-11-04T15:50:21.672729,15:50:21,1040.58,1040.58,3
2025-11-04T15:50:33.620996,15:50:33,1024.63,1024.63,3
2025-11-04T15:50:45.642135,15:50:45,1024.7,1024.7,3
2025-11-04T15:50:57.526306,15:50:57,999.15,999.15,3
2025-11-04T15:51:09.434729,15:51:09,886.48,886.48,3
2025-11-04T15:51:21.397744,15:51:21,952.01,952.01,3
2025-11-04T15:51:33.370028,15:51:33,1100.28,1100.28,3
2025-11-04T15:51:45.576714,15:51:45,1086.9,1086.9,3
2025-11-04T15:51:57.529302,15:51:57,1061.13,1061.13,3
2025-11-04T15:52:09.575221,15:52:09,1142.25,1142.25,3
2025-11-04T15:52:21.538033,15:52:21,1061.19,1061.19,3
2025-11-04T15:52:33.220450,15:52:33,981.29,981.29,3
2025-11-04T15:52:45.529336,15:52:45,980.82,980.82,3
2025-11-04T15:52:57.618045,15:52:57,974.17,974.17,3
2025-11-04T15:53:09.620284,15:53:09,998.13,998.13,3
2025-11-04T15:53:21.567694,15:53:21,961.42,961.42,3
2025-11-04T15:53:33.690260,15:53:33,986.65,986.65,3
2025-11-04T15:53:45.614562,15:53:45,984.21,984.21,3
2025-11-04T15:53:57.662866,15:53:57,875.14,875.14,3
2025-11-04T15:54:09.629122,15:54:09,876.54,876.54,3
2025-11-04T15:54:21.580482,15:54:21,843.52,843.52,3
2025-11-04T15:54:33.567167,15:54:33,847.98,847.98,3
2025-11-04T15:54:45.524592,15:54:45,791.22,791.22,3
2025-11-04T15:54:57.535864,15:54:57,781.62,781.62,3
2025-11-04T15:55:09.457294,15:55:09,921.78,921.78,3
2025-11-04T15:55:21.437776,15:55:21,884.61,884.61,3
2025-11-04T15:55:33.413832,15:55:33,852.96,852.96,3
2025-11-04T15:55:45.639721,15:55:45,823.1,823.1,3
2025-11-04T15:55:57.678690,15:55:57,865.92,865.92,3
2025-11-04T15:56:09.352146,15:56:09,888.75,888.75,3
2025-11-04T15:56:21.257773,15:56:21,950.97,950.97,3
2025-11-04T15:56:33.466181,15:56:33,1000.15,1000.15,3
2025-11-04T15:56:45.409128,15:56:45,1003.79,1003.79,3
2025-11-04T15:56:57.298782,15:56:57,1034.14,1034.14,3
2025-11-04T15:57:09.574174,15:57:09,1082.9,1082.9,3
2025-11-04T15:57:21.476989,15:57:21,1128.19,1128.19,3
2025-11-04T15:57:33.409910,15:57:33,1060.63,1060.63,3
2025-11-04T15:57:45.362745,15:57:45,1050.19,1050.19,3
2025-11-04T15:57:57.627200,15:57:57,1003.04,1003.04,3
2025-11-04T15:58:09.513401,15:58:09,967.42,967.42,3
2025-11-04T15:58:21.648072,15:58:21,1044.1,1044.1,3
2025-11-04T15:58:33.617062,15:58:33,989.33,989.33,3
2025-11-04T15:58:45.634800,15:58:45,997.02,997.02,3
2025-11-04T15:58:57.657771,15:58:57,939.01,939.01,3
2025-11-04T15:59:09.628564,15:59:09,920.41,920.41,3
2025-11-04T15:59:21.559954,15:59:21,888.31,888.31,3
2025-11-04T15:59:33.513816,15:59:33,889.83,889.83,3
2025-11-04T15:59:45.435204,15:59:45,921.08,921.08,3
2025-11-04T15:59:57.425098,15:59:57,955.81,955.81,3
2025-11-04T16:00:09.641271,16:00:09,1025.98,1025.98,3
2025-11-04T16:00:21.600494,16:00:21,1055.75,1055.75,3
2025-11-04T16:00:33.538665,16:00:33,1024.94,1024.94,3
2025-11-04T16:00:45.436814,16:00:45,1082.48,1082.48,3
2025-11-04T16:00:57.904036,16:00:57,1045.47,1045.47,3
2025-11-04T16:01:10.204757,16:01:10,1034.59,1034.59,3
2025-11-04T16:01:22.409153,16:01:22,1068.48,1068.48,3
2025-11-04T16:01:34.658209,16:01:34,1028.53,1028.53,3
2025-11-04T16:01:46.673090,16:01:46,998.3,998.3,3
2025-11-04T16:01:58.612522,16:01:58,1038.38,1038.38,3
2025-11-04T16:02:10.287415,16:02:10,935.83,935.83,3
2025-11-04T16:02:22.252887,16:02:22,895.61,895.61,3
2025-11-04T16:02:34.199758,16:02:34,909.86,909.86,3
2025-11-04T16:02:46.332643,16:02:46,962.02,962.02,3
2025-11-04T16:02:58.564908,16:02:58,885.31,885.31,3
2025-11-04T16:03:10.574760,16:03:10,948.1,948.1,3
2025-11-04T16:03:22.607536,16:03:22,978.22,978.22,3
2025-11-04T16:03:34.547875,16:03:34,1004.1,1004.1,3
2025-11-04T16:03:46.447693,16:03:46,987.46,987.46,3
2025-11-04T16:03:58.350660,16:03:58,988.76,988.76,3
2025-11-04T16:04:10.264061,16:04:10,1020.54,1020.54,3
2025-11-04T16:04:22.453894,16:04:22,1166.41,1166.41,3
2025-11-04T16:04:34.653715,16:04:34,1100.23,1100.23,3
2025-11-04T16:04:46.571324,16:04:46,1088.5,1088.5,3
2025-11-04T16:04:58.505469,16:04:58,1081.54,1081.54,3
2025-11-04T16:05:10.457249,16:05:10,1064.37,1064.37,3
2025-11-04T16:05:22.415748,16:05:22,948.82,948.82,3
2025-11-04T16:05:34.368337,16:05:34,979.77,979.77,3
2025-11-04T16:05:46.615789,16:05:46,1032.18,1032.18,3
2025-11-04T16:05:58.531938,16:05:58,1009.83,1009.83,3
2025-11-04T16:06:10.657550,16:06:10,940.71,940.71,3
2025-11-04T16:06:22.590586,16:06:22,920.35,920.35,3
2025-11-04T16:06:34.765969,16:06:34,853.36,853.36,3
2025-11-04T16:06:46.722761,16:06:46,822.94,822.94,3
2025-11-04T16:06:58.727241,16:06:58,810.28,810.28,3
2025-11-04T16:07:10.704996,16:07:10,829.03,829.03,3
2025-11-04T16:07:22.697354,16:07:22,788.05,788.05,3
2025-11-04T16:07:34.737230,16:07:34,777.31,777.31,3
2025-11-04T16:07:46.640513,16:07:46,770.18,770.18,3
2025-11-04T16:07:58.599712,16:07:58,972.05,972.05,3
2025-11-04T16:08:10.556318,16:08:10,1041.51,1041.51,3
2025-11-04T16:08:22.502943,16:08:22,1052.88,1052.88,3
2025-11-04T16:08:34.527723,16:08:34,1022.69,1022.69,3
2025-11-04T16:08:46.486834,16:08:46,1090.88,1090.88,3
2025-11-04T16:08:58.408945,16:08:58,1090.84,1090.84,3
2025-11-04T16:09:10.619209,16:09:10,1215.08,1215.08,3
2025-11-04T16:09:22.689154,16:09:22,1193.78,1193.78,3
2025-11-04T16:09:34.642898,16:09:34,1138.47,1138.47,3
2025-11-04T16:09:46.600763,16:09:46,1144.38,1144.38,3
2025-11-04T16:09:58.519414,16:09:58,1209.71,1209.71,3
2025-11-04T16:10:10.436614,16:10:10,1179.2,1179.2,3
2025-11-04T16:10:22.509452,16:10:22,1217.62,1217.62,3
2025-11-04T16:10:34.407864,16:10:34,1319.62,1319.62,3
2025-11-04T16:10:46.647741,16:10:46,1332.31,1332.31,3
2025-11-04T16:10:58.593054,16:10:58,1346.66,1346.66,3
2025-11-04T16:11:10.538702,16:11:10,1382.49,1382.49,3
2025-11-04T16:11:22.530807,16:11:22,1493.0,1493.0,3
2025-11-04T16:11:34.461303,16:11:34,1537.51,1537.51,3
2025-11-04T16:11:46.359177,16:11:46,1459.51,1459.51,3
2025-11-04T16:11:58.383562,16:11:58,1376.55,1376.55,3
2025-11-04T16:12:10.426754,16:12:10,1336.61,1336.61,3
2025-11-04T16:12:22.733274,16:12:22,1466.18,1466.18,3
2025-11-04T16:12:34.654135,16:12:34,1427.86,1427.86,3
2025-11-04T16:12:46.288157,16:12:46,1396.77,1396.77,3
2025-11-04T16:12:58.553161,16:12:58,1429.25,1429.25,3
2025-11-04T16:13:10.462671,16:13:10,1511.39,1511.39,3
2025-11-04T16:13:22.349250,16:13:22,1371.74,1371.74,3
2025-11-04T16:13:34.562884,16:13:34,1265.78,1265.78,3
2025-11-04T16:13:46.523817,16:13:46,1202.09,1202.09,3
2025-11-04T16:13:58.514598,16:13:58,1197.15,1197.15,3
2025-11-04T16:14:10.524149,16:14:10,1152.75,1152.75,3
2025-11-04T16:14:22.476276,16:14:22,1067.77,1067.77,3
2025-11-04T16:14:34.416621,16:14:34,1048.32,1048.32,3
2025-11-04T16:14:46.658981,16:14:46,1117.01,1117.01,3
2025-11-04T16:14:58.547381,16:14:58,1123.49,1123.49,3
2025-11-04T16:15:10.502333,16:15:10,1131.76,1131.76,3
2025-11-04T16:15:22.550105,16:15:22,1095.3,1095.3,3
2025-11-04T16:15:34.552381,16:15:34,987.32,987.32,3
2025-11-04T16:15:46.203737,16:15:46,998.75,998.75,3
2025-11-04T16:15:58.495548,16:15:58,1075.96,1075.96,3
2025-11-04T16:16:10.490254,16:16:10,1125.17,1125.17,3
2025-11-04T16:16:22.436174,16:16:22,1170.6,1170.6,3
2025-11-04T16:16:34.388506,16:16:34,1156.36,1156.36,3
2025-11-04T16:16:46.398038,16:16:46,1139.96,1139.96,3
2025-11-04T16:16:58.391097,16:16:58,1103.83,1103.83,3
2025-11-04T16:17:10.548490,16:17:10,1001.93,1001.93,3
2025-11-04T16:17:22.649416,16:17:22,1073.07,1073.07,3
2025-11-04T16:17:34.304675,16:17:34,1007.65,1007.65,3
2025-11-04T16:17:46.211720,16:17:46,1035.95,1035.95,3
2025-11-04T16:17:58.406114,16:17:58,1031.74,1031.74,3
2025-11-04T16:18:10.345566,16:18:10,998.83,998.83,3
2025-11-04T16:18:22.663749,16:18:22,1033.52,1033.52,3
2025-11-04T16:18:34.356094,16:18:34,1013.15,1013.15,3
2025-11-04T16:18:46.587268,16:18:46,991.52,991.52,3
2025-11-04T16:18:58.527652,16:18:58,863.71,863.71,3
2025-11-04T16:19:10.501253,16:19:10,897.16,897.16,3
2025-11-04T16:19:22.444213,16:19:22,851.25,851.25,3
2025-11-04T16:19:34.379461,16:19:34,831.76,831.76,3
2025-11-04T16:19:46.350855,16:19:46,869.14,869.14,3
2025-11-04T16:19:58.292591,16:19:58,885.82,885.82,3
2025-11-04T16:20:10.228469,16:20:10,893.3,893.3,3
2025-11-04T16:20:22.435079,16:20:22,870.67,870.67,3
2025-11-04T16:20:34.483883,16:20:34,900.45,900.45,3
2025-11-04T16:20:46.366817,16:20:46,878.74,878.74,3
2025-11-04T16:20:58.381856,16:20:58,833.02,833.02,3
2025-11-04T16:21:10.346239,16:21:10,796.81,796.81,3
2025-11-04T16:21:22.273067,16:21:22,720.4,720.4,3
2025-11-04T16:21:34.222646,16:21:34,810.56,810.56,3
2025-11-04T16:21:45.865197,16:21:45,733.37,733.37,3
2025-11-04T16:21:57.464178,16:21:57,754.27,754.27,3
2025-11-04T16:22:09.402840,16:22:09,834.93,834.93,3
2025-11-04T16:22:21.666237,16:22:21,853.2,853.2,3
2025-11-04T16:22:33.710076,16:22:33,852.42,852.42,3
2025-11-04T16:22:45.930341,16:22:45,937.21,937.21,3
2025-11-04T16:22:58.235839,16:22:58,970.19,970.19,3
2025-11-04T16:23:09.856546,16:23:09,978.59,978.59,3
2025-11-04T16:23:22.140613,16:23:22,852.7,852.7,3
2025-11-04T16:23:34.410858,16:23:34,852.37,852.37,3
2025-11-04T16:23:46.384771,16:23:46,1123.06,1123.06,3
2025-11-04T16:23:58.577661,16:23:58,1022.83,1022.83,3
2025-11-04T16:24:10.647758,16:24:10,1038.74,1038.74,3
2025-11-04T16:24:22.618491,16:24:22,1010.98,1010.98,3
2025-11-04T16:24:34.529501,16:24:34,1053.76,1053.76,3
2025-11-04T16:24:46.434591,16:24:46,992.16,992.16,3
2025-11-04T16:24:58.097786,16:24:58,922.3,922.3,3
2025-11-04T16:25:09.714378,16:25:09,855.93,855.93,3
2025-11-04T16:25:21.632044,16:25:21,760.79,760.79,3
2025-11-04T16:25:33.557543,16:25:33,880.75,880.75,3
2025-11-04T16:25:45.191045,16:25:45,885.08,885.08,3
2025-11-04T16:25:57.460597,16:25:57,887.67,887.67,3
2025-11-04T16:26:09.390011,16:26:09,860.31,860.31,3
2025-11-04T16:26:21.330557,16:26:21,886.8,886.8,3
2025-11-04T16:26:33.581881,16:26:33,851.56,851.56,3
2025-11-04T16:26:45.550621,16:26:45,820.69,820.69,3
2025-11-04T16:26:57.169733,16:26:57,818.14,818.14,3
2025-11-04T16:27:09.090850,16:27:09,892.8,892.8,3
2025-11-04T16:27:21.386413,16:27:21,895.2,895.2,3
2025-11-04T16:27:33.590779,16:27:33,949.38,949.38,3
2025-11-04T16:27:45.575193,16:27:45,994.15,994.15,3
2025-11-04T16:27:57.560087,16:27:57,1065.02,1065.02,3
2025-11-04T16:28:09.303890,16:28:09,1125.6,1125.6,3
2025-11-04T16:28:21.232177,16:28:21,1141.29,1141.29,3
2025-11-04T16:28:33.476463,16:28:33,1044.1,1044.1,3
2025-11-04T16:28:45.444111,16:28:45,1064.78,1064.78,3
2025-11-04T16:28:57.429537,16:28:57,1030.06,1030.06,3
2025-11-04T16:29:09.334936,16:29:09,1087.66,1087.66,3
2025-11-04T16:29:21.247711,16:29:21,1104.3,1104.3,3
2025-11-04T16:29:32.890070,16:29:32,1074.67,1074.67,3
2025-11-04T16:29:45.173688,16:29:45,1139.53,1139.53,3
2025-11-04T16:29:57.225826,16:29:57,1087.75,1087.75,3
2025-11-04T16:30:09.558688,16:30:09,1095.3,1095.3,3
2025-11-04T16:30:21.476859,16:30:21,1076.72,1076.72,3
2025-11-04T16:30:33.664862,16:30:33,1075.63,1075.63,3
2025-11-04T16:30:45.596070,16:30:45,1146.84,1146.84,3
2025-11-04T16:30:57.612649,16:30:57,1210.76,1210.76,3
2025-11-04T16:31:09.695261,16:31:09,1197.73,1197.73,3
2025-11-04T16:31:21.694967,16:31:21,1180.65,1180.65,3
2025-11-04T16:31:33.774790,16:31:33,1197.6,1197.6,3
2025-11-04T16:31:45.727278,16:31:45,1176.43,1176.43,3
2025-11-04T16:31:57.666469,16:31:57,1212.39,1212.39,3
2025-11-04T16:32:09.690316,16:32:09,1248.76,1248.76,3
2025-11-04T16:32:21.614429,16:32:21,1257.49,1257.49,3
2025-11-04T16:32:33.612714,16:32:33,1277.88,1277.88,3
2025-11-04T16:32:45.604207,16:32:45,1440.4,1440.4,3
2025-11-04T16:32:57.551425,16:32:57,1415.75,1415.75,3
2025-11-04T16:33:09.521965,16:33:09,1496.35,1496.35,3
2025-11-04T16:33:21.688947,16:33:21,1490.66,1490.66,3
2025-11-04T16:33:33.641052,16:33:33,1432.73,1432.73,3
2025-11-04T16:33:45.559977,16:33:45,1473.62,1473.62,3
2025-11-04T16:33:57.316920,16:33:57,1504.57,1504.57,3
2025-11-04T16:34:09.009894,16:34:09,1407.69,1407.69,3
2025-11-04T16:34:20.703157,16:34:20,1381.97,1381.97,3
2025-11-04T16:34:32.645918,16:34:32,1451.14,1451.14,3
2025-11-04T16:34:44.588043,16:34:44,1456.48,1456.48,3
2025-11-04T16:34:56.549813,16:34:56,1450.69,1450.69,3
2025-11-04T16:35:08.488337,16:35:08,1410.22,1410.22,3
2025-11-04T16:35:20.439107,16:35:20,1416.61,1416.61,3
2025-11-04T16:35:32.389727,16:35:32,1480.59,1480.59,3
2025-11-04T16:35:44.404516,16:35:44,1473.8,1473.8,3
2025-11-04T16:35:56.406402,16:35:56,1466.55,1466.55,3
2025-11-04T16:36:08.336635,16:36:08,1466.12,1466.12,3
2025-11-04T16:36:20.537876,16:36:20,1483.99,1483.99,3
2025-11-04T16:36:32.174480,16:36:32,1598.39,1598.39,3
2025-11-04T16:36:43.845692,16:36:43,1614.55,1614.55,3
2025-11-04T16:36:55.770932,16:36:55,1589.62,1589.62,3
2025-11-04T16:37:07.691409,16:37:07,1649.09,1649.09,3
2025-11-04T16:37:19.611065,16:37:19,1701.94,1701.94,3
2025-11-04T16:37:31.555720,16:37:31,1717.92,1717.92,3
2025-11-04T16:37:43.281071,16:37:43,1731.15,1731.15,3
2025-11-04T16:37:55.251234,16:37:55,1808.11,1808.11,3
2025-11-04T16:38:06.887265,16:38:06,1729.85,1729.85,3
2025-11-04T16:38:18.843596,16:38:18,1656.56,1656.56,3
2025-11-04T16:38:30.626867,16:38:30,1624.92,1624.92,3
2025-11-04T16:38:42.326279,16:38:42,1649.23,1649.23,3
2025-11-04T16:38:54.297847,16:38:54,1681.65,1681.65,3
2025-11-04T16:39:05.934767,16:39:05,1656.44,1656.44,3
2025-11-04T16:39:17.557941,16:39:17,1643.34,1643.34,3
2025-11-04T16:39:29.522215,16:39:29,1650.32,1650.32,3
2025-11-04T16:39:41.467405,16:39:41,1677.91,1677.91,3
2025-11-04T16:39:53.442759,16:39:53,1695.98,1695.98,3
2025-11-04T16:40:05.155493,16:40:05,1725.1,1725.1,3
2025-11-04T16:40:17.164078,16:40:17,1662.66,1662.66,3
2025-11-04T16:40:28.794750,16:40:28,1738.16,1738.16,3
2025-11-04T16:40:40.796544,16:40:40,1833.69,1833.69,3
2025-11-04T16:40:52.784186,16:40:52,1821.49,1821.49,3
2025-11-04T16:41:04.480906,16:41:04,1797.92,1797.92,3
2025-11-04T16:41:16.488524,16:41:16,1840.27,1840.27,3
2025-11-04T16:41:28.396655,16:41:28,1917.52,1917.52,3
2025-11-04T16:41:40.307496,16:41:40,1795.06,1795.06,3
2025-11-04T16:41:51.929705,16:41:51,1742.16,1742.16,3
2025-11-04T16:42:03.938156,16:42:03,1649.38,1649.38,3
2025-11-04T16:42:15.929948,16:42:15,1671.87,1671.87,3
2025-11-04T16:42:27.830028,16:42:27,1587.55,1587.55,3
2025-11-04T16:42:39.851089,16:42:39,1634.07,1634.07,3
2025-11-04T16:42:51.781577,16:42:51,1595.75,1595.75,3
2025-11-04T16:43:03.830872,16:43:03,1651.02,1651.02,3
2025-11-04T16:43:15.756567,16:43:15,1645.76,1645.76,3
2025-11-04T16:43:27.846759,16:43:27,1640.1,1640.1,3
2025-11-04T16:43:39.780912,16:43:39,1715.79,1715.79,3
2025-11-04T16:43:51.727322,16:43:51,1705.29,1705.29,3
2025-11-04T16:44:03.668588,16:44:03,1717.52,1717.52,3
2025-11-04T16:44:15.617175,16:44:15,1756.32,1756.32,3
2025-11-04T16:44:27.589000,16:44:27,1773.28,1773.28,3
2025-11-04T16:44:39.534860,16:44:39,1756.28,1756.28,3
2025-11-04T16:44:51.504800,16:44:51,1756.43,1756.43,3
2025-11-04T16:45:03.637635,16:45:03,1755.95,1755.95,3
2025-11-04T16:45:15.593386,16:45:15,1724.98,1724.98,3
2025-11-04T16:45:27.267175,16:45:27,1671.48,1671.48,3
2025-11-04T16:45:39.525015,16:45:39,1657.69,1657.69,3
2025-11-04T16:45:51.167762,16:45:51,1710.4,1710.4,3
2025-11-04T16:46:03.074815,16:46:03,1702.25,1702.25,3
2025-11-04T16:46:15.330415,16:46:15,1643.85,1643.85,3
2025-11-04T16:46:27.294530,16:46:27,1774.57,1774.57,3
2025-11-04T16:46:39.281747,16:46:39,1766.16,1766.16,3
2025-11-04T16:46:51.265989,16:46:51,1674.35,1674.35,3
2025-11-04T16:47:03.201379,16:47:03,1640.1,1640.1,3
2025-11-04T16:47:14.846646,16:47:14,1662.38,1662.38,3
2025-11-04T16:47:26.777437,16:47:26,1655.58,1655.58,3
2025-11-04T16:47:38.732486,16:47:38,1657.28,1657.28,3
2025-11-04T16:47:50.697353,16:47:50,1713.54,1713.54,3
2025-11-04T16:48:02.722653,16:48:02,1805.96,1805.96,3
2025-11-04T16:48:14.438188,16:48:14,1925.4,1925.4,3
2025-11-04T16:48:26.450858,16:48:26,1911.15,1911.15,3
2025-11-04T16:48:38.664271,16:48:38,1978.5,1978.5,3
2025-11-04T16:48:50.660976,16:48:50,2064.94,2064.94,3
2025-11-04T16:49:02.688526,16:49:02,2141.09,2141.09,3
2025-11-04T16:49:14.613798,16:49:14,2117.54,2117.54,3
2025-11-04T16:49:26.549422,16:49:26,2115.34,2115.34,3
2025-11-04T16:49:38.798662,16:49:38,1951.11,1951.11,3
2025-11-04T16:49:50.856493,16:49:50,1994.82,1994.82,3
2025-11-04T16:50:03.091224,16:50:03,2003.27,2003.27,3
2025-11-04T16:50:14.834298,16:50:14,1981.26,1981.26,3
2025-11-04T16:50:26.781316,16:50:26,1945.92,1945.92,3
2025-11-04T16:50:38.730094,16:50:38,1986.37,1986.37,3
2025-11-04T16:50:50.796220,16:50:50,2000.29,2000.29,3
2025-11-04T16:51:02.814818,16:51:02,2118.95,2118.95,3
2025-11-04T16:51:14.818131,16:51:14,2078.49,2078.49,3
2025-11-04T16:51:26.816391,16:51:26,2195.73,2195.73,3
2025-11-04T16:51:38.819198,16:51:38,2131.83,2131.83,3
2025-11-04T16:51:50.458424,16:51:50,2104.13,2104.13,3
2025-11-04T16:52:02.423455,16:52:02,2105.06,2105.06,3
2025-11-04T16:52:14.615287,16:52:14,2096.24,2096.24,3
2025-11-04T16:52:26.585286,16:52:26,2042.81,2042.81,3
2025-11-04T16:52:38.345949,16:52:38,1975.51,1975.51,3
2025-11-04T16:52:50.356608,16:52:50,1906.49,1906.49,3
2025-11-04T16:53:02.392036,16:53:02,1930.45,1930.45,3
2025-11-04T16:53:14.302271,16:53:14,1828.76,1828.76,3
2025-11-04T16:53:25.990006,16:53:25,1839.18,1839.18,3
2025-11-04T16:53:37.638294,16:53:37,1831.28,1831.28,3
2025-11-04T16:53:49.556010,16:53:49,1834.21,1834.21,3
2025-11-04T16:54:01.188686,16:54:01,1946.04,1946.04,3
2025-11-04T16:54:13.096288,16:54:13,1919.37,1919.37,3
2025-11-04T16:54:25.246052,16:54:25,1933.29,1933.29,3
2025-11-04T16:54:37.566384,16:54:37,2014.81,2014.81,3
2025-11-04T16:54:49.720397,16:54:49,2032.77,2032.77,3
2025-11-04T16:55:01.666948,16:55:01,2000.43,2000.43,3
2025-11-04T16:55:13.657190,16:55:13,2076.05,2076.05,3
2025-11-04T16:55:25.855395,16:55:25,1953.02,1953.02,3
2025-11-04T16:55:37.759518,16:55:37,1951.0,1951.0,3
2025-11-04T16:55:49.693270,16:55:49,1920.3,1920.3,3
2025-11-04T16:56:01.621427,16:56:01,1916.85,1916.85,3
2025-11-04T16:56:13.871281,16:56:13,1843.05,1843.05,3
2025-11-04T16:56:25.768342,16:56:25,1879.15,1879.15,3
2025-11-04T16:56:37.666675,16:56:37,1914.79,1914.79,3
2025-11-04T16:56:49.686116,16:56:49,1893.29,1893.29,3
2025-11-04T16:57:01.808830,16:57:01,1860.98,1860.98,3
2025-11-04T16:57:13.748060,16:57:13,1853.0,1853.0,3
2025-11-04T16:57:25.683570,16:57:25,1966.03,1966.03,3
2025-11-04T16:57:37.354343,16:57:37,1940.67,1940.67,3
2025-11-04T16:57:49.562408,16:57:49,1936.54,1936.54,3
2025-11-04T16:58:01.495374,16:58:01,1916.85,1916.85,3
2025-11-04T16:58:13.115928,16:58:13,1921.16,1921.16,3
2025-11-04T16:58:25.330372,16:58:25,1946.3,1946.3,3
2025-11-04T16:58:37.359779,16:58:37,1986.16,1986.16,3
2025-11-04T16:58:49.278000,16:58:49,1929.72,1929.72,3
2025-11-04T16:59:01.572643,16:59:01,1925.2,1925.2,3
2025-11-04T16:59:13.590012,16:59:13,1934.38,1934.38,3
2025-11-04T16:59:25.557733,16:59:25,1935.43,1935.43,3
2025-11-04T16:59:37.222523,16:59:37,1889.2,1889.2,3
2025-11-04T16:59:49.132906,16:59:49,1895.26,1895.26,3
2025-11-04T17:00:00.887558,17:00:00,1857.07,1857.07,3
2025-11-04T17:00:12.854740,17:00:12,1936.97,1936.97,3
2025-11-04T17:00:24.601479,17:00:24,1974.31,1974.31,3
2025-11-04T17:00:36.268904,17:00:36,1901.14,1901.14,3
2025-11-04T17:00:47.899734,17:00:47,1948.67,1948.67,3
2025-11-04T17:00:59.582356,17:00:59,1904.78,1904.78,3
2025-11-04T17:01:11.507806,17:01:11,1811.89,1811.89,3
2025-11-04T17:01:23.190645,17:01:23,1890.59,1890.59,3
2025-11-04T17:01:34.832772,17:01:34,1880.22,1880.22,3
2025-11-04T17:01:46.508668,17:01:46,1849.52,1849.52,3
2025-11-04T17:01:58.503137,17:01:58,1838.74,1838.74,3
2025-11-04T17:02:10.106057,17:02:10,1796.09,1796.09,3
2025-11-04T17:02:21.708742,17:02:21,1831.57,1831.57,3
2025-11-04T17:02:33.321923,17:02:33,1898.03,1898.03,3
2025-11-04T17:02:44.944211,17:02:44,1929.46,1929.46,3
2025-11-04T17:02:56.558409,17:02:56,1938.56,1938.56,3
2025-11-04T17:03:08.294708,17:03:08,1986.08,1986.08,3
2025-11-04T17:03:19.973333,17:03:19,1995.96,1995.96,3
2025-11-04T17:03:31.706929,17:03:31,2130.56,2130.56,3
2025-11-04T17:03:43.579587,17:03:43,2135.02,2135.02,3
2025-11-04T17:03:55.484681,17:03:55,2263.89,2263.89,3
2025-11-04T17:04:07.107367,17:04:07,2229.21,2229.21,3
2025-11-04T17:04:18.821860,17:04:18,2274.38,2274.38,3
2025-11-04T17:04:30.566750,17:04:30,2283.46,2283.46,3
2025-11-04T17:04:42.188695,17:04:42,2165.9,2165.9,3
2025-11-04T17:04:53.959853,17:04:53,2164.13,2164.13,3
2025-11-04T17:05:06.316426,17:05:06,2257.09,2257.09,3
2025-11-04T17:05:18.237256,17:05:18,2191.27,2191.27,3
2025-11-04T17:05:29.895219,17:05:29,2230.48,2230.48,3
2025-11-04T17:05:42.105853,17:05:42,2240.31,2240.31,3
2025-11-04T17:05:54.130710,17:05:54,2168.06,2168.06,3
2025-11-04T17:06:06.153159,17:06:06,2182.86,2182.86,3
2025-11-04T17:06:18.080003,17:06:18,2208.9,2208.9,3
2025-11-04T17:06:30.337460,17:06:30,2224.49,2224.49,3
2025-11-04T17:06:42.003670,17:06:42,2283.22,2283.22,3
2025-11-04T17:06:54.246641,17:06:54,2292.47,2292.47,3
2025-11-04T17:07:05.992961,17:07:05,2233.71,2233.71,3
2025-11-04T17:07:17.642348,17:07:17,2241.39,2241.39,3
2025-11-04T17:07:29.933165,17:07:29,2265.87,2265.87,3
2025-11-04T17:07:42.256123,17:07:42,2271.72,2271.72,3
2025-11-04T17:07:54.247088,17:07:54,2264.94,2264.94,3
2025-11-04T17:08:06.239439,17:08:06,2351.13,2351.13,3
2025-11-04T17:08:18.214608,17:08:18,2313.39,2313.39,3
2025-11-04T17:08:30.168174,17:08:30,2308.83,2308.83,3
2025-11-04T17:08:41.907840,17:08:41,2323.13,2323.13,3
2025-11-04T17:08:54.214104,17:08:54,2299.18,2299.18,3
2025-11-04T17:09:06.453493,17:09:06,2457.94,2457.94,3
2025-11-04T17:09:18.487675,17:09:18,2494.92,2494.92,3
2025-11-04T17:09:30.642394,17:09:30,2506.16,2506.16,3
2025-11-04T17:09:42.644389,17:09:42,2418.28,2418.28,3
2025-11-04T17:09:54.642735,17:09:54,2424.65,2424.65,3
2025-11-04T17:10:06.580640,17:10:06,2392.48,2392.48,3
2025-11-04T17:10:18.544296,17:10:18,2337.02,2337.02,3
2025-11-04T17:10:30.217213,17:10:30,2284.46,2284.46,3
2025-11-04T17:10:41.891316,17:10:41,2230.18,2230.18,3
2025-11-04T17:10:53.831242,17:10:53,2180.92,2180.92,3
2025-11-04T17:11:05.894980,17:11:05,2133.0,2133.0,3
2025-11-04T17:11:18.258458,17:11:18,2213.31,2213.31,3
2025-11-04T17:11:30.282597,17:11:30,2226.89,2226.89,3
2025-11-04T17:11:42.553594,17:11:42,2237.81,2237.81,3
2025-11-04T17:11:54.507423,17:11:54,2220.98,2220.98,3
2025-11-04T17:12:06.463061,17:12:06,2270.44,2270.44,3
2025-11-04T17:12:18.518239,17:12:18,2261.14,2261.14,3
2025-11-04T17:12:30.465537,17:12:30,2290.73,2290.73,3
2025-11-04T17:12:42.428805,17:12:42,2290.15,2290.15,3
2025-11-04T17:12:54.685511,17:12:54,2363.91,2363.91,3
2025-11-04T17:13:06.661115,17:13:06,2344.43,2344.43,3
2025-11-04T17:13:18.618563,17:13:18,2330.32,2330.32,3
2025-11-04T17:13:30.569377,17:13:30,2356.1,2356.1,3
2025-11-04T17:13:42.608037,17:13:42,2320.77,2320.77,3
2025-11-04T17:13:54.666440,17:13:54,2336.19,2336.19,3
2025-11-04T17:14:06.694814,17:14:06,2403.56,2403.56,3
2025-11-04T17:14:18.647523,17:14:18,2433.28,2433.28,3
2025-11-04T17:14:30.615317,17:14:30,2358.73,2358.73,3
2025-11-04T17:14:42.317587,17:14:42,2396.17,2396.17,3
2025-11-04T17:14:54.679202,17:14:54,2379.87,2379.87,3
2025-11-04T17:15:06.611183,17:15:06,2309.65,2309.65,3
2025-11-04T17:15:18.682564,17:15:18,2304.16,2304.16,3
2025-11-04T17:15:30.635743,17:15:30,2301.47,2301.47,3
2025-11-04T17:15:42.568252,17:15:42,2295.46,2295.46,3
2025-11-04T17:15:54.539868,17:15:54,2336.29,2336.29,3
2025-11-04T17:16:06.661883,17:16:06,2335.54,2335.54,3
2025-11-04T17:16:18.580966,17:16:18,2376.53,2376.53,3
2025-11-04T17:16:30.312539,17:16:30,2398.88,2398.88,3
2025-11-04T17:16:42.538354,17:16:42,2431.48,2431.48,3
2025-11-04T17:16:54.515265,17:16:54,2430.75,2430.75,3
2025-11-04T17:17:06.243134,17:17:06,2421.22,2421.22,3
2025-11-04T17:17:18.224007,17:17:18,2475.64,2475.64,3
2025-11-04T17:17:29.917508,17:17:29,2469.48,2469.48,3
2025-11-04T17:17:41.615773,17:17:41,2413.63,2413.63,3
2025-11-04T17:17:53.301379,17:17:53,2404.46,2404.46,3
2025-11-04T17:18:05.234190,17:18:05,2367.63,2367.63,3
2025-11-04T17:18:17.240620,17:18:17,2379.82,2379.82,3
2025-11-04T17:18:28.970836,17:18:28,2391.68,2391.68,3
2025-11-04T17:18:41.254929,17:18:41,2289.3,2289.3,3
2025-11-04T17:18:53.213919,17:18:53,2291.77,2291.77,3
2025-11-04T17:19:04.852624,17:19:04,2273.68,2273.68,3
2025-11-04T17:19:16.842657,17:19:16,2293.08,2293.08,3
2025-11-04T17:19:29.148939,17:19:29,2279.35,2279.35,3
2025-11-04T17:19:40.816941,17:19:40,2253.58,2253.58,3
2025-11-04T17:19:52.543767,17:19:52,2168.83,2168.83,3
2025-11-04T17:20:04.472884,17:20:04,2180.2,2180.2,3
2025-11-04T17:20:16.173791,17:20:16,2240.34,2240.34,3
2025-11-04T17:20:28.220825,17:20:28,2265.01,2265.01,3
2025-11-04T17:20:40.168973,17:20:40,2263.82,2263.82,3
2025-11-04T17:20:52.087935,17:20:52,2209.78,2209.78,3
2025-11-04T17:21:04.473892,17:21:04,2213.72,2213.72,3
2025-11-04T17:21:16.558675,17:21:16,2216.7,2216.7,3
2025-11-04T17:21:28.548933,17:21:28,2255.32,2255.32,3
2025-11-04T17:21:40.587280,17:21:40,2214.54,2214.54,3
2025-11-04T17:21:52.539078,17:21:52,2240.12,2240.12,3
2025-11-04T17:22:04.486634,17:22:04,2276.51,2276.51,3
2025-11-04T17:22:16.435005,17:22:16,2399.59,2399.59,3
2025-11-04T17:22:28.423921,17:22:28,2316.37,2316.37,3
2025-11-04T17:22:40.395836,17:22:40,2400.08,2400.08,3
2025-11-04T17:22:52.651076,17:22:52,2368.0,2368.0,3
2025-11-04T17:23:04.601266,17:23:04,2348.73,2348.73,3
2025-11-04T17:23:16.289205,17:23:16,2339.8,2339.8,3
2025-11-04T17:23:28.553464,17:23:28,2341.1,2341.1,3
2025-11-04T17:23:40.545439,17:23:40,2295.51,2295.51,3
2025-11-04T17:23:52.511760,17:23:52,2303.85,2303.85,3
2025-11-04T17:24:04.808107,17:24:04,2292.25,2292.25,3
2025-11-04T17:24:16.756678,17:24:16,2296.29,2296.29,3
2025-11-04T17:24:28.425531,17:24:28,2350.6,2350.6,3
2025-11-04T17:24:40.438884,17:24:40,2347.09,2347.09,3
2025-11-04T17:24:52.428265,17:24:52,2346.84,2346.84,3
2025-11-04T17:25:04.397210,17:25:04,2376.84,2376.84,3
2025-11-04T17:25:16.656927,17:25:16,2354.64,2354.64,3
2025-11-04T17:25:28.626487,17:25:28,2366.05,2366.05,3
2025-11-04T17:25:40.586674,17:25:40,2360.47,2360.47,3
2025-11-04T17:25:52.564062,17:25:52,2353.72,2353.72,3
2025-11-04T17:26:04.519444,17:26:04,2381.51,2381.51,3
2025-11-04T17:26:16.437794,17:26:16,2424.45,2424.45,3
2025-11-04T17:26:28.651828,17:26:28,2414.2,2414.2,3
2025-11-04T17:26:40.612200,17:26:40,2417.58,2417.58,3
2025-11-04T17:26:52.640273,17:26:52,2435.31,2435.31,3
2025-11-04T17:27:04.629409,17:27:04,2411.15,2411.15,3
2025-11-04T17:27:16.556101,17:27:16,2353.16,2353.16,3
2025-11-04T17:27:28.570767,17:27:28,2347.93,2347.93,3
2025-11-04T17:27:40.610618,17:27:40,2335.8,2335.8,3
2025-11-04T17:27:52.564367,17:27:52,2313.09,2313.09,3
2025-11-04T17:28:04.623599,17:28:04,2291.98,2291.98,3
2025-11-04T17:28:16.692293,17:28:16,2337.51,2337.51,3
2025-11-04T17:28:28.779001,17:28:28,2330.74,2330.74,3
2025-11-04T17:28:40.760737,17:28:40,2332.27,2332.27,3
2025-11-04T17:28:52.507741,17:28:52,2337.51,2337.51,3
2025-11-04T17:29:04.593213,17:29:04,2429.77,2429.77,3
2025-11-04T17:29:16.561833,17:29:16,2414.44,2414.44,3
2025-11-04T17:29:28.476948,17:29:28,2482.38,2482.38,3
2025-11-04T17:29:40.748114,17:29:40,2459.3,2459.3,3
2025-11-04T17:29:52.770975,17:29:52,2450.25,2450.25,3
2025-11-04T17:30:16.245069,17:30:16,2426.64,2426.64,3
2025-11-04T17:30:29.481227,17:30:29,2321.19,2321.19,3
2025-11-04T17:30:41.492239,17:30:41,2305.48,2305.48,3
2025-11-04T17:30:53.491456,17:30:53,2263.48,2263.48,3
2025-11-04T17:31:05.480228,17:31:05,2277.25,2277.25,3
2025-11-04T17:31:17.602127,17:31:17,2282.67,2282.67,3
2025-11-04T17:31:29.620582,17:31:29,2229.9,2229.9,3
2025-11-04T17:31:41.316874,17:31:41,2279.09,2279.09,3
2025-11-04T17:31:53.313693,17:31:53,2336.61,2336.61,3
2025-11-04T17:32:05.523845,17:32:05,2326.94,2326.94,3
2025-11-04T17:32:17.446417,17:32:17,2298.57,2298.57,3
2025-11-04T17:32:29.390158,17:32:29,2281.0,2281.0,3
2025-11-04T17:32:41.063129,17:32:41,2340.68,2340.68,3
2025-11-04T17:32:52.752656,17:32:52,2413.47,2413.47,3
2025-11-04T17:33:04.585864,17:33:04,2411.82,2411.82,3
2025-11-04T17:33:16.658734,17:33:16,2453.48,2453.48,3
2025-11-04T17:33:28.666456,17:33:28,2407.46,2407.46,3
2025-11-04T17:33:40.675444,17:33:40,2483.45,2483.45,3
2025-11-04T17:33:52.617217,17:33:52,2447.51,2447.51,3
2025-11-04T17:34:04.752331,17:34:04,2438.04,2438.04,3
2025-11-04T17:34:16.478225,17:34:16,2402.6,2402.6,3
2025-11-04T17:34:28.442639,17:34:28,2439.67,2439.67,3
2025-11-04T17:34:40.406252,17:34:40,2469.86,2469.86,3
2025-11-04T17:34:52.494753,17:34:52,2393.97,2393.97,3
2025-11-04T17:35:06.203070,17:35:06,2329.0,2329.0,3
2025-11-04T17:35:18.700948,17:35:18,2368.0,2368.0,3
2025-11-04T17:35:31.153251,17:35:31,2393.55,2393.55,3
2025-11-04T17:35:43.619488,17:35:43,2461.2,2461.2,3
2025-11-04T17:35:55.295390,17:35:55,2422.96,2422.96,3
2025-11-04T17:36:07.289423,17:36:07,2378.26,2378.26,3
2025-11-04T17:36:19.544459,17:36:19,2406.31,2406.31,3
2025-11-04T17:36:31.459919,17:36:31,2434.66,2434.66,3
2025-11-04T17:36:43.376751,17:36:43,2445.51,2445.51,3
2025-11-04T17:36:55.456525,17:36:55,2430.62,2430.62,3
2025-11-04T17:37:07.454752,17:37:07,2428.02,2428.02,3
2025-11-04T17:37:19.462273,17:37:19,2421.53,2421.53,3
2025-11-04T17:37:31.416745,17:37:31,2348.73,2348.73,3
2025-11-04T17:37:43.367562,17:37:43,2318.62,2318.62,3
2025-11-04T17:37:55.611289,17:37:55,2159.67,2159.67,3
2025-11-04T17:38:07.572189,17:38:07,2158.8,2158.8,3
2025-11-04T17:38:19.507740,17:38:19,2142.44,2142.44,3
2025-11-04T17:38:31.586248,17:38:31,2236.68,2236.68,3
2025-11-04T17:38:43.613376,17:38:43,2222.24,2222.24,3
2025-11-04T17:38:55.588446,17:38:55,2233.69,2233.69,3
2025-11-04T17:39:07.212102,17:39:07,2211.91,2211.91,3
2025-11-04T17:39:19.178502,17:39:19,2279.36,2279.36,3
2025-11-04T17:39:31.525610,17:39:31,2241.73,2241.73,3
2025-11-04T17:39:43.430185,17:39:43,2235.76,2235.76,3
2025-11-04T17:39:55.389901,17:39:55,2192.06,2192.06,3
2025-11-04T17:40:08.528090,17:40:08,2185.24,2185.24,3
2025-11-04T17:40:20.625405,17:40:20,2185.99,2185.99,3
2025-11-04T17:40:32.586595,17:40:32,2233.06,2233.06,3
2025-11-04T17:40:44.931205,17:40:44,2223.06,2223.06,3
2025-11-04T17:40:56.971314,17:40:56,2192.13,2192.13,3
2025-11-04T17:41:09.291488,17:41:09,2176.32,2176.32,3
2025-11-04T17:41:21.295515,17:41:21,2164.69,2164.69,3
2025-11-04T17:41:33.290693,17:41:33,2107.96,2107.96,3
2025-11-04T17:41:45.211766,17:41:45,2154.07,2154.07,3
2025-11-04T17:41:57.187861,17:41:57,2097.31,2097.31,3
2025-11-04T17:42:08.830245,17:42:08,2033.54,2033.54,3
2025-11-04T17:42:20.566499,17:42:20,1946.0,1946.0,3
2025-11-04T17:42:32.503904,17:42:32,1925.3,1925.3,3
2025-11-04T17:42:44.470080,17:42:44,1923.36,1923.36,3
2025-11-04T17:42:56.157432,17:42:56,1922.72,1922.72,3
2025-11-04T17:43:08.155039,17:43:08,1884.16,1884.16,3
2025-11-04T17:43:20.093554,17:43:20,1867.49,1867.49,3
2025-11-04T17:43:31.764588,17:43:31,1870.54,1870.54,3
2025-11-04T17:43:43.678836,17:43:43,1834.63,1834.63,3
2025-11-04T17:43:55.647338,17:43:55,1895.15,1895.15,3
2025-11-04T17:44:07.616696,17:44:07,1913.75,1913.75,3
2025-11-04T17:44:19.606769,17:44:19,1844.04,1844.04,3
2025-11-04T17:44:31.255386,17:44:31,1887.12,1887.12,3
2025-11-04T17:44:43.292115,17:44:43,1906.53,1906.53,3
2025-11-04T17:44:55.558261,17:44:55,1930.01,1930.01,3
2025-11-04T17:45:07.513099,17:45:07,1882.71,1882.71,3
2025-11-04T17:45:19.457825,17:45:19,1900.95,1900.95,3
2025-11-04T17:45:31.453835,17:45:31,1839.68,1839.68,3
2025-11-04T17:45:43.382773,17:45:43,1824.38,1824.38,3
2025-11-04T17:45:55.643970,17:45:55,1803.74,1803.74,3
2025-11-04T17:46:07.683522,17:46:07,1768.15,1768.15,3
2025-11-04T17:46:19.619554,17:46:19,1731.27,1731.27,3
2025-11-04T17:46:31.600040,17:46:31,1760.34,1760.34,3
2025-11-04T17:46:43.636774,17:46:43,1732.44,1732.44,3
2025-11-04T17:46:55.665296,17:46:55,1791.18,1791.18,3
2025-11-04T17:47:07.550921,17:47:07,1668.46,1668.46,3
2025-11-04T17:47:19.193776,17:47:19,1661.97,1661.97,3
2025-11-04T17:47:31.392084,17:47:31,1668.66,1668.66,3
2025-11-04T17:47:43.641452,17:47:43,1696.1,1696.1,3
2025-11-04T17:47:55.728473,17:47:55,1712.75,1712.75,3
2025-11-04T17:48:07.699929,17:48:07,1727.37,1727.37,3
2025-11-04T17:48:19.654542,17:48:19,1717.62,1717.62,3
2025-11-04T17:48:31.388401,17:48:31,1708.91,1708.91,3
2025-11-04T17:48:43.592046,17:48:43,1778.8,1778.8,3
2025-11-04T17:48:55.492688,17:48:55,1715.24,1715.24,3
2025-11-04T17:49:07.442453,17:49:07,1678.54,1678.54,3
2025-11-04T17:49:19.335136,17:49:19,1651.68,1651.68,3
2025-11-04T17:49:31.431118,17:49:31,1636.78,1636.78,3
2025-11-04T17:49:43.379291,17:49:43,1683.38,1683.38,3
2025-11-04T17:49:55.363626,17:49:55,1700.04,1700.04,3
2025-11-04T17:50:07.385872,17:50:07,1719.86,1719.86,3
2025-11-04T17:50:19.584399,17:50:19,1828.59,1828.59,3
2025-11-04T17:50:31.563709,17:50:31,1806.91,1806.91,3
2025-11-04T17:50:43.619996,17:50:43,1913.94,1913.94,3
2025-11-04T17:50:55.238476,17:50:55,1860.8,1860.8,3
2025-11-04T17:51:07.534184,17:51:07,1825.08,1825.08,3
2025-11-04T17:51:19.546229,17:51:19,1844.43,1844.43,3
2025-11-04T17:51:31.460839,17:51:31,1859.21,1859.21,3
2025-11-04T17:51:43.514642,17:51:43,1873.2,1873.2,3
2025-11-04T17:51:55.138101,17:51:55,1831.17,1831.17,3
2025-11-04T17:52:07.394687,17:52:07,1857.7,1857.7,3
2025-11-04T17:52:19.403774,17:52:19,1776.94,1776.94,3
2025-11-04T17:52:31.393167,17:52:31,1772.0,1772.0,3
2025-11-04T17:52:43.618526,17:52:43,1753.31,1753.31,3
2025-11-04T17:52:55.586019,17:52:55,1679.4,1679.4,3
2025-11-04T17:53:07.512090,17:53:07,1698.87,1698.87,3
2025-11-04T17:53:19.236036,17:53:19,1650.05,1650.05,3
2025-11-04T17:53:31.544797,17:53:31,1657.74,1657.74,3
2025-11-04T17:53:43.598133,17:53:43,1582.7,1582.7,3
2025-11-04T17:53:55.376667,17:53:55,1611.99,1611.99,3
2025-11-04T17:54:07.586578,17:54:07,1554.99,1554.99,3
2025-11-04T17:54:19.533370,17:54:19,1452.84,1452.84,3
2025-11-04T17:54:31.189967,17:54:31,1405.65,1405.65,3
2025-11-04T17:54:43.146761,17:54:43,1327.65,1327.65,3
2025-11-04T17:54:55.382672,17:54:55,1311.07,1311.07,3
2025-11-04T17:55:07.393217,17:55:07,1180.92,1180.92,3
2025-11-04T17:55:19.363728,17:55:19,1154.38,1154.38,3
2025-11-04T17:55:31.552084,17:55:31,1173.16,1173.16,3
2025-11-04T17:55:43.520478,17:55:43,1108.49,1108.49,3
2025-11-04T17:55:55.585272,17:55:55,1151.27,1151.27,3
2025-11-04T17:56:07.552553,17:56:07,1130.79,1130.79,3
2025-11-04T17:56:19.251265,17:56:19,1228.61,1228.61,3
2025-11-04T17:56:31.506146,17:56:31,1209.09,1209.09,3
2025-11-04T17:56:43.498782,17:56:43,1407.98,1407.98,3
2025-11-04T17:56:55.475701,17:56:55,1379.53,1379.53,3
2025-11-04T17:57:07.390490,17:57:07,1545.84,1545.84,3
2025-11-04T17:57:19.358132,17:57:19,1532.35,1532.35,3
2025-11-04T17:57:31.592275,17:57:31,1552.2,1552.2,3
2025-11-04T17:57:43.594433,17:57:43,1584.11,1584.11,3
2025-11-04T17:57:55.522464,17:57:55,1626.41,1626.41,3
2025-11-04T17:58:07.499359,17:58:07,1675.85,1675.85,3
2025-11-04T17:58:19.257204,17:58:19,1624.56,1624.56,3
2025-11-04T17:58:31.481320,17:58:31,1587.95,1587.95,3
2025-11-04T17:58:43.489201,17:58:43,1587.04,1587.04,3
2025-11-04T17:58:55.473939,17:58:55,1604.18,1604.18,3
2025-11-04T17:59:07.567232,17:59:07,1610.51,1610.51,3
2025-11-04T17:59:19.555736,17:59:19,1617.67,1617.67,3
2025-11-04T17:59:31.520954,17:59:31,1613.71,1613.71,3
2025-11-04T17:59:43.205975,17:59:43,1605.38,1605.38,3
2025-11-04T17:59:55.460499,17:59:55,1588.24,1588.24,3
2025-11-04T18:00:07.688606,18:00:07,1541.88,1541.88,3
2025-11-04T18:00:19.860271,18:00:19,1580.3,1580.3,3
2025-11-04T18:00:32.385914,18:00:32,1584.55,1584.55,3
2025-11-04T18:00:44.642884,18:00:44,1546.6,1546.6,3
2025-11-04T18:00:56.583054,18:00:56,1557.87,1557.87,3
2025-11-04T18:01:08.637070,18:01:08,1473.5,1473.5,3
2025-11-04T18:01:20.726635,18:01:20,1512.82,1512.82,3
2025-11-04T18:01:32.775591,18:01:32,1479.53,1479.53,3
2025-11-04T18:01:44.980642,18:01:44,1448.28,1448.28,3
2025-11-04T18:01:57.224301,18:01:57,1446.78,1446.78,3
2025-11-04T18:02:09.255991,18:02:09,1477.82,1477.82,3
2025-11-04T18:02:21.535253,18:02:21,1454.22,1454.22,3
2025-11-04T18:02:33.261263,18:02:33,1344.9,1344.9,3
2025-11-04T18:02:45.198925,18:02:45,1384.16,1384.16,3
2025-11-04T18:02:57.681997,18:02:57,1348.7,1348.7,3
2025-11-04T18:03:10.666264,18:03:10,1346.1,1346.1,3
2025-11-04T18:03:22.639619,18:03:22,1377.21,1377.21,3
2025-11-04T18:03:34.616835,18:03:34,1392.78,1392.78,3
2025-11-04T18:03:46.579995,18:03:46,1431.52,1431.52,3
2025-11-04T18:03:58.271307,18:03:58,1390.65,1390.65,3
2025-11-04T18:04:10.382842,18:04:10,1419.11,1419.11,3
2025-11-04T18:04:22.613885,18:04:22,1415.12,1415.12,3
2025-11-04T18:04:35.140411,18:04:35,1479.41,1479.41,3
2025-11-04T18:04:47.476083,18:04:47,1322.62,1322.62,3
2025-11-04T18:04:59.475496,18:04:59,1318.17,1318.17,3
2025-11-04T18:05:11.646941,18:05:11,1352.86,1352.86,3
2025-11-04T18:05:23.756380,18:05:23,1333.57,1333.57,3
2025-11-04T18:05:36.158781,18:05:36,1353.74,1353.74,3
2025-11-04T18:05:48.926778,18:05:48,1305.86,1305.86,3
2025-11-04T18:06:00.967307,18:06:00,1259.09,1259.09,3
2025-11-04T18:06:13.296453,18:06:13,1204.9,1204.9,3
2025-11-04T18:06:25.265217,18:06:25,1153.17,1153.17,3
2025-11-04T18:06:37.287993,18:06:37,1128.56,1128.56,3
2025-11-04T18:06:49.845461,18:06:49,1174.98,1174.98,3
2025-11-04T18:07:02.669373,18:07:02,1109.96,1109.96,3
2025-11-04T18:07:15.392152,18:07:15,1102.67,1102.67,3
2025-11-04T18:07:27.127576,18:07:27,1198.37,1198.37,3
2025-11-04T18:07:39.105375,18:07:39,1214.7,1214.7,3
2025-11-04T18:07:51.356368,18:07:51,1268.09,1268.09,3
2025-11-04T18:08:03.640021,18:08:03,1242.37,1242.37,3
2025-11-04T18:08:15.587517,18:08:15,1245.24,1245.24,3
2025-11-04T18:08:27.568874,18:08:27,1227.24,1227.24,3
2025-11-04T18:08:39.492539,18:08:39,1193.95,1193.95,3
2025-11-04T18:08:51.449089,18:08:51,1191.16,1191.16,3
2025-11-04T18:09:03.083458,18:09:03,1205.83,1205.83,3
2025-11-04T18:09:14.700673,18:09:14,1200.54,1200.54,3
2025-11-04T18:09:26.740890,18:09:26,1256.77,1256.77,3
2025-11-04T18:09:38.349092,18:09:38,1372.96,1372.96,3
2025-11-04T18:09:50.590689,18:09:50,1319.36,1319.36,3
2025-11-04T18:10:02.801129,18:10:02,1291.73,1291.73,3
2025-11-04T18:10:14.709708,18:10:14,1383.2,1383.2,3
2025-11-04T18:10:26.635083,18:10:26,1375.98,1375.98,3
2025-11-04T18:10:38.572263,18:10:38,1358.4,1358.4,3
2025-11-04T18:10:50.592252,18:10:50,1279.96,1279.96,3
2025-11-04T18:11:02.584114,18:11:02,1239.63,1239.63,3
2025-11-04T18:11:14.549340,18:11:14,1243.39,1243.39,3
2025-11-04T18:11:26.498326,18:11:26,1267.85,1267.85,3
2025-11-04T18:11:38.440312,18:11:38,1347.19,1347.19,3
2025-11-04T18:11:50.704743,18:11:50,1460.73,1460.73,3
2025-11-04T18:12:02.702981,18:12:02,1478.9,1478.9,3
2025-11-04T18:12:14.719141,18:12:14,1380.92,1380.92,3
2025-11-04T18:12:26.480414,18:12:26,1430.58,1430.58,3
2025-11-04T18:12:38.274261,18:12:38,1374.54,1374.54,3
2025-11-04T18:12:50.288862,18:12:50,1387.32,1387.32,3
2025-11-04T18:13:02.211607,18:13:02,1349.0,1349.0,3
2025-11-04T18:13:13.912672,18:13:13,1411.85,1411.85,3
2025-11-04T18:13:25.587135,18:13:25,1372.81,1372.81,3
2025-11-04T18:13:37.538190,18:13:37,1423.67,1423.67,3
2025-11-04T18:13:49.179112,18:13:49,1375.95,1375.95,3
2025-11-04T18:14:01.435300,18:14:01,1405.21,1405.21,3
2025-11-04T18:14:13.254851,18:14:13,1385.95,1385.95,3
2025-11-04T18:14:25.300683,18:14:25,1413.92,1413.92,3
2025-11-04T18:14:37.362365,18:14:37,1393.63,1393.63,3
2025-11-04T18:14:49.658614,18:14:49,1347.83,1347.83,3
2025-11-04T18:15:01.304414,18:15:01,1414.69,1414.69,3
2025-11-04T18:15:13.353978,18:15:13,1446.01,1446.01,3
2025-11-04T18:15:25.009585,18:15:25,1408.5,1408.5,3
2025-11-04T18:15:37.219060,18:15:37,1338.43,1338.43,3
2025-11-04T18:15:49.210086,18:15:49,1222.03,1222.03,3
2025-11-04T18:16:01.447033,18:16:01,1290.75,1290.75,3
2025-11-04T18:16:13.393658,18:16:13,1198.34,1198.34,3
2025-11-04T18:16:25.329853,18:16:25,1280.33,1280.33,3
2025-11-04T18:16:37.298619,18:16:37,1270.92,1270.92,3
2025-11-04T18:16:49.335562,18:16:49,1260.68,1260.68,3
2025-11-04T18:17:01.380146,18:17:01,1263.31,1263.31,3
2025-11-04T18:17:13.401662,18:17:13,1320.51,1320.51,3
2025-11-04T18:17:25.618981,18:17:25,1342.92,1342.92,3
2025-11-04T18:17:37.651723,18:17:37,1345.77,1345.77,3
2025-11-04T18:17:49.643752,18:17:49,1359.88,1359.88,3
2025-11-04T18:18:01.567599,18:18:01,1341.01,1341.01,3
2025-11-04T18:18:13.509490,18:18:13,1410.85,1410.85,3
2025-11-04T18:18:25.478593,18:18:25,1462.4,1462.4,3
2025-11-04T18:18:37.488832,18:18:37,1452.35,1452.35,3
2025-11-04T18:18:49.392090,18:18:49,1404.37,1404.37,3
2025-11-04T18:19:01.363773,18:19:01,1394.64,1394.64,3
2025-11-04T18:19:13.286464,18:19:13,1318.63,1318.63,3
2025-11-04T18:19:25.500309,18:19:25,1413.95,1413.95,3
2025-11-04T18:19:37.456853,18:19:37,1430.09,1430.09,3
2025-11-04T18:19:49.426564,18:19:49,1433.67,1433.67,3
2025-11-04T18:20:01.777488,18:20:01,1471.29,1471.29,3
2025-11-04T18:20:13.730995,18:20:13,1425.65,1425.65,3
2025-11-04T18:20:25.734181,18:20:25,1436.62,1436.62,3
2025-11-04T18:20:37.656688,18:20:37,1389.64,1389.64,3
2025-11-04T18:20:49.594641,18:20:49,1360.98,1360.98,3
2025-11-04T18:21:01.589052,18:21:01,1390.42,1390.42,3
2025-11-04T18:21:13.258180,18:21:13,1459.41,1459.41,3
2025-11-04T18:21:25.236791,18:21:25,1372.14,1372.14,3
2025-11-04T18:21:37.479048,18:21:37,1356.1,1356.1,3
2025-11-04T18:21:49.399140,18:21:49,1369.73,1369.73,3
2025-11-04T18:22:01.376464,18:22:01,1393.7,1393.7,3
2025-11-04T18:22:13.641477,18:22:13,1332.31,1332.31,3
2025-11-04T18:22:25.624863,18:22:25,1264.0,1264.0,3
2025-11-04T18:22:37.607840,18:22:37,1285.45,1285.45,3
2025-11-04T18:22:49.612442,18:22:49,1349.51,1349.51,3
2025-11-04T18:23:01.207133,18:23:01,1328.94,1328.94,3
2025-11-04T18:23:13.154567,18:23:13,1366.93,1366.93,3
2025-11-04T18:23:25.413777,18:23:25,1386.52,1386.52,3
2025-11-04T18:23:37.539533,18:23:37,1393.58,1393.58,3
2025-11-04T18:23:49.505696,18:23:49,1306.47,1306.47,3
2025-11-04T18:24:01.457712,18:24:01,1343.09,1343.09,3
2025-11-04T18:24:13.078942,18:24:13,1397.58,1397.58,3
2025-11-04T18:24:24.654648,18:24:24,1397.7,1397.7,3
2025-11-04T18:24:36.585442,18:24:36,1459.28,1459.28,3
2025-11-04T18:24:48.483628,18:24:48,1425.71,1425.71,3
2025-11-04T18:25:00.460296,18:25:00,1376.49,1376.49,3
2025-11-04T18:25:12.738315,18:25:12,1296.96,1296.96,3
2025-11-04T18:25:24.720939,18:25:24,1337.76,1337.76,3
2025-11-04T18:25:36.664235,18:25:36,1316.74,1316.74,3
2025-11-04T18:25:48.628615,18:25:48,1312.94,1312.94,3
2025-11-04T18:26:00.586416,18:26:00,1340.61,1340.61,3
2025-11-04T18:26:12.520232,18:26:12,1342.28,1342.28,3
2025-11-04T18:26:24.426749,18:26:24,1366.96,1366.96,3
2025-11-04T18:26:36.309541,18:26:36,1328.55,1328.55,3
2025-11-04T18:26:48.500910,18:26:48,1324.99,1324.99,3
2025-11-04T18:27:00.523757,18:27:00,1312.04,1312.04,3
2025-11-04T18:27:12.503020,18:27:12,1321.24,1321.24,3
2025-11-04T18:27:24.408492,18:27:24,1392.18,1392.18,3
2025-11-04T18:27:36.633556,18:27:36,1343.92,1343.92,3
2025-11-04T18:27:48.549843,18:27:48,1350.08,1350.08,3
2025-11-04T18:28:00.336332,18:28:00,1275.17,1275.17,3
2025-11-04T18:28:12.531821,18:28:12,1281.54,1281.54,3
2025-11-04T18:28:24.566499,18:28:24,1289.06,1289.06,3
2025-11-04T18:28:36.558561,18:28:36,1307.91,1307.91,3
2025-11-04T18:28:48.507156,18:28:48,1347.32,1347.32,3
2025-11-04T18:29:00.517064,18:29:00,1348.52,1348.52,3
2025-11-04T18:29:12.531494,18:29:12,1288.02,1288.02,3
2025-11-04T18:29:24.423839,18:29:24,1303.68,1303.68,3
2025-11-04T18:29:36.417316,18:29:36,1352.07,1352.07,3
2025-11-04T18:29:48.608572,18:29:48,1326.93,1326.93,3
2025-11-04T18:30:00.606081,18:30:00,1328.57,1328.57,3
2025-11-04T18:30:12.691601,18:30:12,1303.47,1303.47,3
2025-11-04T18:30:24.757864,18:30:24,1302.06,1302.06,3
2025-11-04T18:30:36.773058,18:30:36,1333.07,1333.07,3
2025-11-04T18:30:48.674784,18:30:48,1388.85,1388.85,3
2025-11-04T18:31:00.569619,18:31:00,1472.42,1472.42,3
2025-11-04T18:31:12.618363,18:31:12,1558.38,1558.38,3
2025-11-04T18:31:24.581273,18:31:24,1549.37,1549.37,3
2025-11-04T18:31:36.207413,18:31:36,1485.26,1485.26,3
2025-11-04T18:31:48.116204,18:31:48,1484.52,1484.52,3
2025-11-04T18:31:59.911041,18:31:59,1422.89,1422.89,3
2025-11-04T18:32:11.981168,18:32:11,1415.75,1415.75,3
2025-11-04T18:32:23.607984,18:32:23,1299.94,1299.94,3
2025-11-04T18:32:35.565819,18:32:35,1313.03,1313.03,3
2025-11-04T18:32:47.280734,18:32:47,1256.19,1256.19,3
2025-11-04T18:32:59.488719,18:32:59,1222.11,1222.11,3
2025-11-04T18:33:11.163197,18:33:11,1240.16,1240.16,3
2025-11-04T18:33:23.416944,18:33:23,1307.98,1307.98,3
2025-11-04T18:33:35.352312,18:33:35,1364.04,1364.04,3
2025-11-04T18:33:47.532646,18:33:47,1370.65,1370.65,3
2025-11-04T18:33:59.752101,18:33:59,1309.46,1309.46,3
2025-11-04T18:34:11.811605,18:34:11,1289.2,1289.2,3
2025-11-04T18:34:23.816976,18:34:23,1295.66,1295.66,3
2025-11-04T18:34:35.697033,18:34:35,1301.55,1301.55,3
2025-11-04T18:34:47.611261,18:34:47,1245.36,1245.36,3
2025-11-04T18:34:59.359420,18:34:59,1239.99,1239.99,3
2025-11-04T18:35:11.407045,18:35:11,1196.09,1196.09,3
2025-11-04T18:35:23.584077,18:35:23,1208.52,1208.52,3
2025-11-04T18:35:35.531579,18:35:35,1208.57,1208.57,3
2025-11-04T18:35:47.418013,18:35:47,1187.25,1187.25,3
2025-11-04T18:35:59.390790,18:35:59,1142.26,1142.26,3
2025-11-04T18:36:11.622461,18:36:11,1149.18,1149.18,3
2025-11-04T18:36:23.621141,18:36:23,1184.85,1184.85,3
2025-11-04T18:36:35.598331,18:36:35,1253.03,1253.03,3
2025-11-04T18:36:47.591239,18:36:47,1219.95,1219.95,3
2025-11-04T18:36:59.479669,18:36:59,1169.62,1169.62,3
2025-11-04T18:37:11.422700,18:37:11,1173.61,1173.61,3
2025-11-04T18:37:23.635846,18:37:23,1185.72,1185.72,3
2025-11-04T18:37:35.573583,18:37:35,1195.27,1195.27,3
2025-11-04T18:37:47.621607,18:37:47,1200.34,1200.34,3
2025-11-04T18:37:59.677506,18:37:59,1211.69,1211.69,3
2025-11-04T18:38:11.560273,18:38:11,1125.0,1125.0,3
2025-11-04T18:38:23.579654,18:38:23,1138.47,1138.47,3
2025-11-04T18:38:35.555577,18:38:35,1106.73,1106.73,3
2025-11-04T18:38:47.179189,18:38:47,1170.15,1170.15,3
2025-11-04T18:38:59.129744,18:38:59,1148.06,1148.06,3
2025-11-04T18:39:11.119465,18:39:11,1096.84,1096.84,3
2025-11-04T18:39:23.378187,18:39:23,1096.83,1096.83,3
2025-11-04T18:39:35.315049,18:39:35,1108.75,1108.75,3
2025-11-04T18:39:47.540810,18:39:47,1095.56,1095.56,3
2025-11-04T18:39:59.502633,18:39:59,1093.04,1093.04,3
2025-11-04T18:40:11.428808,18:40:11,1153.68,1153.68,3
2025-11-04T18:40:23.383852,18:40:23,1178.75,1178.75,3
2025-11-04T18:40:35.623444,18:40:35,1147.19,1147.19,3
2025-11-04T18:40:47.579045,18:40:47,1152.8,1152.8,3
2025-11-04T18:40:59.172390,18:40:59,1164.7,1164.7,3
2025-11-04T18:41:11.411950,18:41:11,1197.46,1197.46,3
2025-11-04T18:41:23.075801,18:41:23,1195.68,1195.68,3
2025-11-04T18:41:35.554632,18:41:35,1156.54,1156.54,3
2025-11-04T18:41:47.452200,18:41:47,1211.83,1211.83,3
2025-11-04T18:41:59.411529,18:41:59,1247.29,1247.29,3
2025-11-04T18:42:11.417077,18:42:11,1281.02,1281.02,3
2025-11-04T18:42:23.475694,18:42:23,1379.04,1379.04,3
2025-11-04T18:42:35.388027,18:42:35,1369.46,1369.46,3
2025-11-04T18:42:47.583314,18:42:47,1318.2,1318.2,3
2025-11-04T18:42:59.603823,18:42:59,1308.66,1308.66,3
2025-11-04T18:43:11.499687,18:43:11,1237.71,1237.71,3
2025-11-04T18:43:23.569865,18:43:23,1180.06,1180.06,3
2025-11-04T18:43:35.606584,18:43:35,1146.41,1146.41,3
2025-11-04T18:43:47.540664,18:43:47,1123.51,1123.51,3
2025-11-04T18:43:59.560465,18:43:59,1128.8,1128.8,3
2025-11-04T18:44:11.564653,18:44:11,1118.34,1118.34,3
2025-11-04T18:44:23.528387,18:44:23,1123.1,1123.1,3
2025-11-04T18:44:35.553900,18:44:35,1175.78,1175.78,3
2025-11-04T18:44:47.484184,18:44:47,1162.87,1162.87,3
2025-11-04T18:44:59.750698,18:44:59,1166.15,1166.15,3
2025-11-04T18:45:11.786099,18:45:11,1148.7,1148.7,3
2025-11-04T18:45:23.678200,18:45:23,1126.58,1126.58,3
2025-11-04T18:45:35.641741,18:45:35,1100.17,1100.17,3
2025-11-04T18:45:47.547255,18:45:47,1151.76,1151.76,3
2025-11-04T18:45:59.453678,18:45:59,1143.43,1143.43,3
2025-11-04T18:46:11.696572,18:46:11,1059.83,1059.83,3
2025-11-04T18:46:23.681589,18:46:23,1074.07,1074.07,3
2025-11-04T18:46:35.614689,18:46:35,1077.84,1077.84,3
2025-11-04T18:46:47.550796,18:46:47,1108.71,1108.71,3
2025-11-04T18:46:59.482149,18:46:59,1105.33,1105.33,3
2025-11-04T18:47:11.396694,18:47:11,1096.71,1096.71,3
2025-11-04T18:47:23.610083,18:47:23,1208.4,1208.4,3
2025-11-04T18:47:35.510911,18:47:35,1249.47,1249.47,3
2025-11-04T18:47:47.439050,18:47:47,1212.02,1212.02,3
2025-11-04T18:47:59.350696,18:47:59,1229.21,1229.21,3
2025-11-04T18:48:11.273812,18:48:11,1300.89,1300.89,3
2025-11-04T18:48:23.453797,18:48:23,1302.26,1302.26,3
2025-11-04T18:48:35.487468,18:48:35,1328.19,1328.19,3
2025-11-04T18:48:47.420803,18:48:47,1330.3,1330.3,3
2025-11-04T18:48:59.615838,18:48:59,1316.97,1316.97,3
2025-11-04T18:49:11.563506,18:49:11,1319.21,1319.21,3
2025-11-04T18:49:23.524660,18:49:23,1342.08,1342.08,3
2025-11-04T18:49:35.435919,18:49:35,1351.84,1351.84,3
2025-11-04T18:49:47.438824,18:49:47,1302.99,1302.99,3
2025-11-04T18:49:59.641902,18:49:59,1278.83,1278.83,3
2025-11-04T18:50:11.716830,18:50:11,1177.97,1177.97,3
2025-11-04T18:50:23.978412,18:50:23,1281.41,1281.41,3
2025-11-04T18:50:36.224064,18:50:36,1194.95,1194.95,3
2025-11-04T18:50:48.623503,18:50:48,1205.58,1205.58,3
2025-11-04T18:51:00.545425,18:51:00,1180.18,1180.18,3
2025-11-04T18:51:12.526855,18:51:12,1108.09,1108.09,3
2025-11-04T18:51:24.546517,18:51:24,1123.24,1123.24,3
2025-11-04T18:51:36.466461,18:51:36,1090.55,1090.55,3
2025-11-04T18:51:48.387724,18:51:48,1033.81,1033.81,3
2025-11-04T18:52:00.412778,18:52:00,1035.49,1035.49,3
2025-11-04T18:52:12.332160,18:52:12,1038.96,1038.96,3
2025-11-04T18:52:24.596599,18:52:24,1107.47,1107.47,3
2025-11-04T18:52:36.597074,18:52:36,1086.5,1086.5,3
2025-11-04T18:52:48.578341,18:52:48,1115.46,1115.46,3
2025-11-04T18:53:00.498178,18:53:00,1207.65,1207.65,3
2025-11-04T18:53:12.561592,18:53:12,1170.87,1170.87,3
2025-11-04T18:53:24.541274,18:53:24,1193.35,1193.35,3
2025-11-04T18:53:36.615727,18:53:36,1181.76,1181.76,3
2025-11-04T18:53:48.780368,18:53:48,1236.32,1236.32,3
2025-11-04T18:54:00.887523,18:54:00,1212.72,1212.72,3
2025-11-04T18:54:13.302539,18:54:13,1224.8,1224.8,3
2025-11-04T18:54:25.551433,18:54:25,1171.83,1171.83,3
2025-11-04T18:54:37.604620,18:54:37,1088.57,1088.57,3
2025-11-04T18:54:49.574463,18:54:49,1059.71,1059.71,3
2025-11-04T18:55:01.513108,18:55:01,1075.59,1075.59,3
2025-11-04T18:55:13.524608,18:55:13,1053.07,1053.07,3
2025-11-04T18:55:25.223605,18:55:25,931.83,931.83,3
2025-11-04T18:55:37.151913,18:55:37,777.06,777.06,3
2025-11-04T18:55:49.434616,18:55:49,870.92,870.92,3
2025-11-04T18:56:01.463676,18:56:01,821.51,821.51,3
2025-11-04T18:56:13.394973,18:56:13,794.07,794.07,3
2025-11-04T18:56:25.485756,18:56:25,761.86,761.86,3
2025-11-04T18:56:37.518194,18:56:37,719.54,719.54,3
2025-11-04T18:56:49.608527,18:56:49,747.05,747.05,3
2025-11-04T18:57:01.573489,18:57:01,780.46,780.46,3
2025-11-04T18:57:13.584609,18:57:13,726.87,726.87,3
2025-11-04T18:57:25.513473,18:57:25,711.65,711.65,3
2025-11-04T18:57:37.456101,18:57:37,679.36,679.36,3
2025-11-04T18:57:49.494750,18:57:49,719.12,719.12,3
2025-11-04T18:58:01.524829,18:58:01,686.23,686.23,3
2025-11-04T18:58:13.735009,18:58:13,632.23,632.23,3
2025-11-04T18:58:25.779355,18:58:25,687.28,687.28,3
2025-11-04T18:58:37.740448,18:58:37,704.67,704.67,3
2025-11-04T18:58:49.725678,18:58:49,763.0,763.0,3
2025-11-04T18:59:01.680978,18:59:01,764.02,764.02,3
2025-11-04T18:59:13.617907,18:59:13,852.9,852.9,3
2025-11-04T18:59:25.694689,18:59:25,841.23,841.23,3
2025-11-04T18:59:37.739858,18:59:37,895.37,895.37,3
2025-11-04T18:59:49.636540,18:59:49,868.77,868.77,3
2025-11-04T19:00:01.580250,19:00:01,841.68,841.68,3
2025-11-04T19:00:13.231358,19:00:13,848.28,848.28,3
2025-11-04T19:00:25.616473,19:00:25,945.33,945.33,3
2025-11-04T19:00:37.665779,19:00:37,1006.22,1006.22,3
2025-11-04T19:00:49.668138,19:00:49,983.44,983.44,3
2025-11-04T19:01:01.787301,19:01:01,967.85,967.85,3
2025-11-04T19:01:15.308463,19:01:15,841.78,841.78,3
2025-11-04T19:01:27.463255,19:01:27,979.32,979.32,3
2025-11-04T19:01:39.519805,19:01:39,819.9,819.9,3
2025-11-04T19:01:51.522192,19:01:51,756.69,756.69,3
2025-11-04T19:02:03.742657,19:02:03,774.4,774.4,3
2025-11-04T19:02:15.794074,19:02:15,797.84,797.84,3
2025-11-04T19:02:27.708987,19:02:27,814.02,814.02,3
2025-11-04T19:02:39.635445,19:02:39,833.35,833.35,3
2025-11-04T19:02:51.598081,19:02:51,877.46,877.46,3
2025-11-04T19:03:03.697072,19:03:03,954.73,954.73,3
2025-11-04T19:03:15.672926,19:03:15,1172.04,1172.04,3
2025-11-04T19:03:27.658075,19:03:27,1221.3,1221.3,3
2025-11-04T19:03:39.339166,19:03:39,1293.49,1293.49,3
2025-11-04T19:03:51.643296,19:03:51,1255.09,1255.09,3
2025-11-04T19:04:03.623690,19:04:03,1155.48,1155.48,3
2025-11-04T19:04:15.756406,19:04:15,1175.84,1175.84,3
2025-11-04T19:04:27.776339,19:04:27,1215.78,1215.78,3
2025-11-04T19:04:39.851538,19:04:39,1239.21,1239.21,3
2025-11-04T19:04:52.085130,19:04:52,1241.62,1241.62,3
2025-11-04T19:05:04.542513,19:05:04,1336.34,1336.34,3
2025-11-04T19:05:16.546786,19:05:16,1437.85,1437.85,3
2025-11-04T19:05:28.492037,19:05:28,1514.96,1514.96,3
2025-11-04T19:05:40.541014,19:05:40,1400.17,1400.17,3
2025-11-04T19:05:52.573392,19:05:52,1388.54,1388.54,3
2025-11-04T19:06:04.874168,19:06:04,1380.89,1380.89,3
2025-11-04T19:06:17.505446,19:06:17,1418.46,1418.46,3
2025-11-04T19:06:29.550445,19:06:29,1461.35,1461.35,3
2025-11-04T19:06:41.632445,19:06:41,1481.55,1481.55,3
2025-11-04T19:06:53.589627,19:06:53,1405.8,1405.8,3
2025-11-04T19:07:05.741030,19:07:05,1356.12,1356.12,3
2025-11-04T19:07:17.673610,19:07:17,1360.74,1360.74,3
2025-11-04T19:07:29.897809,19:07:29,1337.6,1337.6,3
2025-11-04T19:07:41.871388,19:07:41,1390.32,1390.32,3
2025-11-04T19:07:53.893940,19:07:53,1468.3,1468.3,3
2025-11-04T19:08:05.605544,19:08:05,1467.21,1467.21,3
2025-11-04T19:08:17.541932,19:08:17,1484.28,1484.28,3
2025-11-04T19:08:29.474798,19:08:29,1530.91,1530.91,3
2025-11-04T19:08:41.545931,19:08:41,1538.83,1538.83,3
2025-11-04T19:08:53.525010,19:08:53,1482.3,1482.3,3
2025-11-04T19:09:05.627554,19:09:05,1420.21,1420.21,3
2025-11-04T19:09:17.790193,19:09:17,1390.09,1390.09,3
2025-11-04T19:09:29.776920,19:09:29,1394.21,1394.21,3
2025-11-04T19:09:41.758074,19:09:41,1406.74,1406.74,3
2025-11-04T19:09:53.522594,19:09:53,1504.13,1504.13,3
2025-11-04T19:10:05.554395,19:10:05,1511.66,1511.66,3
2025-11-04T19:10:17.442709,19:10:17,1455.09,1455.09,3
2025-11-04T19:10:29.365805,19:10:29,1450.46,1450.46,3
2025-11-04T19:10:41.348522,19:10:41,1535.74,1535.74,3
2025-11-04T19:10:53.640139,19:10:53,1611.11,1611.11,3
2025-11-04T19:11:06.015953,19:11:06,1597.02,1597.02,3
2025-11-04T19:11:18.286948,19:11:18,1647.68,1647.68,3
2025-11-04T19:11:30.532871,19:11:30,1627.98,1627.98,3
2025-11-04T19:11:42.249184,19:11:42,1509.93,1509.93,3
2025-11-04T19:11:54.499322,19:11:54,1540.47,1540.47,3
2025-11-04T19:12:06.499989,19:12:06,1610.45,1610.45,3
2025-11-04T19:12:18.523958,19:12:18,1558.37,1558.37,3
2025-11-04T19:12:30.516207,19:12:30,1523.78,1523.78,3
2025-11-04T19:12:42.540044,19:12:42,1643.12,1643.12,3
2025-11-04T19:12:54.472310,19:12:54,1676.95,1676.95,3
2025-11-04T19:13:06.458113,19:13:06,1726.33,1726.33,3
2025-11-04T19:13:18.093761,19:13:18,1765.07,1765.07,3
2025-11-04T19:13:30.058704,19:13:30,1742.57,1742.57,3
2025-11-04T19:13:42.299836,19:13:42,1633.06,1633.06,3
2025-11-04T19:13:54.612403,19:13:54,1663.56,1663.56,3
2025-11-04T19:14:06.514082,19:14:06,1746.05,1746.05,3
2025-11-04T19:14:18.574163,19:14:18,1752.12,1752.12,3
2025-11-04T19:14:30.551371,19:14:30,1798.43,1798.43,3
2025-11-04T19:14:42.575202,19:14:42,1773.76,1773.76,3
2025-11-04T19:14:54.224402,19:14:54,1717.38,1717.38,3
2025-11-04T19:15:05.864341,19:15:05,1623.63,1623.63,3
2025-11-04T19:15:18.093774,19:15:18,1499.35,1499.35,3
2025-11-04T19:15:30.330730,19:15:30,1485.52,1485.52,3
2025-11-04T19:15:42.247919,19:15:42,1429.69,1429.69,3
2025-11-04T19:15:54.505488,19:15:54,1447.78,1447.78,3
2025-11-04T19:16:06.504224,19:16:06,1478.35,1478.35,3
2025-11-04T19:16:18.565251,19:16:18,1471.21,1471.21,3
2025-11-04T19:16:30.790924,19:16:30,1416.4,1416.4,3
2025-11-04T19:16:42.722314,19:16:42,1364.22,1364.22,3
2025-11-04T19:16:54.628508,19:16:54,1366.34,1366.34,3
2025-11-04T19:17:06.551779,19:17:06,1363.34,1363.34,3
2025-11-04T19:17:18.450459,19:17:18,1403.74,1403.74,3
2025-11-04T19:17:30.354029,19:17:30,1391.53,1391.53,3
2025-11-04T19:17:42.277332,19:17:42,1403.89,1403.89,3
2025-11-04T19:17:54.515932,19:17:54,1459.38,1459.38,3
2025-11-04T19:18:06.463724,19:18:06,1500.91,1500.91,3
2025-11-04T19:18:18.371369,19:18:18,1541.34,1541.34,3
2025-11-04T19:18:30.593765,19:18:30,1520.26,1520.26,3
2025-11-04T19:18:42.538259,19:18:42,1564.19,1564.19,3
2025-11-04T19:18:54.503327,19:18:54,1498.63,1498.63,3
2025-11-04T19:19:06.509270,19:19:06,1424.91,1424.91,3
2025-11-04T19:19:18.416403,19:19:18,1471.64,1471.64,3
2025-11-04T19:19:30.450837,19:19:30,1378.47,1378.47,3
2025-11-04T19:19:42.647471,19:19:42,1283.2,1283.2,3
2025-11-04T19:19:54.702571,19:19:54,1195.75,1195.75,3
2025-11-04T19:20:06.619846,19:20:06,1161.0,1161.0,3
2025-11-04T19:20:18.335308,19:20:18,1071.95,1071.95,3
2025-11-04T19:20:30.300261,19:20:30,1103.93,1103.93,3
2025-11-04T19:20:42.258025,19:20:42,1177.94,1177.94,3
2025-11-04T19:20:54.476407,19:20:54,1142.02,1142.02,3
2025-11-04T19:21:06.372366,19:21:06,1217.1,1217.1,3
2025-11-04T19:21:18.288440,19:21:18,1228.35,1228.35,3
2025-11-04T19:21:30.183497,19:21:30,1305.82,1305.82,3
2025-11-04T19:21:42.116982,19:21:42,1263.93,1263.93,3
2025-11-04T19:21:54.651303,19:21:54,1282.31,1282.31,3
2025-11-04T19:22:06.626132,19:22:06,1399.52,1399.52,3
2025-11-04T19:22:18.590250,19:22:18,1428.36,1428.36,3
2025-11-04T19:22:30.225141,19:22:30,1446.79,1446.79,3
2025-11-04T19:22:42.205711,19:22:42,1438.58,1438.58,3
2025-11-04T19:22:54.402568,19:22:54,1406.57,1406.57,3
2025-11-04T19:23:06.461105,19:23:06,1278.52,1278.52,3
2025-11-04T19:23:18.442448,19:23:18,1289.71,1289.71,3
2025-11-04T19:23:30.406515,19:23:30,1362.0,1362.0,3
2025-11-04T19:23:42.326686,19:23:42,1414.52,1414.52,3
2025-11-04T19:23:54.607107,19:23:54,1413.83,1413.83,3
2025-11-04T19:24:06.568096,19:24:06,1419.01,1419.01,3
2025-11-04T19:24:18.571404,19:24:18,1466.25,1466.25,3
2025-11-04T19:24:30.537246,19:24:30,1486.16,1486.16,3
2025-11-04T19:24:42.507934,19:24:42,1475.0,1475.0,3
2025-11-04T19:24:54.531288,19:24:54,1448.59,1448.59,3
2025-11-04T19:25:06.472957,19:25:06,1446.12,1446.12,3
2025-11-04T19:25:18.557997,19:25:18,1445.06,1445.06,3
2025-11-04T19:25:30.701837,19:25:30,1405.61,1405.61,3
2025-11-04T19:25:42.332149,19:25:42,1413.2,1413.2,3
2025-11-04T19:25:54.248111,19:25:54,1417.75,1417.75,3
2025-11-04T19:26:06.276090,19:26:06,1421.25,1421.25,3
2025-11-04T19:26:18.228976,19:26:18,1385.19,1385.19,3
2025-11-04T19:26:30.526112,19:26:30,1393.79,1393.79,3
2025-11-04T19:26:42.437849,19:26:42,1391.51,1391.51,3
2025-11-04T19:26:54.414895,19:26:54,1383.83,1383.83,3
2025-11-04T19:27:06.142410,19:27:06,1300.09,1300.09,3
2025-11-04T19:27:18.383661,19:27:18,1308.78,1308.78,3
2025-11-04T19:27:30.275546,19:27:30,1298.39,1298.39,3
2025-11-04T19:27:42.195862,19:27:42,1298.76,1298.76,3
2025-11-04T19:27:54.572483,19:27:54,1269.34,1269.34,3
2025-11-04T19:28:06.611826,19:28:06,1226.78,1226.78,3
2025-11-04T19:28:18.595493,19:28:18,1272.54,1272.54,3
2025-11-04T19:28:30.545844,19:28:30,1264.31,1264.31,3
2025-11-04T19:28:42.167154,19:28:42,1200.54,1200.54,3
2025-11-04T19:28:54.368962,19:28:54,1209.59,1209.59,3
2025-11-04T19:29:06.363584,19:29:06,1177.01,1177.01,3
2025-11-04T19:29:18.453414,19:29:18,1217.64,1217.64,3
2025-11-04T19:29:30.356712,19:29:30,1223.85,1223.85,3
2025-11-04T19:29:42.277289,19:29:42,1234.93,1234.93,3
2025-11-04T19:29:54.483246,19:29:54,1192.08,1192.08,3
2025-11-04T19:30:06.393428,19:30:06,1192.37,1192.37,3
2025-11-04T19:30:18.383682,19:30:18,1139.29,1139.29,3
2025-11-04T19:30:30.322896,19:30:30,1149.03,1149.03,3
2025-11-04T19:30:42.362667,19:30:42,1147.71,1147.71,3
2025-11-04T19:30:54.291307,19:30:54,1196.3,1196.3,3
2025-11-04T19:31:06.515049,19:31:06,1128.48,1128.48,3
2025-11-04T19:31:18.248995,19:31:18,1057.59,1057.59,3
2025-11-04T19:31:30.498644,19:31:30,997.2,997.2,3
2025-11-04T19:31:42.514414,19:31:42,909.24,909.24,3
2025-11-04T19:31:54.445886,19:31:54,893.94,893.94,3
2025-11-04T19:32:06.414404,19:32:06,868.04,868.04,3
2025-11-04T19:32:18.443202,19:32:18,838.0,838.0,3
2025-11-04T19:32:30.418247,19:32:30,796.2,796.2,3
2025-11-04T19:32:42.639851,19:32:42,797.41,797.41,3
2025-11-04T19:32:54.264872,19:32:54,774.19,774.19,3
2025-11-04T19:33:06.455780,19:33:06,822.79,822.79,3
2025-11-04T19:33:18.205688,19:33:18,862.65,862.65,3
2025-11-04T19:33:30.136359,19:33:30,885.73,885.73,3
2025-11-04T19:33:42.125658,19:33:42,829.75,829.75,3
2025-11-04T19:33:54.354243,19:33:54,811.53,811.53,3
2025-11-04T19:34:06.285294,19:34:06,903.24,903.24,3
2025-11-04T19:34:18.238610,19:34:18,1044.03,1044.03,3
2025-11-04T19:34:30.485176,19:34:30,1045.93,1045.93,3
2025-11-04T19:34:42.576933,19:34:42,1048.42,1048.42,3
2025-11-04T19:34:54.208547,19:34:54,989.87,989.87,3
2025-11-04T19:35:06.410319,19:35:06,1099.15,1099.15,3
2025-11-04T19:35:18.392682,19:35:18,1152.38,1152.38,3
2025-11-04T19:35:30.287771,19:35:30,1152.53,1152.53,3
2025-11-04T19:35:42.403289,19:35:42,1028.25,1028.25,3
2025-11-04T19:35:54.590057,19:35:54,1084.67,1084.67,3
2025-11-04T19:36:06.524262,19:36:06,1033.19,1033.19,3
2025-11-04T19:36:18.163600,19:36:18,1040.73,1040.73,3
2025-11-04T19:36:30.357496,19:36:30,1000.69,1000.69,3
2025-11-04T19:36:42.556469,19:36:42,1117.38,1117.38,3
2025-11-04T19:36:54.450226,19:36:54,1235.86,1235.86,3
2025-11-04T19:37:06.430494,19:37:06,1146.54,1146.54,3
2025-11-04T19:37:18.654071,19:37:18,1207.37,1207.37,3
2025-11-04T19:37:30.276334,19:37:30,1277.51,1277.51,3
2025-11-04T19:37:42.185587,19:37:42,1337.96,1337.96,3
2025-11-04T19:37:54.534085,19:37:54,1353.5,1353.5,3
2025-11-04T19:38:06.436150,19:38:06,1326.03,1326.03,3
2025-11-04T19:38:18.459210,19:38:18,1299.94,1299.94,3
2025-11-04T19:38:30.392973,19:38:30,1299.35,1299.35,3
2025-11-04T19:38:42.677688,19:38:42,1318.58,1318.58,3
2025-11-04T19:38:54.715123,19:38:54,1345.23,1345.23,3
2025-11-04T19:39:06.713238,19:39:06,1336.81,1336.81,3
2025-11-04T19:39:18.331924,19:39:18,1251.19,1251.19,3
2025-11-04T19:39:30.646812,19:39:30,1231.84,1231.84,3
2025-11-04T19:39:42.623476,19:39:42,1153.52,1153.52,3
2025-11-04T19:39:54.649802,19:39:54,1206.61,1206.61,3
2025-11-04T19:40:06.582888,19:40:06,1216.01,1216.01,3
2025-11-04T19:40:18.626292,19:40:18,1238.99,1238.99,3
2025-11-04T19:40:30.611021,19:40:30,1263.09,1263.09,3
2025-11-04T19:40:42.540925,19:40:42,1299.27,1299.27,3
2025-11-04T19:40:54.622937,19:40:54,1335.62,1335.62,3
2025-11-04T19:41:06.511735,19:41:06,1220.37,1220.37,3
2025-11-04T19:41:18.416487,19:41:18,1218.84,1218.84,3
2025-11-04T19:41:30.409261,19:41:30,1268.55,1268.55,3
2025-11-04T19:41:42.319074,19:41:42,1312.05,1312.05,3
2025-11-04T19:41:54.257204,19:41:54,1357.44,1357.44,3
2025-11-04T19:42:06.594465,19:42:06,1360.35,1360.35,3
2025-11-04T19:42:20.180833,19:42:20,1350.41,1350.41,3
2025-11-04T19:42:32.429176,19:42:32,1268.77,1268.77,3
2025-11-04T19:42:44.450723,19:42:44,1319.19,1319.19,3
2025-11-04T19:42:56.373276,19:42:56,1299.12,1299.12,3
2025-11-04T19:43:08.448727,19:43:08,1289.24,1289.24,3
2025-11-04T19:43:20.485996,19:43:20,1254.58,1254.58,3
2025-11-04T19:43:32.398319,19:43:32,1198.73,1198.73,3
2025-11-04T19:43:44.624282,19:43:44,1218.12,1218.12,3
2025-11-04T19:43:56.532217,19:43:56,1248.53,1248.53,3
2025-11-04T19:44:08.438398,19:44:08,1226.54,1226.54,3
2025-11-04T19:44:20.648836,19:44:20,1223.16,1223.16,3
2025-11-04T19:44:32.636664,19:44:32,1233.41,1233.41,3
2025-11-04T19:44:44.580884,19:44:44,1211.8,1211.8,3
2025-11-04T19:44:56.526508,19:44:56,1178.14,1178.14,3
2025-11-04T19:45:08.491008,19:45:08,1040.39,1040.39,3
2025-11-04T19:45:20.489810,19:45:20,1029.84,1029.84,3
2025-11-04T19:45:32.455426,19:45:32,1002.31,1002.31,3
2025-11-04T19:45:44.417920,19:45:44,1143.9,1143.9,3
2025-11-04T19:45:56.623570,19:45:56,1143.89,1143.89,3
2025-11-04T19:46:08.538139,19:46:08,1100.33,1100.33,3
2025-11-04T19:46:20.531077,19:46:20,1126.58,1126.58,3
2025-11-04T19:46:32.428820,19:46:32,1100.48,1100.48,3
2025-11-04T19:46:44.615999,19:46:44,1036.84,1036.84,3
2025-11-04T19:46:56.770759,19:46:56,1056.85,1056.85,3
2025-11-04T19:47:08.742362,19:47:08,1116.06,1116.06,3
2025-11-04T19:47:20.735404,19:47:20,1106.45,1106.45,3
2025-11-04T19:47:32.941668,19:47:32,1053.97,1053.97,3
2025-11-04T19:47:45.162356,19:47:45,1141.34,1141.34,3
2025-11-04T19:47:57.193521,19:47:57,1149.36,1149.36,3
2025-11-04T19:48:09.402293,19:48:09,1066.34,1066.34,3
2025-11-04T19:48:21.578333,19:48:21,1074.21,1074.21,3
2025-11-04T19:48:33.540761,19:48:33,1090.01,1090.01,3
2025-11-04T19:48:45.522867,19:48:45,1116.0,1116.0,3
2025-11-04T19:48:57.409103,19:48:57,1111.57,1111.57,3
2025-11-04T19:49:09.598732,19:49:09,1185.54,1185.54,3
2025-11-04T19:49:21.203003,19:49:21,1225.42,1225.42,3
2025-11-04T19:49:33.414697,19:49:33,1211.96,1211.96,3
2025-11-04T19:49:45.624882,19:49:45,1173.21,1173.21,3
2025-11-04T19:49:57.539494,19:49:57,1113.01,1113.01,3
2025-11-04T19:50:09.516447,19:50:09,999.5,999.5,3
2025-11-04T19:50:21.510092,19:50:21,982.89,982.89,3
2025-11-04T19:50:33.435663,19:50:33,903.74,903.74,3
2025-11-04T19:50:45.692840,19:50:45,973.76,973.76,3
2025-11-04T19:50:57.690050,19:50:57,1045.03,1045.03,3
2025-11-04T19:51:09.620319,19:51:09,986.81,986.81,3
2025-11-04T19:51:21.511879,19:51:21,1022.23,1022.23,3
2025-11-04T19:51:33.126909,19:51:33,929.61,929.61,3
2025-11-04T19:51:45.435536,19:51:45,947.42,947.42,3
2025-11-04T19:51:57.373255,19:51:57,985.41,985.41,3
2025-11-04T19:52:09.413136,19:52:09,1076.51,1076.51,3
2025-11-04T19:52:21.625148,19:52:21,1034.22,1034.22,3
2025-11-04T19:52:33.243797,19:52:33,1078.63,1078.63,3
2025-11-04T19:52:44.879364,19:52:44,1100.06,1100.06,3
2025-11-04T19:52:56.619655,19:52:56,1098.41,1098.41,3
2025-11-04T19:53:08.316121,19:53:08,1173.99,1173.99,3
2025-11-04T19:53:20.331061,19:53:20,1183.52,1183.52,3
2025-11-04T19:53:32.592451,19:53:32,1199.84,1199.84,3
2025-11-04T19:53:44.502753,19:53:44,1132.11,1132.11,3
2025-11-04T19:53:56.126309,19:53:56,1141.87,1141.87,3
2025-11-04T19:54:08.012615,19:54:08,1087.8,1087.8,3
2025-11-04T19:54:19.917889,19:54:19,1025.86,1025.86,3
2025-11-04T19:54:31.515206,19:54:31,989.69,989.69,3
2025-11-04T19:54:43.498464,19:54:43,1011.97,1011.97,3
2025-11-04T19:54:55.199305,19:54:55,1020.72,1020.72,3
2025-11-04T19:55:07.371364,19:55:07,982.95,982.95,3
2025-11-04T19:55:19.011652,19:55:19,1009.33,1009.33,3
2025-11-04T19:55:30.647680,19:55:30,1049.25,1049.25,3
2025-11-04T19:55:42.255003,19:55:42,955.7,955.7,3
2025-11-04T19:55:53.926476,19:55:53,946.48,946.48,3
2025-11-04T19:56:06.100270,19:56:06,990.03,990.03,3
2025-11-04T19:56:17.853538,19:56:17,1019.65,1019.65,3
2025-11-04T19:56:29.490412,19:56:29,967.15,967.15,3
2025-11-04T19:56:41.068173,19:56:41,973.48,973.48,3
2025-11-04T19:56:52.674745,19:56:52,984.65,984.65,3
2025-11-04T19:57:04.606062,19:57:04,929.08,929.08,3
2025-11-04T19:57:16.228997,19:57:16,928.33,928.33,3
2025-11-04T19:57:28.480854,19:57:28,911.1,911.1,3
2025-11-04T19:57:40.107946,19:57:40,831.06,831.06,3
2025-11-04T19:57:51.714346,19:57:51,793.95,793.95,3
2025-11-04T19:58:03.321150,19:58:03,803.22,803.22,3
2025-11-04T19:58:14.904651,19:58:14,816.81,816.81,3
2025-11-04T19:58:26.583761,19:58:26,785.04,785.04,3
2025-11-04T19:58:38.204016,19:58:38,794.86,794.86,3
2025-11-04T19:58:49.846415,19:58:49,795.41,795.41,3
2025-11-04T19:59:01.806134,19:59:01,783.1,783.1,3
2025-11-04T19:59:13.566388,19:59:13,781.84,781.84,3
2025-11-04T19:59:25.177725,19:59:25,774.1,774.1,3
2025-11-04T19:59:36.805324,19:59:36,776.34,776.34,3
2025-11-04T19:59:48.480053,19:59:48,781.63,781.63,3
2025-11-04T20:00:00.417616,20:00:00,834.4,834.4,3
2025-11-04T20:00:12.056499,20:00:12,527.47,527.47,3
2025-11-04T20:00:23.689320,20:00:23,472.88,472.88,3
2025-11-04T20:00:35.380998,20:00:35,564.04,564.04,3
2025-11-04T20:00:47.296943,20:00:47,662.64,662.64,3
2025-11-04T20:00:59.059212,20:00:59,850.43,850.43,3
2025-11-04T20:01:16.562930,20:01:16,703.51,703.51,3
2025-11-04T20:01:31.088769,20:01:31,769.75,769.75,3
2025-11-04T20:01:49.901429,20:01:49,720.46,720.46,3
2025-11-04T20:02:01.806932,20:02:01,549.61,549.61,3
2025-11-04T20:02:13.504469,20:02:13,588.73,588.73,3
2025-11-04T20:02:25.135823,20:02:25,236.51,236.51,3
2025-11-04T20:02:37.102491,20:02:37,489.9,489.9,3
2025-11-04T20:03:07.732835,20:03:07,270.73,270.73,0
2025-11-04T20:03:30.333984,20:03:30,81.24,81.24,3
2025-11-04T20:03:47.038843,20:03:47,20.71,20.71,3
2025-11-04T20:04:05.554573,20:04:05,20.47,20.47,0
2025-11-04T20:04:24.119033,20:04:24,74.5,74.5,3
2025-11-04T20:04:40.497131,20:04:40,260.77,260.77,3
2025-11-04T20:05:06.427573,20:05:06,13284.13,13284.13,3
2025-11-04T20:05:29.348005,20:05:29,13284.13,13284.13,0
2025-11-04T20:05:39.500759,20:05:39,13284.13,13284.13,0
2025-11-04T20:05:49.655948,20:05:49,13284.13,13284.13,0
2025-11-04T20:05:59.822381,20:05:59,13284.13,13284.13,0
2025-11-04T20:06:09.971897,20:06:09,13284.13,13284.13,0
2025-11-04T20:06:20.123661,20:06:20,13284.13,13284.13,0
2025-11-04T20:06:37.830944,20:06:37,13284.13,13284.13,3
2025-11-04T20:06:47.998247,20:06:47,13284.13,13284.13,0
2025-11-04T20:06:58.147030,20:06:58,13284.13,13284.13,0
2025-11-04T20:07:08.284852,20:07:08,13284.13,13284.13,0
2025-11-04T20:07:18.436675,20:07:18,13284.13,13284.13,0
2025-11-04T20:07:28.588581,20:07:28,13284.13,13284.13,0
2025-11-04T20:07:44.228419,20:07:44,13284.13,13284.13,3
2025-11-04T20:07:54.369094,20:07:54,13284.13,13284.13,0
2025-11-04T20:08:04.517056,20:08:04,13284.13,13284.13,0
2025-11-04T20:08:14.668014,20:08:14,13284.13,13284.13,0
2025-11-04T20:08:24.834152,20:08:24,13284.13,13284.13,0
2025-11-04T20:08:34.963488,20:08:34,13284.13,13284.13,0
2025-11-04T20:09:42.429459,20:09:42,-527.84,-527.84,3
2025-11-04T20:10:04.762046,20:10:04,-502.73,-502.73,0
2025-11-04T20:10:14.903056,20:10:14,-502.73,-502.73,0
2025-11-04T20:10:25.067826,20:10:25,-502.73,-502.73,0
2025-11-04T20:10:35.225937,20:10:35,-502.73,-502.73,0
2025-11-04T20:10:45.366387,20:10:45,-502.73,-502.73,0
2025-11-04T20:10:55.515791,20:10:55,-502.73,-502.73,0
2025-11-04T20:11:09.522773,20:11:09,-502.73,-502.73,0
2025-11-04T20:11:19.658893,20:11:19,-502.73,-502.73,0
2025-11-04T20:11:29.783848,20:11:29,-502.73,-502.73,0
2025-11-04T20:11:39.940646,20:11:39,-502.73,-502.73,0
2025-11-04T20:11:50.085727,20:11:50,-502.73,-502.73,0
2025-11-04T20:12:00.224162,20:12:00,-502.73,-502.73,0
2025-11-04T20:12:18.011074,20:12:18,-502.73,-502.73,0
2025-11-04T20:12:28.141479,20:12:28,-502.73,-502.73,0
2025-11-04T20:12:38.280277,20:12:38,-502.73,-502.73,0
2025-11-04T20:12:48.432456,20:12:48,-502.73,-502.73,0
2025-11-04T20:12:58.591838,20:12:58,-502.73,-502.73,0
2025-11-04T20:13:08.752532,20:13:08,-502.73,-502.73,0
2025-11-04T20:13:23.174013,20:13:23,-502.73,-502.73,0
2025-11-04T20:13:33.314253,20:13:33,-502.73,-502.73,0
2025-11-04T20:13:43.455435,20:13:43,-502.73,-502.73,0
2025-11-04T20:13:53.613825,20:13:53,-502.73,-502.73,0
2025-11-04T20:14:03.762167,20:14:03,-502.73,-502.73,0
2025-11-04T20:14:13.907433,20:14:13,-502.73,-502.73,0
2025-11-04T20:14:29.266145,20:14:29,-502.73,-502.73,0
2025-11-04T20:14:39.424827,20:14:39,-502.73,-502.73,0
2025-11-04T20:14:49.568617,20:14:49,-502.73,-502.73,0
2025-11-04T20:14:59.705824,20:14:59,-502.73,-502.73,0
2025-11-04T20:15:09.852216,20:15:09,-502.73,-502.73,0
2025-11-04T20:15:19.989506,20:15:19,-502.73,-502.73,0
2025-11-04T20:15:39.359976,20:15:39,-502.73,-502.73,0
2025-11-04T20:15:49.511259,20:15:49,-502.73,-502.73,0
2025-11-04T20:15:59.668748,20:15:59,-502.73,-502.73,0
2025-11-04T20:16:09.812303,20:16:09,-502.73,-502.73,0
2025-11-04T20:16:19.940227,20:16:19,-502.73,-502.73,0
2025-11-04T20:16:30.099604,20:16:30,-502.73,-502.73,0
2025-11-04T20:16:43.492991,20:16:43,-502.73,-502.73,0
2025-11-04T20:16:53.619151,20:16:53,-502.73,-502.73,0
2025-11-04T20:17:03.781836,20:17:03,-502.73,-502.73,0
2025-11-04T20:17:13.932699,20:17:13,-502.73,-502.73,0
2025-11-04T20:17:24.055464,20:17:24,-502.73,-502.73,0
2025-11-04T20:17:34.166498,20:17:34,-502.73,-502.73,0
2025-11-04T20:17:48.040631,20:17:48,-502.73,-502.73,0
2025-11-04T20:17:58.157199,20:17:58,-502.73,-502.73,0
2025-11-04T20:18:08.271860,20:18:08,-502.73,-502.73,0
2025-11-04T20:18:18.390252,20:18:18,-502.73,-502.73,0
2025-11-04T20:18:28.506921,20:18:28,-502.73,-502.73,0
2025-11-04T20:18:38.622290,20:18:38,-502.73,-502.73,0
2025-11-04T20:19:00.101784,20:19:00,-502.73,-502.73,3
2025-11-04T20:19:10.229396,20:19:10,-502.73,-502.73,0
2025-11-04T20:19:20.344367,20:19:20,-502.73,-502.73,0
2025-11-04T20:19:30.452079,20:19:30,-502.73,-502.73,0
2025-11-04T20:19:40.559853,20:19:40,-502.73,-502.73,0
2025-11-04T20:19:50.669483,20:19:50,-502.73,-502.73,0
2025-11-04T20:20:06.936364,20:20:06,-502.73,-502.73,0
2025-11-04T20:20:17.064021,20:20:17,-502.73,-502.73,0
2025-11-04T20:20:27.171743,20:20:27,-502.73,-502.73,0
2025-11-04T20:20:37.274457,20:20:37,-502.73,-502.73,0
2025-11-04T20:20:47.390037,20:20:47,-502.73,-502.73,0
2025-11-04T20:20:57.496608,20:20:57,-502.73,-502.73,0
2025-11-04T20:21:11.565825,20:21:11,-502.73,-502.73,0
2025-11-04T20:21:21.673695,20:21:21,-502.73,-502.73,0
2025-11-04T20:21:31.790965,20:21:31,-502.73,-502.73,0
2025-11-04T20:21:41.910759,20:21:41,-502.73,-502.73,0
2025-11-04T20:21:52.031498,20:21:52,-502.73,-502.73,0
2025-11-04T20:22:02.142801,20:22:02,-502.73,-502.73,0
2025-11-04T20:22:16.436095,20:22:16,-502.73,-502.73,0
2025-11-04T20:22:26.548885,20:22:26,-502.73,-502.73,0
2025-11-04T20:22:36.672409,20:22:36,-502.73,-502.73,0
2025-11-04T20:22:46.788232,20:22:46,-502.73,-502.73,0
2025-11-04T20:22:56.895861,20:22:56,-502.73,-502.73,0
2025-11-04T20:23:07.009975,20:23:07,-502.73,-502.73,0
2025-11-04T20:23:23.607408,20:23:23,-502.73,-502.73,0
2025-11-04T20:23:33.727114,20:23:33,-502.73,-502.73,0
2025-11-04T20:23:43.845050,20:23:43,-502.73,-502.73,0
2025-11-04T20:23:53.959808,20:23:53,-502.73,-502.73,0
2025-11-04T20:24:04.071162,20:24:04,-502.73,-502.73,0
2025-11-04T20:24:14.190768,20:24:14,-502.73,-502.73,0
2025-11-04T20:24:31.671419,20:24:31,-502.73,-502.73,0
2025-11-04T20:24:41.784999,20:24:41,-502.73,-502.73,0
2025-11-04T20:24:51.896041,20:24:51,-502.73,-502.73,0
2025-11-04T20:25:02.012168,20:25:02,-502.73,-502.73,0
2025-11-04T20:25:12.134771,20:25:12,-502.73,-502.73,0
2025-11-04T20:25:22.247392,20:25:22,-502.73,-502.73,0
2025-11-04T20:25:36.404714,20:25:36,-502.73,-502.73,0
2025-11-04T20:25:46.525158,20:25:46,-502.73,-502.73,0
2025-11-04T20:25:56.637916,20:25:56,-502.73,-502.73,0
2025-11-04T20:26:06.749512,20:26:06,-502.73,-502.73,0
2025-11-04T20:26:16.867815,20:26:16,-502.73,-502.73,0
2025-11-04T20:26:26.977281,20:26:26,-502.73,-502.73,0
2025-11-04T20:26:42.259545,20:26:42,-502.73,-502.73,0
2025-11-04T20:26:52.373632,20:26:52,-502.73,-502.73,0
2025-11-04T20:27:02.493092,20:27:02,-502.73,-502.73,0
2025-11-04T20:27:12.602159,20:27:12,-502.73,-502.73,0
2025-11-04T20:27:22.718242,20:27:22,-502.73,-502.73,0
2025-11-04T20:27:32.826088,20:27:32,-502.73,-502.73,0
2025-11-04T20:27:52.272095,20:27:52,-502.73,-502.73,0
2025-11-04T20:28:02.389731,20:28:02,-502.73,-502.73,0
2025-11-04T20:28:12.498916,20:28:12,-502.73,-502.73,0
2025-11-04T20:28:22.607918,20:28:22,-502.73,-502.73,0
2025-11-04T20:28:32.708837,20:28:32,-502.73,-502.73,0
2025-11-04T20:28:42.823348,20:28:42,-502.73,-502.73,0
2025-11-04T20:29:01.895261,20:29:01,-502.73,-502.73,0
2025-11-04T20:29:12.014674,20:29:12,-502.73,-502.73,0
2025-11-04T20:29:22.134569,20:29:22,-502.73,-502.73,0
2025-11-04T20:29:32.243279,20:29:32,-502.73,-502.73,0
2025-11-04T20:29:42.362449,20:29:42,-502.73,-502.73,0
2025-11-04T20:29:52.474451,20:29:52,-502.73,-502.73,0
2025-11-04T20:30:17.586137,20:30:17,-502.73,-502.73,0
2025-11-04T20:30:27.703006,20:30:27,-502.73,-502.73,0
2025-11-04T20:30:37.811769,20:30:37,-502.73,-502.73,0
2025-11-04T20:30:47.928395,20:30:47,-502.73,-502.73,0
2025-11-04T20:30:58.017645,20:30:58,-502.73,-502.73,0
2025-11-04T20:31:08.129577,20:31:08,-502.73,-502.73,0
2025-11-04T20:31:33.319426,20:31:33,-502.73,-502.73,0
2025-11-04T20:31:43.439921,20:31:43,-502.73,-502.73,0
2025-11-04T20:31:53.555223,20:31:53,-502.73,-502.73,0
2025-11-04T20:32:03.667648,20:32:03,-502.73,-502.73,0
2025-11-04T20:32:13.778329,20:32:13,-502.73,-502.73,0
2025-11-04T20:32:23.888389,20:32:23,-502.73,-502.73,0
2025-11-04T20:32:40.159740,20:32:40,-502.73,-502.73,0
2025-11-04T20:32:50.301098,20:32:50,-502.73,-502.73,0
2025-11-04T20:33:00.443420,20:33:00,-502.73,-502.73,0
2025-11-04T20:33:10.571146,20:33:10,-502.73,-502.73,0
2025-11-04T20:33:20.711344,20:33:20,-502.73,-502.73,0
2025-11-04T20:33:30.854498,20:33:30,-502.73,-502.73,0
2025-11-04T20:33:56.008636,20:33:56,-502.73,-502.73,0
2025-11-04T20:34:06.139325,20:34:06,-502.73,-502.73,0
2025-11-04T20:34:16.302605,20:34:16,-502.73,-502.73,0
2025-11-04T20:34:26.451780,20:34:26,-502.73,-502.73,0
2025-11-04T20:34:36.581941,20:34:36,-502.73,-502.73,0
2025-11-04T20:34:46.734773,20:34:46,-502.73,-502.73,0
2025-11-04T20:34:58.141138,20:34:58,-502.73,-502.73,0
2025-11-04T20:35:08.257403,20:35:08,-502.73,-502.73,0
2025-11-04T20:35:18.415724,20:35:18,-502.73,-502.73,0
2025-11-04T20:35:28.564840,20:35:28,-502.73,-502.73,0
2025-11-04T20:35:38.692947,20:35:38,-502.73,-502.73,0
2025-11-04T20:35:48.855760,20:35:48,-502.73,-502.73,0
2025-11-04T20:36:02.268191,20:36:02,-502.73,-502.73,0
2025-11-04T20:36:12.415191,20:36:12,-502.73,-502.73,0
2025-11-04T20:36:22.564122,20:36:22,-502.73,-502.73,0
2025-11-04T20:36:32.716791,20:36:32,-502.73,-502.73,0
2025-11-04T20:36:42.859811,20:36:42,-502.73,-502.73,0
2025-11-04T20:36:53.002003,20:36:53,-502.73,-502.73,0
2025-11-04T20:37:08.146164,20:37:08,-502.73,-502.73,0
2025-11-04T20:37:18.264751,20:37:18,-502.73,-502.73,0
2025-11-04T20:37:28.387050,20:37:28,-502.73,-502.73,0
2025-11-04T20:37:38.550450,20:37:38,-502.73,-502.73,0
2025-11-04T20:37:48.698395,20:37:48,-502.73,-502.73,0
2025-11-04T20:37:58.823493,20:37:58,-502.73,-502.73,0
2025-11-04T20:38:13.890569,20:38:13,-502.73,-502.73,0
2025-11-04T20:38:24.036186,20:38:24,-502.73,-502.73,0
2025-11-04T20:38:34.180426,20:38:34,-502.73,-502.73,0
2025-11-04T20:38:44.329320,20:38:44,-502.73,-502.73,0
2025-11-04T20:38:54.477928,20:38:54,-502.73,-502.73,0
2025-11-04T20:39:04.600820,20:39:04,-502.73,-502.73,0
2025-11-04T20:39:16.927824,20:39:16,-502.73,-502.73,0
2025-11-04T20:39:27.078143,20:39:27,-502.73,-502.73,0
2025-11-04T20:39:37.243386,20:39:37,-502.73,-502.73,0
2025-11-04T20:39:47.378796,20:39:47,-502.73,-502.73,0
2025-11-04T20:39:57.509260,20:39:57,-502.73,-502.73,0
2025-11-04T20:40:07.640952,20:40:07,-502.73,-502.73,0
2025-11-04T20:40:18.955177,20:40:18,-502.73,-502.73,0
2025-11-04T20:40:29.092111,20:40:29,-502.73,-502.73,0
2025-11-04T20:40:39.233254,20:40:39,-502.73,-502.73,0
2025-11-04T20:40:49.374532,20:40:49,-502.73,-502.73,0
2025-11-04T20:40:59.500390,20:40:59,-502.73,-502.73,0
2025-11-04T20:41:09.649298,20:41:09,-502.73,-502.73,0
2025-11-04T20:41:24.959150,20:41:24,-502.73,-502.73,0
2025-11-04T20:41:35.096378,20:41:35,-502.73,-502.73,0
2025-11-04T20:41:45.250792,20:41:45,-502.73,-502.73,0
2025-11-04T20:41:55.404365,20:41:55,-502.73,-502.73,0
2025-11-04T20:42:05.554177,20:42:05,-502.73,-502.73,0
2025-11-04T20:42:15.677905,20:42:15,-502.73,-502.73,0
2025-11-04T20:42:28.636279,20:42:28,-502.73,-502.73,0
2025-11-04T20:42:38.752990,20:42:38,-502.73,-502.73,0
2025-11-04T20:42:48.889495,20:42:48,-502.73,-502.73,0
2025-11-04T20:42:59.033813,20:42:59,-502.73,-502.73,0
2025-11-04T20:43:09.175671,20:43:09,-502.73,-502.73,0
2025-11-04T20:43:19.318939,20:43:19,-502.73,-502.73,0
2025-11-04T20:43:32.924966,20:43:32,-502.73,-502.73,0
2025-11-04T20:43:43.055672,20:43:43,-502.73,-502.73,0
2025-11-04T20:43:53.191820,20:43:53,-502.73,-502.73,0
2025-11-04T20:44:03.332399,20:44:03,-502.73,-502.73,0
2025-11-04T20:44:13.485006,20:44:13,-502.73,-502.73,0
2025-11-04T20:44:23.620817,20:44:23,-502.73,-502.73,0
2025-11-04T20:44:36.272750,20:44:36,-502.73,-502.73,0
2025-11-04T20:44:46.393369,20:44:46,-502.73,-502.73,0
2025-11-04T20:44:56.535753,20:44:56,-502.73,-502.73,0
2025-11-04T20:45:06.688424,20:45:06,-502.73,-502.73,0
2025-11-04T20:45:16.822754,20:45:16,-502.73,-502.73,0
2025-11-04T20:45:26.952554,20:45:26,-502.73,-502.73,0
2025-11-04T20:45:40.816284,20:45:40,-502.73,-502.73,0
2025-11-04T20:45:50.966462,20:45:50,-502.73,-502.73,0
2025-11-04T20:46:01.105314,20:46:01,-502.73,-502.73,0
2025-11-04T20:46:11.249493,20:46:11,-502.73,-502.73,0
2025-11-04T20:46:21.400175,20:46:21,-502.73,-502.73,0
2025-11-04T20:46:31.534255,20:46:31,-502.73,-502.73,0
2025-11-04T20:46:44.743207,20:46:44,-502.73,-502.73,0
2025-11-04T20:46:54.885502,20:46:54,-502.73,-502.73,0
2025-11-04T20:47:04.990781,20:47:04,-502.73,-502.73,0
2025-11-04T20:47:15.090784,20:47:15,-502.73,-502.73,0
2025-11-04T20:47:25.188989,20:47:25,-502.73,-502.73,0
2025-11-04T20:47:35.306331,20:47:35,-502.73,-502.73,0
2025-11-04T20:47:53.461134,20:47:53,-502.73,-502.73,0
2025-11-04T20:48:03.577866,20:48:03,-502.73,-502.73,0
2025-11-04T20:48:13.697005,20:48:13,-502.73,-502.73,0
2025-11-04T20:48:23.821710,20:48:23,-502.73,-502.73,0
2025-11-04T20:48:33.919115,20:48:33,-502.73,-502.73,0
2025-11-04T20:48:44.027943,20:48:44,-502.73,-502.73,0
2025-11-04T20:49:01.623216,20:49:01,-502.73,-502.73,0
2025-11-04T20:49:11.724381,20:49:11,-502.73,-502.73,0
2025-11-04T20:49:21.837017,20:49:21,-502.73,-502.73,0
2025-11-04T20:49:31.949893,20:49:31,-502.73,-502.73,0
2025-11-04T20:49:42.063727,20:49:42,-502.73,-502.73,0
2025-11-04T20:49:52.176435,20:49:52,-502.73,-502.73,0
2025-11-04T20:50:17.285996,20:50:17,-502.73,-502.73,0
2025-11-04T20:50:27.404397,20:50:27,-502.73,-502.73,0
2025-11-04T20:50:37.494649,20:50:37,-502.73,-502.73,0
2025-11-04T20:50:47.604153,20:50:47,-502.73,-502.73,0
2025-11-04T20:50:57.710836,20:50:57,-502.73,-502.73,0
2025-11-04T20:51:07.799650,20:51:07,-502.73,-502.73,0
2025-11-04T20:51:21.106886,20:51:21,2045.11,2045.11,3
2025-11-04T20:51:33.259174,20:51:33,2010.71,2010.71,3
2025-11-04T20:51:45.416154,20:51:45,2097.28,2097.28,3
2025-11-04T20:51:57.368852,20:51:57,2174.37,2174.37,3
2025-11-04T20:52:09.596297,20:52:09,2357.87,2357.87,3
2025-11-04T20:52:21.471079,20:52:21,2243.69,2243.69,3
2025-11-04T20:52:33.630750,20:52:33,2308.15,2308.15,3
2025-11-04T20:52:45.259320,20:52:45,2119.37,2119.37,3
2025-11-04T20:52:57.140192,20:52:57,2170.41,2170.41,3
2025-11-04T20:53:09.346945,20:53:09,2166.86,2166.86,3
2025-11-04T20:53:21.571157,20:53:21,2118.89,2118.89,3
2025-11-04T20:53:33.418680,20:53:33,2155.38,2155.38,3
2025-11-04T20:53:45.633378,20:53:45,2203.01,2203.01,3
2025-11-04T20:53:57.545660,20:53:57,2244.95,2244.95,3
2025-11-04T20:54:09.462352,20:54:09,2204.71,2204.71,3
2025-11-04T20:54:21.420975,20:54:21,2166.69,2166.69,3
2025-11-04T20:54:33.345799,20:54:33,2116.9,2116.9,3
2025-11-04T20:54:45.555342,20:54:45,2103.43,2103.43,3
2025-11-04T20:54:57.436593,20:54:57,2110.33,2110.33,3
2025-11-04T20:55:09.587080,20:55:09,2172.55,2172.55,3
2025-11-04T20:55:21.418944,20:55:21,2222.92,2222.92,3
2025-11-04T20:55:33.263224,20:55:33,2292.94,2292.94,3
2025-11-04T20:55:45.500623,20:55:45,2195.02,2195.02,3
2025-11-04T20:55:57.423281,20:55:57,2127.14,2127.14,3
2025-11-04T20:56:09.300144,20:56:09,2080.57,2080.57,3
2025-11-04T20:56:21.203019,20:56:21,2273.17,2273.17,3
2025-11-04T20:56:33.361353,20:56:33,2225.0,2225.0,3
2025-11-04T20:56:45.240289,20:56:45,2176.44,2176.44,3
2025-11-04T20:56:57.413128,20:56:57,2175.49,2175.49,3
2025-11-04T20:57:09.579611,20:57:09,2072.56,2072.56,3
2025-11-04T20:57:21.462042,20:57:21,1885.58,1885.58,3
2025-11-04T20:57:33.468442,20:57:33,1904.21,1904.21,3
2025-11-04T20:57:45.636267,20:57:45,1955.61,1955.61,3
2025-11-04T20:57:57.607836,20:57:57,1935.41,1935.41,3
2025-11-04T20:58:09.608372,20:58:09,1930.85,1930.85,3
2025-11-04T20:58:21.509572,20:58:21,2034.75,2034.75,3
2025-11-04T20:58:33.384832,20:58:33,2087.98,2087.98,3
2025-11-04T20:58:45.586051,20:58:45,2206.62,2206.62,3
2025-11-04T20:58:57.447338,20:58:57,2227.07,2227.07,3
2025-11-04T20:59:09.333386,20:59:09,2250.62,2250.62,3
2025-11-04T20:59:21.603427,20:59:21,2217.38,2217.38,3
2025-11-04T20:59:33.488322,20:59:33,2194.38,2194.38,3
2025-11-04T20:59:45.391138,20:59:45,2057.48,2057.48,3
2025-11-04T20:59:57.385665,20:59:57,2080.95,2080.95,3
2025-11-04T21:00:09.566725,21:00:09,1999.26,1999.26,3
2025-11-04T21:00:21.523461,21:00:21,2030.94,2030.94,3
2025-11-04T21:00:33.453417,21:00:33,2098.46,2098.46,3
2025-11-04T21:00:45.331873,21:00:45,2056.99,2056.99,3
2025-11-04T21:00:57.561079,21:00:57,2097.71,2097.71,3
2025-11-04T21:01:09.467783,21:01:09,2106.16,2106.16,3
2025-11-04T21:01:21.637697,21:01:21,2197.29,2197.29,3
2025-11-04T21:01:33.497875,21:01:33,2165.37,2165.37,3
2025-11-04T21:01:45.487012,21:01:45,2187.84,2187.84,3
2025-11-04T21:01:57.454418,21:01:57,2144.82,2144.82,3
2025-11-04T21:02:09.642490,21:02:09,1943.05,1943.05,3
2025-11-04T21:02:21.494234,21:02:21,2079.07,2079.07,3
2025-11-04T21:02:33.362556,21:02:33,2114.88,2114.88,3
2025-11-04T21:02:45.314271,21:02:45,2081.58,2081.58,3
2025-11-04T21:02:57.163925,21:02:57,2119.72,2119.72,3
2025-11-04T21:03:09.392114,21:03:09,2184.42,2184.42,3
2025-11-04T21:03:21.646303,21:03:21,2151.69,2151.69,3
2025-11-04T21:03:33.587327,21:03:33,2198.81,2198.81,3
2025-11-04T21:03:45.460845,21:03:45,2164.79,2164.79,3
2025-11-04T21:03:57.419137,21:03:57,2061.25,2061.25,3
2025-11-04T21:04:09.319925,21:04:09,2015.51,2015.51,3
2025-11-04T21:04:21.590373,21:04:21,2205.61,2205.61,3
2025-11-04T21:04:33.536887,21:04:33,2139.42,2139.42,3
2025-11-04T21:04:45.487900,21:04:45,2326.06,2326.06,3
2025-11-04T21:04:57.412626,21:04:57,2268.3,2268.3,3
2025-11-04T21:05:09.554025,21:05:09,2215.78,2215.78,3
2025-11-04T21:05:21.474882,21:05:21,2202.41,2202.41,3
2025-11-04T21:05:33.337968,21:05:33,2135.79,2135.79,3
2025-11-04T21:05:45.272595,21:05:45,2147.99,2147.99,3
2025-11-04T21:05:57.194289,21:05:57,2162.34,2162.34,3
2025-11-04T21:06:08.935149,21:06:08,2216.09,2216.09,3
2025-11-04T21:06:21.265148,21:06:21,2267.12,2267.12,3
2025-11-04T21:06:33.421797,21:06:33,2122.6,2122.6,3
2025-11-04T21:06:45.580162,21:06:45,2038.36,2038.36,3
2025-11-04T21:06:57.493229,21:06:57,2051.68,2051.68,3
2025-11-04T21:07:09.684694,21:07:09,2030.14,2030.14,3
2025-11-04T21:07:21.557981,21:07:21,2065.09,2065.09,3
2025-11-04T21:07:33.795033,21:07:33,2159.53,2159.53,3
2025-11-04T21:07:45.654981,21:07:45,2105.8,2105.8,3
2025-11-04T21:07:57.564378,21:07:57,2123.91,2123.91,3
2025-11-04T21:08:09.561210,21:08:09,2084.29,2084.29,3
2025-11-04T21:08:21.513494,21:08:21,2056.93,2056.93,3
2025-11-04T21:08:33.406523,21:08:33,2121.18,2121.18,3
2025-11-04T21:08:45.647631,21:08:45,2163.98,2163.98,3
2025-11-04T21:08:57.310050,21:08:57,2224.7,2224.7,3
2025-11-04T21:09:09.495204,21:09:09,2261.53,2261.53,3
2025-11-04T21:09:21.470388,21:09:21,2222.32,2222.32,3
2025-11-04T21:09:33.373300,21:09:33,2280.45,2280.45,3
2025-11-04T21:09:45.292816,21:09:45,2251.47,2251.47,3
2025-11-04T21:09:57.570752,21:09:57,2154.16,2154.16,3
2025-11-04T21:10:09.475922,21:10:09,2098.68,2098.68,3
2025-11-04T21:10:21.379352,21:10:21,2102.45,2102.45,3
2025-11-04T21:10:33.608947,21:10:33,2071.19,2071.19,3
2025-11-04T21:10:45.449713,21:10:45,2001.7,2001.7,3
2025-11-04T21:10:57.355254,21:10:57,2011.33,2011.33,3
2025-11-04T21:11:09.632917,21:11:09,1933.73,1933.73,3
2025-11-04T21:11:21.203619,21:11:21,1869.84,1869.84,3
2025-11-04T21:11:32.799473,21:11:32,1942.13,1942.13,3
2025-11-04T21:11:44.765604,21:11:44,1847.05,1847.05,3
2025-11-04T21:11:56.598133,21:11:56,1765.33,1765.33,3
2025-11-04T21:12:08.645105,21:12:08,1826.9,1826.9,3
2025-11-04T21:12:20.381947,21:12:20,1700.35,1700.35,3
2025-11-04T21:12:32.646468,21:12:32,1792.82,1792.82,3
2025-11-04T21:12:44.609290,21:12:44,1679.69,1679.69,3
2025-11-04T21:12:56.547372,21:12:56,1646.29,1646.29,3
2025-11-04T21:13:08.503144,21:13:08,1748.75,1748.75,3
2025-11-04T21:13:20.383454,21:13:20,1692.91,1692.91,3
2025-11-04T21:13:32.677684,21:13:32,1695.43,1695.43,3
2025-11-04T21:13:44.676732,21:13:44,1700.98,1700.98,3
2025-11-04T21:13:56.745150,21:13:56,1627.09,1627.09,3
2025-11-04T21:14:08.626608,21:14:08,1767.96,1767.96,3
2025-11-04T21:14:20.666420,21:14:20,1801.02,1801.02,3
2025-11-04T21:14:32.359973,21:14:32,1795.94,1795.94,3
2025-11-04T21:14:44.040155,21:14:44,1816.17,1816.17,3
2025-11-04T21:14:55.734231,21:14:55,1853.56,1853.56,3
2025-11-04T21:15:07.678714,21:15:07,1838.25,1838.25,3
2025-11-04T21:15:19.942972,21:15:19,1663.62,1663.62,3
2025-11-04T21:15:32.493334,21:15:32,1675.77,1675.77,3
2025-11-04T21:15:44.462627,21:15:44,1561.42,1561.42,3
2025-11-04T21:15:56.698648,21:15:56,1541.32,1541.32,3
2025-11-04T21:16:08.589600,21:16:08,1424.38,1424.38,3
2025-11-04T21:16:20.476480,21:16:20,1425.62,1425.62,3
2025-11-04T21:16:32.464180,21:16:32,1470.62,1470.62,3
2025-11-04T21:16:44.652743,21:16:44,1521.18,1521.18,3
2025-11-04T21:16:56.879020,21:16:56,1621.11,1621.11,3
2025-11-04T21:17:08.862960,21:17:08,1452.73,1452.73,3
2025-11-04T21:17:20.899258,21:17:20,1366.03,1366.03,3
2025-11-04T21:17:32.815756,21:17:32,1369.87,1369.87,3
2025-11-04T21:17:44.721544,21:17:44,1403.19,1403.19,3
2025-11-04T21:17:56.628652,21:17:56,1281.81,1281.81,3
2025-11-04T21:18:08.550989,21:18:08,1230.61,1230.61,3
2025-11-04T21:18:20.548887,21:18:20,1331.29,1331.29,3
2025-11-04T21:18:32.483911,21:18:32,1275.63,1275.63,3
2025-11-04T21:18:44.471690,21:18:44,1276.06,1276.06,3
2025-11-04T21:18:56.377185,21:18:56,1182.51,1182.51,3
2025-11-04T21:19:08.326143,21:19:08,1203.83,1203.83,3
2025-11-04T21:19:20.523893,21:19:20,1176.45,1176.45,3
2025-11-04T21:19:32.460826,21:19:32,1229.29,1229.29,3
2025-11-04T21:19:44.383124,21:19:44,1221.3,1221.3,3
2025-11-04T21:19:56.612490,21:19:56,1166.1,1166.1,3
2025-11-04T21:20:08.536121,21:20:08,1177.04,1177.04,3
2025-11-04T21:20:20.462470,21:20:20,1182.64,1182.64,3
2025-11-04T21:20:32.403079,21:20:32,1110.97,1110.97,3
2025-11-04T21:20:44.639371,21:20:44,1066.35,1066.35,3
2025-11-04T21:20:56.608422,21:20:56,1076.99,1076.99,3
2025-11-04T21:21:08.639701,21:21:08,1134.89,1134.89,3
2025-11-04T21:21:20.715449,21:21:20,1129.34,1129.34,3
2025-11-04T21:21:32.650622,21:21:32,1074.71,1074.71,3
2025-11-04T21:21:44.523362,21:21:44,1068.05,1068.05,3
2025-11-04T21:21:56.539389,21:21:56,1057.78,1057.78,3
2025-11-04T21:22:08.420090,21:22:08,1049.92,1049.92,3
2025-11-04T21:22:20.326265,21:22:20,909.78,909.78,3
2025-11-04T21:22:32.524384,21:22:32,843.25,843.25,3
2025-11-04T21:22:44.454257,21:22:44,819.72,819.72,3
2025-11-04T21:22:56.418401,21:22:56,910.51,910.51,3
2025-11-04T21:23:08.289723,21:23:08,863.0,863.0,3
2025-11-04T21:23:20.459214,21:23:20,596.96,596.96,3
2025-11-04T21:23:32.538121,21:23:32,434.65,434.65,3
2025-11-04T21:23:44.512920,21:23:44,326.17,326.17,3
2025-11-04T21:23:56.450951,21:23:56,506.46,506.46,3
2025-11-04T21:24:08.388384,21:24:08,738.83,738.83,3
2025-11-04T21:24:20.619031,21:24:20,866.37,866.37,3
2025-11-04T21:24:32.599155,21:24:32,851.88,851.88,3
2025-11-04T21:24:44.722467,21:24:44,767.73,767.73,3
2025-11-04T21:24:56.604758,21:24:56,885.99,885.99,3
2025-11-04T21:25:08.595799,21:25:08,898.28,898.28,3
2025-11-04T21:25:20.537273,21:25:20,907.01,907.01,3
2025-11-04T21:25:32.541103,21:25:32,889.36,889.36,3
2025-11-04T21:25:44.480459,21:25:44,892.14,892.14,3
2025-11-04T21:25:56.380400,21:25:56,839.2,839.2,3
2025-11-04T21:26:08.576668,21:26:08,587.42,587.42,3
2025-11-04T21:26:20.461655,21:26:20,581.12,581.12,3
2025-11-04T21:26:32.506726,21:26:32,530.58,530.58,3
2025-11-04T21:26:44.426800,21:26:44,512.92,512.92,3
2025-11-04T21:26:56.307701,21:26:56,494.28,494.28,3
2025-11-04T21:27:08.545109,21:27:08,520.33,520.33,3
2025-11-04T21:27:20.534309,21:27:20,479.38,479.38,3
2025-11-04T21:27:32.426900,21:27:32,406.11,406.11,3
2025-11-04T21:27:44.500138,21:27:44,501.9,501.9,3
2025-11-04T21:27:56.721945,21:27:56,476.48,476.48,3
2025-11-04T21:28:08.654367,21:28:08,538.64,538.64,3
2025-11-04T21:28:20.615232,21:28:20,689.28,689.28,3
2025-11-04T21:28:32.514629,21:28:32,595.26,595.26,3
2025-11-04T21:28:44.388593,21:28:44,562.39,562.39,3
2025-11-04T21:28:56.263578,21:28:56,476.4,476.4,3
2025-11-04T21:29:08.199371,21:29:08,442.91,442.91,3
2025-11-04T21:29:20.378260,21:29:20,356.43,356.43,3
2025-11-04T21:29:32.560991,21:29:32,257.2,257.2,3
2025-11-04T21:29:44.740942,21:29:44,170.94,170.94,3
2025-11-04T21:29:56.688831,21:29:56,114.02,114.02,3
2025-11-04T21:30:08.789129,21:30:08,318.56,318.56,3
2025-11-04T21:30:20.711369,21:30:20,435.91,435.91,3
2025-11-04T21:30:32.745987,21:30:32,458.67,458.67,3
2025-11-04T21:30:44.440688,21:30:44,567.34,567.34,3
2025-11-04T21:30:56.414072,21:30:56,571.65,571.65,3
2025-11-04T21:31:08.365343,21:31:08,523.72,523.72,3
2025-11-04T21:31:20.292248,21:31:20,521.34,521.34,3
2025-11-04T21:31:32.284350,21:31:32,512.43,512.43,3
2025-11-04T21:31:44.459564,21:31:44,574.55,574.55,3
2025-11-04T21:31:56.445211,21:31:56,694.59,694.59,3
2025-11-04T21:32:08.609419,21:32:08,575.26,575.26,3
2025-11-04T21:32:20.555563,21:32:20,488.31,488.31,3
2025-11-04T21:32:32.634392,21:32:32,386.52,386.52,3
2025-11-04T21:32:44.510090,21:32:44,276.02,276.02,3
2025-11-04T21:32:56.376912,21:32:56,216.54,216.54,3
2025-11-04T21:33:08.600705,21:33:08,499.81,499.81,3
2025-11-04T21:33:20.541175,21:33:20,310.9,310.9,3
2025-11-04T21:33:32.713419,21:33:32,196.01,196.01,3
2025-11-04T21:33:44.630257,21:33:44,255.15,255.15,3
2025-11-04T21:33:56.558620,21:33:56,130.28,130.28,3
2025-11-04T21:34:08.478981,21:34:08,184.09,184.09,3
2025-11-04T21:34:20.419216,21:34:20,393.69,393.69,3
2025-11-04T21:34:32.420757,21:34:32,382.33,382.33,3
2025-11-04T21:34:44.377172,21:34:44,372.94,372.94,3
2025-11-04T21:34:56.660951,21:34:56,347.46,347.46,3
2025-11-04T21:35:09.902033,21:35:09,196.36,196.36,3
2025-11-04T21:35:22.367977,21:35:22,233.45,233.45,3
2025-11-04T21:35:34.332621,21:35:34,237.05,237.05,3
2025-11-04T21:35:46.591457,21:35:46,172.85,172.85,3
2025-11-04T21:35:58.640888,21:35:58,91.46,91.46,3
2025-11-04T21:36:10.588148,21:36:10,78.92,78.92,3
2025-11-04T21:36:22.528030,21:36:22,-92.15,-92.15,3
2025-11-04T21:36:34.583936,21:36:34,-135.63,-135.63,3
2025-11-04T21:36:46.519670,21:36:46,-74.79,-74.79,3
2025-11-04T21:36:58.492548,21:36:58,-28.78,-28.78,3
2025-11-04T21:37:10.459312,21:37:10,103.74,103.74,3
2025-11-04T21:37:22.363851,21:37:22,161.29,161.29,3
2025-11-04T21:37:34.624508,21:37:34,201.54,201.54,3
2025-11-04T21:37:46.605556,21:37:46,286.43,286.43,3
2025-11-04T21:37:58.709282,21:37:58,505.82,505.82,3
2025-11-04T21:38:10.785974,21:38:10,315.19,315.19,3
2025-11-04T21:38:22.737510,21:38:22,462.86,462.86,3
2025-11-04T21:38:34.865910,21:38:34,326.49,326.49,3
2025-11-04T21:38:46.790920,21:38:46,362.68,362.68,3
2025-11-04T21:38:58.676784,21:38:58,316.66,316.66,3
2025-11-04T21:39:10.655160,21:39:10,262.15,262.15,3
2025-11-04T21:39:22.718740,21:39:22,300.53,300.53,3
2025-11-04T21:39:34.633185,21:39:34,236.82,236.82,3
2025-11-04T21:39:46.804553,21:39:46,84.93,84.93,3
2025-11-04T21:39:58.721600,21:39:58,181.47,181.47,3
2025-11-04T21:40:12.456999,21:40:12,167.05,167.05,3
2025-11-04T21:40:25.013748,21:40:25,103.12,103.12,3
2025-11-04T21:40:36.938910,21:40:36,126.58,126.58,3
2025-11-04T21:40:48.841256,21:40:48,165.71,165.71,3
2025-11-04T21:41:00.753672,21:41:00,171.05,171.05,3
2025-11-04T21:41:12.716510,21:41:12,185.85,185.85,3
2025-11-04T21:41:24.478693,21:41:24,122.65,122.65,3
2025-11-04T21:41:36.486874,21:41:36,29.19,29.19,3
2025-11-04T21:41:48.537700,21:41:48,-80.56,-80.56,3
2025-11-04T21:42:00.178511,21:42:00,-124.33,-124.33,3
2025-11-04T21:42:12.476460,21:42:12,-229.53,-229.53,3
2025-11-04T21:42:24.361348,21:42:24,-145.95,-145.95,3
2025-11-04T21:42:36.475581,21:42:36,-63.78,-63.78,3
2025-11-04T21:42:48.554449,21:42:48,5.13,5.13,3
2025-11-04T21:43:00.501470,21:43:00,-8.58,-8.58,3
2025-11-04T21:43:12.444409,21:43:12,22.88,22.88,3
2025-11-04T21:43:24.382935,21:43:24,287.12,287.12,3
2025-11-04T21:43:36.639921,21:43:36,316.09,316.09,3
2025-11-04T21:43:48.690614,21:43:48,209.36,209.36,3
2025-11-04T21:44:00.707757,21:44:00,98.48,98.48,3
2025-11-04T21:44:12.638029,21:44:12,-119.95,-119.95,3
2025-11-04T21:44:24.513531,21:44:24,-150.08,-150.08,3
2025-11-04T21:44:36.538606,21:44:36,-245.75,-245.75,3
2025-11-04T21:44:48.503432,21:44:48,-264.2,-264.2,3
2025-11-04T21:45:00.489688,21:45:00,-233.43,-233.43,3
2025-11-04T21:45:12.422609,21:45:12,-91.19,-91.19,3
2025-11-04T21:45:24.366035,21:45:24,-14.45,-14.45,3
2025-11-04T21:45:36.280850,21:45:36,-197.57,-197.57,3
2025-11-04T21:45:48.764022,21:45:48,-228.87,-228.87,3
2025-11-04T21:46:00.794456,21:46:00,-159.75,-159.75,3
2025-11-04T21:46:13.133741,21:46:13,-186.63,-186.63,3
2025-11-04T21:46:25.458159,21:46:25,-229.49,-229.49,3
2025-11-04T21:46:37.642165,21:46:37,-293.15,-293.15,3
2025-11-04T21:46:49.516368,21:46:49,-353.32,-353.32,3
2025-11-04T21:47:01.398884,21:47:01,-362.38,-362.38,3
2025-11-04T21:47:13.414831,21:47:13,-183.83,-183.83,3
2025-11-04T21:47:25.565253,21:47:25,-135.1,-135.1,3
2025-11-04T21:47:37.594197,21:47:37,-36.71,-36.71,3
2025-11-04T21:47:49.827587,21:47:49,-43.28,-43.28,3
2025-11-04T21:48:01.883104,21:48:01,-311.46,-311.46,3
2025-11-04T21:48:13.815001,21:48:13,-360.2,-360.2,3
2025-11-04T21:48:25.704302,21:48:25,-386.2,-386.2,3
2025-11-04T21:48:37.360703,21:48:37,-458.4,-458.4,3
2025-11-04T21:48:49.580209,21:48:49,-719.62,-719.62,3
2025-11-04T21:49:01.806901,21:49:01,-758.68,-758.68,3
2025-11-04T21:49:13.732912,21:49:13,-542.22,-542.22,3
2025-11-04T21:49:25.645238,21:49:25,-535.89,-535.89,3
2025-11-04T21:49:37.761606,21:49:37,-548.0,-548.0,3
2025-11-04T21:49:49.672246,21:49:49,-639.32,-639.32,3
2025-11-04T21:50:02.129786,21:50:02,-666.56,-666.56,3
2025-11-04T21:50:14.517659,21:50:14,-844.92,-844.92,3
2025-11-04T21:50:26.614172,21:50:26,-802.26,-802.26,3
2025-11-04T21:50:38.753364,21:50:38,-935.03,-935.03,3
2025-11-04T21:50:50.767183,21:50:50,-1265.67,-1265.67,3
2025-11-04T21:51:02.738494,21:51:02,-1100.29,-1100.29,3
2025-11-04T21:51:14.810906,21:51:14,-1275.83,-1275.83,3
2025-11-04T21:51:26.771212,21:51:26,-1301.09,-1301.09,3
2025-11-04T21:51:39.116680,21:51:39,-1333.52,-1333.52,3
2025-11-04T21:51:51.408644,21:51:51,-1235.79,-1235.79,3
2025-11-04T21:52:03.599871,21:52:03,-1426.49,-1426.49,3
2025-11-04T21:52:15.608688,21:52:15,-1386.99,-1386.99,3
2025-11-04T21:52:27.715152,21:52:27,-1424.29,-1424.29,3
2025-11-04T21:52:39.634230,21:52:39,-1328.71,-1328.71,3
2025-11-04T21:52:51.519309,21:52:51,-1202.79,-1202.79,3
2025-11-04T21:53:03.105624,21:53:03,-996.18,-996.18,3
2025-11-04T21:53:15.125229,21:53:15,-1217.38,-1217.38,3
2025-11-04T21:53:27.050568,21:53:27,-1235.59,-1235.59,3
2025-11-04T21:53:38.742312,21:53:38,-1100.5,-1100.5,3
2025-11-04T21:53:50.936031,21:53:50,-1193.06,-1193.06,3
2025-11-04T21:54:02.883398,21:54:02,-1213.37,-1213.37,3
2025-11-04T21:54:15.002536,21:54:15,-1370.1,-1370.1,3
2025-11-04T21:54:27.194862,21:54:27,-1342.54,-1342.54,3
2025-11-04T21:54:39.713149,21:54:39,-1357.05,-1357.05,3
2025-11-04T21:54:51.896009,21:54:51,-1199.95,-1199.95,3
2025-11-04T21:55:04.581713,21:55:04,-1249.03,-1249.03,3
2025-11-04T21:55:18.292233,21:55:18,-866.78,-866.78,3
2025-11-04T21:55:30.642239,21:55:30,-841.69,-841.69,3
2025-11-04T21:55:42.268526,21:55:42,-825.17,-825.17,3
2025-11-04T21:55:54.234090,21:55:54,-814.57,-814.57,3
2025-11-04T21:56:06.210436,21:56:06,-990.02,-990.02,3
2025-11-04T21:56:18.420529,21:56:18,-1107.27,-1107.27,3
2025-11-04T21:56:30.071670,21:56:30,-1266.33,-1266.33,3
2025-11-04T21:56:41.958592,21:56:41,-1265.96,-1265.96,3
2025-11-04T21:56:54.042299,21:56:54,-1258.7,-1258.7,3
2025-11-04T21:57:06.215401,21:57:06,-1096.2,-1096.2,3
2025-11-04T21:57:18.003827,21:57:18,-1030.69,-1030.69,3
2025-11-04T21:57:29.689842,21:57:29,-1041.61,-1041.61,3
2025-11-04T21:57:41.606467,21:57:41,-1019.43,-1019.43,3
2025-11-04T21:57:53.289503,21:57:53,-981.87,-981.87,3
2025-11-04T21:58:05.480303,21:58:05,-1172.57,-1172.57,3
2025-11-04T21:58:17.759309,21:58:17,-1030.88,-1030.88,3
2025-11-04T21:58:29.883045,21:58:29,-924.82,-924.82,3
2025-11-04T21:58:41.945575,21:58:41,-919.92,-919.92,3
2025-11-04T21:58:53.646992,21:58:53,-881.24,-881.24,3
2025-11-04T21:59:05.632775,21:59:05,-1024.69,-1024.69,3
2025-11-04T21:59:17.499623,21:59:17,-1057.42,-1057.42,3
2025-11-04T21:59:29.654711,21:59:29,-1045.79,-1045.79,3
2025-11-04T21:59:41.964088,21:59:41,-1107.49,-1107.49,3
2025-11-04T21:59:53.647568,21:59:53,-1146.94,-1146.94,3
2025-11-04T22:00:05.643084,22:00:05,-1253.59,-1253.59,3
2025-11-04T22:00:17.907698,22:00:17,-1303.71,-1303.71,3
2025-11-04T22:00:30.425815,22:00:30,-1237.51,-1237.51,3
2025-11-04T22:00:42.692488,22:00:42,-1190.49,-1190.49,3
2025-11-04T22:00:54.339587,22:00:54,-932.29,-932.29,3
2025-11-04T22:01:06.540729,22:01:06,-889.44,-889.44,3
2025-11-04T22:01:18.120983,22:01:18,-992.9,-992.9,3
2025-11-04T22:01:30.002821,22:01:30,-691.72,-691.72,3
2025-11-04T22:01:41.988698,22:01:41,-698.63,-698.63,3
2025-11-04T22:01:53.590316,22:01:53,-692.55,-692.55,3
2025-11-04T22:02:05.780384,22:02:05,-845.75,-845.75,3
2025-11-04T22:02:17.823424,22:02:17,-1014.87,-1014.87,3
2025-11-04T22:02:29.933030,22:02:29,-1043.24,-1043.24,3
2025-11-04T22:02:41.576067,22:02:41,-1010.36,-1010.36,3
2025-11-04T22:02:53.710931,22:02:53,-1100.02,-1100.02,3
2025-11-04T22:03:05.680832,22:03:05,-1167.73,-1167.73,3
2025-11-04T22:03:17.824323,22:03:17,-1181.04,-1181.04,3
2025-11-04T22:03:30.053439,22:03:30,-1358.13,-1358.13,3
2025-11-04T22:03:42.366609,22:03:42,-1206.72,-1206.72,3
2025-11-04T22:03:54.260898,22:03:54,-1254.4,-1254.4,3
2025-11-04T22:04:06.514845,22:04:06,-1266.38,-1266.38,3
2025-11-04T22:04:18.470233,22:04:18,-1501.0,-1501.0,3
2025-11-04T22:04:30.066847,22:04:30,-1521.96,-1521.96,3
2025-11-04T22:04:42.103202,22:04:42,-1453.11,-1453.11,3
2025-11-04T22:04:54.451262,22:04:54,-1453.4,-1453.4,3
2025-11-04T22:05:06.617637,22:05:06,-1408.31,-1408.31,3
2025-11-04T22:05:18.575222,22:05:18,-1438.62,-1438.62,3
2025-11-04T22:05:30.228307,22:05:30,-1338.32,-1338.32,3
2025-11-04T22:05:42.099109,22:05:42,-1421.78,-1421.78,3
2025-11-04T22:05:54.275649,22:05:54,-1366.51,-1366.51,3
2025-11-04T22:06:06.459528,22:06:06,-1223.21,-1223.21,3
2025-11-04T22:06:18.357638,22:06:18,-1259.75,-1259.75,3
2025-11-04T22:06:30.229403,22:06:30,-1510.34,-1510.34,3
2025-11-04T22:06:42.430626,22:06:42,-1373.81,-1373.81,3
2025-11-04T22:06:54.648427,22:06:54,-1393.36,-1393.36,3
2025-11-04T22:07:06.610323,22:07:06,-1209.09,-1209.09,3
2025-11-04T22:07:18.589049,22:07:18,-1115.36,-1115.36,3
2025-11-04T22:07:30.558174,22:07:30,-1133.6,-1133.6,3
2025-11-04T22:07:42.423284,22:07:42,-1163.44,-1163.44,3
2025-11-04T22:07:54.338724,22:07:54,-1197.55,-1197.55,3
2025-11-04T22:08:06.529994,22:08:06,-1376.08,-1376.08,3
2025-11-04T22:08:18.401886,22:08:18,-1535.65,-1535.65,3
2025-11-04T22:08:30.331170,22:08:30,-1383.82,-1383.82,3
2025-11-04T22:08:42.202604,22:08:42,-1465.2,-1465.2,3
2025-11-04T22:08:54.419976,22:08:54,-1447.86,-1447.86,3
2025-11-04T22:09:06.428723,22:09:06,-1560.86,-1560.86,3
2025-11-04T22:09:18.320001,22:09:18,-1476.08,-1476.08,3
2025-11-04T22:09:30.549848,22:09:30,-1380.05,-1380.05,3
2025-11-04T22:09:42.555373,22:09:42,-1378.21,-1378.21,3
2025-11-04T22:09:54.496952,22:09:54,-1186.14,-1186.14,3
2025-11-04T22:10:06.427622,22:10:06,-1223.53,-1223.53,3
2025-11-04T22:10:18.653273,22:10:18,-986.52,-986.52,3
2025-11-04T22:10:30.545650,22:10:30,-1021.33,-1021.33,3
2025-11-04T22:10:42.490817,22:10:42,-1271.18,-1271.18,3
2025-11-04T22:10:54.430560,22:10:54,-1202.02,-1202.02,3
2025-11-04T22:11:06.421554,22:11:06,-1068.15,-1068.15,3
2025-11-04T22:11:18.614228,22:11:18,-969.24,-969.24,3
2025-11-04T22:11:30.593327,22:11:30,-1029.64,-1029.64,3
2025-11-04T22:11:42.475808,22:11:42,-1155.86,-1155.86,3
2025-11-04T22:11:54.087428,22:11:54,-957.13,-957.13,3
2025-11-04T22:12:06.269454,22:12:06,-925.31,-925.31,3
2025-11-04T22:12:18.822131,22:12:18,-1055.81,-1055.81,3
2025-11-04T22:12:30.846980,22:12:30,-1130.76,-1130.76,3
2025-11-04T22:12:42.718104,22:12:42,-1217.6,-1217.6,3
2025-11-04T22:12:54.806921,22:12:54,-1329.73,-1329.73,3
2025-11-04T22:13:06.896975,22:13:06,-1313.77,-1313.77,3
2025-11-04T22:13:19.255334,22:13:19,-1272.53,-1272.53,3
2025-11-04T22:13:31.499438,22:13:31,-1061.12,-1061.12,3
2025-11-04T22:13:43.534713,22:13:43,-1175.49,-1175.49,3
2025-11-04T22:13:55.544718,22:13:55,-1160.04,-1160.04,3
2025-11-04T22:14:07.441979,22:14:07,-1210.91,-1210.91,3
2025-11-04T22:14:19.472261,22:14:19,-1253.48,-1253.48,3
2025-11-04T22:14:31.390060,22:14:31,-1339.25,-1339.25,3
2025-11-04T22:14:43.328523,22:14:43,-1413.59,-1413.59,3
2025-11-04T22:14:55.359498,22:14:55,-1438.71,-1438.71,3
2025-11-04T22:15:07.557487,22:15:07,-1244.56,-1244.56,3
2025-11-04T22:15:19.475058,22:15:19,-1279.89,-1279.89,3
2025-11-04T22:15:31.913563,22:15:31,-1272.48,-1272.48,3
2025-11-04T22:15:44.072525,22:15:44,-1200.18,-1200.18,3
2025-11-04T22:15:56.225754,22:15:56,-1369.7,-1369.7,3
2025-11-04T22:16:08.480432,22:16:08,-1326.96,-1326.96,3
2025-11-04T22:16:20.512749,22:16:20,-1342.71,-1342.71,3
2025-11-04T22:16:32.296400,22:16:32,-1418.67,-1418.67,3
2025-11-04T22:16:44.656364,22:16:44,-1553.75,-1553.75,3
2025-11-04T22:16:57.360511,22:16:57,-1610.83,-1610.83,3
2025-11-04T22:17:09.577385,22:17:09,-1561.14,-1561.14,3
2025-11-04T22:17:21.851190,22:17:21,-1790.51,-1790.51,3
2025-11-04T22:17:34.130078,22:17:34,-1502.95,-1502.95,3
2025-11-04T22:17:46.536897,22:17:46,-1520.39,-1520.39,3
2025-11-04T22:17:58.802150,22:17:58,-1282.93,-1282.93,3
2025-11-04T22:18:10.764796,22:18:10,-1305.46,-1305.46,3
2025-11-04T22:18:22.968020,22:18:22,-1482.01,-1482.01,3
2025-11-04T22:18:35.181235,22:18:35,-1634.5,-1634.5,3
2025-11-04T22:18:47.668550,22:18:47,-1659.67,-1659.67,3
2025-11-04T22:18:59.594577,22:18:59,-1780.6,-1780.6,3
2025-11-04T22:19:12.210978,22:19:12,-1764.18,-1764.18,3
2025-11-04T22:19:24.456172,22:19:24,-1747.42,-1747.42,3
2025-11-04T22:19:36.691170,22:19:36,-1642.66,-1642.66,3
2025-11-04T22:19:48.903706,22:19:48,-1700.37,-1700.37,3
2025-11-04T22:20:01.305277,22:20:01,-1748.93,-1748.93,3
2025-11-04T22:20:13.276530,22:20:13,-1923.91,-1923.91,3
2025-11-04T22:20:25.474113,22:20:25,-1870.5,-1870.5,3
2025-11-04T22:20:37.421572,22:20:37,-1804.47,-1804.47,3
2025-11-04T22:20:49.376303,22:20:49,-1792.63,-1792.63,3
2025-11-04T22:21:01.780671,22:21:01,-1702.57,-1702.57,3
2025-11-04T22:21:13.729542,22:21:13,-1982.29,-1982.29,3
2025-11-04T22:21:25.652083,22:21:25,-2219.32,-2219.32,3
2025-11-04T22:21:37.748653,22:21:37,-2268.19,-2268.19,3
2025-11-04T22:21:49.887950,22:21:49,-2233.16,-2233.16,3
2025-11-04T22:22:01.763772,22:22:01,-2301.78,-2301.78,3
2025-11-04T22:22:14.024558,22:22:14,-2387.34,-2387.34,3
2025-11-04T22:22:25.927190,22:22:25,-2302.44,-2302.44,3
2025-11-04T22:22:38.330388,22:22:38,-2136.28,-2136.28,3
2025-11-04T22:22:50.681184,22:22:50,-1919.73,-1919.73,3
2025-11-04T22:23:02.692922,22:23:02,-1884.87,-1884.87,3
2025-11-04T22:23:14.653987,22:23:14,-1924.45,-1924.45,3
2025-11-04T22:23:26.592325,22:23:26,-2044.04,-2044.04,3
2025-11-04T22:23:38.536987,22:23:38,-1994.45,-1994.45,3
2025-11-04T22:23:50.464615,22:23:50,-2026.52,-2026.52,3
2025-11-04T22:24:02.520440,22:24:02,-1873.08,-1873.08,3
2025-11-04T22:24:14.491890,22:24:14,-1923.56,-1923.56,3
2025-11-04T22:24:26.922832,22:24:26,-1863.42,-1863.42,3
2025-11-04T22:24:38.880744,22:24:38,-1896.12,-1896.12,3
2025-11-04T22:24:51.064443,22:24:51,-1845.58,-1845.58,3
2025-11-04T22:25:03.048705,22:25:03,-1874.15,-1874.15,3
2025-11-04T22:25:15.263510,22:25:15,-1753.84,-1753.84,3
2025-11-04T22:25:27.733985,22:25:27,-1899.05,-1899.05,3
2025-11-04T22:25:39.625964,22:25:39,-1902.38,-1902.38,3
2025-11-04T22:25:51.742587,22:25:51,-1915.22,-1915.22,3
2025-11-04T22:26:03.930868,22:26:03,-1880.08,-1880.08,3
2025-11-04T22:26:16.244175,22:26:16,-2104.64,-2104.64,3
2025-11-04T22:26:28.408394,22:26:28,-2082.29,-2082.29,3
2025-11-04T22:26:40.302040,22:26:40,-2191.71,-2191.71,3
2025-11-04T22:26:52.354332,22:26:52,-2302.0,-2302.0,3
2025-11-04T22:27:04.682572,22:27:04,-2330.35,-2330.35,3
2025-11-04T22:27:17.082377,22:27:17,-2319.2,-2319.2,3
2025-11-04T22:27:29.396231,22:27:29,-2312.76,-2312.76,3
2025-11-04T22:27:41.622367,22:27:41,-2350.74,-2350.74,3
2025-11-04T22:27:53.785351,22:27:53,-2413.16,-2413.16,3
2025-11-04T22:28:05.906016,22:28:05,-2460.09,-2460.09,3
2025-11-04T22:28:17.827384,22:28:17,-2472.81,-2472.81,3
2025-11-04T22:28:29.906863,22:28:29,-2504.56,-2504.56,3
2025-11-04T22:28:42.618855,22:28:42,-2568.19,-2568.19,3
2025-11-04T22:28:54.582698,22:28:54,-2475.02,-2475.02,3
2025-11-04T22:29:06.725277,22:29:06,-2456.17,-2456.17,3
2025-11-04T22:29:18.792321,22:29:18,-2535.57,-2535.57,3
2025-11-04T22:29:30.820628,22:29:30,-2646.53,-2646.53,3
2025-11-04T22:29:42.747146,22:29:42,-2471.85,-2471.85,3
2025-11-04T22:29:54.801099,22:29:54,-2476.13,-2476.13,3
2025-11-04T22:30:07.267649,22:30:07,-2455.39,-2455.39,3
2025-11-04T22:30:19.560220,22:30:19,-2566.27,-2566.27,3
2025-11-04T22:30:31.555903,22:30:31,-2668.79,-2668.79,3
2025-11-04T22:30:43.648842,22:30:43,-2686.35,-2686.35,3
2025-11-04T22:30:55.743036,22:30:55,-2687.98,-2687.98,3
2025-11-04T22:31:07.722478,22:31:07,-2673.27,-2673.27,3
2025-11-04T22:31:19.883214,22:31:19,-2732.35,-2732.35,3
2025-11-04T22:31:32.466955,22:31:32,-2760.2,-2760.2,3
2025-11-04T22:31:44.436495,22:31:44,-2700.83,-2700.83,3
2025-11-04T22:31:56.375017,22:31:56,-2742.25,-2742.25,3
2025-11-04T22:32:08.594435,22:32:08,-2777.64,-2777.64,3
2025-11-04T22:32:20.609234,22:32:20,-3007.29,-3007.29,3
2025-11-04T22:32:32.614283,22:32:32,-3134.65,-3134.65,3
2025-11-04T22:32:44.620800,22:32:44,-3058.6,-3058.6,3
2025-11-04T22:32:56.689001,22:32:56,-3132.95,-3132.95,3
2025-11-04T22:33:08.771062,22:33:08,-2979.95,-2979.95,3
2025-11-04T22:33:21.007603,22:33:21,-3008.64,-3008.64,3
2025-11-04T22:33:33.448194,22:33:33,-3122.42,-3122.42,3
2025-11-04T22:33:45.514009,22:33:45,-3114.18,-3114.18,3
2025-11-04T22:33:57.681268,22:33:57,-3203.64,-3203.64,3
2025-11-04T22:34:09.967873,22:34:09,-3252.07,-3252.07,3
2025-11-04T22:34:21.889609,22:34:21,-3121.4,-3121.4,3
2025-11-04T22:34:34.298655,22:34:34,-3241.65,-3241.65,3
2025-11-04T22:34:46.406723,22:34:46,-3422.99,-3422.99,3
2025-11-04T22:34:58.733499,22:34:58,-3442.26,-3442.26,3
2025-11-04T22:35:14.233301,22:35:14,-3482.63,-3482.63,0
2025-11-04T22:35:26.415575,22:35:26,-3616.09,-3616.09,3
2025-11-04T22:35:38.550756,22:35:38,-3734.09,-3734.09,3
2025-11-04T22:35:51.239695,22:35:51,-3642.69,-3642.69,3
2025-11-04T22:36:03.389966,22:36:03,-3575.35,-3575.35,3
2025-11-04T22:36:15.474287,22:36:15,-3278.27,-3278.27,3
2025-11-04T22:36:27.626249,22:36:27,-3132.79,-3132.79,3
2025-11-04T22:36:39.808101,22:36:39,-3054.01,-3054.01,3
2025-11-04T22:36:51.786016,22:36:51,-3118.38,-3118.38,3
2025-11-04T22:37:03.937940,22:37:03,-3122.45,-3122.45,3
2025-11-04T22:37:15.861989,22:37:15,-3389.42,-3389.42,3
2025-11-04T22:37:28.244018,22:37:28,-3531.12,-3531.12,3
2025-11-04T22:37:40.587553,22:37:40,-3512.69,-3512.69,3
2025-11-04T22:37:52.522123,22:37:52,-3603.31,-3603.31,3
2025-11-04T22:38:04.521392,22:38:04,-3725.19,-3725.19,3
2025-11-04T22:38:16.528462,22:38:16,-3491.97,-3491.97,3
2025-11-04T22:38:28.683045,22:38:28,-3695.24,-3695.24,3
2025-11-04T22:38:40.726202,22:38:40,-3808.38,-3808.38,3
2025-11-04T22:38:53.209337,22:38:53,-3913.97,-3913.97,3
2025-11-04T22:39:06.718683,22:39:06,-4073.77,-4073.77,3
2025-11-04T22:39:18.630199,22:39:18,-4105.27,-4105.27,3
2025-11-04T22:39:30.629794,22:39:30,-3981.76,-3981.76,3
2025-11-04T22:39:42.588512,22:39:42,-4128.69,-4128.69,3
2025-11-04T22:39:54.610337,22:39:54,-4289.28,-4289.28,3
2025-11-04T22:40:06.342237,22:40:06,-4222.22,-4222.22,3
2025-11-04T22:40:18.536139,22:40:18,-4345.32,-4345.32,3
2025-11-04T22:40:32.376641,22:40:32,-4602.32,-4602.32,3
2025-11-04T22:40:44.427172,22:40:44,-4650.77,-4650.77,3
2025-11-04T22:40:56.485715,22:40:56,-4749.57,-4749.57,3
2025-11-04T22:41:08.486303,22:41:08,-4678.78,-4678.78,3
2025-11-04T22:41:20.492901,22:41:20,-4741.23,-4741.23,3
2025-11-04T22:41:32.700015,22:41:32,-4634.1,-4634.1,3
2025-11-04T22:41:44.654535,22:41:44,-4321.44,-4321.44,3
2025-11-04T22:41:56.587368,22:41:56,-4323.32,-4323.32,3
2025-11-04T22:42:08.592399,22:42:08,-4299.34,-4299.34,3
2025-11-04T22:42:20.548780,22:42:20,-4395.6,-4395.6,3
2025-11-04T22:42:32.505227,22:42:32,-4261.07,-4261.07,3
2025-11-04T22:42:44.124748,22:42:44,-4575.11,-4575.11,3
2025-11-04T22:42:56.348281,22:42:56,-4470.83,-4470.83,3
2025-11-04T22:43:08.635501,22:43:08,-4594.14,-4594.14,3
2025-11-04T22:43:20.633209,22:43:20,-4726.53,-4726.53,3
2025-11-04T22:43:32.873570,22:43:32,-4805.63,-4805.63,3
2025-11-04T22:43:44.784593,22:43:44,-4860.02,-4860.02,3
2025-11-04T22:43:56.680429,22:43:56,-4647.83,-4647.83,3
2025-11-04T22:44:08.592384,22:44:08,-4487.44,-4487.44,3
2025-11-04T22:44:20.512110,22:44:20,-4571.04,-4571.04,3
2025-11-04T22:44:32.550032,22:44:32,-4694.15,-4694.15,3
2025-11-04T22:44:44.433163,22:44:44,-4701.65,-4701.65,3
2025-11-04T22:44:56.301288,22:44:56,-4693.02,-4693.02,3
2025-11-04T22:45:08.573594,22:45:08,-4624.37,-4624.37,3
2025-11-04T22:45:20.748972,22:45:20,-4530.72,-4530.72,3
2025-11-04T22:45:32.908507,22:45:32,-4759.52,-4759.52,3
2025-11-04T22:45:44.820883,22:45:44,-4684.59,-4684.59,3
2025-11-04T22:45:57.000081,22:45:57,-4567.23,-4567.23,3
2025-11-04T22:46:08.902322,22:46:08,-4646.26,-4646.26,3
2025-11-04T22:46:21.177985,22:46:21,-4734.52,-4734.52,3
2025-11-04T22:46:33.446944,22:46:33,-4855.51,-4855.51,3
2025-11-04T22:46:47.152488,22:46:47,-5020.91,-5020.91,3
2025-11-04T22:46:59.271909,22:46:59,-5225.21,-5225.21,3
2025-11-04T22:47:11.598763,22:47:11,-5307.56,-5307.56,3
2025-11-04T22:47:23.813256,22:47:23,-5623.56,-5623.56,3
2025-11-04T22:47:35.784050,22:47:35,-5903.47,-5903.47,3
2025-11-04T22:47:47.773638,22:47:47,-5821.3,-5821.3,3
2025-11-04T22:47:59.947664,22:47:59,-5561.79,-5561.79,3
2025-11-04T22:48:11.841062,22:48:11,-5587.58,-5587.58,3
2025-11-04T22:48:23.808963,22:48:23,-5024.14,-5024.14,3
2025-11-04T22:48:35.773924,22:48:35,-4860.54,-4860.54,3
2025-11-04T22:48:47.649092,22:48:47,-4386.33,-4386.33,3
2025-11-04T22:48:59.699214,22:48:59,-4727.92,-4727.92,3
2025-11-04T22:49:13.408151,22:49:13,-5156.91,-5156.91,3
2025-11-04T22:49:25.306296,22:49:25,-5364.98,-5364.98,3
2025-11-04T22:49:37.214884,22:49:37,-5569.11,-5569.11,3
2025-11-04T22:49:49.435821,22:49:49,-5609.49,-5609.49,3
2025-11-04T22:50:02.588030,22:50:02,-8764.23,-8764.23,3
2025-11-04T22:50:15.458799,22:50:15,-7493.52,-7493.52,3
2025-11-04T22:50:36.406646,22:50:36,-3304.63,-3304.63,3
2025-11-04T22:50:52.510074,22:50:52,732.48,732.48,3
2025-11-04T22:51:05.317382,22:51:05,1399.38,1399.38,3
2025-11-04T22:51:18.428438,22:51:18,-1758.01,-1758.01,3
2025-11-04T22:51:31.523308,22:51:31,2216.69,2216.69,3
2025-11-04T22:51:44.422067,22:51:44,2277.19,2277.19,3
2025-11-04T22:51:57.215118,22:51:57,8339.92,8339.92,3
2025-11-04T22:52:09.394028,22:52:09,3717.56,3717.56,3
2025-11-04T22:52:21.644934,22:52:21,3875.15,3875.15,3
2025-11-04T22:52:33.706014,22:52:33,3963.69,3963.69,3
2025-11-04T22:52:45.676580,22:52:45,3882.39,3882.39,3
2025-11-04T22:52:57.574918,22:52:57,3926.02,3926.02,3
2025-11-04T22:53:09.474287,22:53:09,3954.63,3954.63,3
2025-11-04T22:53:21.380828,22:53:21,3880.02,3880.02,3
2025-11-04T22:53:33.331196,22:53:33,3977.87,3977.87,3
2025-11-04T22:53:45.512483,22:53:45,3879.7,3879.7,3
2025-11-04T22:53:57.389645,22:53:57,3911.36,3911.36,3
2025-11-04T22:54:09.450959,22:54:09,3640.97,3640.97,3
2025-11-04T22:54:21.640657,22:54:21,3285.82,3285.82,3
2025-11-04T22:54:33.583305,22:54:33,3086.9,3086.9,3
2025-11-04T22:54:45.439787,22:54:45,2858.36,2858.36,3
2025-11-04T22:54:57.632260,22:54:57,2955.33,2955.33,3
2025-11-04T22:55:09.588408,22:55:09,3181.55,3181.55,3
2025-11-04T22:55:21.777134,22:55:21,3184.11,3184.11,3
2025-11-04T22:55:33.654624,22:55:33,3361.45,3361.45,3
2025-11-04T22:55:45.530065,22:55:45,3469.7,3469.7,3
2025-11-04T22:55:57.402012,22:55:57,3360.34,3360.34,3
2025-11-04T22:56:09.571336,22:56:09,3348.89,3348.89,3
2025-11-04T22:56:21.106085,22:56:21,3554.2,3554.2,3
2025-11-04T22:56:33.270336,22:56:33,3507.74,3507.74,3
2025-11-04T22:56:45.424815,22:56:45,3792.16,3792.16,3
2025-11-04T22:56:57.269594,22:56:57,3893.6,3893.6,3
2025-11-04T22:57:09.105586,22:57:09,3611.36,3611.36,3
2025-11-04T22:57:20.709754,22:57:20,3439.4,3439.4,3
2025-11-04T22:57:32.557190,22:57:32,3407.11,3407.11,3
2025-11-04T22:57:44.417437,22:57:44,3524.01,3524.01,3
2025-11-04T22:57:56.335835,22:57:56,3426.03,3426.03,3
2025-11-04T22:58:08.496975,22:58:08,3548.45,3548.45,3
2025-11-04T22:58:20.634570,22:58:20,3488.55,3488.55,3
2025-11-04T22:58:32.499904,22:58:32,3496.45,3496.45,3
2025-11-04T22:58:44.660379,22:58:44,3396.58,3396.58,3
2025-11-04T22:58:56.785611,22:58:56,3386.29,3386.29,3
2025-11-04T22:59:08.799217,22:59:08,3311.37,3311.37,3
2025-11-04T22:59:20.677539,22:59:20,3567.0,3567.0,3
2025-11-04T22:59:32.647956,22:59:32,3477.6,3477.6,3
2025-11-04T22:59:44.793478,22:59:44,3425.94,3425.94,3
2025-11-04T22:59:57.165953,22:59:57,3424.86,3424.86,3
2025-11-04T23:00:09.396430,23:00:09,3581.84,3581.84,3
2025-11-04T23:00:21.561284,23:00:21,3762.88,3762.88,3
2025-11-04T23:00:33.115261,23:00:33,3612.44,3612.44,3
2025-11-04T23:00:45.021797,23:00:45,3696.66,3696.66,3
2025-11-04T23:00:56.884175,23:00:56,3785.94,3785.94,3
2025-11-04T23:01:08.786823,23:01:08,3750.57,3750.57,3
2025-11-04T23:01:20.686769,23:01:20,3909.54,3909.54,3
2025-11-04T23:01:32.855486,23:01:32,4173.18,4173.18,3
2025-11-04T23:01:44.755167,23:01:44,4139.97,4139.97,3
2025-11-04T23:01:56.827501,23:01:56,4215.89,4215.89,3
2025-11-04T23:02:08.782513,23:02:08,4081.37,4081.37,3
2025-11-04T23:02:20.762036,23:02:20,3950.9,3950.9,3
2025-11-04T23:02:32.758379,23:02:32,3711.13,3711.13,3
2025-11-04T23:02:44.689432,23:02:44,3620.66,3620.66,3
2025-11-04T23:02:56.598431,23:02:56,3472.5,3472.5,3
2025-11-04T23:03:08.512151,23:03:08,3488.82,3488.82,3
2025-11-04T23:03:20.424504,23:03:20,3611.87,3611.87,3
2025-11-04T23:03:32.297734,23:03:32,3742.22,3742.22,3
2025-11-04T23:03:44.552029,23:03:44,3611.85,3611.85,3
2025-11-04T23:03:56.422490,23:03:56,3644.27,3644.27,3
2025-11-04T23:04:08.344337,23:04:08,3808.84,3808.84,3
2025-11-04T23:04:20.271418,23:04:20,3845.86,3845.86,3
2025-11-04T23:04:33.319707,23:04:33,3794.89,3794.89,3
2025-11-04T23:04:45.034988,23:04:45,3897.46,3897.46,3
2025-11-04T23:04:56.686916,23:04:56,4008.75,4008.75,3
2025-11-04T23:05:08.352591,23:05:08,3936.98,3936.98,3
2025-11-04T23:05:19.952762,23:05:19,4091.15,4091.15,3
2025-11-04T23:05:32.489340,23:05:32,4082.14,4082.14,3
2025-11-04T23:05:44.950821,23:05:44,4419.1,4419.1,3
2025-11-04T23:05:57.357569,23:05:57,4506.64,4506.64,3
2025-11-04T23:06:09.252538,23:06:09,4595.41,4595.41,3
2025-11-04T23:06:20.840218,23:06:20,4755.66,4755.66,3
2025-11-04T23:06:32.769401,23:06:32,4483.22,4483.22,3
2025-11-04T23:06:44.652693,23:06:44,4596.0,4596.0,3
2025-11-04T23:06:56.573652,23:06:56,4897.02,4897.02,3
2025-11-04T23:07:08.207807,23:07:08,4971.0,4971.0,3
2025-11-04T23:07:20.173335,23:07:20,4959.23,4959.23,3
2025-11-04T23:07:32.362841,23:07:32,4883.16,4883.16,3
2025-11-04T23:07:43.927864,23:07:43,4800.42,4800.42,3
2025-11-04T23:07:55.817355,23:07:55,4632.51,4632.51,3
2025-11-04T23:08:07.884862,23:08:07,4622.06,4622.06,3
2025-11-04T23:08:19.758414,23:08:19,4438.66,4438.66,3
2025-11-04T23:08:31.906047,23:08:31,4369.82,4369.82,3
2025-11-04T23:08:43.793950,23:08:43,4608.27,4608.27,3
2025-11-04T23:08:55.655318,23:08:55,4633.71,4633.71,3
2025-11-04T23:09:07.636058,23:09:07,4574.24,4574.24,3
2025-11-04T23:09:19.601636,23:09:19,4691.85,4691.85,3
2025-11-04T23:09:31.552169,23:09:31,4566.2,4566.2,3
2025-11-04T23:09:43.722768,23:09:43,4291.1,4291.1,3
2025-11-04T23:09:55.633669,23:09:55,4324.21,4324.21,3
2025-11-04T23:10:07.495383,23:10:07,4256.27,4256.27,3
2025-11-04T23:10:19.416836,23:10:19,4027.72,4027.72,3
2025-11-04T23:10:31.660439,23:10:31,3966.68,3966.68,3
2025-11-04T23:10:43.603570,23:10:43,3879.23,3879.23,3
2025-11-04T23:10:55.818580,23:10:55,3957.02,3957.02,3
2025-11-04T23:11:07.796440,23:11:07,4085.84,4085.84,3
2025-11-04T23:11:19.694732,23:11:19,4037.62,4037.62,3
2025-11-04T23:11:31.661604,23:11:31,3933.68,3933.68,3
2025-11-04T23:11:43.586285,23:11:43,3945.16,3945.16,3
2025-11-04T23:11:55.510342,23:11:55,3891.49,3891.49,3
2025-11-04T23:12:07.425730,23:12:07,3676.26,3676.26,3
2025-11-04T23:12:19.360614,23:12:19,3544.48,3544.48,3
2025-11-04T23:12:31.594334,23:12:31,3594.46,3594.46,3
2025-11-04T23:12:43.551800,23:12:43,3542.07,3542.07,3
2025-11-04T23:12:55.501381,23:12:55,3629.37,3629.37,3
2025-11-04T23:13:07.090565,23:13:07,3710.64,3710.64,3
2025-11-04T23:13:19.417329,23:13:19,3622.15,3622.15,3
2025-11-04T23:13:31.287488,23:13:31,3729.91,3729.91,3
2025-11-04T23:13:43.460689,23:13:43,3718.26,3718.26,3
2025-11-04T23:13:55.381942,23:13:55,3757.47,3757.47,3
2025-11-04T23:14:07.252407,23:14:07,3768.88,3768.88,3
2025-11-04T23:14:19.177576,23:14:19,3798.43,3798.43,3
2025-11-04T23:14:31.099522,23:14:31,3771.23,3771.23,3
2025-11-04T23:14:43.258915,23:14:43,3889.76,3889.76,3
2025-11-04T23:14:55.431103,23:14:55,3657.66,3657.66,3
2025-11-04T23:15:07.565341,23:15:07,3851.31,3851.31,3
2025-11-04T23:15:19.486327,23:15:19,3908.74,3908.74,3
2025-11-04T23:15:31.349542,23:15:31,3854.64,3854.64,3
2025-11-04T23:15:43.266130,23:15:43,3752.77,3752.77,3
2025-11-04T23:15:55.359399,23:15:55,3865.84,3865.84,3
2025-11-04T23:16:07.341146,23:16:07,3778.88,3778.88,3
2025-11-04T23:16:19.519289,23:16:19,3708.6,3708.6,3
2025-11-04T23:16:31.383608,23:16:31,3752.25,3752.25,3
2025-11-04T23:16:43.533942,23:16:43,3731.22,3731.22,3
2025-11-04T23:16:55.513426,23:16:55,3787.17,3787.17,3
2025-11-04T23:17:07.447312,23:17:07,3838.09,3838.09,3
2025-11-04T23:17:19.394337,23:17:19,3811.72,3811.72,3
2025-11-04T23:17:31.580531,23:17:31,3799.81,3799.81,3
2025-11-04T23:17:43.502905,23:17:43,3649.09,3649.09,3
2025-11-04T23:17:55.416258,23:17:55,3688.4,3688.4,3
2025-11-04T23:18:07.354987,23:18:07,3620.93,3620.93,3
2025-11-04T23:18:19.538408,23:18:19,3533.92,3533.92,3
2025-11-04T23:18:31.444643,23:18:31,3472.3,3472.3,3
2025-11-04T23:18:43.324563,23:18:43,3394.43,3394.43,3
2025-11-04T23:18:55.255034,23:18:55,3160.04,3160.04,3
2025-11-04T23:19:07.212380,23:19:07,3186.02,3186.02,3
2025-11-04T23:19:19.390054,23:19:19,3353.37,3353.37,3
2025-11-04T23:19:31.588529,23:19:31,3396.58,3396.58,3
2025-11-04T23:19:43.511643,23:19:43,3404.94,3404.94,3
2025-11-04T23:19:55.496534,23:19:55,3378.31,3378.31,3
2025-11-04T23:20:07.527977,23:20:07,3538.61,3538.61,3
2025-11-04T23:20:19.373384,23:20:19,3745.9,3745.9,3
2025-11-04T23:20:31.545982,23:20:31,3696.56,3696.56,3
2025-11-04T23:20:43.542788,23:20:43,3519.67,3519.67,3
2025-11-04T23:20:55.512691,23:20:55,3593.59,3593.59,3
2025-11-04T23:21:07.446958,23:21:07,3476.58,3476.58,3
2025-11-04T23:21:19.604728,23:21:19,3414.38,3414.38,3
2025-11-04T23:21:31.483112,23:21:31,3388.75,3388.75,3
2025-11-04T23:21:43.144128,23:21:43,3346.35,3346.35,3
2025-11-04T23:21:55.332551,23:21:55,3388.19,3388.19,3
2025-11-04T23:22:06.977957,23:22:06,3261.71,3261.71,3
2025-11-04T23:22:19.181882,23:22:19,3269.62,3269.62,3
2025-11-04T23:22:31.320139,23:22:31,3364.37,3364.37,3
2025-11-04T23:22:43.477407,23:22:43,3341.55,3341.55,3
2025-11-04T23:22:55.434179,23:22:55,3221.51,3221.51,3
2025-11-04T23:23:07.281584,23:23:07,3299.87,3299.87,3
2025-11-04T23:23:19.430269,23:23:19,3376.2,3376.2,3
2025-11-04T23:23:31.285847,23:23:31,3154.4,3154.4,3
2025-11-04T23:23:43.341446,23:23:43,3193.02,3193.02,3
2025-11-04T23:23:55.504073,23:23:55,3107.61,3107.61,3
2025-11-04T23:24:07.638611,23:24:07,3099.97,3099.97,3
2025-11-04T23:24:19.486242,23:24:19,2974.43,2974.43,3
2025-11-04T23:24:31.658580,23:24:31,3095.23,3095.23,3
2025-11-04T23:24:43.665581,23:24:43,3094.72,3094.72,3
2025-11-04T23:24:55.581387,23:24:55,3153.05,3153.05,3
2025-11-04T23:25:07.451954,23:25:07,3174.08,3174.08,3
2025-11-04T23:25:19.323839,23:25:19,3113.85,3113.85,3
2025-11-04T23:25:31.161574,23:25:31,3096.24,3096.24,3
2025-11-04T23:25:43.125177,23:25:43,3046.53,3046.53,3
2025-11-04T23:25:55.427340,23:25:55,2970.62,2970.62,3
2025-11-04T23:26:07.632495,23:26:07,2879.41,2879.41,3
2025-11-04T23:26:19.807407,23:26:19,2920.94,2920.94,3
2025-11-04T23:26:31.792267,23:26:31,2948.84,2948.84,3
2025-11-04T23:26:43.977916,23:26:43,2959.02,2959.02,3
2025-11-04T23:26:55.857319,23:26:55,3106.3,3106.3,3
2025-11-04T23:27:07.739326,23:27:07,3083.64,3083.64,3
2025-11-04T23:27:19.624625,23:27:19,3135.06,3135.06,3
2025-11-04T23:27:31.527994,23:27:31,3066.53,3066.53,3
2025-11-04T23:27:43.470238,23:27:43,3139.19,3139.19,3
2025-11-04T23:27:55.339155,23:27:55,3167.43,3167.43,3
2025-11-04T23:28:07.247311,23:28:07,3126.76,3126.76,3
2025-11-04T23:28:19.474134,23:28:19,3119.33,3119.33,3
2025-11-04T23:28:31.364524,23:28:31,3041.47,3041.47,3
2025-11-04T23:28:43.607973,23:28:43,2886.25,2886.25,3
2025-11-04T23:28:55.470043,23:28:55,3036.44,3036.44,3
2025-11-04T23:29:07.605933,23:29:07,3166.74,3166.74,3
2025-11-04T23:29:19.493435,23:29:19,3082.09,3082.09,3
2025-11-04T23:29:31.640320,23:29:31,3085.72,3085.72,3
2025-11-04T23:29:43.581212,23:29:43,3025.87,3025.87,3
2025-11-04T23:29:55.481734,23:29:55,2969.11,2969.11,3
2025-11-04T23:30:07.421396,23:30:07,2877.82,2877.82,3
2025-11-04T23:30:19.316958,23:30:19,2677.06,2677.06,3
2025-11-04T23:30:31.289185,23:30:31,2751.75,2751.75,3
2025-11-04T23:30:43.490147,23:30:43,2709.76,2709.76,3
2025-11-04T23:30:55.377558,23:30:55,2497.37,2497.37,3
2025-11-04T23:31:07.295164,23:31:07,2654.69,2654.69,3
2025-11-04T23:31:19.452835,23:31:19,2873.48,2873.48,3
2025-11-04T23:31:31.434033,23:31:31,2615.42,2615.42,3
2025-11-04T23:31:43.624491,23:31:43,2661.74,2661.74,3
2025-11-04T23:31:55.494310,23:31:55,2775.42,2775.42,3
2025-11-04T23:32:07.428158,23:32:07,2636.95,2636.95,3
2025-11-04T23:32:19.583392,23:32:19,2586.91,2586.91,3
2025-11-04T23:32:31.534720,23:32:31,2524.34,2524.34,3
2025-11-04T23:32:43.422806,23:32:43,2449.69,2449.69,3
2025-11-04T23:32:55.596301,23:32:55,2413.43,2413.43,3
2025-11-04T23:33:07.207489,23:33:07,2449.87,2449.87,3
2025-11-04T23:33:19.467844,23:33:19,2294.12,2294.12,3
2025-11-04T23:33:31.672585,23:33:31,2365.86,2365.86,3
2025-11-04T23:33:43.534104,23:33:43,2362.59,2362.59,3
2025-11-04T23:33:55.481238,23:33:55,2292.26,2292.26,3
2025-11-04T23:34:07.395326,23:34:07,2257.81,2257.81,3
2025-11-04T23:34:18.986763,23:34:18,1976.24,1976.24,3
2025-11-04T23:34:31.145894,23:34:31,1877.89,1877.89,3
2025-11-04T23:34:43.334076,23:34:43,1886.36,1886.36,3
2025-11-04T23:34:55.544360,23:34:55,1867.58,1867.58,3
2025-11-04T23:35:07.472597,23:35:07,2059.52,2059.52,3
2025-11-04T23:35:19.413764,23:35:19,2605.11,2605.11,3
2025-11-04T23:35:31.308477,23:35:31,2811.05,2811.05,3
2025-11-04T23:35:43.503098,23:35:43,2808.47,2808.47,3
2025-11-04T23:35:55.432480,23:35:55,2794.37,2794.37,3
2025-11-04T23:36:07.298507,23:36:07,2641.62,2641.62,3
2025-11-04T23:36:19.478367,23:36:19,2825.64,2825.64,3
2025-11-04T23:36:31.415115,23:36:31,2945.02,2945.02,3
2025-11-04T23:36:43.624948,23:36:43,2773.29,2773.29,3
2025-11-04T23:36:55.765244,23:36:55,2749.9,2749.9,3
2025-11-04T23:37:07.778823,23:37:07,2546.89,2546.89,3
2025-11-04T23:37:19.694192,23:37:19,2234.17,2234.17,3
2025-11-04T23:37:31.665553,23:37:31,2387.84,2387.84,3
2025-11-04T23:37:43.584128,23:37:43,2232.56,2232.56,3
2025-11-04T23:37:55.474274,23:37:55,2262.19,2262.19,3
2025-11-04T23:38:07.674472,23:38:07,2262.0,2262.0,3
2025-11-04T23:38:19.560466,23:38:19,2512.82,2512.82,3
2025-11-04T23:38:31.449105,23:38:31,2360.56,2360.56,3
2025-11-04T23:38:43.406970,23:38:43,2480.0,2480.0,3
2025-11-04T23:38:55.308908,23:38:55,2841.57,2841.57,3
2025-11-04T23:39:07.543023,23:39:07,2662.77,2662.77,3
2025-11-04T23:39:19.461508,23:39:19,2735.04,2735.04,3
2025-11-04T23:39:31.672328,23:39:31,2899.64,2899.64,3
2025-11-04T23:39:43.610678,23:39:43,2979.17,2979.17,3
2025-11-04T23:39:55.209849,23:39:55,2913.79,2913.79,3
2025-11-04T23:40:07.455354,23:40:07,2872.83,2872.83,3
2025-11-04T23:40:19.407145,23:40:19,2830.65,2830.65,3
2025-11-04T23:40:31.002082,23:40:31,3003.32,3003.32,3
2025-11-04T23:40:43.248176,23:40:43,2821.89,2821.89,3
2025-11-04T23:40:55.460154,23:40:55,2871.94,2871.94,3
2025-11-04T23:41:07.334429,23:41:07,2988.9,2988.9,3
2025-11-04T23:41:19.484427,23:41:19,2772.81,2772.81,3
2025-11-04T23:41:31.428321,23:41:31,2627.01,2627.01,3
2025-11-04T23:41:43.643752,23:41:43,2556.51,2556.51,3
2025-11-04T23:41:55.627742,23:41:55,2563.18,2563.18,3
2025-11-04T23:42:07.527630,23:42:07,2529.87,2529.87,3
2025-11-04T23:42:19.185131,23:42:19,2586.6,2586.6,3
2025-11-04T23:42:31.390540,23:42:31,2679.38,2679.38,3
2025-11-04T23:42:43.246785,23:42:43,2722.11,2722.11,3
2025-11-04T23:42:55.419663,23:42:55,2758.03,2758.03,3
2025-11-04T23:43:07.390383,23:43:07,2437.71,2437.71,3
2025-11-04T23:43:19.294885,23:43:19,2596.98,2596.98,3
2025-11-04T23:43:31.470057,23:43:31,2688.25,2688.25,3
2025-11-04T23:43:43.670575,23:43:43,2629.25,2629.25,3
2025-11-04T23:43:55.540990,23:43:55,2541.25,2541.25,3
2025-11-04T23:44:07.582496,23:44:07,2444.44,2444.44,3
2025-11-04T23:44:19.507842,23:44:19,2311.66,2311.66,3
2025-11-04T23:44:31.384140,23:44:31,2224.94,2224.94,3
2025-11-04T23:44:43.618306,23:44:43,2256.29,2256.29,3
2025-11-04T23:44:55.500765,23:44:55,2252.47,2252.47,3
2025-11-04T23:45:07.384619,23:45:07,2275.5,2275.5,3
2025-11-04T23:45:18.996750,23:45:18,2479.39,2479.39,3
2025-11-04T23:45:31.186235,23:45:31,2372.15,2372.15,3
2025-11-04T23:45:43.374337,23:45:43,2229.63,2229.63,3
2025-11-04T23:45:55.277732,23:45:55,2416.35,2416.35,3
2025-11-04T23:46:07.147108,23:46:07,2389.5,2389.5,3
2025-11-04T23:46:19.374555,23:46:19,2172.44,2172.44,3
2025-11-04T23:46:31.241167,23:46:31,1918.67,1918.67,3
2025-11-04T23:46:43.402307,23:46:43,1866.89,1866.89,3
2025-11-04T23:46:55.287685,23:46:55,1765.37,1765.37,3
2025-11-04T23:47:07.202040,23:47:07,1878.3,1878.3,3
2025-11-04T23:47:19.634406,23:47:19,1824.53,1824.53,3
2025-11-04T23:47:31.572873,23:47:31,1740.19,1740.19,3
2025-11-04T23:47:43.474108,23:47:43,1782.02,1782.02,3
2025-11-04T23:47:55.362861,23:47:55,1776.54,1776.54,3
2025-11-04T23:48:07.583343,23:48:07,1762.26,1762.26,3
2025-11-04T23:48:19.535544,23:48:19,1750.04,1750.04,3
2025-11-04T23:48:31.474401,23:48:31,1893.83,1893.83,3
2025-11-04T23:48:43.403668,23:48:43,1858.12,1858.12,3
2025-11-04T23:48:55.279091,23:48:55,1804.4,1804.4,3
2025-11-04T23:49:07.186501,23:49:07,1695.17,1695.17,3
2025-11-04T23:49:19.386966,23:49:19,1574.55,1574.55,3
2025-11-04T23:49:31.298765,23:49:31,1465.7,1465.7,3
2025-11-04T23:49:43.225261,23:49:43,1510.42,1510.42,3
2025-11-04T23:49:55.516034,23:49:55,1427.02,1427.02,3
2025-11-04T23:50:07.439029,23:50:07,1624.32,1624.32,3
2025-11-04T23:50:19.415337,23:50:19,1643.0,1643.0,3
2025-11-04T23:50:31.323148,23:50:31,1620.07,1620.07,3
2025-11-04T23:50:43.544229,23:50:43,1461.19,1461.19,3
2025-11-04T23:50:55.461203,23:50:55,1621.98,1621.98,3
2025-11-04T23:51:07.659964,23:51:07,1470.78,1470.78,3
2025-11-04T23:51:19.639200,23:51:19,1495.08,1495.08,3
2025-11-04T23:51:31.560935,23:51:31,1353.31,1353.31,3
2025-11-04T23:51:43.461963,23:51:43,1426.19,1426.19,3
2025-11-04T23:51:55.404026,23:51:55,1558.33,1558.33,3
2025-11-04T23:52:07.546462,23:52:07,1469.01,1469.01,3
2025-11-04T23:52:19.538697,23:52:19,1292.33,1292.33,3
2025-11-04T23:52:31.522617,23:52:31,1291.07,1291.07,3
2025-11-04T23:52:43.760842,23:52:43,1341.62,1341.62,3
2025-11-04T23:52:55.759138,23:52:55,1518.82,1518.82,3
2025-11-04T23:53:07.763512,23:53:07,1623.38,1623.38,3
2025-11-04T23:53:19.720705,23:53:19,1539.14,1539.14,3
2025-11-04T23:53:31.634849,23:53:31,1740.21,1740.21,3
2025-11-04T23:53:43.558797,23:53:43,1764.84,1764.84,3
2025-11-04T23:53:55.652756,23:53:55,1975.02,1975.02,3
2025-11-04T23:54:07.562032,23:54:07,2127.06,2127.06,3
2025-11-04T23:54:19.530428,23:54:19,2041.91,2041.91,3
2025-11-04T23:54:31.661289,23:54:31,2045.72,2045.72,3
2025-11-04T23:54:43.710507,23:54:43,2138.68,2138.68,3
2025-11-04T23:54:55.624165,23:54:55,2050.99,2050.99,3
2025-11-04T23:55:07.529915,23:55:07,1986.98,1986.98,3
2025-11-04T23:55:19.506069,23:55:19,1997.06,1997.06,3
2025-11-04T23:55:31.415467,23:55:31,1823.24,1823.24,3
2025-11-04T23:55:43.626295,23:55:43,1731.96,1731.96,3
2025-11-04T23:55:55.723741,23:55:55,1731.93,1731.93,3
2025-11-04T23:56:07.745623,23:56:07,1781.5,1781.5,3
2025-11-04T23:56:19.750459,23:56:19,1787.28,1787.28,3
2025-11-04T23:56:31.682812,23:56:31,1778.07,1778.07,3
2025-11-04T23:56:43.652042,23:56:43,1989.3,1989.3,3
2025-11-04T23:56:55.569293,23:56:55,2053.24,2053.24,3
2025-11-04T23:57:07.462252,23:57:07,1885.27,1885.27,3
2025-11-04T23:57:19.371906,23:57:19,2102.95,2102.95,3
2025-11-04T23:57:31.296058,23:57:31,2222.56,2222.56,3
2025-11-04T23:57:43.538433,23:57:43,2153.74,2153.74,3
2025-11-04T23:57:55.497203,23:57:55,1937.52,1937.52,3
2025-11-04T23:58:07.401556,23:58:07,1654.29,1654.29,3
2025-11-04T23:58:19.348672,23:58:19,1696.66,1696.66,3
2025-11-04T23:58:31.660347,23:58:31,1652.21,1652.21,3
2025-11-04T23:58:43.552697,23:58:43,1590.82,1590.82,3
2025-11-04T23:58:55.476318,23:58:55,1723.09,1723.09,3
2025-11-04T23:59:07.438968,23:59:07,1738.54,1738.54,3
2025-11-04T23:59:19.412238,23:59:19,1739.03,1739.03,3
2025-11-04T23:59:31.366601,23:59:31,1929.19,1929.19,3
2025-11-04T23:59:43.580845,23:59:43,1908.43,1908.43,3
2025-11-04T23:59:55.513203,23:59:55,1890.59,1890.59,3
