timestamp,time,total_pnl,unrealized_pnl,position_count
2025-11-05T00:00:07.428199,00:00:07,1774.6,1774.6,3
2025-11-05T00:00:19.348052,00:00:19,1919.14,1919.14,3
2025-11-05T00:00:31.345812,00:00:31,2072.18,2072.18,3
2025-11-05T00:00:43.256399,00:00:43,2023.77,2023.77,3
2025-11-05T00:00:54.930128,00:00:54,1985.21,1985.21,3
2025-11-05T00:01:07.125518,00:01:07,1990.57,1990.57,3
2025-11-05T00:01:18.772226,00:01:18,1844.91,1844.91,3
2025-11-05T00:01:30.726523,00:01:30,1790.57,1790.57,3
2025-11-05T00:01:42.648099,00:01:42,1732.5,1732.5,3
2025-11-05T00:01:54.565154,00:01:54,1547.79,1547.79,3
2025-11-05T00:02:06.622236,00:02:06,1549.66,1549.66,3
2025-11-05T00:02:18.537918,00:02:18,1289.92,1289.92,3
2025-11-05T00:02:30.497569,00:02:30,1019.55,1019.55,3
2025-11-05T00:02:42.582375,00:02:42,1003.9,1003.9,3
2025-11-05T00:02:54.218067,00:02:54,1031.16,1031.16,3
2025-11-05T00:03:06.412716,00:03:06,858.38,858.38,3
2025-11-05T00:03:18.612068,00:03:18,893.56,893.56,3
2025-11-05T00:03:30.565046,00:03:30,747.6,747.6,3
2025-11-05T00:03:42.488373,00:03:42,562.75,562.75,3
2025-11-05T00:03:54.393952,00:03:54,502.35,502.35,3
2025-11-05T00:04:06.444367,00:04:06,691.46,691.46,3
2025-11-05T00:04:18.617996,00:04:18,597.72,597.72,3
2025-11-05T00:04:30.277645,00:04:30,665.78,665.78,3
2025-11-05T00:04:42.458635,00:04:42,751.36,751.36,3
2025-11-05T00:04:54.434241,00:04:54,908.05,908.05,3
2025-11-05T00:05:06.351398,00:05:06,1109.67,1109.67,3
2025-11-05T00:05:18.538545,00:05:18,715.02,715.02,3
2025-11-05T00:05:30.255028,00:05:30,367.65,367.65,3
2025-11-05T00:05:42.533346,00:05:42,392.86,392.86,3
2025-11-05T00:05:54.433234,00:05:54,278.28,278.28,3
2025-11-05T00:06:06.344306,00:06:06,799.88,799.88,3
2025-11-05T00:06:18.607313,00:06:18,1226.42,1226.42,3
2025-11-05T00:06:30.498483,00:06:30,1419.99,1419.99,3
2025-11-05T00:06:42.477794,00:06:42,1956.44,1956.44,3
2025-11-05T00:06:54.478963,00:06:54,1958.67,1958.67,3
2025-11-05T00:07:06.219928,00:07:06,1971.81,1971.81,3
2025-11-05T00:07:18.389890,00:07:18,1595.98,1595.98,3
2025-11-05T00:07:30.562712,00:07:30,1650.56,1650.56,3
2025-11-05T00:07:42.556332,00:07:42,1645.03,1645.03,3
2025-11-05T00:07:54.525794,00:07:54,1636.67,1636.67,3
2025-11-05T00:08:06.454020,00:08:06,1672.79,1672.79,3
2025-11-05T00:08:18.679866,00:08:18,1742.11,1742.11,3
2025-11-05T00:08:30.615219,00:08:30,1557.52,1557.52,3
2025-11-05T00:08:42.513541,00:08:42,1365.59,1365.59,3
2025-11-05T00:08:54.433909,00:08:54,1304.18,1304.18,3
2025-11-05T00:09:06.373709,00:09:06,1025.17,1025.17,3
2025-11-05T00:09:18.557392,00:09:18,1172.95,1172.95,3
2025-11-05T00:09:30.497089,00:09:30,1014.53,1014.53,3
2025-11-05T00:09:42.408926,00:09:42,1053.21,1053.21,3
2025-11-05T00:09:54.627834,00:09:54,1020.47,1020.47,3
2025-11-05T00:10:06.523874,00:10:06,768.92,768.92,3
2025-11-05T00:10:18.520689,00:10:18,926.63,926.63,3
2025-11-05T00:10:30.467883,00:10:30,1017.64,1017.64,3
2025-11-05T00:10:42.379895,00:10:42,1095.37,1095.37,3
2025-11-05T00:10:54.553814,00:10:54,1125.32,1125.32,3
2025-11-05T00:11:06.533841,00:11:06,1278.4,1278.4,3
2025-11-05T00:11:18.486455,00:11:18,1560.95,1560.95,3
2025-11-05T00:11:30.403773,00:11:30,1501.4,1501.4,3
2025-11-05T00:11:42.627472,00:11:42,1651.87,1651.87,3
2025-11-05T00:11:54.552078,00:11:54,2078.41,2078.41,3
2025-11-05T00:12:06.562617,00:12:06,2282.17,2282.17,3
2025-11-05T00:12:18.578279,00:12:18,2431.38,2431.38,3
2025-11-05T00:12:30.484871,00:12:30,2506.49,2506.49,3
2025-11-05T00:12:42.434678,00:12:42,2440.43,2440.43,3
2025-11-05T00:12:54.339362,00:12:54,2539.52,2539.52,3
2025-11-05T00:13:06.215939,00:13:06,2275.96,2275.96,3
2025-11-05T00:13:18.398488,00:13:18,2242.77,2242.77,3
2025-11-05T00:13:30.379212,00:13:30,2507.29,2507.29,3
2025-11-05T00:13:42.301978,00:13:42,2557.34,2557.34,3
2025-11-05T00:13:54.599020,00:13:54,2697.25,2697.25,3
2025-11-05T00:14:06.520724,00:14:06,2594.88,2594.88,3
2025-11-05T00:14:18.440311,00:14:18,2593.78,2593.78,3
2025-11-05T00:14:30.697015,00:14:30,2622.9,2622.9,3
2025-11-05T00:14:42.705553,00:14:42,2717.02,2717.02,3
2025-11-05T00:14:54.619690,00:14:54,2924.73,2924.73,3
2025-11-05T00:15:06.506288,00:15:06,2843.08,2843.08,3
2025-11-05T00:15:18.444311,00:15:18,2647.88,2647.88,3
2025-11-05T00:15:30.649299,00:15:30,2673.57,2673.57,3
2025-11-05T00:15:42.559471,00:15:42,2577.07,2577.07,3
2025-11-05T00:15:54.539809,00:15:54,2452.14,2452.14,3
2025-11-05T00:16:06.445150,00:16:06,2484.36,2484.36,3
2025-11-05T00:16:18.364894,00:16:18,2530.68,2530.68,3
2025-11-05T00:16:30.586505,00:16:30,2676.9,2676.9,3
2025-11-05T00:16:42.493986,00:16:42,2621.59,2621.59,3
2025-11-05T00:16:54.445881,00:16:54,2314.29,2314.29,3
2025-11-05T00:17:06.590212,00:17:06,2472.1,2472.1,3
2025-11-05T00:17:18.553465,00:17:18,2327.64,2327.64,3
2025-11-05T00:17:30.452473,00:17:30,2421.92,2421.92,3
2025-11-05T00:17:42.385146,00:17:42,2339.76,2339.76,3
2025-11-05T00:17:54.289268,00:17:54,2087.4,2087.4,3
2025-11-05T00:18:06.484611,00:18:06,2073.09,2073.09,3
2025-11-05T00:18:18.441486,00:18:18,2069.93,2069.93,3
2025-11-05T00:18:30.354575,00:18:30,2009.39,2009.39,3
2025-11-05T00:18:42.546177,00:18:42,2244.74,2244.74,3
2025-11-05T00:18:54.495157,00:18:54,2181.38,2181.38,3
2025-11-05T00:19:06.493429,00:19:06,1943.92,1943.92,3
2025-11-05T00:19:18.431645,00:19:18,1582.78,1582.78,3
2025-11-05T00:19:30.314863,00:19:30,1341.84,1341.84,3
2025-11-05T00:19:42.642345,00:19:42,1396.27,1396.27,3
2025-11-05T00:19:54.547253,00:19:54,1281.95,1281.95,3
2025-11-05T00:20:06.441205,00:20:06,1472.04,1472.04,3
2025-11-05T00:20:18.387240,00:20:18,1798.86,1798.86,3
2025-11-05T00:20:30.578104,00:20:30,1889.44,1889.44,3
2025-11-05T00:20:42.814452,00:20:42,1781.68,1781.68,3
2025-11-05T00:20:54.740220,00:20:54,2012.37,2012.37,3
2025-11-05T00:21:06.660338,00:21:06,1995.76,1995.76,3
2025-11-05T00:21:18.562123,00:21:18,2303.21,2303.21,3
2025-11-05T00:21:30.565471,00:21:30,2360.37,2360.37,3
2025-11-05T00:21:42.482105,00:21:42,2273.62,2273.62,3
2025-11-05T00:21:54.589166,00:21:54,2307.36,2307.36,3
2025-11-05T00:22:06.530172,00:22:06,2254.67,2254.67,3
2025-11-05T00:22:18.451064,00:22:18,2515.04,2515.04,3
2025-11-05T00:22:30.638060,00:22:30,2526.8,2526.8,3
2025-11-05T00:22:42.703801,00:22:42,2411.67,2411.67,3
2025-11-05T00:22:54.609878,00:22:54,2311.69,2311.69,3
2025-11-05T00:23:06.501908,00:23:06,2469.59,2469.59,3
2025-11-05T00:23:18.406217,00:23:18,2072.23,2072.23,3
2025-11-05T00:23:30.323421,00:23:30,2176.44,2176.44,3
2025-11-05T00:23:42.221994,00:23:42,2391.96,2391.96,3
2025-11-05T00:23:54.467521,00:23:54,2557.74,2557.74,3
2025-11-05T00:24:06.384217,00:24:06,2483.05,2483.05,3
2025-11-05T00:24:18.340635,00:24:18,2680.74,2680.74,3
2025-11-05T00:24:30.553519,00:24:30,2907.65,2907.65,3
2025-11-05T00:24:42.463192,00:24:42,3139.61,3139.61,3
2025-11-05T00:24:54.153147,00:24:54,3327.66,3327.66,3
2025-11-05T00:25:06.375946,00:25:06,2967.1,2967.1,3
2025-11-05T00:25:18.594390,00:25:18,3084.81,3084.81,3
2025-11-05T00:25:30.505434,00:25:30,3036.36,3036.36,3
2025-11-05T00:25:42.410160,00:25:42,3143.4,3143.4,3
2025-11-05T00:25:54.678644,00:25:54,2991.7,2991.7,3
2025-11-05T00:26:06.383029,00:26:06,2921.1,2921.1,3
2025-11-05T00:26:18.567744,00:26:18,2952.17,2952.17,3
2025-11-05T00:26:30.491418,00:26:30,2921.65,2921.65,3
2025-11-05T00:26:42.678305,00:26:42,2954.2,2954.2,3
2025-11-05T00:26:54.628263,00:26:54,2833.64,2833.64,3
2025-11-05T00:27:06.818524,00:27:06,2898.69,2898.69,3
2025-11-05T00:27:19.029572,00:27:19,2993.21,2993.21,3
2025-11-05T00:27:31.182061,00:27:31,3050.53,3050.53,3
2025-11-05T00:27:43.073822,00:27:43,3352.0,3352.0,3
2025-11-05T00:27:55.260811,00:27:55,3319.15,3319.15,3
2025-11-05T00:28:07.511743,00:28:07,3522.61,3522.61,3
2025-11-05T00:28:19.468140,00:28:19,3705.91,3705.91,3
2025-11-05T00:28:31.636797,00:28:31,3792.71,3792.71,3
2025-11-05T00:28:43.619375,00:28:43,3833.92,3833.92,3
2025-11-05T00:28:55.508484,00:28:55,3738.25,3738.25,3
2025-11-05T00:29:07.116900,00:29:07,3648.6,3648.6,3
2025-11-05T00:29:19.288507,00:29:19,3517.06,3517.06,3
2025-11-05T00:29:31.476272,00:29:31,3606.9,3606.9,3
2025-11-05T00:29:43.400458,00:29:43,3629.4,3629.4,3
2025-11-05T00:29:55.311964,00:29:55,3667.46,3667.46,3
2025-11-05T00:30:07.244771,00:30:07,3628.58,3628.58,3
2025-11-05T00:30:18.836512,00:30:18,3669.46,3669.46,3
2025-11-05T00:30:30.713929,00:30:30,3550.86,3550.86,3
2025-11-05T00:30:42.717244,00:30:42,3453.28,3453.28,3
2025-11-05T00:30:54.652242,00:30:54,3665.61,3665.61,3
2025-11-05T00:31:06.651867,00:31:06,3779.82,3779.82,3
2025-11-05T00:31:18.622319,00:31:18,3789.48,3789.48,3
2025-11-05T00:31:30.536131,00:31:30,3888.72,3888.72,3
2025-11-05T00:31:42.690872,00:31:42,3903.95,3903.95,3
2025-11-05T00:31:54.558818,00:31:54,3819.88,3819.88,3
2025-11-05T00:32:06.497392,00:32:06,3942.6,3942.6,3
2025-11-05T00:32:18.448153,00:32:18,3793.71,3793.71,3
2025-11-05T00:32:30.639798,00:32:30,3886.23,3886.23,3
2025-11-05T00:32:42.532532,00:32:42,4116.74,4116.74,3
2025-11-05T00:32:54.541624,00:32:54,3904.72,3904.72,3
2025-11-05T00:33:06.483005,00:33:06,3859.55,3859.55,3
2025-11-05T00:33:18.422891,00:33:18,3896.86,3896.86,3
2025-11-05T00:33:30.344098,00:33:30,3815.51,3815.51,3
2025-11-05T00:33:42.594282,00:33:42,3789.74,3789.74,3
2025-11-05T00:33:54.479452,00:33:54,3636.8,3636.8,3
2025-11-05T00:34:06.406587,00:34:06,3792.34,3792.34,3
2025-11-05T00:34:18.681452,00:34:18,3801.27,3801.27,3
2025-11-05T00:34:30.623346,00:34:30,3826.8,3826.8,3
2025-11-05T00:34:42.516938,00:34:42,3928.44,3928.44,3
2025-11-05T00:34:54.439163,00:34:54,3911.56,3911.56,3
2025-11-05T00:35:06.326948,00:35:06,3922.21,3922.21,3
2025-11-05T00:35:18.216205,00:35:18,3668.93,3668.93,3
2025-11-05T00:35:30.445573,00:35:30,3605.22,3605.22,3
2025-11-05T00:35:42.452543,00:35:42,3547.63,3547.63,3
2025-11-05T00:35:54.425730,00:35:54,3450.45,3450.45,3
2025-11-05T00:36:06.614784,00:36:06,3510.72,3510.72,3
2025-11-05T00:36:18.564315,00:36:18,3726.66,3726.66,3
2025-11-05T00:36:30.705531,00:36:30,3759.01,3759.01,3
2025-11-05T00:36:42.579654,00:36:42,3597.91,3597.91,3
2025-11-05T00:36:54.478767,00:36:54,3669.72,3669.72,3
2025-11-05T00:37:06.404145,00:37:06,3687.55,3687.55,3
2025-11-05T00:37:18.381836,00:37:18,3632.24,3632.24,3
2025-11-05T00:37:30.561421,00:37:30,3516.42,3516.42,3
2025-11-05T00:37:42.515271,00:37:42,3282.37,3282.37,3
2025-11-05T00:37:54.426699,00:37:54,3332.25,3332.25,3
2025-11-05T00:38:06.354281,00:38:06,3302.21,3302.21,3
2025-11-05T00:38:18.531871,00:38:18,3202.11,3202.11,3
2025-11-05T00:38:30.446290,00:38:30,3170.54,3170.54,3
2025-11-05T00:38:42.455526,00:38:42,3181.26,3181.26,3
2025-11-05T00:38:54.387622,00:38:54,3193.34,3193.34,3
2025-11-05T00:39:06.644973,00:39:06,3168.85,3168.85,3
2025-11-05T00:39:18.534680,00:39:18,2925.32,2925.32,3
2025-11-05T00:39:30.414362,00:39:30,3326.61,3326.61,3
2025-11-05T00:39:42.321999,00:39:42,3259.88,3259.88,3
2025-11-05T00:39:54.574659,00:39:54,3269.48,3269.48,3
2025-11-05T00:40:06.463645,00:40:06,3101.77,3101.77,3
2025-11-05T00:40:18.402926,00:40:18,3057.79,3057.79,3
2025-11-05T00:40:30.617455,00:40:30,3046.21,3046.21,3
2025-11-05T00:40:42.557861,00:40:42,3070.97,3070.97,3
2025-11-05T00:40:54.438233,00:40:54,3269.52,3269.52,3
2025-11-05T00:41:06.396741,00:41:06,3325.69,3325.69,3
2025-11-05T00:41:18.345571,00:41:18,3269.79,3269.79,3
2025-11-05T00:41:30.035854,00:41:30,3524.26,3524.26,3
2025-11-05T00:41:41.982570,00:41:41,3440.57,3440.57,3
2025-11-05T00:41:53.578546,00:41:53,3289.21,3289.21,3
2025-11-05T00:42:05.496061,00:42:05,3304.7,3304.7,3
2025-11-05T00:42:17.433331,00:42:17,3505.24,3505.24,3
2025-11-05T00:42:29.409106,00:42:29,3403.06,3403.06,3
2025-11-05T00:42:41.578677,00:42:41,3563.77,3563.77,3
2025-11-05T00:42:53.652375,00:42:53,3332.47,3332.47,3
2025-11-05T00:43:05.277157,00:43:05,3635.47,3635.47,3
2025-11-05T00:43:17.186305,00:43:17,3663.52,3663.52,3
2025-11-05T00:43:29.372426,00:43:29,3754.63,3754.63,3
2025-11-05T00:43:41.338019,00:43:41,3786.49,3786.49,3
2025-11-05T00:43:53.239658,00:43:53,3896.35,3896.35,3
2025-11-05T00:44:05.088271,00:44:05,3814.27,3814.27,3
2025-11-05T00:44:17.358552,00:44:17,3846.14,3846.14,3
2025-11-05T00:44:29.528911,00:44:29,3762.3,3762.3,3
2025-11-05T00:44:41.524350,00:44:41,3955.41,3955.41,3
2025-11-05T00:44:53.506526,00:44:53,3988.29,3988.29,3
2025-11-05T00:45:05.496450,00:45:05,3929.47,3929.47,3
2025-11-05T00:45:17.545706,00:45:17,3985.44,3985.44,3
2025-11-05T00:45:29.457385,00:45:29,3753.49,3753.49,3
2025-11-05T00:45:41.391178,00:45:41,3943.8,3943.8,3
2025-11-05T00:45:53.348941,00:45:53,4105.09,4105.09,3
2025-11-05T00:46:05.525807,00:46:05,4142.45,4142.45,3
2025-11-05T00:46:17.490145,00:46:17,4253.47,4253.47,3
2025-11-05T00:46:29.385108,00:46:29,4155.7,4155.7,3
2025-11-05T00:46:41.635236,00:46:41,4221.13,4221.13,3
2025-11-05T00:46:53.655983,00:46:53,4167.61,4167.61,3
2025-11-05T00:47:05.252592,00:47:05,3988.16,3988.16,3
2025-11-05T00:47:17.229889,00:47:17,4003.27,4003.27,3
2025-11-05T00:47:29.386965,00:47:29,3906.64,3906.64,3
2025-11-05T00:47:41.427435,00:47:41,3650.39,3650.39,3
2025-11-05T00:47:53.351795,00:47:53,3697.31,3697.31,3
2025-11-05T00:48:05.273699,00:48:05,3720.31,3720.31,3
2025-11-05T00:48:17.428162,00:48:17,3810.36,3810.36,3
2025-11-05T00:48:29.338192,00:48:29,3805.43,3805.43,3
2025-11-05T00:48:41.534910,00:48:41,3847.97,3847.97,3
2025-11-05T00:48:53.486497,00:48:53,3892.88,3892.88,3
2025-11-05T00:49:05.384113,00:49:05,3885.04,3885.04,3
2025-11-05T00:49:17.594532,00:49:17,3671.5,3671.5,3
2025-11-05T00:49:29.478299,00:49:29,3770.35,3770.35,3
2025-11-05T00:49:41.378438,00:49:41,3739.89,3739.89,3
2025-11-05T00:49:53.560193,00:49:53,3722.61,3722.61,3
2025-11-05T00:50:05.556080,00:50:05,3697.3,3697.3,3
2025-11-05T00:50:17.495181,00:50:17,3693.25,3693.25,3
2025-11-05T00:50:29.452494,00:50:29,3695.86,3695.86,3
2025-11-05T00:50:41.409453,00:50:41,3686.65,3686.65,3
2025-11-05T00:50:53.674527,00:50:53,3753.04,3753.04,3
2025-11-05T00:51:05.320022,00:51:05,3811.95,3811.95,3
2025-11-05T00:51:17.242307,00:51:17,3903.31,3903.31,3
2025-11-05T00:51:29.444472,00:51:29,3684.73,3684.73,3
2025-11-05T00:51:41.040414,00:51:41,3464.43,3464.43,3
2025-11-05T00:51:53.235878,00:51:53,3599.08,3599.08,3
2025-11-05T00:52:05.427525,00:52:05,3756.05,3756.05,3
2025-11-05T00:52:17.383270,00:52:17,3747.51,3747.51,3
2025-11-05T00:52:29.324676,00:52:29,3916.8,3916.8,3
2025-11-05T00:52:41.521595,00:52:41,3813.15,3813.15,3
2025-11-05T00:52:53.472098,00:52:53,3903.1,3903.1,3
2025-11-05T00:53:05.472623,00:53:05,3971.67,3971.67,3
2025-11-05T00:53:17.355049,00:53:17,4227.98,4227.98,3
2025-11-05T00:53:29.285774,00:53:29,4108.29,4108.29,3
2025-11-05T00:53:41.519290,00:53:41,4435.7,4435.7,3
2025-11-05T00:53:53.414909,00:53:53,4369.98,4369.98,3
2025-11-05T00:54:05.317225,00:54:05,4289.83,4289.83,3
2025-11-05T00:54:17.203957,00:54:17,4227.26,4227.26,3
2025-11-05T00:54:29.435772,00:54:29,4280.89,4280.89,3
2025-11-05T00:54:41.424204,00:54:41,4293.69,4293.69,3
2025-11-05T00:54:53.648592,00:54:53,4322.65,4322.65,3
2025-11-05T00:55:05.578873,00:55:05,4357.28,4357.28,3
2025-11-05T00:55:17.473229,00:55:17,4439.1,4439.1,3
2025-11-05T00:55:29.453349,00:55:29,4682.99,4682.99,3
2025-11-05T00:55:41.620286,00:55:41,4646.9,4646.9,3
2025-11-05T00:55:53.513299,00:55:53,4581.56,4581.56,3
2025-11-05T00:56:05.496109,00:56:05,4503.52,4503.52,3
2025-11-05T00:56:17.410921,00:56:17,4410.19,4410.19,3
2025-11-05T00:56:29.585018,00:56:29,4299.56,4299.56,3
2025-11-05T00:56:41.778600,00:56:41,4357.49,4357.49,3
2025-11-05T00:56:53.690040,00:56:53,4369.3,4369.3,3
2025-11-05T00:57:05.557900,00:57:05,4381.32,4381.32,3
2025-11-05T00:57:17.520430,00:57:17,4357.36,4357.36,3
2025-11-05T00:57:29.409429,00:57:29,4321.57,4321.57,3
2025-11-05T00:57:41.590954,00:57:41,4350.55,4350.55,3
2025-11-05T00:57:53.637475,00:57:53,4163.33,4163.33,3
2025-11-05T00:58:05.536607,00:58:05,4160.8,4160.8,3
2025-11-05T00:58:17.483975,00:58:17,4064.26,4064.26,3
2025-11-05T00:58:29.378406,00:58:29,4078.28,4078.28,3
2025-11-05T00:58:41.609770,00:58:41,4058.15,4058.15,3
2025-11-05T00:58:53.499246,00:58:53,4049.0,4049.0,3
2025-11-05T00:59:05.411643,00:59:05,4029.38,4029.38,3
2025-11-05T00:59:17.312726,00:59:17,3924.76,3924.76,3
2025-11-05T00:59:29.220919,00:59:29,3948.51,3948.51,3
2025-11-05T00:59:41.462188,00:59:41,3839.91,3839.91,3
2025-11-05T00:59:53.436465,00:59:53,3911.53,3911.53,3
2025-11-05T01:00:05.613505,01:00:05,4091.31,4091.31,3
2025-11-05T01:00:17.504872,01:00:17,4126.56,4126.56,3
2025-11-05T01:00:29.450363,01:00:29,3965.21,3965.21,3
2025-11-05T01:00:41.595772,01:00:41,3842.65,3842.65,3
2025-11-05T01:00:53.590395,01:00:53,3796.52,3796.52,3
2025-11-05T01:01:05.492715,01:01:05,3730.9,3730.9,3
2025-11-05T01:01:17.481495,01:01:17,3508.6,3508.6,3
2025-11-05T01:01:29.449513,01:01:29,3459.5,3459.5,3
2025-11-05T01:01:41.634632,01:01:41,3419.01,3419.01,3
2025-11-05T01:01:53.542546,01:01:53,3421.88,3421.88,3
2025-11-05T01:02:05.423428,01:02:05,3376.94,3376.94,3
2025-11-05T01:02:17.424542,01:02:17,3421.36,3421.36,3
2025-11-05T01:02:29.597250,01:02:29,3549.4,3549.4,3
2025-11-05T01:02:41.547354,01:02:41,3571.0,3571.0,3
2025-11-05T01:02:53.453638,01:02:53,3598.99,3598.99,3
2025-11-05T01:03:05.390948,01:03:05,3437.91,3437.91,3
2025-11-05T01:03:17.375223,01:03:17,3362.66,3362.66,3
2025-11-05T01:03:29.547235,01:03:29,3222.04,3222.04,3
2025-11-05T01:03:41.504070,01:03:41,3301.03,3301.03,3
2025-11-05T01:03:53.118597,01:03:53,3349.06,3349.06,3
2025-11-05T01:04:05.284113,01:04:05,3347.34,3347.34,3
2025-11-05T01:04:17.245824,01:04:17,3357.39,3357.39,3
2025-11-05T01:04:29.419366,01:04:29,3393.79,3393.79,3
2025-11-05T01:04:41.605654,01:04:41,3617.49,3617.49,3
2025-11-05T01:04:53.510060,01:04:53,3580.38,3580.38,3
2025-11-05T01:05:05.109702,01:05:05,3464.05,3464.05,3
2025-11-05T01:05:17.339680,01:05:17,3320.48,3320.48,3
2025-11-05T01:05:28.944511,01:05:28,3473.16,3473.16,3
2025-11-05T01:05:40.889436,01:05:40,3377.9,3377.9,3
2025-11-05T01:05:52.511277,01:05:52,3379.79,3379.79,3
2025-11-05T01:06:04.360867,01:06:04,3284.65,3284.65,3
2025-11-05T01:06:15.969285,01:06:15,3237.95,3237.95,3
2025-11-05T01:06:27.570510,01:06:27,3241.27,3241.27,3
2025-11-05T01:06:39.479219,01:06:39,3037.38,3037.38,3
2025-11-05T01:06:51.070029,01:06:51,3056.62,3056.62,3
2025-11-05T01:07:02.766113,01:07:02,2998.08,2998.08,3
2025-11-05T01:07:14.364753,01:07:14,3107.82,3107.82,3
2025-11-05T01:07:26.024324,01:07:26,3076.47,3076.47,3
2025-11-05T01:07:37.939600,01:07:37,3159.82,3159.82,3
2025-11-05T01:07:49.548453,01:07:49,3089.14,3089.14,3
2025-11-05T01:08:01.231841,01:08:01,3057.02,3057.02,3
2025-11-05T01:08:13.217974,01:08:13,3035.51,3035.51,3
2025-11-05T01:08:25.136541,01:08:25,3082.69,3082.69,3
2025-11-05T01:08:36.745132,01:08:36,3103.9,3103.9,3
2025-11-05T01:08:48.373822,01:08:48,3134.89,3134.89,3
2025-11-05T01:09:00.029799,01:09:00,3146.25,3146.25,3
2025-11-05T01:09:11.675369,01:09:11,3161.14,3161.14,3
2025-11-05T01:09:23.626721,01:09:23,3186.53,3186.53,3
2025-11-05T01:09:35.547831,01:09:35,3189.61,3189.61,3
2025-11-05T01:09:47.245395,01:09:47,3154.59,3154.59,3
2025-11-05T01:09:58.846126,01:09:58,3051.63,3051.63,3
2025-11-05T01:10:10.438488,01:10:10,3077.09,3077.09,3
2025-11-05T01:10:22.356271,01:10:22,3214.55,3214.55,3
2025-11-05T01:10:34.247534,01:10:34,3331.39,3331.39,3
2025-11-05T01:10:46.134588,01:10:46,3337.8,3337.8,3
2025-11-05T01:10:57.776173,01:10:57,3157.56,3157.56,3
2025-11-05T01:11:09.372323,01:11:09,3076.15,3076.15,3
2025-11-05T01:11:20.986012,01:11:20,3244.3,3244.3,3
2025-11-05T01:11:32.602039,01:11:32,3145.92,3145.92,3
2025-11-05T01:11:44.190834,01:11:44,3147.3,3147.3,3
2025-11-05T01:11:56.369147,01:11:56,2941.68,2941.68,3
2025-11-05T01:12:08.264484,01:12:08,2912.84,2912.84,3
2025-11-05T01:12:19.868431,01:12:19,2890.4,2890.4,3
2025-11-05T01:12:31.746244,01:12:31,2824.18,2824.18,3
2025-11-05T01:12:43.330208,01:12:43,2845.52,2845.52,3
2025-11-05T01:12:54.911287,01:12:54,2836.36,2836.36,3
2025-11-05T01:13:06.515182,01:13:06,2755.62,2755.62,3
2025-11-05T01:13:18.429481,01:13:18,2646.36,2646.36,3
2025-11-05T01:13:30.142383,01:13:30,2572.02,2572.02,3
2025-11-05T01:13:41.794158,01:13:41,2502.87,2502.87,3
2025-11-05T01:13:53.452758,01:13:53,2546.65,2546.65,3
2025-11-05T01:14:05.042048,01:14:05,2570.78,2570.78,3
2025-11-05T01:14:16.674355,01:14:16,2640.18,2640.18,3
2025-11-05T01:14:28.570915,01:14:28,2800.22,2800.22,3
2025-11-05T01:14:40.298173,01:14:40,2817.91,2817.91,3
2025-11-05T01:14:52.238896,01:14:52,2828.81,2828.81,3
2025-11-05T01:15:03.895613,01:15:03,2805.98,2805.98,3
2025-11-05T01:15:15.454990,01:15:15,2774.43,2774.43,3
2025-11-05T01:15:27.405086,01:15:27,2763.75,2763.75,3
2025-11-05T01:15:39.315651,01:15:39,2784.27,2784.27,3
2025-11-05T01:15:50.946075,01:15:50,2754.32,2754.32,3
2025-11-05T01:16:02.554550,01:16:02,2752.59,2752.59,3
2025-11-05T01:16:14.202873,01:16:14,2682.65,2682.65,3
2025-11-05T01:16:25.816046,01:16:25,2891.5,2891.5,3
2025-11-05T01:16:37.428461,01:16:37,2787.63,2787.63,3
2025-11-05T01:16:49.033982,01:16:49,2816.02,2816.02,3
2025-11-05T01:17:00.967032,01:17:00,2820.53,2820.53,3
2025-11-05T01:17:12.564637,01:17:12,2970.66,2970.66,3
2025-11-05T01:17:24.486414,01:17:24,3000.77,3000.77,3
2025-11-05T01:17:36.088587,01:17:36,3102.82,3102.82,3
2025-11-05T01:17:47.709340,01:17:47,2982.75,2982.75,3
2025-11-05T01:17:59.314383,01:17:59,3112.54,3112.54,3
2025-11-05T01:18:10.922499,01:18:10,3128.19,3128.19,3
2025-11-05T01:18:22.509777,01:18:22,3071.41,3071.41,3
2025-11-05T01:18:34.236212,01:18:34,3009.46,3009.46,3
2025-11-05T01:18:45.860286,01:18:45,3006.42,3006.42,3
2025-11-05T01:18:57.743668,01:18:57,2913.97,2913.97,3
2025-11-05T01:19:09.371750,01:19:09,2914.52,2914.52,3
2025-11-05T01:19:21.026769,01:19:21,2648.84,2648.84,3
2025-11-05T01:19:32.630711,01:19:32,2479.81,2479.81,3
2025-11-05T01:19:44.230001,01:19:44,2517.6,2517.6,3
2025-11-05T01:19:55.954465,01:19:55,2443.5,2443.5,3
2025-11-05T01:20:07.612763,01:20:07,2576.15,2576.15,3
2025-11-05T01:20:19.187603,01:20:19,2489.96,2489.96,3
2025-11-05T01:20:30.771102,01:20:30,2406.43,2406.43,3
2025-11-05T01:20:42.420870,01:20:42,2386.2,2386.2,3
2025-11-05T01:20:54.184998,01:20:54,2471.92,2471.92,3
2025-11-05T01:21:05.832972,01:21:05,2544.1,2544.1,3
2025-11-05T01:21:17.411613,01:21:17,2691.23,2691.23,3
2025-11-05T01:21:29.017665,01:21:29,2665.83,2665.83,3
2025-11-05T01:21:40.901916,01:21:40,2385.27,2385.27,3
2025-11-05T01:21:52.506693,01:21:52,2216.35,2216.35,3
2025-11-05T01:22:04.119968,01:22:04,2307.24,2307.24,3
2025-11-05T01:22:16.025686,01:22:16,2622.77,2622.77,3
2025-11-05T01:22:27.661516,01:22:27,2750.73,2750.73,3
2025-11-05T01:22:39.295902,01:22:39,2853.97,2853.97,3
2025-11-05T01:22:51.193450,01:22:51,2955.53,2955.53,3
2025-11-05T01:23:03.039921,01:23:03,2901.61,2901.61,3
2025-11-05T01:23:14.622896,01:23:14,2649.27,2649.27,3
2025-11-05T01:23:26.516791,01:23:26,2552.94,2552.94,3
2025-11-05T01:23:38.093389,01:23:38,2563.71,2563.71,3
2025-11-05T01:23:49.674234,01:23:49,2529.35,2529.35,3
2025-11-05T01:24:01.262140,01:24:01,2527.87,2527.87,3
2025-11-05T01:24:12.854900,01:24:12,2379.66,2379.66,3
2025-11-05T01:24:24.490292,01:24:24,2480.17,2480.17,3
2025-11-05T01:24:36.078805,01:24:36,2475.26,2475.26,3
2025-11-05T01:24:47.690536,01:24:47,2453.62,2453.62,3
2025-11-05T01:24:59.333301,01:24:59,2454.9,2454.9,3
2025-11-05T01:25:11.291188,01:25:11,2456.44,2456.44,3
2025-11-05T01:25:23.230686,01:25:23,2672.16,2672.16,3
2025-11-05T01:25:35.403310,01:25:35,2556.51,2556.51,3
2025-11-05T01:25:46.999833,01:25:46,2682.72,2682.72,3
2025-11-05T01:25:58.659208,01:25:58,2656.52,2656.52,3
2025-11-05T01:26:10.327150,01:26:10,2544.56,2544.56,3
2025-11-05T01:26:21.921310,01:26:21,2285.58,2285.58,3
2025-11-05T01:26:33.515536,01:26:33,2284.23,2284.23,3
2025-11-05T01:26:45.102538,01:26:45,2344.73,2344.73,3
2025-11-05T01:26:56.682995,01:26:56,2398.72,2398.72,3
2025-11-05T01:27:08.283080,01:27:08,2340.21,2340.21,3
2025-11-05T01:27:19.863284,01:27:19,2278.34,2278.34,3
2025-11-05T01:27:31.470277,01:27:31,2226.23,2226.23,3
2025-11-05T01:27:43.061665,01:27:43,2150.52,2150.52,3
2025-11-05T01:27:54.666753,01:27:54,2075.68,2075.68,3
2025-11-05T01:28:06.559560,01:28:06,1997.14,1997.14,3
2025-11-05T01:28:18.145188,01:28:18,1832.22,1832.22,3
2025-11-05T01:28:29.740882,01:28:29,1886.18,1886.18,3
2025-11-05T01:28:41.323833,01:28:41,1941.93,1941.93,3
2025-11-05T01:28:53.267115,01:28:53,2100.14,2100.14,3
2025-11-05T01:29:04.893618,01:29:04,2187.38,2187.38,3
2025-11-05T01:29:16.506034,01:29:16,2008.15,2008.15,3
2025-11-05T01:29:28.359448,01:29:28,1976.69,1976.69,3
2025-11-05T01:29:40.241870,01:29:40,1938.43,1938.43,3
2025-11-05T01:29:51.905507,01:29:51,2085.12,2085.12,3
2025-11-05T01:30:03.549511,01:30:03,2102.59,2102.59,3
2025-11-05T01:30:15.487188,01:30:15,2139.62,2139.62,3
2025-11-05T01:30:27.369672,01:30:27,2197.18,2197.18,3
2025-11-05T01:30:39.267545,01:30:39,2318.38,2318.38,3
2025-11-05T01:30:51.152175,01:30:51,2362.27,2362.27,3
2025-11-05T01:31:02.764526,01:31:02,2437.3,2437.3,3
2025-11-05T01:31:14.351494,01:31:14,2428.72,2428.72,3
2025-11-05T01:31:25.981309,01:31:25,2425.47,2425.47,3
2025-11-05T01:31:38.155408,01:31:38,2409.78,2409.78,3
2025-11-05T01:31:50.419375,01:31:50,2394.83,2394.83,3
2025-11-05T01:32:02.352366,01:32:02,2275.84,2275.84,3
2025-11-05T01:32:14.237256,01:32:14,2298.49,2298.49,3
2025-11-05T01:32:25.835440,01:32:25,2208.3,2208.3,3
2025-11-05T01:32:37.431660,01:32:37,2020.59,2020.59,3
2025-11-05T01:32:49.061794,01:32:49,1865.2,1865.2,3
2025-11-05T01:33:00.666840,01:33:00,1801.12,1801.12,3
2025-11-05T01:33:12.259585,01:33:12,1704.88,1704.88,3
2025-11-05T01:33:23.850593,01:33:23,1745.94,1745.94,3
2025-11-05T01:33:35.757850,01:33:35,1835.43,1835.43,3
2025-11-05T01:33:47.542443,01:33:47,1691.73,1691.73,3
2025-11-05T01:33:59.140860,01:33:59,1772.06,1772.06,3
2025-11-05T01:34:10.852692,01:34:10,1768.94,1768.94,3
2025-11-05T01:34:22.449018,01:34:22,1719.51,1719.51,3
2025-11-05T01:34:34.145641,01:34:34,1825.58,1825.58,3
2025-11-05T01:34:45.788893,01:34:45,1620.26,1620.26,3
2025-11-05T01:34:57.443116,01:34:57,1627.48,1627.48,3
2025-11-05T01:35:09.110033,01:35:09,1587.18,1587.18,3
2025-11-05T01:35:20.759814,01:35:20,1814.4,1814.4,3
2025-11-05T01:35:32.662478,01:35:32,1869.99,1869.99,3
2025-11-05T01:35:44.317902,01:35:44,1929.27,1929.27,3
2025-11-05T01:35:55.956338,01:35:55,2096.87,2096.87,3
2025-11-05T01:36:07.563797,01:36:07,2099.03,2099.03,3
2025-11-05T01:36:19.184305,01:36:19,1992.01,1992.01,3
2025-11-05T01:36:30.805446,01:36:30,1962.4,1962.4,3
2025-11-05T01:36:42.749269,01:36:42,1816.12,1816.12,3
2025-11-05T01:36:54.423816,01:36:54,1812.26,1812.26,3
2025-11-05T01:37:06.011046,01:37:06,1965.79,1965.79,3
2025-11-05T01:37:17.668356,01:37:17,2201.25,2201.25,3
2025-11-05T01:37:29.265773,01:37:29,2291.64,2291.64,3
2025-11-05T01:37:41.235130,01:37:41,2256.22,2256.22,3
2025-11-05T01:37:52.894459,01:37:52,2016.35,2016.35,3
2025-11-05T01:38:04.811719,01:38:04,1869.36,1869.36,3
2025-11-05T01:38:16.756140,01:38:16,1927.69,1927.69,3
2025-11-05T01:38:28.625347,01:38:28,1706.74,1706.74,3
2025-11-05T01:38:40.285005,01:38:40,1689.08,1689.08,3
2025-11-05T01:38:51.961705,01:38:51,1663.73,1663.73,3
2025-11-05T01:39:03.808764,01:39:03,1698.51,1698.51,3
2025-11-05T01:39:15.457870,01:39:15,1672.86,1672.86,3
2025-11-05T01:39:27.070303,01:39:27,1711.99,1711.99,3
2025-11-05T01:39:38.701555,01:39:38,1561.72,1561.72,3
2025-11-05T01:39:50.329305,01:39:50,1617.78,1617.78,3
2025-11-05T01:40:02.461950,01:40:02,1493.16,1493.16,3
2025-11-05T01:40:14.212079,01:40:14,1678.01,1678.01,3
2025-11-05T01:40:25.854004,01:40:25,1645.49,1645.49,3
2025-11-05T01:40:37.450741,01:40:37,1868.45,1868.45,3
2025-11-05T01:40:49.329874,01:40:49,1923.85,1923.85,3
2025-11-05T01:41:00.919450,01:41:00,2027.02,2027.02,3
2025-11-05T01:41:12.609727,01:41:12,2052.72,2052.72,3
2025-11-05T01:41:24.208751,01:41:24,2008.14,2008.14,3
2025-11-05T01:41:35.885092,01:41:35,1946.36,1946.36,3
2025-11-05T01:41:47.496648,01:41:47,1820.97,1820.97,3
2025-11-05T01:41:59.141636,01:41:59,1870.48,1870.48,3
2025-11-05T01:42:10.748127,01:42:10,1793.09,1793.09,3
2025-11-05T01:42:22.339414,01:42:22,1793.16,1793.16,3
2025-11-05T01:42:33.946068,01:42:33,1700.14,1700.14,3
2025-11-05T01:42:45.572681,01:42:45,1623.1,1623.1,3
2025-11-05T01:42:57.236428,01:42:57,1741.93,1741.93,3
2025-11-05T01:43:08.838847,01:43:08,1617.63,1617.63,3
2025-11-05T01:43:20.434283,01:43:20,1647.63,1647.63,3
2025-11-05T01:43:32.035174,01:43:32,1668.11,1668.11,3
2025-11-05T01:43:43.731359,01:43:43,1726.7,1726.7,3
2025-11-05T01:43:55.343809,01:43:55,1718.89,1718.89,3
2025-11-05T01:44:06.968962,01:44:06,1778.42,1778.42,3
2025-11-05T01:44:18.560214,01:44:18,1905.64,1905.64,3
2025-11-05T01:44:30.246315,01:44:30,1965.19,1965.19,3
2025-11-05T01:44:41.857994,01:44:41,1961.9,1961.9,3
2025-11-05T01:44:53.465344,01:44:53,1995.4,1995.4,3
2025-11-05T01:45:05.130003,01:45:05,1855.12,1855.12,3
2025-11-05T01:45:16.742080,01:45:16,1567.56,1567.56,3
2025-11-05T01:45:28.385084,01:45:28,1426.45,1426.45,3
2025-11-05T01:45:40.058727,01:45:40,1520.08,1520.08,3
2025-11-05T01:45:51.668358,01:45:51,1506.25,1506.25,3
2025-11-05T01:46:03.289632,01:46:03,1644.93,1644.93,3
2025-11-05T01:46:14.955444,01:46:14,1367.4,1367.4,3
2025-11-05T01:46:26.579733,01:46:26,1220.97,1220.97,3
2025-11-05T01:46:38.486900,01:46:38,933.24,933.24,3
2025-11-05T01:46:50.090146,01:46:50,911.13,911.13,3
2025-11-05T01:47:01.694673,01:47:01,752.53,752.53,3
2025-11-05T01:47:13.336592,01:47:13,921.26,921.26,3
2025-11-05T01:47:24.935891,01:47:24,1039.69,1039.69,3
2025-11-05T01:47:36.522262,01:47:36,808.0,808.0,3
2025-11-05T01:47:48.146295,01:47:48,720.15,720.15,3
2025-11-05T01:47:59.746431,01:47:59,290.1,290.1,3
2025-11-05T01:48:11.410738,01:48:11,396.2,396.2,3
2025-11-05T01:48:23.012519,01:48:23,423.71,423.71,3
2025-11-05T01:48:34.663368,01:48:34,106.93,106.93,3
2025-11-05T01:48:46.279106,01:48:46,-307.86,-307.86,3
2025-11-05T01:48:57.877311,01:48:57,-241.91,-241.91,3
2025-11-05T01:49:09.527948,01:49:09,341.73,341.73,3
2025-11-05T01:49:21.208107,01:49:21,492.73,492.73,3
2025-11-05T01:49:32.817695,01:49:32,896.59,896.59,3
2025-11-05T01:49:44.471272,01:49:44,963.78,963.78,3
2025-11-05T01:49:56.108470,01:49:56,1175.58,1175.58,3
2025-11-05T01:50:07.761039,01:50:07,1159.11,1159.11,3
2025-11-05T01:50:19.335101,01:50:19,812.71,812.71,3
2025-11-05T01:50:31.310330,01:50:31,1028.89,1028.89,3
2025-11-05T01:50:42.965356,01:50:42,719.65,719.65,3
2025-11-05T01:50:54.593299,01:50:54,297.58,297.58,3
2025-11-05T01:51:06.192411,01:51:06,87.94,87.94,3
2025-11-05T01:51:18.102076,01:51:18,212.57,212.57,3
2025-11-05T01:51:29.757385,01:51:29,659.25,659.25,3
2025-11-05T01:51:41.381231,01:51:41,473.77,473.77,3
2025-11-05T01:51:53.016955,01:51:53,373.72,373.72,3
2025-11-05T01:52:04.621094,01:52:04,645.93,645.93,3
2025-11-05T01:52:16.242871,01:52:16,201.38,201.38,3
2025-11-05T01:52:27.856978,01:52:27,86.08,86.08,3
2025-11-05T01:52:39.523577,01:52:39,50.47,50.47,3
2025-11-05T01:52:51.157899,01:52:51,320.1,320.1,3
2025-11-05T01:53:02.758958,01:53:02,324.22,324.22,3
2025-11-05T01:53:14.387996,01:53:14,469.48,469.48,3
2025-11-05T01:53:26.058536,01:53:26,806.84,806.84,3
2025-11-05T01:53:37.680884,01:53:37,722.31,722.31,3
2025-11-05T01:53:49.363208,01:53:49,447.76,447.76,3
2025-11-05T01:54:00.983745,01:54:00,741.88,741.88,3
2025-11-05T01:54:12.640412,01:54:12,678.26,678.26,3
2025-11-05T01:54:24.760129,01:54:24,666.69,666.69,3
2025-11-05T01:54:36.695103,01:54:36,756.92,756.92,3
2025-11-05T01:54:48.342280,01:54:48,905.92,905.92,3
2025-11-05T01:55:00.275607,01:55:00,874.53,874.53,3
2025-11-05T01:55:11.912463,01:55:11,1088.47,1088.47,3
2025-11-05T01:55:23.511690,01:55:23,1527.17,1527.17,3
2025-11-05T01:55:35.140407,01:55:35,1237.5,1237.5,3
2025-11-05T01:55:47.336293,01:55:47,1395.79,1395.79,3
2025-11-05T01:55:59.223463,01:55:59,1485.07,1485.07,3
2025-11-05T01:56:10.884679,01:56:10,1511.86,1511.86,3
2025-11-05T01:56:22.564469,01:56:22,1286.92,1286.92,3
2025-11-05T01:56:34.188385,01:56:34,1112.3,1112.3,3
2025-11-05T01:56:45.851078,01:56:45,1099.44,1099.44,3
2025-11-05T01:56:57.585038,01:56:57,1007.02,1007.02,3
2025-11-05T01:57:09.493405,01:57:09,1160.95,1160.95,3
2025-11-05T01:57:21.148078,01:57:21,1186.45,1186.45,3
2025-11-05T01:57:33.129711,01:57:33,1264.6,1264.6,3
2025-11-05T01:57:44.811001,01:57:44,1365.4,1365.4,3
2025-11-05T01:57:56.456838,01:57:56,1526.68,1526.68,3
2025-11-05T01:58:08.354619,01:58:08,1814.52,1814.52,3
2025-11-05T01:58:20.028187,01:58:20,1792.33,1792.33,3
2025-11-05T01:58:31.658083,01:58:31,1934.77,1934.77,3
2025-11-05T01:58:43.622784,01:58:43,1940.11,1940.11,3
2025-11-05T01:58:55.274114,01:58:55,1838.61,1838.61,3
2025-11-05T01:59:06.957823,01:59:06,2000.68,2000.68,3
2025-11-05T01:59:18.571360,01:59:18,1896.56,1896.56,3
2025-11-05T01:59:30.195729,01:59:30,1692.45,1692.45,3
2025-11-05T01:59:41.823467,01:59:41,1669.53,1669.53,3
2025-11-05T01:59:53.458059,01:59:53,1777.59,1777.59,3
2025-11-05T02:00:05.071031,02:00:05,1951.43,1951.43,3
2025-11-05T02:00:16.953285,02:00:16,2251.3,2251.3,3
2025-11-05T02:00:28.558641,02:00:28,1961.28,1961.28,3
2025-11-05T02:00:40.200557,02:00:40,1844.04,1844.04,3
2025-11-05T02:00:51.815002,02:00:51,1910.26,1910.26,3
2025-11-05T02:01:03.479156,02:01:03,2099.8,2099.8,3
2025-11-05T02:01:15.379937,02:01:15,1693.44,1693.44,3
2025-11-05T02:01:27.293355,02:01:27,1504.14,1504.14,3
2025-11-05T02:01:39.303667,02:01:39,1414.2,1414.2,3
2025-11-05T02:01:50.946846,02:01:50,1410.13,1410.13,3
2025-11-05T02:02:02.550909,02:02:02,1312.09,1312.09,3
2025-11-05T02:02:14.445550,02:02:14,1471.21,1471.21,3
2025-11-05T02:02:26.045467,02:02:26,1329.41,1329.41,3
2025-11-05T02:02:37.659378,02:02:37,1434.22,1434.22,3
2025-11-05T02:02:49.296148,02:02:49,1382.62,1382.62,3
2025-11-05T02:03:00.946740,02:03:00,1184.31,1184.31,3
2025-11-05T02:03:12.569049,02:03:12,1041.7,1041.7,3
2025-11-05T02:03:24.470802,02:03:24,1271.61,1271.61,3
2025-11-05T02:03:36.145060,02:03:36,1138.46,1138.46,3
2025-11-05T02:03:47.814100,02:03:47,1148.67,1148.67,3
2025-11-05T02:03:59.740006,02:03:59,1068.19,1068.19,3
2025-11-05T02:04:11.402883,02:04:11,891.41,891.41,3
2025-11-05T02:04:23.009360,02:04:23,671.83,671.83,3
2025-11-05T02:04:34.637977,02:04:34,614.83,614.83,3
2025-11-05T02:04:46.247589,02:04:46,726.48,726.48,3
2025-11-05T02:04:58.063949,02:04:58,851.1,851.1,3
2025-11-05T02:05:09.939543,02:05:09,777.87,777.87,3
2025-11-05T02:05:21.515664,02:05:21,949.87,949.87,3
2025-11-05T02:05:33.113885,02:05:33,1026.15,1026.15,3
2025-11-05T02:05:44.681052,02:05:44,1173.01,1173.01,3
2025-11-05T02:05:56.287604,02:05:56,1365.86,1365.86,3
2025-11-05T02:06:07.943053,02:06:07,1353.54,1353.54,3
2025-11-05T02:06:19.548467,02:06:19,1469.19,1469.19,3
2025-11-05T02:06:31.117361,02:06:31,1470.03,1470.03,3
2025-11-05T02:06:42.823601,02:06:42,1354.56,1354.56,3
2025-11-05T02:06:54.410541,02:06:54,1537.83,1537.83,3
2025-11-05T02:07:06.697843,02:07:06,1587.15,1587.15,3
2025-11-05T02:07:18.347378,02:07:18,1435.61,1435.61,3
2025-11-05T02:07:29.997251,02:07:29,1268.84,1268.84,3
2025-11-05T02:07:41.895539,02:07:41,1380.8,1380.8,3
2025-11-05T02:07:53.445320,02:07:53,1266.52,1266.52,3
2025-11-05T02:08:05.275954,02:08:05,1212.01,1212.01,3
2025-11-05T02:08:16.951226,02:08:16,1356.27,1356.27,3
2025-11-05T02:08:28.493574,02:08:28,1527.2,1527.2,3
2025-11-05T02:08:40.059006,02:08:40,1801.91,1801.91,3
2025-11-05T02:08:51.921082,02:08:51,1881.27,1881.27,3
2025-11-05T02:09:03.486275,02:09:03,1852.89,1852.89,3
2025-11-05T02:09:15.379667,02:09:15,1904.55,1904.55,3
2025-11-05T02:09:26.983245,02:09:26,1963.41,1963.41,3
2025-11-05T02:09:38.623130,02:09:38,1980.23,1980.23,3
2025-11-05T02:09:50.235049,02:09:50,1943.41,1943.41,3
2025-11-05T02:10:01.810822,02:10:01,1814.21,1814.21,3
2025-11-05T02:10:13.389059,02:10:13,2008.16,2008.16,3
2025-11-05T02:10:25.218979,02:10:25,2180.53,2180.53,3
2025-11-05T02:10:36.786838,02:10:36,2155.95,2155.95,3
2025-11-05T02:10:48.448744,02:10:48,2197.95,2197.95,3
2025-11-05T02:11:00.027425,02:11:00,2401.02,2401.02,3
2025-11-05T02:11:11.584084,02:11:11,2662.55,2662.55,3
2025-11-05T02:11:23.153700,02:11:23,2842.14,2842.14,3
2025-11-05T02:11:34.737148,02:11:34,2896.46,2896.46,3
2025-11-05T02:11:46.290650,02:11:46,2931.7,2931.7,3
2025-11-05T02:11:57.971538,02:11:57,2928.93,2928.93,3
2025-11-05T02:12:09.538957,02:12:09,2742.87,2742.87,3
2025-11-05T02:12:21.169115,02:12:21,2747.01,2747.01,3
2025-11-05T02:12:32.795176,02:12:32,2866.17,2866.17,3
2025-11-05T02:12:44.420450,02:12:44,2846.35,2846.35,3
2025-11-05T02:12:55.974073,02:12:55,2791.41,2791.41,3
2025-11-05T02:13:07.553713,02:13:07,2878.97,2878.97,3
2025-11-05T02:13:19.143192,02:13:19,2823.87,2823.87,3
2025-11-05T02:13:30.691963,02:13:30,2962.09,2962.09,3
2025-11-05T02:13:42.257071,02:13:42,3103.62,3103.62,3
2025-11-05T02:13:54.133332,02:13:54,3209.79,3209.79,3
2025-11-05T02:14:05.688259,02:14:05,3013.6,3013.6,3
2025-11-05T02:14:17.516566,02:14:17,3025.12,3025.12,3
2025-11-05T02:14:29.102207,02:14:29,3109.62,3109.62,3
2025-11-05T02:14:40.701004,02:14:40,2971.36,2971.36,3
2025-11-05T02:14:52.276220,02:14:52,2890.47,2890.47,3
2025-11-05T02:15:03.878724,02:15:03,2743.63,2743.63,3
2025-11-05T02:15:15.444844,02:15:15,2916.25,2916.25,3
2025-11-05T02:15:27.041755,02:15:27,3035.74,3035.74,3
2025-11-05T02:15:38.931285,02:15:38,3034.77,3034.77,3
2025-11-05T02:15:50.613727,02:15:50,2857.35,2857.35,3
2025-11-05T02:16:02.268463,02:16:02,2730.49,2730.49,3
2025-11-05T02:16:13.867569,02:16:13,2648.18,2648.18,3
2025-11-05T02:16:25.481830,02:16:25,2469.94,2469.94,3
2025-11-05T02:16:37.358786,02:16:37,2606.92,2606.92,3
2025-11-05T02:16:48.985570,02:16:48,2588.44,2588.44,3
2025-11-05T02:17:00.558414,02:17:00,2654.4,2654.4,3
2025-11-05T02:17:12.454387,02:17:12,2648.18,2648.18,3
2025-11-05T02:17:24.078617,02:17:24,2615.69,2615.69,3
2025-11-05T02:17:35.675368,02:17:35,2623.95,2623.95,3
2025-11-05T02:17:47.717812,02:17:47,2552.08,2552.08,3
2025-11-05T02:17:59.415783,02:17:59,2804.57,2804.57,3
2025-11-05T02:18:10.982699,02:18:10,2830.57,2830.57,3
2025-11-05T02:18:22.591600,02:18:22,2972.44,2972.44,3
2025-11-05T02:18:34.154914,02:18:34,2972.55,2972.55,3
2025-11-05T02:18:45.723790,02:18:45,2878.46,2878.46,3
2025-11-05T02:18:57.373212,02:18:57,2883.72,2883.72,3
2025-11-05T02:19:09.236980,02:19:09,2847.67,2847.67,3
2025-11-05T02:19:20.803622,02:19:20,2765.18,2765.18,3
2025-11-05T02:19:32.476729,02:19:32,2669.1,2669.1,3
2025-11-05T02:19:44.103734,02:19:44,2687.24,2687.24,3
2025-11-05T02:19:55.668804,02:19:55,2597.58,2597.58,3
2025-11-05T02:20:07.304787,02:20:07,2453.6,2453.6,3
2025-11-05T02:20:18.902027,02:20:18,2575.13,2575.13,3
2025-11-05T02:20:30.783831,02:20:30,2592.9,2592.9,3
2025-11-05T02:20:42.694471,02:20:42,2366.81,2366.81,3
2025-11-05T02:20:54.264414,02:20:54,2431.18,2431.18,3
2025-11-05T02:21:05.945901,02:21:05,2405.5,2405.5,3
2025-11-05T02:21:17.506292,02:21:17,2364.31,2364.31,3
2025-11-05T02:21:29.086782,02:21:29,2214.72,2214.72,3
2025-11-05T02:21:40.659925,02:21:40,2193.85,2193.85,3
2025-11-05T02:21:52.581788,02:21:52,2174.39,2174.39,3
2025-11-05T02:22:04.224626,02:22:04,2158.83,2158.83,3
2025-11-05T02:22:16.122857,02:22:16,2187.27,2187.27,3
2025-11-05T02:22:27.682010,02:22:27,2197.03,2197.03,3
2025-11-05T02:22:39.240463,02:22:39,2339.86,2339.86,3
2025-11-05T02:22:50.826981,02:22:50,2305.6,2305.6,3
2025-11-05T02:23:02.397284,02:23:02,2357.82,2357.82,3
2025-11-05T02:23:14.328709,02:23:14,2323.29,2323.29,3
2025-11-05T02:23:25.902148,02:23:25,2435.21,2435.21,3
2025-11-05T02:23:37.444901,02:23:37,2474.53,2474.53,3
2025-11-05T02:23:48.988748,02:23:48,2537.33,2537.33,3
2025-11-05T02:24:00.571909,02:24:00,2420.68,2420.68,3
2025-11-05T02:24:12.398899,02:24:12,2439.1,2439.1,3
2025-11-05T02:24:24.030446,02:24:24,2583.75,2583.75,3
2025-11-05T02:24:35.619702,02:24:35,2621.73,2621.73,3
2025-11-05T02:24:47.538763,02:24:47,2446.28,2446.28,3
2025-11-05T02:24:59.116774,02:24:59,2415.04,2415.04,3
2025-11-05T02:25:10.735859,02:25:10,2376.88,2376.88,3
2025-11-05T02:25:22.336001,02:25:22,2334.47,2334.47,3
2025-11-05T02:25:33.930365,02:25:33,2304.73,2304.73,3
2025-11-05T02:25:45.570112,02:25:45,2273.16,2273.16,3
2025-11-05T02:25:57.769426,02:25:57,2246.94,2246.94,3
2025-11-05T02:26:09.336046,02:26:09,2157.45,2157.45,3
2025-11-05T02:26:20.913103,02:26:20,2222.1,2222.1,3
2025-11-05T02:26:32.770896,02:26:32,2312.56,2312.56,3
2025-11-05T02:26:44.379366,02:26:44,2118.75,2118.75,3
2025-11-05T02:26:55.951009,02:26:55,2250.22,2250.22,3
2025-11-05T02:27:07.540448,02:27:07,2294.38,2294.38,3
2025-11-05T02:27:19.451588,02:27:19,2314.18,2314.18,3
2025-11-05T02:27:31.271836,02:27:31,2405.5,2405.5,3
2025-11-05T02:27:42.952535,02:27:42,2436.56,2436.56,3
2025-11-05T02:27:54.605436,02:27:54,2421.04,2421.04,3
2025-11-05T02:28:06.182456,02:28:06,2334.2,2334.2,3
2025-11-05T02:28:18.044656,02:28:18,2395.27,2395.27,3
2025-11-05T02:28:29.678863,02:28:29,2540.76,2540.76,3
2025-11-05T02:28:41.307279,02:28:41,2595.76,2595.76,3
2025-11-05T02:28:52.900632,02:28:52,2602.94,2602.94,3
2025-11-05T02:29:04.465821,02:29:04,2859.34,2859.34,3
2025-11-05T02:29:16.593232,02:29:16,2640.52,2640.52,3
2025-11-05T02:29:28.176913,02:29:28,2483.83,2483.83,3
2025-11-05T02:29:40.054154,02:29:40,2442.48,2442.48,3
2025-11-05T02:29:51.631183,02:29:51,2454.44,2454.44,3
2025-11-05T02:30:03.280480,02:30:03,2623.39,2623.39,3
2025-11-05T02:30:14.848295,02:30:14,2425.69,2425.69,3
2025-11-05T02:30:26.476042,02:30:26,2542.52,2542.52,3
2025-11-05T02:30:38.171619,02:30:38,2474.83,2474.83,3
2025-11-05T02:30:49.785112,02:30:49,2533.96,2533.96,3
2025-11-05T02:31:01.393460,02:31:01,2559.2,2559.2,3
2025-11-05T02:31:12.960739,02:31:12,2418.7,2418.7,3
2025-11-05T02:31:24.582496,02:31:24,2215.34,2215.34,3
2025-11-05T02:31:36.155373,02:31:36,2120.13,2120.13,3
2025-11-05T02:31:47.742923,02:31:47,2074.16,2074.16,3
2025-11-05T02:31:59.322404,02:31:59,1990.65,1990.65,3
2025-11-05T02:32:10.920922,02:32:10,1994.0,1994.0,3
2025-11-05T02:32:22.590941,02:32:22,2049.76,2049.76,3
2025-11-05T02:32:34.159315,02:32:34,1852.4,1852.4,3
2025-11-05T02:32:45.707193,02:32:45,1867.0,1867.0,3
2025-11-05T02:32:57.332136,02:32:57,1924.42,1924.42,3
2025-11-05T02:33:08.918315,02:33:08,2043.98,2043.98,3
2025-11-05T02:33:20.544620,02:33:20,2079.82,2079.82,3
2025-11-05T02:33:32.447203,02:33:32,2199.58,2199.58,3
2025-11-05T02:33:44.016538,02:33:44,2356.0,2356.0,3
2025-11-05T02:33:55.675666,02:33:55,2422.82,2422.82,3
2025-11-05T02:34:07.264951,02:34:07,2365.52,2365.52,3
2025-11-05T02:34:18.873276,02:34:18,2294.0,2294.0,3
2025-11-05T02:34:30.508822,02:34:30,2355.25,2355.25,3
2025-11-05T02:34:42.143649,02:34:42,2697.04,2697.04,3
2025-11-05T02:34:53.814230,02:34:53,2632.37,2632.37,3
2025-11-05T02:35:05.411801,02:35:05,2592.37,2592.37,3
2025-11-05T02:35:17.455448,02:35:17,2336.69,2336.69,3
2025-11-05T02:35:29.044319,02:35:29,2183.16,2183.16,3
2025-11-05T02:35:40.593110,02:35:40,2054.16,2054.16,3
2025-11-05T02:35:52.165680,02:35:52,1987.7,1987.7,3
2025-11-05T02:36:03.763648,02:36:03,1732.02,1732.02,3
2025-11-05T02:36:15.431316,02:36:15,1936.39,1936.39,3
2025-11-05T02:36:27.015432,02:36:27,1883.7,1883.7,3
2025-11-05T02:36:38.596835,02:36:38,1816.11,1816.11,3
2025-11-05T02:36:50.165693,02:36:50,1894.22,1894.22,3
2025-11-05T02:37:01.790856,02:37:01,1813.19,1813.19,3
2025-11-05T02:37:13.429681,02:37:13,1835.73,1835.73,3
2025-11-05T02:37:25.133517,02:37:25,1925.35,1925.35,3
2025-11-05T02:37:36.772715,02:37:36,1854.59,1854.59,3
2025-11-05T02:37:48.345647,02:37:48,1886.41,1886.41,3
2025-11-05T02:37:59.951939,02:37:59,2008.7,2008.7,3
2025-11-05T02:38:11.510131,02:38:11,2132.67,2132.67,3
2025-11-05T02:38:23.090903,02:38:23,2131.41,2131.41,3
2025-11-05T02:38:34.679749,02:38:34,2136.82,2136.82,3
2025-11-05T02:38:46.337933,02:38:46,1938.88,1938.88,3
2025-11-05T02:38:57.937328,02:38:57,1945.35,1945.35,3
2025-11-05T02:39:09.552875,02:39:09,2141.16,2141.16,3
2025-11-05T02:39:21.183298,02:39:21,2160.63,2160.63,3
2025-11-05T02:39:32.766608,02:39:32,2176.68,2176.68,3
2025-11-05T02:39:44.657048,02:39:44,2130.1,2130.1,3
2025-11-05T02:39:56.238679,02:39:56,2092.72,2092.72,3
2025-11-05T02:40:07.812698,02:40:07,2060.56,2060.56,3
2025-11-05T02:40:19.376663,02:40:19,1953.04,1953.04,3
2025-11-05T02:40:30.979938,02:40:30,2114.09,2114.09,3
2025-11-05T02:40:42.536334,02:40:42,2041.15,2041.15,3
2025-11-05T02:40:54.113151,02:40:54,2075.99,2075.99,3
2025-11-05T02:41:05.714639,02:41:05,2180.3,2180.3,3
2025-11-05T02:41:17.289934,02:41:17,2107.07,2107.07,3
2025-11-05T02:41:29.155405,02:41:29,2002.24,2002.24,3
2025-11-05T02:41:40.838287,02:41:40,1961.66,1961.66,3
2025-11-05T02:41:52.417938,02:41:52,1888.0,1888.0,3
2025-11-05T02:42:04.034138,02:42:04,1857.47,1857.47,3
2025-11-05T02:42:15.656468,02:42:15,2045.04,2045.04,3
2025-11-05T02:42:27.236286,02:42:27,2086.16,2086.16,3
2025-11-05T02:42:38.922147,02:42:38,1845.0,1845.0,3
2025-11-05T02:42:50.507329,02:42:50,1954.35,1954.35,3
2025-11-05T02:43:02.091680,02:43:02,1907.0,1907.0,3
2025-11-05T02:43:13.684534,02:43:13,1865.71,1865.71,3
2025-11-05T02:43:25.631886,02:43:25,1950.98,1950.98,3
2025-11-05T02:43:37.197180,02:43:37,2094.56,2094.56,3
2025-11-05T02:43:48.811302,02:43:48,2139.52,2139.52,3
2025-11-05T02:44:00.662499,02:44:00,2169.36,2169.36,3
2025-11-05T02:44:12.242303,02:44:12,1972.08,1972.08,3
2025-11-05T02:44:23.824378,02:44:23,1945.68,1945.68,3
2025-11-05T02:44:35.386841,02:44:35,1764.35,1764.35,3
2025-11-05T02:44:46.968070,02:44:46,1445.36,1445.36,3
2025-11-05T02:44:58.551199,02:44:58,1377.99,1377.99,3
2025-11-05T02:45:10.200650,02:45:10,1255.61,1255.61,3
2025-11-05T02:45:21.764022,02:45:21,1114.28,1114.28,3
2025-11-05T02:45:33.417939,02:45:33,1006.09,1006.09,3
2025-11-05T02:45:44.985998,02:45:44,1090.12,1090.12,3
2025-11-05T02:45:56.627019,02:45:56,899.03,899.03,3
2025-11-05T02:46:08.262539,02:46:08,1005.6,1005.6,3
2025-11-05T02:46:19.825863,02:46:19,1078.58,1078.58,3
2025-11-05T02:46:31.412086,02:46:31,1197.72,1197.72,3
2025-11-05T02:46:43.315272,02:46:43,1134.41,1134.41,3
2025-11-05T02:46:54.871782,02:46:54,1212.96,1212.96,3
2025-11-05T02:47:06.487285,02:47:06,1192.12,1192.12,3
2025-11-05T02:47:18.076115,02:47:18,1339.24,1339.24,3
2025-11-05T02:47:30.000029,02:47:30,1273.73,1273.73,3
2025-11-05T02:47:41.839839,02:47:41,1387.09,1387.09,3
2025-11-05T02:47:53.427184,02:47:53,1238.65,1238.65,3
2025-11-05T02:48:04.994963,02:48:04,1071.85,1071.85,3
2025-11-05T02:48:16.572362,02:48:16,1231.05,1231.05,3
2025-11-05T02:48:28.182332,02:48:28,1418.2,1418.2,3
2025-11-05T02:48:39.834294,02:48:39,1449.25,1449.25,3
2025-11-05T02:48:51.473871,02:48:51,1378.5,1378.5,3
2025-11-05T02:49:03.101622,02:49:03,1344.77,1344.77,3
2025-11-05T02:49:14.677720,02:49:14,1660.42,1660.42,3
2025-11-05T02:49:26.287077,02:49:26,1388.39,1388.39,3
2025-11-05T02:49:38.401767,02:49:38,1375.56,1375.56,3
2025-11-05T02:49:49.990349,02:49:49,1225.1,1225.1,3
2025-11-05T02:50:01.686454,02:50:01,1246.56,1246.56,3
2025-11-05T02:50:13.557330,02:50:13,1235.54,1235.54,3
2025-11-05T02:50:25.141907,02:50:25,1094.28,1094.28,3
2025-11-05T02:50:36.782722,02:50:36,925.69,925.69,3
2025-11-05T02:50:48.586789,02:50:48,810.54,810.54,3
2025-11-05T02:51:00.149332,02:51:00,916.58,916.58,3
2025-11-05T02:51:12.095106,02:51:12,799.58,799.58,3
2025-11-05T02:51:23.798673,02:51:23,838.0,838.0,3
2025-11-05T02:51:35.470291,02:51:35,839.59,839.59,3
2025-11-05T02:51:47.060879,02:51:47,729.13,729.13,3
2025-11-05T02:51:58.649657,02:51:58,707.18,707.18,3
2025-11-05T02:52:10.208918,02:52:10,788.6,788.6,3
2025-11-05T02:52:21.854353,02:52:21,977.15,977.15,3
2025-11-05T02:52:33.439136,02:52:33,1187.98,1187.98,3
2025-11-05T02:52:45.066799,02:52:45,1361.43,1361.43,3
2025-11-05T02:52:56.689587,02:52:56,1284.71,1284.71,3
2025-11-05T02:53:08.267206,02:53:08,1249.25,1249.25,3
2025-11-05T02:53:19.873000,02:53:19,1087.42,1087.42,3
2025-11-05T02:53:31.479236,02:53:31,1063.53,1063.53,3
2025-11-05T02:53:43.093275,02:53:43,929.9,929.9,3
2025-11-05T02:53:54.679880,02:53:54,881.65,881.65,3
2025-11-05T02:54:06.270876,02:54:06,971.83,971.83,3
2025-11-05T02:54:17.851840,02:54:17,859.34,859.34,3
2025-11-05T02:54:29.498081,02:54:29,901.44,901.44,3
2025-11-05T02:54:41.090668,02:54:41,831.59,831.59,3
2025-11-05T02:54:53.112470,02:54:53,830.18,830.18,3
2025-11-05T02:55:04.929885,02:55:04,726.16,726.16,3
2025-11-05T02:55:16.515156,02:55:16,778.61,778.61,3
2025-11-05T02:55:28.458826,02:55:28,830.74,830.74,3
2025-11-05T02:55:40.038512,02:55:40,735.91,735.91,3
2025-11-05T02:55:51.602121,02:55:51,763.19,763.19,3
2025-11-05T02:56:03.181522,02:56:03,752.18,752.18,3
2025-11-05T02:56:14.774303,02:56:14,695.73,695.73,3
2025-11-05T02:56:26.316867,02:56:26,708.69,708.69,3
2025-11-05T02:56:37.903561,02:56:37,753.89,753.89,3
2025-11-05T02:56:49.467469,02:56:49,743.39,743.39,3
2025-11-05T02:57:01.037669,02:57:01,709.7,709.7,3
2025-11-05T02:57:12.619527,02:57:12,503.88,503.88,3
2025-11-05T02:57:24.800486,02:57:24,318.75,318.75,3
2025-11-05T02:57:36.721170,02:57:36,337.68,337.68,3
2025-11-05T02:57:48.726466,02:57:48,181.59,181.59,3
2025-11-05T02:58:00.918748,02:58:00,295.21,295.21,3
2025-11-05T02:58:12.746483,02:58:12,712.24,712.24,3
2025-11-05T02:58:24.784683,02:58:24,888.35,888.35,3
2025-11-05T02:58:36.452472,02:58:36,927.0,927.0,3
2025-11-05T02:58:48.072274,02:58:48,966.43,966.43,3
2025-11-05T02:58:59.645457,02:58:59,666.96,666.96,3
2025-11-05T02:59:11.171953,02:59:11,523.77,523.77,3
2025-11-05T02:59:22.807708,02:59:22,460.83,460.83,3
2025-11-05T02:59:34.453824,02:59:34,565.06,565.06,3
2025-11-05T02:59:46.060098,02:59:46,646.12,646.12,3
2025-11-05T02:59:57.936340,02:59:57,534.09,534.09,3
2025-11-05T03:00:09.531957,03:00:09,609.09,609.09,3
2025-11-05T03:00:21.086153,03:00:21,446.59,446.59,3
2025-11-05T03:00:32.977588,03:00:32,176.78,176.78,3
2025-11-05T03:00:44.585548,03:00:44,33.34,33.34,3
2025-11-05T03:00:56.160148,03:00:56,-54.1,-54.1,3
2025-11-05T03:01:07.816793,03:01:07,-28.85,-28.85,3
2025-11-05T03:01:19.398987,03:01:19,42.25,42.25,3
2025-11-05T03:01:46.554698,03:01:46,95.06,95.06,3
2025-11-05T03:02:00.035944,03:02:00,-934.8,-934.8,3
2025-11-05T03:02:11.813197,03:02:11,-512.41,-512.41,3
2025-11-05T03:02:23.691313,03:02:23,-503.05,-503.05,3
2025-11-05T03:02:35.381672,03:02:35,-400.95,-400.95,3
2025-11-05T03:02:47.297684,03:02:47,-685.63,-685.63,3
2025-11-05T03:02:58.903262,03:02:58,-998.64,-998.64,3
2025-11-05T03:03:10.813397,03:03:10,-995.4,-995.4,3
2025-11-05T03:03:22.468355,03:03:22,-856.23,-856.23,3
2025-11-05T03:03:34.388030,03:03:34,-825.86,-825.86,3
2025-11-05T03:03:46.114961,03:03:46,-822.4,-822.4,3
2025-11-05T03:03:57.767322,03:03:57,-706.11,-706.11,3
2025-11-05T03:04:09.387161,03:04:09,-662.35,-662.35,3
2025-11-05T03:04:21.010880,03:04:21,-1024.98,-1024.98,3
2025-11-05T03:04:32.645000,03:04:32,-1063.63,-1063.63,3
2025-11-05T03:04:44.272618,03:04:44,-1453.39,-1453.39,3
2025-11-05T03:04:56.245721,03:04:56,-1441.35,-1441.35,3
2025-11-05T03:05:07.878048,03:05:07,-1460.08,-1460.08,3
2025-11-05T03:05:24.950700,03:05:24,-1283.83,-1283.83,3
2025-11-05T03:05:36.855540,03:05:36,-1493.49,-1493.49,3
2025-11-05T03:05:48.564889,03:05:48,-1714.94,-1714.94,3
2025-11-05T03:06:00.198713,03:06:00,-1949.87,-1949.87,3
2025-11-05T03:06:12.177717,03:06:12,-1867.0,-1867.0,3
2025-11-05T03:06:23.777932,03:06:23,-1262.9,-1262.9,3
2025-11-05T03:06:35.369073,03:06:35,-1192.33,-1192.33,3
2025-11-05T03:06:47.020081,03:06:47,-967.4,-967.4,3
2025-11-05T03:06:58.619914,03:06:58,-1047.62,-1047.62,3
2025-11-05T03:07:10.276310,03:07:10,-1211.22,-1211.22,3
2025-11-05T03:07:21.848939,03:07:21,-1626.01,-1626.01,3
2025-11-05T03:07:33.555215,03:07:33,-1550.87,-1550.87,3
2025-11-05T03:07:45.139715,03:07:45,-1686.97,-1686.97,3
2025-11-05T03:07:56.743845,03:07:56,-1372.15,-1372.15,3
2025-11-05T03:08:08.324232,03:08:08,-1707.65,-1707.65,3
2025-11-05T03:08:20.317508,03:08:20,-1918.74,-1918.74,3
2025-11-05T03:08:31.962749,03:08:31,-1697.02,-1697.02,3
2025-11-05T03:08:43.572264,03:08:43,-1918.19,-1918.19,3
2025-11-05T03:08:55.238446,03:08:55,-1887.13,-1887.13,3
2025-11-05T03:09:06.824936,03:09:06,-2032.86,-2032.86,3
2025-11-05T03:09:18.424275,03:09:18,-1838.49,-1838.49,3
2025-11-05T03:09:30.042000,03:09:30,-1585.21,-1585.21,3
2025-11-05T03:09:41.624388,03:09:41,-1741.16,-1741.16,3
2025-11-05T03:09:53.298485,03:09:53,-1420.15,-1420.15,3
2025-11-05T03:10:04.943967,03:10:04,-1384.23,-1384.23,3
2025-11-05T03:10:16.559958,03:10:16,-1132.68,-1132.68,3
2025-11-05T03:10:28.152445,03:10:28,-867.39,-867.39,3
2025-11-05T03:10:39.738763,03:10:39,-1010.47,-1010.47,3
2025-11-05T03:10:51.340037,03:10:51,-936.65,-936.65,3
2025-11-05T03:11:02.965281,03:11:02,-957.43,-957.43,3
2025-11-05T03:11:14.554039,03:11:14,-983.01,-983.01,3
2025-11-05T03:11:26.208296,03:11:26,-1222.27,-1222.27,3
2025-11-05T03:11:38.068027,03:11:38,-1322.33,-1322.33,3
2025-11-05T03:11:49.672405,03:11:49,-1431.74,-1431.74,3
2025-11-05T03:12:01.608738,03:12:01,-1449.09,-1449.09,3
2025-11-05T03:12:13.221006,03:12:13,-1742.31,-1742.31,3
2025-11-05T03:12:24.875452,03:12:24,-1635.32,-1635.32,3
2025-11-05T03:12:36.768431,03:12:36,-1921.18,-1921.18,3
2025-11-05T03:12:48.387390,03:12:48,-1810.18,-1810.18,3
2025-11-05T03:13:00.296560,03:13:00,-1855.64,-1855.64,3
2025-11-05T03:13:12.390028,03:13:12,-1833.7,-1833.7,3
2025-11-05T03:13:24.006636,03:13:24,-1712.74,-1712.74,3
2025-11-05T03:13:35.611481,03:13:35,-1569.03,-1569.03,3
2025-11-05T03:13:47.324839,03:13:47,-1423.95,-1423.95,3
2025-11-05T03:13:58.927470,03:13:58,-1505.28,-1505.28,3
2025-11-05T03:14:10.521650,03:14:10,-1261.78,-1261.78,3
2025-11-05T03:14:22.106327,03:14:22,-1364.6,-1364.6,3
2025-11-05T03:14:33.715657,03:14:33,-1308.87,-1308.87,3
2025-11-05T03:14:45.681452,03:14:45,-1257.3,-1257.3,3
2025-11-05T03:14:57.322239,03:14:57,-1295.06,-1295.06,3
2025-11-05T03:15:09.578294,03:15:09,-1304.46,-1304.46,3
2025-11-05T03:15:21.207085,03:15:21,-869.92,-869.92,3
2025-11-05T03:15:33.061865,03:15:33,-587.53,-587.53,3
2025-11-05T03:15:44.654455,03:15:44,-298.68,-298.68,3
2025-11-05T03:15:56.250588,03:15:56,-416.01,-416.01,3
2025-11-05T03:16:07.953450,03:16:07,-135.01,-135.01,3
2025-11-05T03:16:19.607574,03:16:19,-139.49,-139.49,3
2025-11-05T03:16:31.204846,03:16:31,-180.99,-180.99,3
2025-11-05T03:16:42.800296,03:16:42,-265.62,-265.62,3
2025-11-05T03:16:54.379895,03:16:54,-442.96,-442.96,3
2025-11-05T03:17:06.004203,03:17:06,-613.78,-613.78,3
2025-11-05T03:17:17.589285,03:17:17,-755.3,-755.3,3
2025-11-05T03:17:29.250265,03:17:29,-813.42,-813.42,3
2025-11-05T03:17:40.874530,03:17:40,-850.25,-850.25,3
2025-11-05T03:17:52.484353,03:17:52,-893.2,-893.2,3
2025-11-05T03:18:04.170750,03:18:04,-784.57,-784.57,3
2025-11-05T03:18:15.834687,03:18:15,-753.28,-753.28,3
2025-11-05T03:18:27.512470,03:18:27,-561.06,-561.06,3
2025-11-05T03:18:39.129522,03:18:39,-510.63,-510.63,3
2025-11-05T03:18:50.721483,03:18:50,-443.62,-443.62,3
2025-11-05T03:19:02.314125,03:19:02,-499.14,-499.14,3
2025-11-05T03:19:13.982159,03:19:13,-474.04,-474.04,3
2025-11-05T03:19:25.638098,03:19:25,-605.23,-605.23,3
2025-11-05T03:19:37.224068,03:19:37,-758.68,-758.68,3
2025-11-05T03:19:48.870202,03:19:48,-740.75,-740.75,3
2025-11-05T03:20:00.469478,03:20:00,-701.12,-701.12,3
2025-11-05T03:20:12.068527,03:20:12,-471.47,-471.47,3
2025-11-05T03:20:23.713814,03:20:23,-584.37,-584.37,3
2025-11-05T03:20:35.303216,03:20:35,-490.14,-490.14,3
2025-11-05T03:20:46.890096,03:20:46,-491.23,-491.23,3
2025-11-05T03:20:58.482732,03:20:58,-575.14,-575.14,3
2025-11-05T03:21:10.148357,03:21:10,-550.27,-550.27,3
2025-11-05T03:21:21.811822,03:21:21,-717.61,-717.61,3
2025-11-05T03:21:33.412887,03:21:33,-752.13,-752.13,3
2025-11-05T03:21:45.317029,03:21:45,-845.02,-845.02,3
2025-11-05T03:21:56.934606,03:21:56,-1009.82,-1009.82,3
2025-11-05T03:22:08.534770,03:22:08,-1151.43,-1151.43,3
2025-11-05T03:22:20.166655,03:22:20,-1152.75,-1152.75,3
2025-11-05T03:22:32.124176,03:22:32,-897.1,-897.1,3
2025-11-05T03:22:43.733673,03:22:43,-804.08,-804.08,3
2025-11-05T03:22:55.643359,03:22:55,-852.91,-852.91,3
2025-11-05T03:23:07.525299,03:23:07,-1359.41,-1359.41,3
2025-11-05T03:23:19.476668,03:23:19,-1521.12,-1521.12,3
2025-11-05T03:23:31.783894,03:23:31,-1554.83,-1554.83,3
2025-11-05T03:23:43.764843,03:23:43,-1407.67,-1407.67,3
2025-11-05T03:23:55.768101,03:23:55,-1378.34,-1378.34,3
2025-11-05T03:24:07.668530,03:24:07,-989.74,-989.74,3
2025-11-05T03:24:19.663756,03:24:19,-1014.37,-1014.37,3
2025-11-05T03:24:31.284318,03:24:31,-1022.67,-1022.67,3
2025-11-05T03:24:43.489176,03:24:43,-1018.79,-1018.79,3
2025-11-05T03:24:55.467524,03:24:55,-890.14,-890.14,3
2025-11-05T03:25:07.403149,03:25:07,-583.49,-583.49,3
2025-11-05T03:25:19.686788,03:25:19,-380.16,-380.16,3
2025-11-05T03:25:31.848398,03:25:31,-98.8,-98.8,3
2025-11-05T03:25:43.867358,03:25:43,12.52,12.52,3
2025-11-05T03:25:55.507911,03:25:55,247.64,247.64,3
2025-11-05T03:26:07.383946,03:26:07,326.3,326.3,3
2025-11-05T03:26:19.694829,03:26:19,230.64,230.64,3
2025-11-05T03:26:31.711082,03:26:31,457.11,457.11,3
2025-11-05T03:26:43.570244,03:26:43,684.99,684.99,3
2025-11-05T03:26:55.453372,03:26:55,1023.76,1023.76,3
2025-11-05T03:27:07.344433,03:27:07,909.01,909.01,3
2025-11-05T03:27:19.540920,03:27:19,832.06,832.06,3
2025-11-05T03:27:31.110890,03:27:31,576.59,576.59,3
2025-11-05T03:27:43.101313,03:27:43,522.3,522.3,3
2025-11-05T03:27:55.330355,03:27:55,394.67,394.67,3
2025-11-05T03:28:07.525437,03:28:07,328.14,328.14,3
2025-11-05T03:28:19.437132,03:28:19,859.9,859.9,3
2025-11-05T03:28:31.670802,03:28:31,817.33,817.33,3
2025-11-05T03:28:43.681028,03:28:43,825.72,825.72,3
2025-11-05T03:28:55.645634,03:28:55,1107.19,1107.19,3
2025-11-05T03:29:07.591126,03:29:07,1223.86,1223.86,3
2025-11-05T03:29:19.459615,03:29:19,1355.94,1355.94,3
2025-11-05T03:29:31.411643,03:29:31,1274.22,1274.22,3
2025-11-05T03:29:43.642632,03:29:43,1312.15,1312.15,3
2025-11-05T03:29:55.562539,03:29:55,1384.75,1384.75,3
2025-11-05T03:30:07.452871,03:30:07,1227.96,1227.96,3
2025-11-05T03:30:19.359763,03:30:19,944.02,944.02,3
2025-11-05T03:30:31.310244,03:30:31,877.78,877.78,3
2025-11-05T03:30:43.515306,03:30:43,1246.69,1246.69,3
2025-11-05T03:30:55.424465,03:30:55,1350.64,1350.64,3
2025-11-05T03:31:07.650173,03:31:07,1538.48,1538.48,3
2025-11-05T03:31:19.543801,03:31:19,1657.19,1657.19,3
2025-11-05T03:31:31.464473,03:31:31,1709.13,1709.13,3
2025-11-05T03:31:43.432165,03:31:43,1565.74,1565.74,3
2025-11-05T03:31:55.320639,03:31:55,1334.85,1334.85,3
2025-11-05T03:32:07.262340,03:32:07,1347.54,1347.54,3
2025-11-05T03:32:19.152042,03:32:19,1475.31,1475.31,3
2025-11-05T03:32:31.423842,03:32:31,1508.3,1508.3,3
2025-11-05T03:32:43.345270,03:32:43,1548.5,1548.5,3
2025-11-05T03:32:55.547987,03:32:55,1392.86,1392.86,3
2025-11-05T03:33:07.514436,03:33:07,1602.07,1602.07,3
2025-11-05T03:33:19.434028,03:33:19,1819.4,1819.4,3
2025-11-05T03:33:31.615792,03:33:31,1922.43,1922.43,3
2025-11-05T03:33:43.775647,03:33:43,2051.35,2051.35,3
2025-11-05T03:33:55.662860,03:33:55,2198.58,2198.58,3
2025-11-05T03:34:07.616441,03:34:07,1993.12,1993.12,3
2025-11-05T03:34:19.216396,03:34:19,2083.47,2083.47,3
2025-11-05T03:34:31.386289,03:34:31,2184.57,2184.57,3
2025-11-05T03:34:43.613099,03:34:43,2100.36,2100.36,3
2025-11-05T03:34:55.546553,03:34:55,2119.74,2119.74,3
2025-11-05T03:35:07.428556,03:35:07,2079.74,2079.74,3
2025-11-05T03:35:19.443209,03:35:19,1952.4,1952.4,3
2025-11-05T03:35:31.365618,03:35:31,1840.7,1840.7,3
2025-11-05T03:35:43.525343,03:35:43,1752.65,1752.65,3
2025-11-05T03:35:55.197050,03:35:55,1434.58,1434.58,3
2025-11-05T03:36:07.084274,03:36:07,1528.48,1528.48,3
2025-11-05T03:36:19.255802,03:36:19,1814.08,1814.08,3
2025-11-05T03:36:31.117964,03:36:31,1905.19,1905.19,3
2025-11-05T03:36:43.091117,03:36:43,2013.61,2013.61,3
2025-11-05T03:36:55.306172,03:36:55,2121.87,2121.87,3
2025-11-05T03:37:07.531090,03:37:07,2330.24,2330.24,3
2025-11-05T03:37:19.480476,03:37:19,2123.13,2123.13,3
2025-11-05T03:37:31.371899,03:37:31,2265.23,2265.23,3
2025-11-05T03:37:43.545795,03:37:43,2395.23,2395.23,3
2025-11-05T03:37:55.467851,03:37:55,2398.57,2398.57,3
2025-11-05T03:38:07.455045,03:38:07,2549.87,2549.87,3
2025-11-05T03:38:19.407771,03:38:19,2447.97,2447.97,3
2025-11-05T03:38:31.344005,03:38:31,2637.74,2637.74,3
2025-11-05T03:38:43.527904,03:38:43,2751.61,2751.61,3
2025-11-05T03:38:55.431641,03:38:55,2815.06,2815.06,3
2025-11-05T03:39:07.347633,03:39:07,2707.41,2707.41,3
2025-11-05T03:39:19.241548,03:39:19,2834.24,2834.24,3
2025-11-05T03:39:31.498776,03:39:31,2966.72,2966.72,3
2025-11-05T03:39:43.453645,03:39:43,2846.96,2846.96,3
2025-11-05T03:39:55.364087,03:39:55,2762.2,2762.2,3
2025-11-05T03:40:07.288081,03:40:07,2845.35,2845.35,3
2025-11-05T03:40:19.494447,03:40:19,2981.28,2981.28,3
2025-11-05T03:40:31.448896,03:40:31,2914.24,2914.24,3
2025-11-05T03:40:43.635310,03:40:43,2733.85,2733.85,3
2025-11-05T03:40:55.604689,03:40:55,2698.74,2698.74,3
2025-11-05T03:41:07.490983,03:41:07,2709.52,2709.52,3
2025-11-05T03:41:19.404552,03:41:19,2673.04,2673.04,3
2025-11-05T03:41:31.572647,03:41:31,2723.64,2723.64,3
2025-11-05T03:41:43.612382,03:41:43,2521.59,2521.59,3
2025-11-05T03:41:55.589064,03:41:55,2529.31,2529.31,3
2025-11-05T03:42:07.495440,03:42:07,2674.93,2674.93,3
2025-11-05T03:42:19.397922,03:42:19,2667.68,2667.68,3
2025-11-05T03:42:31.393145,03:42:31,2853.56,2853.56,3
2025-11-05T03:42:43.637847,03:42:43,2898.64,2898.64,3
2025-11-05T03:42:55.582669,03:42:55,2796.37,2796.37,3
2025-11-05T03:43:07.547245,03:43:07,2700.21,2700.21,3
2025-11-05T03:43:19.542718,03:43:19,2656.91,2656.91,3
2025-11-05T03:43:31.462613,03:43:31,2632.31,2632.31,3
2025-11-05T03:43:43.372511,03:43:43,2637.71,2637.71,3
2025-11-05T03:43:55.600637,03:43:55,2701.41,2701.41,3
2025-11-05T03:44:07.515291,03:44:07,2693.8,2693.8,3
2025-11-05T03:44:19.675434,03:44:19,2727.72,2727.72,3
2025-11-05T03:44:31.558890,03:44:31,2815.59,2815.59,3
2025-11-05T03:44:43.471031,03:44:43,2910.96,2910.96,3
2025-11-05T03:44:55.402503,03:44:55,2831.65,2831.65,3
2025-11-05T03:45:07.661780,03:45:07,3001.22,3001.22,3
2025-11-05T03:45:19.562379,03:45:19,2829.45,2829.45,3
2025-11-05T03:45:31.510417,03:45:31,2982.54,2982.54,3
2025-11-05T03:45:43.443990,03:45:43,2985.02,2985.02,3
2025-11-05T03:45:55.628956,03:45:55,3063.16,3063.16,3
2025-11-05T03:46:07.522119,03:46:07,3147.59,3147.59,3
2025-11-05T03:46:19.441702,03:46:19,3022.84,3022.84,3
2025-11-05T03:46:31.350922,03:46:31,2886.68,2886.68,3
2025-11-05T03:46:43.222577,03:46:43,3085.14,3085.14,3
2025-11-05T03:46:55.198563,03:46:55,3199.24,3199.24,3
2025-11-05T03:47:07.395735,03:47:07,3342.2,3342.2,3
2025-11-05T03:47:19.631668,03:47:19,3319.92,3319.92,3
2025-11-05T03:47:31.549375,03:47:31,3567.8,3567.8,3
2025-11-05T03:47:43.443148,03:47:43,3670.92,3670.92,3
2025-11-05T03:47:55.635865,03:47:55,3722.01,3722.01,3
2025-11-05T03:48:07.579114,03:48:07,3622.94,3622.94,3
2025-11-05T03:48:19.560212,03:48:19,3631.32,3631.32,3
2025-11-05T03:48:31.504802,03:48:31,3598.16,3598.16,3
2025-11-05T03:48:43.535740,03:48:43,3650.1,3650.1,3
2025-11-05T03:48:55.418982,03:48:55,3805.07,3805.07,3
2025-11-05T03:49:07.339656,03:49:07,3753.78,3753.78,3
2025-11-05T03:49:19.532149,03:49:19,3689.9,3689.9,3
2025-11-05T03:49:31.403667,03:49:31,3655.96,3655.96,3
2025-11-05T03:49:43.572551,03:49:43,3629.33,3629.33,3
2025-11-05T03:49:55.502306,03:49:55,3796.01,3796.01,3
2025-11-05T03:50:07.103756,03:50:07,3507.13,3507.13,3
2025-11-05T03:50:19.377776,03:50:19,3689.73,3689.73,3
2025-11-05T03:50:31.257872,03:50:31,3667.87,3667.87,3
2025-11-05T03:50:43.542563,03:50:43,3672.54,3672.54,3
2025-11-05T03:50:55.474573,03:50:55,3620.81,3620.81,3
2025-11-05T03:51:07.634906,03:51:07,3557.82,3557.82,3
2025-11-05T03:51:19.574742,03:51:19,3526.01,3526.01,3
2025-11-05T03:51:31.467463,03:51:31,3589.63,3589.63,3
2025-11-05T03:51:43.371742,03:51:43,3537.37,3537.37,3
2025-11-05T03:51:55.536880,03:51:55,3747.64,3747.64,3
2025-11-05T03:52:07.463537,03:52:07,3704.17,3704.17,3
2025-11-05T03:52:19.563815,03:52:19,3708.03,3708.03,3
2025-11-05T03:52:31.480822,03:52:31,3691.42,3691.42,3
2025-11-05T03:52:43.410289,03:52:43,3656.28,3656.28,3
2025-11-05T03:52:55.382452,03:52:55,3509.9,3509.9,3
2025-11-05T03:53:07.372807,03:53:07,3299.31,3299.31,3
2025-11-05T03:53:19.626814,03:53:19,3184.8,3184.8,3
2025-11-05T03:53:31.640031,03:53:31,3154.26,3154.26,3
2025-11-05T03:53:43.546098,03:53:43,3139.64,3139.64,3
2025-11-05T03:53:55.456141,03:53:55,3152.44,3152.44,3
2025-11-05T03:54:07.376459,03:54:07,3273.79,3273.79,3
2025-11-05T03:54:18.985064,03:54:18,3283.04,3283.04,3
2025-11-05T03:54:31.225365,03:54:31,3390.78,3390.78,3
2025-11-05T03:54:43.389922,03:54:43,3408.77,3408.77,3
2025-11-05T03:54:55.302288,03:54:55,3459.36,3459.36,3
2025-11-05T03:55:07.520365,03:55:07,3393.95,3393.95,3
2025-11-05T03:55:19.492799,03:55:19,3421.26,3421.26,3
2025-11-05T03:55:31.116918,03:55:31,3293.58,3293.58,3
2025-11-05T03:55:43.365388,03:55:43,3303.56,3303.56,3
2025-11-05T03:55:55.622521,03:55:55,3352.71,3352.71,3
2025-11-05T03:56:07.518249,03:56:07,3205.33,3205.33,3
2025-11-05T03:56:19.440661,03:56:19,3298.39,3298.39,3
2025-11-05T03:56:31.275715,03:56:31,3298.72,3298.72,3
2025-11-05T03:56:42.880494,03:56:42,3302.8,3302.8,3
2025-11-05T03:56:55.123032,03:56:55,3271.99,3271.99,3
2025-11-05T03:57:07.066548,03:57:07,3353.16,3353.16,3
2025-11-05T03:57:19.251416,03:57:19,3504.55,3504.55,3
2025-11-05T03:57:31.471036,03:57:31,3388.97,3388.97,3
2025-11-05T03:57:43.355044,03:57:43,3454.25,3454.25,3
2025-11-05T03:57:55.640703,03:57:55,3569.19,3569.19,3
2025-11-05T03:58:07.591265,03:58:07,3413.43,3413.43,3
2025-11-05T03:58:19.227138,03:58:19,3367.47,3367.47,3
2025-11-05T03:58:31.457305,03:58:31,3412.8,3412.8,3
2025-11-05T03:58:43.611570,03:58:43,3377.63,3377.63,3
2025-11-05T03:58:55.624276,03:58:55,3325.5,3325.5,3
2025-11-05T03:59:07.538000,03:59:07,3411.81,3411.81,3
2025-11-05T03:59:19.439221,03:59:19,3282.79,3282.79,3
2025-11-05T03:59:31.641774,03:59:31,3346.58,3346.58,3
2025-11-05T03:59:43.621137,03:59:43,3385.76,3385.76,3
2025-11-05T03:59:55.248502,03:59:55,3386.28,3386.28,3
2025-11-05T04:00:07.499171,04:00:07,3390.65,3390.65,3
2025-11-05T04:00:19.441381,04:00:19,3547.67,3547.67,3
2025-11-05T04:00:31.382715,04:00:31,3670.41,3670.41,3
2025-11-05T04:00:43.591269,04:00:43,3762.84,3762.84,3
2025-11-05T04:00:55.477467,04:00:55,3769.38,3769.38,3
2025-11-05T04:01:07.402862,04:01:07,3461.13,3461.13,3
2025-11-05T04:01:19.570816,04:01:19,3540.84,3540.84,3
2025-11-05T04:01:31.513837,04:01:31,3607.8,3607.8,3
2025-11-05T04:01:43.408345,04:01:43,3665.78,3665.78,3
2025-11-05T04:01:55.284072,04:01:55,3738.85,3738.85,3
2025-11-05T04:02:07.509513,04:02:07,3695.49,3695.49,3
2025-11-05T04:02:19.383274,04:02:19,3748.19,3748.19,3
2025-11-05T04:02:31.282337,04:02:31,3812.66,3812.66,3
2025-11-05T04:02:43.460131,04:02:43,3828.91,3828.91,3
2025-11-05T04:02:55.353081,04:02:55,3880.07,3880.07,3
2025-11-05T04:03:07.296040,04:03:07,3926.1,3926.1,3
2025-11-05T04:03:19.468241,04:03:19,3941.61,3941.61,3
2025-11-05T04:03:31.364472,04:03:31,3996.13,3996.13,3
2025-11-05T04:03:43.293352,04:03:43,3965.78,3965.78,3
2025-11-05T04:03:55.488666,04:03:55,4010.44,4010.44,3
2025-11-05T04:04:07.400610,04:04:07,4143.49,4143.49,3
2025-11-05T04:04:19.614530,04:04:19,4391.52,4391.52,3
2025-11-05T04:04:31.236438,04:04:31,4433.96,4433.96,3
2025-11-05T04:04:43.453288,04:04:43,4585.54,4585.54,3
2025-11-05T04:04:55.585684,04:04:55,4573.54,4573.54,3
2025-11-05T04:05:07.531122,04:05:07,4589.08,4589.08,3
2025-11-05T04:05:19.179523,04:05:19,4630.35,4630.35,3
2025-11-05T04:05:31.412949,04:05:31,4705.23,4705.23,3
2025-11-05T04:05:43.359028,04:05:43,4867.59,4867.59,3
2025-11-05T04:05:55.643267,04:05:55,4822.95,4822.95,3
2025-11-05T04:06:07.633303,04:06:07,4987.05,4987.05,3
2025-11-05T04:06:19.583586,04:06:19,5056.0,5056.0,3
2025-11-05T04:06:31.474021,04:06:31,5225.5,5225.5,3
2025-11-05T04:06:43.352421,04:06:43,4867.07,4867.07,3
2025-11-05T04:06:55.539616,04:06:55,4693.52,4693.52,3
2025-11-05T04:07:07.435439,04:07:07,4582.35,4582.35,3
2025-11-05T04:07:19.643211,04:07:19,4390.21,4390.21,3
2025-11-05T04:07:31.591622,04:07:31,4383.15,4383.15,3
2025-11-05T04:07:43.490482,04:07:43,4276.3,4276.3,3
2025-11-05T04:07:55.381108,04:07:55,4195.79,4195.79,3
2025-11-05T04:08:07.579804,04:08:07,4304.48,4304.48,3
2025-11-05T04:08:19.470731,04:08:19,4139.18,4139.18,3
2025-11-05T04:08:31.399464,04:08:31,4244.59,4244.59,3
2025-11-05T04:08:43.361426,04:08:43,4460.59,4460.59,3
2025-11-05T04:08:55.235515,04:08:55,4604.86,4604.86,3
2025-11-05T04:09:07.164423,04:09:07,4540.44,4540.44,3
2025-11-05T04:09:19.109307,04:09:19,4628.65,4628.65,3
2025-11-05T04:09:30.734227,04:09:30,4643.27,4643.27,3
2025-11-05T04:09:42.635807,04:09:42,4562.96,4562.96,3
2025-11-05T04:09:54.548698,04:09:54,4572.87,4572.87,3
2025-11-05T04:10:06.462524,04:10:06,4451.8,4451.8,3
2025-11-05T04:10:18.411065,04:10:18,4340.29,4340.29,3
2025-11-05T04:10:30.473053,04:10:30,4356.82,4356.82,3
2025-11-05T04:10:42.384096,04:10:42,4349.9,4349.9,3
2025-11-05T04:10:54.639063,04:10:54,4188.58,4188.58,3
2025-11-05T04:11:06.609864,04:11:06,4045.25,4045.25,3
2025-11-05T04:11:18.635332,04:11:18,4059.54,4059.54,3
2025-11-05T04:11:30.578793,04:11:30,4112.06,4112.06,3
2025-11-05T04:11:42.504504,04:11:42,4234.83,4234.83,3
2025-11-05T04:11:54.377850,04:11:54,4318.25,4318.25,3
2025-11-05T04:12:06.254972,04:12:06,4461.66,4461.66,3
2025-11-05T04:12:18.113195,04:12:18,4401.59,4401.59,3
2025-11-05T04:12:30.014149,04:12:30,4532.34,4532.34,3
2025-11-05T04:12:42.251579,04:12:42,4466.91,4466.91,3
2025-11-05T04:12:54.195552,04:12:54,4325.25,4325.25,3
2025-11-05T04:13:06.434074,04:13:06,4284.22,4284.22,3
2025-11-05T04:13:18.659986,04:13:18,4172.4,4172.4,3
2025-11-05T04:13:30.566927,04:13:30,4044.03,4044.03,3
2025-11-05T04:13:42.513185,04:13:42,3950.73,3950.73,3
2025-11-05T04:13:54.408724,04:13:54,3803.87,3803.87,3
2025-11-05T04:14:06.330656,04:14:06,3640.17,3640.17,3
2025-11-05T04:14:18.533204,04:14:18,3487.59,3487.59,3
2025-11-05T04:14:30.468087,04:14:30,3447.05,3447.05,3
2025-11-05T04:14:42.140812,04:14:42,3593.74,3593.74,3
2025-11-05T04:14:54.088140,04:14:54,3740.91,3740.91,3
2025-11-05T04:15:06.591986,04:15:06,3796.95,3796.95,3
2025-11-05T04:15:18.506912,04:15:18,4136.36,4136.36,3
2025-11-05T04:15:30.416472,04:15:30,4033.26,4033.26,3
2025-11-05T04:15:42.624215,04:15:42,4056.65,4056.65,3
2025-11-05T04:15:54.511614,04:15:54,4100.95,4100.95,3
2025-11-05T04:16:06.505066,04:16:06,4193.31,4193.31,3
2025-11-05T04:16:18.382478,04:16:18,4318.65,4318.65,3
2025-11-05T04:16:30.543625,04:16:30,4206.3,4206.3,3
2025-11-05T04:16:42.444565,04:16:42,4214.05,4214.05,3
2025-11-05T04:16:54.719106,04:16:54,4109.16,4109.16,3
2025-11-05T04:17:06.614560,04:17:06,4094.73,4094.73,3
2025-11-05T04:17:18.486964,04:17:18,3975.15,3975.15,3
2025-11-05T04:17:30.462450,04:17:30,3919.94,3919.94,3
2025-11-05T04:17:42.678296,04:17:42,3914.74,3914.74,3
2025-11-05T04:17:54.627348,04:17:54,4108.03,4108.03,3
2025-11-05T04:18:06.579215,04:18:06,4075.87,4075.87,3
2025-11-05T04:18:18.531425,04:18:18,4067.46,4067.46,3
2025-11-05T04:18:30.420657,04:18:30,3969.68,3969.68,3
2025-11-05T04:18:42.300072,04:18:42,3957.09,3957.09,3
2025-11-05T04:18:54.189943,04:18:54,4214.38,4214.38,3
2025-11-05T04:19:06.381938,04:19:06,4226.23,4226.23,3
2025-11-05T04:19:18.657194,04:19:18,4158.16,4158.16,3
2025-11-05T04:19:30.595573,04:19:30,4074.32,4074.32,3
2025-11-05T04:19:42.208186,04:19:42,3898.54,3898.54,3
2025-11-05T04:19:53.818776,04:19:53,3855.2,3855.2,3
2025-11-05T04:20:05.798604,04:20:05,3768.2,3768.2,3
2025-11-05T04:20:17.738404,04:20:17,3599.04,3599.04,3
2025-11-05T04:20:29.801470,04:20:29,3514.58,3514.58,3
2025-11-05T04:20:41.758557,04:20:41,3416.67,3416.67,3
2025-11-05T04:20:53.654652,04:20:53,3398.3,3398.3,3
2025-11-05T04:21:05.523157,04:21:05,3266.18,3266.18,3
2025-11-05T04:21:17.428166,04:21:17,3260.79,3260.79,3
2025-11-05T04:21:29.646191,04:21:29,3265.95,3265.95,3
2025-11-05T04:21:41.856018,04:21:41,3538.18,3538.18,3
2025-11-05T04:21:53.806924,04:21:53,3499.65,3499.65,3
2025-11-05T04:22:05.716770,04:22:05,3502.5,3502.5,3
2025-11-05T04:22:17.742996,04:22:17,3576.04,3576.04,3
2025-11-05T04:22:29.669728,04:22:29,3585.58,3585.58,3
2025-11-05T04:22:41.587814,04:22:41,3744.28,3744.28,3
2025-11-05T04:22:53.530897,04:22:53,3551.68,3551.68,3
2025-11-05T04:23:05.430247,04:23:05,3496.16,3496.16,3
2025-11-05T04:23:17.376182,04:23:17,3563.8,3563.8,3
2025-11-05T04:23:29.545456,04:23:29,3641.77,3641.77,3
2025-11-05T04:23:41.430397,04:23:41,3726.62,3726.62,3
2025-11-05T04:23:53.592742,04:23:53,3553.43,3553.43,3
2025-11-05T04:24:05.188848,04:24:05,3431.83,3431.83,3
2025-11-05T04:24:17.422534,04:24:17,3503.08,3503.08,3
2025-11-05T04:24:29.331307,04:24:29,3466.96,3466.96,3
2025-11-05T04:24:41.296359,04:24:41,3447.0,3447.0,3
2025-11-05T04:24:53.598602,04:24:53,3482.09,3482.09,3
2025-11-05T04:25:05.999829,04:25:05,3496.12,3496.12,3
2025-11-05T04:25:18.343593,04:25:18,3493.11,3493.11,3
2025-11-05T04:25:30.527078,04:25:30,3700.02,3700.02,3
2025-11-05T04:25:42.515770,04:25:42,3700.62,3700.62,3
2025-11-05T04:25:54.486814,04:25:54,3716.07,3716.07,3
2025-11-05T04:26:06.362819,04:26:06,3720.32,3720.32,3
2025-11-05T04:26:18.679438,04:26:18,3724.18,3724.18,3
2025-11-05T04:26:30.618405,04:26:30,3761.22,3761.22,3
2025-11-05T04:26:42.549222,04:26:42,3672.58,3672.58,3
2025-11-05T04:26:54.502946,04:26:54,3568.67,3568.67,3
2025-11-05T04:27:06.391931,04:27:06,3552.95,3552.95,3
2025-11-05T04:27:18.576064,04:27:18,3599.28,3599.28,3
2025-11-05T04:27:30.553088,04:27:30,3568.05,3568.05,3
2025-11-05T04:27:42.469213,04:27:42,3563.8,3563.8,3
2025-11-05T04:27:54.355034,04:27:54,3538.2,3538.2,3
2025-11-05T04:28:06.544937,04:28:06,3520.54,3520.54,3
2025-11-05T04:28:18.438673,04:28:18,3414.86,3414.86,3
2025-11-05T04:28:30.325762,04:28:30,3518.71,3518.71,3
2025-11-05T04:28:42.504225,04:28:42,3554.91,3554.91,3
2025-11-05T04:28:54.733584,04:28:54,3575.28,3575.28,3
2025-11-05T04:29:06.633003,04:29:06,3620.03,3620.03,3
2025-11-05T04:29:18.525336,04:29:18,3604.69,3604.69,3
2025-11-05T04:29:30.431335,04:29:30,3764.11,3764.11,3
2025-11-05T04:29:42.436385,04:29:42,3781.71,3781.71,3
2025-11-05T04:29:54.396246,04:29:54,3883.56,3883.56,3
2025-11-05T04:30:06.328600,04:30:06,3843.03,3843.03,3
2025-11-05T04:30:18.217019,04:30:18,3867.76,3867.76,3
2025-11-05T04:30:30.380069,04:30:30,3771.57,3771.57,3
2025-11-05T04:30:42.594596,04:30:42,3771.95,3771.95,3
2025-11-05T04:30:54.642100,04:30:54,3746.23,3746.23,3
2025-11-05T04:31:06.573602,04:31:06,3510.98,3510.98,3
2025-11-05T04:31:18.445156,04:31:18,3703.07,3703.07,3
2025-11-05T04:31:30.337547,04:31:30,3890.79,3890.79,3
2025-11-05T04:31:42.487886,04:31:42,3893.97,3893.97,3
2025-11-05T04:31:54.353446,04:31:54,3960.71,3960.71,3
2025-11-05T04:32:06.575422,04:32:06,4027.27,4027.27,3
2025-11-05T04:32:18.471602,04:32:18,3769.95,3769.95,3
2025-11-05T04:32:30.385854,04:32:30,3879.67,3879.67,3
2025-11-05T04:32:42.634093,04:32:42,3909.01,3909.01,3
2025-11-05T04:32:54.261315,04:32:54,3839.61,3839.61,3
2025-11-05T04:33:06.454384,04:33:06,3805.86,3805.86,3
2025-11-05T04:33:18.439507,04:33:18,3815.59,3815.59,3
2025-11-05T04:33:30.373761,04:33:30,3815.27,3815.27,3
2025-11-05T04:33:42.232851,04:33:42,3831.74,3831.74,3
2025-11-05T04:33:54.439343,04:33:54,3965.27,3965.27,3
2025-11-05T04:34:06.372786,04:34:06,4191.67,4191.67,3
2025-11-05T04:34:18.338382,04:34:18,4191.65,4191.65,3
2025-11-05T04:34:30.527735,04:34:30,4146.86,4146.86,3
2025-11-05T04:34:42.521024,04:34:42,4106.34,4106.34,3
2025-11-05T04:34:54.522763,04:34:54,4153.29,4153.29,3
2025-11-05T04:35:06.402584,04:35:06,4334.73,4334.73,3
2025-11-05T04:35:18.332074,04:35:18,4371.53,4371.53,3
2025-11-05T04:35:30.591554,04:35:30,4527.6,4527.6,3
2025-11-05T04:35:42.557279,04:35:42,4500.4,4500.4,3
2025-11-05T04:35:54.484097,04:35:54,4427.16,4427.16,3
2025-11-05T04:36:06.397668,04:36:06,4295.55,4295.55,3
2025-11-05T04:36:18.593295,04:36:18,4125.98,4125.98,3
2025-11-05T04:36:30.472070,04:36:30,3936.2,3936.2,3
2025-11-05T04:36:42.687451,04:36:42,3823.19,3823.19,3
2025-11-05T04:36:54.652596,04:36:54,3767.89,3767.89,3
2025-11-05T04:37:06.583873,04:37:06,3720.24,3720.24,3
2025-11-05T04:37:18.536138,04:37:18,3622.32,3622.32,3
2025-11-05T04:37:30.384649,04:37:30,3561.59,3561.59,3
2025-11-05T04:37:42.558988,04:37:42,3622.12,3622.12,3
2025-11-05T04:37:54.454196,04:37:54,3684.52,3684.52,3
2025-11-05T04:38:06.614462,04:38:06,3642.19,3642.19,3
2025-11-05T04:38:18.537541,04:38:18,3681.56,3681.56,3
2025-11-05T04:38:30.546737,04:38:30,3731.59,3731.59,3
2025-11-05T04:38:42.459553,04:38:42,3706.41,3706.41,3
2025-11-05T04:38:54.326185,04:38:54,3674.68,3674.68,3
2025-11-05T04:39:06.237103,04:39:06,3583.51,3583.51,3
2025-11-05T04:39:18.501983,04:39:18,3482.07,3482.07,3
2025-11-05T04:39:30.454919,04:39:30,3462.83,3462.83,3
2025-11-05T04:39:42.451936,04:39:42,3479.58,3479.58,3
2025-11-05T04:39:54.040747,04:39:54,3559.54,3559.54,3
2025-11-05T04:40:06.241202,04:40:06,3449.69,3449.69,3
2025-11-05T04:40:18.447875,04:40:18,3553.9,3553.9,3
2025-11-05T04:40:30.447098,04:40:30,3502.43,3502.43,3
2025-11-05T04:40:42.349675,04:40:42,3463.9,3463.9,3
2025-11-05T04:40:54.288181,04:40:54,3485.11,3485.11,3
2025-11-05T04:41:06.463759,04:41:06,3458.83,3458.83,3
2025-11-05T04:41:18.375286,04:41:18,3549.67,3549.67,3
2025-11-05T04:41:30.277690,04:41:30,3588.14,3588.14,3
2025-11-05T04:41:42.446884,04:41:42,3670.38,3670.38,3
2025-11-05T04:41:54.304484,04:41:54,3476.85,3476.85,3
2025-11-05T04:42:06.255135,04:42:06,3329.73,3329.73,3
2025-11-05T04:42:18.174380,04:42:18,3097.07,3097.07,3
2025-11-05T04:42:30.412463,04:42:30,3253.11,3253.11,3
2025-11-05T04:42:42.608484,04:42:42,3304.57,3304.57,3
2025-11-05T04:42:54.528981,04:42:54,3261.24,3261.24,3
2025-11-05T04:43:06.437893,04:43:06,3288.91,3288.91,3
2025-11-05T04:43:18.606706,04:43:18,3365.79,3365.79,3
2025-11-05T04:43:30.502888,04:43:30,3489.24,3489.24,3
2025-11-05T04:43:42.111540,04:43:42,3503.47,3503.47,3
2025-11-05T04:43:54.322951,04:43:54,3535.67,3535.67,3
2025-11-05T04:44:06.513201,04:44:06,3540.62,3540.62,3
2025-11-05T04:44:18.494149,04:44:18,3779.16,3779.16,3
2025-11-05T04:44:30.370259,04:44:30,3693.04,3693.04,3
2025-11-05T04:44:42.652046,04:44:42,3827.3,3827.3,3
2025-11-05T04:44:54.534002,04:44:54,3920.36,3920.36,3
2025-11-05T04:45:06.551561,04:45:06,4140.62,4140.62,3
2025-11-05T04:45:18.490708,04:45:18,4133.6,4133.6,3
2025-11-05T04:45:30.400774,04:45:30,3933.09,3933.09,3
2025-11-05T04:45:42.396883,04:45:42,3871.57,3871.57,3
2025-11-05T04:45:54.617836,04:45:54,3834.36,3834.36,3
2025-11-05T04:46:06.582875,04:46:06,3718.05,3718.05,3
2025-11-05T04:46:18.486135,04:46:18,3746.09,3746.09,3
2025-11-05T04:46:30.413544,04:46:30,3729.85,3729.85,3
2025-11-05T04:46:42.333835,04:46:42,3654.3,3654.3,3
2025-11-05T04:46:54.228193,04:46:54,3750.47,3750.47,3
2025-11-05T04:47:06.108319,04:47:06,3735.68,3735.68,3
2025-11-05T04:47:18.284619,04:47:18,3611.3,3611.3,3
2025-11-05T04:47:30.259113,04:47:30,3618.48,3618.48,3
2025-11-05T04:47:42.446056,04:47:42,3583.07,3583.07,3
2025-11-05T04:47:54.405189,04:47:54,3661.74,3661.74,3
2025-11-05T04:48:06.611661,04:48:06,3656.79,3656.79,3
2025-11-05T04:48:18.227441,04:48:18,3550.34,3550.34,3
2025-11-05T04:48:30.412046,04:48:30,3645.01,3645.01,3
2025-11-05T04:48:42.590094,04:48:42,3740.89,3740.89,3
2025-11-05T04:48:54.504060,04:48:54,3779.31,3779.31,3
2025-11-05T04:49:06.104680,04:49:06,3770.68,3770.68,3
2025-11-05T04:49:18.320061,04:49:18,3711.67,3711.67,3
2025-11-05T04:49:30.232440,04:49:30,3688.64,3688.64,3
2025-11-05T04:49:42.441671,04:49:42,3753.98,3753.98,3
2025-11-05T04:49:54.434761,04:49:54,3735.54,3735.54,3
2025-11-05T04:50:06.359589,04:50:06,3717.66,3717.66,3
2025-11-05T04:50:18.529131,04:50:18,3614.87,3614.87,3
2025-11-05T04:50:30.421355,04:50:30,3780.8,3780.8,3
2025-11-05T04:50:42.369179,04:50:42,3674.06,3674.06,3
2025-11-05T04:50:54.284603,04:50:54,3558.67,3558.67,3
2025-11-05T04:51:06.448868,04:51:06,3557.84,3557.84,3
2025-11-05T04:51:18.415355,04:51:18,3595.21,3595.21,3
2025-11-05T04:51:30.289492,04:51:30,3580.01,3580.01,3
2025-11-05T04:51:42.458410,04:51:42,3606.5,3606.5,3
2025-11-05T04:51:54.458140,04:51:54,3689.03,3689.03,3
2025-11-05T04:52:06.355678,04:52:06,3759.04,3759.04,3
2025-11-05T04:52:18.225832,04:52:18,3744.39,3744.39,3
2025-11-05T04:52:30.425465,04:52:30,3773.44,3773.44,3
2025-11-05T04:52:42.643746,04:52:42,3744.59,3744.59,3
2025-11-05T04:52:54.552690,04:52:54,3746.01,3746.01,3
2025-11-05T04:53:06.500162,04:53:06,3893.35,3893.35,3
2025-11-05T04:53:18.534385,04:53:18,3760.13,3760.13,3
2025-11-05T04:53:30.448599,04:53:30,3736.61,3736.61,3
2025-11-05T04:53:42.464978,04:53:42,3738.01,3738.01,3
2025-11-05T04:53:54.414440,04:53:54,3766.69,3766.69,3
2025-11-05T04:54:06.590107,04:54:06,3877.24,3877.24,3
2025-11-05T04:54:18.790506,04:54:18,3844.05,3844.05,3
2025-11-05T04:54:30.429207,04:54:30,3812.96,3812.96,3
2025-11-05T04:54:42.642145,04:54:42,3814.24,3814.24,3
2025-11-05T04:54:54.541371,04:54:54,3753.48,3753.48,3
2025-11-05T04:55:06.464476,04:55:06,3688.94,3688.94,3
2025-11-05T04:55:18.418514,04:55:18,3650.44,3650.44,3
2025-11-05T04:55:30.374833,04:55:30,3545.5,3545.5,3
2025-11-05T04:55:42.280781,04:55:42,3614.4,3614.4,3
2025-11-05T04:55:54.600394,04:55:54,3687.64,3687.64,3
2025-11-05T04:56:06.533325,04:56:06,3626.1,3626.1,3
2025-11-05T04:56:18.466096,04:56:18,3698.23,3698.23,3
2025-11-05T04:56:30.653829,04:56:30,3705.59,3705.59,3
2025-11-05T04:56:42.550636,04:56:42,3709.91,3709.91,3
2025-11-05T04:56:54.447832,04:56:54,3723.83,3723.83,3
2025-11-05T04:57:06.459285,04:57:06,3830.46,3830.46,3
2025-11-05T04:57:18.641242,04:57:18,3804.84,3804.84,3
2025-11-05T04:57:30.295761,04:57:30,3765.3,3765.3,3
2025-11-05T04:57:42.222677,04:57:42,3828.98,3828.98,3
2025-11-05T04:57:54.488678,04:57:54,3895.19,3895.19,3
2025-11-05T04:58:06.483940,04:58:06,3873.9,3873.9,3
2025-11-05T04:58:18.656124,04:58:18,3843.82,3843.82,3
2025-11-05T04:58:30.559927,04:58:30,3893.42,3893.42,3
2025-11-05T04:58:42.579622,04:58:42,3907.53,3907.53,3
2025-11-05T04:58:54.497218,04:58:54,3917.04,3917.04,3
2025-11-05T04:59:06.512249,04:59:06,3933.33,3933.33,3
2025-11-05T04:59:18.599612,04:59:18,3880.21,3880.21,3
2025-11-05T04:59:30.227983,04:59:30,4028.81,4028.81,3
2025-11-05T04:59:42.415868,04:59:42,4152.8,4152.8,3
2025-11-05T04:59:54.602862,04:59:54,4075.84,4075.84,3
2025-11-05T05:00:06.594620,05:00:06,4008.0,4008.0,3
2025-11-05T05:00:18.508593,05:00:18,3937.03,3937.03,3
2025-11-05T05:00:30.674170,05:00:30,3966.45,3966.45,3
2025-11-05T05:00:42.599127,05:00:42,3873.53,3873.53,3
2025-11-05T05:00:54.518583,05:00:54,3799.14,3799.14,3
2025-11-05T05:01:06.411864,05:01:06,3687.53,3687.53,3
2025-11-05T05:01:18.032938,05:01:18,3794.03,3794.03,3
2025-11-05T05:01:30.242055,05:01:30,3915.78,3915.78,3
2025-11-05T05:01:42.535572,05:01:42,3955.67,3955.67,3
2025-11-05T05:01:54.148059,05:01:54,3870.75,3870.75,3
2025-11-05T05:02:06.453420,05:02:06,3903.77,3903.77,3
2025-11-05T05:02:18.651005,05:02:18,3944.58,3944.58,3
2025-11-05T05:02:30.543538,05:02:30,3901.44,3901.44,3
2025-11-05T05:02:42.523516,05:02:42,3895.39,3895.39,3
2025-11-05T05:02:54.428940,05:02:54,3906.4,3906.4,3
2025-11-05T05:03:06.386294,05:03:06,3819.83,3819.83,3
2025-11-05T05:03:18.397790,05:03:18,3877.19,3877.19,3
2025-11-05T05:03:30.564986,05:03:30,3826.28,3826.28,3
2025-11-05T05:03:42.570862,05:03:42,3819.93,3819.93,3
2025-11-05T05:03:54.474920,05:03:54,3732.35,3732.35,3
2025-11-05T05:04:06.459770,05:04:06,3717.99,3717.99,3
2025-11-05T05:04:18.125655,05:04:18,3800.57,3800.57,3
2025-11-05T05:04:30.368481,05:04:30,3771.01,3771.01,3
2025-11-05T05:04:42.249358,05:04:42,3740.71,3740.71,3
2025-11-05T05:04:53.887333,05:04:53,3804.55,3804.55,3
2025-11-05T05:05:05.782873,05:05:05,3864.5,3864.5,3
2025-11-05T05:05:17.644084,05:05:17,3976.51,3976.51,3
2025-11-05T05:05:29.518264,05:05:29,3909.84,3909.84,3
2025-11-05T05:05:41.410630,05:05:41,3990.63,3990.63,3
2025-11-05T05:05:53.323440,05:05:53,4039.65,4039.65,3
2025-11-05T05:06:05.269771,05:06:05,3982.12,3982.12,3
2025-11-05T05:06:17.489354,05:06:17,3920.98,3920.98,3
2025-11-05T05:06:29.383054,05:06:29,4011.01,4011.01,3
2025-11-05T05:06:41.028712,05:06:41,4012.05,4012.05,3
2025-11-05T05:06:53.195394,05:06:53,3999.21,3999.21,3
2025-11-05T05:07:05.374401,05:07:05,3906.24,3906.24,3
2025-11-05T05:07:17.658692,05:07:17,3966.51,3966.51,3
2025-11-05T05:07:29.549007,05:07:29,3965.07,3965.07,3
2025-11-05T05:07:41.465947,05:07:41,3978.91,3978.91,3
2025-11-05T05:07:53.402443,05:07:53,4160.01,4160.01,3
2025-11-05T05:08:05.310810,05:08:05,4214.26,4214.26,3
2025-11-05T05:08:17.221562,05:08:17,4036.11,4036.11,3
2025-11-05T05:08:29.414297,05:08:29,3983.46,3983.46,3
2025-11-05T05:08:41.299809,05:08:41,3955.64,3955.64,3
2025-11-05T05:08:53.478186,05:08:53,3931.84,3931.84,3
2025-11-05T05:09:05.465794,05:09:05,3936.17,3936.17,3
2025-11-05T05:09:17.417085,05:09:17,3879.98,3879.98,3
2025-11-05T05:09:29.623357,05:09:29,3947.08,3947.08,3
2025-11-05T05:09:41.649658,05:09:41,3892.66,3892.66,3
2025-11-05T05:09:53.648228,05:09:53,3884.45,3884.45,3
2025-11-05T05:10:06.169650,05:10:06,3867.13,3867.13,3
2025-11-05T05:10:18.393357,05:10:18,3920.18,3920.18,3
2025-11-05T05:10:30.286962,05:10:30,3927.71,3927.71,3
2025-11-05T05:10:42.155288,05:10:42,3912.98,3912.98,3
2025-11-05T05:10:54.381786,05:10:54,3932.12,3932.12,3
2025-11-05T05:11:06.383619,05:11:06,3882.81,3882.81,3
2025-11-05T05:11:18.583177,05:11:18,3992.91,3992.91,3
2025-11-05T05:11:30.478297,05:11:30,4018.95,4018.95,3
2025-11-05T05:11:42.442939,05:11:42,3919.66,3919.66,3
2025-11-05T05:11:54.643399,05:11:54,4030.06,4030.06,3
2025-11-05T05:12:06.592078,05:12:06,4076.73,4076.73,3
2025-11-05T05:12:18.498471,05:12:18,4169.72,4169.72,3
2025-11-05T05:12:30.402332,05:12:30,4252.56,4252.56,3
2025-11-05T05:12:42.592146,05:12:42,4323.34,4323.34,3
2025-11-05T05:12:54.612746,05:12:54,4340.32,4340.32,3
2025-11-05T05:13:06.596201,05:13:06,4275.26,4275.26,3
2025-11-05T05:13:18.542199,05:13:18,4315.94,4315.94,3
2025-11-05T05:13:30.440146,05:13:30,4293.71,4293.71,3
2025-11-05T05:13:42.395002,05:13:42,4262.71,4262.71,3
2025-11-05T05:13:54.616264,05:13:54,4257.69,4257.69,3
2025-11-05T05:14:06.534288,05:14:06,4274.6,4274.6,3
2025-11-05T05:14:18.564592,05:14:18,4364.31,4364.31,3
2025-11-05T05:14:30.464667,05:14:30,4412.01,4412.01,3
2025-11-05T05:14:42.487899,05:14:42,4407.27,4407.27,3
2025-11-05T05:14:54.391469,05:14:54,4411.29,4411.29,3
2025-11-05T05:15:06.671920,05:15:06,4381.94,4381.94,3
2025-11-05T05:15:18.299480,05:15:18,4272.02,4272.02,3
2025-11-05T05:15:30.528851,05:15:30,4406.65,4406.65,3
2025-11-05T05:15:42.675713,05:15:42,4335.04,4335.04,3
2025-11-05T05:15:54.265370,05:15:54,4416.77,4416.77,3
2025-11-05T05:16:06.224591,05:16:06,4368.79,4368.79,3
2025-11-05T05:16:18.658428,05:16:18,4436.28,4436.28,3
2025-11-05T05:16:30.239861,05:16:30,4498.92,4498.92,3
2025-11-05T05:16:42.122011,05:16:42,4634.56,4634.56,3
2025-11-05T05:16:54.360954,05:16:54,4653.05,4653.05,3
2025-11-05T05:17:06.234033,05:17:06,4725.49,4725.49,3
2025-11-05T05:17:18.172569,05:17:18,4692.56,4692.56,3
2025-11-05T05:17:30.086308,05:17:30,4637.96,4637.96,3
2025-11-05T05:17:42.230439,05:17:42,4816.71,4816.71,3
2025-11-05T05:17:54.301095,05:17:54,4871.31,4871.31,3
2025-11-05T05:18:06.193048,05:18:06,4770.08,4770.08,3
2025-11-05T05:18:17.804284,05:18:17,4718.98,4718.98,3
2025-11-05T05:18:29.724750,05:18:29,4728.27,4728.27,3
2025-11-05T05:18:41.777168,05:18:41,4693.37,4693.37,3
2025-11-05T05:18:53.438035,05:18:53,4645.2,4645.2,3
2025-11-05T05:19:05.410986,05:19:05,4591.2,4591.2,3
2025-11-05T05:19:17.319489,05:19:17,4727.2,4727.2,3
2025-11-05T05:19:29.008599,05:19:29,4680.49,4680.49,3
2025-11-05T05:19:40.967166,05:19:40,4686.84,4686.84,3
2025-11-05T05:19:53.151982,05:19:53,4716.19,4716.19,3
2025-11-05T05:20:04.796719,05:20:04,4745.06,4745.06,3
2025-11-05T05:20:16.781592,05:20:16,4712.41,4712.41,3
2025-11-05T05:20:28.654669,05:20:28,4822.12,4822.12,3
2025-11-05T05:20:40.560600,05:20:40,4745.52,4745.52,3
2025-11-05T05:20:52.458935,05:20:52,4808.14,4808.14,3
2025-11-05T05:21:04.396703,05:21:04,4868.45,4868.45,3
2025-11-05T05:21:16.659498,05:21:16,4842.91,4842.91,3
2025-11-05T05:21:28.266698,05:21:28,4826.68,4826.68,3
2025-11-05T05:21:40.164538,05:21:40,4835.85,4835.85,3
2025-11-05T05:21:52.553171,05:21:52,4903.03,4903.03,3
2025-11-05T05:22:04.447663,05:22:04,4916.21,4916.21,3
2025-11-05T05:22:16.340259,05:22:16,4906.69,4906.69,3
2025-11-05T05:22:28.287642,05:22:28,4934.92,4934.92,3
2025-11-05T05:22:40.490246,05:22:40,4949.4,4949.4,3
2025-11-05T05:22:52.435108,05:22:52,4960.49,4960.49,3
2025-11-05T05:23:04.556416,05:23:04,4935.25,4935.25,3
2025-11-05T05:23:16.211885,05:23:16,4948.71,4948.71,3
2025-11-05T05:23:27.821887,05:23:27,4948.4,4948.4,3
2025-11-05T05:23:39.809705,05:23:39,4886.85,4886.85,3
2025-11-05T05:23:51.696352,05:23:51,5133.76,5133.76,3
2025-11-05T05:24:03.740376,05:24:03,4977.73,4977.73,3
2025-11-05T05:24:15.342251,05:24:15,4960.13,4960.13,3
2025-11-05T05:24:27.240037,05:24:27,5035.22,5035.22,3
2025-11-05T05:24:39.415568,05:24:39,4950.13,4950.13,3
2025-11-05T05:24:51.005505,05:24:51,4900.67,4900.67,3
2025-11-05T05:25:02.584724,05:25:02,4929.59,4929.59,3
2025-11-05T05:25:14.464685,05:25:14,5076.52,5076.52,3
2025-11-05T05:25:26.391931,05:25:26,4955.39,4955.39,3
2025-11-05T05:25:38.004586,05:25:38,4921.71,4921.71,3
2025-11-05T05:25:50.016170,05:25:50,4922.71,4922.71,3
2025-11-05T05:26:01.939178,05:26:01,5006.85,5006.85,3
2025-11-05T05:26:13.543077,05:26:13,5076.24,5076.24,3
2025-11-05T05:26:25.504968,05:26:25,5104.52,5104.52,3
2025-11-05T05:26:37.150535,05:26:37,5053.2,5053.2,3
2025-11-05T05:26:49.082945,05:26:49,5041.72,5041.72,3
2025-11-05T05:27:01.285899,05:27:01,5018.79,5018.79,3
2025-11-05T05:27:13.351824,05:27:13,4904.95,4904.95,3
2025-11-05T05:27:25.253797,05:27:25,4829.11,4829.11,3
2025-11-05T05:27:36.852701,05:27:36,4920.97,4920.97,3
2025-11-05T05:27:48.455899,05:27:48,4900.8,4900.8,3
2025-11-05T05:28:00.345417,05:28:00,4950.99,4950.99,3
2025-11-05T05:28:12.011931,05:28:12,4913.45,4913.45,3
2025-11-05T05:28:24.202418,05:28:24,4841.62,4841.62,3
2025-11-05T05:28:35.816838,05:28:35,4938.12,4938.12,3
2025-11-05T05:28:47.501809,05:28:47,4859.56,4859.56,3
2025-11-05T05:28:59.390606,05:28:59,4805.04,4805.04,3
2025-11-05T05:29:11.023881,05:29:11,4754.45,4754.45,3
2025-11-05T05:29:22.641431,05:29:22,4727.35,4727.35,3
2025-11-05T05:29:34.335223,05:29:34,4661.96,4661.96,3
2025-11-05T05:29:46.288480,05:29:46,4698.04,4698.04,3
2025-11-05T05:29:58.163707,05:29:58,4609.93,4609.93,3
2025-11-05T05:30:10.106383,05:30:10,4519.65,4519.65,3
2025-11-05T05:30:22.303287,05:30:22,4539.37,4539.37,3
2025-11-05T05:30:34.211610,05:30:34,4475.81,4475.81,3
2025-11-05T05:30:46.428545,05:30:46,4679.15,4679.15,3
2025-11-05T05:30:58.374427,05:30:58,4912.55,4912.55,3
2025-11-05T05:31:10.316731,05:31:10,5059.52,5059.52,3
2025-11-05T05:31:22.501045,05:31:22,5059.75,5059.75,3
2025-11-05T05:31:34.460971,05:31:34,5141.03,5141.03,3
2025-11-05T05:31:46.653016,05:31:46,5167.42,5167.42,3
2025-11-05T05:31:58.628676,05:31:58,5169.49,5169.49,3
2025-11-05T05:32:10.538272,05:32:10,5148.41,5148.41,3
2025-11-05T05:32:22.426287,05:32:22,5172.68,5172.68,3
2025-11-05T05:32:34.419188,05:32:34,5150.95,5150.95,3
2025-11-05T05:32:46.622929,05:32:46,5020.08,5020.08,3
2025-11-05T05:32:58.651743,05:32:58,4909.72,4909.72,3
2025-11-05T05:33:10.655584,05:33:10,4770.11,4770.11,3
2025-11-05T05:33:22.559244,05:33:22,4748.35,4748.35,3
2025-11-05T05:33:34.566298,05:33:34,4645.78,4645.78,3
2025-11-05T05:33:46.490181,05:33:46,4546.43,4546.43,3
2025-11-05T05:33:58.647918,05:33:58,4566.0,4566.0,3
2025-11-05T05:34:10.305755,05:34:10,4528.42,4528.42,3
2025-11-05T05:34:22.517911,05:34:22,4434.69,4434.69,3
2025-11-05T05:34:34.526869,05:34:34,4323.14,4323.14,3
2025-11-05T05:34:46.762462,05:34:46,4315.81,4315.81,3
2025-11-05T05:34:58.670802,05:34:58,4322.1,4322.1,3
2025-11-05T05:35:10.655378,05:35:10,4328.82,4328.82,3
2025-11-05T05:35:22.631590,05:35:22,4320.85,4320.85,3
2025-11-05T05:35:34.526027,05:35:34,4481.41,4481.41,3
2025-11-05T05:35:46.463258,05:35:46,4319.51,4319.51,3
2025-11-05T05:35:58.726321,05:35:58,4297.59,4297.59,3
2025-11-05T05:36:10.612495,05:36:10,4196.3,4196.3,3
2025-11-05T05:36:22.533998,05:36:22,3982.55,3982.55,3
2025-11-05T05:36:34.458692,05:36:34,4080.21,4080.21,3
2025-11-05T05:36:46.405588,05:36:46,3910.36,3910.36,3
2025-11-05T05:36:58.603424,05:36:58,3954.94,3954.94,3
2025-11-05T05:37:10.528716,05:37:10,4012.02,4012.02,3
2025-11-05T05:37:22.427111,05:37:22,4034.68,4034.68,3
2025-11-05T05:37:34.627037,05:37:34,4047.99,4047.99,3
2025-11-05T05:37:46.597256,05:37:46,4067.7,4067.7,3
2025-11-05T05:37:58.558964,05:37:58,3984.0,3984.0,3
2025-11-05T05:38:10.488042,05:38:10,3974.33,3974.33,3
2025-11-05T05:38:22.553950,05:38:22,4078.22,4078.22,3
2025-11-05T05:38:34.485205,05:38:34,4045.63,4045.63,3
2025-11-05T05:38:46.403006,05:38:46,4040.07,4040.07,3
2025-11-05T05:38:58.389095,05:38:58,4024.76,4024.76,3
2025-11-05T05:39:10.578734,05:39:10,4153.79,4153.79,3
2025-11-05T05:39:22.490907,05:39:22,4093.74,4093.74,3
2025-11-05T05:39:34.437893,05:39:34,4088.32,4088.32,3
2025-11-05T05:39:46.634060,05:39:46,3992.61,3992.61,3
2025-11-05T05:39:58.563997,05:39:58,3752.35,3752.35,3
2025-11-05T05:40:10.485859,05:40:10,3706.98,3706.98,3
2025-11-05T05:40:22.386701,05:40:22,3819.79,3819.79,3
2025-11-05T05:40:34.294333,05:40:34,3817.3,3817.3,3
2025-11-05T05:40:46.584149,05:40:46,3772.73,3772.73,3
2025-11-05T05:40:58.762676,05:40:58,3761.33,3761.33,3
2025-11-05T05:41:10.656093,05:41:10,3666.19,3666.19,3
2025-11-05T05:41:22.576744,05:41:22,3857.92,3857.92,3
2025-11-05T05:41:34.479023,05:41:34,3896.7,3896.7,3
2025-11-05T05:41:46.442577,05:41:46,3855.84,3855.84,3
2025-11-05T05:41:58.365825,05:41:58,3902.76,3902.76,3
2025-11-05T05:42:10.265098,05:42:10,3887.12,3887.12,3
2025-11-05T05:42:22.192694,05:42:22,3902.75,3902.75,3
2025-11-05T05:42:34.435490,05:42:34,3898.77,3898.77,3
2025-11-05T05:42:46.632283,05:42:46,3874.48,3874.48,3
2025-11-05T05:42:58.523995,05:42:58,3920.93,3920.93,3
2025-11-05T05:43:10.510665,05:43:10,3894.46,3894.46,3
2025-11-05T05:43:22.406004,05:43:22,3730.52,3730.52,3
2025-11-05T05:43:34.609716,05:43:34,3723.18,3723.18,3
2025-11-05T05:43:46.575323,05:43:46,3695.0,3695.0,3
2025-11-05T05:43:58.554440,05:43:58,3670.93,3670.93,3
2025-11-05T05:44:10.439647,05:44:10,3694.82,3694.82,3
2025-11-05T05:44:22.476063,05:44:22,3648.72,3648.72,3
2025-11-05T05:44:34.133870,05:44:34,3659.88,3659.88,3
2025-11-05T05:44:46.360797,05:44:46,3706.68,3706.68,3
2025-11-05T05:44:58.281929,05:44:58,3647.91,3647.91,3
2025-11-05T05:45:10.460443,05:45:10,3802.36,3802.36,3
2025-11-05T05:45:22.410419,05:45:22,3838.77,3838.77,3
2025-11-05T05:45:34.587871,05:45:34,3815.79,3815.79,3
2025-11-05T05:45:46.553215,05:45:46,3626.4,3626.4,3
2025-11-05T05:45:58.537154,05:45:58,3578.74,3578.74,3
2025-11-05T05:46:10.466571,05:46:10,3568.26,3568.26,3
2025-11-05T05:46:22.381152,05:46:22,3660.84,3660.84,3
2025-11-05T05:46:34.615145,05:46:34,3653.25,3653.25,3
2025-11-05T05:46:46.525960,05:46:46,3573.36,3573.36,3
2025-11-05T05:46:58.470333,05:46:58,3382.56,3382.56,3
2025-11-05T05:47:10.540142,05:47:10,3428.62,3428.62,3
2025-11-05T05:47:22.499445,05:47:22,3412.51,3412.51,3
2025-11-05T05:47:34.453081,05:47:34,3464.5,3464.5,3
2025-11-05T05:47:46.404281,05:47:46,3584.23,3584.23,3
2025-11-05T05:47:58.382275,05:47:58,3642.78,3642.78,3
2025-11-05T05:48:10.281620,05:48:10,3715.17,3715.17,3
2025-11-05T05:48:22.529084,05:48:22,3826.43,3826.43,3
2025-11-05T05:48:34.417439,05:48:34,3948.01,3948.01,3
2025-11-05T05:48:46.335149,05:48:46,4031.52,4031.52,3
2025-11-05T05:48:58.302019,05:48:58,4090.26,4090.26,3
2025-11-05T05:49:10.581495,05:49:10,4143.41,4143.41,3
2025-11-05T05:49:22.509475,05:49:22,4224.65,4224.65,3
2025-11-05T05:49:34.424749,05:49:34,4237.93,4237.93,3
2025-11-05T05:49:46.609111,05:49:46,4093.29,4093.29,3
2025-11-05T05:49:58.506143,05:49:58,4406.53,4406.53,3
2025-11-05T05:50:10.411814,05:50:10,4368.31,4368.31,3
2025-11-05T05:50:22.296565,05:50:22,4480.14,4480.14,3
2025-11-05T05:50:34.562776,05:50:34,4461.66,4461.66,3
2025-11-05T05:50:46.519321,05:50:46,4289.86,4289.86,3
2025-11-05T05:50:58.457682,05:50:58,4243.99,4243.99,3
2025-11-05T05:51:10.692411,05:51:10,4127.71,4127.71,3
2025-11-05T05:51:22.577566,05:51:22,4075.94,4075.94,3
2025-11-05T05:51:34.506842,05:51:34,4010.68,4010.68,3
2025-11-05T05:51:46.415579,05:51:46,4064.31,4064.31,3
2025-11-05T05:51:58.367012,05:51:58,4149.17,4149.17,3
2025-11-05T05:52:10.290264,05:52:10,4181.34,4181.34,3
2025-11-05T05:52:22.529532,05:52:22,4423.97,4423.97,3
2025-11-05T05:52:34.387655,05:52:34,4241.26,4241.26,3
2025-11-05T05:52:46.584953,05:52:46,4317.25,4317.25,3
2025-11-05T05:52:58.456117,05:52:58,4304.04,4304.04,3
2025-11-05T05:53:10.429477,05:53:10,4242.59,4242.59,3
2025-11-05T05:53:22.645526,05:53:22,4213.52,4213.52,3
2025-11-05T05:53:34.574712,05:53:34,4355.45,4355.45,3
2025-11-05T05:53:46.509611,05:53:46,4277.69,4277.69,3
2025-11-05T05:53:58.436014,05:53:58,4228.21,4228.21,3
2025-11-05T05:54:10.620690,05:54:10,4250.64,4250.64,3
2025-11-05T05:54:22.532127,05:54:22,4208.61,4208.61,3
2025-11-05T05:54:34.466038,05:54:34,4100.3,4100.3,3
2025-11-05T05:54:46.400133,05:54:46,4074.55,4074.55,3
2025-11-05T05:54:58.600443,05:54:58,4059.23,4059.23,3
2025-11-05T05:55:10.526581,05:55:10,4073.76,4073.76,3
2025-11-05T05:55:22.492154,05:55:22,4040.35,4040.35,3
2025-11-05T05:55:34.675112,05:55:34,3997.08,3997.08,3
2025-11-05T05:55:46.639347,05:55:46,3958.06,3958.06,3
2025-11-05T05:55:58.566226,05:55:58,3933.17,3933.17,3
2025-11-05T05:56:10.480344,05:56:10,3838.74,3838.74,3
2025-11-05T05:56:22.412420,05:56:22,3618.47,3618.47,3
2025-11-05T05:56:34.438708,05:56:34,3721.71,3721.71,3
2025-11-05T05:56:46.342126,05:56:46,3714.92,3714.92,3
2025-11-05T05:56:58.580722,05:56:58,3735.92,3735.92,3
2025-11-05T05:57:10.493711,05:57:10,3730.17,3730.17,3
2025-11-05T05:57:22.423961,05:57:22,3739.8,3739.8,3
2025-11-05T05:57:34.340621,05:57:34,3780.79,3780.79,3
2025-11-05T05:57:46.611957,05:57:46,3727.19,3727.19,3
2025-11-05T05:57:58.630562,05:57:58,3668.99,3668.99,3
2025-11-05T05:58:10.590950,05:58:10,3690.3,3690.3,3
2025-11-05T05:58:22.737985,05:58:22,3612.39,3612.39,3
2025-11-05T05:58:34.656443,05:58:34,3808.28,3808.28,3
2025-11-05T05:58:46.689359,05:58:46,3745.88,3745.88,3
2025-11-05T05:58:58.683897,05:58:58,3712.76,3712.76,3
2025-11-05T05:59:10.275906,05:59:10,3611.79,3611.79,3
2025-11-05T05:59:22.160863,05:59:22,3608.64,3608.64,3
2025-11-05T05:59:34.356618,05:59:34,3587.03,3587.03,3
2025-11-05T05:59:46.244720,05:59:46,3484.24,3484.24,3
2025-11-05T05:59:58.652111,05:59:58,3414.26,3414.26,3
2025-11-05T06:00:10.620234,06:00:10,3297.62,3297.62,3
2025-11-05T06:00:22.533231,06:00:22,3406.01,3406.01,3
2025-11-05T06:00:34.528956,06:00:34,3393.04,3393.04,3
2025-11-05T06:00:46.439524,06:00:46,3471.08,3471.08,3
2025-11-05T06:00:58.376864,06:00:58,3516.62,3516.62,3
2025-11-05T06:01:10.539160,06:01:10,3539.79,3539.79,3
2025-11-05T06:01:22.513504,06:01:22,3527.57,3527.57,3
2025-11-05T06:01:34.433294,06:01:34,3520.75,3520.75,3
2025-11-05T06:01:46.494127,06:01:46,3696.54,3696.54,3
2025-11-05T06:01:58.369105,06:01:58,3639.7,3639.7,3
2025-11-05T06:02:10.522177,06:02:10,3604.91,3604.91,3
2025-11-05T06:02:22.369549,06:02:22,3503.92,3503.92,3
2025-11-05T06:02:34.235672,06:02:34,3474.36,3474.36,3
2025-11-05T06:02:46.538226,06:02:46,3375.96,3375.96,3
2025-11-05T06:02:58.444193,06:02:58,3434.94,3434.94,3
2025-11-05T06:03:10.582189,06:03:10,3290.27,3290.27,3
2025-11-05T06:03:22.745860,06:03:22,3158.62,3158.62,3
2025-11-05T06:03:34.577281,06:03:34,3089.12,3089.12,3
2025-11-05T06:03:46.479064,06:03:46,3128.64,3128.64,3
2025-11-05T06:03:58.504651,06:03:58,3053.72,3053.72,3
2025-11-05T06:04:10.663686,06:04:10,2981.99,2981.99,3
2025-11-05T06:04:22.599624,06:04:22,2966.9,2966.9,3
2025-11-05T06:04:34.489072,06:04:34,2961.46,2961.46,3
2025-11-05T06:04:46.386145,06:04:46,3109.23,3109.23,3
2025-11-05T06:04:58.388603,06:04:58,3169.09,3169.09,3
2025-11-05T06:05:10.547770,06:05:10,2953.3,2953.3,3
2025-11-05T06:05:22.457631,06:05:22,3036.21,3036.21,3
2025-11-05T06:05:34.403434,06:05:34,2962.24,2962.24,3
2025-11-05T06:05:46.338277,06:05:46,2860.67,2860.67,3
2025-11-05T06:05:58.503161,06:05:58,2840.96,2840.96,3
2025-11-05T06:06:10.401290,06:06:10,2677.47,2677.47,3
2025-11-05T06:06:22.659250,06:06:22,2667.66,2667.66,3
2025-11-05T06:06:34.540911,06:06:34,2728.2,2728.2,3
2025-11-05T06:06:46.468674,06:06:46,2653.52,2653.52,3
2025-11-05T06:06:58.644975,06:06:58,2563.49,2563.49,3
2025-11-05T06:07:10.559576,06:07:10,2530.85,2530.85,3
2025-11-05T06:07:22.453139,06:07:22,2586.8,2586.8,3
2025-11-05T06:07:34.844386,06:07:34,2588.44,2588.44,3
2025-11-05T06:07:46.765475,06:07:46,2656.35,2656.35,3
2025-11-05T06:07:58.677189,06:07:58,2673.85,2673.85,3
2025-11-05T06:08:10.540472,06:08:10,2676.22,2676.22,3
2025-11-05T06:08:22.454783,06:08:22,2806.69,2806.69,3
2025-11-05T06:08:34.391830,06:08:34,2883.93,2883.93,3
2025-11-05T06:08:46.551238,06:08:46,2899.0,2899.0,3
2025-11-05T06:08:58.442777,06:08:58,3029.66,3029.66,3
2025-11-05T06:09:10.623112,06:09:10,2950.45,2950.45,3
2025-11-05T06:09:22.553692,06:09:22,3037.42,3037.42,3
2025-11-05T06:09:34.454680,06:09:34,2947.21,2947.21,3
2025-11-05T06:09:46.642905,06:09:46,2806.43,2806.43,3
2025-11-05T06:09:58.546369,06:09:58,2781.41,2781.41,3
2025-11-05T06:10:10.445181,06:10:10,2844.04,2844.04,3
2025-11-05T06:10:22.457645,06:10:22,2829.44,2829.44,3
2025-11-05T06:10:34.643902,06:10:34,2870.1,2870.1,3
2025-11-05T06:10:46.541523,06:10:46,2827.03,2827.03,3
2025-11-05T06:10:58.702026,06:10:58,2665.33,2665.33,3
2025-11-05T06:11:10.622162,06:11:10,2322.4,2322.4,3
2025-11-05T06:11:22.496216,06:11:22,2344.67,2344.67,3
2025-11-05T06:11:34.366372,06:11:34,2369.74,2369.74,3
2025-11-05T06:11:46.607583,06:11:46,2284.08,2284.08,3
2025-11-05T06:11:58.520799,06:11:58,2325.83,2325.83,3
2025-11-05T06:12:10.479958,06:12:10,2304.6,2304.6,3
2025-11-05T06:12:22.639123,06:12:22,2368.18,2368.18,3
2025-11-05T06:12:34.510419,06:12:34,2361.22,2361.22,3
2025-11-05T06:12:46.461487,06:12:46,2446.34,2446.34,3
2025-11-05T06:12:58.658065,06:12:58,2397.12,2397.12,3
2025-11-05T06:13:10.495615,06:13:10,2256.82,2256.82,3
2025-11-05T06:13:22.367759,06:13:22,2190.02,2190.02,3
2025-11-05T06:13:34.560094,06:13:34,2076.03,2076.03,3
2025-11-05T06:13:46.495661,06:13:46,2262.73,2262.73,3
2025-11-05T06:13:58.681464,06:13:58,2345.32,2345.32,3
2025-11-05T06:14:10.589255,06:14:10,2290.27,2290.27,3
2025-11-05T06:14:22.522214,06:14:22,2332.49,2332.49,3
2025-11-05T06:14:34.433944,06:14:34,2296.63,2296.63,3
2025-11-05T06:14:46.383113,06:14:46,2115.41,2115.41,3
2025-11-05T06:14:58.591235,06:14:58,2044.37,2044.37,3
2025-11-05T06:15:10.466490,06:15:10,2172.62,2172.62,3
2025-11-05T06:15:22.413996,06:15:22,2176.03,2176.03,3
2025-11-05T06:15:34.391690,06:15:34,2177.27,2177.27,3
2025-11-05T06:15:46.583974,06:15:46,2205.72,2205.72,3
2025-11-05T06:15:58.515534,06:15:58,2134.3,2134.3,3
2025-11-05T06:16:10.411864,06:16:10,2140.83,2140.83,3
2025-11-05T06:16:22.297308,06:16:22,2101.93,2101.93,3
2025-11-05T06:16:34.489317,06:16:34,2165.68,2165.68,3
2025-11-05T06:16:46.369550,06:16:46,2240.82,2240.82,3
2025-11-05T06:16:58.391479,06:16:58,2240.5,2240.5,3
2025-11-05T06:17:10.551437,06:17:10,2297.47,2297.47,3
2025-11-05T06:17:22.451557,06:17:22,2288.58,2288.58,3
2025-11-05T06:17:34.421781,06:17:34,2016.18,2016.18,3
2025-11-05T06:17:46.579773,06:17:46,2127.79,2127.79,3
2025-11-05T06:17:58.483469,06:17:58,2065.59,2065.59,3
2025-11-05T06:18:10.734461,06:18:10,2083.11,2083.11,3
2025-11-05T06:18:22.638389,06:18:22,2085.83,2085.83,3
2025-11-05T06:18:34.516667,06:18:34,2147.3,2147.3,3
2025-11-05T06:18:46.401459,06:18:46,2098.04,2098.04,3
2025-11-05T06:18:58.294529,06:18:58,2097.16,2097.16,3
2025-11-05T06:19:10.547424,06:19:10,2244.37,2244.37,3
2025-11-05T06:19:22.747617,06:19:22,2256.96,2256.96,3
2025-11-05T06:19:34.661740,06:19:34,2266.75,2266.75,3
2025-11-05T06:19:46.576986,06:19:46,2179.87,2179.87,3
2025-11-05T06:19:58.452646,06:19:58,2206.85,2206.85,3
2025-11-05T06:20:10.663092,06:20:10,2057.4,2057.4,3
2025-11-05T06:20:22.553914,06:20:22,2197.23,2197.23,3
2025-11-05T06:20:34.453537,06:20:34,2208.11,2208.11,3
2025-11-05T06:20:46.427611,06:20:46,2186.19,2186.19,3
2025-11-05T06:20:58.336326,06:20:58,2255.79,2255.79,3
2025-11-05T06:21:10.238252,06:21:10,2205.52,2205.52,3
2025-11-05T06:21:22.380093,06:21:22,2249.67,2249.67,3
2025-11-05T06:21:34.569815,06:21:34,2258.99,2258.99,3
2025-11-05T06:21:46.605469,06:21:46,2210.31,2210.31,3
2025-11-05T06:21:58.543131,06:21:58,2276.67,2276.67,3
2025-11-05T06:22:10.415630,06:22:10,2209.94,2209.94,3
2025-11-05T06:22:22.256217,06:22:22,2216.91,2216.91,3
2025-11-05T06:22:34.125390,06:22:34,1947.27,1947.27,3
2025-11-05T06:22:46.316451,06:22:46,2019.95,2019.95,3
2025-11-05T06:22:58.479028,06:22:58,1882.75,1882.75,3
2025-11-05T06:23:10.398576,06:23:10,1840.53,1840.53,3
2025-11-05T06:23:22.563319,06:23:22,1906.69,1906.69,3
2025-11-05T06:23:34.415357,06:23:34,1956.21,1956.21,3
2025-11-05T06:23:46.575368,06:23:46,2175.92,2175.92,3
2025-11-05T06:23:58.456692,06:23:58,2126.45,2126.45,3
2025-11-05T06:24:10.387793,06:24:10,2255.4,2255.4,3
2025-11-05T06:24:22.272718,06:24:22,2265.74,2265.74,3
2025-11-05T06:24:34.479701,06:24:34,2252.8,2252.8,3
2025-11-05T06:24:46.374773,06:24:46,2472.99,2472.99,3
2025-11-05T06:24:58.262280,06:24:58,2689.27,2689.27,3
2025-11-05T06:25:10.239026,06:25:10,2707.28,2707.28,3
2025-11-05T06:25:22.507053,06:25:22,2512.17,2512.17,3
2025-11-05T06:25:34.428413,06:25:34,2445.74,2445.74,3
2025-11-05T06:25:46.569681,06:25:46,2339.15,2339.15,3
2025-11-05T06:25:58.453916,06:25:58,2386.14,2386.14,3
2025-11-05T06:26:10.629044,06:26:10,2329.71,2329.71,3
2025-11-05T06:26:22.527346,06:26:22,2337.87,2337.87,3
2025-11-05T06:26:34.401287,06:26:34,2259.59,2259.59,3
2025-11-05T06:26:46.562080,06:26:46,2216.22,2216.22,3
2025-11-05T06:26:58.461470,06:26:58,2180.2,2180.2,3
2025-11-05T06:27:10.434261,06:27:10,2346.51,2346.51,3
2025-11-05T06:27:22.370129,06:27:22,2340.49,2340.49,3
2025-11-05T06:27:34.580942,06:27:34,2378.61,2378.61,3
2025-11-05T06:27:46.562818,06:27:46,2445.05,2445.05,3
2025-11-05T06:27:58.466112,06:27:58,2418.23,2418.23,3
2025-11-05T06:28:10.329790,06:28:10,2491.78,2491.78,3
2025-11-05T06:28:22.629111,06:28:22,2493.38,2493.38,3
2025-11-05T06:28:34.510716,06:28:34,2453.34,2453.34,3
2025-11-05T06:28:46.421067,06:28:46,2471.36,2471.36,3
2025-11-05T06:28:58.697034,06:28:58,2442.05,2442.05,3
2025-11-05T06:29:10.578711,06:29:10,2381.08,2381.08,3
2025-11-05T06:29:22.502050,06:29:22,2291.98,2291.98,3
2025-11-05T06:29:34.478792,06:29:34,2265.58,2265.58,3
2025-11-05T06:29:46.692987,06:29:46,2213.36,2213.36,3
2025-11-05T06:29:58.565681,06:29:58,2271.42,2271.42,3
2025-11-05T06:30:10.437515,06:30:10,2293.29,2293.29,3
2025-11-05T06:30:22.633591,06:30:22,2216.13,2216.13,3
2025-11-05T06:30:34.506468,06:30:34,2234.83,2234.83,3
2025-11-05T06:30:46.787306,06:30:46,2295.61,2295.61,3
2025-11-05T06:30:58.714273,06:30:58,2322.48,2322.48,3
2025-11-05T06:31:10.625184,06:31:10,2462.46,2462.46,3
2025-11-05T06:31:22.602717,06:31:22,2241.38,2241.38,3
2025-11-05T06:31:34.494941,06:31:34,2196.85,2196.85,3
2025-11-05T06:31:46.459691,06:31:46,2150.99,2150.99,3
2025-11-05T06:31:58.448792,06:31:58,2136.82,2136.82,3
2025-11-05T06:32:10.573294,06:32:10,2108.77,2108.77,3
2025-11-05T06:32:22.511276,06:32:22,1907.28,1907.28,3
2025-11-05T06:32:34.525190,06:32:34,1807.47,1807.47,3
2025-11-05T06:32:46.410398,06:32:46,1742.94,1742.94,3
2025-11-05T06:32:58.571794,06:32:58,1816.05,1816.05,3
2025-11-05T06:33:10.455137,06:33:10,1697.37,1697.37,3
2025-11-05T06:33:22.331510,06:33:22,1811.45,1811.45,3
2025-11-05T06:33:34.510802,06:33:34,1849.92,1849.92,3
2025-11-05T06:33:46.464132,06:33:46,1916.97,1916.97,3
2025-11-05T06:33:58.400008,06:33:58,1837.72,1837.72,3
2025-11-05T06:34:10.568114,06:34:10,1705.34,1705.34,3
2025-11-05T06:34:22.471458,06:34:22,1619.14,1619.14,3
2025-11-05T06:34:34.374038,06:34:34,1573.62,1573.62,3
2025-11-05T06:34:46.386203,06:34:46,1524.02,1524.02,3
2025-11-05T06:34:58.537940,06:34:58,1503.78,1503.78,3
2025-11-05T06:35:10.469538,06:35:10,1735.42,1735.42,3
2025-11-05T06:35:22.646346,06:35:22,1714.18,1714.18,3
2025-11-05T06:35:34.520120,06:35:34,1539.42,1539.42,3
2025-11-05T06:35:46.701197,06:35:46,1339.68,1339.68,3
2025-11-05T06:35:58.562401,06:35:58,1297.49,1297.49,3
2025-11-05T06:36:10.403933,06:36:10,1305.31,1305.31,3
2025-11-05T06:36:22.656632,06:36:22,1171.71,1171.71,3
2025-11-05T06:36:34.527588,06:36:34,1223.35,1223.35,3
2025-11-05T06:36:46.403952,06:36:46,1347.48,1347.48,3
2025-11-05T06:36:58.545917,06:36:58,1407.84,1407.84,3
2025-11-05T06:37:10.468264,06:37:10,1369.86,1369.86,3
2025-11-05T06:37:22.368319,06:37:22,1297.23,1297.23,3
2025-11-05T06:37:34.257795,06:37:34,1257.67,1257.67,3
2025-11-05T06:37:46.213765,06:37:46,1381.02,1381.02,3
2025-11-05T06:37:58.348166,06:37:58,1214.0,1214.0,3
2025-11-05T06:38:10.217439,06:38:10,1320.85,1320.85,3
2025-11-05T06:38:22.420150,06:38:22,1159.99,1159.99,3
2025-11-05T06:38:34.264783,06:38:34,1252.63,1252.63,3
2025-11-05T06:38:46.540935,06:38:46,1169.85,1169.85,3
2025-11-05T06:38:58.492801,06:38:58,1083.75,1083.75,3
2025-11-05T06:39:10.631012,06:39:10,1111.12,1111.12,3
2025-11-05T06:39:22.487809,06:39:22,1138.28,1138.28,3
2025-11-05T06:39:34.495874,06:39:34,1109.86,1109.86,3
2025-11-05T06:39:46.653660,06:39:46,1248.44,1248.44,3
2025-11-05T06:39:58.531412,06:39:58,1267.2,1267.2,3
2025-11-05T06:40:10.419606,06:40:10,1475.77,1475.77,3
2025-11-05T06:40:22.597858,06:40:22,1632.96,1632.96,3
2025-11-05T06:40:34.539786,06:40:34,1503.28,1503.28,3
2025-11-05T06:40:46.418297,06:40:46,1610.7,1610.7,3
2025-11-05T06:40:58.397754,06:40:58,1720.58,1720.58,3
2025-11-05T06:41:10.241469,06:41:10,1900.46,1900.46,3
2025-11-05T06:41:22.138307,06:41:22,1865.98,1865.98,3
2025-11-05T06:41:34.365703,06:41:34,1785.94,1785.94,3
2025-11-05T06:41:46.231179,06:41:46,1749.39,1749.39,3
2025-11-05T06:41:58.456547,06:41:58,1761.34,1761.34,3
2025-11-05T06:42:10.407544,06:42:10,1737.24,1737.24,3
2025-11-05T06:42:22.390550,06:42:22,1675.58,1675.58,3
2025-11-05T06:42:34.338572,06:42:34,1612.03,1612.03,3
2025-11-05T06:42:46.555710,06:42:46,1469.89,1469.89,3
2025-11-05T06:42:58.517704,06:42:58,1554.97,1554.97,3
2025-11-05T06:43:10.372017,06:43:10,1604.4,1604.4,3
2025-11-05T06:43:22.599451,06:43:22,1645.53,1645.53,3
2025-11-05T06:43:34.776247,06:43:34,1554.59,1554.59,3
2025-11-05T06:43:46.743780,06:43:46,1635.31,1635.31,3
2025-11-05T06:43:58.605679,06:43:58,1655.92,1655.92,3
2025-11-05T06:44:10.528943,06:44:10,1774.07,1774.07,3
2025-11-05T06:44:22.463722,06:44:22,1741.5,1741.5,3
2025-11-05T06:44:34.452388,06:44:34,1639.82,1639.82,3
2025-11-05T06:44:46.614750,06:44:46,1739.46,1739.46,3
2025-11-05T06:44:58.539282,06:44:58,1829.35,1829.35,3
2025-11-05T06:45:10.532130,06:45:10,1754.99,1754.99,3
2025-11-05T06:45:22.411367,06:45:22,1781.51,1781.51,3
2025-11-05T06:45:34.416189,06:45:34,1630.05,1630.05,3
2025-11-05T06:45:46.294878,06:45:46,1504.47,1504.47,3
2025-11-05T06:45:58.345261,06:45:58,1479.26,1479.26,3
2025-11-05T06:46:10.515381,06:46:10,1535.73,1535.73,3
2025-11-05T06:46:22.459549,06:46:22,1566.52,1566.52,3
2025-11-05T06:46:34.603715,06:46:34,1382.98,1382.98,3
2025-11-05T06:46:46.628035,06:46:46,1265.76,1265.76,3
2025-11-05T06:46:58.186365,06:46:58,1261.64,1261.64,3
2025-11-05T06:47:10.364785,06:47:10,1095.49,1095.49,3
2025-11-05T06:47:21.917916,06:47:21,1093.69,1093.69,3
2025-11-05T06:47:34.115897,06:47:34,792.37,792.37,3
2025-11-05T06:47:46.373320,06:47:46,607.82,607.82,3
2025-11-05T06:47:58.556261,06:47:58,605.47,605.47,3
2025-11-05T06:48:10.478041,06:48:10,586.81,586.81,3
2025-11-05T06:48:22.626454,06:48:22,737.1,737.1,3
2025-11-05T06:48:34.240334,06:48:34,594.96,594.96,3
2025-11-05T06:48:46.178116,06:48:46,531.46,531.46,3
2025-11-05T06:48:58.380129,06:48:58,542.47,542.47,3
2025-11-05T06:49:10.281031,06:49:10,377.92,377.92,3
2025-11-05T06:49:22.469164,06:49:22,221.08,221.08,3
2025-11-05T06:49:34.467342,06:49:34,249.23,249.23,3
2025-11-05T06:49:46.663491,06:49:46,175.88,175.88,3
2025-11-05T06:49:58.594956,06:49:58,-13.63,-13.63,3
2025-11-05T06:50:10.429991,06:50:10,34.54,34.54,3
2025-11-05T06:50:22.351977,06:50:22,99.75,99.75,3
2025-11-05T06:50:34.538892,06:50:34,6.12,6.12,3
2025-11-05T06:50:46.413605,06:50:46,61.82,61.82,3
2025-11-05T06:50:58.383539,06:50:58,120.31,120.31,3
2025-11-05T06:51:10.527782,06:51:10,264.38,264.38,3
2025-11-05T06:51:22.378422,06:51:22,203.51,203.51,3
2025-11-05T06:51:34.556752,06:51:34,-122.02,-122.02,3
2025-11-05T06:51:46.498356,06:51:46,-24.48,-24.48,3
2025-11-05T06:51:58.958398,06:51:58,91.36,91.36,3
2025-11-05T06:52:10.891366,06:52:10,-40.9,-40.9,3
2025-11-05T06:52:23.076128,06:52:23,-110.83,-110.83,3
2025-11-05T06:52:35.320897,06:52:35,-228.06,-228.06,3
2025-11-05T06:52:47.475743,06:52:47,-518.08,-518.08,3
2025-11-05T06:52:59.384444,06:52:59,-439.41,-439.41,3
2025-11-05T06:53:11.237838,06:53:11,-596.97,-596.97,3
2025-11-05T06:53:23.396043,06:53:23,-828.45,-828.45,3
2025-11-05T06:53:35.617761,06:53:35,-748.79,-748.79,3
2025-11-05T06:53:47.503032,06:53:47,-793.53,-793.53,3
2025-11-05T06:53:59.398064,06:53:59,-759.18,-759.18,3
2025-11-05T06:54:11.316986,06:54:11,-566.63,-566.63,3
2025-11-05T06:54:23.623313,06:54:23,-525.06,-525.06,3
2025-11-05T06:54:35.546131,06:54:35,-438.99,-438.99,3
2025-11-05T06:54:47.422291,06:54:47,-541.85,-541.85,3
2025-11-05T06:54:59.625632,06:54:59,-477.3,-477.3,3
2025-11-05T06:55:11.617777,06:55:11,-814.51,-814.51,3
2025-11-05T06:55:23.514156,06:55:23,-920.39,-920.39,3
2025-11-05T06:55:35.463461,06:55:35,-998.33,-998.33,3
2025-11-05T06:55:47.642854,06:55:47,-1276.39,-1276.39,3
2025-11-05T06:55:59.495409,06:55:59,-1396.48,-1396.48,3
2025-11-05T06:56:11.369775,06:56:11,-1469.18,-1469.18,3
2025-11-05T06:56:23.620458,06:56:23,-1622.58,-1622.58,3
2025-11-05T06:56:35.500866,06:56:35,-1494.82,-1494.82,3
2025-11-05T06:56:47.645811,06:56:47,-1527.69,-1527.69,3
2025-11-05T06:56:59.497711,06:56:59,-1531.74,-1531.74,3
2025-11-05T06:57:11.407398,06:57:11,-1558.12,-1558.12,3
2025-11-05T06:57:23.413531,06:57:23,-1669.64,-1669.64,3
2025-11-05T06:57:35.582500,06:57:35,-1444.12,-1444.12,3
2025-11-05T06:57:47.469879,06:57:47,-1536.39,-1536.39,3
2025-11-05T06:57:59.369514,06:57:59,-1623.38,-1623.38,3
2025-11-05T06:58:11.959957,06:58:11,-1546.97,-1546.97,3
2025-11-05T06:58:24.110650,06:58:24,-1689.03,-1689.03,3
2025-11-05T06:58:35.970999,06:58:35,-1725.08,-1725.08,3
2025-11-05T06:58:47.908568,06:58:47,-1708.91,-1708.91,3
2025-11-05T06:59:00.138623,06:59:00,-1716.06,-1716.06,3
2025-11-05T06:59:12.273359,06:59:12,-1578.26,-1578.26,3
2025-11-05T06:59:24.432554,06:59:24,-1702.02,-1702.02,3
2025-11-05T06:59:36.598118,06:59:36,-1815.25,-1815.25,3
2025-11-05T06:59:48.448474,06:59:48,-1797.42,-1797.42,3
2025-11-05T07:00:00.414346,07:00:00,-1791.62,-1791.62,3
2025-11-05T07:00:12.635556,07:00:12,-1758.54,-1758.54,3
2025-11-05T07:00:24.531407,07:00:24,-1389.77,-1389.77,3
2025-11-05T07:00:36.448450,07:00:36,-1265.07,-1265.07,3
2025-11-05T07:00:48.412233,07:00:48,-984.83,-984.83,3
2025-11-05T07:01:00.363668,07:01:00,-867.95,-867.95,3
2025-11-05T07:01:12.616680,07:01:12,-597.8,-597.8,3
2025-11-05T07:01:24.577659,07:01:24,-1027.1,-1027.1,3
2025-11-05T07:01:36.473957,07:01:36,-1023.88,-1023.88,3
2025-11-05T07:01:48.400142,07:01:48,-1055.09,-1055.09,3
2025-11-05T07:02:00.327713,07:02:00,-1290.18,-1290.18,3
2025-11-05T07:02:12.514173,07:02:12,-1469.69,-1469.69,3
2025-11-05T07:02:24.447379,07:02:24,-1611.2,-1611.2,3
2025-11-05T07:02:36.421176,07:02:36,-1368.36,-1368.36,3
2025-11-05T07:02:48.636672,07:02:48,-1404.65,-1404.65,3
2025-11-05T07:03:00.576156,07:03:00,-1432.53,-1432.53,3
2025-11-05T07:03:12.450025,07:03:12,-1580.18,-1580.18,3
2025-11-05T07:03:24.630194,07:03:24,-1958.83,-1958.83,3
2025-11-05T07:03:36.500484,07:03:36,-2080.62,-2080.62,3
2025-11-05T07:03:48.525644,07:03:48,-2123.08,-2123.08,3
2025-11-05T07:04:00.387506,07:04:00,-2173.54,-2173.54,3
2025-11-05T07:04:12.397825,07:04:12,-2100.62,-2100.62,3
2025-11-05T07:04:24.603449,07:04:24,-2057.02,-2057.02,3
2025-11-05T07:04:36.517943,07:04:36,-1839.67,-1839.67,3
2025-11-05T07:04:48.463949,07:04:48,-1806.69,-1806.69,3
2025-11-05T07:05:00.652167,07:05:00,-1818.06,-1818.06,3
2025-11-05T07:05:12.546572,07:05:12,-1869.96,-1869.96,3
2025-11-05T07:05:24.516169,07:05:24,-1450.38,-1450.38,3
2025-11-05T07:05:36.416895,07:05:36,-1616.96,-1616.96,3
2025-11-05T07:05:48.328034,07:05:48,-1746.64,-1746.64,3
2025-11-05T07:06:00.419735,07:06:00,-2017.19,-2017.19,3
2025-11-05T07:06:12.405131,07:06:12,-1626.15,-1626.15,3
2025-11-05T07:06:24.622446,07:06:24,-1560.76,-1560.76,3
2025-11-05T07:06:36.453823,07:06:36,-1220.34,-1220.34,3
2025-11-05T07:06:48.302802,07:06:48,-1445.11,-1445.11,3
2025-11-05T07:07:00.230550,07:07:00,-1391.47,-1391.47,3
2025-11-05T07:07:12.448318,07:07:12,-1257.47,-1257.47,3
2025-11-05T07:07:24.644779,07:07:24,-1103.68,-1103.68,3
2025-11-05T07:07:36.635641,07:07:36,-1013.53,-1013.53,3
2025-11-05T07:07:48.544570,07:07:48,-979.48,-979.48,3
2025-11-05T07:08:00.460185,07:08:00,-1027.46,-1027.46,3
2025-11-05T07:08:12.365096,07:08:12,-1307.23,-1307.23,3
2025-11-05T07:08:24.546982,07:08:24,-1462.3,-1462.3,3
2025-11-05T07:08:36.436206,07:08:36,-1260.44,-1260.44,3
2025-11-05T07:08:48.644479,07:08:48,-1457.29,-1457.29,3
2025-11-05T07:09:00.635471,07:09:00,-1747.58,-1747.58,3
2025-11-05T07:09:12.556945,07:09:12,-2148.82,-2148.82,3
2025-11-05T07:09:24.455975,07:09:24,-2275.18,-2275.18,3
2025-11-05T07:09:36.361189,07:09:36,-2236.47,-2236.47,3
2025-11-05T07:09:48.576451,07:09:48,-2239.73,-2239.73,3
2025-11-05T07:10:00.635430,07:10:00,-2342.27,-2342.27,3
2025-11-05T07:10:12.552636,07:10:12,-2157.91,-2157.91,3
2025-11-05T07:10:24.448098,07:10:24,-2176.44,-2176.44,3
2025-11-05T07:10:36.637495,07:10:36,-2107.1,-2107.1,3
2025-11-05T07:10:48.578288,07:10:48,-2126.99,-2126.99,3
2025-11-05T07:11:00.575828,07:11:00,-2095.47,-2095.47,3
2025-11-05T07:11:12.455092,07:11:12,-2204.97,-2204.97,3
2025-11-05T07:11:24.351813,07:11:24,-2258.83,-2258.83,3
2025-11-05T07:11:36.624954,07:11:36,-2218.82,-2218.82,3
2025-11-05T07:11:48.499476,07:11:48,-1972.42,-1972.42,3
2025-11-05T07:12:00.456253,07:12:00,-1578.36,-1578.36,3
2025-11-05T07:12:12.679817,07:12:12,-1553.45,-1553.45,3
2025-11-05T07:12:24.675916,07:12:24,-1894.16,-1894.16,3
2025-11-05T07:12:36.590277,07:12:36,-1797.34,-1797.34,3
2025-11-05T07:12:48.586748,07:12:48,-1397.37,-1397.37,3
2025-11-05T07:13:00.462785,07:13:00,-1459.7,-1459.7,3
2025-11-05T07:13:12.399869,07:13:12,-1531.65,-1531.65,3
2025-11-05T07:13:24.330130,07:13:24,-1588.21,-1588.21,3
2025-11-05T07:13:36.525196,07:13:36,-1454.01,-1454.01,3
2025-11-05T07:13:48.461949,07:13:48,-1287.62,-1287.62,3
2025-11-05T07:14:00.316868,07:14:00,-1318.42,-1318.42,3
2025-11-05T07:14:12.457077,07:14:12,-1572.78,-1572.78,3
2025-11-05T07:14:24.409209,07:14:24,-1467.21,-1467.21,3
2025-11-05T07:14:36.318982,07:14:36,-1535.17,-1535.17,3
2025-11-05T07:14:48.298555,07:14:48,-1506.19,-1506.19,3
2025-11-05T07:15:00.482761,07:15:00,-1347.84,-1347.84,3
2025-11-05T07:15:12.375646,07:15:12,-1378.18,-1378.18,3
2025-11-05T07:15:24.259466,07:15:24,-1332.66,-1332.66,3
2025-11-05T07:15:36.447625,07:15:36,-1305.74,-1305.74,3
2025-11-05T07:15:48.318465,07:15:48,-1198.06,-1198.06,3
2025-11-05T07:16:00.581102,07:16:00,-1137.07,-1137.07,3
2025-11-05T07:16:12.467708,07:16:12,-1001.06,-1001.06,3
2025-11-05T07:16:24.410024,07:16:24,-838.72,-838.72,3
2025-11-05T07:16:36.407381,07:16:36,-764.75,-764.75,3
2025-11-05T07:16:48.267069,07:16:48,-731.02,-731.02,3
2025-11-05T07:17:00.254417,07:17:00,-589.02,-589.02,3
2025-11-05T07:17:12.159484,07:17:12,-525.1,-525.1,3
2025-11-05T07:17:24.361432,07:17:24,-453.49,-453.49,3
2025-11-05T07:17:36.581621,07:17:36,-365.87,-365.87,3
2025-11-05T07:17:48.541963,07:17:48,-221.34,-221.34,3
2025-11-05T07:18:00.444181,07:18:00,-265.34,-265.34,3
2025-11-05T07:18:12.341895,07:18:12,-302.83,-302.83,3
2025-11-05T07:18:24.598938,07:18:24,-291.74,-291.74,3
2025-11-05T07:18:36.555721,07:18:36,-150.92,-150.92,3
2025-11-05T07:18:48.503008,07:18:48,48.08,48.08,3
2025-11-05T07:19:00.452270,07:19:00,284.74,284.74,3
2025-11-05T07:19:12.328109,07:19:12,243.52,243.52,3
2025-11-05T07:19:24.486145,07:19:24,242.02,242.02,3
2025-11-05T07:19:36.693967,07:19:36,101.05,101.05,3
2025-11-05T07:19:48.660118,07:19:48,121.43,121.43,3
2025-11-05T07:20:00.795411,07:20:00,161.11,161.11,3
2025-11-05T07:20:12.658341,07:20:12,39.85,39.85,3
2025-11-05T07:20:24.564925,07:20:24,-24.56,-24.56,3
2025-11-05T07:20:36.595915,07:20:36,-90.46,-90.46,3
2025-11-05T07:20:48.525568,07:20:48,-116.28,-116.28,3
2025-11-05T07:21:00.436257,07:21:00,-302.34,-302.34,3
2025-11-05T07:21:12.367159,07:21:12,-119.68,-119.68,3
2025-11-05T07:21:24.580255,07:21:24,-95.63,-95.63,3
2025-11-05T07:21:36.427489,07:21:36,-34.67,-34.67,3
2025-11-05T07:21:48.634024,07:21:48,-9.56,-9.56,3
2025-11-05T07:22:00.830112,07:22:00,-0.2,-0.2,3
2025-11-05T07:22:12.710793,07:22:12,401.26,401.26,3
2025-11-05T07:22:24.673665,07:22:24,656.85,656.85,3
2025-11-05T07:22:36.546953,07:22:36,751.42,751.42,3
2025-11-05T07:22:48.532333,07:22:48,750.02,750.02,3
2025-11-05T07:23:00.458956,07:23:00,938.05,938.05,3
2025-11-05T07:23:12.372456,07:23:12,1005.25,1005.25,3
2025-11-05T07:23:24.243770,07:23:24,1116.49,1116.49,3
2025-11-05T07:23:36.412491,07:23:36,1123.38,1123.38,3
2025-11-05T07:23:48.576894,07:23:48,1101.57,1101.57,3
2025-11-05T07:24:00.554211,07:24:00,1288.1,1288.1,3
2025-11-05T07:24:12.485066,07:24:12,1569.35,1569.35,3
2025-11-05T07:24:24.377225,07:24:24,1369.06,1369.06,3
2025-11-05T07:24:36.634674,07:24:36,1575.98,1575.98,3
2025-11-05T07:24:48.576182,07:24:48,1747.58,1747.58,3
2025-11-05T07:25:00.259357,07:25:00,2116.42,2116.42,3
2025-11-05T07:25:12.475790,07:25:12,2137.23,2137.23,3
2025-11-05T07:25:24.345297,07:25:24,1993.46,1993.46,3
2025-11-05T07:25:36.312786,07:25:36,1992.03,1992.03,3
2025-11-05T07:25:48.507221,07:25:48,1891.2,1891.2,3
2025-11-05T07:26:00.389529,07:26:00,1849.86,1849.86,3
2025-11-05T07:26:12.628551,07:26:12,1803.69,1803.69,3
2025-11-05T07:26:24.499363,07:26:24,2004.76,2004.76,3
2025-11-05T07:26:36.384480,07:26:36,1910.93,1910.93,3
2025-11-05T07:26:48.263155,07:26:48,2080.28,2080.28,3
2025-11-05T07:26:59.849214,07:26:59,2011.76,2011.76,3
2025-11-05T07:27:11.759988,07:27:11,2083.67,2083.67,3
2025-11-05T07:27:23.710920,07:27:23,2251.1,2251.1,3
2025-11-05T07:27:35.656937,07:27:35,2168.35,2168.35,3
2025-11-05T07:27:47.870418,07:27:47,2731.51,2731.51,3
2025-11-05T07:28:00.123742,07:28:00,2857.18,2857.18,3
2025-11-05T07:28:12.383838,07:28:12,2690.78,2690.78,3
2025-11-05T07:28:24.549898,07:28:24,2652.35,2652.35,3
2025-11-05T07:28:36.415133,07:28:36,2616.58,2616.58,3
2025-11-05T07:28:48.323942,07:28:48,2571.7,2571.7,3
2025-11-05T07:29:00.211745,07:29:00,2828.43,2828.43,3
2025-11-05T07:29:12.214827,07:29:12,2775.53,2775.53,3
2025-11-05T07:29:24.385395,07:29:24,2703.3,2703.3,3
2025-11-05T07:29:36.312723,07:29:36,2656.45,2656.45,3
2025-11-05T07:29:48.227257,07:29:48,2248.48,2248.48,3
2025-11-05T07:30:00.178336,07:30:00,2268.46,2268.46,3
2025-11-05T07:30:12.377667,07:30:12,2487.01,2487.01,3
2025-11-05T07:30:24.343970,07:30:24,2835.99,2835.99,3
2025-11-05T07:30:36.200991,07:30:36,3048.99,3048.99,3
2025-11-05T07:30:48.456239,07:30:48,3094.64,3094.64,3
2025-11-05T07:31:00.411387,07:31:00,3144.9,3144.9,3
2025-11-05T07:31:12.295614,07:31:12,3357.65,3357.65,3
2025-11-05T07:31:24.557830,07:31:24,3407.13,3407.13,3
2025-11-05T07:31:36.122295,07:31:36,3690.47,3690.47,3
2025-11-05T07:31:47.980715,07:31:47,3565.1,3565.1,3
2025-11-05T07:31:59.567602,07:31:59,3608.81,3608.81,3
2025-11-05T07:32:11.457259,07:32:11,3506.46,3506.46,3
2025-11-05T07:32:23.423587,07:32:23,3661.89,3661.89,3
2025-11-05T07:32:35.378460,07:32:35,3661.74,3661.74,3
2025-11-05T07:32:47.319881,07:32:47,3638.42,3638.42,3
2025-11-05T07:32:59.225795,07:32:59,3470.8,3470.8,3
2025-11-05T07:33:11.203231,07:33:11,3549.27,3549.27,3
2025-11-05T07:33:23.075595,07:33:23,3428.13,3428.13,3
2025-11-05T07:33:34.922608,07:33:34,3488.58,3488.58,3
2025-11-05T07:33:46.828464,07:33:46,3516.61,3516.61,3
2025-11-05T07:33:58.566744,07:33:58,3596.47,3596.47,3
2025-11-05T07:34:10.509753,07:34:10,3609.76,3609.76,3
2025-11-05T07:34:22.093661,07:34:22,3774.62,3774.62,3
2025-11-05T07:34:34.426839,07:34:34,3651.96,3651.96,3
2025-11-05T07:34:46.467151,07:34:46,3490.46,3490.46,3
2025-11-05T07:34:58.370281,07:34:58,3376.06,3376.06,3
2025-11-05T07:35:10.013403,07:35:10,3479.83,3479.83,3
2025-11-05T07:35:21.925619,07:35:21,3532.36,3532.36,3
2025-11-05T07:35:33.902755,07:35:33,3377.53,3377.53,3
2025-11-05T07:35:45.551651,07:35:45,3449.12,3449.12,3
2025-11-05T07:35:57.510964,07:35:57,3434.84,3434.84,3
2025-11-05T07:36:09.379000,07:36:09,3706.0,3706.0,3
2025-11-05T07:36:21.008711,07:36:21,3602.39,3602.39,3
2025-11-05T07:36:32.881010,07:36:32,3893.33,3893.33,3
2025-11-05T07:36:45.060561,07:36:45,3883.61,3883.61,3
2025-11-05T07:36:57.384520,07:36:57,3868.89,3868.89,3
2025-11-05T07:37:09.348126,07:37:09,3977.18,3977.18,3
2025-11-05T07:37:20.966834,07:37:20,4074.13,4074.13,3
2025-11-05T07:37:32.920188,07:37:32,4087.3,4087.3,3
2025-11-05T07:37:44.590386,07:37:44,4024.68,4024.68,3
2025-11-05T07:37:56.279672,07:37:56,3883.04,3883.04,3
2025-11-05T07:38:08.200803,07:38:08,3866.78,3866.78,3
2025-11-05T07:38:20.145135,07:38:20,3723.7,3723.7,3
2025-11-05T07:38:32.373059,07:38:32,3554.2,3554.2,3
2025-11-05T07:38:44.622541,07:38:44,3538.85,3538.85,3
2025-11-05T07:38:56.506163,07:38:56,3634.66,3634.66,3
2025-11-05T07:39:08.425987,07:39:08,3385.28,3385.28,3
2025-11-05T07:39:20.303152,07:39:20,3535.09,3535.09,3
2025-11-05T07:39:32.484429,07:39:32,3508.77,3508.77,3
2025-11-05T07:39:44.363214,07:39:44,3317.72,3317.72,3
2025-11-05T07:39:56.032759,07:39:56,3264.97,3264.97,3
2025-11-05T07:40:07.684105,07:40:07,3226.0,3226.0,3
2025-11-05T07:40:19.595808,07:40:19,3267.66,3267.66,3
2025-11-05T07:40:31.499682,07:40:31,3318.25,3318.25,3
2025-11-05T07:40:43.372595,07:40:43,3149.7,3149.7,3
2025-11-05T07:40:55.304289,07:40:55,3105.17,3105.17,3
2025-11-05T07:41:07.245848,07:41:07,3052.47,3052.47,3
2025-11-05T07:41:19.484820,07:41:19,3343.36,3343.36,3
2025-11-05T07:41:31.316090,07:41:31,3334.58,3334.58,3
2025-11-05T07:41:43.533183,07:41:43,3285.41,3285.41,3
2025-11-05T07:41:55.602953,07:41:55,3137.79,3137.79,3
2025-11-05T07:42:07.512915,07:42:07,3159.39,3159.39,3
2025-11-05T07:42:19.392479,07:42:19,2918.64,2918.64,3
2025-11-05T07:42:31.594801,07:42:31,2851.24,2851.24,3
2025-11-05T07:42:43.620286,07:42:43,2798.51,2798.51,3
2025-11-05T07:42:55.499129,07:42:55,2796.8,2796.8,3
2025-11-05T07:43:07.126114,07:43:07,2794.57,2794.57,3
2025-11-05T07:43:19.036420,07:43:19,2868.53,2868.53,3
2025-11-05T07:43:30.990486,07:43:30,2998.01,2998.01,3
2025-11-05T07:43:43.172899,07:43:43,2993.83,2993.83,3
2025-11-05T07:43:55.114707,07:43:55,2895.79,2895.79,3
2025-11-05T07:44:06.990286,07:44:06,3197.66,3197.66,3
2025-11-05T07:44:19.193634,07:44:19,3162.52,3162.52,3
2025-11-05T07:44:31.110205,07:44:31,3248.62,3248.62,3
2025-11-05T07:44:43.288315,07:44:43,3229.79,3229.79,3
2025-11-05T07:44:55.173884,07:44:55,3219.17,3219.17,3
2025-11-05T07:45:07.367149,07:45:07,3079.63,3079.63,3
2025-11-05T07:45:19.245059,07:45:19,2903.51,2903.51,3
2025-11-05T07:45:31.173257,07:45:31,2816.91,2816.91,3
2025-11-05T07:45:43.417243,07:45:43,2770.47,2770.47,3
2025-11-05T07:45:55.361544,07:45:55,2788.76,2788.76,3
2025-11-05T07:46:07.252895,07:46:07,2708.79,2708.79,3
2025-11-05T07:46:18.928939,07:46:18,2878.73,2878.73,3
2025-11-05T07:46:31.161233,07:46:31,2983.38,2983.38,3
2025-11-05T07:46:43.135603,07:46:43,2836.2,2836.2,3
2025-11-05T07:46:55.010414,07:46:55,2794.44,2794.44,3
2025-11-05T07:47:07.277228,07:47:07,2654.77,2654.77,3
2025-11-05T07:47:19.457230,07:47:19,2787.04,2787.04,3
2025-11-05T07:47:31.398403,07:47:31,2728.24,2728.24,3
2025-11-05T07:47:43.284640,07:47:43,2871.94,2871.94,3
2025-11-05T07:47:55.554010,07:47:55,2838.99,2838.99,3
2025-11-05T07:48:07.485291,07:48:07,3014.03,3014.03,3
2025-11-05T07:48:19.450499,07:48:19,3250.06,3250.06,3
2025-11-05T07:48:31.372376,07:48:31,3446.74,3446.74,3
2025-11-05T07:48:43.283907,07:48:43,3583.94,3583.94,3
2025-11-05T07:48:55.518471,07:48:55,3669.2,3669.2,3
2025-11-05T07:49:07.503559,07:49:07,3794.81,3794.81,3
2025-11-05T07:49:19.395828,07:49:19,3750.91,3750.91,3
2025-11-05T07:49:31.548311,07:49:31,3604.63,3604.63,3
2025-11-05T07:49:43.480913,07:49:43,3722.36,3722.36,3
2025-11-05T07:49:55.451265,07:49:55,3704.43,3704.43,3
2025-11-05T07:50:07.342381,07:50:07,3577.32,3577.32,3
2025-11-05T07:50:19.242990,07:50:19,3432.67,3432.67,3
2025-11-05T07:50:31.299215,07:50:31,3223.42,3223.42,3
2025-11-05T07:50:42.879481,07:50:42,3361.24,3361.24,3
2025-11-05T07:50:54.438128,07:50:54,3563.15,3563.15,3
2025-11-05T07:51:06.371169,07:51:06,3521.55,3521.55,3
2025-11-05T07:51:18.226282,07:51:18,3625.68,3625.68,3
2025-11-05T07:51:30.436359,07:51:30,3600.1,3600.1,3
2025-11-05T07:51:42.712143,07:51:42,3777.54,3777.54,3
2025-11-05T07:51:54.911507,07:51:54,3842.73,3842.73,3
2025-11-05T07:52:07.110059,07:52:07,3849.84,3849.84,3
2025-11-05T07:52:18.753743,07:52:18,3611.48,3611.48,3
2025-11-05T07:52:30.504859,07:52:30,3669.41,3669.41,3
2025-11-05T07:52:42.425645,07:52:42,3598.26,3598.26,3
2025-11-05T07:52:54.337687,07:52:54,3445.92,3445.92,3
2025-11-05T07:53:06.217638,07:53:06,3601.72,3601.72,3
2025-11-05T07:53:18.113292,07:53:18,3556.0,3556.0,3
2025-11-05T07:53:29.748251,07:53:29,3401.35,3401.35,3
2025-11-05T07:53:41.679597,07:53:41,3380.93,3380.93,3
2025-11-05T07:53:53.632049,07:53:53,3554.76,3554.76,3
2025-11-05T07:54:05.511031,07:54:05,3474.16,3474.16,3
2025-11-05T07:54:17.425679,07:54:17,3293.82,3293.82,3
2025-11-05T07:54:29.101937,07:54:29,3461.63,3461.63,3
2025-11-05T07:54:41.320564,07:54:41,3770.3,3770.3,3
2025-11-05T07:54:53.295581,07:54:53,4053.52,4053.52,3
2025-11-05T07:55:05.150126,07:55:05,3887.79,3887.79,3
2025-11-05T07:55:16.795791,07:55:16,3866.95,3866.95,3
2025-11-05T07:55:28.689298,07:55:28,3608.64,3608.64,3
2025-11-05T07:55:40.645802,07:55:40,3658.35,3658.35,3
2025-11-05T07:55:52.597314,07:55:52,3640.15,3640.15,3
2025-11-05T07:56:04.486223,07:56:04,3453.66,3453.66,3
2025-11-05T07:56:16.388556,07:56:16,3319.04,3319.04,3
2025-11-05T07:56:28.343374,07:56:28,3298.97,3298.97,3
2025-11-05T07:56:40.259737,07:56:40,3320.7,3320.7,3
2025-11-05T07:56:51.838430,07:56:51,3182.8,3182.8,3
2025-11-05T07:57:03.756269,07:57:03,3234.12,3234.12,3
2025-11-05T07:57:15.420963,07:57:15,3362.41,3362.41,3
2025-11-05T07:57:27.340257,07:57:27,3402.05,3402.05,3
2025-11-05T07:57:38.929257,07:57:38,3385.24,3385.24,3
2025-11-05T07:57:50.843462,07:57:50,3398.08,3398.08,3
2025-11-05T07:58:02.830587,07:58:02,3401.02,3401.02,3
2025-11-05T07:58:14.398519,07:58:14,3485.99,3485.99,3
2025-11-05T07:58:26.275762,07:58:26,3603.09,3603.09,3
2025-11-05T07:58:37.918058,07:58:37,3686.78,3686.78,3
2025-11-05T07:58:49.500800,07:58:49,3743.09,3743.09,3
2025-11-05T07:59:01.429300,07:59:01,3832.14,3832.14,3
2025-11-05T07:59:13.589314,07:59:13,3882.74,3882.74,3
2025-11-05T07:59:25.547998,07:59:25,3700.15,3700.15,3
2025-11-05T07:59:37.500100,07:59:37,3631.79,3631.79,3
2025-11-05T07:59:49.433311,07:59:49,3705.84,3705.84,3
2025-11-05T08:00:01.300743,08:00:01,3703.22,3703.22,3
2025-11-05T08:00:13.193524,08:00:13,3849.44,3849.44,3
2025-11-05T08:00:25.290631,08:00:25,3810.53,3810.53,3
2025-11-05T08:00:37.455112,08:00:37,3807.79,3807.79,3
2025-11-05T08:00:49.408405,08:00:49,3892.19,3892.19,3
2025-11-05T08:01:01.362437,08:01:01,3899.73,3899.73,3
2025-11-05T08:01:13.306837,08:01:13,3853.96,3853.96,3
2025-11-05T08:01:25.581789,08:01:25,3936.25,3936.25,3
2025-11-05T08:01:37.224532,08:01:37,4153.78,4153.78,3
2025-11-05T08:01:49.514979,08:01:49,4126.71,4126.71,3
2025-11-05T08:02:01.923975,08:02:01,4002.44,4002.44,3
2025-11-05T08:02:13.566320,08:02:13,4052.17,4052.17,3
2025-11-05T08:02:25.545166,08:02:25,4049.9,4049.9,3
2025-11-05T08:02:37.467640,08:02:37,4080.96,4080.96,3
2025-11-05T08:02:49.690036,08:02:49,3902.06,3902.06,3
2025-11-05T08:03:01.669949,08:03:01,3951.8,3951.8,3
2025-11-05T08:03:13.558278,08:03:13,3583.03,3583.03,3
2025-11-05T08:03:25.430928,08:03:25,3474.22,3474.22,3
2025-11-05T08:03:37.458689,08:03:37,3550.76,3550.76,3
2025-11-05T08:03:49.528720,08:03:49,3570.68,3570.68,3
2025-11-05T08:04:01.439452,08:04:01,3691.27,3691.27,3
2025-11-05T08:04:13.308370,08:04:13,3715.55,3715.55,3
2025-11-05T08:04:24.908079,08:04:24,3783.6,3783.6,3
2025-11-05T08:04:37.127885,08:04:37,3802.32,3802.32,3
2025-11-05T08:04:48.759262,08:04:48,3883.48,3883.48,3
2025-11-05T08:05:00.658931,08:05:00,3927.84,3927.84,3
2025-11-05T08:05:12.549605,08:05:12,3981.41,3981.41,3
2025-11-05T08:05:24.134885,08:05:24,3848.64,3848.64,3
2025-11-05T08:05:35.746250,08:05:35,3798.19,3798.19,3
2025-11-05T08:05:47.774645,08:05:47,3978.28,3978.28,3
2025-11-05T08:05:59.648829,08:05:59,4068.43,4068.43,3
2025-11-05T08:06:11.512621,08:06:11,4182.08,4182.08,3
2025-11-05T08:06:23.468741,08:06:23,4202.14,4202.14,3
2025-11-05T08:06:35.406297,08:06:35,4169.19,4169.19,3
2025-11-05T08:06:47.322605,08:06:47,4187.01,4187.01,3
2025-11-05T08:06:59.227120,08:06:59,4182.06,4182.06,3
2025-11-05T08:07:11.499036,08:07:11,4260.9,4260.9,3
2025-11-05T08:07:23.537223,08:07:23,4328.37,4328.37,3
2025-11-05T08:07:35.489228,08:07:35,4217.09,4217.09,3
2025-11-05T08:07:47.411751,08:07:47,4166.44,4166.44,3
2025-11-05T08:07:59.328036,08:07:59,4188.14,4188.14,3
2025-11-05T08:08:11.301727,08:08:11,4282.4,4282.4,3
2025-11-05T08:08:23.472300,08:08:23,4273.47,4273.47,3
2025-11-05T08:08:35.341071,08:08:35,4237.44,4237.44,3
2025-11-05T08:08:47.245514,08:08:47,4290.5,4290.5,3
2025-11-05T08:08:59.501935,08:08:59,4300.9,4300.9,3
2025-11-05T08:09:11.419741,08:09:11,4201.79,4201.79,3
2025-11-05T08:09:23.323766,08:09:23,4314.31,4314.31,3
2025-11-05T08:09:35.457233,08:09:35,4279.09,4279.09,3
2025-11-05T08:09:47.391337,08:09:47,4307.4,4307.4,3
2025-11-05T08:09:59.336454,08:09:59,4317.48,4317.48,3
2025-11-05T08:10:11.327244,08:10:11,4319.2,4319.2,3
2025-11-05T08:10:23.183842,08:10:23,4308.41,4308.41,3
2025-11-05T08:10:35.399830,08:10:35,4346.04,4346.04,3
2025-11-05T08:10:47.278915,08:10:47,4333.52,4333.52,3
2025-11-05T08:10:58.858931,08:10:58,4268.07,4268.07,3
2025-11-05T08:11:10.708064,08:11:10,4248.48,4248.48,3
2025-11-05T08:11:22.650035,08:11:22,4362.85,4362.85,3
2025-11-05T08:11:34.256557,08:11:34,4244.11,4244.11,3
2025-11-05T08:11:46.476548,08:11:46,4128.66,4128.66,3
2025-11-05T08:11:58.326724,08:11:58,4347.17,4347.17,3
2025-11-05T08:12:10.525040,08:12:10,4294.68,4294.68,3
2025-11-05T08:12:22.492590,08:12:22,4340.2,4340.2,3
2025-11-05T08:12:34.392491,08:12:34,4395.26,4395.26,3
2025-11-05T08:12:46.273570,08:12:46,4067.4,4067.4,3
2025-11-05T08:12:58.242975,08:12:58,4298.52,4298.52,3
2025-11-05T08:13:10.549690,08:13:10,4391.51,4391.51,3
2025-11-05T08:13:22.141904,08:13:22,4442.24,4442.24,3
2025-11-05T08:13:34.144859,08:13:34,4437.68,4437.68,3
2025-11-05T08:13:46.368262,08:13:46,4481.33,4481.33,3
2025-11-05T08:13:58.316382,08:13:58,4445.74,4445.74,3
2025-11-05T08:14:10.493376,08:14:10,4436.91,4436.91,3
2025-11-05T08:14:22.440817,08:14:22,4489.89,4489.89,3
2025-11-05T08:14:34.077650,08:14:34,4519.78,4519.78,3
2025-11-05T08:14:45.678569,08:14:45,4447.13,4447.13,3
2025-11-05T08:14:57.560955,08:14:57,4556.3,4556.3,3
2025-11-05T08:15:09.430770,08:15:09,4991.52,4991.52,3
2025-11-05T08:15:21.007318,08:15:21,5157.64,5157.64,3
2025-11-05T08:15:33.218999,08:15:33,5034.26,5034.26,3
2025-11-05T08:15:45.418399,08:15:45,4974.23,4974.23,3
2025-11-05T08:15:57.305389,08:15:57,4821.9,4821.9,3
2025-11-05T08:16:09.172332,08:16:09,4673.41,4673.41,3
2025-11-05T08:16:21.358335,08:16:21,4550.9,4550.9,3
2025-11-05T08:16:33.264491,08:16:33,4500.84,4500.84,3
2025-11-05T08:16:45.418853,08:16:45,4271.32,4271.32,3
2025-11-05T08:16:57.366536,08:16:57,4301.31,4301.31,3
2025-11-05T08:17:09.308949,08:17:09,4357.88,4357.88,3
2025-11-05T08:17:21.499104,08:17:21,4393.63,4393.63,3
2025-11-05T08:17:33.384015,08:17:33,4200.59,4200.59,3
2025-11-05T08:17:45.298975,08:17:45,4208.14,4208.14,3
2025-11-05T08:17:57.498833,08:17:57,4407.82,4407.82,3
2025-11-05T08:18:09.361283,08:18:09,4357.8,4357.8,3
2025-11-05T08:18:20.980151,08:18:20,4393.31,4393.31,3
2025-11-05T08:18:32.888509,08:18:32,4467.26,4467.26,3
2025-11-05T08:18:44.509939,08:18:44,4435.6,4435.6,3
2025-11-05T08:18:56.442993,08:18:56,4342.45,4342.45,3
2025-11-05T08:19:08.518862,08:19:08,4237.27,4237.27,3
2025-11-05T08:19:20.513200,08:19:20,4183.41,4183.41,3
2025-11-05T08:19:32.394641,08:19:32,4074.39,4074.39,3
2025-11-05T08:19:44.302872,08:19:44,3911.98,3911.98,3
2025-11-05T08:19:56.188279,08:19:56,3863.35,3863.35,3
2025-11-05T08:20:08.100299,08:20:08,4112.24,4112.24,3
2025-11-05T08:20:20.047189,08:20:20,4043.06,4043.06,3
2025-11-05T08:20:32.004825,08:20:32,4244.2,4244.2,3
2025-11-05T08:20:43.641837,08:20:43,4173.25,4173.25,3
2025-11-05T08:20:55.252658,08:20:55,4186.59,4186.59,3
2025-11-05T08:21:07.468327,08:21:07,4195.67,4195.67,3
2025-11-05T08:21:19.492042,08:21:19,4121.74,4121.74,3
2025-11-05T08:21:31.461238,08:21:31,4074.49,4074.49,3
2025-11-05T08:21:43.368968,08:21:43,3719.71,3719.71,3
2025-11-05T08:21:55.320520,08:21:55,3877.32,3877.32,3
2025-11-05T08:22:07.209048,08:22:07,3913.62,3913.62,3
2025-11-05T08:22:19.452741,08:22:19,3981.52,3981.52,3
2025-11-05T08:22:31.348070,08:22:31,3969.53,3969.53,3
2025-11-05T08:22:43.342595,08:22:43,3894.44,3894.44,3
2025-11-05T08:22:55.244812,08:22:55,3888.9,3888.9,3
2025-11-05T08:23:06.890332,08:23:06,3880.0,3880.0,3
2025-11-05T08:23:18.763949,08:23:18,3904.12,3904.12,3
2025-11-05T08:23:30.681628,08:23:30,3908.71,3908.71,3
2025-11-05T08:23:42.589249,08:23:42,3884.92,3884.92,3
2025-11-05T08:23:54.605442,08:23:54,3813.66,3813.66,3
2025-11-05T08:24:06.284174,08:24:06,3965.96,3965.96,3
2025-11-05T08:24:18.647918,08:24:18,4198.33,4198.33,3
2025-11-05T08:24:30.259975,08:24:30,4223.22,4223.22,3
2025-11-05T08:24:42.216657,08:24:42,4307.44,4307.44,3
2025-11-05T08:24:54.265257,08:24:54,4175.38,4175.38,3
2025-11-05T08:25:06.507557,08:25:06,4073.36,4073.36,3
2025-11-05T08:25:18.401736,08:25:18,3946.6,3946.6,3
2025-11-05T08:25:30.634117,08:25:30,3925.04,3925.04,3
2025-11-05T08:25:42.582746,08:25:42,4011.86,4011.86,3
2025-11-05T08:25:54.231083,08:25:54,4095.33,4095.33,3
2025-11-05T08:26:06.446636,08:26:06,4172.67,4172.67,3
2025-11-05T08:26:18.395319,08:26:18,4125.4,4125.4,3
2025-11-05T08:26:30.346710,08:26:30,4172.76,4172.76,3
2025-11-05T08:26:42.201885,08:26:42,4227.86,4227.86,3
2025-11-05T08:26:54.406918,08:26:54,4148.98,4148.98,3
2025-11-05T08:27:06.617664,08:27:06,4262.99,4262.99,3
2025-11-05T08:27:18.550488,08:27:18,4397.43,4397.43,3
2025-11-05T08:27:30.224272,08:27:30,4230.21,4230.21,3
2025-11-05T08:27:42.391371,08:27:42,4238.33,4238.33,3
2025-11-05T08:27:54.440871,08:27:54,4225.59,4225.59,3
2025-11-05T08:28:06.303366,08:28:06,4214.88,4214.88,3
2025-11-05T08:28:18.202406,08:28:18,4417.92,4417.92,3
2025-11-05T08:28:30.487991,08:28:30,4612.01,4612.01,3
2025-11-05T08:28:42.478276,08:28:42,4609.38,4609.38,3
2025-11-05T08:28:54.417906,08:28:54,4602.5,4602.5,3
2025-11-05T08:29:06.348641,08:29:06,4501.5,4501.5,3
2025-11-05T08:29:18.214703,08:29:18,4398.5,4398.5,3
2025-11-05T08:29:30.423077,08:29:30,4337.21,4337.21,3
2025-11-05T08:29:42.609288,08:29:42,4425.62,4425.62,3
2025-11-05T08:29:54.538607,08:29:54,4525.12,4525.12,3
2025-11-05T08:30:06.476620,08:30:06,4694.47,4694.47,3
2025-11-05T08:30:18.406794,08:30:18,4607.5,4607.5,3
2025-11-05T08:30:30.344405,08:30:30,4593.63,4593.63,3
2025-11-05T08:30:42.228518,08:30:42,4484.39,4484.39,3
2025-11-05T08:30:54.506923,08:30:54,4427.02,4427.02,3
2025-11-05T08:31:06.135553,08:31:06,4329.68,4329.68,3
2025-11-05T08:31:17.720858,08:31:17,4434.15,4434.15,3
2025-11-05T08:31:29.676826,08:31:29,4466.84,4466.84,3
2025-11-05T08:31:41.723045,08:31:41,4454.12,4454.12,3
2025-11-05T08:31:53.615633,08:31:53,4392.95,4392.95,3
2025-11-05T08:32:05.564528,08:32:05,4282.98,4282.98,3
2025-11-05T08:32:17.431015,08:32:17,4293.36,4293.36,3
2025-11-05T08:32:29.643486,08:32:29,4274.68,4274.68,3
2025-11-05T08:32:41.586544,08:32:41,4260.03,4260.03,3
2025-11-05T08:32:53.478021,08:32:53,4305.74,4305.74,3
2025-11-05T08:33:05.467394,08:33:05,4326.69,4326.69,3
2025-11-05T08:33:17.390646,08:33:17,4345.06,4345.06,3
2025-11-05T08:33:29.598070,08:33:29,4308.97,4308.97,3
2025-11-05T08:33:41.231804,08:33:41,4124.04,4124.04,3
2025-11-05T08:33:53.208216,08:33:53,4286.77,4286.77,3
2025-11-05T08:34:05.091180,08:34:05,4466.24,4466.24,3
2025-11-05T08:34:16.738884,08:34:16,4575.75,4575.75,3
2025-11-05T08:34:28.618968,08:34:28,4735.33,4735.33,3
2025-11-05T08:34:40.312154,08:34:40,4916.76,4916.76,3
2025-11-05T08:34:52.015712,08:34:52,4917.66,4917.66,3
2025-11-05T08:35:04.206571,08:35:04,5034.36,5034.36,3
2025-11-05T08:35:16.454362,08:35:16,4989.73,4989.73,3
2025-11-05T08:35:28.328340,08:35:28,4917.99,4917.99,3
2025-11-05T08:35:40.223297,08:35:40,4870.77,4870.77,3
2025-11-05T08:35:52.440917,08:35:52,4899.13,4899.13,3
2025-11-05T08:36:04.046913,08:36:04,4905.87,4905.87,3
2025-11-05T08:36:15.685697,08:36:15,5055.18,5055.18,3
2025-11-05T08:36:27.660901,08:36:27,4941.31,4941.31,3
2025-11-05T08:36:39.223627,08:36:39,4802.53,4802.53,3
2025-11-05T08:36:51.157126,08:36:51,4795.93,4795.93,3
2025-11-05T08:37:03.498844,08:37:03,4825.87,4825.87,3
2025-11-05T08:37:15.422402,08:37:15,4850.03,4850.03,3
2025-11-05T08:37:27.067359,08:37:27,4892.57,4892.57,3
2025-11-05T08:37:38.942235,08:37:38,4878.61,4878.61,3
2025-11-05T08:37:50.878739,08:37:50,4826.71,4826.71,3
2025-11-05T08:38:02.478699,08:38:02,4762.2,4762.2,3
2025-11-05T08:38:14.383504,08:38:14,4504.52,4504.52,3
2025-11-05T08:38:25.987761,08:38:25,4253.71,4253.71,3
2025-11-05T08:38:37.706461,08:38:37,4396.39,4396.39,3
2025-11-05T08:38:49.671679,08:38:49,4364.68,4364.68,3
2025-11-05T08:39:01.606857,08:39:01,4363.76,4363.76,3
2025-11-05T08:39:13.289465,08:39:13,4699.03,4699.03,3
2025-11-05T08:39:25.492658,08:39:25,4689.79,4689.79,3
2025-11-05T08:39:37.463331,08:39:37,4782.4,4782.4,3
2025-11-05T08:39:49.381661,08:39:49,4718.47,4718.47,3
2025-11-05T08:40:01.294373,08:40:01,4839.64,4839.64,3
2025-11-05T08:40:13.150800,08:40:13,4790.08,4790.08,3
2025-11-05T08:40:25.383206,08:40:25,4703.6,4703.6,3
2025-11-05T08:40:37.285603,08:40:37,4788.45,4788.45,3
2025-11-05T08:40:49.129144,08:40:49,4708.33,4708.33,3
2025-11-05T08:41:00.696737,08:41:00,4740.81,4740.81,3
2025-11-05T08:41:12.588608,08:41:12,4734.27,4734.27,3
2025-11-05T08:41:24.476549,08:41:24,4621.62,4621.62,3
2025-11-05T08:41:36.627059,08:41:36,4550.03,4550.03,3
2025-11-05T08:41:48.545976,08:41:48,4555.72,4555.72,3
2025-11-05T08:42:00.481758,08:42:00,4493.73,4493.73,3
2025-11-05T08:42:12.444508,08:42:12,4584.53,4584.53,3
2025-11-05T08:42:24.366356,08:42:24,4514.21,4514.21,3
2025-11-05T08:42:36.233779,08:42:36,4469.5,4469.5,3
2025-11-05T08:42:47.909057,08:42:47,4442.93,4442.93,3
2025-11-05T08:43:00.122509,08:43:00,4498.05,4498.05,3
2025-11-05T08:43:12.367034,08:43:12,4530.43,4530.43,3
2025-11-05T08:43:24.309721,08:43:24,4515.6,4515.6,3
2025-11-05T08:43:36.162140,08:43:36,4590.35,4590.35,3
2025-11-05T08:43:47.893685,08:43:47,4597.24,4597.24,3
2025-11-05T08:43:59.459270,08:43:59,4628.38,4628.38,3
2025-11-05T08:44:11.345165,08:44:11,4483.88,4483.88,3
2025-11-05T08:44:23.574766,08:44:23,4489.04,4489.04,3
2025-11-05T08:44:35.242311,08:44:35,4755.3,4755.3,3
2025-11-05T08:44:47.438421,08:44:47,4693.76,4693.76,3
2025-11-05T08:44:59.393094,08:44:59,4746.61,4746.61,3
2025-11-05T08:45:11.282499,08:45:11,4679.68,4679.68,3
2025-11-05T08:45:23.180854,08:45:23,4659.59,4659.59,3
2025-11-05T08:45:35.499371,08:45:35,4704.66,4704.66,3
2025-11-05T08:45:47.400747,08:45:47,4705.0,4705.0,3
2025-11-05T08:45:59.595252,08:45:59,4642.91,4642.91,3
2025-11-05T08:46:11.475688,08:46:11,4745.85,4745.85,3
2025-11-05T08:46:23.450811,08:46:23,4753.71,4753.71,3
2025-11-05T08:46:35.316460,08:46:35,4604.18,4604.18,3
2025-11-05T08:46:47.256420,08:46:47,4541.77,4541.77,3
2025-11-05T08:46:59.200842,08:46:59,4567.96,4567.96,3
2025-11-05T08:47:11.134087,08:47:11,4496.43,4496.43,3
2025-11-05T08:47:23.012969,08:47:23,4288.05,4288.05,3
2025-11-05T08:47:34.936949,08:47:34,4314.91,4314.91,3
2025-11-05T08:47:47.107681,08:47:47,4322.12,4322.12,3
2025-11-05T08:47:59.403335,08:47:59,4276.98,4276.98,3
2025-11-05T08:48:11.352657,08:48:11,4226.86,4226.86,3
2025-11-05T08:48:23.576110,08:48:23,4251.51,4251.51,3
2025-11-05T08:48:35.788908,08:48:35,4277.1,4277.1,3
2025-11-05T08:48:47.794980,08:48:47,4201.8,4201.8,3
2025-11-05T08:48:59.762377,08:48:59,4209.0,4209.0,3
2025-11-05T08:49:11.754783,08:49:11,4215.8,4215.8,3
2025-11-05T08:49:23.661481,08:49:23,4261.91,4261.91,3
2025-11-05T08:49:35.561571,08:49:35,4298.87,4298.87,3
2025-11-05T08:49:47.454931,08:49:47,4264.11,4264.11,3
2025-11-05T08:49:59.391180,08:49:59,4437.33,4437.33,3
2025-11-05T08:50:11.543476,08:50:11,4451.65,4451.65,3
2025-11-05T08:50:23.443495,08:50:23,4605.42,4605.42,3
2025-11-05T08:50:35.457668,08:50:35,4591.83,4591.83,3
2025-11-05T08:50:47.589760,08:50:47,4522.94,4522.94,3
2025-11-05T08:50:59.483075,08:50:59,4544.82,4544.82,3
2025-11-05T08:51:11.495686,08:51:11,4687.03,4687.03,3
2025-11-05T08:51:23.375871,08:51:23,4642.94,4642.94,3
2025-11-05T08:51:35.634942,08:51:35,4584.38,4584.38,3
2025-11-05T08:51:47.564091,08:51:47,4592.92,4592.92,3
2025-11-05T08:51:59.501548,08:51:59,4784.83,4784.83,3
2025-11-05T08:52:11.343396,08:52:11,4702.18,4702.18,3
2025-11-05T08:52:23.524983,08:52:23,4766.49,4766.49,3
2025-11-05T08:52:35.397385,08:52:35,4762.71,4762.71,3
2025-11-05T08:52:47.298229,08:52:47,4812.94,4812.94,3
2025-11-05T08:52:59.264790,08:52:59,4781.37,4781.37,3
2025-11-05T08:53:11.414460,08:53:11,4818.61,4818.61,3
2025-11-05T08:53:23.460842,08:53:23,4815.53,4815.53,3
2025-11-05T08:53:35.403927,08:53:35,4804.56,4804.56,3
2025-11-05T08:53:47.587592,08:53:47,4838.66,4838.66,3
2025-11-05T08:53:59.531363,08:53:59,4832.22,4832.22,3
2025-11-05T08:54:11.466995,08:54:11,4829.22,4829.22,3
2025-11-05T08:54:23.405417,08:54:23,4826.61,4826.61,3
2025-11-05T08:54:35.619241,08:54:35,4837.94,4837.94,3
2025-11-05T08:54:47.513217,08:54:47,4801.01,4801.01,3
2025-11-05T08:54:59.406441,08:54:59,4966.92,4966.92,3
2025-11-05T08:55:11.662032,08:55:11,4988.87,4988.87,3
2025-11-05T08:55:23.582456,08:55:23,4998.99,4998.99,3
2025-11-05T08:55:35.514616,08:55:35,5165.54,5165.54,3
2025-11-05T08:55:47.454598,08:55:47,5223.23,5223.23,3
2025-11-05T08:55:59.481894,08:55:59,5165.22,5165.22,3
2025-11-05T08:56:11.408372,08:56:11,5009.4,5009.4,3
2025-11-05T08:56:23.574434,08:56:23,4954.96,4954.96,3
2025-11-05T08:56:35.479693,08:56:35,4980.92,4980.92,3
2025-11-05T08:56:47.380742,08:56:47,5012.94,5012.94,3
2025-11-05T08:56:59.552407,08:56:59,5126.87,5126.87,3
2025-11-05T08:57:11.470628,08:57:11,5188.27,5188.27,3
2025-11-05T08:57:23.420491,08:57:23,5154.73,5154.73,3
2025-11-05T08:57:35.361414,08:57:35,5183.04,5183.04,3
2025-11-05T08:57:47.586465,08:57:47,5162.81,5162.81,3
2025-11-05T08:57:59.284729,08:57:59,5210.32,5210.32,3
2025-11-05T08:58:11.253213,08:58:11,5224.62,5224.62,3
2025-11-05T08:58:23.481856,08:58:23,5252.36,5252.36,3
2025-11-05T08:58:35.396175,08:58:35,5320.69,5320.69,3
2025-11-05T08:58:47.658238,08:58:47,5287.98,5287.98,3
2025-11-05T08:58:59.617288,08:58:59,5357.87,5357.87,3
2025-11-05T08:59:11.476399,08:59:11,5398.17,5398.17,3
2025-11-05T08:59:23.454481,08:59:23,5520.21,5520.21,3
2025-11-05T08:59:35.672625,08:59:35,5545.64,5545.64,3
2025-11-05T08:59:47.640683,08:59:47,5462.32,5462.32,3
2025-11-05T08:59:59.616198,08:59:59,5495.52,5495.52,3
2025-11-05T09:00:11.520338,09:00:11,5436.11,5436.11,3
2025-11-05T09:00:23.714299,09:00:23,5287.31,5287.31,3
2025-11-05T09:00:35.608970,09:00:35,5338.13,5338.13,3
2025-11-05T09:00:47.602871,09:00:47,5383.87,5383.87,3
2025-11-05T09:00:59.497730,09:00:59,5396.26,5396.26,3
2025-11-05T09:01:11.675946,09:01:11,5247.19,5247.19,3
2025-11-05T09:01:23.577812,09:01:23,5248.03,5248.03,3
2025-11-05T09:01:35.542665,09:01:35,5140.93,5140.93,3
2025-11-05T09:01:47.449605,09:01:47,4937.73,4937.73,3
2025-11-05T09:01:59.403639,09:01:59,5122.26,5122.26,3
2025-11-05T09:02:11.574548,09:02:11,5274.39,5274.39,3
2025-11-05T09:02:23.584902,09:02:23,5211.99,5211.99,3
2025-11-05T09:02:35.522326,09:02:35,5306.11,5306.11,3
2025-11-05T09:02:47.453299,09:02:47,5228.63,5228.63,3
2025-11-05T09:02:59.352013,09:02:59,5288.99,5288.99,3
2025-11-05T09:03:10.936963,09:03:10,5330.27,5330.27,3
2025-11-05T09:03:23.149274,09:03:23,5340.09,5340.09,3
2025-11-05T09:03:35.126482,09:03:35,5370.9,5370.9,3
2025-11-05T09:03:47.309705,09:03:47,5490.96,5490.96,3
2025-11-05T09:03:58.891395,09:03:58,5454.65,5454.65,3
2025-11-05T09:04:11.123163,09:04:11,5439.96,5439.96,3
2025-11-05T09:04:23.345619,09:04:23,5532.97,5532.97,3
2025-11-05T09:04:35.385150,09:04:35,5520.62,5520.62,3
2025-11-05T09:04:47.374356,09:04:47,5528.78,5528.78,3
2025-11-05T09:04:59.601730,09:04:59,5607.0,5607.0,3
2025-11-05T09:05:11.590293,09:05:11,5503.94,5503.94,3
2025-11-05T09:05:23.553509,09:05:23,5519.69,5519.69,3
2025-11-05T09:05:35.540388,09:05:35,5710.48,5710.48,3
2025-11-05T09:05:47.137586,09:05:47,5642.94,5642.94,3
2025-11-05T09:05:58.729336,09:05:58,5739.21,5739.21,3
2025-11-05T09:06:10.602743,09:06:10,5604.56,5604.56,3
2025-11-05T09:06:22.222064,09:06:22,5590.94,5590.94,3
2025-11-05T09:06:34.211111,09:06:34,5574.53,5574.53,3
2025-11-05T09:06:46.423990,09:06:46,5493.31,5493.31,3
2025-11-05T09:06:58.342042,09:06:58,5532.94,5532.94,3
2025-11-05T09:07:10.489055,09:07:10,5461.25,5461.25,3
2025-11-05T09:07:22.632931,09:07:22,5328.74,5328.74,3
2025-11-05T09:07:34.585719,09:07:34,5361.43,5361.43,3
2025-11-05T09:07:46.213132,09:07:46,5356.27,5356.27,3
2025-11-05T09:07:58.380100,09:07:58,5575.3,5575.3,3
2025-11-05T09:08:10.628265,09:08:10,5437.2,5437.2,3
2025-11-05T09:08:22.494082,09:08:22,5461.37,5461.37,3
2025-11-05T09:08:34.540834,09:08:34,5438.25,5438.25,3
2025-11-05T09:08:46.516056,09:08:46,5384.0,5384.0,3
2025-11-05T09:08:58.189020,09:08:58,5435.46,5435.46,3
2025-11-05T09:09:10.353098,09:09:10,5391.6,5391.6,3
2025-11-05T09:09:22.552922,09:09:22,5340.69,5340.69,3
2025-11-05T09:09:34.496844,09:09:34,5540.57,5540.57,3
2025-11-05T09:09:46.422592,09:09:46,5579.28,5579.28,3
2025-11-05T09:09:58.155158,09:09:58,5591.16,5591.16,3
2025-11-05T09:10:10.014699,09:10:10,5726.97,5726.97,3
2025-11-05T09:10:21.624707,09:10:21,5635.78,5635.78,3
2025-11-05T09:10:33.190686,09:10:33,5718.91,5718.91,3
2025-11-05T09:10:45.367117,09:10:45,5733.52,5733.52,3
2025-11-05T09:10:57.381277,09:10:57,5663.56,5663.56,3
2025-11-05T09:11:09.279120,09:11:09,5646.62,5646.62,3
2025-11-05T09:11:20.868225,09:11:20,5630.72,5630.72,3
2025-11-05T09:11:33.114253,09:11:33,5684.36,5684.36,3
2025-11-05T09:11:45.298075,09:11:45,5566.39,5566.39,3
2025-11-05T09:11:57.565341,09:11:57,5657.55,5657.55,3
2025-11-05T09:12:09.563135,09:12:09,5610.43,5610.43,3
2025-11-05T09:12:21.460905,09:12:21,5555.87,5555.87,3
2025-11-05T09:12:33.394986,09:12:33,5499.1,5499.1,3
2025-11-05T09:12:45.612763,09:12:45,5455.96,5455.96,3
2025-11-05T09:12:57.469704,09:12:57,5511.83,5511.83,3
2025-11-05T09:13:09.329338,09:13:09,5696.31,5696.31,3
2025-11-05T09:13:21.586853,09:13:21,5616.36,5616.36,3
2025-11-05T09:13:33.220156,09:13:33,5545.76,5545.76,3
2025-11-05T09:13:45.363755,09:13:45,5607.64,5607.64,3
2025-11-05T09:13:57.612862,09:13:57,5632.28,5632.28,3
2025-11-05T09:14:09.593580,09:14:09,5713.23,5713.23,3
2025-11-05T09:14:21.534935,09:14:21,5664.42,5664.42,3
2025-11-05T09:14:33.254761,09:14:33,5631.13,5631.13,3
2025-11-05T09:14:45.204826,09:14:45,5642.39,5642.39,3
2025-11-05T09:14:57.468920,09:14:57,5744.67,5744.67,3
2025-11-05T09:15:09.457663,09:15:09,5803.32,5803.32,3
2025-11-05T09:15:21.369883,09:15:21,5781.52,5781.52,3
2025-11-05T09:15:32.977619,09:15:32,5840.3,5840.3,3
2025-11-05T09:15:44.916505,09:15:44,5847.55,5847.55,3
2025-11-05T09:15:56.827192,09:15:56,5709.91,5709.91,3
2025-11-05T09:16:08.748563,09:16:08,5721.32,5721.32,3
2025-11-05T09:16:20.690997,09:16:20,5803.3,5803.3,3
2025-11-05T09:16:32.607827,09:16:32,5767.3,5767.3,3
2025-11-05T09:16:44.508712,09:16:44,5794.7,5794.7,3
2025-11-05T09:16:56.470639,09:16:56,5809.86,5809.86,3
2025-11-05T09:17:08.494237,09:17:08,5875.85,5875.85,3
2025-11-05T09:17:20.429160,09:17:20,5843.66,5843.66,3
2025-11-05T09:17:32.382820,09:17:32,5840.65,5840.65,3
2025-11-05T09:17:44.595783,09:17:44,5872.83,5872.83,3
2025-11-05T09:17:56.539460,09:17:56,5849.7,5849.7,3
2025-11-05T09:18:08.425228,09:18:08,5833.16,5833.16,3
2025-11-05T09:18:20.639915,09:18:20,5838.76,5838.76,3
2025-11-05T09:18:32.542413,09:18:32,5783.49,5783.49,3
2025-11-05T09:18:44.444363,09:18:44,5797.11,5797.11,3
2025-11-05T09:18:56.400430,09:18:56,5833.64,5833.64,3
2025-11-05T09:19:08.616617,09:19:08,5885.6,5885.6,3
2025-11-05T09:19:20.751598,09:19:20,5888.64,5888.64,3
2025-11-05T09:19:32.745696,09:19:32,5901.82,5901.82,3
2025-11-05T09:19:44.626656,09:19:44,5864.48,5864.48,3
2025-11-05T09:19:56.560213,09:19:56,5520.76,5520.76,3
2025-11-05T09:20:08.509210,09:20:08,5459.38,5459.38,3
2025-11-05T09:20:20.450500,09:20:20,5412.38,5412.38,3
2025-11-05T09:20:32.372579,09:20:32,5434.98,5434.98,3
2025-11-05T09:20:44.531679,09:20:44,5481.39,5481.39,3
2025-11-05T09:20:56.455070,09:20:56,5463.27,5463.27,3
2025-11-05T09:21:08.366806,09:21:08,5538.18,5538.18,3
2025-11-05T09:21:20.854176,09:21:20,5589.24,5589.24,3
2025-11-05T09:21:32.765978,09:21:32,5613.44,5613.44,3
2025-11-05T09:21:44.350196,09:21:44,5528.06,5528.06,3
2025-11-05T09:21:56.605332,09:21:56,5596.97,5596.97,3
2025-11-05T09:22:08.497464,09:22:08,5563.18,5563.18,3
2025-11-05T09:22:20.414468,09:22:20,5641.31,5641.31,3
2025-11-05T09:22:32.634195,09:22:32,5719.43,5719.43,3
2025-11-05T09:22:44.728592,09:22:44,5650.53,5650.53,3
2025-11-05T09:22:56.652843,09:22:56,5648.84,5648.84,3
2025-11-05T09:23:08.609451,09:23:08,5785.28,5785.28,3
2025-11-05T09:23:20.576974,09:23:20,5659.49,5659.49,3
2025-11-05T09:23:32.444311,09:23:32,5744.55,5744.55,3
2025-11-05T09:23:44.410251,09:23:44,5742.82,5742.82,3
2025-11-05T09:23:56.704446,09:23:56,5748.7,5748.7,3
2025-11-05T09:24:08.632651,09:24:08,5790.92,5790.92,3
2025-11-05T09:24:20.652225,09:24:20,5742.53,5742.53,3
2025-11-05T09:24:32.793323,09:24:32,5747.62,5747.62,3
2025-11-05T09:24:44.743944,09:24:44,5697.32,5697.32,3
2025-11-05T09:24:56.703246,09:24:56,5794.92,5794.92,3
2025-11-05T09:25:08.609385,09:25:08,5663.8,5663.8,3
2025-11-05T09:25:20.591296,09:25:20,5626.85,5626.85,3
2025-11-05T09:25:32.552035,09:25:32,5643.74,5643.74,3
2025-11-05T09:25:44.438732,09:25:44,5583.46,5583.46,3
2025-11-05T09:25:56.636738,09:25:56,5651.14,5651.14,3
2025-11-05T09:26:08.548774,09:26:08,5677.75,5677.75,3
2025-11-05T09:26:20.508505,09:26:20,5693.74,5693.74,3
2025-11-05T09:26:32.459250,09:26:32,5753.78,5753.78,3
2025-11-05T09:26:44.440316,09:26:44,5745.14,5745.14,3
2025-11-05T09:26:56.118636,09:26:56,5738.52,5738.52,3
2025-11-05T09:27:08.026085,09:27:08,5678.54,5678.54,3
2025-11-05T09:27:19.610847,09:27:19,5749.06,5749.06,3
2025-11-05T09:27:31.509958,09:27:31,5772.52,5772.52,3
2025-11-05T09:27:43.468195,09:27:43,5803.64,5803.64,3
2025-11-05T09:27:55.347057,09:27:55,5796.41,5796.41,3
2025-11-05T09:28:07.608255,09:28:07,5802.22,5802.22,3
2025-11-05T09:28:19.561680,09:28:19,5751.51,5751.51,3
2025-11-05T09:28:31.576508,09:28:31,5618.42,5618.42,3
2025-11-05T09:28:43.470100,09:28:43,5569.98,5569.98,3
2025-11-05T09:28:55.385213,09:28:55,5562.16,5562.16,3
2025-11-05T09:29:07.261779,09:29:07,5649.18,5649.18,3
2025-11-05T09:29:19.275744,09:29:19,5570.38,5570.38,3
2025-11-05T09:29:31.499367,09:29:31,5663.43,5663.43,3
2025-11-05T09:29:43.407357,09:29:43,5699.3,5699.3,3
2025-11-05T09:29:55.612176,09:29:55,5689.47,5689.47,3
2025-11-05T09:30:07.502755,09:30:07,5570.53,5570.53,3
2025-11-05T09:30:19.417490,09:30:19,5582.55,5582.55,3
2025-11-05T09:30:31.587504,09:30:31,5572.26,5572.26,3
2025-11-05T09:30:43.510553,09:30:43,5681.15,5681.15,3
2025-11-05T09:30:55.541992,09:30:55,5681.68,5681.68,3
2025-11-05T09:31:07.466491,09:31:07,5717.42,5717.42,3
2025-11-05T09:31:19.586031,09:31:19,5729.6,5729.6,3
2025-11-05T09:31:31.571554,09:31:31,5722.47,5722.47,3
2025-11-05T09:31:43.496352,09:31:43,5723.43,5723.43,3
2025-11-05T09:31:55.408429,09:31:55,5782.87,5782.87,3
2025-11-05T09:32:07.574250,09:32:07,5826.08,5826.08,3
2025-11-05T09:32:19.814393,09:32:19,5813.33,5813.33,3
2025-11-05T09:32:31.687466,09:32:31,5823.16,5823.16,3
2025-11-05T09:32:43.702598,09:32:43,5824.04,5824.04,3
2025-11-05T09:32:55.640926,09:32:55,5834.13,5834.13,3
2025-11-05T09:33:07.533642,09:33:07,5739.91,5739.91,3
2025-11-05T09:33:19.464392,09:33:19,5530.89,5530.89,3
2025-11-05T09:33:31.503355,09:33:31,5642.75,5642.75,3
2025-11-05T09:33:43.444021,09:33:43,5702.49,5702.49,3
2025-11-05T09:33:55.636833,09:33:55,5767.88,5767.88,3
2025-11-05T09:34:07.642813,09:34:07,5600.22,5600.22,3
2025-11-05T09:34:19.708835,09:34:19,5612.3,5612.3,3
2025-11-05T09:34:31.673837,09:34:31,5727.62,5727.62,3
2025-11-05T09:34:43.595243,09:34:43,5690.19,5690.19,3
2025-11-05T09:34:55.601033,09:34:55,5721.6,5721.6,3
2025-11-05T09:35:07.258315,09:35:07,5699.33,5699.33,3
2025-11-05T09:35:19.430383,09:35:19,5660.57,5660.57,3
2025-11-05T09:35:31.347112,09:35:31,5735.44,5735.44,3
2025-11-05T09:35:43.359978,09:35:43,5719.38,5719.38,3
2025-11-05T09:35:55.579704,09:35:55,5659.9,5659.9,3
2025-11-05T09:36:07.472230,09:36:07,5446.1,5446.1,3
2025-11-05T09:36:19.481498,09:36:19,5315.14,5315.14,3
2025-11-05T09:36:31.428335,09:36:31,5259.52,5259.52,3
2025-11-05T09:36:43.321937,09:36:43,5180.77,5180.77,3
2025-11-05T09:36:55.217484,09:36:55,5128.39,5128.39,3
2025-11-05T09:37:07.511198,09:37:07,5175.36,5175.36,3
2025-11-05T09:37:19.379239,09:37:19,5233.6,5233.6,3
2025-11-05T09:37:31.572095,09:37:31,5292.99,5292.99,3
2025-11-05T09:37:43.189836,09:37:43,5306.04,5306.04,3
2025-11-05T09:37:55.080948,09:37:55,5517.27,5517.27,3
2025-11-05T09:38:06.999122,09:38:06,5633.11,5633.11,3
2025-11-05T09:38:18.903083,09:38:18,5655.64,5655.64,3
2025-11-05T09:38:31.295113,09:38:31,5772.93,5772.93,3
2025-11-05T09:38:43.537255,09:38:43,5696.57,5696.57,3
2025-11-05T09:38:55.416786,09:38:55,5585.07,5585.07,3
2025-11-05T09:39:07.615731,09:39:07,5535.78,5535.78,3
2025-11-05T09:39:19.643200,09:39:19,5315.54,5315.54,3
2025-11-05T09:39:31.763601,09:39:31,5443.11,5443.11,3
2025-11-05T09:39:43.727818,09:39:43,5373.58,5373.58,3
2025-11-05T09:39:55.661688,09:39:55,5202.89,5202.89,3
2025-11-05T09:40:07.806496,09:40:07,5207.95,5207.95,3
2025-11-05T09:40:19.760793,09:40:19,5139.09,5139.09,3
2025-11-05T09:40:31.314237,09:40:31,5157.92,5157.92,3
2025-11-05T09:40:43.231313,09:40:43,5249.73,5249.73,3
2025-11-05T09:40:55.397686,09:40:55,5285.01,5285.01,3
2025-11-05T09:41:07.644888,09:41:07,5277.25,5277.25,3
2025-11-05T09:41:19.567987,09:41:19,5245.51,5245.51,3
2025-11-05T09:41:31.626489,09:41:31,5307.15,5307.15,3
2025-11-05T09:41:43.220709,09:41:43,5342.27,5342.27,3
2025-11-05T09:41:55.525046,09:41:55,5331.35,5331.35,3
2025-11-05T09:42:07.440960,09:42:07,5343.43,5343.43,3
2025-11-05T09:42:19.386815,09:42:19,5265.98,5265.98,3
2025-11-05T09:42:31.408731,09:42:31,5299.19,5299.19,3
2025-11-05T09:42:43.334850,09:42:43,5260.68,5260.68,3
2025-11-05T09:42:55.584318,09:42:55,5357.07,5357.07,3
2025-11-05T09:43:07.488190,09:43:07,5233.33,5233.33,3
2025-11-05T09:43:19.413417,09:43:19,5173.13,5173.13,3
2025-11-05T09:43:31.532719,09:43:31,5203.0,5203.0,3
2025-11-05T09:43:43.194173,09:43:43,5151.14,5151.14,3
2025-11-05T09:43:55.483049,09:43:55,5100.68,5100.68,3
2025-11-05T09:44:07.437551,09:44:07,5081.5,5081.5,3
2025-11-05T09:44:19.390752,09:44:19,5090.13,5090.13,3
2025-11-05T09:44:31.579571,09:44:31,5103.09,5103.09,3
2025-11-05T09:44:43.515127,09:44:43,5097.79,5097.79,3
2025-11-05T09:44:55.465310,09:44:55,5124.42,5124.42,3
2025-11-05T09:45:07.367556,09:45:07,5209.95,5209.95,3
2025-11-05T09:45:19.009746,09:45:19,5245.43,5245.43,3
2025-11-05T09:45:30.962053,09:45:30,5230.54,5230.54,3
2025-11-05T09:45:42.926861,09:45:42,5212.57,5212.57,3
2025-11-05T09:45:54.868364,09:45:54,5110.25,5110.25,3
2025-11-05T09:46:06.458064,09:46:06,5197.21,5197.21,3
2025-11-05T09:46:18.373730,09:46:18,5085.78,5085.78,3
2025-11-05T09:46:30.379268,09:46:30,5107.41,5107.41,3
2025-11-05T09:46:42.659834,09:46:42,5227.79,5227.79,3
2025-11-05T09:46:54.641761,09:46:54,5179.59,5179.59,3
2025-11-05T09:47:06.880316,09:47:06,5086.64,5086.64,3
2025-11-05T09:47:18.798698,09:47:18,5080.34,5080.34,3
2025-11-05T09:47:30.723458,09:47:30,5037.66,5037.66,3
2025-11-05T09:47:42.624760,09:47:42,4997.65,4997.65,3
2025-11-05T09:47:54.531941,09:47:54,4998.75,4998.75,3
2025-11-05T09:48:06.481276,09:48:06,5122.06,5122.06,3
2025-11-05T09:48:18.410100,09:48:18,5033.0,5033.0,3
2025-11-05T09:48:30.322557,09:48:30,4987.22,4987.22,3
2025-11-05T09:48:42.594589,09:48:42,4976.67,4976.67,3
2025-11-05T09:48:54.581621,09:48:54,5002.64,5002.64,3
2025-11-05T09:49:06.523246,09:49:06,5053.65,5053.65,3
2025-11-05T09:49:18.433683,09:49:18,5071.53,5071.53,3
2025-11-05T09:49:30.336895,09:49:30,5090.67,5090.67,3
2025-11-05T09:49:42.304344,09:49:42,5073.41,5073.41,3
2025-11-05T09:49:54.492626,09:49:54,5045.42,5045.42,3
2025-11-05T09:50:06.390114,09:50:06,5059.73,5059.73,3
2025-11-05T09:50:18.577711,09:50:18,5106.6,5106.6,3
2025-11-05T09:50:30.554573,09:50:30,5113.7,5113.7,3
2025-11-05T09:50:42.484457,09:50:42,5099.13,5099.13,3
2025-11-05T09:50:54.377524,09:50:54,5059.62,5059.62,3
2025-11-05T09:51:06.319850,09:51:06,5062.26,5062.26,3
2025-11-05T09:51:18.307344,09:51:18,5084.71,5084.71,3
2025-11-05T09:51:30.204363,09:51:30,4998.42,4998.42,3
2025-11-05T09:51:42.478703,09:51:42,4953.97,4953.97,3
2025-11-05T09:51:54.428260,09:51:54,4988.66,4988.66,3
2025-11-05T09:52:06.416268,09:52:06,4987.59,4987.59,3
2025-11-05T09:52:18.315663,09:52:18,4974.98,4974.98,3
2025-11-05T09:52:30.200423,09:52:30,4951.43,4951.43,3
2025-11-05T09:52:42.153826,09:52:42,4968.69,4968.69,3
2025-11-05T09:52:54.348722,09:52:54,4973.47,4973.47,3
2025-11-05T09:53:06.244880,09:53:06,5022.24,5022.24,3
2025-11-05T09:53:18.430005,09:53:18,4943.35,4943.35,3
2025-11-05T09:53:30.384968,09:53:30,4966.18,4966.18,3
2025-11-05T09:53:42.596718,09:53:42,4945.94,4945.94,3
2025-11-05T09:53:54.289621,09:53:54,4881.96,4881.96,3
2025-11-05T09:54:06.457576,09:54:06,4803.84,4803.84,3
2025-11-05T09:54:18.681235,09:54:18,4892.86,4892.86,3
2025-11-05T09:54:30.379159,09:54:30,4809.22,4809.22,3
2025-11-05T09:54:42.352365,09:54:42,4744.65,4744.65,3
2025-11-05T09:54:54.559535,09:54:54,4620.22,4620.22,3
2025-11-05T09:55:06.553455,09:55:06,4697.49,4697.49,3
2025-11-05T09:55:18.428306,09:55:18,4893.98,4893.98,3
2025-11-05T09:55:30.341815,09:55:30,4897.55,4897.55,3
2025-11-05T09:55:42.629134,09:55:42,4857.49,4857.49,3
2025-11-05T09:55:54.197338,09:55:54,4845.76,4845.76,3
2025-11-05T09:56:05.793986,09:56:05,4859.83,4859.83,3
2025-11-05T09:56:17.754857,09:56:17,4866.09,4866.09,3
2025-11-05T09:56:29.378438,09:56:29,4826.61,4826.61,3
2025-11-05T09:56:41.298046,09:56:41,4637.31,4637.31,3
2025-11-05T09:56:53.510641,09:56:53,4584.68,4584.68,3
2025-11-05T09:57:05.381698,09:57:05,4574.05,4574.05,3
2025-11-05T09:57:17.202444,09:57:17,4544.03,4544.03,3
2025-11-05T09:57:29.415965,09:57:29,4496.97,4496.97,3
2025-11-05T09:57:41.557829,09:57:41,4507.35,4507.35,3
2025-11-05T09:57:53.490084,09:57:53,4511.51,4511.51,3
2025-11-05T09:58:05.433182,09:58:05,4520.32,4520.32,3
2025-11-05T09:58:17.352740,09:58:17,4493.34,4493.34,3
2025-11-05T09:58:29.350122,09:58:29,4435.38,4435.38,3
2025-11-05T09:58:41.226994,09:58:41,4500.36,4500.36,3
2025-11-05T09:58:53.408091,09:58:53,4510.75,4510.75,3
2025-11-05T09:59:05.579104,09:59:05,4564.39,4564.39,3
2025-11-05T09:59:18.786607,09:59:18,4485.62,4485.62,3
2025-11-05T09:59:30.730895,09:59:30,4473.26,4473.26,3
2025-11-05T09:59:42.675150,09:59:42,4511.09,4511.09,3
2025-11-05T09:59:54.542948,09:59:54,4512.61,4512.61,3
2025-11-05T10:00:06.185337,10:00:06,4496.84,4496.84,3
2025-11-05T10:00:18.096932,10:00:18,4460.61,4460.61,3
2025-11-05T10:00:30.250213,10:00:30,4492.3,4492.3,3
2025-11-05T10:00:42.153241,10:00:42,4504.95,4504.95,3
2025-11-05T10:00:54.308356,10:00:54,4554.93,4554.93,3
2025-11-05T10:01:06.459564,10:01:06,4646.11,4646.11,3
2025-11-05T10:01:18.336912,10:01:18,4793.52,4793.52,3
2025-11-05T10:01:30.496522,10:01:30,4858.87,4858.87,3
2025-11-05T10:01:42.495105,10:01:42,4864.93,4864.93,3
2025-11-05T10:01:54.340604,10:01:54,4843.41,4843.41,3
2025-11-05T10:02:06.499947,10:02:06,4857.07,4857.07,3
2025-11-05T10:02:18.632941,10:02:18,4911.58,4911.58,3
2025-11-05T10:02:30.474441,10:02:30,4895.27,4895.27,3
2025-11-05T10:02:42.402565,10:02:42,4812.62,4812.62,3
2025-11-05T10:02:55.049905,10:02:55,4837.13,4837.13,3
2025-11-05T10:03:06.961424,10:03:06,4815.32,4815.32,3
2025-11-05T10:03:19.151471,10:03:19,4678.85,4678.85,3
2025-11-05T10:03:31.230960,10:03:31,4755.65,4755.65,3
2025-11-05T10:03:43.122315,10:03:43,4705.07,4705.07,3
2025-11-05T10:03:55.250088,10:03:55,4719.16,4719.16,3
2025-11-05T10:04:07.549772,10:04:07,4742.76,4742.76,3
2025-11-05T10:04:19.473213,10:04:19,4705.37,4705.37,3
2025-11-05T10:04:31.364348,10:04:31,4631.28,4631.28,3
2025-11-05T10:04:43.302637,10:04:43,4694.54,4694.54,3
2025-11-05T10:04:55.520903,10:04:55,4711.75,4711.75,3
2025-11-05T10:05:07.392726,10:05:07,4708.24,4708.24,3
2025-11-05T10:05:19.589624,10:05:19,4873.66,4873.66,3
2025-11-05T10:05:31.460203,10:05:31,4723.41,4723.41,3
2025-11-05T10:05:43.613012,10:05:43,4804.5,4804.5,3
2025-11-05T10:05:55.564684,10:05:55,4851.0,4851.0,3
2025-11-05T10:06:07.484076,10:06:07,4768.74,4768.74,3
2025-11-05T10:06:19.442190,10:06:19,4822.48,4822.48,3
2025-11-05T10:06:31.147635,10:06:31,4859.84,4859.84,3
2025-11-05T10:06:42.724813,10:06:42,4884.85,4884.85,3
2025-11-05T10:06:54.408462,10:06:54,4955.91,4955.91,3
2025-11-05T10:07:06.394247,10:07:06,5125.46,5125.46,3
2025-11-05T10:07:18.598702,10:07:18,5263.13,5263.13,3
2025-11-05T10:07:30.514382,10:07:30,5125.05,5125.05,3
2025-11-05T10:07:42.474280,10:07:42,5128.81,5128.81,3
2025-11-05T10:07:54.507483,10:07:54,5126.46,5126.46,3
2025-11-05T10:08:06.410635,10:08:06,5180.05,5180.05,3
2025-11-05T10:08:18.310739,10:08:18,5212.89,5212.89,3
2025-11-05T10:08:30.245542,10:08:30,5289.31,5289.31,3
2025-11-05T10:08:42.418891,10:08:42,5257.86,5257.86,3
2025-11-05T10:08:54.387178,10:08:54,5130.56,5130.56,3
2025-11-05T10:09:06.395563,10:09:06,5174.97,5174.97,3
2025-11-05T10:09:18.387566,10:09:18,5279.75,5279.75,3
2025-11-05T10:09:30.606353,10:09:30,5189.62,5189.62,3
2025-11-05T10:09:42.514867,10:09:42,5152.05,5152.05,3
2025-11-05T10:09:54.407460,10:09:54,5111.05,5111.05,3
2025-11-05T10:10:05.987700,10:10:05,5281.0,5281.0,3
2025-11-05T10:10:18.394923,10:10:18,5279.53,5279.53,3
2025-11-05T10:10:30.664449,10:10:30,5300.37,5300.37,3
2025-11-05T10:10:42.265173,10:10:42,5350.29,5350.29,3
2025-11-05T10:10:54.257652,10:10:54,5369.16,5369.16,3
2025-11-05T10:11:06.411270,10:11:06,5210.16,5210.16,3
2025-11-05T10:11:18.397931,10:11:18,5287.97,5287.97,3
2025-11-05T10:11:30.348379,10:11:30,5317.76,5317.76,3
2025-11-05T10:11:41.977932,10:11:41,5294.66,5294.66,3
2025-11-05T10:11:53.631113,10:11:53,5357.49,5357.49,3
2025-11-05T10:12:05.227191,10:12:05,5289.87,5289.87,3
2025-11-05T10:12:17.355984,10:12:17,5299.51,5299.51,3
2025-11-05T10:12:29.554036,10:12:29,5273.85,5273.85,3
2025-11-05T10:12:41.584716,10:12:41,5333.0,5333.0,3
2025-11-05T10:12:53.465213,10:12:53,5386.92,5386.92,3
2025-11-05T10:13:05.145064,10:13:05,5376.76,5376.76,3
2025-11-05T10:13:17.047345,10:13:17,5368.66,5368.66,3
2025-11-05T10:13:28.984388,10:13:28,5384.3,5384.3,3
2025-11-05T10:13:40.648417,10:13:40,5361.62,5361.62,3
2025-11-05T10:13:52.535878,10:13:52,5404.19,5404.19,3
2025-11-05T10:14:04.144704,10:14:04,5395.33,5395.33,3
2025-11-05T10:14:16.380473,10:14:16,5625.95,5625.95,3
2025-11-05T10:14:28.314671,10:14:28,5670.04,5670.04,3
2025-11-05T10:14:39.965357,10:14:39,5625.42,5625.42,3
2025-11-05T10:14:51.930629,10:14:51,5590.27,5590.27,3
2025-11-05T10:15:04.070725,10:15:04,5458.17,5458.17,3
2025-11-05T10:15:15.637536,10:15:15,5603.71,5603.71,3
2025-11-05T10:15:27.490305,10:15:27,5641.37,5641.37,3
2025-11-05T10:15:39.191592,10:15:39,5626.5,5626.5,3
2025-11-05T10:15:51.094874,10:15:51,5680.94,5680.94,3
2025-11-05T10:16:03.267961,10:16:03,5656.15,5656.15,3
2025-11-05T10:16:14.939546,10:16:14,5694.11,5694.11,3
2025-11-05T10:16:26.846725,10:16:26,5685.23,5685.23,3
2025-11-05T10:16:38.829282,10:16:38,5608.95,5608.95,3
2025-11-05T10:16:50.695881,10:16:50,5597.22,5597.22,3
2025-11-05T10:17:02.270015,10:17:02,5578.89,5578.89,3
2025-11-05T10:17:14.202159,10:17:14,5564.61,5564.61,3
2025-11-05T10:17:26.414459,10:17:26,5564.89,5564.89,3
2025-11-05T10:17:38.324074,10:17:38,5579.85,5579.85,3
2025-11-05T10:17:50.330911,10:17:50,5477.4,5477.4,3
2025-11-05T10:18:02.183920,10:18:02,5446.13,5446.13,3
2025-11-05T10:18:14.100920,10:18:14,5484.78,5484.78,3
2025-11-05T10:18:26.286812,10:18:26,5511.58,5511.58,3
2025-11-05T10:18:38.133016,10:18:38,5518.26,5518.26,3
2025-11-05T10:18:49.905526,10:18:49,5508.89,5508.89,3
2025-11-05T10:19:01.814078,10:19:01,5520.44,5520.44,3
2025-11-05T10:19:13.677684,10:19:13,5573.12,5573.12,3
2025-11-05T10:19:25.629677,10:19:25,5549.06,5549.06,3
2025-11-05T10:19:37.334488,10:19:37,5558.11,5558.11,3
2025-11-05T10:19:49.356142,10:19:49,5532.57,5532.57,3
2025-11-05T10:20:01.274457,10:20:01,5680.29,5680.29,3
2025-11-05T10:20:13.492959,10:20:13,5574.0,5574.0,3
2025-11-05T10:20:25.350459,10:20:25,5634.0,5634.0,3
2025-11-05T10:20:37.217686,10:20:37,5639.36,5639.36,3
2025-11-05T10:20:49.463261,10:20:49,5685.43,5685.43,3
2025-11-05T10:21:01.664857,10:21:01,5735.62,5735.62,3
2025-11-05T10:21:13.574235,10:21:13,5794.3,5794.3,3
2025-11-05T10:21:25.446466,10:21:25,5713.55,5713.55,3
2025-11-05T10:21:37.438481,10:21:37,5608.6,5608.6,3
2025-11-05T10:21:49.589503,10:21:49,5506.13,5506.13,3
2025-11-05T10:22:01.546227,10:22:01,5546.83,5546.83,3
2025-11-05T10:22:13.388093,10:22:13,5543.9,5543.9,3
2025-11-05T10:22:25.271836,10:22:25,5565.66,5565.66,3
2025-11-05T10:22:37.457527,10:22:37,5589.39,5589.39,3
2025-11-05T10:22:49.388503,10:22:49,5579.17,5579.17,3
2025-11-05T10:23:01.298985,10:23:01,5469.83,5469.83,3
2025-11-05T10:23:12.921187,10:23:12,5431.41,5431.41,3
2025-11-05T10:23:24.814075,10:23:24,5381.93,5381.93,3
2025-11-05T10:23:36.575478,10:23:36,5234.68,5234.68,3
2025-11-05T10:23:48.482596,10:23:48,5218.96,5218.96,3
2025-11-05T10:24:00.071633,10:24:00,5165.81,5165.81,3
2025-11-05T10:24:12.035764,10:24:12,5143.66,5143.66,3
2025-11-05T10:24:23.746119,10:24:23,5247.37,5247.37,3
2025-11-05T10:24:35.590338,10:24:35,5276.69,5276.69,3
2025-11-05T10:24:47.202009,10:24:47,5268.14,5268.14,3
2025-11-05T10:24:58.772210,10:24:58,5201.57,5201.57,3
2025-11-05T10:25:10.740270,10:25:10,5189.65,5189.65,3
2025-11-05T10:25:22.599230,10:25:22,5210.01,5210.01,3
2025-11-05T10:25:34.453177,10:25:34,5147.24,5147.24,3
2025-11-05T10:25:46.621808,10:25:46,5192.43,5192.43,3
2025-11-05T10:25:58.528691,10:25:58,5106.24,5106.24,3
2025-11-05T10:26:10.486016,10:26:10,5107.72,5107.72,3
2025-11-05T10:26:22.341922,10:26:22,5075.99,5075.99,3
2025-11-05T10:26:34.518571,10:26:34,5038.67,5038.67,3
2025-11-05T10:26:46.475833,10:26:46,5064.41,5064.41,3
2025-11-05T10:26:58.650915,10:26:58,5092.88,5092.88,3
2025-11-05T10:27:10.538769,10:27:10,5086.42,5086.42,3
2025-11-05T10:27:22.403052,10:27:22,5127.88,5127.88,3
2025-11-05T10:27:34.406643,10:27:34,5174.16,5174.16,3
2025-11-05T10:27:46.596119,10:27:46,5246.44,5246.44,3
2025-11-05T10:27:58.491993,10:27:58,5280.5,5280.5,3
2025-11-05T10:28:10.409890,10:28:10,5299.44,5299.44,3
2025-11-05T10:28:22.284365,10:28:22,5326.13,5326.13,3
2025-11-05T10:28:34.454767,10:28:34,5374.99,5374.99,3
2025-11-05T10:28:46.649135,10:28:46,5377.29,5377.29,3
2025-11-05T10:28:58.489370,10:28:58,5386.03,5386.03,3
2025-11-05T10:29:10.428148,10:29:10,5352.26,5352.26,3
2025-11-05T10:29:22.710861,10:29:22,5364.14,5364.14,3
2025-11-05T10:29:34.573932,10:29:34,5378.38,5378.38,3
2025-11-05T10:29:46.552517,10:29:46,5386.99,5386.99,3
2025-11-05T10:29:58.172171,10:29:58,5430.02,5430.02,3
2025-11-05T10:30:10.056431,10:30:10,5434.98,5434.98,3
2025-11-05T10:30:21.821310,10:30:21,5436.71,5436.71,3
2025-11-05T10:30:33.691684,10:30:33,5411.92,5411.92,3
2025-11-05T10:30:45.292942,10:30:45,5379.47,5379.47,3
2025-11-05T10:30:57.500284,10:30:57,5443.13,5443.13,3
2025-11-05T10:31:09.423465,10:31:09,5486.71,5486.71,3
2025-11-05T10:31:21.596230,10:31:21,5514.39,5514.39,3
2025-11-05T10:31:33.546613,10:31:33,5521.78,5521.78,3
2025-11-05T10:31:45.414678,10:31:45,5456.77,5456.77,3
2025-11-05T10:31:57.618190,10:31:57,5475.61,5475.61,3
2025-11-05T10:32:09.490712,10:32:09,5539.81,5539.81,3
2025-11-05T10:32:21.461824,10:32:21,5467.05,5467.05,3
2025-11-05T10:32:33.376239,10:32:33,5428.51,5428.51,3
2025-11-05T10:32:45.626253,10:32:45,5415.65,5415.65,3
2025-11-05T10:32:57.561536,10:32:57,5384.5,5384.5,3
2025-11-05T10:33:09.414589,10:33:09,5408.56,5408.56,3
2025-11-05T10:33:21.526453,10:33:21,5421.85,5421.85,3
2025-11-05T10:33:33.425023,10:33:33,5438.11,5438.11,3
2025-11-05T10:33:45.276321,10:33:45,5473.91,5473.91,3
2025-11-05T10:33:57.264881,10:33:57,5463.82,5463.82,3
2025-11-05T10:34:09.110426,10:34:09,5369.36,5369.36,3
2025-11-05T10:34:21.286273,10:34:21,5333.69,5333.69,3
2025-11-05T10:34:33.174456,10:34:33,5337.12,5337.12,3
2025-11-05T10:34:45.360546,10:34:45,5327.83,5327.83,3
2025-11-05T10:34:57.516412,10:34:57,5455.25,5455.25,3
2025-11-05T10:35:09.394560,10:35:09,5382.98,5382.98,3
2025-11-05T10:35:21.393623,10:35:21,5346.72,5346.72,3
2025-11-05T10:35:33.292501,10:35:33,5383.67,5383.67,3
2025-11-05T10:35:45.230511,10:35:45,5512.76,5512.76,3
2025-11-05T10:35:57.404038,10:35:57,5545.72,5545.72,3
2025-11-05T10:36:09.263800,10:36:09,5558.93,5558.93,3
2025-11-05T10:36:21.190058,10:36:21,5528.98,5528.98,3
2025-11-05T10:36:33.078268,10:36:33,5520.29,5520.29,3
2025-11-05T10:36:45.323127,10:36:45,5564.35,5564.35,3
2025-11-05T10:36:57.487056,10:36:57,5701.8,5701.8,3
2025-11-05T10:37:09.447852,10:37:09,5778.94,5778.94,3
2025-11-05T10:37:21.371573,10:37:21,5870.89,5870.89,3
2025-11-05T10:37:33.550958,10:37:33,5896.67,5896.67,3
2025-11-05T10:37:45.476139,10:37:45,5845.25,5845.25,3
2025-11-05T10:37:57.714325,10:37:57,5807.06,5807.06,3
2025-11-05T10:38:09.563080,10:38:09,5837.45,5837.45,3
2025-11-05T10:38:21.496165,10:38:21,5758.49,5758.49,3
2025-11-05T10:38:33.455346,10:38:33,5818.53,5818.53,3
2025-11-05T10:38:45.330280,10:38:45,5761.33,5761.33,3
2025-11-05T10:38:57.303727,10:38:57,5805.93,5805.93,3
2025-11-05T10:39:09.271036,10:39:09,5753.37,5753.37,3
2025-11-05T10:39:21.144642,10:39:21,5816.16,5816.16,3
2025-11-05T10:39:33.049576,10:39:33,5835.25,5835.25,3
2025-11-05T10:39:45.286922,10:39:45,5840.02,5840.02,3
2025-11-05T10:39:56.845728,10:39:56,5852.76,5852.76,3
2025-11-05T10:40:08.933144,10:40:08,6010.04,6010.04,3
2025-11-05T10:40:20.994235,10:40:20,5868.58,5868.58,3
2025-11-05T10:40:33.146844,10:40:33,5787.23,5787.23,3
2025-11-05T10:40:45.334247,10:40:45,5870.26,5870.26,3
2025-11-05T10:40:57.219219,10:40:57,5927.56,5927.56,3
2025-11-05T10:41:09.418066,10:41:09,6026.14,6026.14,3
2025-11-05T10:41:21.566223,10:41:21,5913.8,5913.8,3
2025-11-05T10:41:33.451273,10:41:33,5894.2,5894.2,3
2025-11-05T10:41:45.595592,10:41:45,5952.73,5952.73,3
2025-11-05T10:41:57.476665,10:41:57,5898.0,5898.0,3
2025-11-05T10:42:09.678941,10:42:09,5896.39,5896.39,3
2025-11-05T10:42:21.549918,10:42:21,5990.67,5990.67,3
2025-11-05T10:42:33.559404,10:42:33,6057.37,6057.37,3
2025-11-05T10:42:45.446224,10:42:45,6095.93,6095.93,3
2025-11-05T10:42:57.351596,10:42:57,6076.89,6076.89,3
2025-11-05T10:43:09.375802,10:43:09,6008.73,6008.73,3
2025-11-05T10:43:21.027443,10:43:21,6049.14,6049.14,3
2025-11-05T10:43:32.979331,10:43:32,6117.07,6117.07,3
2025-11-05T10:43:44.653124,10:43:44,6089.24,6089.24,3
2025-11-05T10:43:56.619112,10:43:56,6133.97,6133.97,3
2025-11-05T10:44:08.630106,10:44:08,6233.03,6233.03,3
2025-11-05T10:44:20.559915,10:44:20,6267.85,6267.85,3
2025-11-05T10:44:32.451101,10:44:32,6161.41,6161.41,3
2025-11-05T10:44:44.531388,10:44:44,6187.74,6187.74,3
2025-11-05T10:44:56.461523,10:44:56,6187.27,6187.27,3
2025-11-05T10:45:08.139191,10:45:08,6139.3,6139.3,3
2025-11-05T10:45:20.650099,10:45:20,6108.56,6108.56,3
2025-11-05T10:45:32.548163,10:45:32,6177.14,6177.14,3
2025-11-05T10:45:44.666319,10:45:44,6199.88,6199.88,3
2025-11-05T10:45:56.582724,10:45:56,6259.43,6259.43,3
2025-11-05T10:46:08.456705,10:46:08,6258.16,6258.16,3
2025-11-05T10:46:20.371272,10:46:20,6220.66,6220.66,3
2025-11-05T10:46:32.575868,10:46:32,6192.56,6192.56,3
2025-11-05T10:46:44.482309,10:46:44,6144.29,6144.29,3
2025-11-05T10:46:56.438221,10:46:56,6047.73,6047.73,3
2025-11-05T10:47:08.409073,10:47:08,5947.51,5947.51,3
2025-11-05T10:47:20.621255,10:47:20,5994.52,5994.52,3
2025-11-05T10:47:32.504816,10:47:32,6002.56,6002.56,3
2025-11-05T10:47:44.396399,10:47:44,6045.22,6045.22,3
2025-11-05T10:47:56.601937,10:47:56,6174.46,6174.46,3
2025-11-05T10:48:08.542609,10:48:08,6238.54,6238.54,3
2025-11-05T10:48:20.401573,10:48:20,6176.99,6176.99,3
2025-11-05T10:48:32.614621,10:48:32,6212.14,6212.14,3
2025-11-05T10:48:44.524576,10:48:44,6172.44,6172.44,3
2025-11-05T10:48:56.500695,10:48:56,6081.39,6081.39,3
2025-11-05T10:49:08.460670,10:49:08,6083.16,6083.16,3
2025-11-05T10:49:20.354729,10:49:20,6041.03,6041.03,3
2025-11-05T10:49:32.605296,10:49:32,6041.99,6041.99,3
2025-11-05T10:49:44.287010,10:49:44,6043.88,6043.88,3
2025-11-05T10:49:56.609722,10:49:56,6029.13,6029.13,3
2025-11-05T10:50:08.263046,10:50:08,5911.37,5911.37,3
2025-11-05T10:50:20.431866,10:50:20,5985.4,5985.4,3
2025-11-05T10:50:32.590474,10:50:32,5997.16,5997.16,3
2025-11-05T10:50:44.476881,10:50:44,6071.57,6071.57,3
2025-11-05T10:50:56.436954,10:50:56,5938.65,5938.65,3
2025-11-05T10:51:08.310044,10:51:08,5866.07,5866.07,3
2025-11-05T10:51:20.334933,10:51:20,5996.72,5996.72,3
2025-11-05T10:51:32.214539,10:51:32,5968.82,5968.82,3
2025-11-05T10:51:44.394982,10:51:44,5885.93,5885.93,3
2025-11-05T10:51:56.674558,10:51:56,5760.4,5760.4,3
2025-11-05T10:52:08.646964,10:52:08,5778.06,5778.06,3
2025-11-05T10:52:20.544245,10:52:20,5772.81,5772.81,3
2025-11-05T10:52:32.774303,10:52:32,5608.59,5608.59,3
2025-11-05T10:52:44.809911,10:52:44,5515.12,5515.12,3
2025-11-05T10:52:56.652712,10:52:56,5597.17,5597.17,3
2025-11-05T10:53:08.573682,10:53:08,5580.35,5580.35,3
2025-11-05T10:53:20.480229,10:53:20,5432.5,5432.5,3
2025-11-05T10:53:32.373553,10:53:32,5537.69,5537.69,3
2025-11-05T10:53:44.618932,10:53:44,5533.87,5533.87,3
2025-11-05T10:53:56.560561,10:53:56,5543.94,5543.94,3
2025-11-05T10:54:08.506725,10:54:08,5582.49,5582.49,3
2025-11-05T10:54:20.497431,10:54:20,5549.51,5549.51,3
2025-11-05T10:54:32.341667,10:54:32,5603.25,5603.25,3
2025-11-05T10:54:44.372505,10:54:44,5419.49,5419.49,3
2025-11-05T10:54:56.249541,10:54:56,5401.1,5401.1,3
2025-11-05T10:55:08.167013,10:55:08,5291.93,5291.93,3
2025-11-05T10:55:20.373784,10:55:20,5303.47,5303.47,3
2025-11-05T10:55:32.516939,10:55:32,5267.95,5267.95,3
2025-11-05T10:55:45.206606,10:55:45,5176.58,5176.58,3
2025-11-05T10:55:57.387629,10:55:57,5028.75,5028.75,3
2025-11-05T10:56:09.249952,10:56:09,5153.09,5153.09,3
2025-11-05T10:56:21.501393,10:56:21,5031.89,5031.89,3
2025-11-05T10:56:33.596626,10:56:33,5082.05,5082.05,3
2025-11-05T10:56:45.438577,10:56:45,5099.93,5099.93,3
2025-11-05T10:56:57.428418,10:56:57,5046.36,5046.36,3
2025-11-05T10:57:09.297465,10:57:09,5168.03,5168.03,3
2025-11-05T10:57:21.501897,10:57:21,5127.77,5127.77,3
2025-11-05T10:57:33.381560,10:57:33,5094.54,5094.54,3
2025-11-05T10:57:45.314185,10:57:45,5219.24,5219.24,3
2025-11-05T10:57:57.222276,10:57:57,5285.92,5285.92,3
2025-11-05T10:58:09.382157,10:58:09,5384.34,5384.34,3
2025-11-05T10:58:21.267221,10:58:21,5444.34,5444.34,3
2025-11-05T10:58:33.179691,10:58:33,5414.9,5414.9,3
2025-11-05T10:58:45.365321,10:58:45,5447.16,5447.16,3
2025-11-05T10:58:57.580281,10:58:57,5463.98,5463.98,3
2025-11-05T10:59:09.455004,10:59:09,5478.45,5478.45,3
2025-11-05T10:59:21.690444,10:59:21,5473.92,5473.92,3
2025-11-05T10:59:33.635668,10:59:33,5513.38,5513.38,3
2025-11-05T10:59:45.602608,10:59:45,5487.73,5487.73,3
2025-11-05T10:59:57.568354,10:59:57,5492.6,5492.6,3
2025-11-05T11:00:09.599422,11:00:09,5475.15,5475.15,3
2025-11-05T11:00:21.515991,11:00:21,5411.75,5411.75,3
2025-11-05T11:00:33.149739,11:00:33,5426.78,5426.78,3
2025-11-05T11:00:45.313429,11:00:45,5433.84,5433.84,3
2025-11-05T11:00:57.329923,11:00:57,5444.78,5444.78,3
2025-11-05T11:01:09.279131,11:01:09,5477.73,5477.73,3
2025-11-05T11:01:21.462939,11:01:21,5486.14,5486.14,3
2025-11-05T11:01:33.431068,11:01:33,5551.7,5551.7,3
2025-11-05T11:01:45.388766,11:01:45,5505.52,5505.52,3
2025-11-05T11:01:57.346517,11:01:57,5536.6,5536.6,3
2025-11-05T11:02:09.673689,11:02:09,5413.32,5413.32,3
2025-11-05T11:02:21.570220,11:02:21,5526.36,5526.36,3
2025-11-05T11:02:33.569739,11:02:33,5635.29,5635.29,3
2025-11-05T11:02:45.555696,11:02:45,5604.51,5604.51,3
2025-11-05T11:02:57.458790,11:02:57,5577.6,5577.6,3
2025-11-05T11:03:09.663987,11:03:09,5524.41,5524.41,3
2025-11-05T11:03:21.565553,11:03:21,5618.43,5618.43,3
2025-11-05T11:03:33.583111,11:03:33,5660.51,5660.51,3
2025-11-05T11:03:45.488965,11:03:45,5694.33,5694.33,3
2025-11-05T11:03:57.370455,11:03:57,5705.8,5705.8,3
2025-11-05T11:04:09.282942,11:04:09,5708.33,5708.33,3
2025-11-05T11:04:21.461217,11:04:21,5761.16,5761.16,3
2025-11-05T11:04:33.471030,11:04:33,5716.39,5716.39,3
2025-11-05T11:04:45.403232,11:04:45,5694.63,5694.63,3
2025-11-05T11:04:57.367690,11:04:57,5692.66,5692.66,3
2025-11-05T11:05:09.401484,11:05:09,5519.01,5519.01,3
2025-11-05T11:05:21.354198,11:05:21,5486.26,5486.26,3
2025-11-05T11:05:33.262542,11:05:33,5411.81,5411.81,3
2025-11-05T11:05:45.208649,11:05:45,5344.25,5344.25,3
2025-11-05T11:05:57.484359,11:05:57,5231.36,5231.36,3
2025-11-05T11:06:09.568123,11:06:09,5229.78,5229.78,3
2025-11-05T11:06:21.483581,11:06:21,5083.74,5083.74,3
2025-11-05T11:06:33.382806,11:06:33,5174.59,5174.59,3
2025-11-05T11:06:45.374923,11:06:45,5100.99,5100.99,3
2025-11-05T11:06:57.630408,11:06:57,5081.98,5081.98,3
2025-11-05T11:07:09.621922,11:07:09,5157.23,5157.23,3
2025-11-05T11:07:21.636241,11:07:21,5128.9,5128.9,3
2025-11-05T11:07:33.678350,11:07:33,5134.64,5134.64,3
2025-11-05T11:07:45.629406,11:07:45,5237.97,5237.97,3
2025-11-05T11:07:57.689698,11:07:57,5377.24,5377.24,3
2025-11-05T11:08:09.578075,11:08:09,5404.24,5404.24,3
2025-11-05T11:08:21.551822,11:08:21,5464.54,5464.54,3
2025-11-05T11:08:33.514746,11:08:33,5552.78,5552.78,3
2025-11-05T11:08:45.441134,11:08:45,5543.62,5543.62,3
2025-11-05T11:08:57.619973,11:08:57,5556.02,5556.02,3
2025-11-05T11:09:09.648242,11:09:09,5460.4,5460.4,3
2025-11-05T11:09:21.571422,11:09:21,5499.76,5499.76,3
2025-11-05T11:09:33.208931,11:09:33,5516.57,5516.57,3
2025-11-05T11:09:45.377226,11:09:45,5505.73,5505.73,3
2025-11-05T11:09:57.413137,11:09:57,5394.0,5394.0,3
2025-11-05T11:10:09.967301,11:10:09,5375.68,5375.68,3
2025-11-05T11:10:22.218026,11:10:22,5358.97,5358.97,3
2025-11-05T11:10:34.139359,11:10:34,5378.02,5378.02,3
2025-11-05T11:10:45.828557,11:10:45,5475.56,5475.56,3
2025-11-05T11:10:57.745568,11:10:57,5454.51,5454.51,3
2025-11-05T11:11:09.728886,11:11:09,5426.76,5426.76,3
2025-11-05T11:11:21.333780,11:11:21,5472.86,5472.86,3
2025-11-05T11:11:33.415421,11:11:33,5472.76,5472.76,3
2025-11-05T11:11:45.378288,11:11:45,5524.49,5524.49,3
2025-11-05T11:11:57.521158,11:11:57,5547.08,5547.08,3
2025-11-05T11:12:09.497885,11:12:09,5524.99,5524.99,3
2025-11-05T11:12:21.445495,11:12:21,5546.82,5546.82,3
2025-11-05T11:12:33.317735,11:12:33,5546.32,5546.32,3
2025-11-05T11:12:45.544478,11:12:45,5487.05,5487.05,3
2025-11-05T11:12:57.542714,11:12:57,5500.63,5500.63,3
2025-11-05T11:13:09.553533,11:13:09,5556.53,5556.53,3
2025-11-05T11:13:21.516569,11:13:21,5549.31,5549.31,3
2025-11-05T11:13:33.416461,11:13:33,5469.61,5469.61,3
2025-11-05T11:13:45.647908,11:13:45,5462.77,5462.77,3
2025-11-05T11:13:57.565634,11:13:57,5459.98,5459.98,3
2025-11-05T11:14:09.502267,11:14:09,5480.6,5480.6,3
2025-11-05T11:14:21.646711,11:14:21,5375.88,5375.88,3
2025-11-05T11:14:33.520333,11:14:33,5245.69,5245.69,3
2025-11-05T11:14:45.455244,11:14:45,5235.67,5235.67,3
2025-11-05T11:14:57.655651,11:14:57,5170.91,5170.91,3
2025-11-05T11:15:09.567562,11:15:09,5073.69,5073.69,3
2025-11-05T11:15:21.466473,11:15:21,5078.36,5078.36,3
2025-11-05T11:15:33.631477,11:15:33,5015.1,5015.1,3
2025-11-05T11:15:45.487365,11:15:45,5090.06,5090.06,3
2025-11-05T11:15:57.659589,11:15:57,5054.76,5054.76,3
2025-11-05T11:16:09.514033,11:16:09,5111.81,5111.81,3
2025-11-05T11:16:21.519394,11:16:21,5176.89,5176.89,3
2025-11-05T11:16:33.495690,11:16:33,5110.35,5110.35,3
2025-11-05T11:16:45.710879,11:16:45,5031.72,5031.72,3
2025-11-05T11:16:57.684282,11:16:57,5048.01,5048.01,3
2025-11-05T11:17:09.641647,11:17:09,5063.64,5063.64,3
2025-11-05T11:17:21.635416,11:17:21,5093.17,5093.17,3
2025-11-05T11:17:33.654359,11:17:33,5024.88,5024.88,3
2025-11-05T11:17:45.572840,11:17:45,5024.4,5024.4,3
2025-11-05T11:17:57.535219,11:17:57,5036.37,5036.37,3
2025-11-05T11:18:09.556107,11:18:09,5023.66,5023.66,3
2025-11-05T11:18:21.435870,11:18:21,4989.84,4989.84,3
2025-11-05T11:18:33.669608,11:18:33,4857.48,4857.48,3
2025-11-05T11:18:45.826994,11:18:45,4852.84,4852.84,3
2025-11-05T11:18:57.734478,11:18:57,4769.52,4769.52,3
2025-11-05T11:19:09.882495,11:19:09,4766.93,4766.93,3
2025-11-05T11:19:21.553337,11:19:21,4863.22,4863.22,3
2025-11-05T11:19:33.529677,11:19:33,4910.02,4910.02,3
2025-11-05T11:19:45.487546,11:19:45,4859.09,4859.09,3
2025-11-05T11:19:57.546645,11:19:57,4855.4,4855.4,3
2025-11-05T11:20:09.511182,11:20:09,4966.36,4966.36,3
2025-11-05T11:20:21.492261,11:20:21,5020.63,5020.63,3
2025-11-05T11:20:33.442863,11:20:33,5014.45,5014.45,3
2025-11-05T11:20:45.648856,11:20:45,4968.72,4968.72,3
2025-11-05T11:20:57.650073,11:20:57,4938.87,4938.87,3
2025-11-05T11:21:09.669338,11:21:09,4841.86,4841.86,3
2025-11-05T11:21:21.255664,11:21:21,4929.45,4929.45,3
2025-11-05T11:21:33.233554,11:21:33,4928.29,4928.29,3
2025-11-05T11:21:45.506511,11:21:45,4979.82,4979.82,3
2025-11-05T11:21:57.489007,11:21:57,5008.67,5008.67,3
2025-11-05T11:22:09.428546,11:22:09,5040.36,5040.36,3
2025-11-05T11:22:21.623857,11:22:21,5000.23,5000.23,3
2025-11-05T11:22:33.556530,11:22:33,4971.89,4971.89,3
2025-11-05T11:22:45.508833,11:22:45,4959.27,4959.27,3
2025-11-05T11:22:57.442171,11:22:57,4954.73,4954.73,3
2025-11-05T11:23:09.560304,11:23:09,4971.81,4971.81,3
2025-11-05T11:23:21.519908,11:23:21,4985.52,4985.52,3
2025-11-05T11:23:33.435781,11:23:33,5043.97,5043.97,3
2025-11-05T11:23:45.371438,11:23:45,5131.01,5131.01,3
2025-11-05T11:23:57.373108,11:23:57,5131.47,5131.47,3
2025-11-05T11:24:09.587129,11:24:09,5072.19,5072.19,3
2025-11-05T11:24:21.521601,11:24:21,5089.84,5089.84,3
2025-11-05T11:24:33.537906,11:24:33,5121.24,5121.24,3
2025-11-05T11:24:45.537240,11:24:45,5110.92,5110.92,3
2025-11-05T11:24:57.501823,11:24:57,5076.24,5076.24,3
2025-11-05T11:25:09.441629,11:25:09,5011.6,5011.6,3
2025-11-05T11:25:21.593842,11:25:21,4999.94,4999.94,3
2025-11-05T11:25:33.501315,11:25:33,5007.64,5007.64,3
2025-11-05T11:25:45.468300,11:25:45,5004.7,5004.7,3
2025-11-05T11:25:57.413514,11:25:57,4957.73,4957.73,3
2025-11-05T11:26:09.658029,11:26:09,4998.07,4998.07,3
2025-11-05T11:26:21.576726,11:26:21,5032.5,5032.5,3
2025-11-05T11:26:33.195956,11:26:33,5009.25,5009.25,3
2025-11-05T11:26:45.394577,11:26:45,5077.74,5077.74,3
2025-11-05T11:26:57.578382,11:26:57,5208.57,5208.57,3
2025-11-05T11:27:09.474807,11:27:09,5112.68,5112.68,3
2025-11-05T11:27:21.427899,11:27:21,5124.32,5124.32,3
2025-11-05T11:27:33.344386,11:27:33,5098.15,5098.15,3
2025-11-05T11:27:45.302032,11:27:45,5103.51,5103.51,3
2025-11-05T11:27:57.283133,11:27:57,5089.86,5089.86,3
2025-11-05T11:28:09.254402,11:28:09,5139.52,5139.52,3
2025-11-05T11:28:21.450983,11:28:21,5107.73,5107.73,3
2025-11-05T11:28:33.358872,11:28:33,5121.34,5121.34,3
2025-11-05T11:28:45.259902,11:28:45,5139.66,5139.66,3
2025-11-05T11:28:57.451534,11:28:57,5147.97,5147.97,3
2025-11-05T11:29:09.408545,11:29:09,5241.02,5241.02,3
2025-11-05T11:29:21.288235,11:29:21,5266.6,5266.6,3
2025-11-05T11:29:33.628547,11:29:33,5244.93,5244.93,3
2025-11-05T11:29:45.664292,11:29:45,5256.99,5256.99,3
2025-11-05T11:29:57.626611,11:29:57,5253.08,5253.08,3
2025-11-05T11:30:10.118634,11:30:10,5167.59,5167.59,3
2025-11-05T11:30:22.320163,11:30:22,5233.72,5233.72,3
2025-11-05T11:30:34.580583,11:30:34,5190.4,5190.4,3
2025-11-05T11:30:46.535499,11:30:46,5088.18,5088.18,3
2025-11-05T11:30:58.548097,11:30:58,5171.23,5171.23,3
2025-11-05T11:31:10.520750,11:31:10,5165.42,5165.42,3
2025-11-05T11:31:22.492807,11:31:22,5157.73,5157.73,3
2025-11-05T11:31:34.419209,11:31:34,5156.84,5156.84,3
2025-11-05T11:31:46.605561,11:31:46,5205.18,5205.18,3
2025-11-05T11:31:58.643601,11:31:58,5167.06,5167.06,3
2025-11-05T11:32:10.485793,11:32:10,5186.78,5186.78,3
2025-11-05T11:32:22.894268,11:32:22,5221.11,5221.11,3
2025-11-05T11:32:35.170617,11:32:35,5243.63,5243.63,3
2025-11-05T11:32:47.465095,11:32:47,5239.58,5239.58,3
2025-11-05T11:32:59.559653,11:32:59,5232.95,5232.95,3
2025-11-05T11:33:11.645391,11:33:11,5269.87,5269.87,3
2025-11-05T11:33:23.610604,11:33:23,5236.8,5236.8,3
2025-11-05T11:33:35.584786,11:33:35,5200.61,5200.61,3
2025-11-05T11:33:47.529042,11:33:47,5112.81,5112.81,3
2025-11-05T11:33:59.417795,11:33:59,5105.62,5105.62,3
2025-11-05T11:34:11.394367,11:34:11,4980.03,4980.03,3
2025-11-05T11:34:23.353013,11:34:23,5050.03,5050.03,3
2025-11-05T11:34:35.605009,11:34:35,5128.97,5128.97,3
2025-11-05T11:34:47.501550,11:34:47,5063.32,5063.32,3
2025-11-05T11:34:59.483502,11:34:59,4988.08,4988.08,3
2025-11-05T11:35:12.056364,11:35:12,5035.77,5035.77,3
2025-11-05T11:35:24.398660,11:35:24,5026.69,5026.69,3
2025-11-05T11:35:36.364686,11:35:36,5037.59,5037.59,3
2025-11-05T11:35:48.349573,11:35:48,5033.89,5033.89,3
2025-11-05T11:36:00.396104,11:36:00,5093.68,5093.68,3
2025-11-05T11:36:12.614435,11:36:12,5046.21,5046.21,3
2025-11-05T11:36:24.541200,11:36:24,4878.33,4878.33,3
2025-11-05T11:36:36.473094,11:36:36,4860.92,4860.92,3
2025-11-05T11:36:48.437208,11:36:48,4802.28,4802.28,3
2025-11-05T11:37:00.396361,11:37:00,4819.23,4819.23,3
2025-11-05T11:37:12.382215,11:37:12,4916.49,4916.49,3
2025-11-05T11:37:24.714056,11:37:24,4841.47,4841.47,3
2025-11-05T11:37:36.722488,11:37:36,4883.56,4883.56,3
2025-11-05T11:37:48.623481,11:37:48,4912.84,4912.84,3
2025-11-05T11:38:00.551686,11:38:00,4914.43,4914.43,3
2025-11-05T11:38:12.238577,11:38:12,4883.42,4883.42,3
2025-11-05T11:38:24.498539,11:38:24,4922.03,4922.03,3
2025-11-05T11:38:36.581308,11:38:36,4892.16,4892.16,3
2025-11-05T11:38:48.549773,11:38:48,4830.18,4830.18,3
2025-11-05T11:39:00.490702,11:39:00,4934.82,4934.82,3
2025-11-05T11:39:12.390953,11:39:12,4918.96,4918.96,3
2025-11-05T11:39:24.772608,11:39:24,4828.26,4828.26,3
2025-11-05T11:39:36.875784,11:39:36,4676.81,4676.81,3
2025-11-05T11:39:49.223106,11:39:49,4788.28,4788.28,3
2025-11-05T11:40:01.204706,11:40:01,4885.33,4885.33,3
2025-11-05T11:40:13.675822,11:40:13,4902.37,4902.37,3
2025-11-05T11:40:25.813828,11:40:25,4822.79,4822.79,3
2025-11-05T11:40:37.718143,11:40:37,4871.72,4871.72,3
2025-11-05T11:40:49.974466,11:40:49,4913.44,4913.44,3
2025-11-05T11:41:02.329359,11:41:02,4917.85,4917.85,3
2025-11-05T11:41:14.575807,11:41:14,4892.33,4892.33,3
2025-11-05T11:41:26.507961,11:41:26,4763.97,4763.97,3
2025-11-05T11:41:38.467118,11:41:38,4800.25,4800.25,3
2025-11-05T11:41:50.389396,11:41:50,4753.79,4753.79,3
2025-11-05T11:42:02.541959,11:42:02,4682.75,4682.75,3
2025-11-05T11:42:14.521901,11:42:14,4729.78,4729.78,3
2025-11-05T11:42:26.461645,11:42:26,4863.77,4863.77,3
2025-11-05T11:42:38.463736,11:42:38,4775.95,4775.95,3
2025-11-05T11:42:50.651639,11:42:50,4823.28,4823.28,3
2025-11-05T11:43:02.612714,11:43:02,4848.66,4848.66,3
2025-11-05T11:43:14.607628,11:43:14,4790.94,4790.94,3
2025-11-05T11:43:26.565077,11:43:26,4804.24,4804.24,3
2025-11-05T11:43:38.414807,11:43:38,4922.21,4922.21,3
2025-11-05T11:43:50.693585,11:43:50,4960.69,4960.69,3
2025-11-05T11:44:02.904875,11:44:02,5096.85,5096.85,3
2025-11-05T11:44:14.905483,11:44:14,5141.7,5141.7,3
2025-11-05T11:44:27.934535,11:44:27,5175.95,5175.95,3
2025-11-05T11:44:39.815026,11:44:39,5064.64,5064.64,3
2025-11-05T11:44:51.799271,11:44:51,5069.78,5069.78,3
2025-11-05T11:45:03.467045,11:45:03,5116.95,5116.95,3
2025-11-05T11:45:15.616816,11:45:15,5035.4,5035.4,3
2025-11-05T11:45:27.555517,11:45:27,5110.27,5110.27,3
2025-11-05T11:45:39.588506,11:45:39,5165.03,5165.03,3
2025-11-05T11:45:51.492789,11:45:51,4970.53,4970.53,3
2025-11-05T11:46:03.455227,11:46:03,4830.07,4830.07,3
2025-11-05T11:46:15.405075,11:46:15,4808.08,4808.08,3
2025-11-05T11:46:27.599871,11:46:27,4840.7,4840.7,3
2025-11-05T11:46:39.582242,11:46:39,4767.3,4767.3,3
2025-11-05T11:46:51.161516,11:46:51,4736.24,4736.24,3
2025-11-05T11:47:03.330701,11:47:03,4719.18,4719.18,3
2025-11-05T11:47:15.272809,11:47:15,4833.49,4833.49,3
2025-11-05T11:47:27.465035,11:47:27,4881.3,4881.3,3
2025-11-05T11:47:39.642692,11:47:39,4852.88,4852.88,3
2025-11-05T11:47:51.233076,11:47:51,4868.18,4868.18,3
2025-11-05T11:48:03.149751,11:48:03,4980.51,4980.51,3
2025-11-05T11:48:15.077012,11:48:15,5159.41,5159.41,3
2025-11-05T11:48:27.079418,11:48:27,5274.47,5274.47,3
2025-11-05T11:48:39.344079,11:48:39,5340.19,5340.19,3
2025-11-05T11:48:51.298884,11:48:51,5263.64,5263.64,3
2025-11-05T11:49:03.313944,11:49:03,5348.22,5348.22,3
2025-11-05T11:49:15.276700,11:49:15,5490.72,5490.72,3
2025-11-05T11:49:26.856214,11:49:26,5623.47,5623.47,3
2025-11-05T11:49:38.791247,11:49:38,5591.6,5591.6,3
2025-11-05T11:49:50.674850,11:49:50,5525.05,5525.05,3
2025-11-05T11:50:02.383041,11:50:02,5596.94,5596.94,3
2025-11-05T11:50:14.337446,11:50:14,5602.21,5602.21,3
2025-11-05T11:50:26.307518,11:50:26,5608.53,5608.53,3
2025-11-05T11:50:38.252331,11:50:38,5564.09,5564.09,3
2025-11-05T11:50:50.437017,11:50:50,5439.53,5439.53,3
2025-11-05T11:51:02.318304,11:51:02,5460.48,5460.48,3
2025-11-05T11:51:14.093273,11:51:14,5235.62,5235.62,3
2025-11-05T11:51:25.975450,11:51:25,5142.77,5142.77,3
2025-11-05T11:51:38.192547,11:51:38,5200.26,5200.26,3
2025-11-05T11:51:49.863707,11:51:49,5271.49,5271.49,3
2025-11-05T11:52:02.095778,11:52:02,5288.66,5288.66,3
2025-11-05T11:52:14.449085,11:52:14,5249.99,5249.99,3
2025-11-05T11:52:26.332312,11:52:26,5371.29,5371.29,3
2025-11-05T11:52:38.233061,11:52:38,5350.09,5350.09,3
2025-11-05T11:52:50.440053,11:52:50,5366.93,5366.93,3
2025-11-05T11:53:02.425445,11:53:02,5280.27,5280.27,3
2025-11-05T11:53:14.347723,11:53:14,5263.62,5263.62,3
2025-11-05T11:53:26.210150,11:53:26,5221.66,5221.66,3
2025-11-05T11:53:37.891253,11:53:37,5206.57,5206.57,3
2025-11-05T11:53:49.568478,11:53:49,5191.56,5191.56,3
2025-11-05T11:54:01.408963,11:54:01,5231.52,5231.52,3
2025-11-05T11:54:13.489283,11:54:13,5342.44,5342.44,3
2025-11-05T11:54:25.155609,11:54:25,5450.78,5450.78,3
2025-11-05T11:54:36.834058,11:54:36,5487.17,5487.17,3
2025-11-05T11:54:48.815418,11:54:48,5480.57,5480.57,3
2025-11-05T11:55:00.519986,11:55:00,5433.99,5433.99,3
2025-11-05T11:55:12.216626,11:55:12,5428.65,5428.65,3
2025-11-05T11:55:23.893644,11:55:23,5410.6,5410.6,3
2025-11-05T11:55:35.951723,11:55:35,5465.24,5465.24,3
2025-11-05T11:55:47.566327,11:55:47,5471.67,5471.67,3
2025-11-05T11:55:59.468304,11:55:59,5482.04,5482.04,3
2025-11-05T11:56:11.391878,11:56:11,5461.64,5461.64,3
2025-11-05T11:56:23.609478,11:56:23,5388.08,5388.08,3
2025-11-05T11:56:35.314645,11:56:35,5342.25,5342.25,3
2025-11-05T11:56:47.349248,11:56:47,5396.7,5396.7,3
2025-11-05T11:56:58.966684,11:56:58,5385.21,5385.21,3
2025-11-05T11:57:10.581795,11:57:10,5385.05,5385.05,3
2025-11-05T11:57:22.227800,11:57:22,5397.19,5397.19,3
2025-11-05T11:57:34.169548,11:57:34,5435.39,5435.39,3
2025-11-05T11:57:45.798534,11:57:45,5405.38,5405.38,3
2025-11-05T11:57:57.716539,11:57:57,5392.33,5392.33,3
2025-11-05T11:58:09.616688,11:58:09,5402.78,5402.78,3
2025-11-05T11:58:21.196239,11:58:21,5418.99,5418.99,3
2025-11-05T11:58:32.825690,11:58:32,5419.9,5419.9,3
2025-11-05T11:58:44.762865,11:58:44,5435.55,5435.55,3
2025-11-05T11:58:56.406627,11:58:56,5435.46,5435.46,3
2025-11-05T11:59:08.311882,11:59:08,5477.31,5477.31,3
2025-11-05T11:59:20.513052,11:59:20,5530.29,5530.29,3
2025-11-05T11:59:32.422875,11:59:32,5555.17,5555.17,3
2025-11-05T11:59:44.068853,11:59:44,5580.64,5580.64,3
2025-11-05T11:59:55.675843,11:59:55,5595.18,5595.18,3
2025-11-05T12:00:07.315508,12:00:07,5557.9,5557.9,3
2025-11-05T12:00:19.334940,12:00:19,5603.94,5603.94,3
2025-11-05T12:00:31.607386,12:00:31,5639.68,5639.68,3
2025-11-05T12:00:43.503941,12:00:43,5604.36,5604.36,3
2025-11-05T12:00:55.425022,12:00:55,5646.82,5646.82,3
2025-11-05T12:01:07.243085,12:01:07,5637.13,5637.13,3
2025-11-05T12:01:19.435214,12:01:19,5691.77,5691.77,3
2025-11-05T12:01:31.621913,12:01:31,5622.19,5622.19,3
2025-11-05T12:01:43.687690,12:01:43,5529.07,5529.07,3
2025-11-05T12:01:55.361209,12:01:55,5541.55,5541.55,3
2025-11-05T12:02:07.309941,12:02:07,5646.81,5646.81,3
2025-11-05T12:02:19.223358,12:02:19,5627.48,5627.48,3
2025-11-05T12:02:30.852181,12:02:30,5637.04,5637.04,3
2025-11-05T12:02:42.565357,12:02:42,5593.6,5593.6,3
2025-11-05T12:02:54.657532,12:02:54,5591.28,5591.28,3
2025-11-05T12:03:07.102633,12:03:07,5581.61,5581.61,3
2025-11-05T12:03:18.781383,12:03:18,5624.57,5624.57,3
2025-11-05T12:03:30.794107,12:03:30,5665.0,5665.0,3
2025-11-05T12:03:42.511561,12:03:42,5665.76,5665.76,3
2025-11-05T12:03:54.474799,12:03:54,5688.33,5688.33,3
2025-11-05T12:04:06.195291,12:04:06,5737.23,5737.23,3
2025-11-05T12:04:18.109064,12:04:18,5839.74,5839.74,3
2025-11-05T12:04:29.749940,12:04:29,5863.98,5863.98,3
2025-11-05T12:04:41.710602,12:04:41,5827.38,5827.38,3
2025-11-05T12:04:53.606348,12:04:53,5856.53,5856.53,3
2025-11-05T12:05:05.575055,12:05:05,5915.84,5915.84,3
2025-11-05T12:05:17.446168,12:05:17,5888.93,5888.93,3
2025-11-05T12:05:29.414275,12:05:29,5881.48,5881.48,3
2025-11-05T12:05:41.059919,12:05:41,5852.82,5852.82,3
2025-11-05T12:05:53.234022,12:05:53,5841.8,5841.8,3
2025-11-05T12:06:05.515237,12:06:05,5807.02,5807.02,3
2025-11-05T12:06:17.287241,12:06:17,5777.44,5777.44,3
2025-11-05T12:06:29.242212,12:06:29,5807.76,5807.76,3
2025-11-05T12:06:41.182048,12:06:41,5805.39,5805.39,3
2025-11-05T12:06:53.432260,12:06:53,5796.52,5796.52,3
2025-11-05T12:07:05.567763,12:07:05,5798.7,5798.7,3
2025-11-05T12:07:17.177997,12:07:17,5765.56,5765.56,3
2025-11-05T12:07:29.030324,12:07:29,5860.87,5860.87,3
2025-11-05T12:07:40.929098,12:07:40,5793.55,5793.55,3
2025-11-05T12:07:52.589177,12:07:52,5789.06,5789.06,3
2025-11-05T12:08:04.571742,12:08:04,5749.89,5749.89,3
2025-11-05T12:08:16.767981,12:08:16,5692.15,5692.15,3
2025-11-05T12:08:28.337146,12:08:28,5664.06,5664.06,3
2025-11-05T12:08:39.987022,12:08:39,5546.91,5546.91,3
2025-11-05T12:08:51.919237,12:08:51,5385.79,5385.79,3
2025-11-05T12:09:03.582599,12:09:03,5378.74,5378.74,3
2025-11-05T12:09:15.480113,12:09:15,5298.08,5298.08,3
2025-11-05T12:09:27.638954,12:09:27,5289.21,5289.21,3
2025-11-05T12:09:39.258720,12:09:39,5273.66,5273.66,3
2025-11-05T12:09:51.184089,12:09:51,5325.63,5325.63,3
2025-11-05T12:10:03.385352,12:10:03,5351.39,5351.39,3
2025-11-05T12:10:15.525240,12:10:15,5383.49,5383.49,3
2025-11-05T12:10:27.487443,12:10:27,5388.62,5388.62,3
2025-11-05T12:10:39.109158,12:10:39,5334.04,5334.04,3
2025-11-05T12:10:51.016947,12:10:51,5306.35,5306.35,3
2025-11-05T12:11:02.636463,12:11:02,5362.89,5362.89,3
2025-11-05T12:11:14.591846,12:11:14,5292.28,5292.28,3
2025-11-05T12:11:26.660351,12:11:26,5239.49,5239.49,3
2025-11-05T12:11:38.389089,12:11:38,5376.57,5376.57,3
2025-11-05T12:11:50.297990,12:11:50,5313.79,5313.79,3
2025-11-05T12:12:02.239667,12:12:02,5326.86,5326.86,3
2025-11-05T12:12:14.454710,12:12:14,5262.03,5262.03,3
2025-11-05T12:12:26.373857,12:12:26,5228.47,5228.47,3
2025-11-05T12:12:38.292539,12:12:38,5249.26,5249.26,3
2025-11-05T12:12:50.231803,12:12:50,5240.13,5240.13,3
2025-11-05T12:13:02.553451,12:13:02,5275.69,5275.69,3
2025-11-05T12:13:14.460651,12:13:14,5300.51,5300.51,3
2025-11-05T12:13:26.006923,12:13:26,5304.35,5304.35,3
2025-11-05T12:13:38.327522,12:13:38,5400.2,5400.2,3
2025-11-05T12:13:49.963798,12:13:49,5442.95,5442.95,3
2025-11-05T12:14:02.205725,12:14:02,5514.58,5514.58,3
2025-11-05T12:14:14.111056,12:14:14,5608.41,5608.41,3
2025-11-05T12:14:26.324595,12:14:26,5552.86,5552.86,3
2025-11-05T12:14:38.325993,12:14:38,5623.35,5623.35,3
2025-11-05T12:14:50.548028,12:14:50,5587.52,5587.52,3
2025-11-05T12:15:02.687752,12:15:02,5516.9,5516.9,3
2025-11-05T12:15:14.593793,12:15:14,5405.22,5405.22,3
2025-11-05T12:15:26.535161,12:15:26,5467.64,5467.64,3
2025-11-05T12:15:38.550362,12:15:38,5436.68,5436.68,3
2025-11-05T12:15:50.425466,12:15:50,5454.26,5454.26,3
2025-11-05T12:16:02.457913,12:16:02,5487.46,5487.46,3
2025-11-05T12:16:14.697279,12:16:14,5526.91,5526.91,3
2025-11-05T12:16:26.673167,12:16:26,5551.35,5551.35,3
2025-11-05T12:16:38.605309,12:16:38,5581.21,5581.21,3
2025-11-05T12:16:50.856247,12:16:50,5566.95,5566.95,3
2025-11-05T12:17:02.773295,12:17:02,5594.86,5594.86,3
2025-11-05T12:17:14.731763,12:17:14,5494.2,5494.2,3
2025-11-05T12:17:26.638388,12:17:26,5497.67,5497.67,3
2025-11-05T12:17:38.640833,12:17:38,5552.46,5552.46,3
2025-11-05T12:17:50.653161,12:17:50,5581.56,5581.56,3
2025-11-05T12:18:02.676597,12:18:02,5552.62,5552.62,3
2025-11-05T12:18:14.615574,12:18:14,5537.88,5537.88,3
2025-11-05T12:18:26.522975,12:18:26,5545.36,5545.36,3
2025-11-05T12:18:38.834075,12:18:38,5555.05,5555.05,3
2025-11-05T12:18:50.750559,12:18:50,5554.8,5554.8,3
2025-11-05T12:19:03.021497,12:19:03,5570.76,5570.76,3
2025-11-05T12:19:15.198508,12:19:15,5562.84,5562.84,3
2025-11-05T12:19:27.436936,12:19:27,5535.01,5535.01,3
2025-11-05T12:19:39.546137,12:19:39,5662.6,5662.6,3
2025-11-05T12:19:51.529743,12:19:51,5667.71,5667.71,3
2025-11-05T12:20:04.015499,12:20:04,5793.62,5793.62,3
2025-11-05T12:20:15.943192,12:20:15,5819.85,5819.85,3
2025-11-05T12:20:28.208962,12:20:28,5882.63,5882.63,3
2025-11-05T12:20:40.488806,12:20:40,5804.69,5804.69,3
2025-11-05T12:20:52.485544,12:20:52,5824.26,5824.26,3
2025-11-05T12:21:04.494175,12:21:04,5829.51,5829.51,3
2025-11-05T12:21:16.420936,12:21:16,5845.1,5845.1,3
2025-11-05T12:21:28.326812,12:21:28,5838.0,5838.0,3
2025-11-05T12:21:40.558427,12:21:40,5823.27,5823.27,3
2025-11-05T12:21:52.499966,12:21:52,5873.17,5873.17,3
2025-11-05T12:22:04.477251,12:22:04,5947.93,5947.93,3
2025-11-05T12:22:16.665018,12:22:16,5975.78,5975.78,3
2025-11-05T12:22:28.596742,12:22:28,6029.58,6029.58,3
2025-11-05T12:22:40.254682,12:22:40,6021.06,6021.06,3
2025-11-05T12:22:52.238935,12:22:52,6010.64,6010.64,3
2025-11-05T12:23:04.477155,12:23:04,5997.35,5997.35,3
2025-11-05T12:23:16.437816,12:23:16,5944.36,5944.36,3
2025-11-05T12:23:28.383499,12:23:28,5913.54,5913.54,3
2025-11-05T12:23:40.346776,12:23:40,5917.46,5917.46,3
2025-11-05T12:23:52.577063,12:23:52,5928.77,5928.77,3
2025-11-05T12:24:04.673458,12:24:04,5933.69,5933.69,3
2025-11-05T12:24:16.601101,12:24:16,5913.34,5913.34,3
2025-11-05T12:24:28.555027,12:24:28,5940.43,5940.43,3
2025-11-05T12:24:40.534232,12:24:40,5844.39,5844.39,3
2025-11-05T12:24:52.473315,12:24:52,5774.89,5774.89,3
2025-11-05T12:25:04.422077,12:25:04,5706.28,5706.28,3
2025-11-05T12:25:16.642325,12:25:16,5789.4,5789.4,3
2025-11-05T12:25:28.618649,12:25:28,5868.31,5868.31,3
2025-11-05T12:25:40.649630,12:25:40,5828.18,5828.18,3
2025-11-05T12:25:52.587817,12:25:52,5841.97,5841.97,3
2025-11-05T12:26:04.647376,12:26:04,5941.86,5941.86,3
2025-11-05T12:26:16.279554,12:26:16,5917.67,5917.67,3
2025-11-05T12:26:28.475884,12:26:28,5936.98,5936.98,3
2025-11-05T12:26:40.455722,12:26:40,5968.89,5968.89,3
2025-11-05T12:26:52.358943,12:26:52,6010.74,6010.74,3
2025-11-05T12:27:04.566733,12:27:04,6052.86,6052.86,3
2025-11-05T12:27:16.513844,12:27:16,6141.16,6141.16,3
2025-11-05T12:27:28.540939,12:27:28,6136.9,6136.9,3
2025-11-05T12:27:40.611144,12:27:40,6042.27,6042.27,3
2025-11-05T12:27:52.588481,12:27:52,6065.67,6065.67,3
2025-11-05T12:28:04.574918,12:28:04,6035.71,6035.71,3
2025-11-05T12:28:16.567164,12:28:16,5988.19,5988.19,3
2025-11-05T12:28:28.470191,12:28:28,5949.25,5949.25,3
2025-11-05T12:28:40.426699,12:28:40,5944.15,5944.15,3
2025-11-05T12:28:52.460211,12:28:52,5965.49,5965.49,3
2025-11-05T12:29:04.475623,12:29:04,6011.14,6011.14,3
2025-11-05T12:29:16.376883,12:29:16,6048.01,6048.01,3
2025-11-05T12:29:28.479322,12:29:28,6068.8,6068.8,3
2025-11-05T12:29:40.515666,12:29:40,6085.42,6085.42,3
2025-11-05T12:29:52.435949,12:29:52,6079.43,6079.43,3
2025-11-05T12:30:05.117534,12:30:05,6097.89,6097.89,3
2025-11-05T12:30:17.551787,12:30:17,6151.25,6151.25,3
2025-11-05T12:30:29.620838,12:30:29,6074.06,6074.06,3
2025-11-05T12:30:41.343822,12:30:41,6097.3,6097.3,3
2025-11-05T12:30:53.623181,12:30:53,6066.56,6066.56,3
2025-11-05T12:31:05.655666,12:31:05,6007.63,6007.63,3
2025-11-05T12:31:17.603326,12:31:17,6004.25,6004.25,3
2025-11-05T12:31:29.534328,12:31:29,5998.19,5998.19,3
2025-11-05T12:31:41.196459,12:31:41,5869.36,5869.36,3
2025-11-05T12:31:53.389261,12:31:53,5875.71,5875.71,3
2025-11-05T12:32:05.348070,12:32:05,5875.16,5875.16,3
2025-11-05T12:32:17.371418,12:32:17,5866.66,5866.66,3
2025-11-05T12:32:29.266732,12:32:29,5890.43,5890.43,3
2025-11-05T12:32:41.424127,12:32:41,5900.86,5900.86,3
2025-11-05T12:32:53.314409,12:32:53,5898.52,5898.52,3
2025-11-05T12:33:04.974438,12:33:04,5891.95,5891.95,3
2025-11-05T12:33:16.846391,12:33:16,5924.09,5924.09,3
2025-11-05T12:33:28.809406,12:33:28,5884.59,5884.59,3
2025-11-05T12:33:40.774592,12:33:40,5877.96,5877.96,3
2025-11-05T12:33:52.712088,12:33:52,5830.4,5830.4,3
2025-11-05T12:34:04.339420,12:34:04,5956.9,5956.9,3
2025-11-05T12:34:16.224029,12:34:16,5952.41,5952.41,3
2025-11-05T12:34:27.813451,12:34:27,5873.67,5873.67,3
2025-11-05T12:34:39.420175,12:34:39,5840.27,5840.27,3
2025-11-05T12:34:51.613096,12:34:51,5841.94,5841.94,3
2025-11-05T12:35:03.927357,12:35:03,5825.63,5825.63,3
2025-11-05T12:35:15.703637,12:35:15,5734.55,5734.55,3
2025-11-05T12:35:27.387351,12:35:27,5696.03,5696.03,3
2025-11-05T12:35:39.335308,12:35:39,5689.02,5689.02,3
2025-11-05T12:35:51.312441,12:35:51,5740.8,5740.8,3
2025-11-05T12:36:03.512036,12:36:03,5753.28,5753.28,3
2025-11-05T12:36:15.399092,12:36:15,5741.09,5741.09,3
2025-11-05T12:36:27.329261,12:36:27,5705.12,5705.12,3
2025-11-05T12:36:38.915290,12:36:38,5641.3,5641.3,3
2025-11-05T12:36:50.588956,12:36:50,5660.95,5660.95,3
2025-11-05T12:37:02.235955,12:37:02,5707.56,5707.56,3
2025-11-05T12:37:14.183920,12:37:14,5678.91,5678.91,3
2025-11-05T12:37:25.763174,12:37:25,5765.78,5765.78,3
2025-11-05T12:37:37.375178,12:37:37,5691.27,5691.27,3
2025-11-05T12:37:49.258841,12:37:49,5712.42,5712.42,3
2025-11-05T12:38:01.116280,12:38:01,5683.43,5683.43,3
2025-11-05T12:38:12.797101,12:38:12,5680.24,5680.24,3
2025-11-05T12:38:24.369371,12:38:24,5681.84,5681.84,3
2025-11-05T12:38:36.243872,12:38:36,5591.52,5591.52,3
2025-11-05T12:38:48.110223,12:38:48,5614.28,5614.28,3
2025-11-05T12:38:59.988184,12:38:59,5667.12,5667.12,3
2025-11-05T12:39:11.869747,12:39:11,5671.52,5671.52,3
2025-11-05T12:39:23.785618,12:39:23,5676.14,5676.14,3
2025-11-05T12:39:35.685468,12:39:35,5689.7,5689.7,3
2025-11-05T12:39:47.303576,12:39:47,5686.11,5686.11,3
2025-11-05T12:39:59.438397,12:39:59,5744.62,5744.62,3
2025-11-05T12:40:11.093760,12:40:11,5682.95,5682.95,3
2025-11-05T12:40:22.812899,12:40:22,5708.52,5708.52,3
2025-11-05T12:40:34.855880,12:40:34,5716.77,5716.77,3
2025-11-05T12:40:46.446208,12:40:46,5683.05,5683.05,3
2025-11-05T12:40:58.546896,12:40:58,5666.37,5666.37,3
2025-11-05T12:41:10.288709,12:41:10,5539.7,5539.7,3
2025-11-05T12:41:21.919263,12:41:21,5530.01,5530.01,3
2025-11-05T12:41:33.563885,12:41:33,5476.34,5476.34,3
2025-11-05T12:41:45.199390,12:41:45,5348.58,5348.58,3
2025-11-05T12:41:57.197220,12:41:57,5346.83,5346.83,3
2025-11-05T12:42:09.151896,12:42:09,5355.9,5355.9,3
2025-11-05T12:42:20.949793,12:42:20,5318.97,5318.97,3
2025-11-05T12:42:33.176477,12:42:33,5381.47,5381.47,3
2025-11-05T12:42:44.785184,12:42:44,5472.51,5472.51,3
2025-11-05T12:42:56.793847,12:42:56,5480.64,5480.64,3
2025-11-05T12:43:08.846235,12:43:08,5507.3,5507.3,3
2025-11-05T12:43:20.799047,12:43:20,5425.58,5425.58,3
2025-11-05T12:43:32.549375,12:43:32,5479.45,5479.45,3
2025-11-05T12:43:44.262495,12:43:44,5605.35,5605.35,3
2025-11-05T12:43:56.480274,12:43:56,5594.84,5594.84,3
2025-11-05T12:44:08.475040,12:44:08,5586.25,5586.25,3
2025-11-05T12:44:20.371641,12:44:20,5585.67,5585.67,3
2025-11-05T12:44:32.359615,12:44:32,5592.56,5592.56,3
2025-11-05T12:44:44.395569,12:44:44,5658.36,5658.36,3
2025-11-05T12:44:56.373925,12:44:56,5703.58,5703.58,3
2025-11-05T12:45:09.718659,12:45:09,5631.53,5631.53,3
2025-11-05T12:45:21.616217,12:45:21,5663.73,5663.73,3
2025-11-05T12:45:33.616181,12:45:33,5710.86,5710.86,3
2025-11-05T12:45:45.248455,12:45:45,5708.98,5708.98,3
2025-11-05T12:45:56.997988,12:45:56,5703.21,5703.21,3
2025-11-05T12:46:09.274672,12:46:09,5704.47,5704.47,3
2025-11-05T12:46:21.201236,12:46:21,5630.32,5630.32,3
2025-11-05T12:46:32.905639,12:46:32,5584.46,5584.46,3
2025-11-05T12:46:44.547170,12:46:44,5579.07,5579.07,3
2025-11-05T12:46:56.210478,12:46:56,5661.58,5661.58,3
2025-11-05T12:47:07.898956,12:47:07,5653.21,5653.21,3
2025-11-05T12:47:19.819701,12:47:19,5627.62,5627.62,3
2025-11-05T12:47:31.472827,12:47:31,5587.8,5587.8,3
2025-11-05T12:47:43.128505,12:47:43,5661.67,5661.67,3
2025-11-05T12:47:55.379702,12:47:55,5625.47,5625.47,3
2025-11-05T12:48:07.635549,12:48:07,5643.18,5643.18,3
2025-11-05T12:48:19.608600,12:48:19,5690.55,5690.55,3
2025-11-05T12:48:31.640064,12:48:31,5671.71,5671.71,3
2025-11-05T12:48:43.282473,12:48:43,5686.52,5686.52,3
2025-11-05T12:48:55.326499,12:48:55,5677.76,5677.76,3
2025-11-05T12:49:07.562436,12:49:07,5616.58,5616.58,3
2025-11-05T12:49:19.537448,12:49:19,5679.44,5679.44,3
2025-11-05T12:49:31.457915,12:49:31,5637.05,5637.05,3
2025-11-05T12:49:43.173792,12:49:43,5637.79,5637.79,3
2025-11-05T12:49:54.836712,12:49:54,5622.35,5622.35,3
2025-11-05T12:50:06.749682,12:50:06,5553.98,5553.98,3
2025-11-05T12:50:18.706062,12:50:18,5535.5,5535.5,3
2025-11-05T12:50:30.677412,12:50:30,5554.44,5554.44,3
2025-11-05T12:50:42.390375,12:50:42,5471.58,5471.58,3
2025-11-05T12:50:54.369239,12:50:54,5417.47,5417.47,3
2025-11-05T12:51:06.370646,12:51:06,5306.8,5306.8,3
2025-11-05T12:51:18.284240,12:51:18,5269.82,5269.82,3
2025-11-05T12:51:30.114136,12:51:30,5225.9,5225.9,3
2025-11-05T12:51:42.113782,12:51:42,5209.66,5209.66,3
2025-11-05T12:51:54.074035,12:51:54,5212.73,5212.73,3
2025-11-05T12:52:05.804095,12:52:05,5179.34,5179.34,3
2025-11-05T12:52:17.703284,12:52:17,5123.37,5123.37,3
2025-11-05T12:52:29.798434,12:52:29,5049.37,5049.37,3
2025-11-05T12:52:41.741921,12:52:41,5043.32,5043.32,3
2025-11-05T12:52:53.338852,12:52:53,5027.15,5027.15,3
2025-11-05T12:53:05.297283,12:53:05,5140.25,5140.25,3
2025-11-05T12:53:17.570505,12:53:17,5180.3,5180.3,3
2025-11-05T12:53:29.625435,12:53:29,5218.14,5218.14,3
2025-11-05T12:53:41.277665,12:53:41,5146.16,5146.16,3
2025-11-05T12:53:52.990457,12:53:52,5249.83,5249.83,3
2025-11-05T12:54:05.309249,12:54:05,5314.15,5314.15,3
2025-11-05T12:54:16.923924,12:54:16,5426.13,5426.13,3
2025-11-05T12:54:28.560034,12:54:28,5526.62,5526.62,3
2025-11-05T12:54:40.573318,12:54:40,5446.81,5446.81,3
2025-11-05T12:54:52.565304,12:54:52,5401.2,5401.2,3
2025-11-05T12:55:04.794828,12:55:04,5320.36,5320.36,3
2025-11-05T12:55:16.716161,12:55:16,5274.93,5274.93,3
2025-11-05T12:55:28.733432,12:55:28,5237.34,5237.34,3
2025-11-05T12:55:40.333798,12:55:40,5194.89,5194.89,3
2025-11-05T12:55:52.470110,12:55:52,5314.45,5314.45,3
2025-11-05T12:56:04.375350,12:56:04,5433.86,5433.86,3
2025-11-05T12:56:16.575281,12:56:16,5331.46,5331.46,3
2025-11-05T12:56:28.539138,12:56:28,5382.93,5382.93,3
2025-11-05T12:56:40.485789,12:56:40,5321.95,5321.95,3
2025-11-05T12:56:52.726351,12:56:52,5255.0,5255.0,3
2025-11-05T12:57:04.675379,12:57:04,5278.11,5278.11,3
2025-11-05T12:57:16.428151,12:57:16,5384.0,5384.0,3
2025-11-05T12:57:28.045797,12:57:28,5439.02,5439.02,3
2025-11-05T12:57:39.657855,12:57:39,5397.78,5397.78,3
2025-11-05T12:57:51.274800,12:57:51,5455.29,5455.29,3
2025-11-05T12:58:03.193496,12:58:03,5467.52,5467.52,3
2025-11-05T12:58:15.123670,12:58:15,5508.52,5508.52,3
2025-11-05T12:58:26.777511,12:58:26,5539.26,5539.26,3
2025-11-05T12:58:38.425208,12:58:38,5520.69,5520.69,3
2025-11-05T12:58:50.392977,12:58:50,5516.33,5516.33,3
2025-11-05T12:59:02.440960,12:59:02,5464.2,5464.2,3
2025-11-05T12:59:14.442059,12:59:14,5457.5,5457.5,3
2025-11-05T12:59:26.224255,12:59:26,5469.85,5469.85,3
2025-11-05T12:59:38.514223,12:59:38,5426.59,5426.59,3
2025-11-05T12:59:50.417353,12:59:50,5444.89,5444.89,3
2025-11-05T13:00:02.471371,13:00:02,5428.63,5428.63,3
2025-11-05T13:00:14.114782,13:00:14,5421.64,5421.64,3
2025-11-05T13:00:26.108155,13:00:26,5429.83,5429.83,3
2025-11-05T13:00:38.075472,13:00:38,5471.69,5471.69,3
2025-11-05T13:00:50.212312,13:00:50,5441.58,5441.58,3
2025-11-05T13:01:02.450540,13:01:02,5381.16,5381.16,3
2025-11-05T13:01:14.524435,13:01:14,5314.24,5314.24,3
2025-11-05T13:01:26.231007,13:01:26,5291.03,5291.03,3
2025-11-05T13:01:38.165542,13:01:38,5325.37,5325.37,3
2025-11-05T13:01:50.142465,13:01:50,5355.59,5355.59,3
2025-11-05T13:02:01.872090,13:02:01,5417.66,5417.66,3
2025-11-05T13:02:14.133743,13:02:14,5515.33,5515.33,3
2025-11-05T13:02:25.824549,13:02:25,5608.76,5608.76,3
2025-11-05T13:02:37.851434,13:02:37,5597.25,5597.25,3
2025-11-05T13:02:49.815374,13:02:49,5499.98,5499.98,3
2025-11-05T13:03:01.728949,13:03:01,5413.91,5413.91,3
2025-11-05T13:03:13.694576,13:03:13,5481.33,5481.33,3
2025-11-05T13:03:25.341065,13:03:25,5465.79,5465.79,3
2025-11-05T13:03:37.248873,13:03:37,5534.84,5534.84,3
2025-11-05T13:03:49.121705,13:03:49,5578.83,5578.83,3
2025-11-05T13:04:00.792174,13:04:00,5578.59,5578.59,3
2025-11-05T13:04:12.710651,13:04:12,5610.23,5610.23,3
2025-11-05T13:04:24.688415,13:04:24,5628.38,5628.38,3
2025-11-05T13:04:36.584480,13:04:36,5625.4,5625.4,3
2025-11-05T13:04:48.231783,13:04:48,5596.96,5596.96,3
2025-11-05T13:05:00.454456,13:05:00,5565.59,5565.59,3
2025-11-05T13:05:12.070623,13:05:12,5531.36,5531.36,3
2025-11-05T13:05:24.276873,13:05:24,5521.11,5521.11,3
2025-11-05T13:05:36.469515,13:05:36,5471.74,5471.74,3
2025-11-05T13:05:48.488742,13:05:48,5457.5,5457.5,3
2025-11-05T13:06:00.479053,13:06:00,5442.4,5442.4,3
2025-11-05T13:06:12.168061,13:06:12,5470.0,5470.0,3
2025-11-05T13:06:24.436567,13:06:24,5491.93,5491.93,3
2025-11-05T13:06:36.400410,13:06:36,5615.37,5615.37,3
2025-11-05T13:06:48.404253,13:06:48,5645.54,5645.54,3
2025-11-05T13:07:00.347367,13:07:00,5683.19,5683.19,3
2025-11-05T13:07:12.251166,13:07:12,5700.0,5700.0,3
2025-11-05T13:07:23.922132,13:07:23,5614.85,5614.85,3
2025-11-05T13:07:35.571516,13:07:35,5595.08,5595.08,3
2025-11-05T13:07:47.246129,13:07:47,5627.92,5627.92,3
2025-11-05T13:07:58.861663,13:07:58,5611.52,5611.52,3
2025-11-05T13:08:11.001653,13:08:11,5611.36,5611.36,3
2025-11-05T13:08:22.687474,13:08:22,5611.65,5611.65,3
2025-11-05T13:08:34.734245,13:08:34,5624.3,5624.3,3
2025-11-05T13:08:46.768919,13:08:46,5601.47,5601.47,3
2025-11-05T13:08:58.697196,13:08:58,5590.92,5590.92,3
2025-11-05T13:09:10.442085,13:09:10,5513.96,5513.96,3
2025-11-05T13:09:22.424953,13:09:22,5512.14,5512.14,3
2025-11-05T13:09:34.632292,13:09:34,5573.57,5573.57,3
2025-11-05T13:09:46.760174,13:09:46,5588.55,5588.55,3
2025-11-05T13:09:58.769536,13:09:58,5616.02,5616.02,3
2025-11-05T13:10:10.758325,13:10:10,5645.31,5645.31,3
2025-11-05T13:10:22.398984,13:10:22,5618.91,5618.91,3
2025-11-05T13:10:34.370364,13:10:34,5707.31,5707.31,3
2025-11-05T13:10:46.248601,13:10:46,5830.67,5830.67,3
2025-11-05T13:10:58.184372,13:10:58,5756.64,5756.64,3
2025-11-05T13:11:10.647163,13:11:10,5709.68,5709.68,3
2025-11-05T13:11:22.384098,13:11:22,5734.36,5734.36,3
2025-11-05T13:11:34.010857,13:11:34,5752.13,5752.13,3
2025-11-05T13:11:45.674444,13:11:45,5749.4,5749.4,3
2025-11-05T13:11:57.614859,13:11:57,5779.88,5779.88,3
2025-11-05T13:12:09.863029,13:12:09,5769.32,5769.32,3
2025-11-05T13:12:21.774657,13:12:21,5765.46,5765.46,3
2025-11-05T13:12:33.428383,13:12:33,5767.07,5767.07,3
2025-11-05T13:12:45.038902,13:12:45,5787.87,5787.87,3
2025-11-05T13:12:57.001341,13:12:57,5778.28,5778.28,3
2025-11-05T13:13:08.659745,13:13:08,5741.49,5741.49,3
2025-11-05T13:13:20.709875,13:13:20,5628.1,5628.1,3
2025-11-05T13:13:33.203985,13:13:33,5572.18,5572.18,3
2025-11-05T13:13:45.268772,13:13:45,5543.23,5543.23,3
2025-11-05T13:13:57.210791,13:13:57,5553.52,5553.52,3
2025-11-05T13:14:09.149748,13:14:09,5552.1,5552.1,3
2025-11-05T13:14:20.780511,13:14:20,5555.37,5555.37,3
2025-11-05T13:14:32.836334,13:14:32,5548.08,5548.08,3
2025-11-05T13:14:44.829194,13:14:44,5557.48,5557.48,3
2025-11-05T13:14:56.880738,13:14:56,5692.22,5692.22,3
2025-11-05T13:15:08.872793,13:15:08,5705.84,5705.84,3
2025-11-05T13:15:21.064143,13:15:21,5671.6,5671.6,3
2025-11-05T13:15:33.238677,13:15:33,5705.11,5705.11,3
2025-11-05T13:15:45.718629,13:15:45,5714.62,5714.62,3
2025-11-05T13:15:57.345429,13:15:57,5698.4,5698.4,3
2025-11-05T13:16:09.277432,13:16:09,5712.95,5712.95,3
2025-11-05T13:16:21.390476,13:16:21,5690.59,5690.59,3
2025-11-05T13:16:33.290726,13:16:33,5651.75,5651.75,3
2025-11-05T13:16:45.202898,13:16:45,5662.6,5662.6,3
2025-11-05T13:16:56.894329,13:16:56,5731.78,5731.78,3
2025-11-05T13:17:08.502375,13:17:08,5686.37,5686.37,3
2025-11-05T13:17:20.442289,13:17:20,5667.11,5667.11,3
2025-11-05T13:17:32.325411,13:17:32,5673.01,5673.01,3
2025-11-05T13:17:44.224677,13:17:44,5689.76,5689.76,3
2025-11-05T13:17:55.835765,13:17:55,5667.88,5667.88,3
2025-11-05T13:18:07.817106,13:18:07,5568.25,5568.25,3
2025-11-05T13:18:19.433989,13:18:19,5554.83,5554.83,3
2025-11-05T13:18:31.726231,13:18:31,5616.29,5616.29,3
2025-11-05T13:18:43.714802,13:18:43,5646.29,5646.29,3
2025-11-05T13:18:55.682633,13:18:55,5670.85,5670.85,3
2025-11-05T13:19:07.320115,13:19:07,5696.66,5696.66,3
2025-11-05T13:19:19.536312,13:19:19,5686.8,5686.8,3
2025-11-05T13:19:31.533693,13:19:31,5698.35,5698.35,3
2025-11-05T13:19:43.474579,13:19:43,5723.76,5723.76,3
2025-11-05T13:19:55.089330,13:19:55,5710.06,5710.06,3
2025-11-05T13:20:06.931508,13:20:06,5690.4,5690.4,3
2025-11-05T13:20:18.566738,13:20:18,5617.03,5617.03,3
2025-11-05T13:20:30.512683,13:20:30,5610.87,5610.87,3
2025-11-05T13:20:42.224180,13:20:42,5659.45,5659.45,3
2025-11-05T13:20:54.225911,13:20:54,5743.87,5743.87,3
2025-11-05T13:21:06.457658,13:21:06,5723.47,5723.47,3
2025-11-05T13:21:18.422730,13:21:18,5749.4,5749.4,3
2025-11-05T13:21:30.389246,13:21:30,5744.7,5744.7,3
2025-11-05T13:21:42.050548,13:21:42,5757.47,5757.47,3
2025-11-05T13:21:53.694174,13:21:53,5756.78,5756.78,3
2025-11-05T13:22:05.327090,13:22:05,5671.85,5671.85,3
2025-11-05T13:22:17.242316,13:22:17,5711.59,5711.59,3
2025-11-05T13:22:28.878107,13:22:28,5733.01,5733.01,3
2025-11-05T13:22:40.844829,13:22:40,5676.22,5676.22,3
2025-11-05T13:22:52.747972,13:22:52,5714.73,5714.73,3
2025-11-05T13:23:04.861752,13:23:04,5827.26,5827.26,3
2025-11-05T13:23:16.740410,13:23:16,5876.63,5876.63,3
2025-11-05T13:23:28.660157,13:23:28,5876.61,5876.61,3
2025-11-05T13:23:40.312557,13:23:40,5837.39,5837.39,3
2025-11-05T13:23:52.172171,13:23:52,5880.57,5880.57,3
2025-11-05T13:24:04.407319,13:24:04,5891.68,5891.68,3
2025-11-05T13:24:16.083189,13:24:16,5874.97,5874.97,3
2025-11-05T13:24:28.295953,13:24:28,5880.82,5880.82,3
2025-11-05T13:24:40.206738,13:24:40,5872.57,5872.57,3
2025-11-05T13:24:52.109648,13:24:52,5881.16,5881.16,3
2025-11-05T13:25:03.816796,13:25:03,5932.19,5932.19,3
2025-11-05T13:25:15.793714,13:25:15,5950.98,5950.98,3
2025-11-05T13:25:27.709191,13:25:27,5938.01,5938.01,3
2025-11-05T13:25:39.654912,13:25:39,5999.48,5999.48,3
2025-11-05T13:25:51.561085,13:25:51,6044.14,6044.14,3
2025-11-05T13:26:03.456541,13:26:03,6069.76,6069.76,3
2025-11-05T13:26:15.345487,13:26:15,6136.97,6136.97,3
2025-11-05T13:26:27.580269,13:26:27,6145.97,6145.97,3
2025-11-05T13:26:39.582043,13:26:39,6176.52,6176.52,3
2025-11-05T13:26:51.215465,13:26:51,6193.79,6193.79,3
2025-11-05T13:27:03.258977,13:27:03,6041.2,6041.2,3
2025-11-05T13:27:15.240883,13:27:15,5996.27,5996.27,3
2025-11-05T13:27:27.429957,13:27:27,5962.3,5962.3,3
2025-11-05T13:27:39.398317,13:27:39,5977.59,5977.59,3
2025-11-05T13:27:51.333878,13:27:51,5993.04,5993.04,3
2025-11-05T13:28:03.003551,13:28:03,5995.63,5995.63,3
2025-11-05T13:28:14.874559,13:28:14,5976.16,5976.16,3
2025-11-05T13:28:26.790629,13:28:26,6037.75,6037.75,3
2025-11-05T13:28:38.748922,13:28:38,6072.23,6072.23,3
2025-11-05T13:28:50.688415,13:28:50,5990.04,5990.04,3
2025-11-05T13:29:02.706826,13:29:02,5984.1,5984.1,3
2025-11-05T13:29:14.658180,13:29:14,5938.65,5938.65,3
2025-11-05T13:29:26.718371,13:29:26,5968.87,5968.87,3
2025-11-05T13:29:38.469587,13:29:38,5862.99,5862.99,3
2025-11-05T13:29:50.650886,13:29:50,5867.81,5867.81,3
2025-11-05T13:30:04.058766,13:30:04,5815.87,5815.87,3
2025-11-05T13:30:17.299435,13:30:17,5479.39,5479.39,3
2025-11-05T13:30:29.442360,13:30:29,5429.5,5429.5,3
2025-11-05T13:30:41.403561,13:30:41,5334.36,5334.36,3
2025-11-05T13:30:53.632557,13:30:53,5226.81,5226.81,3
2025-11-05T13:31:05.527405,13:31:05,5384.79,5384.79,3
2025-11-05T13:31:17.411219,13:31:17,5578.24,5578.24,3
2025-11-05T13:31:29.329716,13:31:29,5493.23,5493.23,3
2025-11-05T13:31:41.311834,13:31:41,5439.31,5439.31,3
2025-11-05T13:31:53.307385,13:31:53,5511.78,5511.78,3
2025-11-05T13:32:04.916264,13:32:04,5564.17,5564.17,3
2025-11-05T13:32:16.817902,13:32:16,5521.83,5521.83,3
2025-11-05T13:32:28.643487,13:32:28,5500.24,5500.24,3
2025-11-05T13:32:40.512480,13:32:40,5508.36,5508.36,3
2025-11-05T13:32:52.106944,13:32:52,5501.03,5501.03,3
2025-11-05T13:33:04.328397,13:33:04,5523.68,5523.68,3
2025-11-05T13:33:16.430785,13:33:16,5435.97,5435.97,3
2025-11-05T13:33:28.390122,13:33:28,5448.19,5448.19,3
2025-11-05T13:33:40.304118,13:33:40,5340.76,5340.76,3
2025-11-05T13:33:52.254434,13:33:52,5381.81,5381.81,3
2025-11-05T13:34:04.213712,13:34:04,5464.45,5464.45,3
2025-11-05T13:34:16.370082,13:34:16,5414.12,5414.12,3
2025-11-05T13:34:27.989728,13:34:27,5509.8,5509.8,3
2025-11-05T13:34:39.631870,13:34:39,5475.56,5475.56,3
2025-11-05T13:34:52.036860,13:34:52,5409.27,5409.27,3
2025-11-05T13:35:04.187067,13:35:04,5475.27,5475.27,3
2025-11-05T13:35:16.879724,13:35:16,5510.99,5510.99,3
2025-11-05T13:35:29.136393,13:35:29,5555.74,5555.74,3
2025-11-05T13:35:40.939586,13:35:40,5547.9,5547.9,3
2025-11-05T13:35:52.594510,13:35:52,5515.97,5515.97,3
2025-11-05T13:36:04.853229,13:36:04,5529.92,5529.92,3
2025-11-05T13:36:16.821396,13:36:16,5547.79,5547.79,3
2025-11-05T13:36:28.407274,13:36:28,5513.38,5513.38,3
2025-11-05T13:36:40.327610,13:36:40,5666.98,5666.98,3
2025-11-05T13:36:52.328136,13:36:52,5505.91,5505.91,3
2025-11-05T13:37:04.334108,13:37:04,5378.82,5378.82,3
2025-11-05T13:37:16.207257,13:37:16,5361.51,5361.51,3
2025-11-05T13:37:28.154601,13:37:28,5450.1,5450.1,3
2025-11-05T13:37:39.848841,13:37:39,5407.23,5407.23,3
2025-11-05T13:37:51.540762,13:37:51,5450.04,5450.04,3
2025-11-05T13:38:03.519201,13:38:03,5508.98,5508.98,3
2025-11-05T13:38:15.402798,13:38:15,5500.38,5500.38,3
2025-11-05T13:38:27.142681,13:38:27,5503.26,5503.26,3
2025-11-05T13:38:39.421298,13:38:39,5539.47,5539.47,3
2025-11-05T13:38:51.066356,13:38:51,5572.66,5572.66,3
2025-11-05T13:39:03.034047,13:39:03,5503.02,5503.02,3
2025-11-05T13:39:15.211229,13:39:15,5527.64,5527.64,3
2025-11-05T13:39:27.264304,13:39:27,5512.26,5512.26,3
2025-11-05T13:39:39.235967,13:39:39,5578.79,5578.79,3
2025-11-05T13:39:51.190213,13:39:51,5583.64,5583.64,3
2025-11-05T13:40:05.002598,13:40:05,5667.62,5667.62,3
2025-11-05T13:40:17.713658,13:40:17,5492.82,5492.82,3
2025-11-05T13:40:29.912934,13:40:29,5446.45,5446.45,3
2025-11-05T13:40:41.826295,13:40:41,5418.09,5418.09,3
2025-11-05T13:40:53.900026,13:40:53,5415.47,5415.47,3
2025-11-05T13:41:06.152870,13:41:06,5337.53,5337.53,3
2025-11-05T13:41:18.114654,13:41:18,5405.27,5405.27,3
2025-11-05T13:41:29.814727,13:41:29,5465.92,5465.92,3
2025-11-05T13:41:41.793709,13:41:41,5395.68,5395.68,3
2025-11-05T13:41:53.881711,13:41:53,5335.34,5335.34,3
2025-11-05T13:42:05.495887,13:42:05,5358.89,5358.89,3
2025-11-05T13:42:17.361782,13:42:17,5357.47,5357.47,3
2025-11-05T13:42:29.572384,13:42:29,5385.54,5385.54,3
2025-11-05T13:42:41.306369,13:42:41,5359.82,5359.82,3
2025-11-05T13:42:52.963944,13:42:52,5406.55,5406.55,3
2025-11-05T13:43:04.700016,13:43:04,5368.06,5368.06,3
2025-11-05T13:43:16.370855,13:43:16,5373.9,5373.9,3
2025-11-05T13:43:27.996920,13:43:27,5319.09,5319.09,3
2025-11-05T13:43:39.628806,13:43:39,5323.72,5323.72,3
2025-11-05T13:43:51.231558,13:43:51,5350.16,5350.16,3
2025-11-05T13:44:02.970270,13:44:02,5347.47,5347.47,3
2025-11-05T13:44:14.871942,13:44:14,5362.44,5362.44,3
2025-11-05T13:44:26.607111,13:44:26,5483.9,5483.9,3
2025-11-05T13:44:38.255948,13:44:38,5395.8,5395.8,3
2025-11-05T13:44:50.214640,13:44:50,5473.56,5473.56,3
2025-11-05T13:45:01.865838,13:45:01,5475.28,5475.28,3
2025-11-05T13:45:14.017901,13:45:14,5496.24,5496.24,3
2025-11-05T13:45:25.737801,13:45:25,5355.38,5355.38,3
2025-11-05T13:45:37.670279,13:45:37,5285.62,5285.62,3
2025-11-05T13:45:49.347991,13:45:49,5256.68,5256.68,3
2025-11-05T13:46:01.297103,13:46:01,5254.53,5254.53,3
2025-11-05T13:46:13.250993,13:46:13,5199.59,5199.59,3
2025-11-05T13:46:24.965983,13:46:24,5211.58,5211.58,3
2025-11-05T13:46:36.777413,13:46:36,5263.3,5263.3,3
2025-11-05T13:46:48.740520,13:46:48,5252.87,5252.87,3
2025-11-05T13:47:00.629808,13:47:00,5260.26,5260.26,3
2025-11-05T13:47:12.772215,13:47:12,5279.92,5279.92,3
2025-11-05T13:47:24.708567,13:47:24,5243.16,5243.16,3
2025-11-05T13:47:36.599822,13:47:36,5083.93,5083.93,3
2025-11-05T13:47:48.571542,13:47:48,5134.56,5134.56,3
2025-11-05T13:48:00.282449,13:48:00,5086.44,5086.44,3
2025-11-05T13:48:12.204088,13:48:12,5144.08,5144.08,3
2025-11-05T13:48:24.144789,13:48:24,5123.3,5123.3,3
2025-11-05T13:48:35.796800,13:48:35,5171.78,5171.78,3
2025-11-05T13:48:47.841009,13:48:47,5155.41,5155.41,3
2025-11-05T13:48:59.728974,13:48:59,5050.9,5050.9,3
2025-11-05T13:49:11.748340,13:49:11,5113.62,5113.62,3
2025-11-05T13:49:23.784243,13:49:23,5128.75,5128.75,3
2025-11-05T13:49:35.765541,13:49:35,5152.01,5152.01,3
2025-11-05T13:49:47.666591,13:49:47,5136.63,5136.63,3
2025-11-05T13:49:59.342937,13:49:59,5110.99,5110.99,3
2025-11-05T13:50:11.326459,13:50:11,5115.31,5115.31,3
2025-11-05T13:50:23.533204,13:50:23,5091.67,5091.67,3
2025-11-05T13:50:35.104173,13:50:35,5115.87,5115.87,3
2025-11-05T13:50:46.819176,13:50:46,5101.82,5101.82,3
2025-11-05T13:50:58.475400,13:50:58,5055.03,5055.03,3
2025-11-05T13:51:10.171761,13:51:10,5006.11,5006.11,3
2025-11-05T13:51:22.047684,13:51:22,5138.57,5138.57,3
2025-11-05T13:51:33.700155,13:51:33,5186.15,5186.15,3
2025-11-05T13:51:45.388644,13:51:45,5113.1,5113.1,3
2025-11-05T13:51:57.455000,13:51:57,5003.25,5003.25,3
2025-11-05T13:52:09.483954,13:52:09,4846.72,4846.72,3
2025-11-05T13:52:21.441066,13:52:21,4827.6,4827.6,3
2025-11-05T13:52:33.125235,13:52:33,4665.99,4665.99,3
2025-11-05T13:52:44.747777,13:52:44,4606.31,4606.31,3
2025-11-05T13:52:56.425012,13:52:56,4612.81,4612.81,3
2025-11-05T13:53:08.066244,13:53:08,4379.29,4379.29,3
2025-11-05T13:53:19.662740,13:53:19,4406.77,4406.77,3
2025-11-05T13:53:31.231987,13:53:31,4379.29,4379.29,3
2025-11-05T13:53:43.117290,13:53:43,4357.73,4357.73,3
2025-11-05T13:53:54.831403,13:53:54,4337.46,4337.46,3
2025-11-05T13:54:06.507118,13:54:06,4337.82,4337.82,3
2025-11-05T13:54:18.180405,13:54:18,4406.1,4406.1,3
2025-11-05T13:54:29.824790,13:54:29,4401.62,4401.62,3
2025-11-05T13:54:42.067677,13:54:42,4301.67,4301.67,3
2025-11-05T13:54:53.979755,13:54:53,4435.93,4435.93,3
2025-11-05T13:55:05.938078,13:55:05,4544.07,4544.07,3
2025-11-05T13:55:18.096558,13:55:18,4667.25,4667.25,3
2025-11-05T13:55:29.840495,13:55:29,4627.37,4627.37,3
2025-11-05T13:55:41.735346,13:55:41,4591.47,4591.47,3
2025-11-05T13:55:53.605783,13:55:53,4677.37,4677.37,3
2025-11-05T13:56:05.575788,13:56:05,4708.48,4708.48,3
2025-11-05T13:56:17.450990,13:56:17,4723.5,4723.5,3
2025-11-05T13:56:29.396675,13:56:29,4746.78,4746.78,3
2025-11-05T13:56:41.404918,13:56:41,4681.48,4681.48,3
2025-11-05T13:56:53.329525,13:56:53,4831.75,4831.75,3
2025-11-05T13:57:05.197365,13:57:05,4894.63,4894.63,3
2025-11-05T13:57:17.150340,13:57:17,4966.28,4966.28,3
2025-11-05T13:57:29.437211,13:57:29,5015.01,5015.01,3
2025-11-05T13:57:41.036811,13:57:41,4870.19,4870.19,3
2025-11-05T13:57:52.738063,13:57:52,4844.8,4844.8,3
2025-11-05T13:58:04.656798,13:58:04,4840.82,4840.82,3
2025-11-05T13:58:16.375891,13:58:16,4851.38,4851.38,3
2025-11-05T13:58:28.016992,13:58:28,4830.39,4830.39,3
2025-11-05T13:58:40.291647,13:58:40,4844.7,4844.7,3
2025-11-05T13:58:52.187529,13:58:52,4941.43,4941.43,3
2025-11-05T13:59:03.778665,13:59:03,4989.39,4989.39,3
2025-11-05T13:59:15.674812,13:59:15,4982.26,4982.26,3
2025-11-05T13:59:27.271026,13:59:27,4924.81,4924.81,3
2025-11-05T13:59:39.322829,13:59:39,4996.85,4996.85,3
2025-11-05T13:59:51.230659,13:59:51,4935.35,4935.35,3
2025-11-05T14:00:03.762255,14:00:03,4843.5,4843.5,3
2025-11-05T14:00:15.357508,14:00:15,4812.87,4812.87,3
2025-11-05T14:00:27.301763,14:00:27,4784.06,4784.06,3
2025-11-05T14:00:38.911351,14:00:38,4726.21,4726.21,3
2025-11-05T14:00:50.951207,14:00:50,4656.44,4656.44,3
2025-11-05T14:01:03.160785,14:01:03,4659.65,4659.65,3
2025-11-05T14:01:14.756432,14:01:14,4770.42,4770.42,3
2025-11-05T14:01:26.391369,14:01:26,4712.82,4712.82,3
2025-11-05T14:01:38.285934,14:01:38,4895.64,4895.64,3
2025-11-05T14:01:50.171626,14:01:50,4985.43,4985.43,3
2025-11-05T14:02:02.123078,14:02:02,4999.26,4999.26,3
2025-11-05T14:02:13.999395,14:02:13,5125.03,5125.03,3
2025-11-05T14:02:25.664852,14:02:25,5227.66,5227.66,3
2025-11-05T14:02:37.280798,14:02:37,5443.02,5443.02,3
2025-11-05T14:02:49.242182,14:02:49,5228.61,5228.61,3
2025-11-05T14:03:01.140645,14:03:01,5241.0,5241.0,3
2025-11-05T14:03:13.281265,14:03:13,5323.0,5323.0,3
2025-11-05T14:03:25.495268,14:03:25,5229.63,5229.63,3
2025-11-05T14:03:37.404496,14:03:37,5268.92,5268.92,3
2025-11-05T14:03:49.038357,14:03:49,5221.79,5221.79,3
2025-11-05T14:04:01.336655,14:04:01,5118.21,5118.21,3
2025-11-05T14:04:13.503092,14:04:13,5242.09,5242.09,3
2025-11-05T14:04:25.476199,14:04:25,5225.42,5225.42,3
2025-11-05T14:04:37.128380,14:04:37,5298.92,5298.92,3
2025-11-05T14:04:49.369875,14:04:49,5302.47,5302.47,3
2025-11-05T14:05:00.995180,14:05:00,5429.82,5429.82,3
2025-11-05T14:05:12.620093,14:05:12,5460.75,5460.75,3
2025-11-05T14:05:24.250126,14:05:24,5427.59,5427.59,3
2025-11-05T14:05:36.428179,14:05:36,5399.42,5399.42,3
2025-11-05T14:05:48.383015,14:05:48,5414.65,5414.65,3
2025-11-05T14:06:00.001198,14:06:00,5445.35,5445.35,3
2025-11-05T14:06:11.696657,14:06:11,5514.13,5514.13,3
2025-11-05T14:06:23.330607,14:06:23,5514.3,5514.3,3
2025-11-05T14:06:35.278621,14:06:35,5573.63,5573.63,3
2025-11-05T14:06:47.465691,14:06:47,5547.53,5547.53,3
2025-11-05T14:06:59.377285,14:06:59,5471.03,5471.03,3
2025-11-05T14:07:11.005748,14:07:11,5219.06,5219.06,3
2025-11-05T14:07:22.891723,14:07:22,5299.8,5299.8,3
2025-11-05T14:07:34.807934,14:07:34,5323.27,5323.27,3
2025-11-05T14:07:46.718755,14:07:46,5425.0,5425.0,3
2025-11-05T14:07:58.318586,14:07:58,5499.81,5499.81,3
2025-11-05T14:08:10.495405,14:08:10,5573.04,5573.04,3
2025-11-05T14:08:22.116650,14:08:22,5521.58,5521.58,3
2025-11-05T14:08:33.792014,14:08:33,5364.97,5364.97,3
2025-11-05T14:08:45.703964,14:08:45,5400.12,5400.12,3
2025-11-05T14:08:57.646808,14:08:57,5318.56,5318.56,3
2025-11-05T14:09:09.589685,14:09:09,5447.36,5447.36,3
2025-11-05T14:09:21.693699,14:09:21,5415.26,5415.26,3
2025-11-05T14:09:33.302860,14:09:33,5422.89,5422.89,3
2025-11-05T14:09:45.196581,14:09:45,5356.49,5356.49,3
2025-11-05T14:09:57.136622,14:09:57,5321.94,5321.94,3
2025-11-05T14:10:09.002923,14:10:09,5196.35,5196.35,3
2025-11-05T14:10:20.641260,14:10:20,5287.3,5287.3,3
2025-11-05T14:10:32.227036,14:10:32,5217.54,5217.54,3
2025-11-05T14:10:44.492003,14:10:44,5211.23,5211.23,3
2025-11-05T14:10:56.485289,14:10:56,5250.62,5250.62,3
2025-11-05T14:11:08.159582,14:11:08,5160.56,5160.56,3
2025-11-05T14:11:20.050334,14:11:20,5080.29,5080.29,3
2025-11-05T14:11:32.227506,14:11:32,5036.13,5036.13,3
2025-11-05T14:11:43.802802,14:11:43,5052.69,5052.69,3
2025-11-05T14:11:55.738174,14:11:55,5105.01,5105.01,3
2025-11-05T14:12:07.439978,14:12:07,5119.71,5119.71,3
2025-11-05T14:12:19.322394,14:12:19,5185.31,5185.31,3
2025-11-05T14:12:31.203558,14:12:31,5081.77,5081.77,3
2025-11-05T14:12:43.094484,14:12:43,5046.99,5046.99,3
2025-11-05T14:12:55.316403,14:12:55,5116.32,5116.32,3
2025-11-05T14:13:07.451446,14:13:07,5108.94,5108.94,3
2025-11-05T14:13:19.070725,14:13:19,5133.8,5133.8,3
2025-11-05T14:13:30.964806,14:13:30,5028.65,5028.65,3
2025-11-05T14:13:42.658007,14:13:42,4956.6,4956.6,3
2025-11-05T14:13:54.258436,14:13:54,4955.82,4955.82,3
2025-11-05T14:14:06.404149,14:14:06,4932.47,4932.47,3
2025-11-05T14:14:18.314051,14:14:18,4909.93,4909.93,3
2025-11-05T14:14:30.294758,14:14:30,4930.92,4930.92,3
2025-11-05T14:14:42.224478,14:14:42,5004.9,5004.9,3
2025-11-05T14:14:54.125951,14:14:54,5095.39,5095.39,3
2025-11-05T14:15:05.725272,14:15:05,5096.73,5096.73,3
2025-11-05T14:15:17.308161,14:15:17,5110.87,5110.87,3
2025-11-05T14:15:29.218722,14:15:29,5153.61,5153.61,3
2025-11-05T14:15:41.376424,14:15:41,5096.88,5096.88,3
2025-11-05T14:15:53.274060,14:15:53,4923.1,4923.1,3
2025-11-05T14:16:05.265775,14:16:05,4931.58,4931.58,3
2025-11-05T14:16:16.941270,14:16:16,4778.38,4778.38,3
2025-11-05T14:16:28.606990,14:16:28,4855.02,4855.02,3
2025-11-05T14:16:40.269218,14:16:40,4671.45,4671.45,3
2025-11-05T14:16:52.229459,14:16:52,4728.66,4728.66,3
2025-11-05T14:17:03.910044,14:17:03,4612.87,4612.87,3
2025-11-05T14:17:15.838655,14:17:15,4488.24,4488.24,3
2025-11-05T14:17:27.471403,14:17:27,4630.52,4630.52,3
2025-11-05T14:17:39.378693,14:17:39,4627.12,4627.12,3
2025-11-05T14:17:51.315862,14:17:51,4512.49,4512.49,3
2025-11-05T14:18:03.275516,14:18:03,4536.65,4536.65,3
2025-11-05T14:18:15.224179,14:18:15,4590.02,4590.02,3
2025-11-05T14:18:27.388346,14:18:27,4544.58,4544.58,3
2025-11-05T14:18:39.010505,14:18:39,4480.14,4480.14,3
2025-11-05T14:18:51.206302,14:18:51,4434.8,4434.8,3
2025-11-05T14:19:02.841818,14:19:02,4490.44,4490.44,3
2025-11-05T14:19:14.795770,14:19:14,4588.7,4588.7,3
2025-11-05T14:19:26.452244,14:19:26,4653.85,4653.85,3
2025-11-05T14:19:38.449849,14:19:38,4734.4,4734.4,3
2025-11-05T14:19:50.103534,14:19:50,4705.93,4705.93,3
2025-11-05T14:20:02.028347,14:20:02,4812.31,4812.31,3
2025-11-05T14:20:13.760197,14:20:13,5146.99,5146.99,3
2025-11-05T14:20:25.628708,14:20:25,5082.01,5082.01,3
2025-11-05T14:20:37.496754,14:20:37,5348.78,5348.78,3
2025-11-05T14:20:49.450514,14:20:49,5328.2,5328.2,3
2025-11-05T14:21:01.045253,14:21:01,5648.12,5648.12,3
2025-11-05T14:21:12.969725,14:21:12,5565.8,5565.8,3
2025-11-05T14:21:24.605939,14:21:24,5580.05,5580.05,3
2025-11-05T14:21:36.339993,14:21:36,5524.74,5524.74,3
2025-11-05T14:21:48.276631,14:21:48,5418.77,5418.77,3
2025-11-05T14:21:59.979291,14:21:59,5432.45,5432.45,3
2025-11-05T14:22:11.677117,14:22:11,5341.55,5341.55,3
2025-11-05T14:22:23.696292,14:22:23,5356.24,5356.24,3
2025-11-05T14:22:35.355710,14:22:35,5354.71,5354.71,3
2025-11-05T14:22:47.004715,14:22:47,5350.32,5350.32,3
2025-11-05T14:22:58.912613,14:22:58,5312.41,5312.41,3
2025-11-05T14:23:10.568802,14:23:10,5465.47,5465.47,3
2025-11-05T14:23:22.239909,14:23:22,5706.73,5706.73,3
2025-11-05T14:23:33.947874,14:23:33,5718.5,5718.5,3
2025-11-05T14:23:45.631540,14:23:45,5449.88,5449.88,3
2025-11-05T14:23:57.556856,14:23:57,5361.61,5361.61,3
2025-11-05T14:24:09.552553,14:24:09,5328.5,5328.5,3
2025-11-05T14:24:21.537869,14:24:21,5302.21,5302.21,3
2025-11-05T14:24:33.636238,14:24:33,5420.34,5420.34,3
2025-11-05T14:24:45.440690,14:24:45,5445.33,5445.33,3
2025-11-05T14:24:57.443025,14:24:57,5522.96,5522.96,3
2025-11-05T14:25:09.346549,14:25:09,5687.93,5687.93,3
2025-11-05T14:25:21.355226,14:25:21,5679.46,5679.46,3
2025-11-05T14:25:33.011832,14:25:33,5655.08,5655.08,3
2025-11-05T14:25:44.801863,14:25:44,5709.47,5709.47,3
2025-11-05T14:25:56.764861,14:25:56,5764.41,5764.41,3
2025-11-05T14:26:08.442081,14:26:08,5695.63,5695.63,3
2025-11-05T14:26:20.382925,14:26:20,5692.71,5692.71,3
2025-11-05T14:26:32.718762,14:26:32,5659.11,5659.11,3
2025-11-05T14:26:44.671088,14:26:44,5647.47,5647.47,3
2025-11-05T14:26:56.398100,14:26:56,5590.48,5590.48,3
2025-11-05T14:27:08.035210,14:27:08,5517.84,5517.84,3
2025-11-05T14:27:20.032458,14:27:20,5535.47,5535.47,3
2025-11-05T14:27:31.985282,14:27:31,5600.54,5600.54,3
2025-11-05T14:27:43.696171,14:27:43,5564.67,5564.67,3
2025-11-05T14:27:55.686240,14:27:55,5450.91,5450.91,3
2025-11-05T14:28:07.326576,14:28:07,5472.04,5472.04,3
2025-11-05T14:28:19.057196,14:28:19,5442.53,5442.53,3
2025-11-05T14:28:30.714084,14:28:30,5425.56,5425.56,3
2025-11-05T14:28:42.406920,14:28:42,5436.01,5436.01,3
2025-11-05T14:28:54.400860,14:28:54,5562.06,5562.06,3
2025-11-05T14:29:06.367974,14:29:06,5603.91,5603.91,3
2025-11-05T14:29:18.068952,14:29:18,5540.11,5540.11,3
2025-11-05T14:29:29.911205,14:29:29,5510.36,5510.36,3
2025-11-05T14:29:42.267548,14:29:42,5470.84,5470.84,3
2025-11-05T14:29:53.883804,14:29:53,5469.36,5469.36,3
2025-11-05T14:30:08.135232,14:30:08,5357.93,5357.93,3
2025-11-05T14:30:20.389327,14:30:20,5362.64,5362.64,3
2025-11-05T14:30:32.579666,14:30:32,5416.81,5416.81,3
2025-11-05T14:30:44.523953,14:30:44,5455.03,5455.03,3
2025-11-05T14:30:56.430982,14:30:56,5410.43,5410.43,3
2025-11-05T14:31:08.450520,14:31:08,5451.3,5451.3,3
2025-11-05T14:31:20.663875,14:31:20,5494.02,5494.02,3
2025-11-05T14:31:32.933474,14:31:32,5405.37,5405.37,3
2025-11-05T14:31:44.878524,14:31:44,5346.6,5346.6,3
2025-11-05T14:31:56.822636,14:31:56,5308.94,5308.94,3
2025-11-05T14:32:08.479957,14:32:08,5278.78,5278.78,3
2025-11-05T14:32:20.422197,14:32:20,5339.76,5339.76,3
2025-11-05T14:32:32.372328,14:32:32,5356.4,5356.4,3
2025-11-05T14:32:44.280344,14:32:44,5386.06,5386.06,3
2025-11-05T14:32:56.481135,14:32:56,5470.98,5470.98,3
2025-11-05T14:33:08.463194,14:33:08,5541.26,5541.26,3
2025-11-05T14:33:20.450366,14:33:20,5603.63,5603.63,3
2025-11-05T14:33:32.636773,14:33:32,5557.37,5557.37,3
2025-11-05T14:33:44.568950,14:33:44,5695.01,5695.01,3
2025-11-05T14:33:56.504484,14:33:56,5671.77,5671.77,3
2025-11-05T14:34:08.423593,14:34:08,5695.38,5695.38,3
2025-11-05T14:34:20.350658,14:34:20,5797.25,5797.25,3
2025-11-05T14:34:32.541466,14:34:32,5783.74,5783.74,3
2025-11-05T14:34:44.208862,14:34:44,5753.8,5753.8,3
2025-11-05T14:34:55.845359,14:34:55,5690.8,5690.8,3
2025-11-05T14:35:08.847823,14:35:08,5680.55,5680.55,3
2025-11-05T14:35:21.305422,14:35:21,5792.28,5792.28,3
2025-11-05T14:35:33.548461,14:35:33,5778.98,5778.98,3
2025-11-05T14:35:45.309757,14:35:45,5774.03,5774.03,3
2025-11-05T14:35:56.900303,14:35:56,5821.51,5821.51,3
2025-11-05T14:36:09.117421,14:36:09,5835.71,5835.71,3
2025-11-05T14:36:20.850156,14:36:20,5793.7,5793.7,3
2025-11-05T14:36:32.727935,14:36:32,5821.42,5821.42,3
2025-11-05T14:36:44.705873,14:36:44,5837.05,5837.05,3
2025-11-05T14:36:56.655649,14:36:56,5868.09,5868.09,3
2025-11-05T14:37:08.549325,14:37:08,5844.9,5844.9,3
2025-11-05T14:37:20.499244,14:37:20,5900.22,5900.22,3
2025-11-05T14:37:32.228597,14:37:32,5973.85,5973.85,3
2025-11-05T14:37:43.885287,14:37:43,5932.69,5932.69,3
2025-11-05T14:37:55.906093,14:37:55,6037.92,6037.92,3
2025-11-05T14:38:07.848540,14:38:07,6053.31,6053.31,3
2025-11-05T14:38:19.790132,14:38:19,6326.18,6326.18,3
2025-11-05T14:38:31.650138,14:38:31,6311.04,6311.04,3
2025-11-05T14:38:43.251754,14:38:43,6274.67,6274.67,3
2025-11-05T14:38:55.144545,14:38:55,6356.31,6356.31,3
2025-11-05T14:39:06.775645,14:39:06,6379.86,6379.86,3
2025-11-05T14:39:18.508766,14:39:18,6415.11,6415.11,3
2025-11-05T14:39:30.545241,14:39:30,6469.8,6469.8,3
2025-11-05T14:39:42.513218,14:39:42,6546.18,6546.18,3
2025-11-05T14:39:54.435650,14:39:54,6453.5,6453.5,3
2025-11-05T14:40:07.220659,14:40:07,6369.81,6369.81,3
2025-11-05T14:40:19.208548,14:40:19,6461.27,6461.27,3
2025-11-05T14:40:31.656053,14:40:31,6393.98,6393.98,3
2025-11-05T14:40:43.261949,14:40:43,6377.66,6377.66,3
2025-11-05T14:40:55.154333,14:40:55,6346.38,6346.38,3
2025-11-05T14:41:07.085100,14:41:07,6306.47,6306.47,3
2025-11-05T14:41:19.624544,14:41:19,6207.66,6207.66,3
2025-11-05T14:41:31.269824,14:41:31,6225.56,6225.56,3
2025-11-05T14:41:43.473705,14:41:43,6176.58,6176.58,3
2025-11-05T14:41:55.456106,14:41:55,6166.22,6166.22,3
2025-11-05T14:42:07.393427,14:42:07,6176.24,6176.24,3
2025-11-05T14:42:19.267779,14:42:19,6084.98,6084.98,3
2025-11-05T14:42:31.195185,14:42:31,5990.89,5990.89,3
2025-11-05T14:42:43.492220,14:42:43,5938.66,5938.66,3
2025-11-05T14:42:55.398558,14:42:55,5864.71,5864.71,3
2025-11-05T14:43:07.363996,14:43:07,5798.43,5798.43,3
2025-11-05T14:43:19.277651,14:43:19,5751.81,5751.81,3
2025-11-05T14:43:31.200965,14:43:31,5691.51,5691.51,3
2025-11-05T14:43:42.787070,14:43:42,5741.6,5741.6,3
2025-11-05T14:43:54.389117,14:43:54,5733.58,5733.58,3
2025-11-05T14:44:06.324394,14:44:06,5841.79,5841.79,3
2025-11-05T14:44:18.433841,14:44:18,5986.26,5986.26,3
2025-11-05T14:44:30.079932,14:44:30,5969.62,5969.62,3
2025-11-05T14:44:42.298601,14:44:42,5980.24,5980.24,3
2025-11-05T14:44:54.214091,14:44:54,6006.84,6006.84,3
2025-11-05T14:45:05.951266,14:45:05,6028.85,6028.85,3
2025-11-05T14:45:17.579231,14:45:17,5988.47,5988.47,3
2025-11-05T14:45:29.602677,14:45:29,5925.35,5925.35,3
2025-11-05T14:45:41.354003,14:45:41,5958.38,5958.38,3
2025-11-05T14:45:53.368623,14:45:53,5971.12,5971.12,3
2025-11-05T14:46:05.381072,14:46:05,5966.18,5966.18,3
2025-11-05T14:46:17.337408,14:46:17,5981.31,5981.31,3
2025-11-05T14:46:29.672602,14:46:29,5937.34,5937.34,3
2025-11-05T14:46:41.356929,14:46:41,5987.25,5987.25,3
2025-11-05T14:46:53.264350,14:46:53,6106.54,6106.54,3
2025-11-05T14:47:05.226355,14:47:05,6122.47,6122.47,3
2025-11-05T14:47:16.830338,14:47:16,6185.81,6185.81,3
2025-11-05T14:47:28.829748,14:47:28,6144.32,6144.32,3
2025-11-05T14:47:40.454102,14:47:40,6092.85,6092.85,3
2025-11-05T14:47:52.417546,14:47:52,6149.13,6149.13,3
2025-11-05T14:48:04.346085,14:48:04,6173.1,6173.1,3
2025-11-05T14:48:16.011489,14:48:16,6310.3,6310.3,3
2025-11-05T14:48:27.632995,14:48:27,6194.15,6194.15,3
2025-11-05T14:48:39.603311,14:48:39,6053.96,6053.96,3
2025-11-05T14:48:51.588278,14:48:51,5910.82,5910.82,3
2025-11-05T14:49:03.647074,14:49:03,5907.9,5907.9,3
2025-11-05T14:49:15.322378,14:49:15,5850.84,5850.84,3
2025-11-05T14:49:27.297949,14:49:27,5802.44,5802.44,3
2025-11-05T14:49:38.888891,14:49:38,5879.19,5879.19,3
2025-11-05T14:49:50.836112,14:49:50,5845.88,5845.88,3
2025-11-05T14:50:02.716722,14:50:02,5783.51,5783.51,3
2025-11-05T14:50:14.598026,14:50:14,5709.94,5709.94,3
2025-11-05T14:50:26.303456,14:50:26,5665.68,5665.68,3
2025-11-05T14:50:37.933175,14:50:37,5483.5,5483.5,3
2025-11-05T14:50:50.238811,14:50:50,5482.81,5482.81,3
2025-11-05T14:51:01.830973,14:51:01,5399.67,5399.67,3
2025-11-05T14:51:13.935243,14:51:13,5495.54,5495.54,3
2025-11-05T14:51:25.853792,14:51:25,5771.14,5771.14,3
2025-11-05T14:51:37.544498,14:51:37,5699.58,5699.58,3
2025-11-05T14:51:49.179347,14:51:49,5896.97,5896.97,3
2025-11-05T14:52:00.812794,14:52:00,5943.05,5943.05,3
2025-11-05T14:52:12.384402,14:52:12,5904.44,5904.44,3
2025-11-05T14:52:23.982500,14:52:23,5870.98,5870.98,3
2025-11-05T14:52:35.928358,14:52:35,5994.02,5994.02,3
2025-11-05T14:52:47.562404,14:52:47,5934.13,5934.13,3
2025-11-05T14:52:59.221561,14:52:59,5927.93,5927.93,3
2025-11-05T14:53:10.863255,14:53:10,5975.44,5975.44,3
2025-11-05T14:53:22.456919,14:53:22,5909.6,5909.6,3
2025-11-05T14:53:34.075648,14:53:34,5973.66,5973.66,3
2025-11-05T14:53:45.642902,14:53:45,5905.23,5905.23,3
2025-11-05T14:53:57.547101,14:53:57,5893.66,5893.66,3
2025-11-05T14:54:09.443673,14:54:09,5813.32,5813.32,3
2025-11-05T14:54:21.126755,14:54:21,5862.67,5862.67,3
2025-11-05T14:54:32.839904,14:54:32,5852.74,5852.74,3
2025-11-05T14:54:44.442701,14:54:44,5876.3,5876.3,3
2025-11-05T14:54:56.442457,14:54:56,5803.69,5803.69,3
2025-11-05T14:55:08.349324,14:55:08,5804.06,5804.06,3
2025-11-05T14:55:19.989689,14:55:19,5896.79,5896.79,3
2025-11-05T14:55:31.642303,14:55:31,5807.71,5807.71,3
2025-11-05T14:55:43.264488,14:55:43,5816.22,5816.22,3
2025-11-05T14:55:54.852608,14:55:54,5860.99,5860.99,3
2025-11-05T14:56:06.793288,14:56:06,6066.27,6066.27,3
2025-11-05T14:56:18.725914,14:56:18,6017.44,6017.44,3
2025-11-05T14:56:30.608836,14:56:30,5991.98,5991.98,3
2025-11-05T14:56:42.295697,14:56:42,6002.95,6002.95,3
2025-11-05T14:56:54.305078,14:56:54,5998.31,5998.31,3
2025-11-05T14:57:06.297129,14:57:06,5987.88,5987.88,3
2025-11-05T14:57:17.882404,14:57:17,5996.74,5996.74,3
2025-11-05T14:57:29.798184,14:57:29,6067.99,6067.99,3
2025-11-05T14:57:41.462550,14:57:41,6040.05,6040.05,3
2025-11-05T14:57:53.481223,14:57:53,5949.83,5949.83,3
2025-11-05T14:58:05.422626,14:58:05,5812.86,5812.86,3
2025-11-05T14:58:17.425068,14:58:17,5997.61,5997.61,3
2025-11-05T14:58:29.328643,14:58:29,6038.84,6038.84,3
2025-11-05T14:58:41.307156,14:58:41,6166.58,6166.58,3
2025-11-05T14:58:53.074132,14:58:53,6098.85,6098.85,3
2025-11-05T14:59:05.369784,14:59:05,5924.37,5924.37,3
2025-11-05T14:59:16.962228,14:59:16,5974.98,5974.98,3
2025-11-05T14:59:28.634403,14:59:28,5954.82,5954.82,3
2025-11-05T14:59:40.591764,14:59:40,5968.19,5968.19,3
2025-11-05T14:59:52.207157,14:59:52,6004.98,6004.98,3
2025-11-05T15:00:04.114915,15:00:04,5965.98,5965.98,3
2025-11-05T15:00:16.411287,15:00:16,5965.87,5965.87,3
2025-11-05T15:00:28.047167,15:00:28,6001.34,6001.34,3
2025-11-05T15:00:40.027862,15:00:40,5925.1,5925.1,3
2025-11-05T15:00:52.282743,15:00:52,5944.61,5944.61,3
2025-11-05T15:01:04.581443,15:01:04,5993.79,5993.79,3
2025-11-05T15:01:16.214033,15:01:16,6041.18,6041.18,3
2025-11-05T15:01:28.229231,15:01:28,5958.49,5958.49,3
2025-11-05T15:01:40.175431,15:01:40,5870.62,5870.62,3
2025-11-05T15:01:52.082326,15:01:52,5846.76,5846.76,3
2025-11-05T15:02:03.735674,15:02:03,5849.48,5849.48,3
2025-11-05T15:02:15.700560,15:02:15,5888.5,5888.5,3
2025-11-05T15:02:27.632176,15:02:27,5800.87,5800.87,3
2025-11-05T15:02:39.333903,15:02:39,5790.89,5790.89,3
2025-11-05T15:02:52.147000,15:02:52,5813.92,5813.92,3
2025-11-05T15:03:03.857093,15:03:03,5693.28,5693.28,3
2025-11-05T15:03:15.773679,15:03:15,5677.99,5677.99,3
2025-11-05T15:03:27.416517,15:03:27,5784.12,5784.12,3
2025-11-05T15:03:39.327687,15:03:39,5747.13,5747.13,3
2025-11-05T15:03:51.220098,15:03:51,5700.29,5700.29,3
2025-11-05T15:04:02.955886,15:04:02,5750.79,5750.79,3
2025-11-05T15:04:14.936011,15:04:14,5844.31,5844.31,3
2025-11-05T15:04:26.844039,15:04:26,5804.08,5804.08,3
2025-11-05T15:04:38.810617,15:04:38,5790.53,5790.53,3
2025-11-05T15:04:50.740219,15:04:50,5825.44,5825.44,3
2025-11-05T15:05:02.784451,15:05:02,5867.84,5867.84,3
2025-11-05T15:05:14.959562,15:05:14,5832.12,5832.12,3
2025-11-05T15:05:27.519881,15:05:27,5904.34,5904.34,3
2025-11-05T15:05:39.587010,15:05:39,6000.7,6000.7,3
2025-11-05T15:05:51.621229,15:05:51,5981.95,5981.95,3
2025-11-05T15:06:03.608601,15:06:03,5999.11,5999.11,3
2025-11-05T15:06:15.621461,15:06:15,5974.11,5974.11,3
2025-11-05T15:06:27.298959,15:06:27,5768.05,5768.05,3
2025-11-05T15:06:39.576206,15:06:39,5836.49,5836.49,3
2025-11-05T15:06:51.272166,15:06:51,5911.42,5911.42,3
2025-11-05T15:07:03.242117,15:07:03,6047.51,6047.51,3
2025-11-05T15:07:15.357372,15:07:15,5892.26,5892.26,3
2025-11-05T15:07:27.281709,15:07:27,5823.1,5823.1,3
2025-11-05T15:07:39.248453,15:07:39,5828.1,5828.1,3
2025-11-05T15:07:51.227828,15:07:51,5831.76,5831.76,3
2025-11-05T15:08:03.217964,15:08:03,5936.19,5936.19,3
2025-11-05T15:08:15.386433,15:08:15,5971.15,5971.15,3
2025-11-05T15:08:27.716116,15:08:27,5999.92,5999.92,3
2025-11-05T15:08:39.686254,15:08:39,5974.06,5974.06,3
2025-11-05T15:08:51.374304,15:08:51,6031.86,6031.86,3
2025-11-05T15:09:03.341458,15:09:03,5980.47,5980.47,3
2025-11-05T15:09:15.318847,15:09:15,6013.53,6013.53,3
2025-11-05T15:09:27.273683,15:09:27,6063.08,6063.08,3
2025-11-05T15:09:39.280133,15:09:39,6089.49,6089.49,3
2025-11-05T15:09:51.512379,15:09:51,6106.3,6106.3,3
2025-11-05T15:10:03.837993,15:10:03,6115.48,6115.48,3
2025-11-05T15:10:15.832552,15:10:15,6144.68,6144.68,3
2025-11-05T15:10:27.809693,15:10:27,6149.57,6149.57,3
2025-11-05T15:10:39.468898,15:10:39,6176.4,6176.4,3
2025-11-05T15:10:51.451816,15:10:51,6150.27,6150.27,3
2025-11-05T15:11:03.113807,15:11:03,6123.96,6123.96,3
2025-11-05T15:11:15.438960,15:11:15,6063.81,6063.81,3
2025-11-05T15:11:27.445299,15:11:27,6072.42,6072.42,3
2025-11-05T15:11:39.405041,15:11:39,6127.26,6127.26,3
2025-11-05T15:11:51.440333,15:11:51,6047.9,6047.9,3
2025-11-05T15:12:03.474679,15:12:03,5973.81,5973.81,3
2025-11-05T15:12:15.504218,15:12:15,5916.23,5916.23,3
2025-11-05T15:12:27.568391,15:12:27,5949.91,5949.91,3
2025-11-05T15:12:39.202220,15:12:39,6018.44,6018.44,3
2025-11-05T15:12:51.445846,15:12:51,5974.44,5974.44,3
2025-11-05T15:13:03.504987,15:13:03,6001.89,6001.89,3
2025-11-05T15:13:15.545224,15:13:15,5933.24,5933.24,3
2025-11-05T15:13:27.560598,15:13:27,6005.55,6005.55,3
2025-11-05T15:13:39.337054,15:13:39,6008.53,6008.53,3
2025-11-05T15:13:51.355988,15:13:51,6020.52,6020.52,3
2025-11-05T15:14:03.498875,15:14:03,6018.1,6018.1,3
2025-11-05T15:14:15.501038,15:14:15,6062.8,6062.8,3
2025-11-05T15:14:27.474178,15:14:27,6046.39,6046.39,3
2025-11-05T15:14:39.518803,15:14:39,6047.71,6047.71,3
2025-11-05T15:14:51.185122,15:14:51,6047.65,6047.65,3
2025-11-05T15:15:03.251932,15:15:03,5971.17,5971.17,3
2025-11-05T15:15:15.261826,15:15:15,5957.35,5957.35,3
2025-11-05T15:15:27.290816,15:15:27,5980.26,5980.26,3
2025-11-05T15:15:38.999993,15:15:38,5968.05,5968.05,3
2025-11-05T15:15:50.621045,15:15:50,5984.08,5984.08,3
2025-11-05T15:16:02.750491,15:16:02,6012.45,6012.45,3
2025-11-05T15:16:14.365349,15:16:14,5946.98,5946.98,3
2025-11-05T15:16:26.058135,15:16:26,5942.55,5942.55,3
2025-11-05T15:16:38.084349,15:16:38,5940.43,5940.43,3
2025-11-05T15:16:50.123197,15:16:50,5938.97,5938.97,3
2025-11-05T15:17:02.216213,15:17:02,5894.44,5894.44,3
2025-11-05T15:17:13.991952,15:17:13,5886.44,5886.44,3
2025-11-05T15:17:25.586289,15:17:25,5945.38,5945.38,3
2025-11-05T15:17:37.321292,15:17:37,5942.19,5942.19,3
2025-11-05T15:17:49.720923,15:17:49,5908.83,5908.83,3
2025-11-05T15:18:01.366835,15:18:01,5884.56,5884.56,3
2025-11-05T15:18:13.276172,15:18:13,5799.69,5799.69,3
2025-11-05T15:18:24.904364,15:18:24,6068.17,6068.17,3
2025-11-05T15:18:36.532170,15:18:36,5934.41,5934.41,3
2025-11-05T15:18:48.166185,15:18:48,5649.06,5649.06,3
2025-11-05T15:19:00.070868,15:19:00,5705.68,5705.68,3
2025-11-05T15:19:11.817269,15:19:11,5751.53,5751.53,3
2025-11-05T15:19:23.532220,15:19:23,5866.23,5866.23,3
2025-11-05T15:19:35.214915,15:19:35,5865.92,5865.92,3
2025-11-05T15:19:46.828347,15:19:46,5963.98,5963.98,3
2025-11-05T15:19:58.487824,15:19:58,5960.04,5960.04,3
2025-11-05T15:20:10.393857,15:20:10,5876.23,5876.23,3
2025-11-05T15:20:22.438457,15:20:22,5969.63,5969.63,3
2025-11-05T15:20:34.054253,15:20:34,6053.93,6053.93,3
2025-11-05T15:20:46.274886,15:20:46,5980.99,5980.99,3
2025-11-05T15:20:58.334188,15:20:58,5953.09,5953.09,3
2025-11-05T15:21:10.453610,15:21:10,5906.59,5906.59,3
2025-11-05T15:21:22.059490,15:21:22,5888.09,5888.09,3
2025-11-05T15:21:34.077455,15:21:34,5885.96,5885.96,3
2025-11-05T15:21:46.310768,15:21:46,5875.01,5875.01,3
2025-11-05T15:21:57.955848,15:21:57,5830.73,5830.73,3
2025-11-05T15:22:09.575546,15:22:09,5882.13,5882.13,3
2025-11-05T15:22:21.294259,15:22:21,5855.44,5855.44,3
2025-11-05T15:22:32.991724,15:22:32,5959.04,5959.04,3
2025-11-05T15:22:44.656938,15:22:44,6059.11,6059.11,3
2025-11-05T15:22:56.653096,15:22:56,6049.14,6049.14,3
2025-11-05T15:23:08.552627,15:23:08,6064.41,6064.41,3
2025-11-05T15:23:20.575805,15:23:20,5979.19,5979.19,3
2025-11-05T15:23:32.257949,15:23:32,5962.82,5962.82,3
2025-11-05T15:23:43.904852,15:23:43,5924.29,5924.29,3
2025-11-05T15:23:56.381405,15:23:56,5954.2,5954.2,3
2025-11-05T15:24:08.367831,15:24:08,5931.48,5931.48,3
2025-11-05T15:24:20.130163,15:24:20,5907.51,5907.51,3
2025-11-05T15:24:32.508695,15:24:32,5938.37,5938.37,3
2025-11-05T15:24:44.645833,15:24:44,5966.1,5966.1,3
2025-11-05T15:24:56.377573,15:24:56,5991.31,5991.31,3
2025-11-05T15:25:08.090758,15:25:08,6066.15,6066.15,3
2025-11-05T15:25:19.822957,15:25:19,6030.97,6030.97,3
2025-11-05T15:25:32.054055,15:25:32,6061.14,6061.14,3
2025-11-05T15:25:43.802982,15:25:43,6128.77,6128.77,3
2025-11-05T15:25:55.516687,15:25:55,6161.15,6161.15,3
2025-11-05T15:26:07.228466,15:26:07,6157.06,6157.06,3
2025-11-05T15:26:18.944486,15:26:18,6112.83,6112.83,3
2025-11-05T15:26:30.964853,15:26:30,6081.68,6081.68,3
2025-11-05T15:26:42.971055,15:26:42,6140.54,6140.54,3
2025-11-05T15:26:54.625412,15:26:54,6070.87,6070.87,3
2025-11-05T15:27:06.340150,15:27:06,6019.86,6019.86,3
2025-11-05T15:27:18.019687,15:27:18,6034.19,6034.19,3
2025-11-05T15:27:29.654804,15:27:29,6009.98,6009.98,3
2025-11-05T15:27:41.591695,15:27:41,6024.29,6024.29,3
2025-11-05T15:27:53.401608,15:27:53,6033.26,6033.26,3
2025-11-05T15:28:05.433030,15:28:05,6072.77,6072.77,3
2025-11-05T15:28:17.220682,15:28:17,6037.44,6037.44,3
2025-11-05T15:28:28.982514,15:28:28,6045.83,6045.83,3
2025-11-05T15:28:40.612052,15:28:40,6042.77,6042.77,3
2025-11-05T15:28:52.609937,15:28:52,6061.64,6061.64,3
2025-11-05T15:29:04.370782,15:29:04,6087.82,6087.82,3
2025-11-05T15:29:15.963434,15:29:15,6101.75,6101.75,3
2025-11-05T15:29:27.916159,15:29:27,6088.57,6088.57,3
2025-11-05T15:29:39.907165,15:29:39,6093.25,6093.25,3
2025-11-05T15:29:51.627338,15:29:51,6105.79,6105.79,3
2025-11-05T15:30:05.650525,15:30:05,6038.52,6038.52,3
2025-11-05T15:30:18.158875,15:30:18,6093.28,6093.28,3
2025-11-05T15:30:29.954379,15:30:29,6078.08,6078.08,3
2025-11-05T15:30:41.977685,15:30:41,6072.84,6072.84,3
2025-11-05T15:30:53.640572,15:30:53,5949.06,5949.06,3
2025-11-05T15:31:05.734373,15:31:05,5867.48,5867.48,3
2025-11-05T15:31:17.515898,15:31:17,5689.91,5689.91,3
2025-11-05T15:31:29.263853,15:31:29,5646.45,5646.45,3
2025-11-05T15:31:40.944502,15:31:40,5580.48,5580.48,3
2025-11-05T15:31:52.595570,15:31:52,5621.92,5621.92,3
2025-11-05T15:32:04.733250,15:32:04,5761.23,5761.23,3
2025-11-05T15:32:16.785884,15:32:16,5678.29,5678.29,3
2025-11-05T15:32:28.811155,15:32:28,5700.35,5700.35,3
2025-11-05T15:32:40.789552,15:32:40,5927.66,5927.66,3
2025-11-05T15:32:52.861115,15:32:52,5979.62,5979.62,3
2025-11-05T15:33:04.910158,15:33:04,5854.84,5854.84,3
2025-11-05T15:33:17.411592,15:33:17,5912.76,5912.76,3
2025-11-05T15:33:29.351198,15:33:29,5933.31,5933.31,3
2025-11-05T15:33:41.308172,15:33:41,5862.51,5862.51,3
2025-11-05T15:33:53.261535,15:33:53,5949.21,5949.21,3
2025-11-05T15:34:04.955383,15:34:04,6006.92,6006.92,3
2025-11-05T15:34:17.155826,15:34:17,5995.25,5995.25,3
2025-11-05T15:34:29.225068,15:34:29,6011.2,6011.2,3
2025-11-05T15:34:40.894070,15:34:40,6016.94,6016.94,3
2025-11-05T15:34:52.819995,15:34:52,5996.22,5996.22,3
2025-11-05T15:35:06.043558,15:35:06,6018.85,6018.85,3
2025-11-05T15:35:18.073278,15:35:18,5935.37,5935.37,3
2025-11-05T15:35:29.748700,15:35:29,5906.97,5906.97,3
2025-11-05T15:35:41.368916,15:35:41,5894.86,5894.86,3
2025-11-05T15:35:53.112357,15:35:53,5901.11,5901.11,3
2025-11-05T15:36:04.913718,15:36:04,6022.48,6022.48,3
2025-11-05T15:36:16.511407,15:36:16,5927.39,5927.39,3
2025-11-05T15:36:28.399257,15:36:28,5850.44,5850.44,3
2025-11-05T15:36:40.066514,15:36:40,5875.46,5875.46,3
2025-11-05T15:36:51.695763,15:36:51,5899.63,5899.63,3
2025-11-05T15:37:03.340977,15:37:03,5857.83,5857.83,3
2025-11-05T15:37:14.953516,15:37:14,5865.83,5865.83,3
2025-11-05T15:37:26.890681,15:37:26,5834.72,5834.72,3
2025-11-05T15:37:38.826472,15:37:38,5883.19,5883.19,3
2025-11-05T15:37:50.509261,15:37:50,5950.37,5950.37,3
2025-11-05T15:38:02.488456,15:38:02,6020.45,6020.45,3
2025-11-05T15:38:14.121171,15:38:14,5993.62,5993.62,3
2025-11-05T15:38:26.010444,15:38:26,5974.84,5974.84,3
2025-11-05T15:38:37.714758,15:38:37,5931.52,5931.52,3
2025-11-05T15:38:49.674096,15:38:49,5895.27,5895.27,3
2025-11-05T15:39:01.308858,15:39:01,5894.73,5894.73,3
2025-11-05T15:39:13.288378,15:39:13,5744.52,5744.52,3
2025-11-05T15:39:24.979649,15:39:24,5774.7,5774.7,3
2025-11-05T15:39:36.793128,15:39:36,5865.11,5865.11,3
2025-11-05T15:39:48.485883,15:39:48,5808.42,5808.42,3
2025-11-05T15:40:00.127154,15:40:00,5827.6,5827.6,3
2025-11-05T15:40:12.856136,15:40:12,5786.34,5786.34,3
2025-11-05T15:40:25.519415,15:40:25,5766.02,5766.02,3
2025-11-05T15:40:37.263249,15:40:37,5833.06,5833.06,3
2025-11-05T15:40:49.058184,15:40:49,5784.3,5784.3,3
2025-11-05T15:41:00.700847,15:41:00,5749.56,5749.56,3
2025-11-05T15:41:12.721377,15:41:12,5635.5,5635.5,3
2025-11-05T15:41:24.362334,15:41:24,5618.98,5618.98,3
2025-11-05T15:41:36.418944,15:41:36,5654.72,5654.72,3
2025-11-05T15:41:48.114160,15:41:48,5633.13,5633.13,3
2025-11-05T15:41:59.761391,15:41:59,5633.37,5633.37,3
2025-11-05T15:42:11.643139,15:42:11,5653.2,5653.2,3
2025-11-05T15:42:23.675393,15:42:23,5719.58,5719.58,3
2025-11-05T15:42:35.312150,15:42:35,5706.4,5706.4,3
2025-11-05T15:42:46.915921,15:42:46,5751.93,5751.93,3
2025-11-05T15:42:58.539533,15:42:58,5661.28,5661.28,3
2025-11-05T15:43:10.150724,15:43:10,5685.35,5685.35,3
2025-11-05T15:43:21.782086,15:43:21,5648.6,5648.6,3
2025-11-05T15:43:33.773281,15:43:33,5647.22,5647.22,3
2025-11-05T15:43:45.804078,15:43:45,5620.28,5620.28,3
2025-11-05T15:43:57.665922,15:43:57,5547.51,5547.51,3
2025-11-05T15:44:09.335639,15:44:09,5508.49,5508.49,3
2025-11-05T15:44:21.256512,15:44:21,5497.78,5497.78,3
2025-11-05T15:44:32.846993,15:44:32,5616.9,5616.9,3
2025-11-05T15:44:44.817721,15:44:44,5649.18,5649.18,3
2025-11-05T15:44:56.471959,15:44:56,5582.0,5582.0,3
2025-11-05T15:45:08.367858,15:45:08,5555.98,5555.98,3
2025-11-05T15:45:20.456577,15:45:20,5573.28,5573.28,3
2025-11-05T15:45:32.382376,15:45:32,5582.41,5582.41,3
2025-11-05T15:45:44.097198,15:45:44,5484.12,5484.12,3
2025-11-05T15:45:55.741526,15:45:55,5484.76,5484.76,3
2025-11-05T15:46:07.428558,15:46:07,5411.09,5411.09,3
2025-11-05T15:46:19.248417,15:46:19,5515.03,5515.03,3
2025-11-05T15:46:30.891178,15:46:30,5500.31,5500.31,3
2025-11-05T15:46:42.502350,15:46:42,5477.69,5477.69,3
2025-11-05T15:46:54.125388,15:46:54,5517.14,5517.14,3
2025-11-05T15:47:06.039856,15:47:06,5580.69,5580.69,3
2025-11-05T15:47:17.959792,15:47:17,5632.18,5632.18,3
2025-11-05T15:47:29.622366,15:47:29,5652.18,5652.18,3
2025-11-05T15:47:41.310488,15:47:41,5631.71,5631.71,3
2025-11-05T15:47:53.272941,15:47:53,5632.52,5632.52,3
2025-11-05T15:48:05.210952,15:48:05,5712.32,5712.32,3
2025-11-05T15:48:16.877936,15:48:16,5660.44,5660.44,3
2025-11-05T15:48:28.642539,15:48:28,5621.63,5621.63,3
2025-11-05T15:48:40.277703,15:48:40,5527.08,5527.08,3
2025-11-05T15:48:51.887073,15:48:51,5486.78,5486.78,3
2025-11-05T15:49:03.759708,15:49:03,5607.27,5607.27,3
2025-11-05T15:49:15.660283,15:49:15,5623.44,5623.44,3
2025-11-05T15:49:27.311082,15:49:27,5633.93,5633.93,3
2025-11-05T15:49:38.973467,15:49:38,5555.57,5555.57,3
2025-11-05T15:49:50.584847,15:49:50,5521.24,5521.24,3
2025-11-05T15:50:02.484814,15:50:02,5559.56,5559.56,3
2025-11-05T15:50:14.210189,15:50:14,5542.27,5542.27,3
2025-11-05T15:50:25.870294,15:50:25,5557.33,5557.33,3
2025-11-05T15:50:37.836760,15:50:37,5474.36,5474.36,3
2025-11-05T15:50:49.470432,15:50:49,5429.37,5429.37,3
2025-11-05T15:51:01.368143,15:51:01,5367.16,5367.16,3
2025-11-05T15:51:13.170052,15:51:13,5364.62,5364.62,3
2025-11-05T15:51:24.892104,15:51:24,5343.63,5343.63,3
2025-11-05T15:51:36.478890,15:51:36,5465.8,5465.8,3
2025-11-05T15:51:48.148861,15:51:48,5557.24,5557.24,3
2025-11-05T15:51:59.778520,15:51:59,5531.72,5531.72,3
2025-11-05T15:52:11.785395,15:52:11,5460.56,5460.56,3
2025-11-05T15:52:23.724129,15:52:23,5452.87,5452.87,3
2025-11-05T15:52:35.693620,15:52:35,5474.96,5474.96,3
2025-11-05T15:52:47.585660,15:52:47,5442.17,5442.17,3
2025-11-05T15:52:59.339294,15:52:59,5449.81,5449.81,3
2025-11-05T15:53:10.928502,15:53:10,5460.1,5460.1,3
2025-11-05T15:53:22.541849,15:53:22,5478.33,5478.33,3
2025-11-05T15:53:34.480417,15:53:34,5551.5,5551.5,3
2025-11-05T15:53:46.130907,15:53:46,5604.91,5604.91,3
2025-11-05T15:53:57.791687,15:53:57,5699.7,5699.7,3
2025-11-05T15:54:09.715511,15:54:09,5661.41,5661.41,3
2025-11-05T15:54:21.422341,15:54:21,5840.77,5840.77,3
2025-11-05T15:54:33.401192,15:54:33,5844.32,5844.32,3
2025-11-05T15:54:45.404824,15:54:45,5838.61,5838.61,3
2025-11-05T15:54:57.359708,15:54:57,5788.29,5788.29,3
2025-11-05T15:55:09.028113,15:55:09,5661.54,5661.54,3
2025-11-05T15:55:21.289169,15:55:21,5592.55,5592.55,3
2025-11-05T15:55:32.942171,15:55:32,5619.69,5619.69,3
2025-11-05T15:55:44.852228,15:55:44,5749.7,5749.7,3
2025-11-05T15:55:56.716622,15:55:56,5711.9,5711.9,3
2025-11-05T15:56:08.665505,15:56:08,5672.99,5672.99,3
2025-11-05T15:56:20.640868,15:56:20,5671.08,5671.08,3
2025-11-05T15:56:32.269772,15:56:32,5550.28,5550.28,3
2025-11-05T15:56:44.262526,15:56:44,5583.86,5583.86,3
2025-11-05T15:56:56.470101,15:56:56,5640.63,5640.63,3
2025-11-05T15:57:08.303562,15:57:08,5720.0,5720.0,3
2025-11-05T15:57:19.944957,15:57:19,5721.31,5721.31,3
2025-11-05T15:57:31.869408,15:57:31,5717.42,5717.42,3
2025-11-05T15:57:43.894589,15:57:43,5719.32,5719.32,3
2025-11-05T15:57:55.824553,15:57:55,5744.82,5744.82,3
2025-11-05T15:58:07.824796,15:58:07,5609.99,5609.99,3
2025-11-05T15:58:19.668147,15:58:19,5652.58,5652.58,3
2025-11-05T15:58:31.931884,15:58:31,5662.28,5662.28,3
2025-11-05T15:58:43.783767,15:58:43,5626.53,5626.53,3
2025-11-05T15:58:55.404611,15:58:55,5597.15,5597.15,3
2025-11-05T15:59:07.433948,15:59:07,5676.59,5676.59,3
2025-11-05T15:59:19.705672,15:59:19,5677.88,5677.88,3
2025-11-05T15:59:31.709736,15:59:31,5694.1,5694.1,3
2025-11-05T15:59:43.403482,15:59:43,5690.02,5690.02,3
2025-11-05T15:59:55.454251,15:59:55,5704.12,5704.12,3
2025-11-05T16:00:07.176634,16:00:07,5663.22,5663.22,3
2025-11-05T16:00:18.840425,16:00:18,5669.11,5669.11,3
2025-11-05T16:00:30.652239,16:00:30,5646.09,5646.09,3
2025-11-05T16:00:42.274219,16:00:42,5645.96,5645.96,3
2025-11-05T16:00:54.184556,16:00:54,5681.15,5681.15,3
2025-11-05T16:01:05.824885,16:01:05,5758.87,5758.87,3
2025-11-05T16:01:17.533445,16:01:17,5778.51,5778.51,3
2025-11-05T16:01:29.528699,16:01:29,5715.14,5715.14,3
2025-11-05T16:01:41.403983,16:01:41,5672.71,5672.71,3
2025-11-05T16:01:53.323837,16:01:53,5603.17,5603.17,3
2025-11-05T16:02:05.411344,16:02:05,5438.75,5438.75,3
2025-11-05T16:02:17.050416,16:02:17,5491.15,5491.15,3
2025-11-05T16:02:28.805039,16:02:28,5475.99,5475.99,3
2025-11-05T16:02:40.425841,16:02:40,5516.66,5516.66,3
2025-11-05T16:02:52.401237,16:02:52,5556.7,5556.7,3
2025-11-05T16:03:04.065107,16:03:04,5479.71,5479.71,3
2025-11-05T16:03:15.935872,16:03:15,5510.44,5510.44,3
2025-11-05T16:03:27.602332,16:03:27,5509.1,5509.1,3
2025-11-05T16:03:39.230428,16:03:39,5563.72,5563.72,3
2025-11-05T16:03:51.162161,16:03:51,5559.12,5559.12,3
2025-11-05T16:04:02.914303,16:04:02,5628.27,5628.27,3
2025-11-05T16:04:14.503068,16:04:14,5657.15,5657.15,3
2025-11-05T16:04:26.201139,16:04:26,5650.45,5650.45,3
2025-11-05T16:04:37.947869,16:04:37,5440.02,5440.02,3
2025-11-05T16:04:50.241062,16:04:50,5447.62,5447.62,3
2025-11-05T16:05:02.067309,16:05:02,5477.45,5477.45,3
2025-11-05T16:05:13.989091,16:05:13,5512.51,5512.51,3
2025-11-05T16:05:25.685291,16:05:25,5516.04,5516.04,3
2025-11-05T16:05:37.356102,16:05:37,5497.25,5497.25,3
2025-11-05T16:05:49.331387,16:05:49,5506.3,5506.3,3
2025-11-05T16:06:01.468803,16:06:01,5509.75,5509.75,3
2025-11-05T16:06:13.504300,16:06:13,5530.76,5530.76,3
2025-11-05T16:06:25.536504,16:06:25,5531.59,5531.59,3
2025-11-05T16:06:37.466166,16:06:37,5462.36,5462.36,3
2025-11-05T16:06:49.372146,16:06:49,5451.87,5451.87,3
2025-11-05T16:07:01.376906,16:07:01,5591.21,5591.21,3
2025-11-05T16:07:13.339080,16:07:13,5686.33,5686.33,3
2025-11-05T16:07:24.975465,16:07:24,5601.89,5601.89,3
2025-11-05T16:07:36.964823,16:07:36,5551.74,5551.74,3
2025-11-05T16:07:48.607967,16:07:48,5612.32,5612.32,3
2025-11-05T16:08:00.549040,16:08:00,5662.72,5662.72,3
2025-11-05T16:08:12.218186,16:08:12,5703.49,5703.49,3
2025-11-05T16:08:24.142749,16:08:24,5700.85,5700.85,3
2025-11-05T16:08:35.793204,16:08:35,5699.57,5699.57,3
2025-11-05T16:08:47.833359,16:08:47,5493.88,5493.88,3
2025-11-05T16:08:59.552778,16:08:59,5441.02,5441.02,3
2025-11-05T16:09:11.178491,16:09:11,5387.82,5387.82,3
2025-11-05T16:09:23.182902,16:09:23,5340.25,5340.25,3
2025-11-05T16:09:35.089570,16:09:35,5239.7,5239.7,3
2025-11-05T16:09:46.756438,16:09:46,5316.03,5316.03,3
2025-11-05T16:09:58.432747,16:09:58,5409.95,5409.95,3
2025-11-05T16:10:10.395954,16:10:10,5548.09,5548.09,3
2025-11-05T16:10:22.625386,16:10:22,5636.18,5636.18,3
2025-11-05T16:10:34.365355,16:10:34,5596.87,5596.87,3
2025-11-05T16:10:46.286104,16:10:46,5570.8,5570.8,3
2025-11-05T16:10:58.329847,16:10:58,5561.2,5561.2,3
2025-11-05T16:11:09.960704,16:11:09,5566.5,5566.5,3
2025-11-05T16:11:21.592617,16:11:21,5531.76,5531.76,3
2025-11-05T16:11:33.568514,16:11:33,5488.59,5488.59,3
2025-11-05T16:11:45.200268,16:11:45,5556.36,5556.36,3
2025-11-05T16:11:56.847920,16:11:56,5547.5,5547.5,3
2025-11-05T16:12:08.879571,16:12:08,5564.04,5564.04,3
2025-11-05T16:12:20.867636,16:12:20,5423.04,5423.04,3
2025-11-05T16:12:32.818852,16:12:32,5469.99,5469.99,3
2025-11-05T16:12:44.529112,16:12:44,5553.06,5553.06,3
2025-11-05T16:12:56.278426,16:12:56,5550.92,5550.92,3
2025-11-05T16:13:08.240784,16:13:08,5563.27,5563.27,3
2025-11-05T16:13:20.184121,16:13:20,5584.23,5584.23,3
2025-11-05T16:13:31.856976,16:13:31,5626.12,5626.12,3
2025-11-05T16:13:43.518547,16:13:43,5581.94,5581.94,3
2025-11-05T16:13:55.448471,16:13:55,5574.88,5574.88,3
2025-11-05T16:14:07.155702,16:14:07,5567.77,5567.77,3
2025-11-05T16:14:19.074068,16:14:19,5608.05,5608.05,3
2025-11-05T16:14:31.190214,16:14:31,5588.2,5588.2,3
2025-11-05T16:14:42.866850,16:14:42,5597.38,5597.38,3
2025-11-05T16:14:54.612634,16:14:54,5533.23,5533.23,3
2025-11-05T16:15:06.277057,16:15:06,5479.61,5479.61,3
2025-11-05T16:15:18.623956,16:15:18,5403.66,5403.66,3
2025-11-05T16:15:30.303606,16:15:30,5380.12,5380.12,3
2025-11-05T16:15:41.984394,16:15:41,5318.53,5318.53,3
2025-11-05T16:15:53.616926,16:15:53,5242.99,5242.99,3
2025-11-05T16:16:05.320554,16:16:05,5175.32,5175.32,3
2025-11-05T16:16:17.513103,16:16:17,5167.28,5167.28,3
2025-11-05T16:16:29.240598,16:16:29,5076.63,5076.63,3
2025-11-05T16:16:41.211430,16:16:41,5140.43,5140.43,3
2025-11-05T16:16:53.198392,16:16:53,5134.03,5134.03,3
2025-11-05T16:17:05.182249,16:17:05,5173.61,5173.61,3
2025-11-05T16:17:16.895121,16:17:16,5231.8,5231.8,3
2025-11-05T16:17:29.111186,16:17:29,5264.32,5264.32,3
2025-11-05T16:17:41.114860,16:17:41,5264.78,5264.78,3
2025-11-05T16:17:53.049680,16:17:53,5269.96,5269.96,3
2025-11-05T16:18:04.697249,16:18:04,5275.17,5275.17,3
2025-11-05T16:18:16.622922,16:18:16,5271.49,5271.49,3
2025-11-05T16:18:28.296273,16:18:28,5305.4,5305.4,3
2025-11-05T16:18:39.941305,16:18:39,5300.89,5300.89,3
2025-11-05T16:18:52.049072,16:18:52,5277.45,5277.45,3
2025-11-05T16:19:03.753137,16:19:03,5125.71,5125.71,3
2025-11-05T16:19:15.666674,16:19:15,5125.23,5125.23,3
2025-11-05T16:19:27.448749,16:19:27,5061.3,5061.3,3
2025-11-05T16:19:39.386183,16:19:39,5055.71,5055.71,3
2025-11-05T16:19:51.207218,16:19:51,4955.41,4955.41,3
2025-11-05T16:20:03.437222,16:20:03,4927.72,4927.72,3
2025-11-05T16:20:15.121880,16:20:15,4949.69,4949.69,3
2025-11-05T16:20:26.847353,16:20:26,4872.12,4872.12,3
2025-11-05T16:20:38.554154,16:20:38,4866.8,4866.8,3
2025-11-05T16:20:50.277916,16:20:50,4872.01,4872.01,3
2025-11-05T16:21:02.194543,16:21:02,4871.99,4871.99,3
2025-11-05T16:21:13.793619,16:21:13,4878.22,4878.22,3
2025-11-05T16:21:25.778787,16:21:25,4921.62,4921.62,3
2025-11-05T16:21:37.454416,16:21:37,4879.39,4879.39,3
2025-11-05T16:21:49.402772,16:21:49,4891.66,4891.66,3
2025-11-05T16:22:01.030148,16:22:01,4889.93,4889.93,3
2025-11-05T16:22:12.744334,16:22:12,4846.78,4846.78,3
2025-11-05T16:22:24.398920,16:22:24,4838.82,4838.82,3
2025-11-05T16:22:36.418918,16:22:36,4844.11,4844.11,3
2025-11-05T16:22:48.437539,16:22:48,4796.6,4796.6,3
2025-11-05T16:23:00.087187,16:23:00,4765.66,4765.66,3
2025-11-05T16:23:12.066090,16:23:12,4809.85,4809.85,3
2025-11-05T16:23:23.748362,16:23:23,4804.33,4804.33,3
2025-11-05T16:23:35.743363,16:23:35,4863.42,4863.42,3
2025-11-05T16:23:47.457137,16:23:47,4871.0,4871.0,3
2025-11-05T16:23:59.470406,16:23:59,4787.33,4787.33,3
2025-11-05T16:24:11.440756,16:24:11,4741.64,4741.64,3
2025-11-05T16:24:23.472634,16:24:23,4737.94,4737.94,3
2025-11-05T16:24:35.498241,16:24:35,4730.73,4730.73,3
2025-11-05T16:24:47.280884,16:24:47,4627.51,4627.51,3
2025-11-05T16:24:59.036161,16:24:59,4552.31,4552.31,3
2025-11-05T16:25:10.686653,16:25:10,4658.05,4658.05,3
2025-11-05T16:25:22.345019,16:25:22,4735.48,4735.48,3
2025-11-05T16:25:34.245160,16:25:34,4674.2,4674.2,3
2025-11-05T16:25:46.424717,16:25:46,4676.64,4676.64,3
2025-11-05T16:25:58.021987,16:25:58,4683.39,4683.39,3
2025-11-05T16:26:10.236558,16:26:10,4695.65,4695.65,3
2025-11-05T16:26:22.496391,16:26:22,4711.41,4711.41,3
2025-11-05T16:26:34.167085,16:26:34,4709.65,4709.65,3
2025-11-05T16:26:45.896381,16:26:45,4714.72,4714.72,3
2025-11-05T16:26:57.835104,16:26:57,4702.62,4702.62,3
2025-11-05T16:27:09.471762,16:27:09,4768.44,4768.44,3
2025-11-05T16:27:21.132200,16:27:21,4840.45,4840.45,3
2025-11-05T16:27:32.914683,16:27:32,4800.79,4800.79,3
2025-11-05T16:27:44.524033,16:27:44,4801.78,4801.78,3
2025-11-05T16:27:56.163417,16:27:56,4797.07,4797.07,3
2025-11-05T16:28:08.136056,16:28:08,4801.21,4801.21,3
2025-11-05T16:28:20.327571,16:28:20,4842.9,4842.9,3
2025-11-05T16:28:32.206254,16:28:32,4856.16,4856.16,3
2025-11-05T16:28:44.167705,16:28:44,4875.48,4875.48,3
2025-11-05T16:28:56.059622,16:28:56,4888.94,4888.94,3
2025-11-05T16:29:07.961670,16:29:07,4856.03,4856.03,3
2025-11-05T16:29:19.853918,16:29:19,4751.01,4751.01,3
2025-11-05T16:29:31.531245,16:29:31,4713.43,4713.43,3
2025-11-05T16:29:43.282435,16:29:43,4805.64,4805.64,3
2025-11-05T16:29:54.953795,16:29:54,4808.68,4808.68,3
2025-11-05T16:30:06.608083,16:30:06,4795.32,4795.32,3
2025-11-05T16:30:18.529336,16:30:18,4794.65,4794.65,3
2025-11-05T16:30:30.175265,16:30:30,4811.52,4811.52,3
2025-11-05T16:30:41.766569,16:30:41,4915.53,4915.53,3
2025-11-05T16:30:53.750852,16:30:53,4843.17,4843.17,3
2025-11-05T16:31:05.381569,16:31:05,4859.92,4859.92,3
2025-11-05T16:31:17.042613,16:31:17,4881.54,4881.54,3
2025-11-05T16:31:28.714034,16:31:28,4840.47,4840.47,3
2025-11-05T16:31:40.388509,16:31:40,4879.31,4879.31,3
2025-11-05T16:31:52.392443,16:31:52,4891.09,4891.09,3
2025-11-05T16:32:04.019275,16:32:04,4837.08,4837.08,3
2025-11-05T16:32:15.599836,16:32:15,4902.03,4902.03,3
2025-11-05T16:32:27.494997,16:32:27,4920.95,4920.95,3
2025-11-05T16:32:39.111939,16:32:39,4862.63,4862.63,3
2025-11-05T16:32:50.769524,16:32:50,4924.38,4924.38,3
2025-11-05T16:33:02.435544,16:33:02,4918.48,4918.48,3
2025-11-05T16:33:14.429972,16:33:14,4997.89,4997.89,3
2025-11-05T16:33:26.341181,16:33:26,5019.96,5019.96,3
2025-11-05T16:33:38.376553,16:33:38,4965.02,4965.02,3
2025-11-05T16:33:49.985403,16:33:49,4993.1,4993.1,3
2025-11-05T16:34:01.967316,16:34:01,4989.93,4989.93,3
2025-11-05T16:34:14.885064,16:34:14,4967.55,4967.55,3
2025-11-05T16:34:26.519598,16:34:26,4932.52,4932.52,3
2025-11-05T16:34:38.251972,16:34:38,4963.39,4963.39,3
2025-11-05T16:34:49.878250,16:34:49,4992.8,4992.8,3
2025-11-05T16:35:01.843937,16:35:01,4991.18,4991.18,3
2025-11-05T16:35:13.468458,16:35:13,5039.18,5039.18,3
2025-11-05T16:35:25.389740,16:35:25,5085.63,5085.63,3
2025-11-05T16:35:37.439672,16:35:37,5095.28,5095.28,3
2025-11-05T16:35:49.896194,16:35:49,5158.36,5158.36,3
2025-11-05T16:36:01.603103,16:36:01,5139.08,5139.08,3
2025-11-05T16:36:13.380691,16:36:13,5232.5,5232.5,3
2025-11-05T16:36:25.247187,16:36:25,5257.84,5257.84,3
2025-11-05T16:36:36.839823,16:36:36,5341.6,5341.6,3
2025-11-05T16:36:48.472549,16:36:48,5282.8,5282.8,3
2025-11-05T16:37:00.426249,16:37:00,5315.23,5315.23,3
2025-11-05T16:37:12.337838,16:37:12,5297.54,5297.54,3
2025-11-05T16:37:23.951300,16:37:23,5265.02,5265.02,3
2025-11-05T16:37:35.917085,16:37:35,5257.75,5257.75,3
2025-11-05T16:37:48.030107,16:37:48,5217.76,5217.76,3
2025-11-05T16:37:59.671319,16:37:59,5216.66,5216.66,3
2025-11-05T16:38:11.598031,16:38:11,5075.31,5075.31,3
2025-11-05T16:38:23.500603,16:38:23,5062.73,5062.73,3
2025-11-05T16:38:35.178508,16:38:35,5042.05,5042.05,3
2025-11-05T16:38:47.152312,16:38:47,5016.89,5016.89,3
2025-11-05T16:38:58.814678,16:38:58,5069.31,5069.31,3
2025-11-05T16:39:10.743612,16:39:10,5017.82,5017.82,3
2025-11-05T16:39:22.680980,16:39:22,5062.61,5062.61,3
2025-11-05T16:39:34.279820,16:39:34,5089.25,5089.25,3
2025-11-05T16:39:46.550577,16:39:46,5118.74,5118.74,3
2025-11-05T16:39:58.222777,16:39:58,5158.82,5158.82,3
2025-11-05T16:40:10.809520,16:40:10,4971.78,4971.78,3
2025-11-05T16:40:23.415632,16:40:23,4869.74,4869.74,3
2025-11-05T16:40:35.477212,16:40:35,4874.07,4874.07,3
2025-11-05T16:40:47.134266,16:40:47,4998.48,4998.48,3
2025-11-05T16:40:58.724360,16:40:58,4997.33,4997.33,3
2025-11-05T16:41:10.786081,16:41:10,5130.34,5130.34,3
2025-11-05T16:41:22.448389,16:41:22,5086.09,5086.09,3
2025-11-05T16:41:34.420041,16:41:34,5051.6,5051.6,3
2025-11-05T16:41:46.669636,16:41:46,5088.08,5088.08,3
2025-11-05T16:41:58.780798,16:41:58,5106.56,5106.56,3
2025-11-05T16:42:10.772847,16:42:10,5089.99,5089.99,3
2025-11-05T16:42:22.726410,16:42:22,5081.98,5081.98,3
2025-11-05T16:42:34.683454,16:42:34,5068.36,5068.36,3
2025-11-05T16:42:46.685582,16:42:46,5066.52,5066.52,3
2025-11-05T16:42:58.288897,16:42:58,5080.15,5080.15,3
2025-11-05T16:43:09.923177,16:43:09,5075.23,5075.23,3
2025-11-05T16:43:21.525971,16:43:21,5085.08,5085.08,3
2025-11-05T16:43:33.280947,16:43:33,5175.01,5175.01,3
2025-11-05T16:43:45.153229,16:43:45,5183.4,5183.4,3
2025-11-05T16:43:56.895278,16:43:56,5246.52,5246.52,3
2025-11-05T16:44:08.887948,16:44:08,5242.37,5242.37,3
2025-11-05T16:44:20.961393,16:44:20,5353.14,5353.14,3
2025-11-05T16:44:32.555595,16:44:32,5290.9,5290.9,3
2025-11-05T16:44:44.167136,16:44:44,5165.43,5165.43,3
2025-11-05T16:44:56.745095,16:44:56,5160.32,5160.32,3
2025-11-05T16:45:09.802957,16:45:09,5089.41,5089.41,3
2025-11-05T16:45:21.449588,16:45:21,5075.5,5075.5,3
2025-11-05T16:45:33.324504,16:45:33,5000.19,5000.19,3
2025-11-05T16:45:44.938367,16:45:44,5095.05,5095.05,3
2025-11-05T16:45:56.546674,16:45:56,5169.3,5169.3,3
2025-11-05T16:46:08.532464,16:46:08,5346.41,5346.41,3
2025-11-05T16:46:20.241384,16:46:20,5445.79,5445.79,3
2025-11-05T16:46:32.164133,16:46:32,5486.89,5486.89,3
2025-11-05T16:46:43.834206,16:46:43,5468.12,5468.12,3
2025-11-05T16:46:55.437231,16:46:55,5476.54,5476.54,3
2025-11-05T16:47:07.063649,16:47:07,5482.79,5482.79,3
2025-11-05T16:47:18.777965,16:47:18,5414.17,5414.17,3
2025-11-05T16:47:30.743807,16:47:30,5344.49,5344.49,3
2025-11-05T16:47:42.388009,16:47:42,5412.0,5412.0,3
2025-11-05T16:47:54.006840,16:47:54,5048.99,5048.99,3
2025-11-05T16:48:05.654145,16:48:05,5092.3,5092.3,3
2025-11-05T16:48:17.616405,16:48:17,5052.31,5052.31,3
2025-11-05T16:48:29.752049,16:48:29,5085.45,5085.45,3
2025-11-05T16:48:41.415239,16:48:41,4987.86,4987.86,3
2025-11-05T16:48:53.103782,16:48:53,5027.33,5027.33,3
2025-11-05T16:49:04.720156,16:49:04,5067.65,5067.65,3
2025-11-05T16:49:16.373682,16:49:16,5009.61,5009.61,3
2025-11-05T16:49:28.009036,16:49:28,5008.37,5008.37,3
2025-11-05T16:49:39.908647,16:49:39,4984.47,4984.47,3
2025-11-05T16:49:51.848683,16:49:51,4908.86,4908.86,3
2025-11-05T16:50:03.855659,16:50:03,4910.64,4910.64,3
2025-11-05T16:50:15.505893,16:50:15,4968.98,4968.98,3
2025-11-05T16:50:27.479237,16:50:27,5012.66,5012.66,3
2025-11-05T16:50:39.458358,16:50:39,5022.89,5022.89,3
2025-11-05T16:50:51.046273,16:50:51,5037.07,5037.07,3
2025-11-05T16:51:02.683666,16:51:02,5003.59,5003.59,3
2025-11-05T16:51:14.272238,16:51:14,4943.64,4943.64,3
2025-11-05T16:51:26.249340,16:51:26,5006.63,5006.63,3
2025-11-05T16:51:37.976123,16:51:37,5053.97,5053.97,3
2025-11-05T16:51:49.671049,16:51:49,5022.68,5022.68,3
2025-11-05T16:52:01.600642,16:52:01,5088.9,5088.9,3
2025-11-05T16:52:13.630472,16:52:13,5084.03,5084.03,3
2025-11-05T16:52:25.580615,16:52:25,5175.86,5175.86,3
2025-11-05T16:52:37.224810,16:52:37,5142.34,5142.34,3
2025-11-05T16:52:48.829457,16:52:48,5135.47,5135.47,3
2025-11-05T16:53:00.445976,16:53:00,5163.72,5163.72,3
2025-11-05T16:53:12.363232,16:53:12,5136.91,5136.91,3
2025-11-05T16:53:23.965602,16:53:23,5146.66,5146.66,3
2025-11-05T16:53:35.906852,16:53:35,5138.12,5138.12,3
2025-11-05T16:53:47.560651,16:53:47,5138.1,5138.1,3
2025-11-05T16:53:59.240982,16:53:59,5139.77,5139.77,3
2025-11-05T16:54:10.921642,16:54:10,5176.62,5176.62,3
2025-11-05T16:54:22.566168,16:54:22,5208.36,5208.36,3
2025-11-05T16:54:34.181289,16:54:34,5319.48,5319.48,3
2025-11-05T16:54:45.968766,16:54:45,5348.77,5348.77,3
2025-11-05T16:54:57.675341,16:54:57,5379.31,5379.31,3
2025-11-05T16:55:09.670782,16:55:09,5530.59,5530.59,3
2025-11-05T16:55:21.669439,16:55:21,5530.61,5530.61,3
2025-11-05T16:55:33.540831,16:55:33,5541.72,5541.72,3
2025-11-05T16:55:45.157253,16:55:45,5532.32,5532.32,3
2025-11-05T16:55:56.791630,16:55:56,5435.8,5435.8,3
2025-11-05T16:56:08.744605,16:56:08,5337.19,5337.19,3
2025-11-05T16:56:20.776851,16:56:20,5251.28,5251.28,3
2025-11-05T16:56:32.692547,16:56:32,5163.32,5163.32,3
2025-11-05T16:56:44.663187,16:56:44,5206.44,5206.44,3
2025-11-05T16:56:56.306281,16:56:56,5228.95,5228.95,3
2025-11-05T16:57:08.001082,16:57:08,5198.54,5198.54,3
2025-11-05T16:57:19.886015,16:57:19,5135.88,5135.88,3
2025-11-05T16:57:31.905721,16:57:31,5162.29,5162.29,3
2025-11-05T16:57:44.115684,16:57:44,5115.9,5115.9,3
2025-11-05T16:57:56.374029,16:57:56,5141.9,5141.9,3
2025-11-05T16:58:08.587442,16:58:08,5139.74,5139.74,3
2025-11-05T16:58:20.541314,16:58:20,5142.71,5142.71,3
2025-11-05T16:58:32.470359,16:58:32,5125.54,5125.54,3
2025-11-05T16:58:44.433587,16:58:44,5159.15,5159.15,3
2025-11-05T16:58:56.430817,16:58:56,5185.65,5185.65,3
2025-11-05T16:59:08.487690,16:59:08,5189.42,5189.42,3
2025-11-05T16:59:20.455960,16:59:20,5215.17,5215.17,3
2025-11-05T16:59:32.432418,16:59:32,5216.13,5216.13,3
2025-11-05T16:59:44.456257,16:59:44,5220.84,5220.84,3
2025-11-05T16:59:56.586804,16:59:56,5236.05,5236.05,3
2025-11-05T17:00:08.711005,17:00:08,5378.81,5378.81,3
2025-11-05T17:00:21.438810,17:00:21,5432.83,5432.83,3
2025-11-05T17:00:33.573312,17:00:33,5428.79,5428.79,3
2025-11-05T17:00:45.676691,17:00:45,5451.56,5451.56,3
2025-11-05T17:00:57.653280,17:00:57,5464.42,5464.42,3
2025-11-05T17:01:09.620351,17:01:09,5316.71,5316.71,3
2025-11-05T17:01:21.674251,17:01:21,5337.7,5337.7,3
2025-11-05T17:01:33.754829,17:01:33,5361.94,5361.94,3
2025-11-05T17:01:45.696764,17:01:45,5398.98,5398.98,3
2025-11-05T17:01:57.671609,17:01:57,5413.67,5413.67,3
2025-11-05T17:02:09.369459,17:02:09,5418.77,5418.77,3
2025-11-05T17:02:21.431274,17:02:21,5368.54,5368.54,3
2025-11-05T17:02:33.473840,17:02:33,5398.69,5398.69,3
2025-11-05T17:02:45.207937,17:02:45,5341.11,5341.11,3
2025-11-05T17:02:57.582392,17:02:57,5392.37,5392.37,3
2025-11-05T17:03:09.264348,17:03:09,5339.98,5339.98,3
2025-11-05T17:03:21.527514,17:03:21,5338.07,5338.07,3
2025-11-05T17:03:33.462350,17:03:33,5339.28,5339.28,3
2025-11-05T17:03:45.403941,17:03:45,5316.96,5316.96,3
2025-11-05T17:03:57.383809,17:03:57,5225.4,5225.4,3
2025-11-05T17:04:09.400363,17:04:09,5227.94,5227.94,3
2025-11-05T17:04:21.342753,17:04:21,5235.67,5235.67,3
2025-11-05T17:04:33.326481,17:04:33,5237.29,5237.29,3
2025-11-05T17:04:45.600021,17:04:45,5217.94,5217.94,3
2025-11-05T17:04:57.294081,17:04:57,5307.34,5307.34,3
2025-11-05T17:05:09.362922,17:05:09,5465.25,5465.25,3
2025-11-05T17:05:21.581890,17:05:21,5490.68,5490.68,3
2025-11-05T17:05:33.622245,17:05:33,5480.03,5480.03,3
2025-11-05T17:05:45.821201,17:05:45,5478.22,5478.22,3
2025-11-05T17:05:57.946182,17:05:57,5466.02,5466.02,3
2025-11-05T17:06:10.010143,17:06:10,5461.59,5461.59,3
2025-11-05T17:06:21.894341,17:06:21,5472.9,5472.9,3
2025-11-05T17:06:33.851873,17:06:33,5485.81,5485.81,3
2025-11-05T17:06:45.977015,17:06:45,5510.43,5510.43,3
2025-11-05T17:06:58.244388,17:06:58,5647.54,5647.54,3
2025-11-05T17:07:10.417659,17:07:10,5666.73,5666.73,3
2025-11-05T17:07:22.347212,17:07:22,5670.47,5670.47,3
2025-11-05T17:07:34.692409,17:07:34,5664.57,5664.57,3
2025-11-05T17:07:46.623938,17:07:46,5622.87,5622.87,3
2025-11-05T17:07:58.631285,17:07:58,5621.34,5621.34,3
2025-11-05T17:08:10.684972,17:08:10,5656.15,5656.15,3
2025-11-05T17:08:22.674123,17:08:22,5617.81,5617.81,3
2025-11-05T17:08:34.661215,17:08:34,5541.29,5541.29,3
2025-11-05T17:08:47.134381,17:08:47,5544.23,5544.23,3
2025-11-05T17:08:59.051567,17:08:59,5556.08,5556.08,3
2025-11-05T17:09:10.856092,17:09:10,5615.07,5615.07,3
2025-11-05T17:09:22.823480,17:09:22,5600.27,5600.27,3
2025-11-05T17:09:34.747098,17:09:34,5648.16,5648.16,3
2025-11-05T17:09:46.738478,17:09:46,5653.97,5653.97,3
2025-11-05T17:09:58.744064,17:09:58,5647.51,5647.51,3
2025-11-05T17:10:10.641706,17:10:10,5609.18,5609.18,3
2025-11-05T17:10:22.557735,17:10:22,5547.13,5547.13,3
2025-11-05T17:10:34.513099,17:10:34,5599.75,5599.75,3
2025-11-05T17:10:46.481032,17:10:46,5646.01,5646.01,3
2025-11-05T17:10:58.784403,17:10:58,5649.95,5649.95,3
2025-11-05T17:11:10.974905,17:11:10,5655.81,5655.81,3
2025-11-05T17:11:22.876587,17:11:22,5651.74,5651.74,3
2025-11-05T17:11:34.963675,17:11:34,5571.22,5571.22,3
2025-11-05T17:11:47.162161,17:11:47,5542.34,5542.34,3
2025-11-05T17:11:59.156475,17:11:59,5547.37,5547.37,3
2025-11-05T17:12:11.059558,17:12:11,5527.7,5527.7,3
2025-11-05T17:12:23.011335,17:12:23,5528.03,5528.03,3
2025-11-05T17:12:34.973956,17:12:34,5430.5,5430.5,3
2025-11-05T17:12:47.251783,17:12:47,5404.24,5404.24,3
2025-11-05T17:12:59.210804,17:12:59,5317.83,5317.83,3
2025-11-05T17:13:11.290055,17:13:11,5386.66,5386.66,3
2025-11-05T17:13:23.258787,17:13:23,5395.57,5395.57,3
2025-11-05T17:13:35.258285,17:13:35,5468.32,5468.32,3
2025-11-05T17:13:46.880437,17:13:46,5496.09,5496.09,3
2025-11-05T17:13:58.484626,17:13:58,5524.86,5524.86,3
2025-11-05T17:14:10.395718,17:14:10,5603.48,5603.48,3
2025-11-05T17:14:22.016745,17:14:22,5524.08,5524.08,3
2025-11-05T17:14:34.383813,17:14:34,5501.7,5501.7,3
2025-11-05T17:14:46.341299,17:14:46,5527.75,5527.75,3
2025-11-05T17:14:58.381811,17:14:58,5516.19,5516.19,3
2025-11-05T17:15:10.609594,17:15:10,5514.76,5514.76,3
2025-11-05T17:15:22.541673,17:15:22,5553.81,5553.81,3
2025-11-05T17:15:34.466075,17:15:34,5519.14,5519.14,3
2025-11-05T17:15:46.480560,17:15:46,5524.26,5524.26,3
2025-11-05T17:15:58.685102,17:15:58,5530.81,5530.81,3
2025-11-05T17:16:10.877574,17:16:10,5569.8,5569.8,3
2025-11-05T17:16:22.962126,17:16:22,5512.25,5512.25,3
2025-11-05T17:16:35.137346,17:16:35,5494.05,5494.05,3
2025-11-05T17:16:47.336840,17:16:47,5495.26,5495.26,3
2025-11-05T17:16:59.214698,17:16:59,5496.85,5496.85,3
2025-11-05T17:17:10.892657,17:17:10,5547.49,5547.49,3
2025-11-05T17:17:22.852291,17:17:22,5561.64,5561.64,3
2025-11-05T17:17:34.819328,17:17:34,5573.84,5573.84,3
2025-11-05T17:17:46.478201,17:17:46,5523.28,5523.28,3
2025-11-05T17:17:58.409311,17:17:58,5604.72,5604.72,3
2025-11-05T17:18:10.043200,17:18:10,5741.41,5741.41,3
2025-11-05T17:18:22.238916,17:18:22,5677.58,5677.58,3
2025-11-05T17:18:34.172407,17:18:34,5557.39,5557.39,3
2025-11-05T17:18:45.778605,17:18:45,5607.42,5607.42,3
2025-11-05T17:18:57.870055,17:18:57,5652.0,5652.0,3
2025-11-05T17:19:09.792885,17:19:09,5685.26,5685.26,3
2025-11-05T17:19:21.720497,17:19:21,5734.79,5734.79,3
2025-11-05T17:19:33.676816,17:19:33,5741.82,5741.82,3
2025-11-05T17:19:45.641453,17:19:45,5772.89,5772.89,3
2025-11-05T17:19:57.670244,17:19:57,5754.99,5754.99,3
2025-11-05T17:20:09.628041,17:20:09,5798.07,5798.07,3
2025-11-05T17:20:21.561402,17:20:21,5817.75,5817.75,3
2025-11-05T17:20:33.462092,17:20:33,5802.43,5802.43,3
2025-11-05T17:20:45.343352,17:20:45,5799.75,5799.75,3
2025-11-05T17:20:57.349492,17:20:57,5828.06,5828.06,3
2025-11-05T17:21:09.339259,17:21:09,5895.81,5895.81,3
2025-11-05T17:21:21.421601,17:21:21,5840.58,5840.58,3
2025-11-05T17:21:33.654626,17:21:33,5830.98,5830.98,3
2025-11-05T17:21:45.580459,17:21:45,5801.67,5801.67,3
2025-11-05T17:21:57.574345,17:21:57,5847.51,5847.51,3
2025-11-05T17:22:09.526468,17:22:09,5817.14,5817.14,3
2025-11-05T17:22:21.460626,17:22:21,5924.12,5924.12,3
2025-11-05T17:22:33.415784,17:22:33,6045.35,6045.35,3
2025-11-05T17:22:45.084270,17:22:45,5993.08,5993.08,3
2025-11-05T17:22:56.723650,17:22:56,6010.84,6010.84,3
2025-11-05T17:23:08.329677,17:23:08,6000.78,6000.78,3
2025-11-05T17:23:19.996011,17:23:19,6170.49,6170.49,3
2025-11-05T17:23:31.864690,17:23:31,6244.48,6244.48,3
2025-11-05T17:23:43.595221,17:23:43,6176.63,6176.63,3
2025-11-05T17:23:55.251096,17:23:55,6175.58,6175.58,3
2025-11-05T17:24:06.834076,17:24:06,6169.81,6169.81,3
2025-11-05T17:24:18.484400,17:24:18,6104.52,6104.52,3
2025-11-05T17:24:30.098549,17:24:30,6059.96,6059.96,3
2025-11-05T17:24:41.775237,17:24:41,6074.08,6074.08,3
2025-11-05T17:24:53.669845,17:24:53,6000.8,6000.8,3
2025-11-05T17:25:05.265945,17:25:05,6106.34,6106.34,3
2025-11-05T17:25:17.001444,17:25:17,6105.87,6105.87,3
2025-11-05T17:25:29.283050,17:25:29,6068.95,6068.95,3
2025-11-05T17:25:40.887269,17:25:40,6084.5,6084.5,3
2025-11-05T17:25:52.849677,17:25:52,6021.18,6021.18,3
2025-11-05T17:26:04.791120,17:26:04,6077.69,6077.69,3
2025-11-05T17:26:16.755310,17:26:16,6086.2,6086.2,3
2025-11-05T17:26:28.683785,17:26:28,6099.41,6099.41,3
2025-11-05T17:26:40.667561,17:26:40,6100.2,6100.2,3
2025-11-05T17:26:52.333803,17:26:52,6100.92,6100.92,3
2025-11-05T17:27:04.097502,17:27:04,6101.51,6101.51,3
2025-11-05T17:27:15.716487,17:27:15,6191.47,6191.47,3
2025-11-05T17:27:27.629388,17:27:27,6114.35,6114.35,3
2025-11-05T17:27:39.328506,17:27:39,6123.35,6123.35,3
2025-11-05T17:27:50.978764,17:27:50,6118.15,6118.15,3
2025-11-05T17:28:03.516450,17:28:03,6076.59,6076.59,3
2025-11-05T17:28:15.132400,17:28:15,6080.54,6080.54,3
2025-11-05T17:28:26.820695,17:28:26,6072.23,6072.23,3
2025-11-05T17:28:38.438438,17:28:38,6002.69,6002.69,3
2025-11-05T17:28:50.405321,17:28:50,5982.3,5982.3,3
2025-11-05T17:29:02.567260,17:29:02,5960.74,5960.74,3
2025-11-05T17:29:14.211897,17:29:14,5984.62,5984.62,3
2025-11-05T17:29:26.362470,17:29:26,5987.69,5987.69,3
2025-11-05T17:29:38.253848,17:29:38,6123.91,6123.91,3
2025-11-05T17:29:49.832624,17:29:49,6210.89,6210.89,3
2025-11-05T17:30:02.017962,17:30:02,6167.83,6167.83,3
2025-11-05T17:30:16.970018,17:30:16,6158.96,6158.96,3
2025-11-05T17:30:29.604667,17:30:29,6079.88,6079.88,3
2025-11-05T17:30:41.710996,17:30:41,6062.9,6062.9,3
2025-11-05T17:30:53.772895,17:30:53,6044.73,6044.73,3
2025-11-05T17:31:05.481096,17:31:05,6088.8,6088.8,3
2025-11-05T17:31:17.093294,17:31:17,5981.36,5981.36,3
2025-11-05T17:31:29.072102,17:31:29,6045.26,6045.26,3
2025-11-05T17:31:40.649378,17:31:40,6049.2,6049.2,3
2025-11-05T17:31:52.306264,17:31:52,6173.29,6173.29,3
2025-11-05T17:32:04.287374,17:32:04,6145.67,6145.67,3
2025-11-05T17:32:16.570230,17:32:16,6121.95,6121.95,3
2025-11-05T17:32:28.206716,17:32:28,6118.09,6118.09,3
2025-11-05T17:32:39.877347,17:32:39,6180.32,6180.32,3
2025-11-05T17:32:51.959365,17:32:51,6210.09,6210.09,3
2025-11-05T17:33:04.229795,17:33:04,6075.91,6075.91,3
2025-11-05T17:33:16.130688,17:33:16,6124.56,6124.56,3
2025-11-05T17:33:27.722292,17:33:27,6050.73,6050.73,3
2025-11-05T17:33:39.652756,17:33:39,6041.24,6041.24,3
2025-11-05T17:33:51.623308,17:33:51,6054.71,6054.71,3
2025-11-05T17:34:03.299330,17:34:03,6012.33,6012.33,3
2025-11-05T17:34:15.224884,17:34:15,6069.2,6069.2,3
2025-11-05T17:34:27.110913,17:34:27,6012.99,6012.99,3
2025-11-05T17:34:39.298703,17:34:39,5947.67,5947.67,3
2025-11-05T17:34:50.998270,17:34:50,5918.09,5918.09,3
2025-11-05T17:35:02.720364,17:35:02,5897.53,5897.53,3
2025-11-05T17:35:14.664939,17:35:14,5985.49,5985.49,3
2025-11-05T17:35:26.548830,17:35:26,5986.48,5986.48,3
2025-11-05T17:35:38.469891,17:35:38,6003.73,6003.73,3
2025-11-05T17:35:50.063512,17:35:50,6038.51,6038.51,3
2025-11-05T17:36:02.240143,17:36:02,5954.65,5954.65,3
2025-11-05T17:36:13.926127,17:36:13,5916.94,5916.94,3
2025-11-05T17:36:25.757514,17:36:25,5839.85,5839.85,3
2025-11-05T17:36:37.611742,17:36:37,5870.46,5870.46,3
2025-11-05T17:36:49.195871,17:36:49,5864.47,5864.47,3
2025-11-05T17:37:00.884804,17:37:00,5871.79,5871.79,3
2025-11-05T17:37:12.511206,17:37:12,6037.82,6037.82,3
2025-11-05T17:37:24.350230,17:37:24,5971.31,5971.31,3
2025-11-05T17:37:36.088918,17:37:36,6009.39,6009.39,3
2025-11-05T17:37:48.003950,17:37:48,6002.35,6002.35,3
2025-11-05T17:37:59.701663,17:37:59,6087.75,6087.75,3
2025-11-05T17:38:11.250735,17:38:11,6126.26,6126.26,3
2025-11-05T17:38:22.824504,17:38:22,6109.22,6109.22,3
2025-11-05T17:38:34.515304,17:38:34,6122.15,6122.15,3
2025-11-05T17:38:46.408264,17:38:46,6073.42,6073.42,3
2025-11-05T17:38:57.966746,17:38:57,6081.6,6081.6,3
2025-11-05T17:39:09.603538,17:39:09,5914.13,5914.13,3
2025-11-05T17:39:21.539183,17:39:21,5926.64,5926.64,3
2025-11-05T17:39:33.113242,17:39:33,5929.53,5929.53,3
2025-11-05T17:39:44.988499,17:39:44,6026.24,6026.24,3
2025-11-05T17:39:56.773167,17:39:56,6059.09,6059.09,3
2025-11-05T17:40:09.717990,17:40:09,6046.82,6046.82,3
2025-11-05T17:40:21.785582,17:40:21,5987.38,5987.38,3
2025-11-05T17:40:33.389832,17:40:33,6023.36,6023.36,3
2025-11-05T17:40:44.961903,17:40:44,5983.06,5983.06,3
2025-11-05T17:40:56.719949,17:40:56,6007.34,6007.34,3
2025-11-05T17:41:08.371124,17:41:08,5933.41,5933.41,3
2025-11-05T17:41:19.968266,17:41:19,5998.47,5998.47,3
2025-11-05T17:41:31.633436,17:41:31,6010.19,6010.19,3
2025-11-05T17:41:43.237339,17:41:43,6013.37,6013.37,3
2025-11-05T17:41:54.879706,17:41:54,5957.0,5957.0,3
2025-11-05T17:42:06.451592,17:42:06,6026.52,6026.52,3
2025-11-05T17:42:18.568197,17:42:18,5975.15,5975.15,3
2025-11-05T17:42:30.096857,17:42:30,6059.52,6059.52,3
2025-11-05T17:42:41.788793,17:42:41,6064.92,6064.92,3
2025-11-05T17:42:53.766561,17:42:53,6086.8,6086.8,3
2025-11-05T17:43:05.384678,17:43:05,6078.09,6078.09,3
2025-11-05T17:43:16.951403,17:43:16,6097.19,6097.19,3
2025-11-05T17:43:28.996513,17:43:28,6092.11,6092.11,3
2025-11-05T17:43:40.654869,17:43:40,6118.38,6118.38,3
2025-11-05T17:43:52.608934,17:43:52,6106.78,6106.78,3
2025-11-05T17:44:04.951298,17:44:04,6093.87,6093.87,3
2025-11-05T17:44:17.231033,17:44:17,6091.48,6091.48,3
2025-11-05T17:44:29.226585,17:44:29,6096.2,6096.2,3
2025-11-05T17:44:41.178241,17:44:41,6041.02,6041.02,3
2025-11-05T17:44:52.889431,17:44:52,6033.18,6033.18,3
2025-11-05T17:45:04.804813,17:45:04,5991.88,5991.88,3
2025-11-05T17:45:16.832663,17:45:16,6071.77,6071.77,3
2025-11-05T17:45:28.592802,17:45:28,6096.35,6096.35,3
2025-11-05T17:45:40.285428,17:45:40,6052.18,6052.18,3
2025-11-05T17:45:52.063097,17:45:52,6032.89,6032.89,3
2025-11-05T17:46:04.475808,17:46:04,6091.72,6091.72,3
2025-11-05T17:46:16.165123,17:46:16,6114.54,6114.54,3
2025-11-05T17:46:28.057348,17:46:28,6113.37,6113.37,3
2025-11-05T17:46:39.735443,17:46:39,6101.69,6101.69,3
2025-11-05T17:46:51.499739,17:46:51,6102.58,6102.58,3
2025-11-05T17:47:03.197882,17:47:03,6093.7,6093.7,3
2025-11-05T17:47:15.401652,17:47:15,6100.31,6100.31,3
2025-11-05T17:47:27.160402,17:47:27,6101.94,6101.94,3
2025-11-05T17:47:38.884732,17:47:38,6065.01,6065.01,3
2025-11-05T17:47:50.814919,17:47:50,6155.28,6155.28,3
2025-11-05T17:48:02.880904,17:48:02,6153.47,6153.47,3
2025-11-05T17:48:14.549476,17:48:14,6150.16,6150.16,3
2025-11-05T17:48:26.182088,17:48:26,6185.68,6185.68,3
2025-11-05T17:48:37.778458,17:48:37,6205.66,6205.66,3
2025-11-05T17:48:49.436673,17:48:49,6373.44,6373.44,3
2025-11-05T17:49:01.052705,17:49:01,6381.02,6381.02,3
2025-11-05T17:49:12.691219,17:49:12,6343.52,6343.52,3
2025-11-05T17:49:24.256853,17:49:24,6357.97,6357.97,3
2025-11-05T17:49:35.913023,17:49:35,6397.81,6397.81,3
2025-11-05T17:49:47.594484,17:49:47,6386.91,6386.91,3
2025-11-05T17:49:59.276646,17:49:59,6389.36,6389.36,3
2025-11-05T17:50:11.512816,17:50:11,6402.74,6402.74,3
2025-11-05T17:50:23.386446,17:50:23,6487.73,6487.73,3
2025-11-05T17:50:35.221230,17:50:35,6522.44,6522.44,3
2025-11-05T17:50:47.169176,17:50:47,6554.94,6554.94,3
2025-11-05T17:50:58.780325,17:50:58,6572.95,6572.95,3
2025-11-05T17:51:10.910269,17:51:10,6664.05,6664.05,3
2025-11-05T17:51:22.970721,17:51:22,6745.47,6745.47,3
2025-11-05T17:51:34.725822,17:51:34,6858.44,6858.44,3
2025-11-05T17:51:46.321140,17:51:46,6915.26,6915.26,3
2025-11-05T17:51:58.028271,17:51:58,6852.78,6852.78,3
2025-11-05T17:52:09.643448,17:52:09,6771.77,6771.77,3
2025-11-05T17:52:21.320148,17:52:21,6885.99,6885.99,3
2025-11-05T17:52:33.714140,17:52:33,6846.05,6846.05,3
2025-11-05T17:52:45.914167,17:52:45,6822.18,6822.18,3
2025-11-05T17:52:57.586322,17:52:57,6855.48,6855.48,3
2025-11-05T17:53:09.161741,17:53:09,6837.29,6837.29,3
2025-11-05T17:53:20.751732,17:53:20,6790.89,6790.89,3
2025-11-05T17:53:32.445960,17:53:32,6848.49,6848.49,3
2025-11-05T17:53:44.321131,17:53:44,6861.26,6861.26,3
2025-11-05T17:53:56.005670,17:53:56,6926.97,6926.97,3
2025-11-05T17:54:07.791082,17:54:07,6927.9,6927.9,3
2025-11-05T17:54:21.144089,17:54:21,6834.35,6834.35,3
2025-11-05T17:54:33.358487,17:54:33,6902.03,6902.03,3
2025-11-05T17:54:45.220202,17:54:45,6902.93,6902.93,3
2025-11-05T17:54:57.093595,17:54:57,6952.34,6952.34,3
2025-11-05T17:55:08.798231,17:55:08,7025.44,7025.44,3
2025-11-05T17:55:20.491052,17:55:20,7126.41,7126.41,3
2025-11-05T17:55:32.509421,17:55:32,7153.57,7153.57,3
2025-11-05T17:55:44.065769,17:55:44,7234.11,7234.11,3
2025-11-05T17:55:55.666609,17:55:55,7259.58,7259.58,3
2025-11-05T17:56:07.251314,17:56:07,7540.49,7540.49,3
2025-11-05T17:56:18.824708,17:56:18,7477.19,7477.19,3
2025-11-05T17:56:30.530823,17:56:30,7338.96,7338.96,3
2025-11-05T17:56:42.456518,17:56:42,7274.58,7274.58,3
2025-11-05T17:56:54.369943,17:56:54,7285.48,7285.48,3
2025-11-05T17:57:05.983486,17:57:05,6907.06,6907.06,3
2025-11-05T17:57:17.630073,17:57:17,6715.89,6715.89,3
2025-11-05T17:57:29.506219,17:57:29,6678.94,6678.94,3
2025-11-05T17:57:41.413640,17:57:41,6786.6,6786.6,3
2025-11-05T17:57:53.354447,17:57:53,6782.75,6782.75,3
2025-11-05T17:58:05.264142,17:58:05,6765.77,6765.77,3
2025-11-05T17:58:17.425865,17:58:17,6835.2,6835.2,3
2025-11-05T17:58:29.616842,17:58:29,6893.93,6893.93,3
2025-11-05T17:58:41.288891,17:58:41,7032.61,7032.61,3
2025-11-05T17:58:53.230670,17:58:53,7017.76,7017.76,3
2025-11-05T17:59:05.166853,17:59:05,7043.77,7043.77,3
2025-11-05T17:59:16.831476,17:59:16,7037.48,7037.48,3
2025-11-05T17:59:28.480957,17:59:28,7150.62,7150.62,3
2025-11-05T17:59:40.363269,17:59:40,7132.52,7132.52,3
2025-11-05T17:59:51.990344,17:59:51,7113.72,7113.72,3
2025-11-05T18:00:03.648696,18:00:03,7046.32,7046.32,3
2025-11-05T18:00:15.238093,18:00:15,6655.86,6655.86,3
2025-11-05T18:00:27.166198,18:00:27,6709.81,6709.81,3
2025-11-05T18:00:39.237899,18:00:39,6744.6,6744.6,3
2025-11-05T18:00:51.135426,18:00:51,6793.77,6793.77,3
2025-11-05T18:01:03.122620,18:01:03,6821.88,6821.88,3
2025-11-05T18:01:15.018637,18:01:15,6814.01,6814.01,3
2025-11-05T18:01:26.908922,18:01:26,6709.17,6709.17,3
2025-11-05T18:01:38.930089,18:01:38,6746.02,6746.02,3
2025-11-05T18:01:50.827648,18:01:50,6734.14,6734.14,3
2025-11-05T18:02:02.797839,18:02:02,6837.09,6837.09,3
2025-11-05T18:02:14.955768,18:02:14,6781.99,6781.99,3
2025-11-05T18:02:26.589009,18:02:26,6754.06,6754.06,3
2025-11-05T18:02:38.211183,18:02:38,6816.18,6816.18,3
2025-11-05T18:02:50.215687,18:02:50,6788.37,6788.37,3
2025-11-05T18:03:02.428261,18:03:02,6808.32,6808.32,3
2025-11-05T18:03:14.431323,18:03:14,6940.35,6940.35,3
2025-11-05T18:03:26.532907,18:03:26,7000.16,7000.16,3
2025-11-05T18:03:38.223448,18:03:38,7043.67,7043.67,3
2025-11-05T18:03:49.854572,18:03:49,6912.44,6912.44,3
2025-11-05T18:04:01.517702,18:04:01,6973.89,6973.89,3
2025-11-05T18:04:13.189369,18:04:13,6774.57,6774.57,3
2025-11-05T18:04:24.927250,18:04:24,6725.81,6725.81,3
2025-11-05T18:04:36.557583,18:04:36,6793.79,6793.79,3
2025-11-05T18:04:48.265208,18:04:48,6774.74,6774.74,3
2025-11-05T18:05:00.302152,18:05:00,6803.11,6803.11,3
2025-11-05T18:05:11.955045,18:05:11,6871.04,6871.04,3
2025-11-05T18:05:23.919233,18:05:23,6894.88,6894.88,3
2025-11-05T18:05:35.931182,18:05:35,6930.95,6930.95,3
2025-11-05T18:05:47.710352,18:05:47,6934.63,6934.63,3
2025-11-05T18:05:59.344772,18:05:59,6932.73,6932.73,3
2025-11-05T18:06:11.033546,18:06:11,7064.45,7064.45,3
2025-11-05T18:06:22.718524,18:06:22,6960.14,6960.14,3
2025-11-05T18:06:34.403864,18:06:34,6979.1,6979.1,3
2025-11-05T18:06:46.035575,18:06:46,6944.35,6944.35,3
2025-11-05T18:06:57.731171,18:06:57,6978.4,6978.4,3
2025-11-05T18:07:09.714270,18:07:09,7023.06,7023.06,3
2025-11-05T18:07:21.350598,18:07:21,7032.31,7032.31,3
2025-11-05T18:07:33.308515,18:07:33,7027.27,7027.27,3
2025-11-05T18:07:45.276152,18:07:45,7108.3,7108.3,3
2025-11-05T18:07:57.372287,18:07:57,7138.79,7138.79,3
2025-11-05T18:08:09.359749,18:08:09,7058.65,7058.65,3
2025-11-05T18:08:21.495664,18:08:21,7047.98,7047.98,3
2025-11-05T18:08:33.181862,18:08:33,7073.68,7073.68,3
2025-11-05T18:08:44.947184,18:08:44,7123.56,7123.56,3
2025-11-05T18:08:56.616171,18:08:56,7099.69,7099.69,3
2025-11-05T18:09:08.304601,18:09:08,7117.75,7117.75,3
2025-11-05T18:09:20.006594,18:09:20,7074.05,7074.05,3
2025-11-05T18:09:31.867770,18:09:31,7060.57,7060.57,3
2025-11-05T18:09:43.506949,18:09:43,7026.51,7026.51,3
2025-11-05T18:09:55.209448,18:09:55,6982.47,6982.47,3
2025-11-05T18:10:06.924279,18:10:06,7042.92,7042.92,3
2025-11-05T18:10:18.983665,18:10:18,7060.07,7060.07,3
2025-11-05T18:10:30.721855,18:10:30,7120.93,7120.93,3
2025-11-05T18:10:42.415081,18:10:42,7154.99,7154.99,3
2025-11-05T18:10:54.196248,18:10:54,7258.1,7258.1,3
2025-11-05T18:11:06.493943,18:11:06,7239.41,7239.41,3
2025-11-05T18:11:18.371175,18:11:18,7170.75,7170.75,3
2025-11-05T18:11:30.062462,18:11:30,7253.35,7253.35,3
2025-11-05T18:11:42.511070,18:11:42,7213.92,7213.92,3
2025-11-05T18:11:54.487010,18:11:54,7124.1,7124.1,3
2025-11-05T18:12:06.721127,18:12:06,7124.81,7124.81,3
2025-11-05T18:12:18.479057,18:12:18,7161.88,7161.88,3
2025-11-05T18:12:30.194564,18:12:30,7109.29,7109.29,3
2025-11-05T18:12:41.915605,18:12:41,7147.39,7147.39,3
2025-11-05T18:12:54.046200,18:12:54,7235.61,7235.61,3
2025-11-05T18:13:05.815478,18:13:05,7222.57,7222.57,3
2025-11-05T18:13:17.533937,18:13:17,7190.86,7190.86,3
2025-11-05T18:13:29.209259,18:13:29,7169.11,7169.11,3
2025-11-05T18:13:41.223575,18:13:41,7263.43,7263.43,3
2025-11-05T18:13:53.262567,18:13:53,7345.58,7345.58,3
2025-11-05T18:14:05.346908,18:14:05,7448.99,7448.99,3
2025-11-05T18:14:17.592630,18:14:17,7484.0,7484.0,3
2025-11-05T18:14:29.243729,18:14:29,7495.93,7495.93,3
2025-11-05T18:14:41.262006,18:14:41,7470.7,7470.7,3
2025-11-05T18:14:53.260005,18:14:53,7472.17,7472.17,3
2025-11-05T18:15:05.302671,18:15:05,7471.79,7471.79,3
2025-11-05T18:15:17.383216,18:15:17,7389.04,7389.04,3
2025-11-05T18:15:29.045635,18:15:29,7405.93,7405.93,3
2025-11-05T18:15:40.989025,18:15:40,7246.49,7246.49,3
2025-11-05T18:15:53.334141,18:15:53,7304.73,7304.73,3
2025-11-05T18:16:05.692146,18:16:05,7233.07,7233.07,3
2025-11-05T18:16:17.311871,18:16:17,7214.53,7214.53,3
2025-11-05T18:16:29.002328,18:16:29,7195.65,7195.65,3
2025-11-05T18:16:40.935454,18:16:40,7261.15,7261.15,3
2025-11-05T18:16:52.625701,18:16:52,7264.14,7264.14,3
2025-11-05T18:17:04.487595,18:17:04,7263.01,7263.01,3
2025-11-05T18:17:16.474904,18:17:16,7196.6,7196.6,3
2025-11-05T18:17:28.638202,18:17:28,7280.19,7280.19,3
2025-11-05T18:17:40.715129,18:17:40,7355.15,7355.15,3
2025-11-05T18:17:52.350936,18:17:52,7403.79,7403.79,3
2025-11-05T18:18:04.332432,18:18:04,7423.74,7423.74,3
2025-11-05T18:18:16.330221,18:18:16,7462.46,7462.46,3
2025-11-05T18:18:28.266581,18:18:28,7474.35,7474.35,3
2025-11-05T18:18:40.476490,18:18:40,7456.22,7456.22,3
2025-11-05T18:18:52.470436,18:18:52,7461.43,7461.43,3
2025-11-05T18:19:04.472316,18:19:04,7450.99,7450.99,3
2025-11-05T18:19:16.193584,18:19:16,7484.31,7484.31,3
2025-11-05T18:19:28.455071,18:19:28,7464.83,7464.83,3
2025-11-05T18:19:40.171718,18:19:40,7470.6,7470.6,3
2025-11-05T18:19:52.157009,18:19:52,7470.12,7470.12,3
2025-11-05T18:20:04.640273,18:20:04,7398.73,7398.73,3
2025-11-05T18:20:16.278436,18:20:16,7408.94,7408.94,3
2025-11-05T18:20:27.929951,18:20:27,7410.51,7410.51,3
2025-11-05T18:20:39.900189,18:20:39,7410.17,7410.17,3
2025-11-05T18:20:51.520656,18:20:51,7489.19,7489.19,3
2025-11-05T18:21:03.370443,18:21:03,7435.91,7435.91,3
2025-11-05T18:21:15.365143,18:21:15,7449.87,7449.87,3
2025-11-05T18:21:27.038939,18:21:27,7365.34,7365.34,3
2025-11-05T18:21:38.711783,18:21:38,7445.22,7445.22,3
2025-11-05T18:21:50.377400,18:21:50,7419.46,7419.46,3
2025-11-05T18:22:02.374714,18:22:02,7377.52,7377.52,3
2025-11-05T18:22:14.039133,18:22:14,7390.65,7390.65,3
2025-11-05T18:22:25.757422,18:22:25,7322.37,7322.37,3
2025-11-05T18:22:37.718180,18:22:37,7244.02,7244.02,3
2025-11-05T18:22:49.426184,18:22:49,7078.24,7078.24,3
2025-11-05T18:23:01.446869,18:23:01,7174.99,7174.99,3
2025-11-05T18:23:13.504196,18:23:13,7118.18,7118.18,3
2025-11-05T18:23:25.445084,18:23:25,7188.03,7188.03,3
2025-11-05T18:23:37.209656,18:23:37,7274.96,7274.96,3
2025-11-05T18:23:48.961862,18:23:48,7238.66,7238.66,3
2025-11-05T18:24:00.612787,18:24:00,7190.56,7190.56,3
2025-11-05T18:24:12.803959,18:24:12,7148.84,7148.84,3
2025-11-05T18:24:24.463878,18:24:24,7051.63,7051.63,3
2025-11-05T18:24:36.201499,18:24:36,7096.48,7096.48,3
2025-11-05T18:24:48.423985,18:24:48,7078.0,7078.0,3
2025-11-05T18:25:00.378120,18:25:00,7082.32,7082.32,3
2025-11-05T18:25:12.357128,18:25:12,7125.62,7125.62,3
2025-11-05T18:25:24.307784,18:25:24,7037.87,7037.87,3
2025-11-05T18:25:35.968913,18:25:35,7063.27,7063.27,3
2025-11-05T18:25:47.675184,18:25:47,7086.97,7086.97,3
2025-11-05T18:25:59.594963,18:25:59,7130.06,7130.06,3
2025-11-05T18:26:11.275558,18:26:11,7133.23,7133.23,3
2025-11-05T18:26:23.251222,18:26:23,7188.51,7188.51,3
2025-11-05T18:26:34.909192,18:26:34,7236.25,7236.25,3
2025-11-05T18:26:46.586170,18:26:46,7262.78,7262.78,3
2025-11-05T18:26:58.267637,18:26:58,7304.91,7304.91,3
2025-11-05T18:27:10.257761,18:27:10,7368.08,7368.08,3
2025-11-05T18:27:22.334691,18:27:22,7433.3,7433.3,3
2025-11-05T18:27:34.340179,18:27:34,7407.26,7407.26,3
2025-11-05T18:27:46.440944,18:27:46,7418.19,7418.19,3
2025-11-05T18:27:58.151172,18:27:58,7407.98,7407.98,3
2025-11-05T18:28:09.855370,18:28:09,7417.18,7417.18,3
2025-11-05T18:28:21.507418,18:28:21,7364.86,7364.86,3
2025-11-05T18:28:33.220533,18:28:33,7338.09,7338.09,3
2025-11-05T18:28:45.215787,18:28:45,7349.41,7349.41,3
2025-11-05T18:28:57.244614,18:28:57,7330.05,7330.05,3
2025-11-05T18:29:08.938732,18:29:08,7342.32,7342.32,3
2025-11-05T18:29:20.653636,18:29:20,7363.31,7363.31,3
2025-11-05T18:29:32.324611,18:29:32,7439.94,7439.94,3
2025-11-05T18:29:44.246474,18:29:44,7428.5,7428.5,3
2025-11-05T18:29:55.996794,18:29:55,7421.99,7421.99,3
2025-11-05T18:30:08.713081,18:30:08,7377.23,7377.23,3
2025-11-05T18:30:21.840688,18:30:21,7400.57,7400.57,3
2025-11-05T18:30:33.559599,18:30:33,7409.29,7409.29,3
2025-11-05T18:30:45.581090,18:30:45,7410.23,7410.23,3
2025-11-05T18:30:57.299811,18:30:57,7472.18,7472.18,3
2025-11-05T18:31:09.466508,18:31:09,7444.82,7444.82,3
2025-11-05T18:31:21.139252,18:31:21,7463.1,7463.1,3
2025-11-05T18:31:32.922772,18:31:32,7517.36,7517.36,3
2025-11-05T18:31:44.602360,18:31:44,7511.51,7511.51,3
2025-11-05T18:31:56.819423,18:31:56,7559.05,7559.05,3
2025-11-05T18:32:08.775157,18:32:08,7503.42,7503.42,3
2025-11-05T18:32:20.751168,18:32:20,7585.63,7585.63,3
2025-11-05T18:32:32.769303,18:32:32,7533.45,7533.45,3
2025-11-05T18:32:44.619134,18:32:44,7571.22,7571.22,3
2025-11-05T18:32:56.645883,18:32:56,7581.51,7581.51,3
2025-11-05T18:33:09.201427,18:33:09,7602.32,7602.32,3
2025-11-05T18:33:21.270468,18:33:21,7617.19,7617.19,3
2025-11-05T18:33:32.948570,18:33:32,7603.99,7603.99,3
2025-11-05T18:33:44.595304,18:33:44,7623.1,7623.1,3
2025-11-05T18:33:56.277562,18:33:56,7612.9,7612.9,3
2025-11-05T18:34:08.449424,18:34:08,7587.69,7587.69,3
2025-11-05T18:34:20.239422,18:34:20,7550.45,7550.45,3
2025-11-05T18:34:32.542899,18:34:32,7601.02,7601.02,3
2025-11-05T18:34:44.339842,18:34:44,7567.81,7567.81,3
2025-11-05T18:34:56.054576,18:34:56,7605.76,7605.76,3
2025-11-05T18:35:09.471127,18:35:09,7566.53,7566.53,3
2025-11-05T18:35:21.253450,18:35:21,7571.53,7571.53,3
2025-11-05T18:35:33.616668,18:35:33,7416.94,7416.94,3
2025-11-05T18:35:45.351430,18:35:45,7367.76,7367.76,3
2025-11-05T18:35:57.369878,18:35:57,7427.96,7427.96,3
2025-11-05T18:36:09.173466,18:36:09,7527.73,7527.73,3
2025-11-05T18:36:21.187385,18:36:21,7500.98,7500.98,3
2025-11-05T18:36:34.671293,18:36:34,7427.78,7427.78,3
2025-11-05T18:36:46.383488,18:36:46,7434.38,7434.38,3
2025-11-05T18:36:58.420959,18:36:58,7429.89,7429.89,3
2025-11-05T18:37:10.812934,18:37:10,7448.86,7448.86,3
2025-11-05T18:37:22.874673,18:37:22,7394.16,7394.16,3
2025-11-05T18:37:34.895724,18:37:34,7415.98,7415.98,3
2025-11-05T18:37:46.996149,18:37:46,7379.57,7379.57,3
2025-11-05T18:37:58.652575,18:37:58,7382.21,7382.21,3
2025-11-05T18:38:10.587326,18:38:10,7393.74,7393.74,3
2025-11-05T18:38:23.011044,18:38:23,7422.96,7422.96,3
2025-11-05T18:38:34.800078,18:38:34,7427.1,7427.1,3
2025-11-05T18:38:46.929722,18:38:46,7429.3,7429.3,3
2025-11-05T18:38:58.976569,18:38:58,7371.68,7371.68,3
2025-11-05T18:39:11.379956,18:39:11,7311.06,7311.06,3
2025-11-05T18:39:23.409436,18:39:23,7400.48,7400.48,3
2025-11-05T18:39:35.640857,18:39:35,7348.37,7348.37,3
2025-11-05T18:39:47.618562,18:39:47,7355.72,7355.72,3
2025-11-05T18:39:59.686693,18:39:59,7375.06,7375.06,3
2025-11-05T18:40:13.732911,18:40:13,7306.36,7306.36,3
2025-11-05T18:40:26.594398,18:40:26,7233.29,7233.29,3
2025-11-05T18:40:39.114903,18:40:39,7170.31,7170.31,3
2025-11-05T18:40:51.518631,18:40:51,7165.62,7165.62,3
2025-11-05T18:41:04.265807,18:41:04,7167.24,7167.24,3
2025-11-05T18:41:16.294418,18:41:16,7157.65,7157.65,3
2025-11-05T18:41:27.998607,18:41:27,7153.42,7153.42,3
2025-11-05T18:41:39.726997,18:41:39,7140.46,7140.46,3
2025-11-05T18:41:51.775947,18:41:51,7153.71,7153.71,3
2025-11-05T18:42:03.689818,18:42:03,7174.28,7174.28,3
2025-11-05T18:42:15.501787,18:42:15,7181.89,7181.89,3
2025-11-05T18:58:42.592319,18:58:42,7287.59,7287.59,3
2025-11-05T18:58:55.020088,18:58:55,7312.13,7312.13,3
2025-11-05T18:59:07.148335,18:59:07,7349.06,7349.06,3
2025-11-05T18:59:19.435136,18:59:19,7366.21,7366.21,3
2025-11-05T18:59:31.575868,18:59:31,7338.13,7338.13,3
2025-11-05T18:59:43.940697,18:59:43,7318.72,7318.72,3
2025-11-05T18:59:56.611621,18:59:56,7266.42,7266.42,3
2025-11-05T19:00:09.081435,19:00:09,7277.66,7277.66,3
2025-11-05T19:00:21.486606,19:00:21,7192.64,7192.64,3
2025-11-05T19:00:34.099108,19:00:34,7267.66,7267.66,3
2025-11-05T19:00:46.467742,19:00:46,7231.98,7231.98,3
2025-11-05T19:00:58.924297,19:00:58,7208.22,7208.22,3
2025-11-05T19:01:11.234312,19:01:11,7234.7,7234.7,3
2025-11-05T19:01:23.781201,19:01:23,7260.67,7260.67,3
2025-11-05T19:01:36.490691,19:01:36,7213.32,7213.32,3
2025-11-05T19:01:48.883479,19:01:48,7165.84,7165.84,3
2025-11-05T19:02:01.451856,19:02:01,7172.46,7172.46,3
2025-11-05T19:02:14.431338,19:02:14,7047.04,7047.04,3
2025-11-05T19:02:26.882622,19:02:26,7129.74,7129.74,3
2025-11-05T19:02:39.361847,19:02:39,7089.52,7089.52,3
2025-11-05T19:02:51.893959,19:02:51,7071.86,7071.86,3
2025-11-05T19:03:04.352703,19:03:04,7012.45,7012.45,3
2025-11-05T19:03:16.705227,19:03:16,6997.79,6997.79,3
2025-11-05T19:03:29.166074,19:03:29,6984.39,6984.39,3
2025-11-05T19:03:41.548173,19:03:41,7044.48,7044.48,3
2025-11-05T19:03:53.715566,19:03:53,7055.38,7055.38,3
2025-11-05T19:04:06.115730,19:04:06,7100.5,7100.5,3
2025-11-05T19:04:18.597132,19:04:18,7095.7,7095.7,3
2025-11-05T19:04:31.677757,19:04:31,7103.31,7103.31,3
2025-11-05T19:04:44.733067,19:04:44,7038.38,7038.38,3
2025-11-05T19:04:58.020390,19:04:58,7065.89,7065.89,3
2025-11-05T19:05:10.975287,19:05:10,7067.32,7067.32,3
2025-11-05T19:05:23.910817,19:05:23,6978.07,6978.07,3
2025-11-05T19:05:37.365440,19:05:37,6944.05,6944.05,3
2025-11-05T19:05:50.705760,19:05:50,6982.61,6982.61,3
2025-11-05T19:06:03.551530,19:06:03,7011.87,7011.87,3
2025-11-05T19:06:16.647960,19:06:16,7069.48,7069.48,3
2025-11-05T19:06:30.124731,19:06:30,7078.32,7078.32,3
2025-11-05T19:06:43.319819,19:06:43,7052.13,7052.13,3
2025-11-05T19:06:56.512554,19:06:56,7034.64,7034.64,3
2025-11-05T19:07:09.614763,19:07:09,7105.7,7105.7,3
2025-11-05T19:07:22.610901,19:07:22,7098.05,7098.05,3
2025-11-05T19:07:35.377904,19:07:35,7099.75,7099.75,3
2025-11-05T19:07:48.500765,19:07:48,7068.01,7068.01,3
2025-11-05T19:08:01.445003,19:08:01,7209.7,7209.7,3
2025-11-05T19:08:13.957985,19:08:13,7354.3,7354.3,3
2025-11-05T19:08:27.237003,19:08:27,7295.04,7295.04,3
2025-11-05T19:08:40.477362,19:08:40,7366.95,7366.95,3
2025-11-05T19:08:53.809021,19:08:53,7402.04,7402.04,3
2025-11-05T19:09:07.089260,19:09:07,7454.95,7454.95,3
2025-11-05T19:09:20.478460,19:09:20,7507.54,7507.54,3
2025-11-05T19:09:33.790220,19:09:33,7624.29,7624.29,3
2025-11-05T19:09:47.210435,19:09:47,7585.81,7585.81,3
2025-11-05T19:10:00.621205,19:10:00,7595.34,7595.34,3
2025-11-05T19:10:14.107950,19:10:14,7643.07,7643.07,3
2025-11-05T19:10:27.332334,19:10:27,7658.16,7658.16,3
2025-11-05T19:10:40.189580,19:10:40,7678.94,7678.94,3
2025-11-05T19:10:53.517713,19:10:53,7695.83,7695.83,3
2025-11-05T19:11:06.732567,19:11:06,7763.71,7763.71,3
2025-11-05T19:11:20.011396,19:11:20,7746.67,7746.67,3
2025-11-05T19:11:33.605946,19:11:33,7807.56,7807.56,3
2025-11-05T19:11:46.980433,19:11:46,7985.76,7985.76,3
2025-11-05T19:12:00.595421,19:12:00,8086.48,8086.48,3
2025-11-05T19:12:13.451890,19:12:13,8014.35,8014.35,3
2025-11-05T19:12:26.398047,19:12:26,8060.9,8060.9,3
2025-11-05T19:12:39.387623,19:12:39,8076.76,8076.76,3
2025-11-05T19:12:52.221695,19:12:52,8094.64,8094.64,3
2025-11-05T19:13:04.937769,19:13:04,8105.01,8105.01,3
2025-11-05T19:13:17.923846,19:13:17,8294.59,8294.59,3
2025-11-05T19:13:31.114758,19:13:31,8166.76,8166.76,3
2025-11-05T19:13:44.362006,19:13:44,8036.06,8036.06,3
2025-11-05T19:13:57.560953,19:13:57,7991.76,7991.76,3
2025-11-05T19:14:10.661187,19:14:10,8054.88,8054.88,3
2025-11-05T19:14:24.306054,19:14:24,8107.42,8107.42,3
2025-11-05T19:14:37.434108,19:14:37,8094.75,8094.75,3
2025-11-05T19:14:51.122708,19:14:51,7928.84,7928.84,3
2025-11-05T19:15:04.325525,19:15:04,7916.97,7916.97,3
2025-11-05T19:15:17.306174,19:15:17,7914.54,7914.54,3
2025-11-05T19:15:30.654440,19:15:30,7883.52,7883.52,3
2025-11-05T19:15:44.594280,19:15:44,7858.67,7858.67,3
2025-11-05T19:15:57.924964,19:15:57,8015.57,8015.57,3
2025-11-05T19:16:11.249184,19:16:11,7956.86,7956.86,3
2025-11-05T19:16:24.640564,19:16:24,7949.76,7949.76,3
2025-11-05T19:16:37.650427,19:16:37,7976.58,7976.58,3
2025-11-05T19:16:50.602608,19:16:50,7976.7,7976.7,3
2025-11-05T19:17:03.433029,19:17:03,8015.7,8015.7,3
2025-11-05T19:17:17.001740,19:17:17,8017.88,8017.88,3
2025-11-05T19:17:30.011095,19:17:30,8032.37,8032.37,3
2025-11-05T19:17:43.455520,19:17:43,8143.98,8143.98,3
2025-11-05T19:17:56.875470,19:17:56,8181.47,8181.47,3
2025-11-05T19:18:10.180303,19:18:10,8150.41,8150.41,3
2025-11-05T19:18:23.669149,19:18:23,8174.94,8174.94,3
2025-11-05T19:18:36.569798,19:18:36,8256.66,8256.66,3
2025-11-05T19:18:49.372965,19:18:49,8369.64,8369.64,3
2025-11-05T19:19:02.415282,19:19:02,8426.48,8426.48,3
2025-11-05T19:19:15.898631,19:19:15,8258.98,8258.98,3
2025-11-05T19:19:29.012274,19:19:29,8085.54,8085.54,3
2025-11-05T19:19:41.618566,19:19:41,8206.22,8206.22,3
2025-11-05T19:19:54.318195,19:19:54,8154.13,8154.13,3
2025-11-05T19:20:07.411757,19:20:07,8214.85,8214.85,3
2025-11-05T19:20:20.497505,19:20:20,8325.44,8325.44,3
2025-11-05T19:20:33.919601,19:20:33,8304.86,8304.86,3
2025-11-05T19:20:47.188055,19:20:47,8311.56,8311.56,3
2025-11-05T19:21:00.562113,19:21:00,8404.23,8404.23,3
2025-11-05T19:21:13.794109,19:21:13,8335.42,8335.42,3
2025-11-05T19:21:26.756500,19:21:26,8295.51,8295.51,3
2025-11-05T19:21:39.750415,19:21:39,8307.99,8307.99,3
2025-11-05T19:21:53.175605,19:21:53,8308.72,8308.72,3
2025-11-05T19:22:06.525914,19:22:06,8551.8,8551.8,3
2025-11-05T19:22:20.265061,19:22:20,8457.33,8457.33,3
2025-11-05T19:22:32.903341,19:22:32,8499.55,8499.55,3
2025-11-05T19:22:45.978726,19:22:45,8565.33,8565.33,3
2025-11-05T19:22:58.734904,19:22:58,8565.57,8565.57,3
2025-11-05T19:23:12.062214,19:23:12,8598.12,8598.12,3
2025-11-05T19:23:25.082234,19:23:25,8599.12,8599.12,3
2025-11-05T19:23:38.351896,19:23:38,8613.69,8613.69,3
2025-11-05T19:23:51.620721,19:23:51,8679.44,8679.44,3
2025-11-05T19:24:04.786436,19:24:04,8625.35,8625.35,3
2025-11-05T19:24:18.441755,19:24:18,8764.97,8764.97,3
2025-11-05T19:24:31.157872,19:24:31,8779.27,8779.27,3
2025-11-05T19:24:44.038019,19:24:44,8770.94,8770.94,3
2025-11-05T19:24:57.292151,19:24:57,8720.2,8720.2,3
2025-11-05T19:25:10.569757,19:25:10,8684.8,8684.8,3
2025-11-05T19:25:23.766915,19:25:23,8594.21,8594.21,3
2025-11-05T19:25:36.838437,19:25:36,8591.35,8591.35,3
2025-11-05T19:25:50.219376,19:25:50,8594.44,8594.44,3
2025-11-05T19:26:03.510258,19:26:03,8557.57,8557.57,3
2025-11-05T19:26:17.232039,19:26:17,8533.79,8533.79,3
2025-11-05T19:26:30.446088,19:26:30,8533.39,8533.39,3
2025-11-05T19:26:43.456489,19:26:43,8401.62,8401.62,3
2025-11-05T19:26:56.467059,19:26:56,8232.53,8232.53,3
2025-11-05T19:27:10.187157,19:27:10,8041.53,8041.53,3
2025-11-05T19:27:23.332602,19:27:23,8056.89,8056.89,3
2025-11-05T19:27:36.380521,19:27:36,8050.42,8050.42,3
2025-11-05T19:27:49.647042,19:27:49,8128.0,8128.0,3
2025-11-05T19:28:03.086999,19:28:03,8199.0,8199.0,3
2025-11-05T19:28:16.029923,19:28:16,8143.33,8143.33,3
2025-11-05T19:28:29.419863,19:28:29,8238.25,8238.25,3
2025-11-05T19:28:42.872593,19:28:42,8197.26,8197.26,3
2025-11-05T19:28:55.786664,19:28:55,8203.69,8203.69,3
2025-11-05T19:29:09.315867,19:29:09,8218.33,8218.33,3
2025-11-05T19:29:22.213254,19:29:22,8214.54,8214.54,3
2025-11-05T19:29:35.220771,19:29:35,8210.98,8210.98,3
2025-11-05T19:29:48.204092,19:29:48,8271.21,8271.21,3
2025-11-05T19:30:01.810680,19:30:01,8235.84,8235.84,3
2025-11-05T19:30:16.724284,19:30:16,8139.42,8139.42,3
2025-11-05T19:30:30.238558,19:30:30,7852.77,7852.77,3
2025-11-05T19:30:44.176911,19:30:44,7867.01,7867.01,3
2025-11-05T19:30:58.350312,19:30:58,8053.32,8053.32,3
2025-11-05T19:31:12.203598,19:31:12,8086.75,8086.75,3
2025-11-05T19:31:25.914543,19:31:25,8067.19,8067.19,3
2025-11-05T19:31:39.158714,19:31:39,8241.19,8241.19,3
2025-11-05T19:31:52.146826,19:31:52,8246.83,8246.83,3
2025-11-05T19:32:05.026898,19:32:05,8178.02,8178.02,3
2025-11-05T19:32:18.191490,19:32:18,8288.0,8288.0,3
2025-11-05T19:32:32.045561,19:32:32,8281.55,8281.55,3
2025-11-05T19:32:45.663304,19:32:45,8288.58,8288.58,3
2025-11-05T19:32:58.774747,19:32:58,8229.25,8229.25,3
2025-11-05T19:33:11.608884,19:33:11,8192.04,8192.04,3
2025-11-05T19:33:24.950486,19:33:24,8250.83,8250.83,3
2025-11-05T19:33:37.964780,19:33:37,8193.62,8193.62,3
2025-11-05T19:33:51.288653,19:33:51,8166.18,8166.18,3
2025-11-05T19:34:04.493328,19:34:04,8087.52,8087.52,3
2025-11-05T19:34:17.337037,19:34:17,8066.84,8066.84,3
2025-11-05T19:34:30.933576,19:34:30,8124.97,8124.97,3
2025-11-05T19:34:43.605893,19:34:43,8154.89,8154.89,3
2025-11-05T19:34:56.810942,19:34:56,8105.38,8105.38,3
2025-11-05T19:35:11.660097,19:35:11,8296.2,8296.2,3
2025-11-05T19:35:26.168024,19:35:26,8142.56,8142.56,3
2025-11-05T19:35:40.146756,19:35:40,8096.71,8096.71,3
2025-11-05T19:35:52.955764,19:35:52,8089.65,8089.65,3
2025-11-05T19:36:06.329964,19:36:06,8125.02,8125.02,3
2025-11-05T19:36:19.458746,19:36:19,8105.48,8105.48,3
2025-11-05T19:36:33.046722,19:36:33,8062.5,8062.5,3
2025-11-05T19:36:46.499827,19:36:46,8104.34,8104.34,3
2025-11-05T19:37:00.383856,19:37:00,8133.87,8133.87,3
2025-11-05T19:37:13.871468,19:37:13,8068.77,8068.77,3
2025-11-05T19:37:27.999445,19:37:27,8104.4,8104.4,3
2025-11-05T19:37:40.826309,19:37:40,8070.62,8070.62,3
2025-11-05T19:37:54.457045,19:37:54,8070.34,8070.34,3
2025-11-05T19:38:07.783160,19:38:07,7968.58,7968.58,3
2025-11-05T19:38:20.859098,19:38:20,7893.31,7893.31,3
2025-11-05T19:38:34.578512,19:38:34,7966.16,7966.16,3
2025-11-05T19:38:47.991636,19:38:47,7881.29,7881.29,3
2025-11-05T19:39:01.736506,19:39:01,7889.35,7889.35,3
2025-11-05T19:39:14.788936,19:39:14,7846.67,7846.67,3
2025-11-05T19:39:28.108544,19:39:28,7830.92,7830.92,3
2025-11-05T19:39:40.768823,19:39:40,7839.29,7839.29,3
2025-11-05T19:39:54.066155,19:39:54,7810.21,7810.21,3
2025-11-05T19:40:10.056913,19:40:10,7799.02,7799.02,3
2025-11-05T19:40:24.775601,19:40:24,7766.61,7766.61,3
2025-11-05T19:40:38.296742,19:40:38,7797.19,7797.19,3
2025-11-05T19:40:52.381031,19:40:52,7800.32,7800.32,3
2025-11-05T19:41:06.319670,19:41:06,7828.69,7828.69,3
2025-11-05T19:41:19.515150,19:41:19,7787.47,7787.47,3
2025-11-05T19:41:32.618089,19:41:32,7890.39,7890.39,3
2025-11-05T19:41:45.314674,19:41:45,7894.55,7894.55,3
2025-11-05T19:41:58.679123,19:41:58,7926.87,7926.87,3
2025-11-05T19:42:11.679080,19:42:11,7877.75,7877.75,3
2025-11-05T19:42:24.406473,19:42:24,7867.58,7867.58,3
2025-11-05T19:42:38.008533,19:42:38,7755.92,7755.92,3
2025-11-05T19:42:50.871360,19:42:50,7795.03,7795.03,3
2025-11-05T19:43:03.911212,19:43:03,7775.57,7775.57,3
2025-11-05T19:43:17.143658,19:43:17,7819.92,7819.92,3
2025-11-05T19:43:30.267132,19:43:30,7790.75,7790.75,3
2025-11-05T19:43:43.636837,19:43:43,7787.05,7787.05,3
2025-11-05T19:43:56.831976,19:43:56,7808.89,7808.89,3
2025-11-05T19:44:10.121162,19:44:10,7823.94,7823.94,3
2025-11-05T19:44:23.466552,19:44:23,7940.47,7940.47,3
2025-11-05T19:44:37.187346,19:44:37,7905.65,7905.65,3
2025-11-05T19:44:50.206696,19:44:50,7690.99,7690.99,3
2025-11-05T19:45:03.309494,19:45:03,7606.74,7606.74,3
2025-11-05T19:45:16.771482,19:45:16,7520.73,7520.73,3
2025-11-05T19:45:29.871151,19:45:29,7567.06,7567.06,3
2025-11-05T19:45:42.978672,19:45:42,7543.84,7543.84,3
2025-11-05T19:45:56.050405,19:45:56,7701.45,7701.45,3
2025-11-05T19:46:09.232928,19:46:09,7832.91,7832.91,3
2025-11-05T19:46:22.739641,19:46:22,7757.19,7757.19,3
2025-11-05T19:46:35.789063,19:46:35,7723.11,7723.11,3
2025-11-05T19:46:48.646207,19:46:48,7810.22,7810.22,3
2025-11-05T19:47:02.104831,19:47:02,7745.91,7745.91,3
2025-11-05T19:47:15.363077,19:47:15,7727.81,7727.81,3
2025-11-05T19:47:28.801854,19:47:28,7747.38,7747.38,3
2025-11-05T19:47:41.591198,19:47:41,7779.71,7779.71,3
2025-11-05T19:47:54.709086,19:47:54,7832.87,7832.87,3
2025-11-05T19:48:07.800030,19:48:07,7792.94,7792.94,3
2025-11-05T19:48:21.100491,19:48:21,7835.46,7835.46,3
2025-11-05T19:48:33.816009,19:48:33,7720.79,7720.79,3
2025-11-05T19:48:46.891749,19:48:46,7668.62,7668.62,3
2025-11-05T19:48:59.996117,19:48:59,7634.06,7634.06,3
2025-11-05T19:49:12.946848,19:49:12,7583.62,7583.62,3
2025-11-05T19:49:26.579712,19:49:26,7627.11,7627.11,3
2025-11-05T19:49:39.683467,19:49:39,7641.56,7641.56,3
2025-11-05T19:49:53.303998,19:49:53,7747.39,7747.39,3
2025-11-05T19:50:06.530913,19:50:06,7819.46,7819.46,3
2025-11-05T19:50:19.914904,19:50:19,7859.93,7859.93,3
2025-11-05T19:50:32.648951,19:50:32,7909.78,7909.78,3
2025-11-05T19:50:46.206004,19:50:46,7804.0,7804.0,3
2025-11-05T19:50:59.627844,19:50:59,7746.09,7746.09,3
2025-11-05T19:51:12.872029,19:51:12,7683.27,7683.27,3
2025-11-05T19:51:26.018396,19:51:26,7735.2,7735.2,3
2025-11-05T19:51:39.522492,19:51:39,7716.92,7716.92,3
2025-11-05T19:51:52.709997,19:51:52,7736.18,7736.18,3
2025-11-05T19:52:05.730456,19:52:05,7757.68,7757.68,3
2025-11-05T19:52:18.740638,19:52:18,7825.78,7825.78,3
2025-11-05T19:52:31.971353,19:52:31,7803.96,7803.96,3
2025-11-05T19:52:44.803586,19:52:44,7772.26,7772.26,3
2025-11-05T19:52:57.954795,19:52:57,7719.4,7719.4,3
2025-11-05T19:53:11.365978,19:53:11,7738.25,7738.25,3
2025-11-05T19:53:24.333366,19:53:24,7734.1,7734.1,3
2025-11-05T19:53:37.243077,19:53:37,7621.81,7621.81,3
2025-11-05T19:53:50.278460,19:53:50,7634.89,7634.89,3
2025-11-05T19:54:03.450747,19:54:03,7605.38,7605.38,3
2025-11-05T19:54:16.544623,19:54:16,7552.36,7552.36,3
2025-11-05T19:54:29.603249,19:54:29,7502.48,7502.48,3
2025-11-05T19:54:43.121342,19:54:43,7485.86,7485.86,3
2025-11-05T19:54:56.806167,19:54:56,7549.69,7549.69,3
2025-11-05T19:55:10.219693,19:55:10,7531.72,7531.72,3
2025-11-05T19:55:23.431077,19:55:23,7635.74,7635.74,3
2025-11-05T19:55:36.580517,19:55:36,7557.58,7557.58,3
2025-11-05T19:55:50.542312,19:55:50,7490.96,7490.96,3
2025-11-05T19:56:03.770864,19:56:03,7402.32,7402.32,3
2025-11-05T19:56:16.814932,19:56:16,7436.15,7436.15,3
2025-11-05T19:56:30.338589,19:56:30,7503.09,7503.09,3
2025-11-05T19:56:43.363528,19:56:43,7502.56,7502.56,3
2025-11-05T19:56:57.037550,19:56:57,7566.99,7566.99,3
2025-11-05T19:57:10.355190,19:57:10,7635.77,7635.77,3
2025-11-05T19:57:24.351492,19:57:24,7723.19,7723.19,3
2025-11-05T19:57:37.653701,19:57:37,7767.7,7767.7,3
2025-11-05T19:57:50.762407,19:57:50,7685.51,7685.51,3
2025-11-05T19:58:03.513087,19:58:03,7630.12,7630.12,3
2025-11-05T19:58:16.393844,19:58:16,7672.58,7672.58,3
2025-11-05T19:58:29.698532,19:58:29,7790.61,7790.61,3
2025-11-05T19:58:42.615368,19:58:42,7717.33,7717.33,3
2025-11-05T19:58:55.321658,19:58:55,7756.67,7756.67,3
2025-11-05T19:59:08.438824,19:59:08,7820.39,7820.39,3
2025-11-05T19:59:21.894091,19:59:21,7808.01,7808.01,3
2025-11-05T19:59:34.675463,19:59:34,7758.2,7758.2,3
2025-11-05T19:59:47.712932,19:59:47,7787.23,7787.23,3
2025-11-05T20:00:00.966442,20:00:00,7723.74,7723.74,3
2025-11-05T20:00:13.955888,20:00:13,7814.45,7814.45,3
2025-11-05T20:00:27.194890,20:00:27,7924.61,7924.61,3
2025-11-05T20:00:40.380981,20:00:40,7901.87,7901.87,3
2025-11-05T20:00:53.741979,20:00:53,8089.4,8089.4,3
2025-11-05T20:01:07.060159,20:01:07,7925.98,7925.98,3
2025-11-05T20:01:20.729959,20:01:20,7801.42,7801.42,3
2025-11-05T20:01:33.938546,20:01:33,7656.53,7656.53,3
2025-11-05T20:01:47.071835,20:01:47,7618.95,7618.95,3
2025-11-05T20:02:00.462287,20:02:00,7566.53,7566.53,3
2025-11-05T20:02:13.770918,20:02:13,7536.93,7536.93,3
2025-11-05T20:02:26.909389,20:02:26,7516.71,7516.71,3
2025-11-05T20:02:40.408199,20:02:40,7462.83,7462.83,3
2025-11-05T20:02:53.384181,20:02:53,7401.56,7401.56,3
2025-11-05T20:03:06.748236,20:03:06,7397.55,7397.55,3
2025-11-05T20:03:19.605587,20:03:19,7181.23,7181.23,3
2025-11-05T20:03:32.860797,20:03:32,7222.72,7222.72,3
2025-11-05T20:03:45.803975,20:03:45,7459.64,7459.64,3
2025-11-05T20:03:59.498884,20:03:59,7287.93,7287.93,3
2025-11-05T20:04:12.585094,20:04:12,7241.54,7241.54,3
2025-11-05T20:04:25.645225,20:04:25,7358.13,7358.13,3
2025-11-05T20:04:38.437100,20:04:38,7367.25,7367.25,3
2025-11-05T20:04:51.726001,20:04:51,6965.8,6965.8,3
2025-11-05T20:05:04.972545,20:05:04,6792.69,6792.69,3
2025-11-05T20:05:17.886946,20:05:17,6832.81,6832.81,3
2025-11-05T20:05:30.714236,20:05:30,7062.79,7062.79,3
2025-11-05T20:05:43.767623,20:05:43,7188.79,7188.79,3
2025-11-05T20:05:56.615893,20:05:56,7143.45,7143.45,3
2025-11-05T20:06:09.712274,20:06:09,7217.98,7217.98,3
2025-11-05T20:06:22.739211,20:06:22,6943.94,6943.94,3
2025-11-05T20:06:36.434401,20:06:36,7027.51,7027.51,3
2025-11-05T20:06:49.752547,20:06:49,7070.67,7070.67,3
2025-11-05T20:07:02.936368,20:07:02,7058.15,7058.15,3
2025-11-05T20:07:15.900122,20:07:15,7075.17,7075.17,3
2025-11-05T20:07:29.469432,20:07:29,7165.27,7165.27,3
2025-11-05T20:07:42.552211,20:07:42,7239.43,7239.43,3
2025-11-05T20:07:55.556909,20:07:55,7216.38,7216.38,3
2025-11-05T20:08:08.787563,20:08:08,7276.25,7276.25,3
2025-11-05T20:08:21.300184,20:08:21,7284.61,7284.61,3
2025-11-05T20:08:34.498456,20:08:34,7338.81,7338.81,3
2025-11-05T20:08:48.121109,20:08:48,7342.26,7342.26,3
2025-11-05T20:09:00.977966,20:09:00,7315.68,7315.68,3
2025-11-05T20:09:14.282211,20:09:14,7425.97,7425.97,3
2025-11-05T20:09:27.660820,20:09:27,7476.55,7476.55,3
2025-11-05T20:09:40.934834,20:09:40,7519.34,7519.34,3
2025-11-05T20:09:54.066522,20:09:54,7590.77,7590.77,3
2025-11-05T20:10:07.144843,20:10:07,7775.82,7775.82,3
2025-11-05T20:10:20.803215,20:10:20,7903.88,7903.88,3
2025-11-05T20:10:33.910763,20:10:33,8140.68,8140.68,3
2025-11-05T20:10:46.978985,20:10:46,8379.65,8379.65,3
2025-11-05T20:11:00.104927,20:11:00,8379.57,8379.57,3
2025-11-05T20:11:13.332319,20:11:13,8680.2,8680.2,3
2025-11-05T20:11:26.170224,20:11:26,8693.54,8693.54,3
2025-11-05T20:11:39.284121,20:11:39,8543.14,8543.14,3
2025-11-05T20:11:52.852975,20:11:52,8508.96,8508.96,3
2025-11-05T20:12:06.554566,20:12:06,8604.08,8604.08,3
2025-11-05T20:12:19.414287,20:12:19,8650.72,8650.72,3
2025-11-05T20:12:32.512632,20:12:32,8634.06,8634.06,3
2025-11-05T20:12:45.277774,20:12:45,8652.27,8652.27,3
2025-11-05T20:12:58.686715,20:12:58,8844.91,8844.91,3
2025-11-05T20:13:11.624916,20:13:11,9002.06,9002.06,3
2025-11-05T20:13:25.370987,20:13:25,8642.54,8642.54,3
2025-11-05T20:13:38.641214,20:13:38,8486.37,8486.37,3
2025-11-05T20:13:51.829872,20:13:51,8574.84,8574.84,3
2025-11-05T20:14:04.765850,20:14:04,8588.85,8588.85,3
2025-11-05T20:14:18.002280,20:14:18,8590.8,8590.8,3
2025-11-05T20:14:31.877758,20:14:31,8419.08,8419.08,3
2025-11-05T20:14:44.708836,20:14:44,8319.96,8319.96,3
2025-11-05T20:14:58.367672,20:14:58,8358.26,8358.26,3
2025-11-05T20:15:11.846208,20:15:11,8302.65,8302.65,3
2025-11-05T20:15:25.366119,20:15:25,8326.97,8326.97,3
2025-11-05T20:15:38.891196,20:15:38,8563.05,8563.05,3
2025-11-05T20:15:51.855766,20:15:51,8629.06,8629.06,3
2025-11-05T20:16:05.473141,20:16:05,8447.62,8447.62,3
2025-11-05T20:16:18.622663,20:16:18,8353.85,8353.85,3
2025-11-05T20:16:31.602773,20:16:31,8209.17,8209.17,3
2025-11-05T20:16:45.294841,20:16:45,8336.75,8336.75,3
2025-11-05T20:16:58.654033,20:16:58,8303.89,8303.89,3
2025-11-05T20:17:12.388222,20:17:12,8355.05,8355.05,3
2025-11-05T20:17:26.095914,20:17:26,8479.65,8479.65,3
2025-11-05T20:17:39.527596,20:17:39,8431.91,8431.91,3
2025-11-05T20:17:52.448811,20:17:52,8523.06,8523.06,3
2025-11-05T20:18:05.894994,20:18:05,8562.67,8562.67,3
2025-11-05T20:18:19.479579,20:18:19,8408.84,8408.84,3
2025-11-05T20:18:32.908393,20:18:32,8593.73,8593.73,3
2025-11-05T20:18:46.456603,20:18:46,8685.11,8685.11,3
2025-11-05T20:19:00.391093,20:19:00,8622.95,8622.95,3
2025-11-05T20:19:13.630130,20:19:13,8707.3,8707.3,3
2025-11-05T20:19:27.031468,20:19:27,8677.88,8677.88,3
2025-11-05T20:19:40.549856,20:19:40,8719.2,8719.2,3
2025-11-05T20:19:53.758346,20:19:53,8765.2,8765.2,3
2025-11-05T20:20:07.408485,20:20:07,8719.4,8719.4,3
2025-11-05T20:20:21.367017,20:20:21,8819.83,8819.83,3
2025-11-05T20:20:35.179248,20:20:35,8903.23,8903.23,3
2025-11-05T20:20:48.496981,20:20:48,8952.44,8952.44,3
2025-11-05T20:21:01.775272,20:21:01,8903.29,8903.29,3
2025-11-05T20:21:14.850901,20:21:14,8934.51,8934.51,3
2025-11-05T20:21:28.223922,20:21:28,8967.37,8967.37,3
2025-11-05T20:21:41.166169,20:21:41,9011.3,9011.3,3
2025-11-05T20:21:54.611261,20:21:54,9022.49,9022.49,3
2025-11-05T20:22:07.922916,20:22:07,9080.41,9080.41,3
2025-11-05T20:22:21.686819,20:22:21,8942.36,8942.36,3
2025-11-05T20:22:35.331626,20:22:35,9045.27,9045.27,3
2025-11-05T20:22:48.697404,20:22:48,9222.7,9222.7,3
2025-11-05T20:23:01.785022,20:23:01,9255.38,9255.38,3
2025-11-05T20:23:15.593877,20:23:15,9232.03,9232.03,3
2025-11-05T20:23:29.240633,20:23:29,9183.05,9183.05,3
2025-11-05T20:23:42.767697,20:23:42,9211.55,9211.55,3
2025-11-05T20:23:56.205137,20:23:56,9183.2,9183.2,3
2025-11-05T20:24:09.298944,20:24:09,9136.54,9136.54,3
2025-11-05T20:24:22.294417,20:24:22,9090.6,9090.6,3
2025-11-05T20:24:35.529423,20:24:35,9130.41,9130.41,3
2025-11-05T20:24:48.757973,20:24:48,9100.53,9100.53,3
2025-11-05T20:25:02.469395,20:25:02,8930.32,8930.32,3
2025-11-05T20:25:16.077586,20:25:16,8883.16,8883.16,3
2025-11-05T20:25:28.861011,20:25:28,8823.1,8823.1,3
2025-11-05T20:25:42.646419,20:25:42,8912.95,8912.95,3
2025-11-05T20:25:56.525644,20:25:56,8877.55,8877.55,3
2025-11-05T20:26:09.973649,20:26:09,8861.33,8861.33,3
2025-11-05T20:26:22.745053,20:26:22,8838.99,8838.99,3
2025-11-05T20:26:36.145309,20:26:36,8869.39,8869.39,3
2025-11-05T20:26:49.712582,20:26:49,8934.08,8934.08,3
2025-11-05T20:27:03.380566,20:27:03,9003.39,9003.39,3
2025-11-05T20:27:16.572795,20:27:16,9044.31,9044.31,3
2025-11-05T20:27:29.752556,20:27:29,8984.53,8984.53,3
2025-11-05T20:27:43.451275,20:27:43,8951.26,8951.26,3
2025-11-05T20:27:56.858814,20:27:56,8940.06,8940.06,3
2025-11-05T20:28:10.242192,20:28:10,8765.75,8765.75,3
2025-11-05T20:28:23.703772,20:28:23,8771.5,8771.5,3
2025-11-05T20:28:37.341730,20:28:37,8775.22,8775.22,3
2025-11-05T20:28:50.598143,20:28:50,8762.02,8762.02,3
2025-11-05T20:29:03.888700,20:29:03,8795.79,8795.79,3
2025-11-05T20:29:17.528452,20:29:17,8784.06,8784.06,3
2025-11-05T20:29:31.586746,20:29:31,8845.9,8845.9,3
2025-11-05T20:29:45.273241,20:29:45,8836.94,8836.94,3
2025-11-05T20:29:58.740784,20:29:58,8837.69,8837.69,3
2025-11-05T20:30:13.210836,20:30:13,8786.25,8786.25,3
2025-11-05T20:30:27.226842,20:30:27,8678.74,8678.74,3
2025-11-05T20:30:40.384875,20:30:40,8495.56,8495.56,3
2025-11-05T20:30:54.393106,20:30:54,8555.7,8555.7,3
2025-11-05T20:31:07.225316,20:31:07,8618.09,8618.09,3
2025-11-05T20:31:19.726009,20:31:19,8496.41,8496.41,3
2025-11-05T20:31:32.779953,20:31:32,8535.95,8535.95,3
2025-11-05T20:31:45.405231,20:31:45,8367.63,8367.63,3
2025-11-05T20:31:58.142618,20:31:58,8452.26,8452.26,3
2025-11-05T20:32:10.486064,20:32:10,8502.28,8502.28,3
2025-11-05T20:32:23.390468,20:32:23,8374.29,8374.29,3
2025-11-05T20:32:36.432907,20:32:36,8423.54,8423.54,3
2025-11-05T20:32:49.224099,20:32:49,8426.78,8426.78,3
2025-11-05T20:33:02.200222,20:33:02,8307.62,8307.62,3
2025-11-05T20:33:14.641637,20:33:14,8140.69,8140.69,3
2025-11-05T20:33:27.239199,20:33:27,8123.63,8123.63,3
2025-11-05T20:33:40.143042,20:33:40,8124.41,8124.41,3
2025-11-05T20:33:52.820094,20:33:52,8202.05,8202.05,3
2025-11-05T20:34:05.263616,20:34:05,8331.64,8331.64,3
2025-11-05T20:34:17.963521,20:34:17,8266.51,8266.51,3
2025-11-05T20:34:30.448412,20:34:30,8110.5,8110.5,3
2025-11-05T20:34:43.336675,20:34:43,8281.4,8281.4,3
2025-11-05T20:34:55.916815,20:34:55,8249.87,8249.87,3
2025-11-05T20:35:08.456555,20:35:08,8207.89,8207.89,3
2025-11-05T20:35:21.407721,20:35:21,8259.42,8259.42,3
2025-11-05T20:35:34.068836,20:35:34,8421.1,8421.1,3
2025-11-05T20:35:46.974298,20:35:46,8488.29,8488.29,3
2025-11-05T20:36:00.617603,20:36:00,8475.2,8475.2,3
2025-11-05T20:36:13.701046,20:36:13,8418.65,8418.65,3
2025-11-05T20:36:26.879600,20:36:26,8473.18,8473.18,3
2025-11-05T20:36:39.907705,20:36:39,8631.01,8631.01,3
2025-11-05T20:36:53.352582,20:36:53,8800.98,8800.98,3
2025-11-05T20:37:07.205105,20:37:07,8648.47,8648.47,3
2025-11-05T20:37:20.222117,20:37:20,8814.22,8814.22,3
2025-11-05T20:37:33.634650,20:37:33,9007.16,9007.16,3
2025-11-05T20:37:46.572736,20:37:46,8882.08,8882.08,3
2025-11-05T20:38:00.197951,20:38:00,8842.44,8842.44,3
2025-11-05T20:38:13.386400,20:38:13,8881.91,8881.91,3
2025-11-05T20:38:26.558737,20:38:26,8943.39,8943.39,3
2025-11-05T20:38:39.818443,20:38:39,8871.99,8871.99,3
2025-11-05T20:38:53.320006,20:38:53,8873.37,8873.37,3
2025-11-05T20:39:06.591137,20:39:06,9083.48,9083.48,3
2025-11-05T20:39:19.795693,20:39:19,8985.38,8985.38,3
2025-11-05T20:39:32.847671,20:39:32,9130.65,9130.65,3
2025-11-05T20:39:46.641807,20:39:46,9314.6,9314.6,3
2025-11-05T20:39:59.657949,20:39:59,9265.09,9265.09,3
2025-11-05T20:40:13.311491,20:40:13,9109.68,9109.68,3
2025-11-05T20:40:26.429570,20:40:26,9131.43,9131.43,3
2025-11-05T20:40:39.618443,20:40:39,9082.18,9082.18,3
2025-11-05T20:40:52.719324,20:40:52,9067.34,9067.34,3
2025-11-05T20:41:05.926928,20:41:05,8925.62,8925.62,3
2025-11-05T20:41:19.393390,20:41:19,8783.07,8783.07,3
2025-11-05T20:41:32.616486,20:41:32,8666.82,8666.82,3
2025-11-05T20:41:45.573882,20:41:45,8798.8,8798.8,3
2025-11-05T20:41:58.642395,20:41:58,8839.86,8839.86,3
2025-11-05T20:42:11.666199,20:42:11,8828.73,8828.73,3
2025-11-05T20:42:24.450025,20:42:24,8676.1,8676.1,3
2025-11-05T20:42:37.773540,20:42:37,8817.22,8817.22,3
2025-11-05T20:42:50.903433,20:42:50,8891.76,8891.76,3
2025-11-05T20:43:03.849474,20:43:03,8824.29,8824.29,3
2025-11-05T20:43:16.681830,20:43:16,8821.18,8821.18,3
2025-11-05T20:43:28.832789,20:43:28,8778.13,8778.13,3
2025-11-05T20:43:41.543427,20:43:41,8729.24,8729.24,3
2025-11-05T20:43:54.613099,20:43:54,8615.29,8615.29,3
2025-11-05T20:44:07.450423,20:44:07,8606.59,8606.59,3
2025-11-05T20:44:20.397997,20:44:20,8498.14,8498.14,3
2025-11-05T20:44:33.198928,20:44:33,8566.09,8566.09,3
2025-11-05T20:44:46.305830,20:44:46,8533.33,8533.33,3
2025-11-05T20:44:58.653407,20:44:58,8577.32,8577.32,3
2025-11-05T20:45:11.434994,20:45:11,8458.77,8458.77,3
2025-11-05T20:45:24.097048,20:45:24,8532.36,8532.36,3
2025-11-05T20:45:37.326369,20:45:37,8749.81,8749.81,3
2025-11-05T20:45:49.845058,20:45:49,8682.08,8682.08,3
2025-11-05T20:46:02.600041,20:46:02,8765.56,8765.56,3
2025-11-05T20:46:14.670948,20:46:14,8896.78,8896.78,3
2025-11-05T20:46:27.416526,20:46:27,8893.11,8893.11,3
2025-11-05T20:46:41.110892,20:46:41,8911.27,8911.27,3
2025-11-05T20:46:53.852289,20:46:53,8988.02,8988.02,3
2025-11-05T20:47:07.188098,20:47:07,9097.63,9097.63,3
2025-11-05T20:47:20.296215,20:47:20,9088.66,9088.66,3
2025-11-05T20:47:33.015588,20:47:33,9119.2,9119.2,3
2025-11-05T20:47:45.580279,20:47:45,9040.42,9040.42,3
2025-11-05T20:47:58.447708,20:47:58,8915.1,8915.1,3
2025-11-05T20:48:11.209175,20:48:11,8752.12,8752.12,3
2025-11-05T20:48:23.953312,20:48:23,8777.47,8777.47,3
2025-11-05T20:48:36.768628,20:48:36,8709.87,8709.87,3
2025-11-05T20:48:49.629440,20:48:49,8688.99,8688.99,3
2025-11-05T20:49:02.486306,20:49:02,8891.69,8891.69,3
2025-11-05T20:49:15.368815,20:49:15,8936.23,8936.23,3
2025-11-05T20:49:28.053820,20:49:28,9020.24,9020.24,3
2025-11-05T20:49:40.826527,20:49:40,8989.34,8989.34,3
2025-11-05T20:49:53.356427,20:49:53,8956.85,8956.85,3
2025-11-05T20:50:06.856137,20:50:06,8944.21,8944.21,3
2025-11-05T20:50:19.641620,20:50:19,9036.59,9036.59,3
2025-11-05T20:50:32.507133,20:50:32,8984.55,8984.55,3
2025-11-05T20:50:45.608682,20:50:45,9095.92,9095.92,3
2025-11-05T20:50:58.793043,20:50:58,9051.69,9051.69,3
2025-11-05T20:51:12.196904,20:51:12,8887.18,8887.18,3
2025-11-05T20:51:26.004524,20:51:26,8728.28,8728.28,3
2025-11-05T20:51:38.843942,20:51:38,8662.25,8662.25,3
2025-11-05T20:51:51.576101,20:51:51,8679.99,8679.99,3
2025-11-05T20:52:04.332582,20:52:04,8651.89,8651.89,3
2025-11-05T20:52:16.925799,20:52:16,8614.87,8614.87,3
2025-11-05T20:52:29.859314,20:52:29,8573.84,8573.84,3
2025-11-05T20:52:42.555676,20:52:42,8658.79,8658.79,3
2025-11-05T20:52:55.623272,20:52:55,8745.8,8745.8,3
2025-11-05T20:53:08.487651,20:53:08,8859.96,8859.96,3
2025-11-05T20:53:21.655122,20:53:21,8925.62,8925.62,3
2025-11-05T20:53:34.410391,20:53:34,8980.42,8980.42,3
2025-11-05T20:53:47.626268,20:53:47,9044.31,9044.31,3
2025-11-05T20:54:00.447678,20:54:00,9174.44,9174.44,3
2025-11-05T20:54:13.562437,20:54:13,9137.2,9137.2,3
2025-11-05T20:54:26.569856,20:54:26,9152.21,9152.21,3
2025-11-05T20:54:39.345652,20:54:39,9193.62,9193.62,3
2025-11-05T20:54:52.119248,20:54:52,9155.12,9155.12,3
2025-11-05T20:55:04.655185,20:55:04,9087.54,9087.54,3
2025-11-05T20:55:17.319919,20:55:17,8935.69,8935.69,3
2025-11-05T20:55:30.395428,20:55:30,8876.26,8876.26,3
2025-11-05T20:55:43.622206,20:55:43,8864.89,8864.89,3
2025-11-05T20:55:56.246061,20:55:56,8783.9,8783.9,3
2025-11-05T20:56:09.293501,20:56:09,8770.82,8770.82,3
2025-11-05T20:56:22.272742,20:56:22,8907.39,8907.39,3
2025-11-05T20:56:35.649428,20:56:35,8971.21,8971.21,3
2025-11-05T20:56:48.857420,20:56:48,9001.89,9001.89,3
2025-11-05T20:57:01.370704,20:57:01,9022.3,9022.3,3
2025-11-05T20:57:14.248865,20:57:14,9005.46,9005.46,3
2025-11-05T20:57:26.956868,20:57:26,9069.99,9069.99,3
2025-11-05T20:57:40.275280,20:57:40,9170.61,9170.61,3
2025-11-05T20:57:53.554419,20:57:53,9163.14,9163.14,3
2025-11-05T20:58:07.174638,20:58:07,9191.71,9191.71,3
2025-11-05T20:58:19.848792,20:58:19,9271.02,9271.02,3
2025-11-05T20:58:32.451445,20:58:32,9335.38,9335.38,3
2025-11-05T20:58:45.362556,20:58:45,9321.1,9321.1,3
2025-11-05T20:58:58.480755,20:58:58,9372.02,9372.02,3
2025-11-05T20:59:10.970172,20:59:10,9430.87,9430.87,3
2025-11-05T20:59:23.510003,20:59:23,9320.17,9320.17,3
2025-11-05T20:59:36.548017,20:59:36,9243.93,9243.93,3
2025-11-05T20:59:49.079872,20:59:49,9176.5,9176.5,3
2025-11-05T21:00:01.894704,21:00:01,9229.23,9229.23,3
2025-11-05T21:00:14.732012,21:00:14,9349.22,9349.22,3
2025-11-05T21:00:27.720870,21:00:27,9397.4,9397.4,3
2025-11-05T21:00:40.897877,21:00:40,9372.63,9372.63,3
2025-11-05T21:00:54.283765,21:00:54,9228.46,9228.46,3
2025-11-05T21:01:07.513005,21:01:07,9379.31,9379.31,3
2025-11-05T21:01:21.480437,21:01:21,9337.96,9337.96,3
2025-11-05T21:01:35.405451,21:01:35,9231.77,9231.77,3
2025-11-05T21:01:49.447149,21:01:49,9098.32,9098.32,3
2025-11-05T21:02:04.689302,21:02:04,9067.7,9067.7,3
2025-11-05T21:02:18.464484,21:02:18,9048.08,9048.08,3
2025-11-05T21:02:32.580402,21:02:32,9106.49,9106.49,3
2025-11-05T21:02:46.231329,21:02:46,9033.38,9033.38,3
2025-11-05T21:02:59.596016,21:02:59,9049.76,9049.76,3
2025-11-05T21:03:13.218888,21:03:13,9093.2,9093.2,3
2025-11-05T21:03:26.482160,21:03:26,9261.27,9261.27,3
2025-11-05T21:03:40.366633,21:03:40,9290.63,9290.63,3
2025-11-05T21:03:53.564477,21:03:53,9293.5,9293.5,3
2025-11-05T21:04:06.805646,21:04:06,9382.42,9382.42,3
2025-11-05T21:04:20.384363,21:04:20,9421.15,9421.15,3
2025-11-05T21:04:34.433572,21:04:34,9448.59,9448.59,3
2025-11-05T21:04:47.795744,21:04:47,9328.81,9328.81,3
2025-11-05T21:05:00.757614,21:05:00,9341.09,9341.09,3
2025-11-05T21:05:14.306981,21:05:14,9332.26,9332.26,3
2025-11-05T21:05:27.646966,21:05:27,9399.55,9399.55,3
2025-11-05T21:05:41.467352,21:05:41,9453.5,9453.5,3
2025-11-05T21:05:54.421842,21:05:54,9506.25,9506.25,3
2025-11-05T21:06:07.839665,21:06:07,9448.64,9448.64,3
2025-11-05T21:06:21.322854,21:06:21,9442.28,9442.28,3
2025-11-05T21:06:34.740594,21:06:34,9526.54,9526.54,3
2025-11-05T21:06:47.563334,21:06:47,9558.25,9558.25,3
2025-11-05T21:07:00.543405,21:07:00,9566.08,9566.08,3
2025-11-05T21:07:13.656189,21:07:13,9331.95,9331.95,3
2025-11-05T21:07:26.918172,21:07:26,9361.79,9361.79,3
2025-11-05T21:07:40.375463,21:07:40,9495.43,9495.43,3
2025-11-05T21:07:53.197558,21:07:53,9535.87,9535.87,3
2025-11-05T21:08:06.507031,21:08:06,9573.38,9573.38,3
2025-11-05T21:08:19.726458,21:08:19,9535.11,9535.11,3
2025-11-05T21:08:33.273773,21:08:33,9551.9,9551.9,3
2025-11-05T21:08:46.443026,21:08:46,9611.59,9611.59,3
2025-11-05T21:08:59.660603,21:08:59,9611.47,9611.47,3
2025-11-05T21:09:12.427164,21:09:12,9605.83,9605.83,3
2025-11-05T21:09:25.692079,21:09:25,9534.17,9534.17,3
2025-11-05T21:09:39.500723,21:09:39,9615.78,9615.78,3
2025-11-05T21:09:52.975843,21:09:52,9612.73,9612.73,3
2025-11-05T21:10:06.411186,21:10:06,9725.28,9725.28,3
2025-11-05T21:10:19.643885,21:10:19,9731.14,9731.14,3
2025-11-05T21:10:33.259353,21:10:33,9893.43,9893.43,3
2025-11-05T21:10:46.830310,21:10:46,9913.13,9913.13,3
2025-11-05T21:11:00.070156,21:11:00,9942.66,9942.66,3
2025-11-05T21:11:13.676575,21:11:13,9986.71,9986.71,3
2025-11-05T21:11:26.734055,21:11:26,10120.47,10120.47,3
2025-11-05T21:11:39.777004,21:11:39,10019.76,10019.76,3
2025-11-05T21:11:52.905258,21:11:52,9905.82,9905.82,3
2025-11-05T21:12:06.452034,21:12:06,9638.22,9638.22,3
2025-11-05T21:12:19.636661,21:12:19,9683.96,9683.96,3
2025-11-05T21:12:32.911189,21:12:32,9789.23,9789.23,3
2025-11-05T21:12:46.265691,21:12:46,9861.48,9861.48,3
2025-11-05T21:12:59.529967,21:12:59,10083.78,10083.78,3
2025-11-05T21:13:13.162435,21:13:13,10041.94,10041.94,3
2025-11-05T21:13:26.389581,21:13:26,10021.95,10021.95,3
2025-11-05T21:13:39.645210,21:13:39,9970.12,9970.12,3
2025-11-05T21:13:52.793827,21:13:52,9990.48,9990.48,3
2025-11-05T21:14:06.543777,21:14:06,9882.25,9882.25,3
2025-11-05T21:14:19.463499,21:14:19,9932.13,9932.13,3
2025-11-05T21:14:32.773202,21:14:32,9934.93,9934.93,3
2025-11-05T21:14:46.371807,21:14:46,9746.39,9746.39,3
2025-11-05T21:14:59.450465,21:14:59,9666.72,9666.72,3
2025-11-05T21:15:12.820458,21:15:12,9801.66,9801.66,3
2025-11-05T21:15:25.692553,21:15:25,9803.65,9803.65,3
2025-11-05T21:15:38.728907,21:15:38,9860.47,9860.47,3
2025-11-05T21:15:51.993957,21:15:51,9842.71,9842.71,3
2025-11-05T21:16:05.404791,21:16:05,9746.1,9746.1,3
2025-11-05T21:16:18.485463,21:16:18,9867.03,9867.03,3
2025-11-05T21:16:31.916669,21:16:31,9883.32,9883.32,3
2025-11-05T21:16:44.958311,21:16:44,9920.8,9920.8,3
2025-11-05T21:16:58.265581,21:16:58,10006.44,10006.44,3
2025-11-05T21:17:11.593602,21:17:11,9892.7,9892.7,3
2025-11-05T21:17:24.744231,21:17:24,9882.23,9882.23,3
2025-11-05T21:17:38.548669,21:17:38,9884.65,9884.65,3
2025-11-05T21:17:51.676903,21:17:51,9882.48,9882.48,3
2025-11-05T21:18:04.812728,21:18:04,9793.04,9793.04,3
2025-11-05T21:18:18.353260,21:18:18,9832.47,9832.47,3
2025-11-05T21:18:31.786679,21:18:31,9890.38,9890.38,3
2025-11-05T21:18:45.431029,21:18:45,9991.16,9991.16,3
2025-11-05T21:18:58.748853,21:18:58,9956.06,9956.06,3
2025-11-05T21:19:11.832981,21:19:11,10023.22,10023.22,3
2025-11-05T21:19:25.298054,21:19:25,9937.77,9937.77,3
2025-11-05T21:19:38.722051,21:19:38,9958.03,9958.03,3
2025-11-05T21:19:52.091556,21:19:52,9908.3,9908.3,3
2025-11-05T21:20:05.055735,21:20:05,9838.33,9838.33,3
2025-11-05T21:20:18.638892,21:20:18,9666.05,9666.05,3
2025-11-05T21:20:31.660932,21:20:31,9623.08,9623.08,3
2025-11-05T21:20:44.786205,21:20:44,9732.95,9732.95,3
2025-11-05T21:20:58.250421,21:20:58,9770.68,9770.68,3
2025-11-05T21:21:11.192072,21:21:11,9694.38,9694.38,3
2025-11-05T21:21:24.577073,21:21:24,9909.61,9909.61,3
2025-11-05T21:21:38.102488,21:21:38,9872.98,9872.98,3
2025-11-05T21:21:51.415197,21:21:51,9873.5,9873.5,3
2025-11-05T21:22:04.718057,21:22:04,9806.9,9806.9,3
2025-11-05T21:22:18.384295,21:22:18,9767.51,9767.51,3
2025-11-05T21:22:32.148778,21:22:32,9821.87,9821.87,3
2025-11-05T21:22:45.762610,21:22:45,9812.35,9812.35,3
2025-11-05T21:22:59.435120,21:22:59,9700.4,9700.4,3
2025-11-05T21:23:12.884870,21:23:12,9691.54,9691.54,3
2025-11-05T21:23:26.387858,21:23:26,9742.85,9742.85,3
2025-11-05T21:23:39.751804,21:23:39,9716.87,9716.87,3
2025-11-05T21:23:53.440327,21:23:53,9761.47,9761.47,3
2025-11-05T21:24:06.780425,21:24:06,9830.78,9830.78,3
2025-11-05T21:24:19.923966,21:24:19,9855.71,9855.71,3
2025-11-05T21:24:33.594227,21:24:33,9954.26,9954.26,3
2025-11-05T21:24:46.794476,21:24:46,9952.97,9952.97,3
2025-11-05T21:25:00.569711,21:25:00,9917.7,9917.7,3
2025-11-05T21:25:13.773109,21:25:13,10044.24,10044.24,3
2025-11-05T21:25:26.610916,21:25:26,9998.73,9998.73,3
2025-11-05T21:25:39.687670,21:25:39,10014.13,10014.13,3
2025-11-05T21:25:52.616925,21:25:52,9955.18,9955.18,3
2025-11-05T21:26:05.834671,21:26:05,9938.33,9938.33,3
2025-11-05T21:26:19.189944,21:26:19,9803.31,9803.31,3
2025-11-05T21:26:32.453270,21:26:32,9839.76,9839.76,3
2025-11-05T21:26:46.171729,21:26:46,9813.55,9813.55,3
2025-11-05T21:26:59.238153,21:26:59,9962.54,9962.54,3
2025-11-05T21:27:12.578062,21:27:12,10085.24,10085.24,3
2025-11-05T21:27:25.298697,21:27:25,9996.26,9996.26,3
2025-11-05T21:27:38.147866,21:27:38,9952.19,9952.19,3
2025-11-05T21:27:50.666191,21:27:50,9968.07,9968.07,3
2025-11-05T21:28:03.556311,21:28:03,10000.88,10000.88,3
2025-11-05T21:28:16.354942,21:28:16,10036.08,10036.08,3
2025-11-05T21:28:29.147002,21:28:29,9964.73,9964.73,3
2025-11-05T21:28:41.546419,21:28:41,9861.08,9861.08,3
2025-11-05T21:28:54.113899,21:28:54,9933.51,9933.51,3
2025-11-05T21:29:06.834413,21:29:06,9940.19,9940.19,3
2025-11-05T21:29:19.038751,21:29:19,9886.51,9886.51,3
2025-11-05T21:29:31.582280,21:29:31,9889.23,9889.23,3
2025-11-05T21:29:44.494305,21:29:44,9889.02,9889.02,3
2025-11-05T21:29:57.475442,21:29:57,9916.57,9916.57,3
2025-11-05T21:30:10.697400,21:30:10,9955.44,9955.44,3
2025-11-05T21:30:23.686810,21:30:23,9941.01,9941.01,3
2025-11-05T21:30:36.355028,21:30:36,9960.15,9960.15,3
2025-11-05T21:30:49.700730,21:30:49,9933.21,9933.21,3
2025-11-05T21:31:02.289456,21:31:02,9878.4,9878.4,3
2025-11-05T21:31:14.881634,21:31:14,9964.55,9964.55,3
2025-11-05T21:31:27.744426,21:31:27,10032.59,10032.59,3
2025-11-05T21:31:39.977371,21:31:39,10147.21,10147.21,3
2025-11-05T21:31:52.646690,21:31:52,10031.61,10031.61,3
2025-11-05T21:32:05.442466,21:32:05,10068.14,10068.14,3
2025-11-05T21:32:18.415601,21:32:18,10041.75,10041.75,3
2025-11-05T21:32:31.356303,21:32:31,9976.81,9976.81,3
2025-11-05T21:32:44.356529,21:32:44,9954.03,9954.03,3
2025-11-05T21:32:57.470522,21:32:57,9920.97,9920.97,3
2025-11-05T21:33:12.065995,21:33:12,9850.93,9850.93,3
2025-11-05T21:33:25.559518,21:33:25,9747.85,9747.85,3
2025-11-05T21:33:38.582606,21:33:38,9637.45,9637.45,3
2025-11-05T21:33:51.618137,21:33:51,9611.11,9611.11,3
2025-11-05T21:34:04.729819,21:34:04,9596.94,9596.94,3
2025-11-05T21:34:18.291505,21:34:18,9538.85,9538.85,3
2025-11-05T21:34:32.152675,21:34:32,9494.48,9494.48,3
2025-11-05T21:34:45.776639,21:34:45,9438.9,9438.9,3
2025-11-05T21:34:58.945958,21:34:58,9596.29,9596.29,3
2025-11-05T21:35:12.784025,21:35:12,9423.27,9423.27,3
2025-11-05T21:35:27.743055,21:35:27,9559.13,9559.13,3
2025-11-05T21:35:41.562629,21:35:41,9594.81,9594.81,3
2025-11-05T21:35:54.997006,21:35:54,9597.19,9597.19,3
2025-11-05T21:36:08.316168,21:36:08,9586.97,9586.97,3
2025-11-05T21:36:21.337539,21:36:21,9701.21,9701.21,3
2025-11-05T21:36:34.892012,21:36:34,9587.88,9587.88,3
2025-11-05T21:36:47.631040,21:36:47,9435.23,9435.23,3
2025-11-05T21:37:01.256274,21:37:01,9381.69,9381.69,3
2025-11-05T21:37:14.898797,21:37:14,9437.94,9437.94,3
2025-11-05T21:37:28.587802,21:37:28,9468.05,9468.05,3
2025-11-05T21:37:42.471053,21:37:42,9449.05,9449.05,3
2025-11-05T21:37:56.307185,21:37:56,9369.17,9369.17,3
2025-11-05T21:38:09.854573,21:38:09,9508.95,9508.95,3
2025-11-05T21:38:22.818323,21:38:22,9518.47,9518.47,3
2025-11-05T21:38:36.441447,21:38:36,9540.69,9540.69,3
2025-11-05T21:38:49.498907,21:38:49,9587.51,9587.51,3
2025-11-05T21:39:02.503815,21:39:02,9604.55,9604.55,3
2025-11-05T21:39:15.583516,21:39:15,9638.92,9638.92,3
2025-11-05T21:39:30.145899,21:39:30,9792.97,9792.97,3
2025-11-05T21:39:43.672730,21:39:43,9776.48,9776.48,3
2025-11-05T21:39:57.290817,21:39:57,9780.52,9780.52,3
2025-11-05T21:40:11.438104,21:40:11,9638.36,9638.36,3
2025-11-05T21:40:25.025388,21:40:25,9537.48,9537.48,3
2025-11-05T21:40:38.428279,21:40:38,9527.97,9527.97,3
2025-11-05T21:40:51.431781,21:40:51,9560.17,9560.17,3
2025-11-05T21:41:05.551249,21:41:05,9511.24,9511.24,3
2025-11-05T21:41:18.625845,21:41:18,9525.86,9525.86,3
2025-11-05T21:41:32.277419,21:41:32,9569.29,9569.29,3
2025-11-05T21:41:45.553055,21:41:45,9583.75,9583.75,3
2025-11-05T21:41:58.503509,21:41:58,9602.76,9602.76,3
2025-11-05T21:42:11.556109,21:42:11,9552.08,9552.08,3
2025-11-05T21:42:25.030986,21:42:25,9527.29,9527.29,3
2025-11-05T21:42:38.311831,21:42:38,9425.06,9425.06,3
2025-11-05T21:42:51.753574,21:42:51,9372.05,9372.05,3
2025-11-05T21:43:04.918592,21:43:04,9395.8,9395.8,3
2025-11-05T21:43:18.490733,21:43:18,9321.32,9321.32,3
2025-11-05T21:43:31.878573,21:43:31,9285.86,9285.86,3
2025-11-05T21:43:44.501618,21:43:44,9251.49,9251.49,3
2025-11-05T21:43:57.502798,21:43:57,9362.12,9362.12,3
2025-11-05T21:44:11.253183,21:44:11,9322.2,9322.2,3
2025-11-05T21:44:24.481257,21:44:24,9362.21,9362.21,3
2025-11-05T21:44:37.189653,21:44:37,9234.68,9234.68,3
2025-11-05T21:44:50.435796,21:44:50,9273.57,9273.57,3
2025-11-05T21:45:04.166955,21:45:04,9268.65,9268.65,3
2025-11-05T21:45:17.468424,21:45:17,9378.74,9378.74,3
2025-11-05T21:45:31.466052,21:45:31,9467.11,9467.11,3
2025-11-05T21:45:45.377508,21:45:45,9474.89,9474.89,3
2025-11-05T21:45:58.947833,21:45:58,9459.17,9459.17,3
2025-11-05T21:46:12.563365,21:46:12,9443.42,9443.42,3
2025-11-05T21:46:26.473481,21:46:26,9406.27,9406.27,3
2025-11-05T21:46:40.114079,21:46:40,9366.41,9366.41,3
2025-11-05T21:46:53.318423,21:46:53,9344.86,9344.86,3
2025-11-05T21:47:07.022407,21:47:07,9174.27,9174.27,3
2025-11-05T21:47:20.509327,21:47:20,9200.24,9200.24,3
2025-11-05T21:47:34.091183,21:47:34,9249.93,9249.93,3
2025-11-05T21:47:47.276394,21:47:47,9303.62,9303.62,3
2025-11-05T21:48:00.598103,21:48:00,9246.44,9246.44,3
2025-11-05T21:48:13.561254,21:48:13,9173.0,9173.0,3
2025-11-05T21:48:26.642827,21:48:26,9067.34,9067.34,3
2025-11-05T21:48:39.802620,21:48:39,9083.39,9083.39,3
2025-11-05T21:48:53.074085,21:48:53,9096.58,9096.58,3
2025-11-05T21:49:06.624914,21:49:06,9138.06,9138.06,3
2025-11-05T21:49:19.800343,21:49:19,9212.78,9212.78,3
2025-11-05T21:49:34.680501,21:49:34,9273.08,9273.08,3
2025-11-05T21:49:48.167010,21:49:48,9323.32,9323.32,3
2025-11-05T21:50:02.205210,21:50:02,9332.39,9332.39,3
2025-11-05T21:50:16.201581,21:50:16,9317.83,9317.83,3
2025-11-05T21:50:29.661150,21:50:29,9136.61,9136.61,3
2025-11-05T21:50:43.356730,21:50:43,9096.87,9096.87,3
2025-11-05T21:50:56.608862,21:50:56,8861.29,8861.29,3
2025-11-05T21:51:09.990082,21:51:09,8905.11,8905.11,3
2025-11-05T21:51:23.563795,21:51:23,8904.55,8904.55,3
2025-11-05T21:51:36.825333,21:51:36,8984.0,8984.0,3
2025-11-05T21:51:50.151421,21:51:50,8950.15,8950.15,3
2025-11-05T21:52:03.253589,21:52:03,9018.06,9018.06,3
2025-11-05T21:52:16.483485,21:52:16,8833.15,8833.15,3
2025-11-05T21:52:29.667313,21:52:29,8882.44,8882.44,3
2025-11-05T21:52:42.849365,21:52:42,8962.06,8962.06,3
2025-11-05T21:52:55.495994,21:52:55,9016.22,9016.22,3
2025-11-05T21:53:08.595070,21:53:08,9011.73,9011.73,3
2025-11-05T21:53:22.468264,21:53:22,9020.54,9020.54,3
2025-11-05T21:53:36.046027,21:53:36,8998.86,8998.86,3
2025-11-05T21:53:49.474238,21:53:49,9006.45,9006.45,3
2025-11-05T21:54:02.935736,21:54:02,9023.59,9023.59,3
2025-11-05T21:54:16.598497,21:54:16,9088.62,9088.62,3
2025-11-05T21:54:30.207545,21:54:30,9011.54,9011.54,3
2025-11-05T21:54:43.255074,21:54:43,8997.6,8997.6,3
2025-11-05T21:54:56.513313,21:54:56,9116.35,9116.35,3
2025-11-05T21:55:09.705404,21:55:09,9090.0,9090.0,3
2025-11-05T21:55:23.424082,21:55:23,9186.25,9186.25,3
2025-11-05T21:55:36.279429,21:55:36,9259.29,9259.29,3
2025-11-05T21:55:49.391935,21:55:49,9260.04,9260.04,3
2025-11-05T21:56:02.071988,21:56:02,9234.07,9234.07,3
2025-11-05T21:56:15.498129,21:56:15,9338.77,9338.77,3
2025-11-05T21:56:29.530586,21:56:29,9348.47,9348.47,3
2025-11-05T21:56:42.739317,21:56:42,9433.91,9433.91,3
2025-11-05T21:56:55.639841,21:56:55,9403.29,9403.29,3
2025-11-05T21:57:07.944118,21:57:07,9343.49,9343.49,3
2025-11-05T21:57:21.169627,21:57:21,9299.86,9299.86,3
2025-11-05T21:57:34.315774,21:57:34,9339.99,9339.99,3
2025-11-05T21:57:47.758371,21:57:47,9356.11,9356.11,3
2025-11-05T21:58:00.438271,21:58:00,9434.86,9434.86,3
2025-11-05T21:58:13.563387,21:58:13,9347.55,9347.55,3
2025-11-05T21:58:26.848454,21:58:26,9450.03,9450.03,3
2025-11-05T21:58:39.815985,21:58:39,9430.29,9430.29,3
2025-11-05T21:58:53.500683,21:58:53,9435.66,9435.66,3
2025-11-05T21:59:06.403961,21:59:06,9497.94,9497.94,3
2025-11-05T21:59:19.792532,21:59:19,9469.12,9469.12,3
2025-11-05T21:59:33.427380,21:59:33,9472.68,9472.68,3
2025-11-05T21:59:47.266336,21:59:47,9545.17,9545.17,3
2025-11-05T22:00:00.573870,22:00:00,9543.35,9543.35,3
2025-11-05T22:00:13.463816,22:00:13,9578.66,9578.66,3
2025-11-05T22:00:26.538630,22:00:26,9492.45,9492.45,3
2025-11-05T22:00:39.772355,22:00:39,9534.67,9534.67,3
2025-11-05T22:00:52.878069,22:00:52,9481.66,9481.66,3
2025-11-05T22:01:06.542257,22:01:06,9534.63,9534.63,3
2025-11-05T22:01:19.866246,22:01:19,9538.05,9538.05,3
2025-11-05T22:01:33.351372,22:01:33,9562.99,9562.99,3
2025-11-05T22:01:46.597212,22:01:46,9598.43,9598.43,3
2025-11-05T22:01:59.724161,22:01:59,9584.1,9584.1,3
2025-11-05T22:02:13.481031,22:02:13,9675.97,9675.97,3
2025-11-05T22:02:26.377244,22:02:26,9672.74,9672.74,3
2025-11-05T22:02:39.301377,22:02:39,9620.58,9620.58,3
2025-11-05T22:02:51.861735,22:02:51,9503.28,9503.28,3
2025-11-05T22:03:05.492029,22:03:05,9578.06,9578.06,3
2025-11-05T22:03:19.810508,22:03:19,9653.9,9653.9,3
2025-11-05T22:03:33.242786,22:03:33,9637.39,9637.39,3
2025-11-05T22:03:46.717257,22:03:46,9631.64,9631.64,3
2025-11-05T22:03:59.831242,22:03:59,9690.54,9690.54,3
2025-11-05T22:04:13.267737,22:04:13,9627.59,9627.59,3
2025-11-05T22:04:26.647535,22:04:26,9633.62,9633.62,3
2025-11-05T22:04:39.689800,22:04:39,9767.18,9767.18,3
2025-11-05T22:04:52.898586,22:04:52,9758.72,9758.72,3
2025-11-05T22:05:06.693429,22:05:06,9778.95,9778.95,3
2025-11-05T22:05:19.587231,22:05:19,9777.82,9777.82,3
2025-11-05T22:05:32.776312,22:05:32,9718.42,9718.42,3
2025-11-05T22:05:46.123369,22:05:46,9650.19,9650.19,3
2025-11-05T22:05:58.938758,22:05:58,9596.18,9596.18,3
2025-11-05T22:06:11.915911,22:06:11,9604.08,9604.08,3
2025-11-05T22:06:24.920570,22:06:24,9643.65,9643.65,3
2025-11-05T22:06:38.603907,22:06:38,9788.63,9788.63,3
2025-11-05T22:06:51.760866,22:06:51,9825.83,9825.83,3
2025-11-05T22:07:05.057473,22:07:05,9869.86,9869.86,3
2025-11-05T22:07:18.507184,22:07:18,9879.03,9879.03,3
2025-11-05T22:07:32.303010,22:07:32,9899.68,9899.68,3
2025-11-05T22:07:45.757920,22:07:45,9991.12,9991.12,3
2025-11-05T22:07:58.683443,22:07:58,9987.81,9987.81,3
2025-11-05T22:08:12.392824,22:08:12,10013.73,10013.73,3
2025-11-05T22:08:25.422987,22:08:25,9954.91,9954.91,3
2025-11-05T22:08:38.667369,22:08:38,10046.17,10046.17,3
2025-11-05T22:08:52.435487,22:08:52,9967.68,9967.68,3
2025-11-05T22:09:05.887878,22:09:05,10006.4,10006.4,3
2025-11-05T22:09:19.663748,22:09:19,9954.29,9954.29,3
2025-11-05T22:09:32.768072,22:09:32,9943.17,9943.17,3
2025-11-05T22:09:46.652267,22:09:46,9938.36,9938.36,3
2025-11-05T22:10:00.291346,22:10:00,9964.92,9964.92,3
2025-11-05T22:10:13.703628,22:10:13,9912.48,9912.48,3
2025-11-05T22:10:27.415176,22:10:27,9954.33,9954.33,3
2025-11-05T22:10:40.821324,22:10:40,9986.48,9986.48,3
2025-11-05T22:10:53.481399,22:10:53,9935.89,9935.89,3
2025-11-05T22:11:07.447145,22:11:07,9888.67,9888.67,3
2025-11-05T22:11:20.930932,22:11:20,9903.2,9903.2,3
2025-11-05T22:11:34.684084,22:11:34,9723.65,9723.65,3
2025-11-05T22:11:48.573365,22:11:48,9722.04,9722.04,3
2025-11-05T22:12:01.986989,22:12:01,9671.61,9671.61,3
2025-11-05T22:12:15.282530,22:12:15,9710.13,9710.13,3
2025-11-05T22:12:28.780104,22:12:28,9698.22,9698.22,3
2025-11-05T22:12:41.717458,22:12:41,9722.33,9722.33,3
2025-11-05T22:12:54.467869,22:12:54,9752.37,9752.37,3
2025-11-05T22:13:08.002803,22:13:08,9817.13,9817.13,3
2025-11-05T22:13:20.889180,22:13:20,9816.04,9816.04,3
2025-11-05T22:13:34.027521,22:13:34,9734.9,9734.9,3
2025-11-05T22:13:47.500471,22:13:47,9782.7,9782.7,3
2025-11-05T22:14:01.187615,22:14:01,9684.13,9684.13,3
2025-11-05T22:14:14.515738,22:14:14,9656.22,9656.22,3
2025-11-05T22:14:27.414258,22:14:27,9745.73,9745.73,3
2025-11-05T22:14:41.058622,22:14:41,9718.79,9718.79,3
2025-11-05T22:14:54.485045,22:14:54,9718.5,9718.5,3
2025-11-05T22:15:07.700461,22:15:07,9851.14,9851.14,3
2025-11-05T22:15:20.804412,22:15:20,9878.72,9878.72,3
2025-11-05T22:15:33.747070,22:15:33,9927.64,9927.64,3
2025-11-05T22:15:46.370720,22:15:46,9891.93,9891.93,3
2025-11-05T22:15:59.497754,22:15:59,9826.69,9826.69,3
2025-11-05T22:16:12.661330,22:16:12,9765.79,9765.79,3
2025-11-05T22:16:25.709687,22:16:25,9769.35,9769.35,3
2025-11-05T22:16:38.881514,22:16:38,9744.65,9744.65,3
2025-11-05T22:16:52.318768,22:16:52,9741.07,9741.07,3
2025-11-05T22:17:05.815307,22:17:05,9803.83,9803.83,3
2025-11-05T22:17:19.043022,22:17:19,9944.0,9944.0,3
2025-11-05T22:17:32.435395,22:17:32,10058.2,10058.2,3
2025-11-05T22:17:45.279443,22:17:45,10034.48,10034.48,3
2025-11-05T22:17:58.702938,22:17:58,9962.51,9962.51,3
2025-11-05T22:18:11.947705,22:18:11,10017.27,10017.27,3
2025-11-05T22:18:25.178695,22:18:25,9990.64,9990.64,3
2025-11-05T22:18:38.371532,22:18:38,9943.49,9943.49,3
2025-11-05T22:18:51.836741,22:18:51,9958.61,9958.61,3
2025-11-05T22:19:05.477935,22:19:05,9908.15,9908.15,3
2025-11-05T22:19:18.984524,22:19:18,10001.99,10001.99,3
2025-11-05T22:19:32.577799,22:19:32,9909.1,9909.1,3
2025-11-05T22:19:45.668011,22:19:45,9973.36,9973.36,3
2025-11-05T22:19:58.536762,22:19:58,10020.42,10020.42,3
2025-11-05T22:20:11.865736,22:20:11,10077.76,10077.76,3
2025-11-05T22:20:25.563075,22:20:25,10062.62,10062.62,3
2025-11-05T22:20:38.884475,22:20:38,10181.72,10181.72,3
2025-11-05T22:20:52.247642,22:20:52,10132.27,10132.27,3
2025-11-05T22:21:05.312065,22:21:05,10191.94,10191.94,3
2025-11-05T22:21:18.474191,22:21:18,10229.49,10229.49,3
2025-11-05T22:21:31.685297,22:21:31,10207.84,10207.84,3
2025-11-05T22:21:45.215328,22:21:45,10233.28,10233.28,3
2025-11-05T22:21:59.076861,22:21:59,10163.74,10163.74,3
2025-11-05T22:22:12.073139,22:22:12,10062.82,10062.82,3
2025-11-05T22:22:25.568609,22:22:25,10097.19,10097.19,3
2025-11-05T22:22:39.138160,22:22:39,10114.13,10114.13,3
2025-11-05T22:22:52.819138,22:22:52,10007.39,10007.39,3
2025-11-05T22:23:06.165783,22:23:06,10024.28,10024.28,3
2025-11-05T22:23:19.523180,22:23:19,9959.87,9959.87,3
2025-11-05T22:23:32.806644,22:23:32,9987.17,9987.17,3
2025-11-05T22:23:45.325851,22:23:45,9961.97,9961.97,3
2025-11-05T22:23:58.290264,22:23:58,10063.29,10063.29,3
2025-11-05T22:24:11.091897,22:24:11,10087.39,10087.39,3
2025-11-05T22:24:24.378840,22:24:24,10115.39,10115.39,3
2025-11-05T22:24:37.525619,22:24:37,10120.18,10120.18,3
2025-11-05T22:24:50.811686,22:24:50,10183.94,10183.94,3
2025-11-05T22:25:04.276916,22:25:04,10209.18,10209.18,3
2025-11-05T22:25:17.014478,22:25:17,10258.5,10258.5,3
2025-11-05T22:25:30.254806,22:25:30,10219.12,10219.12,3
2025-11-05T22:25:43.321833,22:25:43,10149.72,10149.72,3
2025-11-05T22:25:56.635887,22:25:56,10100.3,10100.3,3
2025-11-05T22:26:10.041008,22:26:10,10120.29,10120.29,3
2025-11-05T22:26:23.461974,22:26:23,10084.13,10084.13,3
2025-11-05T22:26:36.743147,22:26:36,10035.79,10035.79,3
2025-11-05T22:26:49.979428,22:26:49,10061.3,10061.3,3
2025-11-05T22:27:02.982161,22:27:02,9987.73,9987.73,3
2025-11-05T22:27:16.248803,22:27:16,9947.34,9947.34,3
2025-11-05T22:27:29.616094,22:27:29,9929.96,9929.96,3
2025-11-05T22:27:42.802036,22:27:42,9933.82,9933.82,3
2025-11-05T22:27:56.282837,22:27:56,9935.55,9935.55,3
2025-11-05T22:28:09.334840,22:28:09,9911.48,9911.48,3
2025-11-05T22:28:23.034268,22:28:23,9866.24,9866.24,3
2025-11-05T22:28:36.407055,22:28:36,9962.56,9962.56,3
2025-11-05T22:28:49.674131,22:28:49,9941.41,9941.41,3
2025-11-05T22:29:03.407862,22:29:03,9966.98,9966.98,3
2025-11-05T22:29:16.538377,22:29:16,10126.87,10126.87,3
2025-11-05T22:29:29.603663,22:29:29,10143.21,10143.21,3
2025-11-05T22:29:42.621135,22:29:42,10107.02,10107.02,3
2025-11-05T22:29:55.494561,22:29:55,10021.85,10021.85,3
2025-11-05T22:30:08.728362,22:30:08,9922.79,9922.79,3
2025-11-05T22:30:21.599946,22:30:21,9765.62,9765.62,3
2025-11-05T22:30:35.228590,22:30:35,9756.6,9756.6,3
2025-11-05T22:30:48.471202,22:30:48,9733.68,9733.68,3
2025-11-05T22:31:01.486758,22:31:01,9728.3,9728.3,3
2025-11-05T22:31:14.060452,22:31:14,9684.98,9684.98,3
2025-11-05T22:31:27.517314,22:31:27,9880.6,9880.6,3
2025-11-05T22:31:41.276686,22:31:41,9823.97,9823.97,3
2025-11-05T22:31:54.337495,22:31:54,9844.73,9844.73,3
2025-11-05T22:32:08.347843,22:32:08,9957.14,9957.14,3
2025-11-05T22:32:21.496565,22:32:21,9978.03,9978.03,3
2025-11-05T22:32:35.155362,22:32:35,9968.23,9968.23,3
2025-11-05T22:32:48.494960,22:32:48,9831.21,9831.21,3
2025-11-05T22:33:01.710571,22:33:01,9782.18,9782.18,3
2025-11-05T22:33:15.134460,22:33:15,9782.15,9782.15,3
2025-11-05T22:33:27.958202,22:33:27,9708.5,9708.5,3
2025-11-05T22:33:41.155435,22:33:41,9658.19,9658.19,3
2025-11-05T22:33:54.136323,22:33:54,9783.03,9783.03,3
2025-11-05T22:34:07.662522,22:34:07,9685.36,9685.36,3
2025-11-05T22:34:21.797499,22:34:21,9658.24,9658.24,3
2025-11-05T22:34:35.138962,22:34:35,9687.59,9687.59,3
2025-11-05T22:34:48.411927,22:34:48,9620.7,9620.7,3
2025-11-05T22:35:01.522174,22:35:01,9627.91,9627.91,3
2025-11-05T22:35:14.847600,22:35:14,9657.78,9657.78,3
2025-11-05T22:35:27.925070,22:35:27,9616.78,9616.78,3
2025-11-05T22:35:41.315924,22:35:41,9614.21,9614.21,3
2025-11-05T22:35:54.724295,22:35:54,9589.24,9589.24,3
2025-11-05T22:36:08.214024,22:36:08,9537.29,9537.29,3
2025-11-05T22:36:21.578495,22:36:21,9520.98,9520.98,3
2025-11-05T22:36:34.375019,22:36:34,9481.3,9481.3,3
2025-11-05T22:36:47.732183,22:36:47,9636.36,9636.36,3
2025-11-05T22:37:00.619229,22:37:00,9589.24,9589.24,3
2025-11-05T22:37:13.466692,22:37:13,9489.49,9489.49,3
2025-11-05T22:37:26.466745,22:37:26,9533.08,9533.08,3
2025-11-05T22:37:39.803497,22:37:39,9535.82,9535.82,3
2025-11-05T22:37:52.774615,22:37:52,9408.62,9408.62,3
2025-11-05T22:38:06.407188,22:38:06,9367.8,9367.8,3
2025-11-05T22:38:19.442158,22:38:19,9311.36,9311.36,3
2025-11-05T22:38:32.713092,22:38:32,9272.1,9272.1,3
2025-11-05T22:38:46.401146,22:38:46,9269.56,9269.56,3
2025-11-05T22:38:58.591689,22:38:58,9242.64,9242.64,3
2025-11-05T22:39:11.535989,22:39:11,9311.31,9311.31,3
2025-11-05T22:39:24.776304,22:39:24,9312.83,9312.83,3
2025-11-05T22:39:37.690552,22:39:37,9310.47,9310.47,3
2025-11-05T22:39:50.669444,22:39:50,9324.29,9324.29,3
2025-11-05T22:40:03.519294,22:40:03,9300.31,9300.31,3
2025-11-05T22:40:16.791357,22:40:16,9235.43,9235.43,3
2025-11-05T22:40:30.497100,22:40:30,9174.68,9174.68,3
2025-11-05T22:40:43.701893,22:40:43,9110.92,9110.92,3
2025-11-05T22:40:56.846523,22:40:56,9142.82,9142.82,3
2025-11-05T22:41:10.352892,22:41:10,9070.09,9070.09,3
2025-11-05T22:41:23.419192,22:41:23,9085.16,9085.16,3
2025-11-05T22:41:36.623454,22:41:36,9114.85,9114.85,3
2025-11-05T22:41:49.772423,22:41:49,9152.84,9152.84,3
2025-11-05T22:42:02.744511,22:42:02,9159.66,9159.66,3
2025-11-05T22:42:15.349989,22:42:15,9226.65,9226.65,3
2025-11-05T22:42:28.660684,22:42:28,9195.24,9195.24,3
2025-11-05T22:42:41.845036,22:42:41,9281.91,9281.91,3
2025-11-05T22:42:55.377057,22:42:55,9273.78,9273.78,3
2025-11-05T22:43:08.547955,22:43:08,9302.54,9302.54,3
2025-11-05T22:43:21.246472,22:43:21,9290.09,9290.09,3
2025-11-05T22:43:34.427804,22:43:34,9287.74,9287.74,3
2025-11-05T22:43:47.451920,22:43:47,9261.23,9261.23,3
2025-11-05T22:44:00.168700,22:44:00,9254.7,9254.7,3
2025-11-05T22:44:13.308739,22:44:13,9094.81,9094.81,3
2025-11-05T22:44:26.699951,22:44:26,9108.18,9108.18,3
2025-11-05T22:44:39.989544,22:44:39,9140.61,9140.61,3
2025-11-05T22:44:53.443346,22:44:53,9065.12,9065.12,3
2025-11-05T22:45:06.874013,22:45:06,9119.98,9119.98,3
2025-11-05T22:45:20.411437,22:45:20,9109.81,9109.81,3
2025-11-05T22:45:33.768612,22:45:33,9138.38,9138.38,3
2025-11-05T22:45:46.939793,22:45:46,9208.51,9208.51,3
2025-11-05T22:46:00.363756,22:46:00,9277.81,9277.81,3
2025-11-05T22:46:13.648009,22:46:13,9309.05,9309.05,3
2025-11-05T22:46:26.693149,22:46:26,9368.3,9368.3,3
2025-11-05T22:46:40.379525,22:46:40,9310.36,9310.36,3
2025-11-05T22:46:53.934084,22:46:53,9341.55,9341.55,3
2025-11-05T22:47:07.671791,22:47:07,9365.62,9365.62,3
2025-11-05T22:47:21.095162,22:47:21,9479.44,9479.44,3
2025-11-05T22:47:34.429680,22:47:34,9521.46,9521.46,3
2025-11-05T22:47:48.144574,22:47:48,9566.36,9566.36,3
2025-11-05T22:48:01.543499,22:48:01,9526.85,9526.85,3
2025-11-05T22:48:14.375543,22:48:14,9372.43,9372.43,3
2025-11-05T22:48:27.917654,22:48:27,9428.55,9428.55,3
2025-11-05T22:48:41.372058,22:48:41,9532.61,9532.61,3
2025-11-05T22:48:54.912572,22:48:54,9541.82,9541.82,3
2025-11-05T22:49:08.346232,22:49:08,9620.92,9620.92,3
2025-11-05T22:49:22.314779,22:49:22,9677.22,9677.22,3
2025-11-05T22:49:35.531263,22:49:35,9738.27,9738.27,3
2025-11-05T22:49:49.057279,22:49:49,9639.8,9639.8,3
2025-11-05T22:50:02.244732,22:50:02,9684.65,9684.65,3
2025-11-05T22:50:15.579137,22:50:15,9645.74,9645.74,3
2025-11-05T22:50:29.403802,22:50:29,9759.51,9759.51,3
2025-11-05T22:50:42.379067,22:50:42,9760.42,9760.42,3
2025-11-05T22:50:55.594949,22:50:55,9663.49,9663.49,3
2025-11-05T22:51:08.796861,22:51:08,9641.94,9641.94,3
2025-11-05T22:51:22.331593,22:51:22,9571.44,9571.44,3
2025-11-05T22:51:35.083849,22:51:35,9614.53,9614.53,3
2025-11-05T22:51:48.424718,22:51:48,9673.6,9673.6,3
2025-11-05T22:52:01.399094,22:52:01,9602.82,9602.82,3
2025-11-05T22:52:14.224879,22:52:14,9562.98,9562.98,3
2025-11-05T22:52:27.479214,22:52:27,9537.56,9537.56,3
2025-11-05T22:52:40.777184,22:52:40,9616.08,9616.08,3
2025-11-05T22:52:53.699054,22:52:53,9742.7,9742.7,3
2025-11-05T22:53:06.791305,22:53:06,9747.36,9747.36,3
2025-11-05T22:53:19.629907,22:53:19,9847.15,9847.15,3
2025-11-05T22:53:32.806343,22:53:32,9841.8,9841.8,3
2025-11-05T22:53:45.995053,22:53:45,9850.38,9850.38,3
2025-11-05T22:53:58.921147,22:53:58,9843.9,9843.9,3
2025-11-05T22:54:11.984792,22:54:11,9800.21,9800.21,3
2025-11-05T22:54:25.062736,22:54:25,9821.83,9821.83,3
2025-11-05T22:54:38.409086,22:54:38,9838.22,9838.22,3
2025-11-05T22:54:51.533208,22:54:51,9849.99,9849.99,3
2025-11-05T22:55:04.879429,22:55:04,9894.61,9894.61,3
2025-11-05T22:55:18.264308,22:55:18,9847.46,9847.46,3
2025-11-05T22:55:31.195383,22:55:31,9820.26,9820.26,3
2025-11-05T22:55:43.907600,22:55:43,9797.69,9797.69,3
2025-11-05T22:55:57.310604,22:55:57,9798.48,9798.48,3
2025-11-05T22:56:10.843249,22:56:10,9887.66,9887.66,3
2025-11-05T22:56:23.664357,22:56:23,9980.23,9980.23,3
2025-11-05T22:56:36.611652,22:56:36,9928.08,9928.08,3
2025-11-05T22:56:49.793761,22:56:49,9984.86,9984.86,3
2025-11-05T22:57:02.686506,22:57:02,10060.04,10060.04,3
2025-11-05T22:57:15.523788,22:57:15,10134.66,10134.66,3
2025-11-05T22:57:28.332482,22:57:28,10099.17,10099.17,3
2025-11-05T22:57:41.431562,22:57:41,10141.35,10141.35,3
2025-11-05T22:57:54.758036,22:57:54,10108.85,10108.85,3
2025-11-05T22:58:08.497365,22:58:08,10132.22,10132.22,3
2025-11-05T22:58:21.798980,22:58:21,10068.37,10068.37,3
2025-11-05T22:58:35.053280,22:58:35,10049.4,10049.4,3
2025-11-05T22:58:48.413213,22:58:48,9992.94,9992.94,3
2025-11-05T22:59:01.524910,22:59:01,9985.97,9985.97,3
2025-11-05T22:59:14.731849,22:59:14,10027.63,10027.63,3
2025-11-05T22:59:28.095505,22:59:28,10098.68,10098.68,3
2025-11-05T22:59:41.022898,22:59:41,10022.65,10022.65,3
2025-11-05T22:59:54.407360,22:59:54,10004.09,10004.09,3
2025-11-05T23:00:07.416064,23:00:07,9925.36,9925.36,3
2025-11-05T23:00:20.916108,23:00:20,9947.57,9947.57,3
2025-11-05T23:00:34.418970,23:00:34,10007.32,10007.32,3
2025-11-05T23:00:47.493434,23:00:47,9975.43,9975.43,3
2025-11-05T23:01:00.932921,23:01:00,10063.64,10063.64,3
2025-11-05T23:01:14.435955,23:01:14,10033.34,10033.34,3
2025-11-05T23:01:27.534939,23:01:27,10014.31,10014.31,3
2025-11-05T23:01:40.454446,23:01:40,9991.63,9991.63,3
2025-11-05T23:01:53.423490,23:01:53,9968.48,9968.48,3
2025-11-05T23:02:06.785093,23:02:06,9931.13,9931.13,3
2025-11-05T23:02:19.310706,23:02:19,9891.32,9891.32,3
2025-11-05T23:02:32.250900,23:02:32,9771.25,9771.25,3
2025-11-05T23:02:45.372264,23:02:45,9736.37,9736.37,3
2025-11-05T23:02:58.423064,23:02:58,9803.72,9803.72,3
2025-11-05T23:03:11.771400,23:03:11,9811.69,9811.69,3
2025-11-05T23:03:24.925806,23:03:24,9879.8,9879.8,3
2025-11-05T23:03:37.872090,23:03:37,9860.39,9860.39,3
2025-11-05T23:03:50.956362,23:03:50,9741.0,9741.0,3
2025-11-05T23:04:03.567824,23:04:03,9725.25,9725.25,3
2025-11-05T23:04:16.779695,23:04:16,9715.49,9715.49,3
2025-11-05T23:04:29.623399,23:04:29,9786.98,9786.98,3
2025-11-05T23:04:42.681726,23:04:42,9781.09,9781.09,3
2025-11-05T23:04:55.773811,23:04:55,9837.65,9837.65,3
2025-11-05T23:05:09.194346,23:05:09,9800.51,9800.51,3
2025-11-05T23:05:22.185012,23:05:22,9833.65,9833.65,3
2025-11-05T23:05:35.396078,23:05:35,9805.55,9805.55,3
2025-11-05T23:05:48.846166,23:05:48,9862.63,9862.63,3
2025-11-05T23:06:02.121361,23:06:02,9761.32,9761.32,3
2025-11-05T23:06:14.983343,23:06:14,9739.22,9739.22,3
2025-11-05T23:06:27.767255,23:06:27,9649.12,9649.12,3
2025-11-05T23:06:41.015615,23:06:41,9680.27,9680.27,3
2025-11-05T23:06:54.551654,23:06:54,9753.77,9753.77,3
2025-11-05T23:07:07.868929,23:07:07,9749.59,9749.59,3
2025-11-05T23:07:20.974805,23:07:20,9727.79,9727.79,3
2025-11-05T23:07:33.735233,23:07:33,9732.18,9732.18,3
2025-11-05T23:07:46.470551,23:07:46,9789.77,9789.77,3
2025-11-05T23:07:59.537102,23:07:59,9773.81,9773.81,3
2025-11-05T23:08:11.987291,23:08:11,9749.0,9749.0,3
2025-11-05T23:08:25.234964,23:08:25,9791.81,9791.81,3
2025-11-05T23:08:38.366394,23:08:38,9812.42,9812.42,3
2025-11-05T23:08:51.461711,23:08:51,9833.26,9833.26,3
2025-11-05T23:09:04.616426,23:09:04,9851.9,9851.9,3
2025-11-05T23:09:17.510581,23:09:17,9853.49,9853.49,3
2025-11-05T23:09:30.214216,23:09:30,9894.65,9894.65,3
2025-11-05T23:09:42.784235,23:09:42,9843.16,9843.16,3
2025-11-05T23:09:55.347707,23:09:55,9846.2,9846.2,3
2025-11-05T23:10:07.829032,23:10:07,9848.22,9848.22,3
2025-11-05T23:10:20.575040,23:10:20,9783.47,9783.47,3
2025-11-05T23:10:33.176612,23:10:33,9707.33,9707.33,3
2025-11-05T23:10:45.862916,23:10:45,9725.21,9725.21,3
2025-11-05T23:10:58.606708,23:10:58,9724.09,9724.09,3
2025-11-05T23:11:11.495503,23:11:11,9689.38,9689.38,3
2025-11-05T23:11:24.287750,23:11:24,9733.22,9733.22,3
2025-11-05T23:11:36.532754,23:11:36,9650.77,9650.77,3
2025-11-05T23:11:49.004097,23:11:49,9625.82,9625.82,3
2025-11-05T23:12:01.208828,23:12:01,9741.01,9741.01,3
2025-11-05T23:12:13.526675,23:12:13,9742.98,9742.98,3
2025-11-05T23:12:25.775492,23:12:25,9820.47,9820.47,3
2025-11-05T23:12:38.393837,23:12:38,9899.64,9899.64,3
2025-11-05T23:12:50.757724,23:12:50,9922.32,9922.32,3
2025-11-05T23:13:03.455013,23:13:03,9982.0,9982.0,3
2025-11-05T23:13:15.691778,23:13:15,9988.08,9988.08,3
2025-11-05T23:13:28.333781,23:13:28,10082.0,10082.0,3
2025-11-05T23:13:40.801305,23:13:40,10018.96,10018.96,3
2025-11-05T23:13:53.627228,23:13:53,9988.84,9988.84,3
2025-11-05T23:14:06.644091,23:14:06,9951.85,9951.85,3
2025-11-05T23:14:19.281627,23:14:19,10011.39,10011.39,3
2025-11-05T23:14:31.710188,23:14:31,9947.05,9947.05,3
2025-11-05T23:14:44.338350,23:14:44,9933.5,9933.5,3
2025-11-05T23:14:57.437788,23:14:57,9927.87,9927.87,3
2025-11-05T23:15:10.662966,23:15:10,9927.94,9927.94,3
2025-11-05T23:15:23.471289,23:15:23,9899.07,9899.07,3
2025-11-05T23:15:36.725667,23:15:36,9816.4,9816.4,3
2025-11-05T23:15:50.380259,23:15:50,9774.26,9774.26,3
2025-11-05T23:16:03.706328,23:16:03,9699.14,9699.14,3
2025-11-05T23:16:16.792003,23:16:16,9674.91,9674.91,3
2025-11-05T23:16:29.766017,23:16:29,9661.2,9661.2,3
2025-11-05T23:16:42.638784,23:16:42,9629.56,9629.56,3
2025-11-05T23:16:55.390580,23:16:55,9609.87,9609.87,3
2025-11-05T23:17:08.727776,23:17:08,9429.28,9429.28,3
2025-11-05T23:17:21.599396,23:17:21,9413.64,9413.64,3
2025-11-05T23:17:34.851489,23:17:34,9343.79,9343.79,3
2025-11-05T23:17:48.393802,23:17:48,9340.47,9340.47,3
2025-11-05T23:18:01.346236,23:18:01,9356.97,9356.97,3
2025-11-05T23:18:14.242522,23:18:14,9287.7,9287.7,3
2025-11-05T23:18:27.443504,23:18:27,9234.58,9234.58,3
2025-11-05T23:18:40.648109,23:18:40,9299.74,9299.74,3
2025-11-05T23:18:53.691960,23:18:53,9308.45,9308.45,3
2025-11-05T23:19:07.222416,23:19:07,9349.02,9349.02,3
2025-11-05T23:19:20.418148,23:19:20,9279.08,9279.08,3
2025-11-05T23:19:33.203782,23:19:33,9268.76,9268.76,3
2025-11-05T23:19:45.920732,23:19:45,9259.39,9259.39,3
2025-11-05T23:19:59.250294,23:19:59,9272.05,9272.05,3
2025-11-05T23:20:12.716251,23:20:12,9289.31,9289.31,3
2025-11-05T23:20:25.619107,23:20:25,9331.71,9331.71,3
2025-11-05T23:20:38.452878,23:20:38,9268.46,9268.46,3
2025-11-05T23:20:51.465332,23:20:51,9206.04,9206.04,3
2025-11-05T23:21:04.291061,23:21:04,9224.25,9224.25,3
2025-11-05T23:21:17.385761,23:21:17,9257.51,9257.51,3
2025-11-05T23:21:29.770603,23:21:29,9270.21,9270.21,3
2025-11-05T23:21:42.464028,23:21:42,9262.67,9262.67,3
2025-11-05T23:21:54.988035,23:21:54,9306.61,9306.61,3
2025-11-05T23:22:07.689410,23:22:07,9311.78,9311.78,3
2025-11-05T23:22:20.505908,23:22:20,9308.46,9308.46,3
2025-11-05T23:22:32.947117,23:22:32,9261.48,9261.48,3
2025-11-05T23:22:45.734161,23:22:45,9435.0,9435.0,3
2025-11-05T23:22:58.303950,23:22:58,9431.03,9431.03,3
2025-11-05T23:23:10.669721,23:23:10,9319.59,9319.59,3
2025-11-05T23:23:23.420368,23:23:23,9314.29,9314.29,3
2025-11-05T23:23:36.134104,23:23:36,9392.0,9392.0,3
2025-11-05T23:23:48.752307,23:23:48,9415.74,9415.74,3
2025-11-05T23:24:01.473453,23:24:01,9538.72,9538.72,3
2025-11-05T23:24:13.983984,23:24:13,9637.36,9637.36,3
2025-11-05T23:24:26.495819,23:24:26,9642.72,9642.72,3
2025-11-05T23:24:39.437769,23:24:39,9722.51,9722.51,3
2025-11-05T23:24:52.426342,23:24:52,9775.1,9775.1,3
2025-11-05T23:25:04.962752,23:25:04,9792.35,9792.35,3
2025-11-05T23:25:17.514734,23:25:17,9806.17,9806.17,3
2025-11-05T23:25:30.280149,23:25:30,9927.94,9927.94,3
2025-11-05T23:25:43.207821,23:25:43,9892.87,9892.87,3
2025-11-05T23:25:55.936698,23:25:55,9928.52,9928.52,3
2025-11-05T23:26:08.249567,23:26:08,9937.8,9937.8,3
2025-11-05T23:26:20.779549,23:26:20,9903.25,9903.25,3
2025-11-05T23:26:33.523215,23:26:33,9812.62,9812.62,3
2025-11-05T23:26:46.655244,23:26:46,9845.49,9845.49,3
2025-11-05T23:26:59.292670,23:26:59,9835.14,9835.14,3
2025-11-05T23:27:11.932660,23:27:11,9852.14,9852.14,3
2025-11-05T23:27:24.367793,23:27:24,9852.67,9852.67,3
2025-11-05T23:27:36.851355,23:27:36,9882.76,9882.76,3
2025-11-05T23:27:49.152541,23:27:49,9840.68,9840.68,3
2025-11-05T23:28:01.968715,23:28:01,9898.02,9898.02,3
2025-11-05T23:28:14.549058,23:28:14,9907.83,9907.83,3
2025-11-05T23:28:27.059317,23:28:27,9797.68,9797.68,3
2025-11-05T23:28:39.281121,23:28:39,9780.73,9780.73,3
2025-11-05T23:28:51.909581,23:28:51,9756.59,9756.59,3
2025-11-05T23:29:04.367758,23:29:04,9756.55,9756.55,3
2025-11-05T23:29:16.916704,23:29:16,9827.62,9827.62,3
2025-11-05T23:29:29.373404,23:29:29,9941.11,9941.11,3
2025-11-05T23:29:42.177115,23:29:42,9972.51,9972.51,3
2025-11-05T23:29:54.680824,23:29:54,9958.69,9958.69,3
2025-11-05T23:30:07.249224,23:30:07,9847.7,9847.7,3
2025-11-05T23:30:19.594075,23:30:19,9742.87,9742.87,3
2025-11-05T23:30:32.099740,23:30:32,9704.54,9704.54,3
2025-11-05T23:30:44.745257,23:30:44,9655.13,9655.13,3
2025-11-05T23:30:57.204515,23:30:57,9644.55,9644.55,3
2025-11-05T23:31:09.716405,23:31:09,9710.68,9710.68,3
2025-11-05T23:31:22.332062,23:31:22,9717.79,9717.79,3
2025-11-05T23:31:34.596385,23:31:34,9741.87,9741.87,3
2025-11-05T23:31:47.285915,23:31:47,9733.12,9733.12,3
2025-11-05T23:31:59.706564,23:31:59,9754.41,9754.41,3
2025-11-05T23:32:12.455207,23:32:12,9666.18,9666.18,3
2025-11-05T23:32:25.345322,23:32:25,9689.95,9689.95,3
2025-11-05T23:32:37.847612,23:32:37,9805.99,9805.99,3
2025-11-05T23:32:50.456012,23:32:50,9680.76,9680.76,3
2025-11-05T23:33:03.284333,23:33:03,9673.8,9673.8,3
2025-11-05T23:33:15.843580,23:33:15,9679.4,9679.4,3
2025-11-05T23:33:28.551116,23:33:28,9674.38,9674.38,3
2025-11-05T23:33:41.480925,23:33:41,9652.72,9652.72,3
2025-11-05T23:33:53.950800,23:33:53,9689.73,9689.73,3
2025-11-05T23:34:06.695481,23:34:06,9692.23,9692.23,3
2025-11-05T23:34:19.354653,23:34:19,9797.87,9797.87,3
2025-11-05T23:34:31.852101,23:34:31,9747.2,9747.2,3
2025-11-05T23:34:44.500386,23:34:44,9740.94,9740.94,3
2025-11-05T23:34:57.002608,23:34:57,9804.93,9804.93,3
2025-11-05T23:35:09.636390,23:35:09,9779.19,9779.19,3
2025-11-05T23:35:22.230243,23:35:22,9750.18,9750.18,3
2025-11-05T23:35:34.550776,23:35:34,9819.91,9819.91,3
2025-11-05T23:35:46.963201,23:35:46,9926.24,9926.24,3
2025-11-05T23:35:59.766026,23:35:59,9928.54,9928.54,3
2025-11-05T23:36:12.243049,23:36:12,9998.41,9998.41,3
2025-11-05T23:36:24.834853,23:36:24,9951.52,9951.52,3
2025-11-05T23:36:37.088457,23:36:37,9978.04,9978.04,3
2025-11-05T23:36:50.842936,23:36:50,10011.78,10011.78,3
2025-11-05T23:37:04.497255,23:37:04,9956.77,9956.77,3
2025-11-05T23:37:17.354950,23:37:17,9992.39,9992.39,3
2025-11-05T23:37:30.279411,23:37:30,9925.46,9925.46,3
2025-11-05T23:37:43.605397,23:37:43,9896.52,9896.52,3
2025-11-05T23:37:56.587306,23:37:56,9848.12,9848.12,3
2025-11-05T23:38:09.446499,23:38:09,9805.72,9805.72,3
2025-11-05T23:38:23.369616,23:38:23,9797.76,9797.76,3
2025-11-05T23:38:36.142533,23:38:36,9774.73,9774.73,3
2025-11-05T23:38:49.618665,23:38:49,9802.67,9802.67,3
2025-11-05T23:39:02.879218,23:39:02,9826.29,9826.29,3
2025-11-05T23:39:15.984617,23:39:15,9780.05,9780.05,3
2025-11-05T23:39:29.577590,23:39:29,9768.33,9768.33,3
2025-11-05T23:39:42.631690,23:39:42,9757.78,9757.78,3
2025-11-05T23:39:55.783213,23:39:55,9738.14,9738.14,3
2025-11-05T23:40:09.420875,23:40:09,9757.28,9757.28,3
2025-11-05T23:40:22.676119,23:40:22,9821.06,9821.06,3
2025-11-05T23:40:35.655063,23:40:35,9849.33,9849.33,3
2025-11-05T23:40:48.732538,23:40:48,9819.79,9819.79,3
2025-11-05T23:41:02.565151,23:41:02,9876.76,9876.76,3
2025-11-05T23:41:15.939134,23:41:15,9881.8,9881.8,3
2025-11-05T23:41:28.908521,23:41:28,9950.71,9950.71,3
2025-11-05T23:41:41.684488,23:41:41,9949.14,9949.14,3
2025-11-05T23:41:55.314598,23:41:55,9934.06,9934.06,3
2025-11-05T23:42:08.731018,23:42:08,9952.88,9952.88,3
2025-11-05T23:42:22.456422,23:42:22,9943.21,9943.21,3
2025-11-05T23:42:35.470493,23:42:35,9917.99,9917.99,3
2025-11-05T23:42:48.796005,23:42:48,9843.35,9843.35,3
2025-11-05T23:43:02.093162,23:43:02,9957.06,9957.06,3
2025-11-05T23:43:15.682714,23:43:15,9943.83,9943.83,3
2025-11-05T23:43:29.026119,23:43:29,9898.22,9898.22,3
2025-11-05T23:43:42.151086,23:43:42,9949.36,9949.36,3
2025-11-05T23:43:55.622218,23:43:55,9961.5,9961.5,3
2025-11-05T23:44:08.450195,23:44:08,9982.32,9982.32,3
2025-11-05T23:44:21.808591,23:44:21,9928.85,9928.85,3
2025-11-05T23:44:34.705429,23:44:34,9970.31,9970.31,3
2025-11-05T23:44:48.337621,23:44:48,9951.38,9951.38,3
2025-11-05T23:45:01.959688,23:45:01,9952.75,9952.75,3
2025-11-05T23:45:15.602959,23:45:15,9927.24,9927.24,3
2025-11-05T23:45:29.221983,23:45:29,10026.39,10026.39,3
2025-11-05T23:45:42.313533,23:45:42,10040.65,10040.65,3
2025-11-05T23:45:55.888146,23:45:55,10017.88,10017.88,3
2025-11-05T23:46:09.204179,23:46:09,10087.05,10087.05,3
2025-11-05T23:46:22.352310,23:46:22,10065.55,10065.55,3
2025-11-05T23:46:35.743559,23:46:35,10063.36,10063.36,3
2025-11-05T23:46:48.770619,23:46:48,10050.71,10050.71,3
2025-11-05T23:47:01.473384,23:47:01,10053.18,10053.18,3
2025-11-05T23:47:14.634158,23:47:14,10093.04,10093.04,3
2025-11-05T23:47:27.638879,23:47:27,10191.09,10191.09,3
2025-11-05T23:47:40.759292,23:47:40,10227.77,10227.77,3
2025-11-05T23:47:53.672396,23:47:53,10190.67,10190.67,3
2025-11-05T23:48:06.856591,23:48:06,10049.56,10049.56,3
2025-11-05T23:48:20.433829,23:48:20,10061.81,10061.81,3
2025-11-05T23:48:33.898105,23:48:33,10118.87,10118.87,3
2025-11-05T23:48:46.778019,23:48:46,10138.65,10138.65,3
2025-11-05T23:48:59.493326,23:48:59,10122.56,10122.56,3
2025-11-05T23:49:11.787342,23:49:11,10107.71,10107.71,3
2025-11-05T23:49:24.283855,23:49:24,10112.86,10112.86,3
2025-11-05T23:49:36.503257,23:49:36,10125.92,10125.92,3
2025-11-05T23:49:49.057511,23:49:49,10116.23,10116.23,3
2025-11-05T23:50:01.497462,23:50:01,10134.59,10134.59,3
2025-11-05T23:50:13.848046,23:50:13,9991.41,9991.41,3
2025-11-05T23:50:26.398921,23:50:26,10053.08,10053.08,3
2025-11-05T23:50:38.563632,23:50:38,9984.66,9984.66,3
2025-11-05T23:50:51.225232,23:50:51,9986.48,9986.48,3
2025-11-05T23:51:03.540257,23:51:03,9947.21,9947.21,3
2025-11-05T23:51:15.864678,23:51:15,9947.47,9947.47,3
2025-11-05T23:51:28.421764,23:51:28,9941.76,9941.76,3
2025-11-05T23:51:40.832672,23:51:40,9951.55,9951.55,3
2025-11-05T23:51:53.546410,23:51:53,9911.77,9911.77,3
2025-11-05T23:52:05.911538,23:52:05,9916.07,9916.07,3
2025-11-05T23:52:18.187349,23:52:18,9933.74,9933.74,3
2025-11-05T23:52:30.728002,23:52:30,9918.84,9918.84,3
2025-11-05T23:52:43.139962,23:52:43,9981.48,9981.48,3
2025-11-05T23:52:55.688502,23:52:55,9993.06,9993.06,3
2025-11-05T23:53:08.438996,23:53:08,10071.94,10071.94,3
2025-11-05T23:53:20.939265,23:53:20,10100.13,10100.13,3
2025-11-05T23:53:33.381268,23:53:33,10120.86,10120.86,3
2025-11-05T23:53:45.869718,23:53:45,10095.03,10095.03,3
2025-11-05T23:53:59.079322,23:53:59,10003.84,10003.84,3
2025-11-05T23:54:11.627974,23:54:11,10043.38,10043.38,3
2025-11-05T23:54:24.254747,23:54:24,9977.59,9977.59,3
2025-11-05T23:54:37.303999,23:54:37,9929.82,9929.82,3
2025-11-05T23:54:50.442602,23:54:50,10147.25,10147.25,3
2025-11-05T23:55:04.323923,23:55:04,10140.4,10140.4,3
2025-11-05T23:55:17.475084,23:55:17,10130.66,10130.66,3
2025-11-05T23:55:30.328127,23:55:30,10107.69,10107.69,3
2025-11-05T23:55:43.520638,23:55:43,10142.02,10142.02,3
2025-11-05T23:55:56.794119,23:55:56,10126.65,10126.65,3
2025-11-05T23:56:09.778887,23:56:09,10172.09,10172.09,3
2025-11-05T23:56:23.087930,23:56:23,10209.59,10209.59,3
2025-11-05T23:56:36.381325,23:56:36,10292.03,10292.03,3
2025-11-05T23:56:49.653905,23:56:49,10324.53,10324.53,3
2025-11-05T23:57:02.601597,23:57:02,10333.56,10333.56,3
2025-11-05T23:57:15.349842,23:57:15,10296.96,10296.96,3
2025-11-05T23:57:28.628245,23:57:28,10271.4,10271.4,3
2025-11-05T23:57:41.674797,23:57:41,10268.33,10268.33,3
2025-11-05T23:57:55.544820,23:57:55,10114.43,10114.43,3
2025-11-05T23:58:08.502691,23:58:08,10213.11,10213.11,3
2025-11-05T23:58:21.866106,23:58:21,10245.22,10245.22,3
2025-11-05T23:58:35.128695,23:58:35,10326.51,10326.51,3
2025-11-05T23:58:48.143754,23:58:48,10301.78,10301.78,3
2025-11-05T23:59:01.643946,23:59:01,10343.48,10343.48,3
2025-11-05T23:59:15.040666,23:59:15,10321.21,10321.21,3
2025-11-05T23:59:28.464081,23:59:28,10300.05,10300.05,3
2025-11-05T23:59:41.052185,23:59:41,10303.55,10303.55,3
2025-11-05T23:59:53.115742,23:59:53,10307.26,10307.26,3
