timestamp,time,total_pnl,unrealized_pnl,position_count
2025-11-07T00:00:04.038684,00:00:04,5206.05,5206.05,3
2025-11-07T00:00:05.101877,00:00:05,5213.09,5213.09,3
2025-11-07T00:00:17.195297,00:00:17,5304.88,5304.88,3
2025-11-07T00:00:18.818996,00:00:18,5318.58,5318.58,3
2025-11-07T00:00:29.669711,00:00:29,5581.25,5581.25,3
2025-11-07T00:00:31.397480,00:00:31,5601.97,5601.97,3
2025-11-07T00:00:42.459274,00:00:42,5549.76,5549.76,3
2025-11-07T00:00:43.888056,00:00:43,5588.24,5588.24,3
2025-11-07T00:00:55.106268,00:00:55,5551.34,5551.34,3
2025-11-07T00:00:56.350184,00:00:56,5566.18,5566.18,3
2025-11-07T00:01:07.754504,00:01:07,5639.64,5639.64,3
2025-11-07T00:01:08.625524,00:01:08,5675.8,5675.8,3
2025-11-07T00:01:20.178933,00:01:20,5757.99,5757.99,3
2025-11-07T00:01:21.200425,00:01:21,5757.99,5757.99,3
2025-11-07T00:01:32.503188,00:01:32,5729.54,5729.54,3
2025-11-07T00:01:33.731302,00:01:33,5741.68,5741.68,3
2025-11-07T00:01:44.786538,00:01:44,5718.07,5718.07,3
2025-11-07T00:01:46.625373,00:01:46,5701.91,5701.91,3
2025-11-07T00:01:57.184104,00:01:57,5710.33,5710.33,3
2025-11-07T00:01:58.902378,00:01:58,5712.47,5712.47,3
2025-11-07T00:02:09.128200,00:02:09,5759.56,5759.56,3
2025-11-07T00:02:10.881504,00:02:10,5759.68,5759.68,3
2025-11-07T00:02:21.467299,00:02:21,5797.13,5797.13,3
2025-11-07T00:02:23.083329,00:02:23,5783.13,5783.13,3
2025-11-07T00:02:34.132960,00:02:34,5846.23,5846.23,3
2025-11-07T00:02:35.348611,00:02:35,5900.8,5900.8,3
2025-11-07T00:02:46.182759,00:02:46,5964.52,5964.52,3
2025-11-07T00:02:47.525972,00:02:47,5969.23,5969.23,3
2025-11-07T00:02:58.343823,00:02:58,5890.2,5890.2,3
2025-11-07T00:02:59.807588,00:02:59,5859.98,5859.98,3
2025-11-07T00:03:10.585684,00:03:10,5977.96,5977.96,3
2025-11-07T00:03:12.304716,00:03:12,5954.31,5954.31,3
2025-11-07T00:03:22.890405,00:03:22,6033.86,6033.86,3
2025-11-07T00:03:24.811206,00:03:24,6034.52,6034.52,3
2025-11-07T00:03:34.964199,00:03:34,6035.86,6035.86,3
2025-11-07T00:03:36.958571,00:03:36,6006.95,6006.95,3
2025-11-07T00:03:47.205067,00:03:47,5991.43,5991.43,3
2025-11-07T00:03:49.116682,00:03:49,5992.76,5992.76,3
2025-11-07T00:03:59.327517,00:03:59,5817.72,5817.72,3
2025-11-07T00:04:01.040779,00:04:01,5800.03,5800.03,3
2025-11-07T00:04:11.607231,00:04:11,5851.46,5851.46,3
2025-11-07T00:04:13.105485,00:04:13,5818.67,5818.67,3
2025-11-07T00:04:24.209968,00:04:24,5914.8,5914.8,3
2025-11-07T00:04:26.237076,00:04:26,5942.6,5942.6,3
2025-11-07T00:04:36.473551,00:04:36,5727.02,5727.02,3
2025-11-07T00:04:38.463966,00:04:38,5713.74,5713.74,3
2025-11-07T00:04:49.047857,00:04:49,5742.76,5742.76,3
2025-11-07T00:04:50.969190,00:04:50,5742.56,5742.56,3
2025-11-07T00:05:01.392350,00:05:01,5835.89,5835.89,3
2025-11-07T00:05:03.339761,00:05:03,5836.65,5836.65,3
2025-11-07T00:05:13.613760,00:05:13,5862.79,5862.79,3
2025-11-07T00:05:16.350704,00:05:16,5871.56,5871.56,3
2025-11-07T00:05:26.342069,00:05:26,5941.59,5941.59,3
2025-11-07T00:05:28.516966,00:05:28,5976.34,5976.34,3
2025-11-07T00:05:38.820975,00:05:38,6063.58,6063.58,3
2025-11-07T00:05:41.033844,00:05:41,6043.07,6043.07,3
2025-11-07T00:05:51.023002,00:05:51,6112.24,6112.24,3
2025-11-07T00:05:53.477818,00:05:53,6152.84,6152.84,3
2025-11-07T00:06:03.286356,00:06:03,6265.55,6265.55,3
2025-11-07T00:06:05.574763,00:06:05,6277.18,6277.18,3
2025-11-07T00:06:15.418658,00:06:15,6270.52,6270.52,3
2025-11-07T00:06:17.798290,00:06:17,6270.49,6270.49,3
2025-11-07T00:06:28.030686,00:06:28,6286.37,6286.37,3
2025-11-07T00:06:30.060087,00:06:30,6256.28,6256.28,3
2025-11-07T00:06:40.414670,00:06:40,6263.39,6263.39,3
2025-11-07T00:06:42.557188,00:06:42,6264.62,6264.62,3
2025-11-07T00:06:52.260173,00:06:52,6206.09,6206.09,3
2025-11-07T00:06:54.780178,00:06:54,6213.38,6213.38,3
2025-11-07T00:07:04.486466,00:07:04,6271.37,6271.37,3
2025-11-07T00:07:07.077342,00:07:07,6265.46,6265.46,3
2025-11-07T00:07:16.616668,00:07:16,6221.38,6221.38,3
2025-11-07T00:07:19.422332,00:07:19,6217.67,6217.67,3
2025-11-07T00:07:29.122988,00:07:29,6202.29,6202.29,3
2025-11-07T00:07:31.704832,00:07:31,6170.76,6170.76,3
2025-11-07T00:07:41.153028,00:07:41,6107.13,6107.13,3
2025-11-07T00:07:43.967799,00:07:43,6131.84,6131.84,3
2025-11-07T00:07:53.193212,00:07:53,6073.94,6073.94,3
2025-11-07T00:07:56.091130,00:07:56,6068.37,6068.37,3
2025-11-07T00:08:05.066249,00:08:05,6130.04,6130.04,3
2025-11-07T00:08:08.894841,00:08:08,6129.04,6129.04,3
2025-11-07T00:08:17.681041,00:08:17,6152.61,6152.61,3
2025-11-07T00:08:21.346460,00:08:21,6158.65,6158.65,3
2025-11-07T00:08:30.318558,00:08:30,6063.73,6063.73,3
2025-11-07T00:08:33.790020,00:08:33,6047.18,6047.18,3
2025-11-07T00:08:42.746140,00:08:42,6002.27,6002.27,3
2025-11-07T00:08:45.827109,00:08:45,6024.22,6024.22,3
2025-11-07T00:08:55.008951,00:08:55,6031.51,6031.51,3
2025-11-07T00:08:58.054204,00:08:58,6057.59,6057.59,3
2025-11-07T00:09:07.245182,00:09:07,6122.71,6122.71,3
2025-11-07T00:09:10.603741,00:09:10,6131.55,6131.55,3
2025-11-07T00:09:19.394161,00:09:19,6240.59,6240.59,3
2025-11-07T00:09:22.825507,00:09:22,6265.12,6265.12,3
2025-11-07T00:09:31.922048,00:09:31,6191.52,6191.52,3
2025-11-07T00:09:35.354456,00:09:35,6221.7,6221.7,3
2025-11-07T00:09:44.056056,00:09:44,6238.36,6238.36,3
2025-11-07T00:09:47.617138,00:09:47,6239.55,6239.55,3
2025-11-07T00:09:56.482314,00:09:56,6261.76,6261.76,3
2025-11-07T00:09:59.764171,00:09:59,6293.59,6293.59,3
2025-11-07T00:10:08.716506,00:10:08,6417.09,6417.09,3
2025-11-07T00:10:12.369385,00:10:12,6365.29,6365.29,3
2025-11-07T00:10:21.565024,00:10:21,6300.38,6300.38,3
2025-11-07T00:10:24.531300,00:10:24,6368.28,6368.28,3
2025-11-07T00:10:33.625332,00:10:33,6329.05,6329.05,3
2025-11-07T00:10:37.025912,00:10:37,6343.17,6343.17,3
2025-11-07T00:10:45.798776,00:10:45,6278.67,6278.67,3
2025-11-07T00:10:49.577320,00:10:49,6279.76,6279.76,3
2025-11-07T00:10:58.077786,00:10:58,6250.72,6250.72,3
2025-11-07T00:11:02.292274,00:11:02,6250.84,6250.84,3
2025-11-07T00:11:10.612946,00:11:10,6051.97,6051.97,3
2025-11-07T00:11:14.390420,00:11:14,6074.43,6074.43,3
2025-11-07T00:11:22.890517,00:11:22,6055.21,6055.21,3
2025-11-07T00:11:26.880906,00:11:26,6049.93,6049.93,3
2025-11-07T00:11:35.343993,00:11:35,6047.78,6047.78,3
2025-11-07T00:11:39.139901,00:11:39,6031.25,6031.25,3
2025-11-07T00:11:47.583009,00:11:47,6017.47,6017.47,3
2025-11-07T00:11:51.637831,00:11:51,6021.74,6021.74,3
2025-11-07T00:12:00.462161,00:12:00,6055.89,6055.89,3
2025-11-07T00:12:04.199255,00:12:04,6040.91,6040.91,3
2025-11-07T00:12:13.320552,00:12:13,6001.75,6001.75,3
2025-11-07T00:12:16.346972,00:12:16,6086.6,6086.6,3
2025-11-07T00:12:25.405970,00:12:25,6109.65,6109.65,3
2025-11-07T00:12:28.747289,00:12:28,6048.97,6048.97,3
2025-11-07T00:12:37.679113,00:12:37,6078.09,6078.09,3
2025-11-07T00:12:41.492635,00:12:41,6112.54,6112.54,3
2025-11-07T00:12:50.021415,00:12:50,6173.14,6173.14,3
2025-11-07T00:12:53.630285,00:12:53,6249.13,6249.13,3
2025-11-07T00:13:02.204901,00:13:02,6334.83,6334.83,3
2025-11-07T00:13:05.913998,00:13:05,6325.57,6325.57,3
2025-11-07T00:13:14.632933,00:13:14,6144.63,6144.63,3
2025-11-07T00:13:18.222321,00:13:18,6150.74,6150.74,3
2025-11-07T00:13:26.687393,00:13:26,6194.99,6194.99,3
2025-11-07T00:13:30.599470,00:13:30,6183.2,6183.2,3
2025-11-07T00:13:39.243065,00:13:39,6109.52,6109.52,3
2025-11-07T00:13:42.973591,00:13:42,6123.21,6123.21,3
2025-11-07T00:13:51.416639,00:13:51,6048.4,6048.4,3
2025-11-07T00:13:55.454622,00:13:55,6030.19,6030.19,3
2025-11-07T00:14:03.482914,00:14:03,6031.36,6031.36,3
2025-11-07T00:14:07.662446,00:14:07,6178.05,6178.05,3
2025-11-07T00:14:16.271201,00:14:16,6203.73,6203.73,3
2025-11-07T00:14:19.892910,00:14:19,6230.03,6230.03,3
2025-11-07T00:14:28.948938,00:14:28,6201.85,6201.85,3
2025-11-07T00:14:32.318598,00:14:32,6122.45,6122.45,3
2025-11-07T00:14:41.240309,00:14:41,6134.4,6134.4,3
2025-11-07T00:14:45.133737,00:14:45,6105.82,6105.82,3
2025-11-07T00:14:53.557230,00:14:53,6115.45,6115.45,3
2025-11-07T00:14:58.171810,00:14:58,6065.95,6065.95,3
2025-11-07T00:15:06.425273,00:15:06,6041.29,6041.29,3
2025-11-07T00:15:10.742637,00:15:10,6107.95,6107.95,3
2025-11-07T00:15:19.621012,00:15:19,6122.69,6122.69,3
2025-11-07T00:15:22.746973,00:15:22,6131.36,6131.36,3
2025-11-07T00:15:32.417990,00:15:32,6232.28,6232.28,3
2025-11-07T00:15:35.056613,00:15:35,6220.26,6220.26,3
2025-11-07T00:15:44.935795,00:15:44,6254.23,6254.23,3
2025-11-07T00:15:47.382540,00:15:47,6272.6,6272.6,3
2025-11-07T00:15:57.074194,00:15:57,6259.44,6259.44,3
2025-11-07T00:15:59.589230,00:15:59,6252.11,6252.11,3
2025-11-07T00:16:09.673046,00:16:09,6271.03,6271.03,3
2025-11-07T00:16:12.076952,00:16:12,6267.57,6267.57,3
2025-11-07T00:16:21.773963,00:16:21,6193.02,6193.02,3
2025-11-07T00:16:24.417691,00:16:24,6185.48,6185.48,3
2025-11-07T00:16:33.947327,00:16:33,6194.66,6194.66,3
2025-11-07T00:16:36.811660,00:16:36,6227.13,6227.13,3
2025-11-07T00:16:46.718319,00:16:46,6166.93,6166.93,3
2025-11-07T00:16:49.033394,00:16:49,6099.49,6099.49,3
2025-11-07T00:16:59.235130,00:16:59,6067.68,6067.68,3
2025-11-07T00:17:01.604823,00:17:01,6062.2,6062.2,3
2025-11-07T00:17:11.932249,00:17:11,6069.81,6069.81,3
2025-11-07T00:17:13.717269,00:17:13,6122.9,6122.9,3
2025-11-07T00:17:24.710128,00:17:24,6130.05,6130.05,3
2025-11-07T00:17:26.371353,00:17:26,6144.63,6144.63,3
2025-11-07T00:17:37.341036,00:17:37,6205.42,6205.42,3
2025-11-07T00:17:38.510372,00:17:38,6244.64,6244.64,3
2025-11-07T00:17:49.475374,00:17:49,6233.58,6233.58,3
2025-11-07T00:17:51.208638,00:17:51,6227.21,6227.21,3
2025-11-07T00:18:02.224441,00:18:02,6300.34,6300.34,3
2025-11-07T00:18:03.634923,00:18:03,6383.13,6383.13,3
2025-11-07T00:18:14.427859,00:18:14,6567.04,6567.04,3
2025-11-07T00:18:16.315548,00:18:16,6592.46,6592.46,3
2025-11-07T00:18:27.241179,00:18:27,6770.63,6770.63,3
2025-11-07T00:18:28.461439,00:18:28,6780.47,6780.47,3
2025-11-07T00:18:40.302491,00:18:40,6886.21,6886.21,3
2025-11-07T00:18:40.671669,00:18:40,6896.83,6896.83,3
2025-11-07T00:18:53.210798,00:18:53,7009.29,7009.29,3
2025-11-07T00:18:53.448196,00:18:53,7009.6,7009.6,3
2025-11-07T00:19:05.626280,00:19:05,7184.27,7184.27,3
2025-11-07T00:19:06.054674,00:19:06,7185.33,7185.33,3
2025-11-07T00:19:18.429649,00:19:18,7275.81,7275.81,3
2025-11-07T00:19:18.804086,00:19:18,7277.45,7277.45,3
2025-11-07T00:19:30.860638,00:19:30,7330.19,7330.19,3
2025-11-07T00:19:31.215950,00:19:31,7322.28,7322.28,3
2025-11-07T00:19:43.271590,00:19:43,7488.07,7488.07,3
2025-11-07T00:19:43.920648,00:19:43,7448.12,7448.12,3
2025-11-07T00:19:56.157200,00:19:56,7475.32,7475.32,3
2025-11-07T00:19:56.471251,00:19:56,7476.51,7476.51,3
2025-11-07T00:20:08.708655,00:20:08,7557.29,7557.29,3
2025-11-07T00:20:09.094849,00:20:09,7497.41,7497.41,3
2025-11-07T00:20:21.336964,00:20:21,7396.11,7396.11,3
2025-11-07T00:20:21.792344,00:20:21,7404.52,7404.52,3
2025-11-07T00:20:33.682740,00:20:33,7372.82,7372.82,3
2025-11-07T00:20:34.590724,00:20:34,7373.82,7373.82,3
2025-11-07T00:20:46.180892,00:20:46,7318.48,7318.48,3
2025-11-07T00:20:47.590892,00:20:47,7306.05,7306.05,3
2025-11-07T00:20:58.737892,00:20:58,7284.43,7284.43,3
2025-11-07T00:20:59.775304,00:20:59,7284.44,7284.44,3
2025-11-07T00:21:11.540868,00:21:11,7202.5,7202.5,3
2025-11-07T00:21:12.229761,00:21:12,7161.8,7161.8,3
2025-11-07T00:21:23.962664,00:21:23,7057.16,7057.16,3
2025-11-07T00:21:24.631716,00:21:24,7059.5,7059.5,3
2025-11-07T00:21:36.107962,00:21:36,7096.12,7096.12,3
2025-11-07T00:21:37.204359,00:21:37,7128.79,7128.79,3
2025-11-07T00:21:48.555544,00:21:48,7136.83,7136.83,3
2025-11-07T00:21:50.057162,00:21:50,7123.98,7123.98,3
2025-11-07T00:22:01.593027,00:22:01,7105.71,7105.71,3
2025-11-07T00:22:02.869355,00:22:02,7122.33,7122.33,3
2025-11-07T00:22:14.237350,00:22:14,7229.71,7229.71,3
2025-11-07T00:22:15.327274,00:22:15,7229.72,7229.72,3
2025-11-07T00:22:26.612758,00:22:26,7106.97,7106.97,3
2025-11-07T00:22:27.912610,00:22:27,7096.44,7096.44,3
2025-11-07T00:22:39.479004,00:22:39,7154.97,7154.97,3
2025-11-07T00:22:40.841200,00:22:40,7140.68,7140.68,3
2025-11-07T00:22:52.102325,00:22:52,7110.59,7110.59,3
2025-11-07T00:22:53.276541,00:22:53,7117.67,7117.67,3
2025-11-07T00:23:04.877658,00:23:04,7160.18,7160.18,3
2025-11-07T00:23:05.760230,00:23:05,7140.93,7140.93,3
2025-11-07T00:23:17.063797,00:23:17,7118.6,7118.6,3
2025-11-07T00:23:18.197708,00:23:18,7109.27,7109.27,3
2025-11-07T00:23:29.629389,00:23:29,7122.97,7122.97,3
2025-11-07T00:23:30.411200,00:23:30,7122.39,7122.39,3
2025-11-07T00:23:42.535281,00:23:42,6936.46,6936.46,3
2025-11-07T00:23:43.004222,00:23:43,6943.77,6943.77,3
2025-11-07T00:23:55.508087,00:23:55,7002.55,7002.55,3
2025-11-07T00:23:55.674110,00:23:55,7006.89,7006.89,3
2025-11-07T00:24:08.062852,00:24:08,6824.95,6824.95,3
2025-11-07T00:24:08.426943,00:24:08,6825.38,6825.38,3
2025-11-07T00:24:20.580579,00:24:20,6743.13,6743.13,3
2025-11-07T00:24:21.167544,00:24:21,6737.24,6737.24,3
2025-11-07T00:24:32.878805,00:24:32,6925.66,6925.66,3
2025-11-07T00:24:33.809957,00:24:33,6940.01,6940.01,3
2025-11-07T00:24:45.048971,00:24:45,6936.3,6936.3,3
2025-11-07T00:24:46.487535,00:24:46,6938.88,6938.88,3
2025-11-07T00:24:57.260203,00:24:57,6901.97,6901.97,3
2025-11-07T00:24:58.954134,00:24:58,6890.05,6890.05,3
2025-11-07T00:25:09.757890,00:25:09,6920.34,6920.34,3
2025-11-07T00:25:11.424730,00:25:11,6916.95,6916.95,3
2025-11-07T00:25:22.444310,00:25:22,6896.14,6896.14,3
2025-11-07T00:25:24.320996,00:25:24,6867.39,6867.39,3
2025-11-07T00:25:34.977536,00:25:34,6874.81,6874.81,3
2025-11-07T00:25:36.315600,00:25:36,6875.87,6875.87,3
2025-11-07T00:25:47.396183,00:25:47,6782.57,6782.57,3
2025-11-07T00:25:48.491397,00:25:48,6777.31,6777.31,3
2025-11-07T00:25:59.695156,00:25:59,6533.5,6533.5,3
2025-11-07T00:26:00.630340,00:26:00,6518.19,6518.19,3
2025-11-07T00:26:12.638064,00:26:12,6461.6,6461.6,3
2025-11-07T00:26:13.198192,00:26:13,6467.54,6467.54,3
2025-11-07T00:26:25.207606,00:26:25,6409.35,6409.35,3
2025-11-07T00:26:25.837936,00:26:25,6399.66,6399.66,3
2025-11-07T00:26:38.142491,00:26:38,6310.42,6310.42,3
2025-11-07T00:26:38.500374,00:26:38,6302.08,6302.08,3
2025-11-07T00:26:50.627511,00:26:50,6345.79,6345.79,3
2025-11-07T00:26:51.094149,00:26:51,6335.73,6335.73,3
2025-11-07T00:27:03.541161,00:27:03,6350.54,6350.54,3
2025-11-07T00:27:04.010542,00:27:04,6350.75,6350.75,3
2025-11-07T00:27:16.304503,00:27:16,6389.89,6389.89,3
2025-11-07T00:27:16.534311,00:27:16,6386.47,6386.47,3
2025-11-07T00:27:29.093320,00:27:29,6329.16,6329.16,3
2025-11-07T00:27:29.464577,00:27:29,6345.98,6345.98,3
2025-11-07T00:27:41.565592,00:27:41,6387.8,6387.8,3
2025-11-07T00:27:42.552032,00:27:42,6385.16,6385.16,3
2025-11-07T00:27:54.631380,00:27:54,6405.43,6405.43,3
2025-11-07T00:27:55.173776,00:27:55,6405.11,6405.11,3
2025-11-07T00:28:07.204484,00:28:07,6474.33,6474.33,3
2025-11-07T00:28:07.960143,00:28:07,6470.51,6470.51,3
2025-11-07T00:28:19.314610,00:28:19,6326.06,6326.06,3
2025-11-07T00:28:20.751920,00:28:20,6322.73,6322.73,3
2025-11-07T00:28:32.283450,00:28:32,6347.27,6347.27,3
2025-11-07T00:28:32.952233,00:28:32,6362.15,6362.15,3
2025-11-07T00:28:45.304521,00:28:45,6373.8,6373.8,3
2025-11-07T00:28:45.759915,00:28:45,6377.12,6377.12,3
2025-11-07T00:28:57.854623,00:28:57,6364.87,6364.87,3
2025-11-07T00:28:58.595169,00:28:58,6373.55,6373.55,3
2025-11-07T00:29:10.607188,00:29:10,6360.9,6360.9,3
2025-11-07T00:29:11.810989,00:29:11,6351.53,6351.53,3
2025-11-07T00:29:23.263024,00:29:23,6366.69,6366.69,3
2025-11-07T00:29:24.327120,00:29:24,6385.06,6385.06,3
2025-11-07T00:29:35.739984,00:29:35,6375.3,6375.3,3
2025-11-07T00:29:36.480439,00:29:36,6367.07,6367.07,3
2025-11-07T00:29:48.615490,00:29:48,6330.05,6330.05,3
2025-11-07T00:29:48.908737,00:29:48,6336.69,6336.69,3
2025-11-07T00:30:01.726287,00:30:01,6304.07,6304.07,3
2025-11-07T00:30:01.761194,00:30:01,6304.07,6304.07,3
2025-11-07T00:30:14.252699,00:30:14,6195.24,6195.24,3
2025-11-07T00:30:14.669776,00:30:14,6191.98,6191.98,3
2025-11-07T00:30:26.972388,00:30:26,6142.91,6142.91,3
2025-11-07T00:30:27.450811,00:30:27,6172.32,6172.32,3
2025-11-07T00:30:39.728209,00:30:39,6223.06,6223.06,3
2025-11-07T00:30:39.772167,00:30:39,6219.98,6219.98,3
2025-11-07T00:30:52.618252,00:30:52,6228.83,6228.83,3
2025-11-07T00:30:53.147834,00:30:53,6229.04,6229.04,3
2025-11-07T00:31:05.275714,00:31:05,6122.91,6122.91,3
2025-11-07T00:31:06.129330,00:31:06,6130.68,6130.68,3
2025-11-07T00:31:18.030348,00:31:18,6286.59,6286.59,3
2025-11-07T00:31:18.427345,00:31:18,6288.24,6288.24,3
2025-11-07T00:31:30.675061,00:31:30,6321.93,6321.93,3
2025-11-07T00:31:31.297487,00:31:31,6328.94,6328.94,3
2025-11-07T00:31:43.069409,00:31:43,6361.22,6361.22,3
2025-11-07T00:31:44.143224,00:31:44,6370.92,6370.92,3
2025-11-07T00:31:55.278643,00:31:55,6365.07,6365.07,3
2025-11-07T00:31:56.666624,00:31:56,6369.38,6369.38,3
2025-11-07T00:32:07.740725,00:32:07,6428.51,6428.51,3
2025-11-07T00:32:08.974518,00:32:08,6374.71,6374.71,3
2025-11-07T00:32:19.910062,00:32:19,6436.33,6436.33,3
2025-11-07T00:32:21.262400,00:32:21,6445.23,6445.23,3
2025-11-07T00:32:32.753290,00:32:32,6392.38,6392.38,3
2025-11-07T00:32:33.796814,00:32:33,6369.22,6369.22,3
2025-11-07T00:32:45.949318,00:32:45,6356.33,6356.33,3
2025-11-07T00:32:46.251696,00:32:46,6361.27,6361.27,3
2025-11-07T00:32:58.572742,00:32:58,6253.51,6253.51,3
2025-11-07T00:32:58.764851,00:32:58,6254.33,6254.33,3
2025-11-07T00:33:11.010986,00:33:11,6246.43,6246.43,3
2025-11-07T00:33:11.470470,00:33:11,6270.51,6270.51,3
2025-11-07T00:33:23.527855,00:33:23,6301.82,6301.82,3
2025-11-07T00:33:24.088916,00:33:24,6299.36,6299.36,3
2025-11-07T00:33:36.181865,00:33:36,6181.5,6181.5,3
2025-11-07T00:33:36.553509,00:33:36,6166.56,6166.56,3
2025-11-07T00:33:48.759944,00:33:48,6249.44,6249.44,3
2025-11-07T00:33:49.095490,00:33:49,6234.24,6234.24,3
2025-11-07T00:34:01.461263,00:34:01,6179.74,6179.74,3
2025-11-07T00:34:01.833382,00:34:01,6178.67,6178.67,3
2025-11-07T00:34:14.172121,00:34:14,6079.47,6079.47,3
2025-11-07T00:34:14.441689,00:34:14,6076.04,6076.04,3
2025-11-07T00:34:26.813142,00:34:26,6096.57,6096.57,3
2025-11-07T00:34:27.376792,00:34:27,6100.85,6100.85,3
2025-11-07T00:34:39.490901,00:34:39,6161.51,6161.51,3
2025-11-07T00:34:40.008832,00:34:40,6162.26,6162.26,3
2025-11-07T00:34:52.154094,00:34:52,6283.55,6283.55,3
2025-11-07T00:34:52.987039,00:34:52,6281.11,6281.11,3
2025-11-07T00:35:04.356755,00:35:04,6288.62,6288.62,3
2025-11-07T00:35:05.419042,00:35:05,6275.17,6275.17,3
2025-11-07T00:35:16.818575,00:35:16,6332.43,6332.43,3
2025-11-07T00:35:18.210728,00:35:18,6314.98,6314.98,3
2025-11-07T00:35:29.253586,00:35:29,6472.08,6472.08,3
2025-11-07T00:35:30.528780,00:35:30,6484.08,6484.08,3
2025-11-07T00:35:41.430760,00:35:41,6716.76,6716.76,3
2025-11-07T00:35:42.909224,00:35:42,6696.56,6696.56,3
2025-11-07T00:35:53.871334,00:35:53,6709.41,6709.41,3
2025-11-07T00:35:55.441583,00:35:55,6716.43,6716.43,3
2025-11-07T00:36:06.626854,00:36:06,6626.43,6626.43,3
2025-11-07T00:36:08.313687,00:36:08,6590.59,6590.59,3
2025-11-07T00:36:19.285012,00:36:19,6554.06,6554.06,3
2025-11-07T00:36:20.811996,00:36:20,6548.4,6548.4,3
2025-11-07T00:36:31.590283,00:36:31,6549.3,6549.3,3
2025-11-07T00:36:33.367837,00:36:33,6558.82,6558.82,3
2025-11-07T00:36:43.921916,00:36:43,6714.81,6714.81,3
2025-11-07T00:36:45.509243,00:36:45,6705.44,6705.44,3
2025-11-07T00:36:56.458459,00:36:56,6536.0,6536.0,3
2025-11-07T00:36:58.042673,00:36:58,6533.18,6533.18,3
2025-11-07T00:37:08.571819,00:37:08,6486.53,6486.53,3
2025-11-07T00:37:10.267405,00:37:10,6575.31,6575.31,3
2025-11-07T00:37:21.009937,00:37:21,6511.79,6511.79,3
2025-11-07T00:37:22.426137,00:37:22,6513.28,6513.28,3
2025-11-07T00:37:33.570675,00:37:33,6530.95,6530.95,3
2025-11-07T00:37:34.622820,00:37:34,6506.79,6506.79,3
2025-11-07T00:37:46.079116,00:37:46,6489.84,6489.84,3
2025-11-07T00:37:47.370534,00:37:47,6529.33,6529.33,3
2025-11-07T00:37:58.448699,00:37:58,6489.8,6489.8,3
2025-11-07T00:37:59.870309,00:37:59,6484.7,6484.7,3
2025-11-07T00:38:10.745582,00:38:10,6393.72,6393.72,3
2025-11-07T00:38:12.540344,00:38:12,6278.67,6278.67,3
2025-11-07T00:38:23.340612,00:38:23,6301.97,6301.97,3
2025-11-07T00:38:25.198943,00:38:25,6343.25,6343.25,3
2025-11-07T00:38:36.188664,00:38:36,6417.54,6417.54,3
2025-11-07T00:38:37.922094,00:38:37,6414.55,6414.55,3
2025-11-07T00:38:48.193912,00:38:48,6430.07,6430.07,3
2025-11-07T00:38:50.476750,00:38:50,6402.57,6402.57,3
2025-11-07T00:39:00.556203,00:39:00,6432.48,6432.48,3
2025-11-07T00:39:02.892230,00:39:02,6359.51,6359.51,3
2025-11-07T00:39:12.930399,00:39:12,6460.13,6460.13,3
2025-11-07T00:39:15.327780,00:39:15,6502.16,6502.16,3
2025-11-07T00:39:25.570866,00:39:25,6503.45,6503.45,3
2025-11-07T00:39:27.727267,00:39:27,6508.47,6508.47,3
2025-11-07T00:39:38.323969,00:39:38,6521.39,6521.39,3
2025-11-07T00:39:40.328863,00:39:40,6496.56,6496.56,3
2025-11-07T00:39:50.869681,00:39:50,6410.69,6410.69,3
2025-11-07T00:39:52.794187,00:39:52,6519.37,6519.37,3
2025-11-07T00:40:03.425788,00:40:03,6591.86,6591.86,3
2025-11-07T00:40:05.000510,00:40:05,6567.62,6567.62,3
2025-11-07T00:40:16.122225,00:40:16,6548.55,6548.55,3
2025-11-07T00:40:17.722074,00:40:17,6530.84,6530.84,3
2025-11-07T00:40:28.593820,00:40:28,6356.42,6356.42,3
2025-11-07T00:40:30.380043,00:40:30,6340.43,6340.43,3
2025-11-07T00:40:40.869929,00:40:40,6410.38,6410.38,3
2025-11-07T00:40:42.618175,00:40:42,6420.25,6420.25,3
2025-11-07T00:40:53.435369,00:40:53,6376.31,6376.31,3
2025-11-07T00:40:55.043653,00:40:55,6364.61,6364.61,3
2025-11-07T00:41:05.864403,00:41:05,6354.23,6354.23,3
2025-11-07T00:41:07.679039,00:41:07,6354.49,6354.49,3
2025-11-07T00:41:18.187935,00:41:18,6371.45,6371.45,3
2025-11-07T00:41:20.192695,00:41:20,6389.05,6389.05,3
2025-11-07T00:41:31.186811,00:41:31,6495.82,6495.82,3
2025-11-07T00:41:32.605741,00:41:32,6563.73,6563.73,3
2025-11-07T00:41:43.664764,00:41:43,6577.09,6577.09,3
2025-11-07T00:41:45.186534,00:41:45,6531.8,6531.8,3
2025-11-07T00:41:56.116213,00:41:56,6572.99,6572.99,3
2025-11-07T00:41:57.923553,00:41:57,6565.51,6565.51,3
2025-11-07T00:42:08.626219,00:42:08,6549.63,6549.63,3
2025-11-07T00:42:10.366419,00:42:10,6560.33,6560.33,3
2025-11-07T00:42:21.427706,00:42:21,6516.63,6516.63,3
2025-11-07T00:42:23.043642,00:42:23,6516.84,6516.84,3
2025-11-07T00:42:33.657701,00:42:33,6527.2,6527.2,3
2025-11-07T00:42:35.567489,00:42:35,6524.9,6524.9,3
2025-11-07T00:42:45.745179,00:42:45,6532.14,6532.14,3
2025-11-07T00:42:47.628754,00:42:47,6565.35,6565.35,3
2025-11-07T00:42:57.925026,00:42:57,6544.4,6544.4,3
2025-11-07T00:42:59.980270,00:42:59,6532.8,6532.8,3
2025-11-07T00:43:10.321245,00:43:10,6544.42,6544.42,3
2025-11-07T00:43:12.229364,00:43:12,6584.04,6584.04,3
2025-11-07T00:43:22.813988,00:43:22,6592.13,6592.13,3
2025-11-07T00:43:24.897837,00:43:24,6581.58,6581.58,3
2025-11-07T00:43:35.410063,00:43:35,6672.86,6672.86,3
2025-11-07T00:43:37.597030,00:43:37,6657.87,6657.87,3
2025-11-07T00:43:48.274425,00:43:48,6660.63,6660.63,3
2025-11-07T00:43:49.969449,00:43:49,6657.66,6657.66,3
2025-11-07T00:44:00.625295,00:44:00,6671.47,6671.47,3
2025-11-07T00:44:02.268291,00:44:02,6670.13,6670.13,3
2025-11-07T00:44:13.235009,00:44:13,6765.52,6765.52,3
2025-11-07T00:44:14.709135,00:44:14,6733.92,6733.92,3
2025-11-07T00:44:25.626018,00:44:25,6826.39,6826.39,3
2025-11-07T00:44:27.449996,00:44:27,6831.49,6831.49,3
2025-11-07T00:44:38.395646,00:44:38,6832.43,6832.43,3
2025-11-07T00:44:39.834848,00:44:39,6832.63,6832.63,3
2025-11-07T00:44:50.669059,00:44:50,6837.62,6837.62,3
2025-11-07T00:44:52.290461,00:44:52,6826.45,6826.45,3
2025-11-07T00:45:03.425531,00:45:03,6852.16,6852.16,3
2025-11-07T00:45:04.605763,00:45:04,6882.79,6882.79,3
2025-11-07T00:45:16.218108,00:45:16,6865.23,6865.23,3
2025-11-07T00:45:17.220561,00:45:17,6850.62,6850.62,3
2025-11-07T00:45:29.245613,00:45:29,6810.83,6810.83,3
2025-11-07T00:45:29.867120,00:45:29,6803.39,6803.39,3
2025-11-07T00:45:41.998479,00:45:41,6750.11,6750.11,3
2025-11-07T00:45:42.773714,00:45:42,6754.48,6754.48,3
2025-11-07T00:45:54.203348,00:45:54,6739.51,6739.51,3
2025-11-07T00:45:55.309113,00:45:55,6744.18,6744.18,3
2025-11-07T00:46:06.496391,00:46:06,6769.55,6769.55,3
2025-11-07T00:46:07.859936,00:46:07,6750.62,6750.62,3
2025-11-07T00:46:18.776314,00:46:18,6697.28,6697.28,3
2025-11-07T00:46:20.483100,00:46:20,6682.8,6682.8,3
2025-11-07T00:46:31.545591,00:46:31,6471.34,6471.34,3
2025-11-07T00:46:32.721603,00:46:32,6438.56,6438.56,3
2025-11-07T00:46:44.527795,00:46:44,6458.93,6458.93,3
2025-11-07T00:46:45.319674,00:46:45,6459.14,6459.14,3
2025-11-07T00:46:57.827945,00:46:57,6520.49,6520.49,3
2025-11-07T00:46:58.142465,00:46:58,6530.06,6530.06,3
2025-11-07T00:47:10.283839,00:47:10,6633.35,6633.35,3
2025-11-07T00:47:10.634375,00:47:10,6609.14,6609.14,3
2025-11-07T00:47:22.664655,00:47:22,6655.14,6655.14,3
2025-11-07T00:47:23.391222,00:47:23,6624.35,6624.35,3
2025-11-07T00:47:35.576772,00:47:35,6546.99,6546.99,3
2025-11-07T00:47:36.080456,00:47:36,6510.48,6510.48,3
2025-11-07T00:47:48.308548,00:47:48,6438.39,6438.39,3
2025-11-07T00:47:49.399521,00:47:49,6449.72,6449.72,3
2025-11-07T00:48:00.850043,00:48:00,6454.06,6454.06,3
2025-11-07T00:48:02.361532,00:48:02,6434.18,6434.18,3
2025-11-07T00:48:13.420550,00:48:13,6526.86,6526.86,3
2025-11-07T00:48:14.716127,00:48:14,6482.56,6482.56,3
2025-11-07T00:48:26.381182,00:48:26,6484.3,6484.3,3
2025-11-07T00:48:27.578719,00:48:27,6483.62,6483.62,3
2025-11-07T00:48:38.601606,00:48:38,6387.71,6387.71,3
2025-11-07T00:48:39.918323,00:48:39,6389.21,6389.21,3
2025-11-07T00:48:51.449208,00:48:51,6339.71,6339.71,3
2025-11-07T00:48:52.618075,00:48:52,6313.1,6313.1,3
2025-11-07T00:49:04.480533,00:49:04,6301.32,6301.32,3
2025-11-07T00:49:05.253550,00:49:05,6287.39,6287.39,3
2025-11-07T00:49:17.108108,00:49:17,6489.93,6489.93,3
2025-11-07T00:49:17.991854,00:49:17,6483.54,6483.54,3
2025-11-07T00:49:29.651469,00:49:29,6469.82,6469.82,3
2025-11-07T00:49:30.368001,00:49:30,6470.89,6470.89,3
2025-11-07T00:49:42.239314,00:49:42,6526.56,6526.56,3
2025-11-07T00:49:43.249101,00:49:43,6532.9,6532.9,3
2025-11-07T00:49:55.223119,00:49:55,6549.35,6549.35,3
2025-11-07T00:49:56.218490,00:49:56,6549.14,6549.14,3
2025-11-07T00:50:07.767977,00:50:07,6539.43,6539.43,3
2025-11-07T00:50:08.824962,00:50:08,6472.09,6472.09,3
2025-11-07T00:50:20.638681,00:50:20,6418.96,6418.96,3
2025-11-07T00:50:21.334491,00:50:21,6418.54,6418.54,3
2025-11-07T00:50:33.888439,00:50:33,6410.6,6410.6,3
2025-11-07T00:50:34.288684,00:50:34,6421.97,6421.97,3
2025-11-07T00:50:46.561618,00:50:46,6353.22,6353.22,3
2025-11-07T00:50:47.511443,00:50:47,6341.61,6341.61,3
2025-11-07T00:50:59.491945,00:50:59,6295.85,6295.85,3
2025-11-07T00:50:59.960912,00:50:59,6289.7,6289.7,3
2025-11-07T00:51:12.449998,00:51:12,6274.02,6274.02,3
2025-11-07T00:51:13.033531,00:51:13,6273.9,6273.9,3
2025-11-07T00:51:25.321325,00:51:25,6281.33,6281.33,3
2025-11-07T00:51:25.435664,00:51:25,6281.25,6281.25,3
2025-11-07T00:51:37.954929,00:51:37,6367.57,6367.57,3
2025-11-07T00:51:38.209322,00:51:38,6367.75,6367.75,3
2025-11-07T00:51:50.915791,00:51:50,6344.89,6344.89,3
2025-11-07T00:51:51.297831,00:51:51,6344.89,6344.89,3
2025-11-07T00:52:03.299101,00:52:03,6290.74,6290.74,3
2025-11-07T00:52:03.588483,00:52:03,6290.74,6290.74,3
2025-11-07T00:52:15.806593,00:52:15,6433.97,6433.97,3
2025-11-07T00:52:16.530978,00:52:16,6491.29,6491.29,3
2025-11-07T00:52:28.126021,00:52:28,6530.85,6530.85,3
2025-11-07T00:52:29.246003,00:52:29,6533.45,6533.45,3
2025-11-07T00:52:41.347107,00:52:41,6380.77,6380.77,3
2025-11-07T00:52:42.188864,00:52:42,6352.56,6352.56,3
2025-11-07T00:52:53.724873,00:52:53,6308.58,6308.58,3
2025-11-07T00:52:54.774428,00:52:54,6306.33,6306.33,3
2025-11-07T00:53:06.246978,00:53:06,6396.47,6396.47,3
2025-11-07T00:53:07.449691,00:53:07,6399.53,6399.53,3
2025-11-07T00:53:19.104920,00:53:19,6278.07,6278.07,3
2025-11-07T00:53:19.729497,00:53:19,6281.54,6281.54,3
2025-11-07T00:53:31.635760,00:53:31,6328.57,6328.57,3
2025-11-07T00:53:32.609289,00:53:32,6356.05,6356.05,3
2025-11-07T00:53:44.372311,00:53:44,6340.88,6340.88,3
2025-11-07T00:53:45.295016,00:53:45,6344.22,6344.22,3
2025-11-07T00:53:56.675734,00:53:56,6355.58,6355.58,3
2025-11-07T00:53:57.849717,00:53:57,6359.78,6359.78,3
2025-11-07T00:54:08.700807,00:54:08,6340.62,6340.62,3
2025-11-07T00:54:09.935868,00:54:09,6340.02,6340.02,3
2025-11-07T00:54:20.956881,00:54:20,6366.01,6366.01,3
2025-11-07T00:54:22.781654,00:54:22,6378.43,6378.43,3
2025-11-07T00:54:33.405144,00:54:33,6361.43,6361.43,3
2025-11-07T00:54:35.498358,00:54:35,6360.12,6360.12,3
2025-11-07T00:54:45.692030,00:54:45,6281.72,6281.72,3
2025-11-07T00:54:47.860624,00:54:47,6262.88,6262.88,3
2025-11-07T00:54:58.332754,00:54:58,6218.52,6218.52,3
2025-11-07T00:55:00.158073,00:55:00,6224.51,6224.51,3
2025-11-07T00:55:11.046380,00:55:11,6192.29,6192.29,3
2025-11-07T00:55:12.692112,00:55:12,6190.61,6190.61,3
2025-11-07T00:55:23.588603,00:55:23,6233.83,6233.83,3
2025-11-07T00:55:25.366471,00:55:25,6237.92,6237.92,3
2025-11-07T00:55:35.882045,00:55:35,6257.61,6257.61,3
2025-11-07T00:55:38.067089,00:55:38,6225.45,6225.45,3
2025-11-07T00:55:48.605218,00:55:48,6209.54,6209.54,3
2025-11-07T00:55:51.030182,00:55:51,6206.84,6206.84,3
2025-11-07T00:56:01.346265,00:56:01,6165.13,6165.13,3
2025-11-07T00:56:03.683195,00:56:03,6153.73,6153.73,3
2025-11-07T00:56:13.672978,00:56:13,6110.65,6110.65,3
2025-11-07T00:56:15.839457,00:56:15,6106.48,6106.48,3
2025-11-07T00:56:26.359963,00:56:26,6105.23,6105.23,3
2025-11-07T00:56:28.071529,00:56:28,6102.09,6102.09,3
2025-11-07T00:56:38.487510,00:56:38,6045.69,6045.69,3
2025-11-07T00:56:40.437750,00:56:40,6044.71,6044.71,3
2025-11-07T00:56:50.863851,00:56:50,6098.07,6098.07,3
2025-11-07T00:56:52.642931,00:56:52,6093.81,6093.81,3
2025-11-07T00:57:03.266315,00:57:03,6298.87,6298.87,3
2025-11-07T00:57:05.049210,00:57:05,6318.74,6318.74,3
2025-11-07T00:57:15.520266,00:57:15,6503.14,6503.14,3
2025-11-07T00:57:17.375398,00:57:17,6485.64,6485.64,3
2025-11-07T00:57:27.774321,00:57:27,6382.19,6382.19,3
2025-11-07T00:57:30.179948,00:57:30,6363.67,6363.67,3
2025-11-07T00:57:39.939233,00:57:39,6287.59,6287.59,3
2025-11-07T00:57:42.521174,00:57:42,6280.08,6280.08,3
2025-11-07T00:57:52.577214,00:57:52,6276.52,6276.52,3
2025-11-07T00:57:55.110669,00:57:55,6242.15,6242.15,3
2025-11-07T00:58:05.081585,00:58:05,6314.06,6314.06,3
2025-11-07T00:58:07.193558,00:58:07,6332.55,6332.55,3
2025-11-07T00:58:17.448511,00:58:17,6375.53,6375.53,3
2025-11-07T00:58:19.510508,00:58:19,6378.26,6378.26,3
2025-11-07T00:58:29.785616,00:58:29,6431.89,6431.89,3
2025-11-07T00:58:31.812175,00:58:31,6409.81,6409.81,3
2025-11-07T00:58:42.402291,00:58:42,6420.38,6420.38,3
2025-11-07T00:58:44.243074,00:58:44,6428.09,6428.09,3
2025-11-07T00:58:55.355393,00:58:55,6394.41,6394.41,3
2025-11-07T00:58:56.683998,00:58:56,6394.16,6394.16,3
2025-11-07T00:59:07.638942,00:59:07,6450.61,6450.61,3
2025-11-07T00:59:09.138415,00:59:09,6452.18,6452.18,3
2025-11-07T00:59:20.521635,00:59:20,6516.05,6516.05,3
2025-11-07T00:59:21.655094,00:59:21,6498.13,6498.13,3
2025-11-07T00:59:33.507416,00:59:33,6544.75,6544.75,3
2025-11-07T00:59:34.119496,00:59:34,6544.44,6544.44,3
2025-11-07T00:59:46.077955,00:59:46,6482.25,6482.25,3
2025-11-07T00:59:46.698660,00:59:46,6477.33,6477.33,3
2025-11-07T00:59:58.840160,00:59:58,6354.65,6354.65,3
2025-11-07T00:59:59.241172,00:59:59,6353.0,6353.0,3
2025-11-07T01:00:10.973969,01:00:10,6340.06,6340.06,3
2025-11-07T01:00:12.361729,01:00:12,6309.83,6309.83,3
2025-11-07T01:00:23.275963,01:00:23,6278.69,6278.69,3
2025-11-07T01:00:24.856984,01:00:24,6280.49,6280.49,3
2025-11-07T01:00:35.702088,01:00:35,6220.22,6220.22,3
2025-11-07T01:00:37.607980,01:00:37,6221.45,6221.45,3
2025-11-07T01:00:48.382640,01:00:48,6157.79,6157.79,3
2025-11-07T01:00:50.226523,01:00:50,6158.19,6158.19,3
2025-11-07T01:01:01.318108,01:01:01,5974.72,5974.72,3
2025-11-07T01:01:02.583697,01:01:02,5991.92,5991.92,3
2025-11-07T01:01:13.969616,01:01:13,6003.33,6003.33,3
2025-11-07T01:01:15.501510,01:01:15,6024.16,6024.16,3
2025-11-07T01:01:26.591049,01:01:26,6026.58,6026.58,3
2025-11-07T01:01:27.662527,01:01:27,6055.41,6055.41,3
2025-11-07T01:01:39.556212,01:01:39,6044.85,6044.85,3
2025-11-07T01:01:40.190554,01:01:40,6046.33,6046.33,3
2025-11-07T01:01:52.553196,01:01:52,6019.08,6019.08,3
2025-11-07T01:01:52.879917,01:01:52,6028.35,6028.35,3
2025-11-07T01:02:04.741664,01:02:04,6080.18,6080.18,3
2025-11-07T01:02:05.368223,01:02:05,6079.25,6079.25,3
2025-11-07T01:02:17.588488,01:02:17,6177.83,6177.83,3
2025-11-07T01:02:18.298647,01:02:18,6179.54,6179.54,3
2025-11-07T01:02:30.637073,01:02:30,6184.84,6184.84,3
2025-11-07T01:02:30.668605,01:02:30,6193.37,6193.37,3
2025-11-07T01:02:43.053053,01:02:43,6335.69,6335.69,3
2025-11-07T01:02:43.354964,01:02:43,6335.69,6335.69,3
2025-11-07T01:02:56.369810,01:02:56,6356.28,6356.28,3
2025-11-07T01:02:56.446097,01:02:56,6348.49,6348.49,3
2025-11-07T01:03:09.267645,01:03:09,6309.53,6309.53,3
2025-11-07T01:03:09.740665,01:03:09,6314.83,6314.83,3
2025-11-07T01:03:22.155258,01:03:22,6316.48,6316.48,3
2025-11-07T01:03:22.161544,01:03:22,6336.48,6336.48,3
2025-11-07T01:03:35.203923,01:03:35,6338.69,6338.69,3
2025-11-07T01:03:35.607482,01:03:35,6337.79,6337.79,3
2025-11-07T01:03:48.917562,01:03:48,6202.45,6202.45,3
2025-11-07T01:03:49.039966,01:03:49,6199.65,6199.65,3
2025-11-07T01:04:02.222636,01:04:02,6218.56,6218.56,3
2025-11-07T01:04:03.255364,01:04:03,6232.51,6232.51,3
2025-11-07T01:04:15.123078,01:04:15,6161.21,6161.21,3
2025-11-07T01:04:16.556562,01:04:16,6193.06,6193.06,3
2025-11-07T01:04:28.558738,01:04:28,6150.07,6150.07,3
2025-11-07T01:04:29.647525,01:04:29,6138.59,6138.59,3
2025-11-07T01:04:42.312277,01:04:42,6090.62,6090.62,3
2025-11-07T01:04:42.375826,01:04:42,6090.38,6090.38,3
2025-11-07T01:04:55.658904,01:04:55,6086.26,6086.26,3
2025-11-07T01:04:56.174915,01:04:56,6082.06,6082.06,3
2025-11-07T01:05:08.900855,01:05:08,6173.07,6173.07,3
2025-11-07T01:05:09.669781,01:05:09,6162.6,6162.6,3
2025-11-07T01:05:22.438271,01:05:22,6200.39,6200.39,3
2025-11-07T01:05:23.116398,01:05:23,6219.05,6219.05,3
2025-11-07T01:05:35.447410,01:05:35,6163.38,6163.38,3
2025-11-07T01:05:36.294762,01:05:36,6164.97,6164.97,3
2025-11-07T01:05:49.205057,01:05:49,6197.18,6197.18,3
2025-11-07T01:05:49.481544,01:05:49,6193.05,6193.05,3
2025-11-07T01:06:02.479463,01:06:02,6077.46,6077.46,3
2025-11-07T01:06:02.553681,01:06:02,6077.91,6077.91,3
2025-11-07T01:06:15.648542,01:06:15,6170.77,6170.77,3
2025-11-07T01:06:16.199141,01:06:16,6175.02,6175.02,3
2025-11-07T01:06:29.123420,01:06:29,6180.87,6180.87,3
2025-11-07T01:06:29.953544,01:06:29,6180.44,6180.44,3
2025-11-07T01:06:42.550103,01:06:42,6314.26,6314.26,3
2025-11-07T01:06:43.366349,01:06:43,6329.18,6329.18,3
2025-11-07T01:06:56.289449,01:06:56,6439.13,6439.13,3
2025-11-07T01:06:56.678347,01:06:56,6415.89,6415.89,3
2025-11-07T01:07:10.129397,01:07:10,6405.92,6405.92,3
2025-11-07T01:07:10.463225,01:07:10,6379.31,6379.31,3
2025-11-07T01:07:23.816966,01:07:23,6357.48,6357.48,3
2025-11-07T01:07:24.256243,01:07:24,6354.81,6354.81,3
2025-11-07T01:07:37.027569,01:07:37,6359.29,6359.29,3
2025-11-07T01:07:37.510496,01:07:37,6360.15,6360.15,3
2025-11-07T01:07:49.760657,01:07:49,6428.92,6428.92,3
2025-11-07T01:07:50.713564,01:07:50,6455.1,6455.1,3
2025-11-07T01:08:02.626243,01:08:02,6519.78,6519.78,3
2025-11-07T01:08:03.876589,01:08:03,6543.35,6543.35,3
2025-11-07T01:08:15.612647,01:08:15,6583.59,6583.59,3
2025-11-07T01:08:16.961019,01:08:16,6581.98,6581.98,3
2025-11-07T01:08:29.357976,01:08:29,6483.57,6483.57,3
2025-11-07T01:08:30.261436,01:08:30,6474.08,6474.08,3
2025-11-07T01:08:42.420544,01:08:42,6474.02,6474.02,3
2025-11-07T01:08:43.529567,01:08:43,6466.57,6466.57,3
2025-11-07T01:08:55.525775,01:08:55,6416.76,6416.76,3
2025-11-07T01:08:56.698574,01:08:56,6411.78,6411.78,3
2025-11-07T01:09:08.597044,01:09:08,6278.24,6278.24,3
2025-11-07T01:09:09.712806,01:09:09,6286.53,6286.53,3
2025-11-07T01:09:21.303306,01:09:21,6232.2,6232.2,3
2025-11-07T01:09:22.429198,01:09:22,6171.58,6171.58,3
2025-11-07T01:09:34.004096,01:09:34,6107.73,6107.73,3
2025-11-07T01:09:34.756559,01:09:34,6107.74,6107.74,3
2025-11-07T01:09:46.478896,01:09:46,6025.96,6025.96,3
2025-11-07T01:09:47.342753,01:09:47,6025.96,6025.96,3
2025-11-07T01:09:59.332709,01:09:59,5891.14,5891.14,3
2025-11-07T01:10:00.071832,01:10:00,5891.99,5891.99,3
2025-11-07T01:10:12.201150,01:10:12,5772.16,5772.16,3
2025-11-07T01:10:12.829723,01:10:12,5778.42,5778.42,3
2025-11-07T01:10:24.580672,01:10:24,5643.3,5643.3,3
2025-11-07T01:10:25.170045,01:10:25,5608.95,5608.95,3
2025-11-07T01:10:37.179156,01:10:37,5541.04,5541.04,3
2025-11-07T01:10:37.555840,01:10:37,5543.09,5543.09,3
2025-11-07T01:10:49.710534,01:10:49,5577.14,5577.14,3
2025-11-07T01:10:50.266603,01:10:50,5572.6,5572.6,3
2025-11-07T01:11:02.221910,01:11:02,5631.66,5631.66,3
2025-11-07T01:11:03.095908,01:11:03,5644.0,5644.0,3
2025-11-07T01:11:14.762788,01:11:14,5542.28,5542.28,3
2025-11-07T01:11:15.403002,01:11:15,5541.63,5541.63,3
2025-11-07T01:11:27.461588,01:11:27,5383.0,5383.0,3
2025-11-07T01:11:28.374681,01:11:28,5442.74,5442.74,3
2025-11-07T01:11:39.689085,01:11:39,5454.16,5454.16,3
2025-11-07T01:11:41.100484,01:11:41,5445.2,5445.2,3
2025-11-07T01:11:51.990424,01:11:51,5329.93,5329.93,3
2025-11-07T01:11:53.564506,01:11:53,5322.81,5322.81,3
2025-11-07T01:12:04.555829,01:12:04,5438.0,5438.0,3
2025-11-07T01:12:05.750785,01:12:05,5427.94,5427.94,3
2025-11-07T01:12:16.473564,01:12:16,5363.93,5363.93,3
2025-11-07T01:12:17.859949,01:12:17,5345.4,5345.4,3
2025-11-07T01:12:29.006459,01:12:29,5346.69,5346.69,3
2025-11-07T01:12:30.169760,01:12:30,5364.94,5364.94,3
2025-11-07T01:12:41.601097,01:12:41,5349.06,5349.06,3
2025-11-07T01:12:42.960180,01:12:42,5331.07,5331.07,3
2025-11-07T01:12:54.478876,01:12:54,5312.53,5312.53,3
2025-11-07T01:12:55.175132,01:12:55,5302.92,5302.92,3
2025-11-07T01:13:06.779548,01:13:06,5313.05,5313.05,3
2025-11-07T01:13:07.638056,01:13:07,5324.1,5324.1,3
2025-11-07T01:13:19.341771,01:13:19,5264.74,5264.74,3
2025-11-07T01:13:20.147762,01:13:20,5276.65,5276.65,3
2025-11-07T01:13:32.303599,01:13:32,5374.67,5374.67,3
2025-11-07T01:13:32.639286,01:13:32,5376.22,5376.22,3
2025-11-07T01:13:45.421740,01:13:45,5516.45,5516.45,3
2025-11-07T01:13:45.477849,01:13:45,5540.22,5540.22,3
2025-11-07T01:13:57.645442,01:13:57,5558.36,5558.36,3
2025-11-07T01:13:57.751811,01:13:57,5558.36,5558.36,3
2025-11-07T01:14:10.575229,01:14:10,5611.03,5611.03,3
2025-11-07T01:14:10.610701,01:14:10,5611.03,5611.03,3
2025-11-07T01:14:23.449023,01:14:23,5608.16,5608.16,3
2025-11-07T01:14:23.976796,01:14:23,5609.55,5609.55,3
2025-11-07T01:14:35.938987,01:14:35,5643.32,5643.32,3
2025-11-07T01:14:36.614117,01:14:36,5653.1,5653.1,3
2025-11-07T01:14:48.762239,01:14:48,5704.42,5704.42,3
2025-11-07T01:14:49.488569,01:14:49,5722.6,5722.6,3
2025-11-07T01:15:01.721722,01:15:01,5748.05,5748.05,3
2025-11-07T01:15:02.309105,01:15:02,5756.29,5756.29,3
2025-11-07T01:15:14.356818,01:15:14,5738.14,5738.14,3
2025-11-07T01:15:14.818645,01:15:14,5727.52,5727.52,3
2025-11-07T01:15:27.236876,01:15:27,5706.53,5706.53,3
2025-11-07T01:15:27.499565,01:15:27,5751.22,5751.22,3
2025-11-07T01:15:39.960603,01:15:39,5658.1,5658.1,3
2025-11-07T01:15:40.498047,01:15:40,5642.32,5642.32,3
2025-11-07T01:15:52.711202,01:15:52,5688.86,5688.86,3
2025-11-07T01:15:53.023896,01:15:53,5691.34,5691.34,3
2025-11-07T01:16:05.231077,01:16:05,5678.07,5678.07,3
2025-11-07T01:16:05.411503,01:16:05,5678.12,5678.12,3
2025-11-07T01:16:17.691894,01:16:17,5701.55,5701.55,3
2025-11-07T01:16:17.900304,01:16:17,5696.14,5696.14,3
2025-11-07T01:16:30.286573,01:16:30,5683.08,5683.08,3
2025-11-07T01:16:30.448094,01:16:30,5681.68,5681.68,3
2025-11-07T01:16:42.617914,01:16:42,5676.83,5676.83,3
2025-11-07T01:16:43.281929,01:16:43,5676.83,5676.83,3
2025-11-07T01:16:54.978594,01:16:54,5704.63,5704.63,3
2025-11-07T01:16:55.927492,01:16:55,5711.44,5711.44,3
2025-11-07T01:17:07.218077,01:17:07,5796.8,5796.8,3
2025-11-07T01:17:08.986870,01:17:08,5839.53,5839.53,3
2025-11-07T01:17:19.549350,01:17:19,5776.66,5776.66,3
2025-11-07T01:17:21.387664,01:17:21,5813.44,5813.44,3
2025-11-07T01:17:32.289338,01:17:32,5809.16,5809.16,3
2025-11-07T01:17:34.206569,01:17:34,5808.91,5808.91,3
2025-11-07T01:17:45.270403,01:17:45,5776.83,5776.83,3
2025-11-07T01:17:46.848348,01:17:46,5747.65,5747.65,3
2025-11-07T01:17:57.540862,01:17:57,5761.78,5761.78,3
2025-11-07T01:17:59.117410,01:17:59,5760.51,5760.51,3
2025-11-07T01:18:10.290251,01:18:10,5839.78,5839.78,3
2025-11-07T01:18:11.403418,01:18:11,5853.35,5853.35,3
2025-11-07T01:18:22.773903,01:18:22,5838.52,5838.52,3
2025-11-07T01:18:23.778815,01:18:23,5839.31,5839.31,3
2025-11-07T01:18:35.242432,01:18:35,5771.68,5771.68,3
2025-11-07T01:18:36.671417,01:18:36,5746.96,5746.96,3
2025-11-07T01:18:47.700388,01:18:47,5414.83,5414.83,3
2025-11-07T01:18:49.352199,01:18:49,5427.63,5427.63,3
2025-11-07T01:19:00.502445,01:19:00,5437.6,5437.6,3
2025-11-07T01:19:01.947884,01:19:01,5438.65,5438.65,3
2025-11-07T01:19:13.299790,01:19:13,5370.75,5370.75,3
2025-11-07T01:19:14.129029,01:19:14,5362.29,5362.29,3
2025-11-07T01:19:26.091475,01:19:26,5403.72,5403.72,3
2025-11-07T01:19:26.595352,01:19:26,5410.23,5410.23,3
2025-11-07T01:19:38.253561,01:19:38,5441.22,5441.22,3
2025-11-07T01:19:38.790810,01:19:38,5429.82,5429.82,3
2025-11-07T01:19:50.774938,01:19:50,5466.59,5466.59,3
2025-11-07T01:19:51.366533,01:19:51,5471.62,5471.62,3
2025-11-07T01:20:03.634722,01:20:03,5525.08,5525.08,3
2025-11-07T01:20:04.514587,01:20:04,5482.62,5482.62,3
2025-11-07T01:20:16.164615,01:20:16,5454.6,5454.6,3
2025-11-07T01:20:17.248630,01:20:17,5457.25,5457.25,3
2025-11-07T01:20:28.792632,01:20:28,5558.3,5558.3,3
2025-11-07T01:20:30.015986,01:20:30,5575.15,5575.15,3
2025-11-07T01:20:41.281245,01:20:41,5660.67,5660.67,3
2025-11-07T01:20:42.502369,01:20:42,5751.69,5751.69,3
2025-11-07T01:20:54.306123,01:20:54,5720.07,5720.07,3
2025-11-07T01:20:55.374867,01:20:55,5718.83,5718.83,3
2025-11-07T01:21:08.285163,01:21:08,5750.11,5750.11,3
2025-11-07T01:21:08.449626,01:21:08,5736.02,5736.02,3
2025-11-07T01:21:21.788021,01:21:21,5688.45,5688.45,3
2025-11-07T01:21:22.218362,01:21:22,5688.27,5688.27,3
2025-11-07T01:21:34.658763,01:21:34,5651.03,5651.03,3
2025-11-07T01:21:35.589305,01:21:35,5647.52,5647.52,3
2025-11-07T01:21:47.801084,01:21:47,5580.1,5580.1,3
2025-11-07T01:21:49.215754,01:21:49,5568.99,5568.99,3
2025-11-07T01:22:01.221537,01:22:01,5585.24,5585.24,3
2025-11-07T01:22:02.509032,01:22:02,5616.31,5616.31,3
2025-11-07T01:22:15.089798,01:22:15,5537.76,5537.76,3
2025-11-07T01:22:15.490946,01:22:15,5534.63,5534.63,3
2025-11-07T01:22:28.314860,01:22:28,5542.33,5542.33,3
2025-11-07T01:22:28.908365,01:22:28,5543.19,5543.19,3
2025-11-07T01:22:41.439849,01:22:41,5507.37,5507.37,3
2025-11-07T01:22:42.519112,01:22:42,5520.69,5520.69,3
2025-11-07T01:22:54.710293,01:22:54,5518.84,5518.84,3
2025-11-07T01:22:55.422151,01:22:55,5519.47,5519.47,3
2025-11-07T01:23:08.352870,01:23:08,5424.28,5424.28,3
2025-11-07T01:23:08.938925,01:23:08,5414.16,5414.16,3
2025-11-07T01:23:22.170845,01:23:22,5442.13,5442.13,3
2025-11-07T01:23:22.543261,01:23:22,5448.56,5448.56,3
2025-11-07T01:23:35.352112,01:23:35,5565.9,5565.9,3
2025-11-07T01:23:35.668669,01:23:35,5574.19,5574.19,3
2025-11-07T01:23:48.441946,01:23:48,5593.64,5593.64,3
2025-11-07T01:23:48.840013,01:23:48,5591.55,5591.55,3
2025-11-07T01:24:02.107991,01:24:02,5602.71,5602.71,3
2025-11-07T01:24:02.253287,01:24:02,5620.8,5620.8,3
2025-11-07T01:24:15.445271,01:24:15,5622.36,5622.36,3
2025-11-07T01:24:15.775346,01:24:15,5622.67,5622.67,3
2025-11-07T01:24:28.994948,01:24:28,5687.02,5687.02,3
2025-11-07T01:24:29.180187,01:24:29,5686.46,5686.46,3
2025-11-07T01:24:42.277586,01:24:42,5656.1,5656.1,3
2025-11-07T01:24:42.699957,01:24:42,5655.98,5655.98,3
2025-11-07T01:24:55.404517,01:24:55,5712.98,5712.98,3
2025-11-07T01:24:55.774932,01:24:55,5713.21,5713.21,3
2025-11-07T01:25:08.964733,01:25:08,5712.14,5712.14,3
2025-11-07T01:25:09.033368,01:25:09,5706.28,5706.28,3
2025-11-07T01:25:22.011738,01:25:22,5633.2,5633.2,3
2025-11-07T01:25:22.302616,01:25:22,5633.21,5633.21,3
2025-11-07T01:25:34.901766,01:25:34,5640.89,5640.89,3
2025-11-07T01:25:35.656914,01:25:35,5643.13,5643.13,3
2025-11-07T01:25:48.478182,01:25:48,5595.25,5595.25,3
2025-11-07T01:25:49.034218,01:25:49,5596.83,5596.83,3
2025-11-07T01:26:01.390687,01:26:01,5647.74,5647.74,3
2025-11-07T01:26:02.541576,01:26:02,5699.65,5699.65,3
2025-11-07T01:26:15.256636,01:26:15,5524.01,5524.01,3
2025-11-07T01:26:16.169368,01:26:16,5586.89,5586.89,3
2025-11-07T01:26:28.415048,01:26:28,5558.28,5558.28,3
2025-11-07T01:26:29.975282,01:26:29,5551.87,5551.87,3
2025-11-07T01:26:41.685434,01:26:41,5608.21,5608.21,3
2025-11-07T01:26:43.340403,01:26:43,5609.63,5609.63,3
2025-11-07T01:26:54.645623,01:26:54,5621.7,5621.7,3
2025-11-07T01:26:56.302179,01:26:56,5645.75,5645.75,3
2025-11-07T01:27:07.888316,01:27:07,5630.2,5630.2,3
2025-11-07T01:27:09.336805,01:27:09,5628.49,5628.49,3
2025-11-07T01:27:21.630001,01:27:21,5675.49,5675.49,3
2025-11-07T01:27:22.272620,01:27:22,5686.6,5686.6,3
2025-11-07T01:27:34.828155,01:27:34,5821.41,5821.41,3
2025-11-07T01:27:35.838365,01:27:35,5823.94,5823.94,3
2025-11-07T01:27:48.524491,01:27:48,5877.75,5877.75,3
2025-11-07T01:27:49.192100,01:27:49,5905.96,5905.96,3
2025-11-07T01:28:01.954645,01:28:01,5890.06,5890.06,3
2025-11-07T01:28:02.719773,01:28:02,5890.2,5890.2,3
2025-11-07T01:28:15.352539,01:28:15,6214.32,6214.32,3
2025-11-07T01:28:16.364753,01:28:16,6140.58,6140.58,3
2025-11-07T01:28:28.691871,01:28:28,6092.93,6092.93,3
2025-11-07T01:28:29.962873,01:28:29,6067.25,6067.25,3
2025-11-07T01:28:42.381101,01:28:42,6113.64,6113.64,3
2025-11-07T01:28:43.252443,01:28:43,6105.01,6105.01,3
2025-11-07T01:28:55.649849,01:28:55,6095.79,6095.79,3
2025-11-07T01:28:56.467810,01:28:56,6111.18,6111.18,3
2025-11-07T01:29:08.712568,01:29:08,5895.67,5895.67,3
2025-11-07T01:29:10.406050,01:29:10,5844.92,5844.92,3
2025-11-07T01:29:21.643817,01:29:21,5753.67,5753.67,3
2025-11-07T01:29:23.578815,01:29:23,5753.96,5753.96,3
2025-11-07T01:29:35.349123,01:29:35,5751.43,5751.43,3
2025-11-07T01:29:36.824135,01:29:36,5737.19,5737.19,3
2025-11-07T01:29:48.357506,01:29:48,5711.26,5711.26,3
2025-11-07T01:29:50.304634,01:29:50,5712.12,5712.12,3
2025-11-07T01:30:01.729242,01:30:01,5726.19,5726.19,3
2025-11-07T01:30:03.344216,01:30:03,5762.73,5762.73,3
2025-11-07T01:30:14.612816,01:30:14,5870.78,5870.78,3
2025-11-07T01:30:16.714230,01:30:16,5862.51,5862.51,3
2025-11-07T01:30:27.775397,01:30:27,5906.92,5906.92,3
2025-11-07T01:30:29.478694,01:30:29,5910.38,5910.38,3
2025-11-07T01:30:40.865000,01:30:40,5946.86,5946.86,3
2025-11-07T01:30:42.309492,01:30:42,5931.16,5931.16,3
2025-11-07T01:30:54.423277,01:30:54,6016.56,6016.56,3
2025-11-07T01:30:55.621825,01:30:55,6020.52,6020.52,3
2025-11-07T01:31:07.745161,01:31:07,6054.73,6054.73,3
2025-11-07T01:31:09.342411,01:31:09,6085.39,6085.39,3
2025-11-07T01:31:21.545770,01:31:21,5989.25,5989.25,3
2025-11-07T01:31:22.883510,01:31:22,5976.48,5976.48,3
2025-11-07T01:31:34.434915,01:31:34,5949.45,5949.45,3
2025-11-07T01:31:35.436528,01:31:35,5965.31,5965.31,3
2025-11-07T01:31:47.340964,01:31:47,5975.71,5975.71,3
2025-11-07T01:31:47.975463,01:31:47,5963.12,5963.12,3
2025-11-07T01:31:59.676056,01:31:59,5954.69,5954.69,3
2025-11-07T01:32:00.457403,01:32:00,5943.52,5943.52,3
2025-11-07T01:32:12.480879,01:32:12,6097.65,6097.65,3
2025-11-07T01:32:13.369297,01:32:13,6101.5,6101.5,3
2025-11-07T01:32:24.552686,01:32:24,6091.2,6091.2,3
2025-11-07T01:32:26.097632,01:32:26,6107.75,6107.75,3
2025-11-07T01:32:37.229976,01:32:37,5929.41,5929.41,3
2025-11-07T01:32:38.692813,01:32:38,5927.14,5927.14,3
2025-11-07T01:32:49.780273,01:32:49,5834.0,5834.0,3
2025-11-07T01:32:51.057625,01:32:51,5832.29,5832.29,3
2025-11-07T01:33:01.882928,01:33:01,5950.73,5950.73,3
2025-11-07T01:33:03.652390,01:33:03,6020.6,6020.6,3
2025-11-07T01:33:14.327568,01:33:14,6040.61,6040.61,3
2025-11-07T01:33:15.857691,01:33:15,6048.87,6048.87,3
2025-11-07T01:33:26.972402,01:33:26,5993.99,5993.99,3
2025-11-07T01:33:28.047908,01:33:28,6011.0,6011.0,3
2025-11-07T01:33:39.410318,01:33:39,5897.12,5897.12,3
2025-11-07T01:33:40.514438,01:33:40,5901.11,5901.11,3
2025-11-07T01:33:52.552070,01:33:52,5965.51,5965.51,3
2025-11-07T01:33:53.401120,01:33:53,5953.52,5953.52,3
2025-11-07T01:34:04.732631,01:34:04,5943.26,5943.26,3
2025-11-07T01:34:06.275445,01:34:06,5943.63,5943.63,3
2025-11-07T01:34:17.295635,01:34:17,5940.76,5940.76,3
2025-11-07T01:34:19.022159,01:34:19,5961.15,5961.15,3
2025-11-07T01:34:29.954306,01:34:29,5971.08,5971.08,3
2025-11-07T01:34:31.554126,01:34:31,5982.74,5982.74,3
2025-11-07T01:34:42.682542,01:34:42,5964.54,5964.54,3
2025-11-07T01:34:43.926637,01:34:43,5988.52,5988.52,3
2025-11-07T01:34:55.274695,01:34:55,6042.43,6042.43,3
2025-11-07T01:34:56.493114,01:34:56,6048.76,6048.76,3
2025-11-07T01:35:07.812810,01:35:07,6202.21,6202.21,3
2025-11-07T01:35:09.222760,01:35:09,6229.87,6229.87,3
2025-11-07T01:35:20.288935,01:35:20,6059.6,6059.6,3
2025-11-07T01:35:21.428882,01:35:21,6060.22,6060.22,3
2025-11-07T01:35:33.212043,01:35:33,6216.02,6216.02,3
2025-11-07T01:35:33.617142,01:35:33,6200.18,6200.18,3
2025-11-07T01:35:45.870616,01:35:45,6008.61,6008.61,3
2025-11-07T01:35:46.102230,01:35:46,6009.72,6009.72,3
2025-11-07T01:35:58.126921,01:35:58,5964.48,5964.48,3
2025-11-07T01:35:58.401285,01:35:58,5962.55,5962.55,3
2025-11-07T01:36:10.730352,01:36:10,5901.85,5901.85,3
2025-11-07T01:36:10.908936,01:36:10,5901.6,5901.6,3
2025-11-07T01:36:23.110038,01:36:23,5839.24,5839.24,3
2025-11-07T01:36:23.571809,01:36:23,5845.99,5845.99,3
2025-11-07T01:36:35.764699,01:36:35,5899.13,5899.13,3
2025-11-07T01:36:35.874866,01:36:35,5901.5,5901.5,3
2025-11-07T01:36:48.755188,01:36:48,5889.49,5889.49,3
2025-11-07T01:36:48.831448,01:36:48,5891.09,5891.09,3
2025-11-07T01:37:01.108934,01:37:01,5899.23,5899.23,3
2025-11-07T01:37:01.557365,01:37:01,5905.99,5905.99,3
2025-11-07T01:37:13.707652,01:37:13,5813.34,5813.34,3
2025-11-07T01:37:14.034942,01:37:14,5813.77,5813.77,3
2025-11-07T01:37:26.591200,01:37:26,5854.68,5854.68,3
2025-11-07T01:37:26.792458,01:37:26,5854.1,5854.1,3
2025-11-07T01:37:38.745538,01:37:38,5866.52,5866.52,3
2025-11-07T01:37:39.229693,01:37:39,5866.74,5866.74,3
2025-11-07T01:37:51.274503,01:37:51,5910.56,5910.56,3
2025-11-07T01:37:51.884679,01:37:51,5910.78,5910.78,3
2025-11-07T01:38:04.154034,01:38:04,5894.94,5894.94,3
2025-11-07T01:38:04.745941,01:38:04,5903.67,5903.67,3
2025-11-07T01:38:16.428851,01:38:16,6163.48,6163.48,3
2025-11-07T01:38:17.735294,01:38:17,6150.68,6150.68,3
2025-11-07T01:38:29.529331,01:38:29,6011.34,6011.34,3
2025-11-07T01:38:30.228467,01:38:30,6001.22,6001.22,3
2025-11-07T01:38:42.390377,01:38:42,6024.05,6024.05,3
2025-11-07T01:38:42.717522,01:38:42,6022.33,6022.33,3
2025-11-07T01:38:54.974281,01:38:54,5922.82,5922.82,3
2025-11-07T01:38:55.321232,01:38:55,5922.82,5922.82,3
2025-11-07T01:39:07.409175,01:39:07,5824.95,5824.95,3
2025-11-07T01:39:08.059416,01:39:08,5826.71,5826.71,3
2025-11-07T01:39:20.380464,01:39:20,5832.97,5832.97,3
2025-11-07T01:39:20.455514,01:39:20,5834.43,5834.43,3
2025-11-07T01:39:33.172059,01:39:33,5748.6,5748.6,3
2025-11-07T01:39:33.261724,01:39:33,5743.4,5743.4,3
2025-11-07T01:39:45.909998,01:39:45,5755.43,5755.43,3
2025-11-07T01:39:46.472730,01:39:46,5777.22,5777.22,3
2025-11-07T01:39:58.287955,01:39:58,5767.88,5767.88,3
2025-11-07T01:39:58.988865,01:39:58,5765.37,5765.37,3
2025-11-07T01:40:10.991930,01:40:10,5819.98,5819.98,3
2025-11-07T01:40:11.240991,01:40:11,5826.57,5826.57,3
2025-11-07T01:40:24.053416,01:40:24,5824.75,5824.75,3
2025-11-07T01:40:24.160995,01:40:24,5824.75,5824.75,3
2025-11-07T01:40:36.491981,01:40:36,5867.49,5867.49,3
2025-11-07T01:40:36.497413,01:40:36,5867.49,5867.49,3
2025-11-07T01:40:49.357260,01:40:49,5811.07,5811.07,3
2025-11-07T01:40:49.364323,01:40:49,5811.07,5811.07,3
2025-11-07T01:41:02.198924,01:41:02,5858.72,5858.72,3
2025-11-07T01:41:02.299546,01:41:02,5858.72,5858.72,3
2025-11-07T01:41:14.508472,01:41:14,5933.03,5933.03,3
2025-11-07T01:41:15.005227,01:41:15,5933.03,5933.03,3
2025-11-07T01:41:26.889716,01:41:26,5900.36,5900.36,3
2025-11-07T01:41:27.340908,01:41:27,5899.03,5899.03,3
2025-11-07T01:41:39.325397,01:41:39,5849.62,5849.62,3
2025-11-07T01:41:39.754159,01:41:39,5857.16,5857.16,3
2025-11-07T01:41:51.612811,01:41:51,5831.62,5831.62,3
2025-11-07T01:41:52.348218,01:41:52,5839.21,5839.21,3
2025-11-07T01:42:04.660106,01:42:04,5945.88,5945.88,3
2025-11-07T01:42:04.988886,01:42:04,5966.95,5966.95,3
2025-11-07T01:42:17.705462,01:42:17,6047.09,6047.09,3
2025-11-07T01:42:18.302370,01:42:18,6047.19,6047.19,3
2025-11-07T01:42:29.964693,01:42:29,6192.37,6192.37,3
2025-11-07T01:42:31.276017,01:42:31,6183.81,6183.81,3
2025-11-07T01:42:42.408676,01:42:42,6096.09,6096.09,3
2025-11-07T01:42:44.028219,01:42:44,6058.36,6058.36,3
2025-11-07T01:42:55.255112,01:42:55,5882.68,5882.68,3
2025-11-07T01:42:56.725464,01:42:56,5835.46,5835.46,3
2025-11-07T01:43:07.788783,01:43:07,5799.71,5799.71,3
2025-11-07T01:43:09.483829,01:43:09,5798.04,5798.04,3
2025-11-07T01:43:20.592979,01:43:20,5866.0,5866.0,3
2025-11-07T01:43:21.927215,01:43:21,5887.27,5887.27,3
2025-11-07T01:43:32.932266,01:43:32,5764.75,5764.75,3
2025-11-07T01:43:34.710146,01:43:34,5764.75,5764.75,3
2025-11-07T01:43:45.658999,01:43:45,5729.32,5729.32,3
2025-11-07T01:43:47.387937,01:43:47,5726.5,5726.5,3
2025-11-07T01:43:58.313680,01:43:58,5690.17,5690.17,3
2025-11-07T01:43:59.525291,01:43:59,5705.1,5705.1,3
2025-11-07T01:44:10.862039,01:44:10,5624.75,5624.75,3
2025-11-07T01:44:11.973596,01:44:11,5574.02,5574.02,3
2025-11-07T01:44:23.223209,01:44:23,5493.7,5493.7,3
2025-11-07T01:44:24.349898,01:44:24,5489.33,5489.33,3
2025-11-07T01:44:35.412590,01:44:35,5520.9,5520.9,3
2025-11-07T01:44:36.542655,01:44:36,5535.82,5535.82,3
2025-11-07T01:44:47.695629,01:44:47,5569.62,5569.62,3
2025-11-07T01:44:49.011888,01:44:49,5571.01,5571.01,3
2025-11-07T01:45:00.334138,01:45:00,5592.69,5592.69,3
2025-11-07T01:45:01.357841,01:45:01,5594.88,5594.88,3
2025-11-07T01:45:12.669624,01:45:12,5707.21,5707.21,3
2025-11-07T01:45:13.904188,01:45:13,5710.38,5710.38,3
2025-11-07T01:45:25.438375,01:45:25,5724.65,5724.65,3
2025-11-07T01:45:26.133077,01:45:26,5721.14,5721.14,3
2025-11-07T01:45:37.825230,01:45:37,5708.1,5708.1,3
2025-11-07T01:45:38.665487,01:45:38,5697.19,5697.19,3
2025-11-07T01:45:50.228432,01:45:50,5696.07,5696.07,3
2025-11-07T01:45:51.478506,01:45:51,5689.91,5689.91,3
2025-11-07T01:46:02.238133,01:46:02,5697.76,5697.76,3
2025-11-07T01:46:03.584357,01:46:03,5700.29,5700.29,3
2025-11-07T01:46:14.462710,01:46:14,5593.13,5593.13,3
2025-11-07T01:46:16.485934,01:46:16,5577.89,5577.89,3
2025-11-07T01:46:26.638577,01:46:26,5493.77,5493.77,3
2025-11-07T01:46:28.952912,01:46:28,5487.42,5487.42,3
2025-11-07T01:46:39.422424,01:46:39,5448.26,5448.26,3
2025-11-07T01:46:41.437203,01:46:41,5448.24,5448.24,3
2025-11-07T01:46:52.531472,01:46:52,5501.21,5501.21,3
2025-11-07T01:46:53.703532,01:46:53,5483.05,5483.05,3
2025-11-07T01:47:05.257673,01:47:05,5464.9,5464.9,3
2025-11-07T01:47:06.727019,01:47:06,5462.93,5462.93,3
2025-11-07T01:47:17.632661,01:47:17,5442.83,5442.83,3
2025-11-07T01:47:18.952333,01:47:18,5484.71,5484.71,3
2025-11-07T01:47:29.611158,01:47:29,5428.48,5428.48,3
2025-11-07T01:47:31.480926,01:47:31,5387.4,5387.4,3
2025-11-07T01:47:41.831692,01:47:41,5335.24,5335.24,3
2025-11-07T01:47:43.843536,01:47:43,5322.05,5322.05,3
2025-11-07T01:47:54.415725,01:47:54,5329.66,5329.66,3
2025-11-07T01:47:56.063729,01:47:56,5327.84,5327.84,3
2025-11-07T01:48:07.324130,01:48:07,5326.89,5326.89,3
2025-11-07T01:48:09.011186,01:48:09,5320.3,5320.3,3
2025-11-07T01:48:20.095458,01:48:20,5303.67,5303.67,3
2025-11-07T01:48:21.012553,01:48:21,5295.23,5295.23,3
2025-11-07T01:48:32.605844,01:48:32,5287.54,5287.54,3
2025-11-07T01:48:33.532087,01:48:33,5289.15,5289.15,3
2025-11-07T01:48:45.515940,01:48:45,5355.66,5355.66,3
2025-11-07T01:48:46.546064,01:48:46,5350.95,5350.95,3
2025-11-07T01:48:58.587084,01:48:58,5353.05,5353.05,3
2025-11-07T01:48:58.636922,01:48:58,5354.53,5354.53,3
2025-11-07T01:49:10.975447,01:49:10,5419.23,5419.23,3
2025-11-07T01:49:11.300881,01:49:11,5419.23,5419.23,3
2025-11-07T01:49:23.614994,01:49:23,5459.35,5459.35,3
2025-11-07T01:49:23.619791,01:49:23,5459.58,5459.58,3
2025-11-07T01:49:35.988661,01:49:35,5425.29,5425.29,3
2025-11-07T01:49:36.059991,01:49:36,5425.52,5425.52,3
2025-11-07T01:49:48.640936,01:49:48,5429.78,5429.78,3
2025-11-07T01:49:48.739536,01:49:48,5429.78,5429.78,3
2025-11-07T01:50:01.178434,01:50:01,5354.87,5354.87,3
2025-11-07T01:50:01.761035,01:50:01,5353.9,5353.9,3
2025-11-07T01:50:13.441660,01:50:13,5258.1,5258.1,3
2025-11-07T01:50:14.443928,01:50:14,5263.56,5263.56,3
2025-11-07T01:50:26.382023,01:50:26,5314.04,5314.04,3
2025-11-07T01:50:26.921052,01:50:26,5332.51,5332.51,3
2025-11-07T01:50:38.856027,01:50:38,5415.83,5415.83,3
2025-11-07T01:50:39.540424,01:50:39,5438.37,5438.37,3
2025-11-07T01:50:50.958477,01:50:50,5444.3,5444.3,3
2025-11-07T01:50:52.379609,01:50:52,5447.22,5447.22,3
2025-11-07T01:51:04.797441,01:51:04,5542.95,5542.95,3
2025-11-07T01:51:17.671179,01:51:17,5420.91,5420.91,3
2025-11-07T01:51:30.109938,01:51:30,5481.73,5481.73,3
2025-11-07T01:51:42.437273,01:51:42,5558.94,5558.94,3
2025-11-07T01:51:54.632250,01:51:54,5545.0,5545.0,3
2025-11-07T01:52:07.228676,01:52:07,5563.33,5563.33,3
2025-11-07T01:52:19.461687,01:52:19,5594.81,5594.81,3
2025-11-07T01:52:31.931985,01:52:31,5581.66,5581.66,3
2025-11-07T01:52:44.446425,01:52:44,5580.65,5580.65,3
2025-11-07T01:52:57.077526,01:52:57,5589.05,5589.05,3
2025-11-07T01:53:09.423850,01:53:09,5587.4,5587.4,3
2025-11-07T01:53:22.061735,01:53:22,5577.17,5577.17,3
2025-11-07T01:53:34.707991,01:53:34,5707.56,5707.56,3
2025-11-07T01:53:47.407800,01:53:47,5741.83,5741.83,3
2025-11-07T01:53:59.833593,01:53:59,5736.57,5736.57,3
2025-11-07T01:54:12.762588,01:54:12,5665.11,5665.11,3
2025-11-07T01:54:25.535013,01:54:25,5717.8,5717.8,3
2025-11-07T01:54:38.293785,01:54:38,5687.61,5687.61,3
2025-11-07T01:54:51.467560,01:54:51,5675.95,5675.95,3
2025-11-07T01:55:04.326561,01:55:04,5842.06,5842.06,3
2025-11-07T01:55:16.801849,01:55:16,5694.84,5694.84,3
2025-11-07T01:55:29.299961,01:55:29,5743.51,5743.51,3
2025-11-07T01:55:41.714545,01:55:41,5682.16,5682.16,3
2025-11-07T01:55:54.280102,01:55:54,5752.1,5752.1,3
2025-11-07T01:56:07.041395,01:56:07,5725.55,5725.55,3
2025-11-07T01:56:19.729703,01:56:19,5931.17,5931.17,3
2025-11-07T01:56:32.278591,01:56:32,5931.0,5931.0,3
2025-11-07T01:56:45.406668,01:56:45,5886.36,5886.36,3
2025-11-07T01:56:58.400581,01:56:58,5860.47,5860.47,3
2025-11-07T01:57:10.945008,01:57:10,5699.61,5699.61,3
2025-11-07T01:57:23.656196,01:57:23,5596.91,5596.91,3
2025-11-07T01:57:36.551318,01:57:36,5529.82,5529.82,3
2025-11-07T01:57:49.219230,01:57:49,5560.6,5560.6,3
2025-11-07T01:58:01.664632,01:58:01,5538.51,5538.51,3
2025-11-07T01:58:15.117725,01:58:15,5552.62,5552.62,3
2025-11-07T01:58:28.767794,01:58:28,5527.97,5527.97,3
2025-11-07T01:58:42.251791,01:58:42,5480.04,5480.04,3
2025-11-07T01:58:56.246661,01:58:56,5458.87,5458.87,3
2025-11-07T01:59:09.372164,01:59:09,5297.08,5297.08,3
2025-11-07T01:59:23.053781,01:59:23,5160.74,5160.74,3
2025-11-07T01:59:36.739522,01:59:36,5098.09,5098.09,3
2025-11-07T01:59:50.391176,01:59:50,5089.96,5089.96,3
2025-11-07T02:00:04.493019,02:00:04,5108.66,5108.66,3
2025-11-07T02:00:18.307435,02:00:18,5184.21,5184.21,3
2025-11-07T02:00:31.921404,02:00:31,5146.05,5146.05,3
2025-11-07T02:00:45.108949,02:00:45,5206.43,5206.43,3
2025-11-07T02:00:58.951441,02:00:58,5152.92,5152.92,3
2025-11-07T02:01:12.425331,02:01:12,4990.23,4990.23,3
2025-11-07T02:01:26.197518,02:01:26,4992.02,4992.02,3
2025-11-07T02:01:39.416824,02:01:39,4863.82,4863.82,3
2025-11-07T02:01:53.233037,02:01:53,4842.59,4842.59,3
2025-11-07T02:02:06.681192,02:02:06,4841.74,4841.74,3
2025-11-07T02:02:20.385001,02:02:20,4733.07,4733.07,3
2025-11-07T02:02:33.889798,02:02:33,4711.69,4711.69,3
2025-11-07T02:02:47.729079,02:02:47,4771.45,4771.45,3
2025-11-07T02:03:01.500927,02:03:01,4844.21,4844.21,3
2025-11-07T02:03:15.313295,02:03:15,4770.2,4770.2,3
2025-11-07T02:03:28.503018,02:03:28,4806.09,4806.09,3
2025-11-07T02:03:41.881375,02:03:41,4857.54,4857.54,3
2025-11-07T02:03:54.844961,02:03:54,4921.98,4921.98,3
2025-11-07T02:04:08.390049,02:04:08,4925.46,4925.46,3
2025-11-07T02:04:21.737377,02:04:21,5004.81,5004.81,3
2025-11-07T02:04:35.488233,02:04:35,5070.66,5070.66,3
2025-11-07T02:04:49.214741,02:04:49,5110.35,5110.35,3
2025-11-07T02:05:03.334644,02:05:03,5161.69,5161.69,3
2025-11-07T02:05:16.523603,02:05:16,5249.63,5249.63,3
2025-11-07T02:05:30.203139,02:05:30,5147.41,5147.41,3
2025-11-07T02:05:43.761808,02:05:43,5083.1,5083.1,3
2025-11-07T02:05:57.127617,02:05:57,5031.6,5031.6,3
2025-11-07T02:06:10.717855,02:06:10,5065.42,5065.42,3
2025-11-07T02:06:24.410793,02:06:24,5067.92,5067.92,3
2025-11-07T02:06:37.907745,02:06:37,4874.53,4874.53,3
2025-11-07T02:06:51.448599,02:06:51,4915.89,4915.89,3
2025-11-07T02:07:04.862588,02:07:04,5018.83,5018.83,3
2025-11-07T02:07:18.245788,02:07:18,5101.34,5101.34,3
2025-11-07T02:07:32.103484,02:07:32,5172.89,5172.89,3
2025-11-07T02:07:46.306476,02:07:46,5181.94,5181.94,3
2025-11-07T02:07:59.682443,02:07:59,5004.8,5004.8,3
2025-11-07T02:08:12.844650,02:08:12,5063.65,5063.65,3
2025-11-07T02:08:26.161910,02:08:26,5133.24,5133.24,3
2025-11-07T02:08:39.710965,02:08:39,5142.0,5142.0,3
2025-11-07T02:08:53.309284,02:08:53,5178.46,5178.46,3
2025-11-07T02:09:07.008093,02:09:07,5166.29,5166.29,3
2025-11-07T02:09:20.437898,02:09:20,5230.21,5230.21,3
2025-11-07T02:09:33.586824,02:09:33,4966.04,4966.04,3
2025-11-07T02:09:47.540198,02:09:47,4768.46,4768.46,3
2025-11-07T02:10:00.824902,02:10:00,4744.28,4744.28,3
2025-11-07T02:10:14.641620,02:10:14,4762.98,4762.98,3
2025-11-07T02:10:28.282644,02:10:28,4642.39,4642.39,3
2025-11-07T02:10:42.223377,02:10:42,4609.09,4609.09,3
2025-11-07T02:10:56.163422,02:10:56,4657.47,4657.47,3
2025-11-07T02:11:10.153954,02:11:10,4652.4,4652.4,3
2025-11-07T02:11:23.944594,02:11:23,4605.06,4605.06,3
2025-11-07T02:11:37.592640,02:11:37,4700.9,4700.9,3
2025-11-07T02:11:51.259616,02:11:51,4696.23,4696.23,3
2025-11-07T02:12:05.056028,02:12:05,4611.73,4611.73,3
2025-11-07T02:12:18.699574,02:12:18,4649.08,4649.08,3
2025-11-07T02:12:32.118275,02:12:32,4639.9,4639.9,3
2025-11-07T02:12:45.626250,02:12:45,4556.11,4556.11,3
2025-11-07T02:12:59.495458,02:12:59,4442.8,4442.8,3
2025-11-07T02:13:13.216630,02:13:13,4562.09,4562.09,3
2025-11-07T02:13:26.176388,02:13:26,4358.92,4358.92,3
2025-11-07T02:13:39.856246,02:13:39,4256.68,4256.68,3
2025-11-07T02:13:53.247352,02:13:53,4262.2,4262.2,3
2025-11-07T02:14:06.470316,02:14:06,4288.01,4288.01,3
2025-11-07T02:14:19.583009,02:14:19,4241.79,4241.79,3
2025-11-07T02:14:33.448220,02:14:33,4232.98,4232.98,3
2025-11-07T02:14:46.836181,02:14:46,4262.41,4262.41,3
2025-11-07T02:15:00.246485,02:15:00,4388.8,4388.8,3
2025-11-07T02:15:14.309506,02:15:14,4494.93,4494.93,3
2025-11-07T02:15:27.445669,02:15:27,4622.03,4622.03,3
2025-11-07T02:15:40.699750,02:15:40,4632.44,4632.44,3
2025-11-07T02:15:54.545623,02:15:54,4529.57,4529.57,3
2025-11-07T02:16:08.269230,02:16:08,4583.12,4583.12,3
2025-11-07T02:16:21.286048,02:16:21,4466.77,4466.77,3
2025-11-07T02:16:35.069760,02:16:35,4355.83,4355.83,3
2025-11-07T02:16:48.745691,02:16:48,4257.15,4257.15,3
2025-11-07T02:17:02.411292,02:17:02,4317.24,4317.24,3
2025-11-07T02:17:15.477744,02:17:15,4356.94,4356.94,3
2025-11-07T02:17:28.974981,02:17:28,4470.09,4470.09,3
2025-11-07T02:17:42.463604,02:17:42,4511.3,4511.3,3
2025-11-07T02:17:56.171223,02:17:56,4552.35,4552.35,3
2025-11-07T02:18:09.712452,02:18:09,4516.45,4516.45,3
2025-11-07T02:18:23.563785,02:18:23,4531.04,4531.04,3
2025-11-07T02:18:37.178922,02:18:37,4521.75,4521.75,3
2025-11-07T02:18:51.305078,02:18:51,4595.54,4595.54,3
2025-11-07T02:19:04.585760,02:19:04,4531.81,4531.81,3
2025-11-07T02:19:17.903336,02:19:17,4588.56,4588.56,3
2025-11-07T02:19:31.233430,02:19:31,4621.0,4621.0,3
2025-11-07T02:19:44.775206,02:19:44,4636.45,4636.45,3
2025-11-07T02:19:58.603817,02:19:58,4602.82,4602.82,3
2025-11-07T02:20:11.791047,02:20:11,4576.17,4576.17,3
2025-11-07T02:20:25.365020,02:20:25,4611.14,4611.14,3
2025-11-07T02:20:38.859275,02:20:38,4580.08,4580.08,3
2025-11-07T02:20:52.336249,02:20:52,4731.46,4731.46,3
2025-11-07T02:21:06.212697,02:21:06,4725.48,4725.48,3
2025-11-07T02:21:20.073920,02:21:20,4649.19,4649.19,3
2025-11-07T02:21:33.764502,02:21:33,4683.07,4683.07,3
2025-11-07T02:21:47.658188,02:21:47,4667.93,4667.93,3
2025-11-07T02:22:01.237811,02:22:01,4604.22,4604.22,3
2025-11-07T02:22:14.516487,02:22:14,4781.98,4781.98,3
2025-11-07T02:22:28.449440,02:22:28,4855.78,4855.78,3
2025-11-07T02:22:41.746348,02:22:41,4761.12,4761.12,3
2025-11-07T02:22:55.601014,02:22:55,4844.24,4844.24,3
2025-11-07T02:23:09.115599,02:23:09,4803.61,4803.61,3
2025-11-07T02:23:22.323474,02:23:22,4813.53,4813.53,3
2025-11-07T02:23:35.454344,02:23:35,4822.39,4822.39,3
2025-11-07T02:23:48.508950,02:23:48,4763.85,4763.85,3
2025-11-07T02:24:02.631899,02:24:02,4782.57,4782.57,3
2025-11-07T02:24:16.390206,02:24:16,4893.23,4893.23,3
2025-11-07T02:24:29.679849,02:24:29,4742.65,4742.65,3
2025-11-07T02:24:43.181001,02:24:43,4621.84,4621.84,3
2025-11-07T02:24:56.334213,02:24:56,4665.18,4665.18,3
2025-11-07T02:25:10.274416,02:25:10,4797.57,4797.57,3
2025-11-07T02:25:23.163856,02:25:23,4900.57,4900.57,3
2025-11-07T02:25:36.815126,02:25:36,4788.59,4788.59,3
2025-11-07T02:25:50.101213,02:25:50,4839.36,4839.36,3
2025-11-07T02:26:04.320723,02:26:04,4928.96,4928.96,3
2025-11-07T02:26:17.744191,02:26:17,5033.47,5033.47,3
2025-11-07T02:26:31.246568,02:26:31,5047.2,5047.2,3
2025-11-07T02:26:44.733413,02:26:44,5004.94,5004.94,3
2025-11-07T02:26:58.594767,02:26:58,4977.93,4977.93,3
2025-11-07T02:27:12.118367,02:27:12,4862.66,4862.66,3
2025-11-07T02:27:25.698886,02:27:25,4890.21,4890.21,3
2025-11-07T02:27:39.205902,02:27:39,4853.24,4853.24,3
2025-11-07T02:27:52.857885,02:27:52,4850.03,4850.03,3
2025-11-07T02:28:06.605747,02:28:06,4801.67,4801.67,3
2025-11-07T02:28:20.299967,02:28:20,4855.46,4855.46,3
2025-11-07T02:28:33.376360,02:28:33,4912.97,4912.97,3
2025-11-07T02:28:47.407063,02:28:47,4782.33,4782.33,3
2025-11-07T02:29:01.002629,02:29:01,4788.41,4788.41,3
2025-11-07T02:29:14.401755,02:29:14,4587.61,4587.61,3
2025-11-07T02:29:28.352884,02:29:28,4640.48,4640.48,3
2025-11-07T02:29:42.313361,02:29:42,4594.47,4594.47,3
2025-11-07T02:29:55.262486,02:29:55,4714.92,4714.92,3
2025-11-07T02:30:08.535397,02:30:08,4613.16,4613.16,3
2025-11-07T02:30:22.204486,02:30:22,4747.24,4747.24,3
2025-11-07T02:30:35.229532,02:30:35,4740.26,4740.26,3
2025-11-07T02:30:48.286560,02:30:48,4751.3,4751.3,3
2025-11-07T02:31:01.904073,02:31:01,4823.66,4823.66,3
2025-11-07T02:31:14.938923,02:31:14,4825.7,4825.7,3
2025-11-07T02:31:28.819941,02:31:28,4910.53,4910.53,3
2025-11-07T02:31:42.754317,02:31:42,4893.58,4893.58,3
2025-11-07T02:31:56.059153,02:31:56,4896.69,4896.69,3
2025-11-07T02:32:09.571049,02:32:09,4613.68,4613.68,3
2025-11-07T02:32:22.833001,02:32:22,4698.64,4698.64,3
2025-11-07T02:32:36.338551,02:32:36,4713.62,4713.62,3
2025-11-07T02:32:49.878323,02:32:49,4813.45,4813.45,3
2025-11-07T02:33:03.587452,02:33:03,4779.46,4779.46,3
2025-11-07T02:33:17.477235,02:33:17,4747.01,4747.01,3
2025-11-07T02:33:30.693973,02:33:30,4709.68,4709.68,3
2025-11-07T02:33:44.467327,02:33:44,4557.5,4557.5,3
2025-11-07T02:33:58.288689,02:33:58,4403.5,4403.5,3
2025-11-07T02:34:11.988481,02:34:11,4276.43,4276.43,3
2025-11-07T02:34:25.738348,02:34:25,4172.02,4172.02,3
2025-11-07T02:34:39.574949,02:34:39,4319.65,4319.65,3
2025-11-07T02:34:53.248861,02:34:53,4275.38,4275.38,3
2025-11-07T02:35:06.315617,02:35:06,4153.45,4153.45,3
2025-11-07T02:35:19.368972,02:35:19,4099.43,4099.43,3
2025-11-07T02:35:33.148214,02:35:33,4096.13,4096.13,3
2025-11-07T02:35:46.671807,02:35:46,4027.72,4027.72,3
2025-11-07T02:35:59.959227,02:35:59,4045.04,4045.04,3
2025-11-07T02:36:13.415109,02:36:13,4169.84,4169.84,3
2025-11-07T02:36:26.817087,02:36:26,4192.47,4192.47,3
2025-11-07T02:36:40.075153,02:36:40,4337.0,4337.0,3
2025-11-07T02:36:53.736525,02:36:53,4355.99,4355.99,3
2025-11-07T02:37:07.608130,02:37:07,4382.25,4382.25,3
2025-11-07T02:37:21.212232,02:37:21,4321.33,4321.33,3
2025-11-07T02:37:34.817458,02:37:34,4472.09,4472.09,3
2025-11-07T02:37:48.215928,02:37:48,4497.3,4497.3,3
2025-11-07T02:38:02.333795,02:38:02,4519.0,4519.0,3
2025-11-07T02:38:15.875133,02:38:15,4529.68,4529.68,3
2025-11-07T02:38:29.850328,02:38:29,4532.94,4532.94,3
2025-11-07T02:38:43.235004,02:38:43,4446.41,4446.41,3
2025-11-07T02:38:56.455097,02:38:56,4466.56,4466.56,3
2025-11-07T02:39:10.403205,02:39:10,4446.62,4446.62,3
2025-11-07T02:39:24.171532,02:39:24,4411.59,4411.59,3
2025-11-07T02:39:37.439846,02:39:37,4406.81,4406.81,3
2025-11-07T02:39:51.051603,02:39:51,4419.58,4419.58,3
2025-11-07T02:40:04.444852,02:40:04,4443.17,4443.17,3
2025-11-07T02:40:18.266687,02:40:18,4481.32,4481.32,3
2025-11-07T02:40:31.789016,02:40:31,4427.29,4427.29,3
2025-11-07T02:40:45.505653,02:40:45,4383.34,4383.34,3
2025-11-07T02:40:59.301933,02:40:59,4388.91,4388.91,3
2025-11-07T02:41:12.770813,02:41:12,4481.09,4481.09,3
2025-11-07T02:41:25.847908,02:41:25,4494.62,4494.62,3
2025-11-07T02:41:39.369933,02:41:39,4519.0,4519.0,3
2025-11-07T02:41:52.798697,02:41:52,4512.68,4512.68,3
2025-11-07T02:42:05.847476,02:42:05,4536.43,4536.43,3
2025-11-07T02:42:19.388247,02:42:19,4468.78,4468.78,3
2025-11-07T02:42:32.690532,02:42:32,4454.18,4454.18,3
2025-11-07T02:42:46.406196,02:42:46,4361.73,4361.73,3
2025-11-07T02:42:59.692946,02:42:59,4327.94,4327.94,3
2025-11-07T02:43:13.062221,02:43:13,4419.28,4419.28,3
2025-11-07T02:43:26.432113,02:43:26,4552.64,4552.64,3
2025-11-07T02:43:40.242823,02:43:40,4524.36,4524.36,3
2025-11-07T02:43:53.504386,02:43:53,4191.85,4191.85,3
2025-11-07T02:44:07.252587,02:44:07,4008.31,4008.31,3
2025-11-07T02:44:20.850489,02:44:20,3993.27,3993.27,3
2025-11-07T02:44:34.645684,02:44:34,3942.14,3942.14,3
2025-11-07T02:44:48.712008,02:44:48,3872.54,3872.54,3
2025-11-07T02:45:02.628578,02:45:02,3957.02,3957.02,3
2025-11-07T02:45:16.324043,02:45:16,4007.41,4007.41,3
2025-11-07T02:45:29.440576,02:45:29,4022.47,4022.47,3
2025-11-07T02:45:43.039675,02:45:43,4025.9,4025.9,3
2025-11-07T02:45:56.602574,02:45:56,3971.1,3971.1,3
2025-11-07T02:46:10.273183,02:46:10,3865.93,3865.93,3
2025-11-07T02:46:23.641275,02:46:23,3841.02,3841.02,3
2025-11-07T02:46:37.193716,02:46:37,3947.01,3947.01,3
2025-11-07T02:46:51.268776,02:46:51,4024.33,4024.33,3
2025-11-07T02:47:04.937034,02:47:04,4062.04,4062.04,3
2025-11-07T02:47:18.381391,02:47:18,4028.81,4028.81,3
2025-11-07T02:47:32.208069,02:47:32,3973.14,3973.14,3
2025-11-07T02:47:45.558451,02:47:45,4096.15,4096.15,3
2025-11-07T02:47:58.576821,02:47:58,4235.24,4235.24,3
2025-11-07T02:48:11.900258,02:48:11,4260.22,4260.22,3
2025-11-07T02:48:25.554066,02:48:25,4229.52,4229.52,3
2025-11-07T02:48:39.265744,02:48:39,4159.4,4159.4,3
2025-11-07T02:48:52.381085,02:48:52,4109.13,4109.13,3
2025-11-07T02:49:06.389754,02:49:06,4122.43,4122.43,3
2025-11-07T02:49:20.209226,02:49:20,4120.63,4120.63,3
2025-11-07T02:49:33.683844,02:49:33,4167.4,4167.4,3
2025-11-07T02:49:47.468185,02:49:47,4225.19,4225.19,3
2025-11-07T02:50:00.755428,02:50:00,4216.39,4216.39,3
2025-11-07T02:50:14.391738,02:50:14,4222.43,4222.43,3
2025-11-07T02:50:28.476450,02:50:28,4227.75,4227.75,3
2025-11-07T02:50:42.299710,02:50:42,4158.27,4158.27,3
2025-11-07T02:50:56.327611,02:50:56,4179.48,4179.48,3
2025-11-07T02:51:10.227495,02:51:10,4171.07,4171.07,3
2025-11-07T02:51:24.207458,02:51:24,4166.58,4166.58,3
2025-11-07T02:51:38.011025,02:51:38,4154.52,4154.52,3
2025-11-07T02:51:51.268090,02:51:51,4139.15,4139.15,3
2025-11-07T02:52:04.632362,02:52:04,4216.76,4216.76,3
2025-11-07T02:52:18.244727,02:52:18,4188.78,4188.78,3
2025-11-07T02:52:31.287300,02:52:31,4141.34,4141.34,3
2025-11-07T02:52:44.506100,02:52:44,4227.08,4227.08,3
2025-11-07T02:52:57.711832,02:52:57,4305.33,4305.33,3
2025-11-07T02:53:11.618236,02:53:11,4332.5,4332.5,3
2025-11-07T02:53:25.387020,02:53:25,4348.49,4348.49,3
2025-11-07T02:53:38.796102,02:53:38,4268.9,4268.9,3
2025-11-07T02:53:52.589388,02:53:52,4313.66,4313.66,3
2025-11-07T02:54:06.099753,02:54:06,4431.26,4431.26,3
2025-11-07T02:54:19.744655,02:54:19,4431.17,4431.17,3
2025-11-07T02:54:33.423819,02:54:33,4440.37,4440.37,3
2025-11-07T02:54:46.597565,02:54:46,4444.37,4444.37,3
2025-11-07T02:55:00.103190,02:55:00,4525.5,4525.5,3
2025-11-07T02:55:12.996168,02:55:12,4450.67,4450.67,3
2025-11-07T02:55:26.278000,02:55:26,4561.32,4561.32,3
2025-11-07T02:55:39.766903,02:55:39,4486.98,4486.98,3
2025-11-07T02:55:53.645016,02:55:53,4381.61,4381.61,3
2025-11-07T02:56:06.864958,02:56:06,4337.54,4337.54,3
2025-11-07T02:56:20.685321,02:56:20,4339.99,4339.99,3
2025-11-07T02:56:34.331510,02:56:34,4330.72,4330.72,3
2025-11-07T02:56:47.657391,02:56:47,4371.46,4371.46,3
2025-11-07T02:57:00.964610,02:57:00,4410.97,4410.97,3
2025-11-07T02:57:14.232198,02:57:14,4502.69,4502.69,3
2025-11-07T02:57:27.380664,02:57:27,4620.62,4620.62,3
2025-11-07T02:57:40.714824,02:57:40,4770.21,4770.21,3
2025-11-07T02:57:54.465540,02:57:54,4820.26,4820.26,3
2025-11-07T02:58:07.762292,02:58:07,4886.34,4886.34,3
2025-11-07T02:58:21.499923,02:58:21,4947.06,4947.06,3
2025-11-07T02:58:35.185078,02:58:35,4926.76,4926.76,3
2025-11-07T02:58:48.837740,02:58:48,4806.87,4806.87,3
2025-11-07T02:59:02.510856,02:59:02,4835.36,4835.36,3
2025-11-07T02:59:16.114977,02:59:16,4896.51,4896.51,3
2025-11-07T02:59:29.437480,02:59:29,4879.86,4879.86,3
2025-11-07T02:59:43.543824,02:59:43,4874.27,4874.27,3
2025-11-07T02:59:57.377215,02:59:57,4884.18,4884.18,3
2025-11-07T03:00:10.674128,03:00:10,4907.18,4907.18,3
2025-11-07T03:00:23.929869,03:00:23,4838.03,4838.03,3
2025-11-07T03:00:37.297990,03:00:37,4780.65,4780.65,3
2025-11-07T03:00:50.920206,03:00:50,4872.72,4872.72,3
2025-11-07T03:01:04.603329,03:01:04,4815.27,4815.27,3
2025-11-07T03:01:18.194688,03:01:18,4823.08,4823.08,3
2025-11-07T03:01:31.219760,03:01:31,4892.16,4892.16,3
2025-11-07T03:01:45.224954,03:01:45,4897.75,4897.75,3
2025-11-07T03:01:58.147445,03:01:58,4929.36,4929.36,3
2025-11-07T03:02:11.645244,03:02:11,4993.16,4993.16,3
2025-11-07T03:02:25.135050,03:02:25,5052.25,5052.25,3
2025-11-07T03:02:38.658522,03:02:38,5023.2,5023.2,3
2025-11-07T03:02:52.563412,03:02:52,5051.9,5051.9,3
2025-11-07T03:03:06.442840,03:03:06,5011.04,5011.04,3
2025-11-07T03:03:20.246114,03:03:20,4929.02,4929.02,3
2025-11-07T03:03:34.200279,03:03:34,4967.6,4967.6,3
2025-11-07T03:03:47.547174,03:03:47,5029.06,5029.06,3
2025-11-07T03:04:00.894753,03:04:00,5079.23,5079.23,3
2025-11-07T03:04:14.701745,03:04:14,5118.09,5118.09,3
2025-11-07T03:04:28.494120,03:04:28,5166.24,5166.24,3
2025-11-07T03:04:42.336243,03:04:42,5151.8,5151.8,3
2025-11-07T03:04:56.268062,03:04:56,5183.75,5183.75,3
2025-11-07T03:05:09.745662,03:05:09,5173.81,5173.81,3
2025-11-07T03:05:23.255143,03:05:23,5179.16,5179.16,3
2025-11-07T03:05:37.166958,03:05:37,5070.69,5070.69,3
2025-11-07T03:05:50.674493,03:05:50,4994.05,4994.05,3
2025-11-07T03:06:04.430950,03:06:04,5019.29,5019.29,3
2025-11-07T03:06:18.238403,03:06:18,5016.84,5016.84,3
2025-11-07T03:06:32.090252,03:06:32,5084.01,5084.01,3
2025-11-07T03:06:45.463456,03:06:45,5158.78,5158.78,3
2025-11-07T03:06:59.136180,03:06:59,5213.1,5213.1,3
2025-11-07T03:07:13.409084,03:07:13,5132.75,5132.75,3
2025-11-07T03:07:26.994882,03:07:26,5102.35,5102.35,3
2025-11-07T03:07:40.713886,03:07:40,5173.79,5173.79,3
2025-11-07T03:07:54.320460,03:07:54,5183.52,5183.52,3
2025-11-07T03:08:07.844960,03:08:07,5227.08,5227.08,3
2025-11-07T03:08:21.220913,03:08:21,5163.68,5163.68,3
2025-11-07T03:08:34.885803,03:08:34,5162.79,5162.79,3
2025-11-07T03:08:48.477539,03:08:48,5200.87,5200.87,3
2025-11-07T03:09:01.549542,03:09:01,5197.44,5197.44,3
2025-11-07T03:09:15.444324,03:09:15,5155.74,5155.74,3
2025-11-07T03:09:29.486259,03:09:29,5141.12,5141.12,3
2025-11-07T03:09:43.261446,03:09:43,5121.06,5121.06,3
2025-11-07T03:09:56.707133,03:09:56,5199.35,5199.35,3
2025-11-07T03:10:09.498199,03:10:09,5073.57,5073.57,3
2025-11-07T03:10:23.215386,03:10:23,5122.36,5122.36,3
2025-11-07T03:10:36.794811,03:10:36,5107.54,5107.54,3
2025-11-07T03:10:50.537062,03:10:50,5143.02,5143.02,3
2025-11-07T03:11:04.170315,03:11:04,5147.15,5147.15,3
2025-11-07T03:11:17.906493,03:11:17,5152.58,5152.58,3
2025-11-07T03:11:31.517905,03:11:31,5189.03,5189.03,3
2025-11-07T03:11:45.218829,03:11:45,5231.57,5231.57,3
2025-11-07T03:11:58.967447,03:11:58,5285.05,5285.05,3
2025-11-07T03:12:12.768881,03:12:12,5382.79,5382.79,3
2025-11-07T03:12:26.419050,03:12:26,5550.97,5550.97,3
2025-11-07T03:12:40.410254,03:12:40,5655.15,5655.15,3
2025-11-07T03:12:54.197760,03:12:54,5670.61,5670.61,3
2025-11-07T03:13:08.103049,03:13:08,5649.56,5649.56,3
2025-11-07T03:13:21.670618,03:13:21,5703.75,5703.75,3
2025-11-07T03:13:34.956183,03:13:34,5661.26,5661.26,3
2025-11-07T03:13:48.655835,03:13:48,5687.01,5687.01,3
2025-11-07T03:14:02.264208,03:14:02,5706.98,5706.98,3
2025-11-07T03:14:16.210024,03:14:16,5587.68,5587.68,3
2025-11-07T03:14:30.234762,03:14:30,5608.99,5608.99,3
2025-11-07T03:14:44.224602,03:14:44,5475.62,5475.62,3
2025-11-07T03:14:58.130418,03:14:58,5413.64,5413.64,3
2025-11-07T03:15:11.759159,03:15:11,5378.75,5378.75,3
2025-11-07T03:15:24.814930,03:15:24,5332.14,5332.14,3
2025-11-07T03:15:38.533176,03:15:38,5337.42,5337.42,3
2025-11-07T03:15:52.351099,03:15:52,5301.4,5301.4,3
2025-11-07T03:16:05.890608,03:16:05,5289.1,5289.1,3
2025-11-07T03:16:19.534489,03:16:19,5248.79,5248.79,3
2025-11-07T03:16:33.393014,03:16:33,5324.46,5324.46,3
2025-11-07T03:16:47.130603,03:16:47,5339.47,5339.47,3
2025-11-07T03:17:00.672818,03:17:00,5374.76,5374.76,3
2025-11-07T03:17:14.036776,03:17:14,5399.73,5399.73,3
2025-11-07T03:17:27.697404,03:17:27,5401.05,5401.05,3
2025-11-07T03:17:41.513639,03:17:41,5371.46,5371.46,3
2025-11-07T03:17:54.914577,03:17:54,5384.66,5384.66,3
2025-11-07T03:18:09.134959,03:18:09,5272.35,5272.35,3
2025-11-07T03:18:22.977438,03:18:22,5261.76,5261.76,3
2025-11-07T03:18:36.367413,03:18:36,5232.0,5232.0,3
2025-11-07T03:18:49.804761,03:18:49,5181.65,5181.65,3
2025-11-07T03:19:03.981210,03:19:03,5170.85,5170.85,3
2025-11-07T03:19:17.498487,03:19:17,5132.37,5132.37,3
2025-11-07T03:19:31.244395,03:19:31,5126.79,5126.79,3
2025-11-07T03:19:44.830703,03:19:44,5111.78,5111.78,3
2025-11-07T03:19:58.480036,03:19:58,5119.92,5119.92,3
2025-11-07T03:20:11.826198,03:20:11,4951.4,4951.4,3
2025-11-07T03:20:25.298173,03:20:25,4983.19,4983.19,3
2025-11-07T03:20:38.569973,03:20:38,5041.45,5041.45,3
2025-11-07T03:20:52.255633,03:20:52,5228.9,5228.9,3
2025-11-07T03:21:06.230127,03:21:06,5332.46,5332.46,3
2025-11-07T03:21:19.750922,03:21:19,5407.28,5407.28,3
2025-11-07T03:21:33.720589,03:21:33,5485.03,5485.03,3
2025-11-07T03:21:47.228756,03:21:47,5677.26,5677.26,3
2025-11-07T03:22:01.599798,03:22:01,5725.77,5725.77,3
2025-11-07T03:22:14.938571,03:22:14,5835.61,5835.61,3
2025-11-07T03:22:29.290882,03:22:29,5875.39,5875.39,3
2025-11-07T03:22:42.774817,03:22:42,5953.84,5953.84,3
2025-11-07T03:22:56.169013,03:22:56,5876.6,5876.6,3
2025-11-07T03:23:09.543065,03:23:09,5797.21,5797.21,3
2025-11-07T03:23:23.350068,03:23:23,5824.98,5824.98,3
2025-11-07T03:23:37.514055,03:23:37,5810.74,5810.74,3
2025-11-07T03:23:51.438885,03:23:51,5825.74,5825.74,3
2025-11-07T03:24:05.202228,03:24:05,5863.6,5863.6,3
2025-11-07T03:24:18.807114,03:24:18,5838.39,5838.39,3
2025-11-07T03:24:32.550750,03:24:32,5849.64,5849.64,3
2025-11-07T03:24:46.178439,03:24:46,5839.65,5839.65,3
2025-11-07T03:25:00.152897,03:25:00,5872.4,5872.4,3
2025-11-07T03:25:13.593743,03:25:13,5921.25,5921.25,3
2025-11-07T03:25:27.331466,03:25:27,5916.7,5916.7,3
2025-11-07T03:25:40.677302,03:25:40,5932.07,5932.07,3
2025-11-07T03:25:54.606210,03:25:54,5930.75,5930.75,3
2025-11-07T03:26:08.470219,03:26:08,5893.05,5893.05,3
2025-11-07T03:26:21.660815,03:26:21,5896.55,5896.55,3
2025-11-07T03:26:35.458766,03:26:35,5828.53,5828.53,3
2025-11-07T03:26:48.894729,03:26:48,5768.09,5768.09,3
2025-11-07T03:27:02.639341,03:27:02,5729.63,5729.63,3
2025-11-07T03:27:16.405969,03:27:16,5699.05,5699.05,3
2025-11-07T03:27:29.892886,03:27:29,5634.08,5634.08,3
2025-11-07T03:27:43.450682,03:27:43,5632.34,5632.34,3
2025-11-07T03:27:56.735891,03:27:56,5606.64,5606.64,3
2025-11-07T03:28:10.244801,03:28:10,5668.1,5668.1,3
2025-11-07T03:28:23.535360,03:28:23,5696.11,5696.11,3
2025-11-07T03:28:37.480252,03:28:37,5731.42,5731.42,3
2025-11-07T03:28:50.407837,03:28:50,5686.38,5686.38,3
2025-11-07T03:29:04.207251,03:29:04,5722.76,5722.76,3
2025-11-07T03:29:18.268781,03:29:18,5821.75,5821.75,3
2025-11-07T03:29:32.275987,03:29:32,5754.73,5754.73,3
2025-11-07T03:29:46.026276,03:29:46,5762.84,5762.84,3
2025-11-07T03:29:59.604090,03:29:59,5742.16,5742.16,3
2025-11-07T03:30:13.154965,03:30:13,5674.38,5674.38,3
2025-11-07T03:30:27.205849,03:30:27,5637.93,5637.93,3
2025-11-07T03:30:41.214839,03:30:41,5679.92,5679.92,3
2025-11-07T03:30:54.627241,03:30:54,5771.1,5771.1,3
2025-11-07T03:31:08.076090,03:31:08,5743.43,5743.43,3
2025-11-07T03:31:21.693749,03:31:21,5723.01,5723.01,3
2025-11-07T03:31:35.441732,03:31:35,5713.63,5713.63,3
2025-11-07T03:31:49.333945,03:31:49,5714.41,5714.41,3
2025-11-07T03:32:03.102373,03:32:03,5762.9,5762.9,3
2025-11-07T03:32:16.766928,03:32:16,5759.33,5759.33,3
2025-11-07T03:32:30.275845,03:32:30,5763.96,5763.96,3
2025-11-07T03:32:44.350973,03:32:44,5752.9,5752.9,3
2025-11-07T03:32:57.827082,03:32:57,5895.65,5895.65,3
2025-11-07T03:33:11.373811,03:33:11,5927.41,5927.41,3
2025-11-07T03:33:24.676269,03:33:24,5949.92,5949.92,3
2025-11-07T03:33:38.351252,03:33:38,5966.83,5966.83,3
2025-11-07T03:33:52.310451,03:33:52,5974.65,5974.65,3
2025-11-07T03:34:05.681484,03:34:05,6047.33,6047.33,3
2025-11-07T03:34:18.960129,03:34:18,6050.46,6050.46,3
2025-11-07T03:34:32.640126,03:34:32,6089.95,6089.95,3
2025-11-07T03:34:45.970413,03:34:45,6123.21,6123.21,3
2025-11-07T03:34:59.359964,03:34:59,6147.25,6147.25,3
2025-11-07T03:35:12.571033,03:35:12,6178.77,6178.77,3
2025-11-07T03:35:26.572304,03:35:26,6124.52,6124.52,3
2025-11-07T03:35:40.284631,03:35:40,6155.98,6155.98,3
2025-11-07T03:35:54.073132,03:35:54,6179.96,6179.96,3
2025-11-07T03:36:07.395139,03:36:07,6174.03,6174.03,3
2025-11-07T03:36:21.381390,03:36:21,6207.95,6207.95,3
2025-11-07T03:36:35.168163,03:36:35,6216.1,6216.1,3
2025-11-07T03:36:48.601928,03:36:48,6246.86,6246.86,3
2025-11-07T03:37:02.545554,03:37:02,6274.9,6274.9,3
2025-11-07T03:37:16.613998,03:37:16,6104.86,6104.86,3
2025-11-07T03:37:30.459933,03:37:30,6095.74,6095.74,3
2025-11-07T03:37:43.894830,03:37:43,6098.12,6098.12,3
2025-11-07T03:37:56.764402,03:37:56,6099.19,6099.19,3
2025-11-07T03:38:10.560774,03:38:10,5999.23,5999.23,3
2025-11-07T03:38:24.294792,03:38:24,6022.22,6022.22,3
2025-11-07T03:38:38.478091,03:38:38,6131.96,6131.96,3
2025-11-07T03:38:52.291227,03:38:52,6015.85,6015.85,3
2025-11-07T03:39:06.301349,03:39:06,6080.78,6080.78,3
2025-11-07T03:39:20.205842,03:39:20,6057.82,6057.82,3
2025-11-07T03:39:34.322099,03:39:34,6034.39,6034.39,3
2025-11-07T03:39:47.466538,03:39:47,6000.6,6000.6,3
2025-11-07T03:40:00.827964,03:40:00,5964.39,5964.39,3
2025-11-07T03:40:14.440048,03:40:14,5897.28,5897.28,3
2025-11-07T03:40:27.632799,03:40:27,5907.47,5907.47,3
2025-11-07T03:40:41.035133,03:40:41,5840.39,5840.39,3
2025-11-07T03:40:54.223275,03:40:54,5875.73,5875.73,3
2025-11-07T03:41:07.769558,03:41:07,5860.04,5860.04,3
2025-11-07T03:41:21.564796,03:41:21,5877.74,5877.74,3
2025-11-07T03:41:34.709633,03:41:34,5863.05,5863.05,3
2025-11-07T03:41:48.274163,03:41:48,5820.55,5820.55,3
2025-11-07T03:42:01.574041,03:42:01,5825.94,5825.94,3
2025-11-07T03:42:14.373205,03:42:14,5757.89,5757.89,3
2025-11-07T03:42:27.815632,03:42:27,5664.79,5664.79,3
2025-11-07T03:42:41.859963,03:42:41,5636.68,5636.68,3
2025-11-07T03:42:55.515600,03:42:55,5618.56,5618.56,3
2025-11-07T03:43:08.586754,03:43:08,5578.47,5578.47,3
2025-11-07T03:43:22.288068,03:43:22,5655.13,5655.13,3
2025-11-07T03:43:36.100755,03:43:36,5655.7,5655.7,3
2025-11-07T03:43:49.563816,03:43:49,5657.04,5657.04,3
2025-11-07T03:44:03.182798,03:44:03,5611.56,5611.56,3
2025-11-07T03:44:17.314971,03:44:17,5523.95,5523.95,3
2025-11-07T03:44:30.675880,03:44:30,5453.67,5453.67,3
2025-11-07T03:44:44.382076,03:44:44,5444.02,5444.02,3
2025-11-07T03:44:58.223491,03:44:58,5440.83,5440.83,3
2025-11-07T03:45:11.241585,03:45:11,5434.02,5434.02,3
2025-11-07T03:45:24.521024,03:45:24,5558.54,5558.54,3
2025-11-07T03:45:38.344862,03:45:38,5656.37,5656.37,3
2025-11-07T03:45:51.415685,03:45:51,5665.21,5665.21,3
2025-11-07T03:46:05.353080,03:46:05,5673.43,5673.43,3
2025-11-07T03:46:18.610117,03:46:18,5695.83,5695.83,3
2025-11-07T03:46:31.632716,03:46:31,5733.75,5733.75,3
2025-11-07T03:46:45.424453,03:46:45,5780.37,5780.37,3
2025-11-07T03:46:59.446443,03:46:59,5746.59,5746.59,3
2025-11-07T03:47:13.096326,03:47:13,5718.17,5718.17,3
2025-11-07T03:47:26.611603,03:47:26,5725.36,5725.36,3
2025-11-07T03:47:40.082916,03:47:40,5727.09,5727.09,3
2025-11-07T03:47:53.250812,03:47:53,5708.66,5708.66,3
2025-11-07T03:48:06.439016,03:48:06,5789.92,5789.92,3
2025-11-07T03:48:20.288187,03:48:20,5753.97,5753.97,3
2025-11-07T03:48:33.587935,03:48:33,5717.27,5717.27,3
2025-11-07T03:48:47.310065,03:48:47,5744.55,5744.55,3
2025-11-07T03:49:00.607447,03:49:00,5730.36,5730.36,3
2025-11-07T03:49:14.343409,03:49:14,5742.02,5742.02,3
2025-11-07T03:49:27.282382,03:49:27,5699.98,5699.98,3
2025-11-07T03:49:41.156505,03:49:41,5744.03,5744.03,3
2025-11-07T03:49:54.702271,03:49:54,5858.31,5858.31,3
2025-11-07T03:50:08.492009,03:50:08,5857.41,5857.41,3
2025-11-07T03:50:22.397854,03:50:22,5798.3,5798.3,3
2025-11-07T03:50:35.598138,03:50:35,5841.42,5841.42,3
2025-11-07T03:50:48.887013,03:50:48,5850.95,5850.95,3
2025-11-07T03:51:02.547211,03:51:02,5957.75,5957.75,3
2025-11-07T03:51:15.912734,03:51:15,6026.18,6026.18,3
2025-11-07T03:51:29.637844,03:51:29,6128.65,6128.65,3
2025-11-07T03:51:43.531958,03:51:43,6017.15,6017.15,3
2025-11-07T03:51:57.197323,03:51:57,6042.09,6042.09,3
2025-11-07T03:52:10.240665,03:52:10,6023.83,6023.83,3
2025-11-07T03:52:23.516074,03:52:23,6054.47,6054.47,3
2025-11-07T03:52:37.264713,03:52:37,6065.42,6065.42,3
2025-11-07T03:52:51.105976,03:52:51,6047.07,6047.07,3
2025-11-07T03:53:04.455514,03:53:04,6040.35,6040.35,3
2025-11-07T03:53:18.359438,03:53:18,5992.46,5992.46,3
2025-11-07T03:53:32.225944,03:53:32,5973.8,5973.8,3
2025-11-07T03:53:45.377580,03:53:45,5973.17,5973.17,3
2025-11-07T03:53:59.544201,03:53:59,5970.29,5970.29,3
2025-11-07T03:54:13.474877,03:54:13,6017.73,6017.73,3
2025-11-07T03:54:27.226368,03:54:27,6014.38,6014.38,3
2025-11-07T03:54:40.940186,03:54:40,6020.48,6020.48,3
2025-11-07T03:54:53.951690,03:54:53,5999.63,5999.63,3
2025-11-07T03:55:07.420456,03:55:07,5899.58,5899.58,3
2025-11-07T03:55:20.663326,03:55:20,5887.93,5887.93,3
2025-11-07T03:55:34.071169,03:55:34,5942.86,5942.86,3
2025-11-07T03:55:47.812479,03:55:47,5944.79,5944.79,3
2025-11-07T03:56:01.844907,03:56:01,5924.09,5924.09,3
2025-11-07T03:56:15.287892,03:56:15,5961.31,5961.31,3
2025-11-07T03:56:29.568178,03:56:29,5898.95,5898.95,3
2025-11-07T03:56:43.388857,03:56:43,5884.17,5884.17,3
2025-11-07T03:56:57.202539,03:56:57,5805.78,5805.78,3
2025-11-07T03:57:10.682957,03:57:10,5571.0,5571.0,3
2025-11-07T03:57:23.736303,03:57:23,5513.92,5513.92,3
2025-11-07T03:57:37.488157,03:57:37,5466.28,5466.28,3
2025-11-07T03:57:50.749814,03:57:50,5426.96,5426.96,3
2025-11-07T03:58:04.220364,03:58:04,5467.79,5467.79,3
2025-11-07T03:58:17.567235,03:58:17,5639.61,5639.61,3
2025-11-07T03:58:31.207639,03:58:31,5612.12,5612.12,3
2025-11-07T03:58:45.261675,03:58:45,5664.38,5664.38,3
2025-11-07T03:58:59.414215,03:58:59,5650.52,5650.52,3
2025-11-07T03:59:13.377695,03:59:13,5723.33,5723.33,3
2025-11-07T03:59:27.125288,03:59:27,5682.69,5682.69,3
2025-11-07T03:59:40.809799,03:59:40,5652.97,5652.97,3
2025-11-07T03:59:54.396093,03:59:54,5674.84,5674.84,3
2025-11-07T04:00:08.212515,04:00:08,5627.89,5627.89,3
2025-11-07T04:00:21.390434,04:00:21,5554.35,5554.35,3
2025-11-07T04:00:34.970501,04:00:34,5566.48,5566.48,3
2025-11-07T04:00:48.511167,04:00:48,5587.83,5587.83,3
2025-11-07T04:01:02.465444,04:01:02,5626.11,5626.11,3
2025-11-07T04:01:16.498118,04:01:16,5740.17,5740.17,3
2025-11-07T04:01:29.683097,04:01:29,5785.14,5785.14,3
2025-11-07T04:01:42.914898,04:01:42,5739.42,5739.42,3
2025-11-07T04:01:56.615579,04:01:56,5783.86,5783.86,3
2025-11-07T04:02:09.671309,04:02:09,5947.02,5947.02,3
2025-11-07T04:02:23.228467,04:02:23,5939.37,5939.37,3
2025-11-07T04:02:36.649240,04:02:36,5926.73,5926.73,3
2025-11-07T04:02:50.174595,04:02:50,5925.09,5925.09,3
2025-11-07T04:03:03.659250,04:03:03,5932.26,5932.26,3
2025-11-07T04:03:16.876240,04:03:16,5970.38,5970.38,3
2025-11-07T04:03:30.413328,04:03:30,5909.73,5909.73,3
2025-11-07T04:03:44.044616,04:03:44,5913.59,5913.59,3
2025-11-07T04:03:57.212764,04:03:57,5947.38,5947.38,3
2025-11-07T04:04:10.806058,04:04:10,5901.88,5901.88,3
2025-11-07T04:04:24.566288,04:04:24,5820.52,5820.52,3
2025-11-07T04:04:38.124286,04:04:38,5854.21,5854.21,3
2025-11-07T04:04:51.641221,04:04:51,5886.45,5886.45,3
2025-11-07T04:05:04.907636,04:05:04,5855.2,5855.2,3
2025-11-07T04:05:18.298786,04:05:18,5801.58,5801.58,3
2025-11-07T04:05:31.838846,04:05:31,5806.27,5806.27,3
2025-11-07T04:05:45.086433,04:05:45,5816.88,5816.88,3
2025-11-07T04:05:58.651066,04:05:58,5704.45,5704.45,3
2025-11-07T04:06:12.587738,04:06:12,5641.7,5641.7,3
2025-11-07T04:06:26.159878,04:06:26,5562.66,5562.66,3
2025-11-07T04:06:40.109746,04:06:40,5562.94,5562.94,3
2025-11-07T04:06:53.436823,04:06:53,5622.57,5622.57,3
2025-11-07T04:07:06.824454,04:07:06,5647.27,5647.27,3
2025-11-07T04:07:20.475480,04:07:20,5572.98,5572.98,3
2025-11-07T04:07:33.992175,04:07:33,5560.49,5560.49,3
2025-11-07T04:07:48.133001,04:07:48,5577.68,5577.68,3
2025-11-07T04:08:02.140491,04:08:02,5565.89,5565.89,3
2025-11-07T04:08:15.798872,04:08:15,5555.87,5555.87,3
2025-11-07T04:08:29.280042,04:08:29,5507.0,5507.0,3
2025-11-07T04:08:43.470411,04:08:43,5541.39,5541.39,3
2025-11-07T04:08:56.481044,04:08:56,5628.22,5628.22,3
2025-11-07T04:09:10.124496,04:09:10,5743.46,5743.46,3
2025-11-07T04:09:23.466216,04:09:23,5619.73,5619.73,3
2025-11-07T04:09:36.847707,04:09:36,5619.46,5619.46,3
2025-11-07T04:09:50.222648,04:09:50,5617.23,5617.23,3
2025-11-07T04:10:03.841188,04:10:03,5562.28,5562.28,3
2025-11-07T04:10:17.356820,04:10:17,5543.38,5543.38,3
2025-11-07T04:10:30.669430,04:10:30,5534.87,5534.87,3
2025-11-07T04:10:44.430422,04:10:44,5636.22,5636.22,3
2025-11-07T04:10:57.891488,04:10:57,5658.64,5658.64,3
2025-11-07T04:11:11.393011,04:11:11,5653.21,5653.21,3
2025-11-07T04:11:25.219044,04:11:25,5652.93,5652.93,3
2025-11-07T04:11:39.221251,04:11:39,5660.17,5660.17,3
2025-11-07T04:11:52.506478,04:11:52,5661.28,5661.28,3
2025-11-07T04:12:05.652529,04:12:05,5667.23,5667.23,3
2025-11-07T04:12:19.239398,04:12:19,5520.62,5520.62,3
2025-11-07T04:12:33.184239,04:12:33,5616.22,5616.22,3
2025-11-07T04:12:47.050053,04:12:47,5619.05,5619.05,3
2025-11-07T04:13:00.112492,04:13:00,5616.48,5616.48,3
2025-11-07T04:13:13.516260,04:13:13,5625.76,5625.76,3
2025-11-07T04:13:26.590444,04:13:26,5633.39,5633.39,3
2025-11-07T04:13:40.415028,04:13:40,5626.81,5626.81,3
2025-11-07T04:13:53.729252,04:13:53,5649.0,5649.0,3
2025-11-07T04:14:07.465976,04:14:07,5651.06,5651.06,3
2025-11-07T04:14:21.226820,04:14:21,5646.04,5646.04,3
2025-11-07T04:14:34.854611,04:14:34,5648.02,5648.02,3
2025-11-07T04:14:48.669990,04:14:48,5657.13,5657.13,3
2025-11-07T04:15:02.302451,04:15:02,5661.09,5661.09,3
2025-11-07T04:15:16.148984,04:15:16,5668.31,5668.31,3
2025-11-07T04:15:29.619844,04:15:29,5684.2,5684.2,3
2025-11-07T04:15:42.894836,04:15:42,5701.19,5701.19,3
2025-11-07T04:15:56.380749,04:15:56,5706.03,5706.03,3
2025-11-07T04:16:10.282839,04:16:10,5691.87,5691.87,3
2025-11-07T04:16:23.839687,04:16:23,5678.41,5678.41,3
2025-11-07T04:16:37.482411,04:16:37,5606.71,5606.71,3
2025-11-07T04:16:51.141473,04:16:51,5568.93,5568.93,3
2025-11-07T04:17:04.593029,04:17:04,5482.84,5482.84,3
2025-11-07T04:17:17.634304,04:17:17,5510.57,5510.57,3
2025-11-07T04:17:31.418222,04:17:31,5494.41,5494.41,3
2025-11-07T04:17:44.636336,04:17:44,5499.28,5499.28,3
2025-11-07T04:17:58.618394,04:17:58,5502.69,5502.69,3
2025-11-07T04:18:12.603320,04:18:12,5501.14,5501.14,3
2025-11-07T04:18:25.715642,04:18:25,5520.34,5520.34,3
2025-11-07T04:18:39.195691,04:18:39,5552.43,5552.43,3
2025-11-07T04:18:52.468352,04:18:52,5651.86,5651.86,3
2025-11-07T04:19:05.700928,04:19:05,5740.02,5740.02,3
2025-11-07T04:19:19.337398,04:19:19,5750.07,5750.07,3
2025-11-07T04:19:33.007854,04:19:33,5794.77,5794.77,3
2025-11-07T04:19:46.681242,04:19:46,5830.05,5830.05,3
2025-11-07T04:20:00.387590,04:20:00,5854.26,5854.26,3
2025-11-07T04:20:14.220513,04:20:14,5879.54,5879.54,3
2025-11-07T04:20:28.165111,04:20:28,5865.93,5865.93,3
2025-11-07T04:20:41.893361,04:20:41,5845.79,5845.79,3
2025-11-07T04:20:55.324045,04:20:55,5801.34,5801.34,3
2025-11-07T04:21:08.826516,04:21:08,5811.92,5811.92,3
2025-11-07T04:21:22.379540,04:21:22,5811.98,5811.98,3
2025-11-07T04:21:35.723453,04:21:35,5812.33,5812.33,3
2025-11-07T04:21:49.213667,04:21:49,5840.57,5840.57,3
2025-11-07T04:22:02.320370,04:22:02,5865.18,5865.18,3
2025-11-07T04:22:15.658761,04:22:15,5894.93,5894.93,3
2025-11-07T04:22:28.573187,04:22:28,5914.74,5914.74,3
2025-11-07T04:22:42.515832,04:22:42,5986.88,5986.88,3
2025-11-07T04:22:56.339301,04:22:56,5982.41,5982.41,3
2025-11-07T04:23:09.519440,04:23:09,5848.49,5848.49,3
2025-11-07T04:23:23.190979,04:23:23,5870.2,5870.2,3
2025-11-07T04:23:37.241819,04:23:37,5869.53,5869.53,3
2025-11-07T04:23:50.718983,04:23:50,5901.34,5901.34,3
2025-11-07T04:24:04.436140,04:24:04,5881.94,5881.94,3
2025-11-07T04:24:18.564279,04:24:18,5917.84,5917.84,3
2025-11-07T04:24:31.757163,04:24:31,5919.37,5919.37,3
2025-11-07T04:24:45.453857,04:24:45,5940.89,5940.89,3
2025-11-07T04:24:59.283427,04:24:59,5952.51,5952.51,3
2025-11-07T04:25:12.283083,04:25:12,5951.36,5951.36,3
2025-11-07T04:25:25.967597,04:25:25,5958.66,5958.66,3
2025-11-07T04:25:39.502616,04:25:39,5973.04,5973.04,3
2025-11-07T04:25:52.741121,04:25:52,5960.91,5960.91,3
2025-11-07T04:26:06.030588,04:26:06,5950.55,5950.55,3
2025-11-07T04:26:19.580892,04:26:19,5915.67,5915.67,3
2025-11-07T04:26:33.243847,04:26:33,5910.62,5910.62,3
2025-11-07T04:26:46.924958,04:26:46,5913.67,5913.67,3
2025-11-07T04:27:00.559222,04:27:00,5916.41,5916.41,3
2025-11-07T04:27:14.161073,04:27:14,5919.57,5919.57,3
2025-11-07T04:27:27.187493,04:27:27,5930.93,5930.93,3
2025-11-07T04:27:40.517234,04:27:40,5967.97,5967.97,3
2025-11-07T04:27:54.126503,04:27:54,5964.37,5964.37,3
2025-11-07T04:28:07.604936,04:28:07,5990.34,5990.34,3
2025-11-07T04:28:20.762214,04:28:20,6008.53,6008.53,3
2025-11-07T04:28:34.709888,04:28:34,6040.04,6040.04,3
2025-11-07T04:28:48.548099,04:28:48,6086.19,6086.19,3
2025-11-07T04:29:02.466892,04:29:02,6087.09,6087.09,3
2025-11-07T04:29:16.278865,04:29:16,6139.28,6139.28,3
2025-11-07T04:29:30.535291,04:29:30,6146.01,6146.01,3
2025-11-07T04:29:44.301963,04:29:44,6116.68,6116.68,3
2025-11-07T04:29:57.610444,04:29:57,6019.16,6019.16,3
2025-11-07T04:30:10.880238,04:30:10,5823.32,5823.32,3
2025-11-07T04:30:24.646847,04:30:24,5788.14,5788.14,3
2025-11-07T04:30:38.169061,04:30:38,5720.5,5720.5,3
2025-11-07T04:30:52.420958,04:30:52,5656.09,5656.09,3
2025-11-07T04:31:06.373806,04:31:06,5650.7,5650.7,3
2025-11-07T04:31:19.772423,04:31:19,5619.72,5619.72,3
2025-11-07T04:31:32.757654,04:31:32,5658.7,5658.7,3
2025-11-07T04:31:46.221119,04:31:46,5652.79,5652.79,3
2025-11-07T04:31:59.809121,04:31:59,5623.57,5623.57,3
2025-11-07T04:32:13.487141,04:32:13,5756.87,5756.87,3
2025-11-07T04:32:27.090342,04:32:27,5719.65,5719.65,3
2025-11-07T04:32:40.980947,04:32:40,5803.84,5803.84,3
2025-11-07T04:32:54.681507,04:32:54,5735.34,5735.34,3
2025-11-07T04:33:08.285365,04:33:08,5743.06,5743.06,3
2025-11-07T04:33:21.910381,04:33:21,5789.63,5789.63,3
2025-11-07T04:33:35.367738,04:33:35,5810.9,5810.9,3
2025-11-07T04:33:49.268864,04:33:49,5753.8,5753.8,3
2025-11-07T04:34:03.454265,04:34:03,5717.85,5717.85,3
2025-11-07T04:34:16.709867,04:34:16,5681.44,5681.44,3
2025-11-07T04:34:30.104652,04:34:30,5706.73,5706.73,3
2025-11-07T04:34:43.468229,04:34:43,5721.58,5721.58,3
2025-11-07T04:34:56.567476,04:34:56,5752.49,5752.49,3
2025-11-07T04:35:09.839667,04:35:09,5769.25,5769.25,3
2025-11-07T04:35:23.180310,04:35:23,5667.58,5667.58,3
2025-11-07T04:35:36.868963,04:35:36,5656.33,5656.33,3
2025-11-07T04:35:50.419463,04:35:50,5802.42,5802.42,3
2025-11-07T04:36:03.959246,04:36:03,5801.87,5801.87,3
2025-11-07T04:36:17.477824,04:36:17,5790.18,5790.18,3
2025-11-07T04:36:31.415139,04:36:31,5784.45,5784.45,3
2025-11-07T04:36:44.775451,04:36:44,5861.11,5861.11,3
2025-11-07T04:36:58.306233,04:36:58,5890.8,5890.8,3
2025-11-07T04:37:11.570378,04:37:11,5913.55,5913.55,3
2025-11-07T04:37:24.765708,04:37:24,5864.63,5864.63,3
2025-11-07T04:37:38.378327,04:37:38,5893.76,5893.76,3
2025-11-07T04:37:51.828132,04:37:51,5892.53,5892.53,3
2025-11-07T04:38:04.856932,04:38:04,5919.61,5919.61,3
2025-11-07T04:38:19.109893,04:38:19,5831.25,5831.25,3
2025-11-07T04:38:32.534770,04:38:32,5742.66,5742.66,3
2025-11-07T04:38:45.570952,04:38:45,5718.32,5718.32,3
2025-11-07T04:38:58.873261,04:38:58,5697.21,5697.21,3
2025-11-07T04:39:12.300521,04:39:12,5695.44,5695.44,3
2025-11-07T04:39:25.709007,04:39:25,5683.63,5683.63,3
2025-11-07T04:39:39.468150,04:39:39,5655.51,5655.51,3
2025-11-07T04:39:53.773162,04:39:53,5689.23,5689.23,3
2025-11-07T04:40:07.532552,04:40:07,5711.82,5711.82,3
2025-11-07T04:40:21.021550,04:40:21,5733.35,5733.35,3
2025-11-07T04:40:34.196914,04:40:34,5740.82,5740.82,3
2025-11-07T04:40:47.544920,04:40:47,5767.71,5767.71,3
2025-11-07T04:41:01.567814,04:41:01,5767.24,5767.24,3
2025-11-07T04:41:15.383595,04:41:15,5853.67,5853.67,3
2025-11-07T04:41:28.741706,04:41:28,5908.46,5908.46,3
2025-11-07T04:41:42.462021,04:41:42,5955.22,5955.22,3
2025-11-07T04:41:56.984659,04:41:56,6012.0,6012.0,3
2025-11-07T04:42:10.397347,04:42:10,6010.27,6010.27,3
2025-11-07T04:42:24.511076,04:42:24,6017.36,6017.36,3
2025-11-07T04:42:38.538678,04:42:38,6041.9,6041.9,3
2025-11-07T04:42:51.793686,04:42:51,6037.64,6037.64,3
2025-11-07T04:43:05.408467,04:43:05,5978.86,5978.86,3
2025-11-07T04:43:19.193183,04:43:19,6062.82,6062.82,3
2025-11-07T04:43:32.679300,04:43:32,6116.49,6116.49,3
2025-11-07T04:43:46.281219,04:43:46,6090.7,6090.7,3
2025-11-07T04:43:59.695856,04:43:59,6118.14,6118.14,3
2025-11-07T04:44:13.038464,04:44:13,6060.46,6060.46,3
2025-11-07T04:44:26.655267,04:44:26,6011.88,6011.88,3
2025-11-07T04:44:40.078103,04:44:40,6057.79,6057.79,3
2025-11-07T04:44:53.601451,04:44:53,5970.67,5970.67,3
2025-11-07T04:45:07.236699,04:45:07,5953.92,5953.92,3
2025-11-07T04:45:20.653780,04:45:20,5809.25,5809.25,3
2025-11-07T04:45:34.388650,04:45:34,5776.02,5776.02,3
2025-11-07T04:45:48.180084,04:45:48,5827.38,5827.38,3
2025-11-07T04:46:02.179153,04:46:02,5914.41,5914.41,3
2025-11-07T04:46:15.284859,04:46:15,5905.56,5905.56,3
2025-11-07T04:46:29.116989,04:46:29,5982.11,5982.11,3
2025-11-07T04:46:43.186332,04:46:43,5875.54,5875.54,3
2025-11-07T04:46:57.164559,04:46:57,5893.77,5893.77,3
2025-11-07T04:47:10.500209,04:47:10,5772.33,5772.33,3
2025-11-07T04:47:24.025372,04:47:24,5764.5,5764.5,3
2025-11-07T04:47:37.610005,04:47:37,5713.92,5713.92,3
2025-11-07T04:47:51.491100,04:47:51,5659.76,5659.76,3
2025-11-07T04:48:04.748931,04:48:04,5611.44,5611.44,3
2025-11-07T04:48:18.222676,04:48:18,5644.61,5644.61,3
2025-11-07T04:48:31.856133,04:48:31,5636.56,5636.56,3
2025-11-07T04:48:45.697014,04:48:45,5632.28,5632.28,3
2025-11-07T04:48:58.890874,04:48:58,5677.08,5677.08,3
2025-11-07T04:49:11.968983,04:49:11,5613.55,5613.55,3
2025-11-07T04:49:25.381946,04:49:25,5693.42,5693.42,3
2025-11-07T04:49:38.658565,04:49:38,5627.81,5627.81,3
2025-11-07T04:49:51.967744,04:49:51,5610.17,5610.17,3
2025-11-07T04:50:04.976154,04:50:04,5619.19,5619.19,3
2025-11-07T04:50:18.394460,04:50:18,5660.37,5660.37,3
2025-11-07T04:50:32.080599,04:50:32,5728.77,5728.77,3
2025-11-07T04:50:45.563105,04:50:45,5763.46,5763.46,3
2025-11-07T04:50:59.275187,04:50:59,5619.92,5619.92,3
2025-11-07T04:51:12.610706,04:51:12,5657.23,5657.23,3
2025-11-07T04:51:26.093656,04:51:26,5472.57,5472.57,3
2025-11-07T04:51:39.308371,04:51:39,5484.73,5484.73,3
2025-11-07T04:51:53.057682,04:51:53,5584.59,5584.59,3
2025-11-07T04:52:06.107222,04:52:06,5707.36,5707.36,3
2025-11-07T04:52:19.411688,04:52:19,5745.22,5745.22,3
2025-11-07T04:52:32.517778,04:52:32,5847.2,5847.2,3
2025-11-07T04:52:46.228660,04:52:46,5853.82,5853.82,3
2025-11-07T04:52:59.781033,04:52:59,5845.93,5845.93,3
2025-11-07T04:53:13.299509,04:53:13,5865.83,5865.83,3
2025-11-07T04:53:27.146293,04:53:27,5942.18,5942.18,3
2025-11-07T04:53:40.393726,04:53:40,5872.43,5872.43,3
2025-11-07T04:53:53.698966,04:53:53,5906.19,5906.19,3
2025-11-07T04:54:07.456929,04:54:07,5942.68,5942.68,3
2025-11-07T04:54:21.158661,04:54:21,5936.15,5936.15,3
2025-11-07T04:54:34.491879,04:54:34,5928.93,5928.93,3
2025-11-07T04:54:47.912045,04:54:47,5925.45,5925.45,3
2025-11-07T04:55:01.729192,04:55:01,5943.31,5943.31,3
2025-11-07T04:55:14.947333,04:55:14,6010.49,6010.49,3
2025-11-07T04:55:28.513016,04:55:28,5995.75,5995.75,3
2025-11-07T04:55:42.289185,04:55:42,6087.37,6087.37,3
2025-11-07T04:55:56.347447,04:55:56,6084.51,6084.51,3
2025-11-07T04:56:09.379247,04:56:09,5860.28,5860.28,3
2025-11-07T04:56:23.224204,04:56:23,5820.9,5820.9,3
2025-11-07T04:56:36.476691,04:56:36,5844.37,5844.37,3
2025-11-07T04:56:50.024370,04:56:50,5885.73,5885.73,3
2025-11-07T04:57:03.422716,04:57:03,5853.66,5853.66,3
2025-11-07T04:57:17.079473,04:57:17,5878.53,5878.53,3
2025-11-07T04:57:30.896820,04:57:30,5823.15,5823.15,3
2025-11-07T04:57:44.123057,04:57:44,5750.8,5750.8,3
2025-11-07T04:57:57.786933,04:57:57,5735.21,5735.21,3
2025-11-07T04:58:11.512696,04:58:11,5725.81,5725.81,3
2025-11-07T04:58:25.148434,04:58:25,5676.13,5676.13,3
2025-11-07T04:58:38.875931,04:58:38,5688.01,5688.01,3
2025-11-07T04:58:52.492135,04:58:52,5780.08,5780.08,3
2025-11-07T04:59:06.284568,04:59:06,5860.39,5860.39,3
2025-11-07T04:59:19.569220,04:59:19,5891.4,5891.4,3
2025-11-07T04:59:33.203400,04:59:33,5935.07,5935.07,3
2025-11-07T04:59:47.440572,04:59:47,5936.87,5936.87,3
2025-11-07T05:00:01.375658,05:00:01,5957.33,5957.33,3
2025-11-07T05:00:15.070086,05:00:15,5931.51,5931.51,3
2025-11-07T05:00:28.046730,05:00:28,5924.54,5924.54,3
2025-11-07T05:00:42.064239,05:00:42,5860.76,5860.76,3
2025-11-07T05:00:55.816657,05:00:55,5869.1,5869.1,3
2025-11-07T05:01:09.528547,05:01:09,5838.77,5838.77,3
2025-11-07T05:01:23.566909,05:01:23,5778.89,5778.89,3
2025-11-07T05:01:37.469323,05:01:37,5728.87,5728.87,3
2025-11-07T05:01:51.570796,05:01:51,5710.08,5710.08,3
2025-11-07T05:02:04.801752,05:02:04,5705.49,5705.49,3
2025-11-07T05:02:18.150246,05:02:18,5704.15,5704.15,3
2025-11-07T05:02:32.164579,05:02:32,5526.16,5526.16,3
2025-11-07T05:02:45.376321,05:02:45,5602.34,5602.34,3
2025-11-07T05:02:58.823945,05:02:58,5696.82,5696.82,3
2025-11-07T05:03:12.201254,05:03:12,5757.28,5757.28,3
2025-11-07T05:03:25.728198,05:03:25,5758.27,5758.27,3
2025-11-07T05:03:39.188473,05:03:39,5746.76,5746.76,3
2025-11-07T05:03:52.667386,05:03:52,5791.47,5791.47,3
2025-11-07T05:04:05.865239,05:04:05,5753.24,5753.24,3
2025-11-07T05:04:19.706047,05:04:19,5816.42,5816.42,3
2025-11-07T05:04:33.183902,05:04:33,5768.8,5768.8,3
2025-11-07T05:04:46.388116,05:04:46,5657.88,5657.88,3
2025-11-07T05:05:00.117972,05:05:00,5662.07,5662.07,3
2025-11-07T05:05:13.465351,05:05:13,5732.3,5732.3,3
2025-11-07T05:05:27.155270,05:05:27,5710.66,5710.66,3
2025-11-07T05:05:40.626676,05:05:40,5661.26,5661.26,3
2025-11-07T05:05:53.895944,05:05:53,5645.53,5645.53,3
2025-11-07T05:06:07.498119,05:06:07,5580.52,5580.52,3
2025-11-07T05:06:21.269151,05:06:21,5553.65,5553.65,3
2025-11-07T05:06:35.017562,05:06:35,5516.98,5516.98,3
2025-11-07T05:06:48.364709,05:06:48,5645.18,5645.18,3
2025-11-07T05:07:01.501994,05:07:01,5711.92,5711.92,3
2025-11-07T05:07:15.126488,05:07:15,5780.01,5780.01,3
2025-11-07T05:07:28.624007,05:07:28,5800.75,5800.75,3
2025-11-07T05:07:41.997436,05:07:41,5776.56,5776.56,3
2025-11-07T05:07:55.264011,05:07:55,5720.26,5720.26,3
2025-11-07T05:08:09.425249,05:08:09,5616.82,5616.82,3
2025-11-07T05:08:23.244090,05:08:23,5531.14,5531.14,3
2025-11-07T05:08:36.624244,05:08:36,5521.6,5521.6,3
2025-11-07T05:08:50.136368,05:08:50,5533.26,5533.26,3
2025-11-07T05:09:03.637560,05:09:03,5539.59,5539.59,3
2025-11-07T05:09:17.549549,05:09:17,5500.03,5500.03,3
2025-11-07T05:09:30.552365,05:09:30,5385.38,5385.38,3
2025-11-07T05:09:44.028136,05:09:44,5461.57,5461.57,3
2025-11-07T05:09:57.470679,05:09:57,5410.93,5410.93,3
2025-11-07T05:10:11.299926,05:10:11,5487.97,5487.97,3
2025-11-07T05:10:25.215634,05:10:25,5519.79,5519.79,3
2025-11-07T05:10:38.507932,05:10:38,5524.28,5524.28,3
2025-11-07T05:10:52.027429,05:10:52,5500.69,5500.69,3
2025-11-07T05:11:05.414559,05:11:05,5494.07,5494.07,3
2025-11-07T05:11:18.288253,05:11:18,5442.63,5442.63,3
2025-11-07T05:11:31.885385,05:11:31,5493.2,5493.2,3
2025-11-07T05:11:45.120251,05:11:45,5519.48,5519.48,3
2025-11-07T05:11:58.315587,05:11:58,5554.45,5554.45,3
2025-11-07T05:12:11.678942,05:12:11,5562.78,5562.78,3
2025-11-07T05:12:24.761912,05:12:24,5589.8,5589.8,3
2025-11-07T05:12:38.205831,05:12:38,5584.59,5584.59,3
2025-11-07T05:12:51.612586,05:12:51,5558.55,5558.55,3
2025-11-07T05:13:04.562711,05:13:04,5475.49,5475.49,3
2025-11-07T05:13:17.827050,05:13:17,5464.53,5464.53,3
2025-11-07T05:13:31.058092,05:13:31,5463.68,5463.68,3
2025-11-07T05:13:44.405767,05:13:44,5492.55,5492.55,3
2025-11-07T05:13:58.085593,05:13:58,5517.56,5517.56,3
2025-11-07T05:14:11.347734,05:14:11,5553.26,5553.26,3
2025-11-07T05:14:24.624767,05:14:24,5543.0,5543.0,3
2025-11-07T05:14:38.378343,05:14:38,5550.93,5550.93,3
2025-11-07T05:14:52.114715,05:14:52,5602.5,5602.5,3
2025-11-07T05:15:05.477725,05:15:05,5658.12,5658.12,3
2025-11-07T05:15:18.992270,05:15:18,5702.89,5702.89,3
2025-11-07T05:15:32.614526,05:15:32,5702.83,5702.83,3
2025-11-07T05:15:46.213660,05:15:46,5765.39,5765.39,3
2025-11-07T05:16:00.172557,05:16:00,5770.83,5770.83,3
2025-11-07T05:16:14.236045,05:16:14,5673.87,5673.87,3
2025-11-07T05:16:27.744107,05:16:27,5707.17,5707.17,3
2025-11-07T05:16:41.204899,05:16:41,5692.66,5692.66,3
2025-11-07T05:16:55.197320,05:16:55,5721.88,5721.88,3
2025-11-07T05:17:08.774979,05:17:08,5686.77,5686.77,3
2025-11-07T05:17:21.645323,05:17:21,5698.59,5698.59,3
2025-11-07T05:17:35.447200,05:17:35,5652.22,5652.22,3
2025-11-07T05:17:49.207974,05:17:49,5656.15,5656.15,3
2025-11-07T05:18:03.367621,05:18:03,5666.43,5666.43,3
2025-11-07T05:18:16.562376,05:18:16,5709.35,5709.35,3
2025-11-07T05:18:30.326919,05:18:30,5703.11,5703.11,3
2025-11-07T05:18:43.654352,05:18:43,5693.45,5693.45,3
2025-11-07T05:18:57.244489,05:18:57,5704.26,5704.26,3
2025-11-07T05:19:10.732964,05:19:10,5726.5,5726.5,3
2025-11-07T05:19:24.280034,05:19:24,5690.69,5690.69,3
2025-11-07T05:19:37.667279,05:19:37,5726.76,5726.76,3
2025-11-07T05:19:51.287436,05:19:51,5711.37,5711.37,3
2025-11-07T05:20:04.797579,05:20:04,5696.34,5696.34,3
2025-11-07T05:20:18.100364,05:20:18,5679.2,5679.2,3
2025-11-07T05:20:31.487319,05:20:31,5676.58,5676.58,3
2025-11-07T05:20:45.395731,05:20:45,5723.76,5723.76,3
2025-11-07T05:20:58.876896,05:20:58,5714.2,5714.2,3
2025-11-07T05:21:12.567146,05:21:12,5694.43,5694.43,3
2025-11-07T05:21:25.960332,05:21:25,5699.07,5699.07,3
2025-11-07T05:21:39.439149,05:21:39,5725.57,5725.57,3
2025-11-07T05:21:52.734530,05:21:52,5723.72,5723.72,3
2025-11-07T05:22:06.470045,05:22:06,5796.36,5796.36,3
2025-11-07T05:22:20.088925,05:22:20,5721.7,5721.7,3
2025-11-07T05:22:33.267832,05:22:33,5766.06,5766.06,3
2025-11-07T05:22:47.066079,05:22:47,5767.82,5767.82,3
2025-11-07T05:23:00.873365,05:23:00,5771.67,5771.67,3
2025-11-07T05:23:14.175138,05:23:14,5671.96,5671.96,3
2025-11-07T05:23:27.272626,05:23:27,5727.6,5727.6,3
2025-11-07T05:23:40.609974,05:23:40,5766.09,5766.09,3
2025-11-07T05:23:54.398223,05:23:54,5823.5,5823.5,3
2025-11-07T05:24:08.187021,05:24:08,5760.72,5760.72,3
2025-11-07T05:24:21.549561,05:24:21,5844.16,5844.16,3
2025-11-07T05:24:34.745134,05:24:34,5904.16,5904.16,3
2025-11-07T05:24:48.335293,05:24:48,5897.95,5897.95,3
2025-11-07T05:25:02.222562,05:25:02,5912.51,5912.51,3
2025-11-07T05:25:15.553162,05:25:15,5932.86,5932.86,3
2025-11-07T05:25:29.204119,05:25:29,5863.6,5863.6,3
2025-11-07T05:25:42.391932,05:25:42,5842.13,5842.13,3
2025-11-07T05:25:55.916866,05:25:55,5788.02,5788.02,3
2025-11-07T05:26:09.595912,05:26:09,5821.1,5821.1,3
2025-11-07T05:26:23.108641,05:26:23,5837.07,5837.07,3
2025-11-07T05:26:36.673685,05:26:36,5861.07,5861.07,3
2025-11-07T05:26:50.138874,05:26:50,5751.79,5751.79,3
2025-11-07T05:27:03.752294,05:27:03,5768.38,5768.38,3
2025-11-07T05:27:17.483490,05:27:17,5805.82,5805.82,3
2025-11-07T05:27:31.447681,05:27:31,5878.29,5878.29,3
2025-11-07T05:27:45.188324,05:27:45,5836.7,5836.7,3
2025-11-07T05:27:58.601203,05:27:58,5866.71,5866.71,3
2025-11-07T05:28:12.116090,05:28:12,5898.97,5898.97,3
2025-11-07T05:28:26.088910,05:28:26,5807.1,5807.1,3
2025-11-07T05:28:39.291863,05:28:39,5765.86,5765.86,3
2025-11-07T05:28:52.651012,05:28:52,5778.32,5778.32,3
2025-11-07T05:29:06.582748,05:29:06,5789.12,5789.12,3
2025-11-07T05:29:20.267775,05:29:20,5788.1,5788.1,3
2025-11-07T05:29:34.135875,05:29:34,5839.41,5839.41,3
2025-11-07T05:29:47.713613,05:29:47,5857.03,5857.03,3
2025-11-07T05:30:01.621442,05:30:01,5903.83,5903.83,3
2025-11-07T05:30:15.641138,05:30:15,5860.06,5860.06,3
2025-11-07T05:30:29.458273,05:30:29,5865.37,5865.37,3
2025-11-07T05:30:43.103769,05:30:43,5847.04,5847.04,3
2025-11-07T05:30:56.830669,05:30:56,5813.4,5813.4,3
2025-11-07T05:31:10.221711,05:31:10,5804.81,5804.81,3
2025-11-07T05:31:23.735790,05:31:23,5857.62,5857.62,3
2025-11-07T05:31:37.569857,05:31:37,5958.15,5958.15,3
2025-11-07T05:31:50.819517,05:31:50,6001.65,6001.65,3
2025-11-07T05:32:04.478273,05:32:04,6062.91,6062.91,3
2025-11-07T05:32:18.132906,05:32:18,6122.01,6122.01,3
2025-11-07T05:32:31.119825,05:32:31,6187.36,6187.36,3
2025-11-07T05:32:44.361829,05:32:44,6226.36,6226.36,3
2025-11-07T05:32:58.037742,05:32:58,6281.71,6281.71,3
2025-11-07T05:33:11.053834,05:33:11,6344.42,6344.42,3
2025-11-07T05:33:24.698415,05:33:24,6369.26,6369.26,3
2025-11-07T05:33:38.634253,05:33:38,6346.19,6346.19,3
2025-11-07T05:33:52.074579,05:33:52,6333.26,6333.26,3
2025-11-07T05:34:05.236054,05:34:05,6389.92,6389.92,3
2025-11-07T05:34:18.555887,05:34:18,6311.62,6311.62,3
2025-11-07T05:34:32.262890,05:34:32,6227.35,6227.35,3
2025-11-07T05:34:45.908495,05:34:45,6230.78,6230.78,3
2025-11-07T05:34:59.388117,05:34:59,6265.94,6265.94,3
2025-11-07T05:35:12.656436,05:35:12,6315.17,6315.17,3
2025-11-07T05:35:26.601235,05:35:26,6374.75,6374.75,3
2025-11-07T05:35:39.829816,05:35:39,6450.29,6450.29,3
2025-11-07T05:35:53.483662,05:35:53,6462.81,6462.81,3
2025-11-07T05:36:07.264927,05:36:07,6404.72,6404.72,3
2025-11-07T05:36:20.798799,05:36:20,6455.77,6455.77,3
2025-11-07T05:36:34.149822,05:36:34,6507.96,6507.96,3
2025-11-07T05:36:47.653627,05:36:47,6406.44,6406.44,3
2025-11-07T05:37:01.372104,05:37:01,6439.11,6439.11,3
2025-11-07T05:37:14.785254,05:37:14,6422.03,6422.03,3
2025-11-07T05:37:28.619446,05:37:28,6437.07,6437.07,3
2025-11-07T05:37:42.674941,05:37:42,6468.89,6468.89,3
2025-11-07T05:37:56.444231,05:37:56,6521.95,6521.95,3
2025-11-07T05:38:10.205059,05:38:10,6472.93,6472.93,3
2025-11-07T05:38:23.813090,05:38:23,6397.36,6397.36,3
2025-11-07T05:38:37.650364,05:38:37,6341.19,6341.19,3
2025-11-07T05:38:50.741760,05:38:50,6307.33,6307.33,3
2025-11-07T05:39:04.392382,05:39:04,6290.14,6290.14,3
2025-11-07T05:39:18.014890,05:39:18,6286.11,6286.11,3
2025-11-07T05:39:31.704131,05:39:31,6307.91,6307.91,3
2025-11-07T05:39:45.092480,05:39:45,6337.83,6337.83,3
2025-11-07T05:39:58.477172,05:39:58,6219.18,6219.18,3
2025-11-07T05:40:12.287430,05:40:12,6193.28,6193.28,3
2025-11-07T05:40:26.179831,05:40:26,6141.84,6141.84,3
2025-11-07T05:40:39.734456,05:40:39,6144.48,6144.48,3
2025-11-07T05:40:53.359452,05:40:53,6164.23,6164.23,3
2025-11-07T05:41:07.137209,05:41:07,6238.18,6238.18,3
2025-11-07T05:41:20.787409,05:41:20,6278.65,6278.65,3
2025-11-07T05:41:33.903016,05:41:33,6227.09,6227.09,3
2025-11-07T05:41:47.619180,05:41:47,6204.18,6204.18,3
2025-11-07T05:42:01.217816,05:42:01,6195.08,6195.08,3
2025-11-07T05:42:14.494125,05:42:14,6062.3,6062.3,3
2025-11-07T05:42:27.727635,05:42:27,5845.86,5845.86,3
2025-11-07T05:42:41.660690,05:42:41,5773.62,5773.62,3
2025-11-07T05:42:55.224740,05:42:55,5749.95,5749.95,3
2025-11-07T05:43:08.719211,05:43:08,5570.34,5570.34,3
2025-11-07T05:43:22.393205,05:43:22,5548.42,5548.42,3
2025-11-07T05:43:35.414007,05:43:35,5620.34,5620.34,3
2025-11-07T05:43:48.899337,05:43:48,5678.01,5678.01,3
2025-11-07T05:44:02.467472,05:44:02,5773.71,5773.71,3
2025-11-07T05:44:15.713756,05:44:15,5916.71,5916.71,3
2025-11-07T05:44:29.520103,05:44:29,5952.41,5952.41,3
2025-11-07T05:44:43.420681,05:44:43,5944.26,5944.26,3
2025-11-07T05:44:56.828631,05:44:56,5906.57,5906.57,3
2025-11-07T05:45:10.538829,05:45:10,5987.1,5987.1,3
2025-11-07T05:45:23.984445,05:45:23,5997.73,5997.73,3
2025-11-07T05:45:37.629789,05:45:37,6025.89,6025.89,3
2025-11-07T05:45:51.252254,05:45:51,6016.52,6016.52,3
2025-11-07T05:46:05.075531,05:46:05,6085.25,6085.25,3
2025-11-07T05:46:18.451446,05:46:18,6187.58,6187.58,3
2025-11-07T05:46:31.824297,05:46:31,6190.76,6190.76,3
2025-11-07T05:46:45.254973,05:46:45,6138.58,6138.58,3
2025-11-07T05:46:58.912271,05:46:58,5992.27,5992.27,3
2025-11-07T05:47:12.784212,05:47:12,5777.17,5777.17,3
2025-11-07T05:47:25.917726,05:47:25,5839.03,5839.03,3
2025-11-07T05:47:39.307035,05:47:39,5829.57,5829.57,3
2025-11-07T05:47:52.716073,05:47:52,5652.55,5652.55,3
2025-11-07T05:48:05.958435,05:48:05,5502.13,5502.13,3
2025-11-07T05:48:19.549416,05:48:19,5445.4,5445.4,3
2025-11-07T05:48:33.095917,05:48:33,5433.87,5433.87,3
2025-11-07T05:48:46.738659,05:48:46,5345.74,5345.74,3
2025-11-07T05:49:00.064089,05:49:00,5284.16,5284.16,3
2025-11-07T05:49:13.632969,05:49:13,5197.88,5197.88,3
2025-11-07T05:49:27.343816,05:49:27,5193.13,5193.13,3
2025-11-07T05:49:41.484173,05:49:41,5188.83,5188.83,3
2025-11-07T05:49:55.370338,05:49:55,5199.49,5199.49,3
2025-11-07T05:50:08.945613,05:50:08,5120.7,5120.7,3
2025-11-07T05:50:22.373325,05:50:22,5219.8,5219.8,3
2025-11-07T05:50:35.741975,05:50:35,5162.13,5162.13,3
2025-11-07T05:50:49.271404,05:50:49,5204.59,5204.59,3
2025-11-07T05:51:03.114393,05:51:03,5183.78,5183.78,3
2025-11-07T05:51:16.496815,05:51:16,5152.83,5152.83,3
2025-11-07T05:51:29.863603,05:51:29,5122.99,5122.99,3
2025-11-07T05:51:43.475275,05:51:43,5164.35,5164.35,3
2025-11-07T05:51:57.089288,05:51:57,5241.14,5241.14,3
2025-11-07T05:52:10.582608,05:52:10,5280.72,5280.72,3
2025-11-07T05:52:24.386022,05:52:24,5263.86,5263.86,3
2025-11-07T05:52:37.978028,05:52:37,5339.01,5339.01,3
2025-11-07T05:52:51.238652,05:52:51,5221.09,5221.09,3
2025-11-07T05:53:04.801166,05:53:04,5300.23,5300.23,3
2025-11-07T05:53:18.687057,05:53:18,5305.67,5305.67,3
2025-11-07T05:53:32.090908,05:53:32,5263.59,5263.59,3
2025-11-07T05:53:45.472277,05:53:45,5273.99,5273.99,3
2025-11-07T05:53:58.508315,05:53:58,5242.47,5242.47,3
2025-11-07T05:54:12.396442,05:54:12,5100.73,5100.73,3
2025-11-07T05:54:26.327342,05:54:26,5196.36,5196.36,3
2025-11-07T05:54:39.755535,05:54:39,5265.98,5265.98,3
2025-11-07T05:54:53.570326,05:54:53,5207.08,5207.08,3
2025-11-07T05:55:07.529680,05:55:07,5078.47,5078.47,3
2025-11-07T05:55:20.970050,05:55:20,4915.74,4915.74,3
2025-11-07T05:55:34.414336,05:55:34,4872.66,4872.66,3
2025-11-07T05:55:47.765797,05:55:47,4861.93,4861.93,3
2025-11-07T05:56:01.311768,05:56:01,4966.64,4966.64,3
2025-11-07T05:56:15.080711,05:56:15,4867.19,4867.19,3
2025-11-07T05:56:28.760938,05:56:28,4827.71,4827.71,3
2025-11-07T05:56:42.434130,05:56:42,4836.11,4836.11,3
2025-11-07T05:56:56.183661,05:56:56,4803.02,4803.02,3
2025-11-07T05:57:09.680418,05:57:09,4729.64,4729.64,3
2025-11-07T05:57:23.462990,05:57:23,4692.13,4692.13,3
2025-11-07T05:57:36.704078,05:57:36,4663.18,4663.18,3
2025-11-07T05:57:50.323822,05:57:50,4666.34,4666.34,3
2025-11-07T05:58:03.732003,05:58:03,4671.69,4671.69,3
2025-11-07T05:58:17.200547,05:58:17,4596.2,4596.2,3
2025-11-07T05:58:30.579922,05:58:30,4478.27,4478.27,3
2025-11-07T05:58:44.263346,05:58:44,4598.47,4598.47,3
2025-11-07T05:58:57.737509,05:58:57,4595.39,4595.39,3
2025-11-07T05:59:11.035590,05:59:11,4590.2,4590.2,3
2025-11-07T05:59:24.570657,05:59:24,4704.32,4704.32,3
2025-11-07T05:59:38.360115,05:59:38,4868.7,4868.7,3
2025-11-07T05:59:51.648368,05:59:51,4940.0,4940.0,3
2025-11-07T06:00:05.010007,06:00:05,4853.24,4853.24,3
2025-11-07T06:00:18.719079,06:00:18,4812.42,4812.42,3
2025-11-07T06:00:32.450676,06:00:32,4801.16,4801.16,3
2025-11-07T06:00:46.339500,06:00:46,4726.39,4726.39,3
2025-11-07T06:00:59.588671,06:00:59,4759.31,4759.31,3
2025-11-07T06:01:12.917201,06:01:12,4807.18,4807.18,3
2025-11-07T06:01:26.550483,06:01:26,4695.78,4695.78,3
2025-11-07T06:01:40.300510,06:01:40,4752.9,4752.9,3
2025-11-07T06:01:53.786150,06:01:53,4639.05,4639.05,3
2025-11-07T06:02:07.294943,06:02:07,4601.49,4601.49,3
2025-11-07T06:02:20.620459,06:02:20,4654.03,4654.03,3
2025-11-07T06:02:34.484014,06:02:34,4790.88,4790.88,3
2025-11-07T06:02:48.501670,06:02:48,4878.39,4878.39,3
2025-11-07T06:03:02.376523,06:03:02,4921.2,4921.2,3
2025-11-07T06:03:15.629117,06:03:15,5020.57,5020.57,3
2025-11-07T06:03:28.602982,06:03:28,5221.31,5221.31,3
2025-11-07T06:03:41.978657,06:03:41,5216.86,5216.86,3
2025-11-07T06:03:55.079928,06:03:55,5227.53,5227.53,3
2025-11-07T06:04:08.579100,06:04:08,5276.66,5276.66,3
2025-11-07T06:04:21.643834,06:04:21,5334.64,5334.64,3
2025-11-07T06:04:35.268559,06:04:35,5428.81,5428.81,3
2025-11-07T06:04:48.394668,06:04:48,5521.27,5521.27,3
2025-11-07T06:05:01.696018,06:05:01,5577.83,5577.83,3
2025-11-07T06:05:15.223455,06:05:15,5714.8,5714.8,3
2025-11-07T06:05:28.729622,06:05:28,5895.16,5895.16,3
2025-11-07T06:05:42.650917,06:05:42,5831.78,5831.78,3
2025-11-07T06:05:56.571112,06:05:56,5719.67,5719.67,3
2025-11-07T06:06:10.350021,06:06:10,5937.62,5937.62,3
2025-11-07T06:06:24.350368,06:06:24,5820.07,5820.07,3
2025-11-07T06:06:38.173996,06:06:38,5833.85,5833.85,3
2025-11-07T06:06:52.451777,06:06:52,5767.79,5767.79,3
2025-11-07T06:07:06.007547,06:07:06,5686.3,5686.3,3
2025-11-07T06:07:19.712947,06:07:19,5741.21,5741.21,3
2025-11-07T06:07:33.350510,06:07:33,5777.67,5777.67,3
2025-11-07T06:07:46.670813,06:07:46,5829.8,5829.8,3
2025-11-07T06:07:59.663680,06:07:59,5769.42,5769.42,3
2025-11-07T06:08:13.101776,06:08:13,5634.0,5634.0,3
2025-11-07T06:08:26.397472,06:08:26,5568.71,5568.71,3
2025-11-07T06:08:39.914855,06:08:39,5501.84,5501.84,3
2025-11-07T06:08:53.403850,06:08:53,5522.53,5522.53,3
2025-11-07T06:09:06.182816,06:09:06,5481.08,5481.08,3
2025-11-07T06:09:19.889762,06:09:19,5541.14,5541.14,3
2025-11-07T06:09:33.421492,06:09:33,5582.87,5582.87,3
2025-11-07T06:09:46.481026,06:09:46,5558.09,5558.09,3
2025-11-07T06:10:00.119023,06:10:00,5639.66,5639.66,3
2025-11-07T06:10:13.830285,06:10:13,5765.71,5765.71,3
2025-11-07T06:10:27.608001,06:10:27,5704.92,5704.92,3
2025-11-07T06:10:41.212703,06:10:41,5586.92,5586.92,3
2025-11-07T06:10:54.693087,06:10:54,5646.55,5646.55,3
2025-11-07T06:11:08.205104,06:11:08,5592.35,5592.35,3
2025-11-07T06:11:22.074590,06:11:22,5599.29,5599.29,3
2025-11-07T06:11:35.785597,06:11:35,5663.0,5663.0,3
2025-11-07T06:11:49.183410,06:11:49,5572.51,5572.51,3
2025-11-07T06:12:02.513019,06:12:02,5652.82,5652.82,3
2025-11-07T06:12:15.690321,06:12:15,5729.05,5729.05,3
2025-11-07T06:12:29.478729,06:12:29,5719.89,5719.89,3
2025-11-07T06:12:42.675720,06:12:42,5710.59,5710.59,3
2025-11-07T06:12:56.245377,06:12:56,5638.25,5638.25,3
2025-11-07T06:13:09.398305,06:13:09,5634.08,5634.08,3
2025-11-07T06:13:23.538757,06:13:23,5625.63,5625.63,3
2025-11-07T06:13:36.785652,06:13:36,5710.92,5710.92,3
2025-11-07T06:13:49.914830,06:13:49,5632.91,5632.91,3
2025-11-07T06:14:03.394302,06:14:03,5660.23,5660.23,3
2025-11-07T06:14:17.134967,06:14:17,5692.76,5692.76,3
2025-11-07T06:14:30.512573,06:14:30,5737.99,5737.99,3
2025-11-07T06:14:43.787418,06:14:43,5730.18,5730.18,3
2025-11-07T06:14:57.351365,06:14:57,5781.41,5781.41,3
2025-11-07T06:15:11.149623,06:15:11,5771.85,5771.85,3
2025-11-07T06:15:24.683967,06:15:24,5701.47,5701.47,3
2025-11-07T06:15:38.262359,06:15:38,5628.75,5628.75,3
2025-11-07T06:15:51.851864,06:15:51,5699.01,5699.01,3
2025-11-07T06:16:05.563770,06:16:05,5696.89,5696.89,3
2025-11-07T06:16:18.901184,06:16:18,5748.74,5748.74,3
2025-11-07T06:16:32.359233,06:16:32,5604.32,5604.32,3
2025-11-07T06:16:46.013055,06:16:46,5669.72,5669.72,3
2025-11-07T06:16:59.643894,06:16:59,5725.56,5725.56,3
2025-11-07T06:17:12.992962,06:17:12,5838.88,5838.88,3
2025-11-07T06:17:26.442244,06:17:26,5808.06,5808.06,3
2025-11-07T06:17:39.348035,06:17:39,5773.99,5773.99,3
2025-11-07T06:17:52.744557,06:17:52,5699.81,5699.81,3
2025-11-07T06:18:06.408911,06:18:06,5746.71,5746.71,3
2025-11-07T06:18:20.208112,06:18:20,5784.67,5784.67,3
2025-11-07T06:18:33.722258,06:18:33,5932.37,5932.37,3
2025-11-07T06:18:47.430741,06:18:47,5891.96,5891.96,3
2025-11-07T06:19:00.449376,06:19:00,6048.67,6048.67,3
2025-11-07T06:19:13.486077,06:19:13,6128.94,6128.94,3
2025-11-07T06:19:27.418322,06:19:27,6113.34,6113.34,3
2025-11-07T06:19:41.335226,06:19:41,6113.5,6113.5,3
2025-11-07T06:19:54.762328,06:19:54,6163.97,6163.97,3
2025-11-07T06:20:08.173221,06:20:08,6096.11,6096.11,3
2025-11-07T06:20:21.205781,06:20:21,6027.36,6027.36,3
2025-11-07T06:20:34.404958,06:20:34,6061.61,6061.61,3
2025-11-07T06:20:47.898547,06:20:47,6091.56,6091.56,3
2025-11-07T06:21:01.584368,06:21:01,6238.28,6238.28,3
2025-11-07T06:21:15.149799,06:21:15,6186.96,6186.96,3
2025-11-07T06:21:28.874089,06:21:28,6151.84,6151.84,3
2025-11-07T06:21:41.969946,06:21:41,6173.22,6173.22,3
2025-11-07T06:21:55.581113,06:21:55,6097.8,6097.8,3
2025-11-07T06:22:09.521240,06:22:09,6053.46,6053.46,3
2025-11-07T06:22:23.534261,06:22:23,6017.42,6017.42,3
2025-11-07T06:22:36.924979,06:22:36,6059.6,6059.6,3
2025-11-07T06:22:50.396925,06:22:50,6068.09,6068.09,3
2025-11-07T06:23:03.901328,06:23:03,6118.08,6118.08,3
2025-11-07T06:23:17.562963,06:23:17,6054.41,6054.41,3
2025-11-07T06:23:31.445544,06:23:31,5994.98,5994.98,3
2025-11-07T06:23:45.454518,06:23:45,6121.39,6121.39,3
2025-11-07T06:23:58.948277,06:23:58,6069.76,6069.76,3
2025-11-07T06:24:12.405735,06:24:12,5986.57,5986.57,3
2025-11-07T06:24:25.816021,06:24:25,5986.36,5986.36,3
2025-11-07T06:24:39.267997,06:24:39,6016.44,6016.44,3
2025-11-07T06:24:52.913476,06:24:52,6109.93,6109.93,3
2025-11-07T06:25:06.364689,06:25:06,5988.03,5988.03,3
2025-11-07T06:25:19.798650,06:25:19,5966.24,5966.24,3
2025-11-07T06:25:33.552334,06:25:33,5879.57,5879.57,3
2025-11-07T06:25:46.967021,06:25:46,5870.16,5870.16,3
2025-11-07T06:26:00.716817,06:26:00,5864.06,5864.06,3
2025-11-07T06:26:14.373548,06:26:14,5932.82,5932.82,3
2025-11-07T06:26:28.154131,06:26:28,5922.42,5922.42,3
2025-11-07T06:26:41.765143,06:26:41,5822.47,5822.47,3
2025-11-07T06:26:54.851982,06:26:54,5643.73,5643.73,3
2025-11-07T06:27:08.270524,06:27:08,5699.88,5699.88,3
2025-11-07T06:27:21.901724,06:27:21,5811.84,5811.84,3
2025-11-07T06:27:35.327650,06:27:35,5772.85,5772.85,3
2025-11-07T06:27:48.456047,06:27:48,5763.44,5763.44,3
2025-11-07T06:28:02.067878,06:28:02,5793.77,5793.77,3
2025-11-07T06:28:15.380895,06:28:15,5844.5,5844.5,3
2025-11-07T06:28:28.504696,06:28:28,5947.25,5947.25,3
2025-11-07T06:28:41.657393,06:28:41,6017.3,6017.3,3
2025-11-07T06:28:55.329628,06:28:55,6110.61,6110.61,3
2025-11-07T06:29:09.280949,06:29:09,6144.04,6144.04,3
2025-11-07T06:29:23.089003,06:29:23,6074.87,6074.87,3
2025-11-07T06:29:36.599930,06:29:36,6055.73,6055.73,3
2025-11-07T06:29:49.953022,06:29:49,5927.58,5927.58,3
2025-11-07T06:30:03.886166,06:30:03,5934.31,5934.31,3
2025-11-07T06:30:17.393907,06:30:17,5985.14,5985.14,3
2025-11-07T06:30:31.141426,06:30:31,5983.28,5983.28,3
2025-11-07T06:30:44.604808,06:30:44,5946.74,5946.74,3
2025-11-07T06:30:58.253462,06:30:58,5894.45,5894.45,3
2025-11-07T06:31:11.620338,06:31:11,5845.79,5845.79,3
2025-11-07T06:31:25.227610,06:31:25,5963.03,5963.03,3
2025-11-07T06:31:38.559816,06:31:38,6012.22,6012.22,3
2025-11-07T06:31:51.953243,06:31:51,6102.44,6102.44,3
2025-11-07T06:32:05.361224,06:32:05,6011.08,6011.08,3
2025-11-07T06:32:18.542270,06:32:18,6058.88,6058.88,3
2025-11-07T06:32:32.434127,06:32:32,6045.81,6045.81,3
2025-11-07T06:32:46.361147,06:32:46,6008.33,6008.33,3
2025-11-07T06:32:59.822258,06:32:59,5989.62,5989.62,3
2025-11-07T06:33:13.481956,06:33:13,6069.61,6069.61,3
2025-11-07T06:33:26.679562,06:33:26,6107.39,6107.39,3
2025-11-07T06:33:40.186435,06:33:40,6064.8,6064.8,3
2025-11-07T06:33:53.351357,06:33:53,6035.76,6035.76,3
2025-11-07T06:34:06.231986,06:34:06,5894.95,5894.95,3
2025-11-07T06:34:19.589220,06:34:19,5851.74,5851.74,3
2025-11-07T06:34:33.207088,06:34:33,5984.21,5984.21,3
2025-11-07T06:34:46.867359,06:34:46,5988.55,5988.55,3
2025-11-07T06:35:00.337206,06:35:00,6078.98,6078.98,3
2025-11-07T06:35:13.699122,06:35:13,6039.41,6039.41,3
2025-11-07T06:35:26.820521,06:35:26,5952.0,5952.0,3
2025-11-07T06:35:40.287698,06:35:40,5875.12,5875.12,3
2025-11-07T06:35:53.674860,06:35:53,5861.05,5861.05,3
2025-11-07T06:36:06.827036,06:36:06,5777.46,5777.46,3
2025-11-07T06:36:20.670485,06:36:20,5716.95,5716.95,3
2025-11-07T06:36:34.191238,06:36:34,5817.61,5817.61,3
2025-11-07T06:36:47.672400,06:36:47,5808.72,5808.72,3
2025-11-07T06:37:01.634751,06:37:01,5641.72,5641.72,3
2025-11-07T06:37:15.390238,06:37:15,5441.74,5441.74,3
2025-11-07T06:37:29.426291,06:37:29,5595.71,5595.71,3
2025-11-07T06:37:42.767683,06:37:42,5565.29,5565.29,3
2025-11-07T06:37:55.858232,06:37:55,5526.52,5526.52,3
2025-11-07T06:38:09.434319,06:38:09,5452.0,5452.0,3
2025-11-07T06:38:23.219303,06:38:23,5318.22,5318.22,3
2025-11-07T06:38:36.249825,06:38:36,5300.58,5300.58,3
2025-11-07T06:38:49.333999,06:38:49,5335.93,5335.93,3
2025-11-07T06:39:02.696460,06:39:02,5408.22,5408.22,3
2025-11-07T06:39:16.241578,06:39:16,5484.57,5484.57,3
2025-11-07T06:39:29.669696,06:39:29,5379.76,5379.76,3
2025-11-07T06:39:42.813762,06:39:42,5219.17,5219.17,3
2025-11-07T06:39:56.302155,06:39:56,5093.12,5093.12,3
2025-11-07T06:40:09.681261,06:40:09,5124.89,5124.89,3
2025-11-07T06:40:23.685039,06:40:23,5240.33,5240.33,3
2025-11-07T06:40:37.271533,06:40:37,5201.91,5201.91,3
2025-11-07T06:40:51.271024,06:40:51,5290.14,5290.14,3
2025-11-07T06:41:04.353569,06:41:04,5399.61,5399.61,3
2025-11-07T06:41:18.225634,06:41:18,5390.38,5390.38,3
2025-11-07T06:41:31.712704,06:41:31,5350.1,5350.1,3
2025-11-07T06:41:45.137498,06:41:45,5251.09,5251.09,3
2025-11-07T06:41:58.683752,06:41:58,5127.62,5127.62,3
2025-11-07T06:42:11.898913,06:42:11,5202.18,5202.18,3
2025-11-07T06:42:25.525236,06:42:25,5128.16,5128.16,3
2025-11-07T06:42:38.775052,06:42:38,5259.04,5259.04,3
2025-11-07T06:42:51.839456,06:42:51,5240.44,5240.44,3
2025-11-07T06:43:05.228349,06:43:05,5300.25,5300.25,3
2025-11-07T06:43:18.537735,06:43:18,5438.56,5438.56,3
2025-11-07T06:43:32.196468,06:43:32,5479.67,5479.67,3
2025-11-07T06:43:45.284109,06:43:45,5662.29,5662.29,3
2025-11-07T06:43:58.615354,06:43:58,5653.7,5653.7,3
2025-11-07T06:44:11.508750,06:44:11,5686.99,5686.99,3
2025-11-07T06:44:24.564890,06:44:24,5806.23,5806.23,3
2025-11-07T06:44:37.738498,06:44:37,5778.4,5778.4,3
2025-11-07T06:44:51.050857,06:44:51,5613.75,5613.75,3
2025-11-07T06:45:04.177277,06:45:04,5586.79,5586.79,3
2025-11-07T06:45:17.278553,06:45:17,5598.96,5598.96,3
2025-11-07T06:45:30.657267,06:45:30,5534.75,5534.75,3
2025-11-07T06:45:44.231138,06:45:44,5521.06,5521.06,3
2025-11-07T06:45:57.624503,06:45:57,5419.91,5419.91,3
2025-11-07T06:46:11.551296,06:46:11,5619.41,5619.41,3
2025-11-07T06:46:25.294798,06:46:25,5615.47,5615.47,3
2025-11-07T06:46:38.716095,06:46:38,5589.73,5589.73,3
2025-11-07T06:46:51.701027,06:46:51,5596.6,5596.6,3
2025-11-07T06:47:05.401359,06:47:05,5558.39,5558.39,3
2025-11-07T06:47:18.816171,06:47:18,5777.44,5777.44,3
2025-11-07T06:47:32.253674,06:47:32,5779.88,5779.88,3
2025-11-07T06:47:45.729123,06:47:45,5874.69,5874.69,3
2025-11-07T06:47:59.305595,06:47:59,5929.0,5929.0,3
2025-11-07T06:48:12.725076,06:48:12,5900.62,5900.62,3
2025-11-07T06:48:26.229831,06:48:26,6062.78,6062.78,3
2025-11-07T06:48:40.065039,06:48:40,6026.94,6026.94,3
2025-11-07T06:48:53.792893,06:48:53,6067.4,6067.4,3
2025-11-07T06:49:07.406084,06:49:07,6192.04,6192.04,3
2025-11-07T06:49:20.330145,06:49:20,6140.44,6140.44,3
2025-11-07T06:49:33.717196,06:49:33,6118.3,6118.3,3
2025-11-07T06:49:47.207930,06:49:47,6127.05,6127.05,3
2025-11-07T06:50:00.913983,06:50:00,6159.01,6159.01,3
2025-11-07T06:50:14.262175,06:50:14,6076.74,6076.74,3
2025-11-07T06:50:28.366623,06:50:28,6160.49,6160.49,3
2025-11-07T06:50:41.442330,06:50:41,6180.11,6180.11,3
2025-11-07T06:50:55.262825,06:50:55,6060.25,6060.25,3
2025-11-07T06:51:09.236990,06:51:09,5964.87,5964.87,3
2025-11-07T06:51:22.584771,06:51:22,5967.28,5967.28,3
2025-11-07T06:51:36.048938,06:51:36,6002.41,6002.41,3
2025-11-07T06:51:49.648241,06:51:49,5985.37,5985.37,3
2025-11-07T06:52:03.341978,06:52:03,5933.85,5933.85,3
2025-11-07T06:52:16.814415,06:52:16,5901.64,5901.64,3
2025-11-07T06:52:30.245475,06:52:30,6035.51,6035.51,3
2025-11-07T06:52:43.842700,06:52:43,6034.71,6034.71,3
2025-11-07T06:52:57.010298,06:52:57,6100.71,6100.71,3
2025-11-07T06:53:10.848036,06:53:10,6108.01,6108.01,3
2025-11-07T06:53:24.578478,06:53:24,6172.24,6172.24,3
2025-11-07T06:53:38.291742,06:53:38,6250.68,6250.68,3
2025-11-07T06:53:52.177469,06:53:52,6391.22,6391.22,3
2025-11-07T06:54:05.661770,06:54:05,6440.86,6440.86,3
2025-11-07T06:54:19.623946,06:54:19,6557.45,6557.45,3
2025-11-07T06:54:32.848423,06:54:32,6604.87,6604.87,3
2025-11-07T06:54:46.282832,06:54:46,6675.75,6675.75,3
2025-11-07T06:55:00.073139,06:55:00,6742.24,6742.24,3
2025-11-07T06:55:13.815292,06:55:13,6632.82,6632.82,3
2025-11-07T06:55:27.430819,06:55:27,6708.95,6708.95,3
2025-11-07T06:55:41.561495,06:55:41,6622.19,6622.19,3
2025-11-07T06:55:55.411571,06:55:55,6544.71,6544.71,3
2025-11-07T06:56:08.587545,06:56:08,6517.71,6517.71,3
2025-11-07T06:56:21.731030,06:56:21,6606.41,6606.41,3
2025-11-07T06:56:35.318163,06:56:35,6521.85,6521.85,3
2025-11-07T06:56:48.892009,06:56:48,6492.23,6492.23,3
2025-11-07T06:57:02.311956,06:57:02,6483.22,6483.22,3
2025-11-07T06:57:15.420836,06:57:15,6411.49,6411.49,3
2025-11-07T06:57:29.224539,06:57:29,6312.07,6312.07,3
2025-11-07T06:57:42.695217,06:57:42,6353.88,6353.88,3
2025-11-07T06:57:56.264041,06:57:56,6394.44,6394.44,3
2025-11-07T06:58:09.877100,06:58:09,6441.13,6441.13,3
2025-11-07T06:58:23.541521,06:58:23,6400.54,6400.54,3
2025-11-07T06:58:37.345491,06:58:37,6410.05,6410.05,3
2025-11-07T06:58:51.425672,06:58:51,6428.32,6428.32,3
2025-11-07T06:59:04.626844,06:59:04,6411.17,6411.17,3
2025-11-07T06:59:18.120892,06:59:18,6416.79,6416.79,3
2025-11-07T06:59:31.556451,06:59:31,6423.18,6423.18,3
2025-11-07T06:59:45.505655,06:59:45,6267.45,6267.45,3
2025-11-07T06:59:59.400222,06:59:59,6280.92,6280.92,3
2025-11-07T07:00:13.392472,07:00:13,6195.76,6195.76,3
2025-11-07T07:00:26.596141,07:00:26,6233.7,6233.7,3
2025-11-07T07:00:40.041229,07:00:40,6225.67,6225.67,3
2025-11-07T07:00:53.398044,07:00:53,6143.44,6143.44,3
2025-11-07T07:01:06.595938,07:01:06,6148.63,6148.63,3
2025-11-07T07:01:19.891508,07:01:19,6102.81,6102.81,3
2025-11-07T07:01:33.407936,07:01:33,6074.66,6074.66,3
2025-11-07T07:01:47.078942,07:01:47,6144.83,6144.83,3
2025-11-07T07:02:00.242365,07:02:00,6171.6,6171.6,3
2025-11-07T07:02:13.646301,07:02:13,6154.77,6154.77,3
2025-11-07T07:02:27.369019,07:02:27,6084.7,6084.7,3
2025-11-07T07:02:40.895097,07:02:40,6095.84,6095.84,3
2025-11-07T07:02:54.143890,07:02:54,5978.12,5978.12,3
2025-11-07T07:03:08.338467,07:03:08,5839.16,5839.16,3
2025-11-07T07:03:21.811217,07:03:21,5831.6,5831.6,3
2025-11-07T07:03:34.723548,07:03:34,5873.96,5873.96,3
2025-11-07T07:03:48.173536,07:03:48,5862.39,5862.39,3
2025-11-07T07:04:01.403146,07:04:01,5696.37,5696.37,3
2025-11-07T07:04:15.024000,07:04:15,5549.43,5549.43,3
2025-11-07T07:04:28.267579,07:04:28,5435.41,5435.41,3
2025-11-07T07:04:41.810295,07:04:41,5269.04,5269.04,3
2025-11-07T07:04:55.347407,07:04:55,5162.79,5162.79,3
2025-11-07T07:05:08.710986,07:05:08,4961.6,4961.6,3
2025-11-07T07:05:22.063571,07:05:22,4853.18,4853.18,3
2025-11-07T07:05:35.302687,07:05:35,4721.72,4721.72,3
2025-11-07T07:05:48.815301,07:05:48,4841.04,4841.04,3
2025-11-07T07:06:02.771492,07:06:02,5032.32,5032.32,3
2025-11-07T07:06:16.693584,07:06:16,5077.41,5077.41,3
2025-11-07T07:06:30.149791,07:06:30,5065.91,5065.91,3
2025-11-07T07:06:43.482402,07:06:43,4970.59,4970.59,3
2025-11-07T07:06:57.090025,07:06:57,4947.67,4947.67,3
2025-11-07T07:07:10.462959,07:07:10,5077.82,5077.82,3
2025-11-07T07:07:24.092558,07:07:24,4987.07,4987.07,3
2025-11-07T07:07:37.684293,07:07:37,4989.55,4989.55,3
2025-11-07T07:07:51.330458,07:07:51,5018.86,5018.86,3
2025-11-07T07:08:05.360075,07:08:05,5035.66,5035.66,3
2025-11-07T07:08:18.656726,07:08:18,5115.78,5115.78,3
2025-11-07T07:08:32.604809,07:08:32,5233.89,5233.89,3
2025-11-07T07:08:46.313242,07:08:46,5300.74,5300.74,3
2025-11-07T07:08:59.222163,07:08:59,5240.61,5240.61,3
2025-11-07T07:09:12.719545,07:09:12,5325.0,5325.0,3
2025-11-07T07:09:26.318095,07:09:26,5396.97,5396.97,3
2025-11-07T07:09:39.628794,07:09:39,5465.38,5465.38,3
2025-11-07T07:09:53.022914,07:09:53,5393.09,5393.09,3
2025-11-07T07:10:06.498267,07:10:06,5405.46,5405.46,3
2025-11-07T07:10:20.477001,07:10:20,5300.48,5300.48,3
2025-11-07T07:10:33.857879,07:10:33,5299.57,5299.57,3
2025-11-07T07:10:47.215099,07:10:47,5215.82,5215.82,3
2025-11-07T07:11:00.616358,07:11:00,5251.62,5251.62,3
2025-11-07T07:11:14.069895,07:11:14,5152.62,5152.62,3
2025-11-07T07:11:28.165275,07:11:28,5160.38,5160.38,3
2025-11-07T07:11:41.256827,07:11:41,5116.42,5116.42,3
2025-11-07T07:11:54.952202,07:11:54,5140.39,5140.39,3
2025-11-07T07:12:08.233071,07:12:08,5212.79,5212.79,3
2025-11-07T07:12:22.103461,07:12:22,5221.6,5221.6,3
2025-11-07T07:12:35.429801,07:12:35,5305.23,5305.23,3
2025-11-07T07:12:49.231467,07:12:49,5283.17,5283.17,3
2025-11-07T07:13:02.787752,07:13:02,5226.18,5226.18,3
2025-11-07T07:13:15.932875,07:13:15,5155.49,5155.49,3
2025-11-07T07:13:29.534842,07:13:29,5115.35,5115.35,3
2025-11-07T07:13:42.870202,07:13:42,5052.6,5052.6,3
2025-11-07T07:13:56.530857,07:13:56,5315.81,5315.81,3
2025-11-07T07:14:10.446612,07:14:10,5261.73,5261.73,3
2025-11-07T07:14:24.261737,07:14:24,5218.88,5218.88,3
2025-11-07T07:14:37.455643,07:14:37,5168.99,5168.99,3
2025-11-07T07:14:51.236564,07:14:51,5110.22,5110.22,3
2025-11-07T07:15:04.647401,07:15:04,5002.75,5002.75,3
2025-11-07T07:15:17.786080,07:15:17,4873.91,4873.91,3
2025-11-07T07:15:31.449836,07:15:31,4943.67,4943.67,3
2025-11-07T07:15:45.336752,07:15:45,5041.65,5041.65,3
2025-11-07T07:15:58.830545,07:15:58,5068.08,5068.08,3
2025-11-07T07:16:12.543725,07:16:12,5083.83,5083.83,3
2025-11-07T07:16:25.816060,07:16:25,5117.63,5117.63,3
2025-11-07T07:16:39.388131,07:16:39,5373.35,5373.35,3
2025-11-07T07:16:53.326751,07:16:53,5210.49,5210.49,3
2025-11-07T07:17:06.627759,07:17:06,5185.75,5185.75,3
2025-11-07T07:17:20.483256,07:17:20,4959.06,4959.06,3
2025-11-07T07:17:34.394199,07:17:34,4949.29,4949.29,3
2025-11-07T07:17:47.537507,07:17:47,4925.97,4925.97,3
2025-11-07T07:18:01.383638,07:18:01,4928.48,4928.48,3
2025-11-07T07:18:15.154785,07:18:15,4929.86,4929.86,3
2025-11-07T07:18:29.309957,07:18:29,4925.3,4925.3,3
2025-11-07T07:18:42.736876,07:18:42,4951.65,4951.65,3
2025-11-07T07:18:56.516414,07:18:56,4992.3,4992.3,3
2025-11-07T07:19:10.546787,07:19:10,4856.16,4856.16,3
2025-11-07T07:19:24.199223,07:19:24,4877.05,4877.05,3
2025-11-07T07:19:37.768395,07:19:37,4864.82,4864.82,3
2025-11-07T07:19:51.375801,07:19:51,4858.25,4858.25,3
2025-11-07T07:20:05.436114,07:20:05,4907.53,4907.53,3
2025-11-07T07:20:19.422377,07:20:19,5114.52,5114.52,3
2025-11-07T07:20:32.918808,07:20:32,5149.45,5149.45,3
2025-11-07T07:20:46.625619,07:20:46,5129.13,5129.13,3
2025-11-07T07:21:00.060561,07:21:00,5149.99,5149.99,3
2025-11-07T07:21:14.234677,07:21:14,5193.29,5193.29,3
2025-11-07T07:21:28.193693,07:21:28,5260.0,5260.0,3
2025-11-07T07:21:41.588239,07:21:41,5277.1,5277.1,3
2025-11-07T07:21:55.359293,07:21:55,5355.55,5355.55,3
2025-11-07T07:22:09.091736,07:22:09,5358.37,5358.37,3
2025-11-07T07:22:23.228720,07:22:23,5326.04,5326.04,3
2025-11-07T07:22:36.913280,07:22:36,5284.26,5284.26,3
2025-11-07T07:22:50.581447,07:22:50,5164.86,5164.86,3
2025-11-07T07:23:04.350141,07:23:04,5158.52,5158.52,3
2025-11-07T07:23:17.727733,07:23:17,5189.23,5189.23,3
2025-11-07T07:23:31.063622,07:23:31,5118.81,5118.81,3
2025-11-07T07:23:44.518961,07:23:44,5109.22,5109.22,3
2025-11-07T07:23:58.473509,07:23:58,5012.61,5012.61,3
2025-11-07T07:24:11.627028,07:24:11,5067.07,5067.07,3
2025-11-07T07:24:25.267416,07:24:25,5116.22,5116.22,3
2025-11-07T07:24:38.902629,07:24:38,5202.44,5202.44,3
2025-11-07T07:24:52.764882,07:24:52,5250.17,5250.17,3
2025-11-07T07:25:06.155563,07:25:06,5281.58,5281.58,3
2025-11-07T07:25:19.702700,07:25:19,5441.92,5441.92,3
2025-11-07T07:25:33.243060,07:25:33,5394.63,5394.63,3
2025-11-07T07:25:46.736338,07:25:46,5345.5,5345.5,3
2025-11-07T07:26:00.041870,07:26:00,5303.64,5303.64,3
2025-11-07T07:26:13.507705,07:26:13,5245.65,5245.65,3
2025-11-07T07:26:27.082452,07:26:27,5267.86,5267.86,3
2025-11-07T07:26:40.270113,07:26:40,5326.16,5326.16,3
2025-11-07T07:26:54.203479,07:26:54,5409.96,5409.96,3
2025-11-07T07:27:07.674157,07:27:07,5436.92,5436.92,3
2025-11-07T07:27:21.209356,07:27:21,5479.66,5479.66,3
2025-11-07T07:27:34.519997,07:27:34,5616.34,5616.34,3
2025-11-07T07:27:48.245932,07:27:48,5682.41,5682.41,3
2025-11-07T07:28:01.519689,07:28:01,5853.76,5853.76,3
2025-11-07T07:28:15.671516,07:28:15,5881.88,5881.88,3
2025-11-07T07:28:29.362284,07:28:29,5842.96,5842.96,3
2025-11-07T07:28:42.971458,07:28:42,5839.83,5839.83,3
2025-11-07T07:28:55.990698,07:28:55,5914.28,5914.28,3
2025-11-07T07:29:09.006117,07:29:09,5958.55,5958.55,3
2025-11-07T07:29:22.469044,07:29:22,5970.83,5970.83,3
2025-11-07T07:29:36.445663,07:29:36,6059.04,6059.04,3
2025-11-07T07:29:49.641252,07:29:49,6045.45,6045.45,3
2025-11-07T07:30:03.061984,07:30:03,6045.76,6045.76,3
2025-11-07T07:30:16.153135,07:30:16,6125.07,6125.07,3
2025-11-07T07:30:29.577249,07:30:29,6163.12,6163.12,3
2025-11-07T07:30:43.308837,07:30:43,6006.2,6006.2,3
2025-11-07T07:30:56.927549,07:30:56,5974.35,5974.35,3
2025-11-07T07:31:10.589313,07:31:10,6021.95,6021.95,3
2025-11-07T07:31:24.311039,07:31:24,5979.54,5979.54,3
2025-11-07T07:31:37.822007,07:31:37,5931.0,5931.0,3
2025-11-07T07:31:51.402455,07:31:51,5914.5,5914.5,3
2025-11-07T07:32:04.831801,07:32:04,5950.16,5950.16,3
2025-11-07T07:32:18.656187,07:32:18,5896.35,5896.35,3
2025-11-07T07:32:32.218898,07:32:32,5834.43,5834.43,3
2025-11-07T07:32:44.986718,07:32:44,5854.29,5854.29,3
2025-11-07T07:32:58.472682,07:32:58,5942.34,5942.34,3
2025-11-07T07:33:12.416948,07:33:12,6068.84,6068.84,3
2025-11-07T07:33:26.406862,07:33:26,5997.51,5997.51,3
2025-11-07T07:33:39.525128,07:33:39,5843.98,5843.98,3
2025-11-07T07:33:53.183441,07:33:53,5794.44,5794.44,3
2025-11-07T07:34:06.517008,07:34:06,5811.78,5811.78,3
2025-11-07T07:34:20.241549,07:34:20,5906.53,5906.53,3
2025-11-07T07:34:33.433077,07:34:33,5875.94,5875.94,3
2025-11-07T07:34:47.438289,07:34:47,5895.09,5895.09,3
2025-11-07T07:35:00.974632,07:35:00,5904.69,5904.69,3
2025-11-07T07:35:14.487927,07:35:14,5915.19,5915.19,3
2025-11-07T07:35:28.319294,07:35:28,5831.04,5831.04,3
2025-11-07T07:35:42.297941,07:35:42,5806.32,5806.32,3
2025-11-07T07:35:55.441629,07:35:55,5822.32,5822.32,3
2025-11-07T07:36:09.785662,07:36:09,5913.5,5913.5,3
2025-11-07T07:36:23.344614,07:36:23,6014.36,6014.36,3
2025-11-07T07:36:37.162403,07:36:37,5995.7,5995.7,3
2025-11-07T07:36:50.681803,07:36:50,5929.91,5929.91,3
2025-11-07T07:37:04.751024,07:37:04,5850.32,5850.32,3
2025-11-07T07:37:18.477608,07:37:18,5828.44,5828.44,3
2025-11-07T07:37:32.215029,07:37:32,5864.25,5864.25,3
2025-11-07T07:37:46.256278,07:37:46,5981.6,5981.6,3
2025-11-07T07:38:00.265918,07:38:00,5971.91,5971.91,3
2025-11-07T07:38:13.914624,07:38:13,6042.85,6042.85,3
2025-11-07T07:38:27.381093,07:38:27,5995.12,5995.12,3
2025-11-07T07:38:40.741859,07:38:40,5973.05,5973.05,3
2025-11-07T07:38:54.586559,07:38:54,6068.12,6068.12,3
2025-11-07T07:39:07.838562,07:39:07,6036.44,6036.44,3
2025-11-07T07:39:21.608793,07:39:21,6002.72,6002.72,3
2025-11-07T07:39:35.487970,07:39:35,6015.23,6015.23,3
2025-11-07T07:39:49.010703,07:39:49,6026.94,6026.94,3
2025-11-07T07:40:02.781360,07:40:02,6180.34,6180.34,3
2025-11-07T07:40:16.039926,07:40:16,6195.56,6195.56,3
2025-11-07T07:40:29.373026,07:40:29,6135.8,6135.8,3
2025-11-07T07:40:43.090932,07:40:43,6185.84,6185.84,3
2025-11-07T07:40:56.479508,07:40:56,6096.1,6096.1,3
2025-11-07T07:41:10.251783,07:41:10,6037.12,6037.12,3
2025-11-07T07:41:23.712340,07:41:23,6031.74,6031.74,3
2025-11-07T07:41:36.860491,07:41:36,6105.61,6105.61,3
2025-11-07T07:41:49.954467,07:41:49,6034.54,6034.54,3
2025-11-07T07:42:03.097926,07:42:03,6023.33,6023.33,3
2025-11-07T07:42:16.270260,07:42:16,6002.4,6002.4,3
2025-11-07T07:42:29.657330,07:42:29,6048.53,6048.53,3
2025-11-07T07:42:43.140403,07:42:43,6066.13,6066.13,3
2025-11-07T07:42:56.480406,07:42:56,6108.65,6108.65,3
2025-11-07T07:43:09.968797,07:43:09,6093.44,6093.44,3
2025-11-07T07:43:23.264729,07:43:23,6097.18,6097.18,3
2025-11-07T07:43:36.918576,07:43:36,6119.68,6119.68,3
2025-11-07T07:43:50.365449,07:43:50,6188.23,6188.23,3
2025-11-07T07:44:03.664063,07:44:03,6183.27,6183.27,3
2025-11-07T07:44:17.344377,07:44:17,6169.12,6169.12,3
2025-11-07T07:44:30.669705,07:44:30,6050.67,6050.67,3
2025-11-07T07:44:44.425581,07:44:44,6062.16,6062.16,3
2025-11-07T07:44:58.506014,07:44:58,6095.6,6095.6,3
2025-11-07T07:45:11.770279,07:45:11,6106.54,6106.54,3
2025-11-07T07:45:25.288684,07:45:25,6169.52,6169.52,3
2025-11-07T07:45:38.948464,07:45:38,6080.72,6080.72,3
2025-11-07T07:45:52.263116,07:45:52,6106.65,6106.65,3
2025-11-07T07:46:05.710356,07:46:05,6153.51,6153.51,3
2025-11-07T07:46:19.003412,07:46:19,6176.48,6176.48,3
2025-11-07T07:46:32.351566,07:46:32,6054.97,6054.97,3
2025-11-07T07:46:45.594928,07:46:45,5985.35,5985.35,3
2025-11-07T07:46:59.368354,07:46:59,5964.1,5964.1,3
2025-11-07T07:47:12.838230,07:47:12,5944.48,5944.48,3
2025-11-07T07:47:26.292282,07:47:26,6024.78,6024.78,3
2025-11-07T07:47:40.231912,07:47:40,6128.89,6128.89,3
2025-11-07T07:47:53.255672,07:47:53,6120.49,6120.49,3
2025-11-07T07:48:06.887207,07:48:06,6114.11,6114.11,3
2025-11-07T07:48:20.545154,07:48:20,6075.26,6075.26,3
2025-11-07T07:48:33.779109,07:48:33,6057.21,6057.21,3
2025-11-07T07:48:47.097777,07:48:47,6116.68,6116.68,3
2025-11-07T07:49:00.628111,07:49:00,6251.17,6251.17,3
2025-11-07T07:49:13.946287,07:49:13,6298.38,6298.38,3
2025-11-07T07:49:27.534203,07:49:27,6360.54,6360.54,3
2025-11-07T07:49:41.289969,07:49:41,6182.32,6182.32,3
2025-11-07T07:49:54.882370,07:49:54,6180.52,6180.52,3
2025-11-07T07:50:08.411689,07:50:08,6193.39,6193.39,3
2025-11-07T07:50:21.650018,07:50:21,6245.02,6245.02,3
2025-11-07T07:50:35.072978,07:50:35,6235.97,6235.97,3
2025-11-07T07:50:48.574307,07:50:48,6148.11,6148.11,3
2025-11-07T07:51:02.099992,07:51:02,6138.34,6138.34,3
2025-11-07T07:51:15.740599,07:51:15,6113.94,6113.94,3
2025-11-07T07:51:29.163545,07:51:29,6145.98,6145.98,3
2025-11-07T07:51:43.119483,07:51:43,6082.9,6082.9,3
2025-11-07T07:51:56.440762,07:51:56,5958.75,5958.75,3
2025-11-07T07:52:09.784516,07:52:09,5798.54,5798.54,3
2025-11-07T07:52:23.412320,07:52:23,5767.13,5767.13,3
2025-11-07T07:52:37.052228,07:52:37,5678.8,5678.8,3
2025-11-07T07:52:50.019549,07:52:50,5596.2,5596.2,3
2025-11-07T07:53:03.076656,07:53:03,5643.78,5643.78,3
2025-11-07T07:53:16.602600,07:53:16,5596.99,5596.99,3
2025-11-07T07:53:30.388416,07:53:30,5650.52,5650.52,3
2025-11-07T07:53:43.886537,07:53:43,5780.17,5780.17,3
2025-11-07T07:53:57.459831,07:53:57,5788.6,5788.6,3
2025-11-07T07:54:11.279428,07:54:11,5730.01,5730.01,3
2025-11-07T07:54:25.154596,07:54:25,5840.75,5840.75,3
2025-11-07T07:54:38.654798,07:54:38,5873.08,5873.08,3
2025-11-07T07:54:51.607324,07:54:51,5825.76,5825.76,3
2025-11-07T07:55:05.440383,07:55:05,5852.01,5852.01,3
2025-11-07T07:55:19.068490,07:55:19,5861.81,5861.81,3
2025-11-07T07:55:32.883960,07:55:32,5840.1,5840.1,3
2025-11-07T07:55:46.211969,07:55:46,5902.24,5902.24,3
2025-11-07T07:55:59.821526,07:55:59,5823.45,5823.45,3
2025-11-07T07:56:13.510448,07:56:13,5867.84,5867.84,3
2025-11-07T07:56:27.111194,07:56:27,5701.12,5701.12,3
2025-11-07T07:56:40.686213,07:56:40,5781.81,5781.81,3
2025-11-07T07:56:54.534755,07:56:54,5799.77,5799.77,3
2025-11-07T07:57:08.117007,07:57:08,5849.59,5849.59,3
2025-11-07T07:57:21.764742,07:57:21,5841.68,5841.68,3
2025-11-07T07:57:35.116056,07:57:35,5697.65,5697.65,3
2025-11-07T07:57:48.399125,07:57:48,5621.6,5621.6,3
2025-11-07T07:58:01.681315,07:58:01,5637.48,5637.48,3
2025-11-07T07:58:14.977798,07:58:14,5593.5,5593.5,3
2025-11-07T07:58:28.818829,07:58:28,5602.59,5602.59,3
2025-11-07T07:58:41.818423,07:58:41,5688.64,5688.64,3
2025-11-07T07:58:55.144592,07:58:55,5592.51,5592.51,3
2025-11-07T07:59:08.707257,07:59:08,5566.21,5566.21,3
2025-11-07T07:59:21.973930,07:59:21,5570.92,5570.92,3
2025-11-07T07:59:35.591459,07:59:35,5547.17,5547.17,3
2025-11-07T07:59:48.826870,07:59:48,5474.51,5474.51,3
2025-11-07T08:00:02.091544,08:00:02,5445.46,5445.46,3
2025-11-07T08:00:15.538945,08:00:15,5526.42,5526.42,3
2025-11-07T08:00:28.782690,08:00:28,5514.33,5514.33,3
2025-11-07T08:00:42.475784,08:00:42,5541.41,5541.41,3
2025-11-07T08:00:55.968529,08:00:55,5569.07,5569.07,3
2025-11-07T08:01:09.174933,08:01:09,5518.53,5518.53,3
2025-11-07T08:01:22.658678,08:01:22,5542.9,5542.9,3
2025-11-07T08:01:36.315428,08:01:36,5582.38,5582.38,3
2025-11-07T08:01:49.641460,08:01:49,5527.21,5527.21,3
2025-11-07T08:02:03.168931,08:02:03,5523.46,5523.46,3
2025-11-07T08:02:16.735169,08:02:16,5516.57,5516.57,3
2025-11-07T08:02:29.872462,08:02:29,5493.05,5493.05,3
2025-11-07T08:02:43.082319,08:02:43,5716.31,5716.31,3
2025-11-07T08:02:56.429343,08:02:56,5811.38,5811.38,3
2025-11-07T08:03:09.704323,08:03:09,5795.34,5795.34,3
2025-11-07T08:03:23.368866,08:03:23,6005.47,6005.47,3
2025-11-07T08:03:36.522826,08:03:36,5954.17,5954.17,3
2025-11-07T08:03:49.641242,08:03:49,5962.74,5962.74,3
2025-11-07T08:04:03.414569,08:04:03,5978.2,5978.2,3
2025-11-07T08:04:16.578375,08:04:16,5964.0,5964.0,3
2025-11-07T08:04:29.851443,08:04:29,6061.63,6061.63,3
2025-11-07T08:04:43.432823,08:04:43,6055.88,6055.88,3
2025-11-07T08:04:57.293819,08:04:57,6021.0,6021.0,3
2025-11-07T08:05:11.096163,08:05:11,5944.37,5944.37,3
2025-11-07T08:05:24.684078,08:05:24,6019.72,6019.72,3
2025-11-07T08:05:38.073428,08:05:38,5965.12,5965.12,3
2025-11-07T08:05:51.774241,08:05:51,5963.51,5963.51,3
2025-11-07T08:06:04.924484,08:06:04,6008.14,6008.14,3
2025-11-07T08:06:18.405992,08:06:18,6001.79,6001.79,3
2025-11-07T08:06:31.819386,08:06:31,6072.71,6072.71,3
2025-11-07T08:06:45.143856,08:06:45,6025.9,6025.9,3
2025-11-07T08:06:58.549260,08:06:58,6007.58,6007.58,3
2025-11-07T08:07:11.725906,08:07:11,5978.41,5978.41,3
2025-11-07T08:07:25.316491,08:07:25,5972.82,5972.82,3
2025-11-07T08:07:39.345228,08:07:39,6007.42,6007.42,3
2025-11-07T08:07:52.619875,08:07:52,6096.78,6096.78,3
2025-11-07T08:08:05.958000,08:08:05,6112.35,6112.35,3
2025-11-07T08:08:19.561001,08:08:19,6126.17,6126.17,3
2025-11-07T08:08:32.807659,08:08:32,6058.46,6058.46,3
2025-11-07T08:08:46.362068,08:08:46,6037.24,6037.24,3
2025-11-07T08:08:59.628611,08:08:59,6030.24,6030.24,3
2025-11-07T08:09:12.908121,08:09:12,6110.77,6110.77,3
2025-11-07T08:09:26.560989,08:09:26,6103.65,6103.65,3
2025-11-07T08:09:39.982725,08:09:39,6140.69,6140.69,3
2025-11-07T08:09:53.629300,08:09:53,6124.76,6124.76,3
2025-11-07T08:10:06.950203,08:10:06,6196.36,6196.36,3
2025-11-07T08:10:20.516624,08:10:20,6205.0,6205.0,3
2025-11-07T08:10:33.812059,08:10:33,6152.74,6152.74,3
2025-11-07T08:10:47.462126,08:10:47,6105.9,6105.9,3
2025-11-07T08:11:00.951585,08:11:00,6090.51,6090.51,3
2025-11-07T08:11:14.339304,08:11:14,6103.43,6103.43,3
2025-11-07T08:11:28.101164,08:11:28,6128.68,6128.68,3
2025-11-07T08:11:41.534754,08:11:41,6141.06,6141.06,3
2025-11-07T08:11:54.832916,08:11:54,6019.07,6019.07,3
2025-11-07T08:12:08.307195,08:12:08,6007.14,6007.14,3
2025-11-07T08:12:21.838141,08:12:21,6045.26,6045.26,3
2025-11-07T08:12:35.971191,08:12:35,6084.7,6084.7,3
2025-11-07T08:12:49.498572,08:12:49,6071.5,6071.5,3
2025-11-07T08:13:02.660868,08:13:02,6145.56,6145.56,3
2025-11-07T08:13:16.569406,08:13:16,6110.97,6110.97,3
2025-11-07T08:13:30.174629,08:13:30,6191.63,6191.63,3
2025-11-07T08:13:43.831910,08:13:43,6055.75,6055.75,3
2025-11-07T08:13:57.770214,08:13:57,6170.99,6170.99,3
2025-11-07T08:14:11.465692,08:14:11,6111.54,6111.54,3
2025-11-07T08:14:25.249668,08:14:25,6147.04,6147.04,3
2025-11-07T08:14:38.332260,08:14:38,6148.45,6148.45,3
2025-11-07T08:14:51.734710,08:14:51,6118.0,6118.0,3
2025-11-07T08:15:04.866192,08:15:04,6129.17,6129.17,3
2025-11-07T08:15:18.121737,08:15:18,6172.31,6172.31,3
2025-11-07T08:15:31.801929,08:15:31,6211.53,6211.53,3
2025-11-07T08:15:45.398172,08:15:45,6208.45,6208.45,3
2025-11-07T08:15:58.678434,08:15:58,6175.28,6175.28,3
2025-11-07T08:16:11.848952,08:16:11,6099.24,6099.24,3
2025-11-07T08:16:25.562914,08:16:25,6105.36,6105.36,3
2025-11-07T08:16:39.635690,08:16:39,6109.08,6109.08,3
2025-11-07T08:16:53.113005,08:16:53,6211.85,6211.85,3
2025-11-07T08:17:06.580163,08:17:06,6211.9,6211.9,3
2025-11-07T08:17:20.362513,08:17:20,6214.35,6214.35,3
2025-11-07T08:17:33.877899,08:17:33,6244.56,6244.56,3
2025-11-07T08:17:47.147234,08:17:47,6264.72,6264.72,3
2025-11-07T08:18:00.303136,08:18:00,6258.13,6258.13,3
2025-11-07T08:18:13.777385,08:18:13,6350.53,6350.53,3
2025-11-07T08:18:27.491476,08:18:27,6283.39,6283.39,3
2025-11-07T08:18:40.894383,08:18:40,6348.76,6348.76,3
2025-11-07T08:18:54.046221,08:18:54,6335.35,6335.35,3
2025-11-07T08:19:07.091203,08:19:07,6218.89,6218.89,3
2025-11-07T08:19:20.650782,08:19:20,6216.8,6216.8,3
2025-11-07T08:19:34.407343,08:19:34,6270.88,6270.88,3
2025-11-07T08:19:48.059608,08:19:48,6258.53,6258.53,3
2025-11-07T08:20:01.631377,08:20:01,6297.8,6297.8,3
2025-11-07T08:20:15.434701,08:20:15,6206.64,6206.64,3
2025-11-07T08:20:28.898434,08:20:28,6272.23,6272.23,3
2025-11-07T08:20:42.104908,08:20:42,6337.34,6337.34,3
2025-11-07T08:20:55.252881,08:20:55,6395.35,6395.35,3
2025-11-07T08:21:08.496640,08:21:08,6428.05,6428.05,3
2025-11-07T08:21:21.654364,08:21:21,6523.09,6523.09,3
2025-11-07T08:21:35.016678,08:21:35,6575.26,6575.26,3
2025-11-07T08:21:48.613114,08:21:48,6470.58,6470.58,3
2025-11-07T08:22:02.187548,08:22:02,6489.55,6489.55,3
2025-11-07T08:22:15.637777,08:22:15,6619.05,6619.05,3
2025-11-07T08:22:29.401496,08:22:29,6521.18,6521.18,3
2025-11-07T08:22:42.972892,08:22:42,6541.86,6541.86,3
2025-11-07T08:22:56.836393,08:22:56,6565.1,6565.1,3
2025-11-07T08:23:10.297629,08:23:10,6541.54,6541.54,3
2025-11-07T08:23:23.842354,08:23:23,6479.89,6479.89,3
2025-11-07T08:23:37.034257,08:23:37,6490.14,6490.14,3
2025-11-07T08:23:50.194311,08:23:50,6528.71,6528.71,3
2025-11-07T08:24:03.215690,08:24:03,6665.22,6665.22,3
2025-11-07T08:24:16.610247,08:24:16,6730.42,6730.42,3
2025-11-07T08:24:30.434938,08:24:30,6711.76,6711.76,3
2025-11-07T08:24:44.267563,08:24:44,6754.18,6754.18,3
2025-11-07T08:24:57.252455,08:24:57,6703.96,6703.96,3
2025-11-07T08:25:10.715135,08:25:10,6723.08,6723.08,3
2025-11-07T08:25:23.869813,08:25:23,6722.66,6722.66,3
2025-11-07T08:25:37.681928,08:25:37,6634.7,6634.7,3
2025-11-07T08:25:51.307830,08:25:51,6519.4,6519.4,3
2025-11-07T08:26:04.649154,08:26:04,6649.27,6649.27,3
2025-11-07T08:26:18.163482,08:26:18,6762.45,6762.45,3
2025-11-07T08:26:31.910574,08:26:31,6694.89,6694.89,3
2025-11-07T08:26:45.168624,08:26:45,6692.58,6692.58,3
2025-11-07T08:26:58.196921,08:26:58,6736.66,6736.66,3
2025-11-07T08:27:11.443496,08:27:11,6761.9,6761.9,3
2025-11-07T08:27:24.915170,08:27:24,6744.61,6744.61,3
2025-11-07T08:27:38.743152,08:27:38,6707.24,6707.24,3
2025-11-07T08:27:52.494935,08:27:52,6742.08,6742.08,3
2025-11-07T08:28:05.580633,08:28:05,6727.37,6727.37,3
2025-11-07T08:28:19.043333,08:28:19,6715.35,6715.35,3
2025-11-07T08:28:32.186651,08:28:32,6740.13,6740.13,3
2025-11-07T08:28:45.806328,08:28:45,6847.11,6847.11,3
2025-11-07T08:28:59.313048,08:28:59,6835.6,6835.6,3
2025-11-07T08:29:12.969089,08:29:12,6857.35,6857.35,3
2025-11-07T08:29:26.424319,08:29:26,6894.9,6894.9,3
2025-11-07T08:29:39.808528,08:29:39,6910.67,6910.67,3
2025-11-07T08:29:53.355968,08:29:53,6898.71,6898.71,3
2025-11-07T08:30:06.537824,08:30:06,6868.29,6868.29,3
2025-11-07T08:30:19.792784,08:30:19,6861.06,6861.06,3
2025-11-07T08:30:33.483863,08:30:33,6855.44,6855.44,3
2025-11-07T08:30:47.212891,08:30:47,6988.15,6988.15,3
2025-11-07T08:31:01.458497,08:31:01,7001.71,7001.71,3
2025-11-07T08:31:15.372743,08:31:15,7141.8,7141.8,3
2025-11-07T08:31:28.915672,08:31:28,7194.07,7194.07,3
2025-11-07T08:31:42.461649,08:31:42,7227.55,7227.55,3
2025-11-07T08:31:55.641738,08:31:55,7173.94,7173.94,3
2025-11-07T08:32:09.390797,08:32:09,7330.3,7330.3,3
2025-11-07T08:32:22.602804,08:32:22,7316.98,7316.98,3
2025-11-07T08:32:36.402064,08:32:36,7229.42,7229.42,3
2025-11-07T08:32:49.755814,08:32:49,7202.76,7202.76,3
2025-11-07T08:33:03.484093,08:33:03,7113.94,7113.94,3
2025-11-07T08:33:16.810333,08:33:16,7069.13,7069.13,3
2025-11-07T08:33:30.228349,08:33:30,7029.11,7029.11,3
2025-11-07T08:33:43.961437,08:33:43,7114.4,7114.4,3
2025-11-07T08:33:57.409295,08:33:57,7142.59,7142.59,3
2025-11-07T08:34:10.767954,08:34:10,7125.05,7125.05,3
2025-11-07T08:34:23.950743,08:34:23,7253.0,7253.0,3
2025-11-07T08:34:37.248836,08:34:37,7402.95,7402.95,3
2025-11-07T08:34:50.867738,08:34:50,7470.88,7470.88,3
2025-11-07T08:35:03.627012,08:35:03,7495.97,7495.97,3
2025-11-07T08:35:16.749283,08:35:16,7438.69,7438.69,3
2025-11-07T08:35:30.412198,08:35:30,7570.73,7570.73,3
2025-11-07T08:35:44.368633,08:35:44,7688.15,7688.15,3
2025-11-07T08:35:57.543040,08:35:57,7615.26,7615.26,3
2025-11-07T08:36:10.683788,08:36:10,7621.24,7621.24,3
2025-11-07T08:36:24.330333,08:36:24,7578.64,7578.64,3
2025-11-07T08:36:37.753604,08:36:37,7553.6,7553.6,3
2025-11-07T08:36:50.902077,08:36:50,7518.34,7518.34,3
2025-11-07T08:37:03.947440,08:37:03,7460.12,7460.12,3
2025-11-07T08:37:17.156258,08:37:17,7540.42,7540.42,3
2025-11-07T08:37:31.172044,08:37:31,7549.02,7549.02,3
2025-11-07T08:37:45.140858,08:37:45,7642.64,7642.64,3
2025-11-07T08:37:58.436401,08:37:58,7619.87,7619.87,3
2025-11-07T08:38:11.992513,08:38:11,7647.08,7647.08,3
2025-11-07T08:38:25.181127,08:38:25,7669.14,7669.14,3
2025-11-07T08:38:38.575229,08:38:38,7709.89,7709.89,3
2025-11-07T08:38:51.944507,08:38:51,7747.14,7747.14,3
2025-11-07T08:39:05.460287,08:39:05,7673.58,7673.58,3
2025-11-07T08:39:19.013840,08:39:19,7663.93,7663.93,3
2025-11-07T08:39:32.501366,08:39:32,7666.32,7666.32,3
2025-11-07T08:39:46.392771,08:39:46,7708.2,7708.2,3
2025-11-07T08:40:00.218909,08:40:00,7639.71,7639.71,3
2025-11-07T08:40:13.536757,08:40:13,7664.62,7664.62,3
2025-11-07T08:40:26.626186,08:40:26,7691.47,7691.47,3
2025-11-07T08:40:39.930177,08:40:39,7732.68,7732.68,3
2025-11-07T08:40:53.213835,08:40:53,7732.2,7732.2,3
2025-11-07T08:41:06.639905,08:41:06,7717.91,7717.91,3
2025-11-07T08:41:20.698248,08:41:20,7645.54,7645.54,3
2025-11-07T08:41:34.454521,08:41:34,7640.96,7640.96,3
2025-11-07T08:41:48.222363,08:41:48,7715.37,7715.37,3
2025-11-07T08:42:01.731133,08:42:01,7681.0,7681.0,3
2025-11-07T08:42:15.174348,08:42:15,7628.42,7628.42,3
2025-11-07T08:42:28.265787,08:42:28,7606.04,7606.04,3
2025-11-07T08:42:40.630963,08:42:40,7635.42,7635.42,3
2025-11-07T08:42:53.221105,08:42:53,7581.76,7581.76,3
2025-11-07T08:43:05.647020,08:43:05,7679.13,7679.13,3
2025-11-07T08:43:18.050863,08:43:18,7611.97,7611.97,3
2025-11-07T08:43:30.533326,08:43:30,7677.36,7677.36,3
2025-11-07T08:43:43.032913,08:43:43,7591.38,7591.38,3
2025-11-07T08:43:55.157236,08:43:55,7612.05,7612.05,3
2025-11-07T08:44:07.441648,08:44:07,7581.9,7581.9,3
2025-11-07T08:44:19.922322,08:44:19,7623.09,7623.09,3
2025-11-07T08:44:32.549547,08:44:32,7575.29,7575.29,3
2025-11-07T08:44:45.437383,08:44:45,7589.22,7589.22,3
2025-11-07T08:44:58.304206,08:44:58,7739.15,7739.15,3
2025-11-07T08:45:10.737148,08:45:10,7659.81,7659.81,3
2025-11-07T08:45:23.075874,08:45:23,7536.96,7536.96,3
2025-11-07T08:45:35.477012,08:45:35,7535.51,7535.51,3
2025-11-07T08:45:48.302641,08:45:48,7592.05,7592.05,3
2025-11-07T08:46:00.735553,08:46:00,7574.81,7574.81,3
2025-11-07T08:46:13.139667,08:46:13,7446.13,7446.13,3
2025-11-07T08:46:25.323616,08:46:25,7539.8,7539.8,3
2025-11-07T08:46:37.646014,08:46:37,7585.76,7585.76,3
2025-11-07T08:46:50.508700,08:46:50,7607.9,7607.9,3
2025-11-07T08:47:02.799767,08:47:02,7602.71,7602.71,3
2025-11-07T08:47:15.348386,08:47:15,7583.31,7583.31,3
2025-11-07T08:47:27.701029,08:47:27,7538.46,7538.46,3
2025-11-07T08:47:40.254351,08:47:40,7584.63,7584.63,3
2025-11-07T08:47:52.768237,08:47:52,7481.04,7481.04,3
2025-11-07T08:48:04.972975,08:48:04,7567.6,7567.6,3
2025-11-07T08:48:17.198810,08:48:17,7518.84,7518.84,3
2025-11-07T08:48:29.676899,08:48:29,7494.24,7494.24,3
2025-11-07T08:48:42.185893,08:48:42,7580.31,7580.31,3
2025-11-07T08:48:54.681873,08:48:54,7530.8,7530.8,3
2025-11-07T08:49:07.553201,08:49:07,7564.62,7564.62,3
2025-11-07T08:49:20.229302,08:49:20,7555.86,7555.86,3
2025-11-07T08:49:32.720999,08:49:32,7626.45,7626.45,3
2025-11-07T08:49:45.093014,08:49:45,7643.66,7643.66,3
2025-11-07T08:49:57.130102,08:49:57,7719.38,7719.38,3
2025-11-07T08:50:09.413648,08:50:09,7682.75,7682.75,3
2025-11-07T08:50:21.837422,08:50:21,7613.57,7613.57,3
2025-11-07T08:50:35.042953,08:50:35,7604.54,7604.54,3
2025-11-07T08:50:48.708401,08:50:48,7638.67,7638.67,3
2025-11-07T08:51:01.804039,08:51:01,7613.5,7613.5,3
2025-11-07T08:51:14.680245,08:51:14,7599.57,7599.57,3
2025-11-07T08:51:27.725317,08:51:27,7493.12,7493.12,3
2025-11-07T08:51:40.418349,08:51:40,7448.95,7448.95,3
2025-11-07T08:51:53.144814,08:51:53,7391.42,7391.42,3
2025-11-07T08:52:06.038143,08:52:06,7361.38,7361.38,3
2025-11-07T08:52:18.909323,08:52:18,7389.84,7389.84,3
2025-11-07T08:52:32.302889,08:52:32,7388.5,7388.5,3
2025-11-07T08:52:45.282148,08:52:45,7468.03,7468.03,3
2025-11-07T08:52:58.595985,08:52:58,7496.38,7496.38,3
2025-11-07T08:53:11.396576,08:53:11,7576.46,7576.46,3
2025-11-07T08:53:23.590217,08:53:23,7590.88,7590.88,3
2025-11-07T08:53:36.287665,08:53:36,7644.7,7644.7,3
2025-11-07T08:53:48.765431,08:53:48,7666.86,7666.86,3
2025-11-07T08:54:00.845377,08:54:00,7585.46,7585.46,3
2025-11-07T08:54:13.545724,08:54:13,7569.2,7569.2,3
2025-11-07T08:54:26.002595,08:54:26,7577.4,7577.4,3
2025-11-07T08:54:38.627941,08:54:38,7582.18,7582.18,3
2025-11-07T08:54:51.238929,08:54:51,7595.47,7595.47,3
2025-11-07T08:55:03.742349,08:55:03,7589.38,7589.38,3
2025-11-07T08:55:16.418168,08:55:16,7553.01,7553.01,3
2025-11-07T08:55:28.420496,08:55:28,7557.02,7557.02,3
2025-11-07T08:55:40.755111,08:55:40,7550.55,7550.55,3
2025-11-07T08:55:53.406170,08:55:53,7591.89,7591.89,3
2025-11-07T08:56:06.292061,08:56:06,7626.66,7626.66,3
2025-11-07T08:56:18.305748,08:56:18,7766.95,7766.95,3
2025-11-07T08:56:30.774526,08:56:30,7699.08,7699.08,3
2025-11-07T08:56:43.416460,08:56:43,7567.71,7567.71,3
2025-11-07T08:56:56.243224,08:56:56,7556.51,7556.51,3
2025-11-07T08:57:08.962731,08:57:08,7545.41,7545.41,3
2025-11-07T08:57:21.596604,08:57:21,7526.75,7526.75,3
2025-11-07T08:57:34.049670,08:57:34,7536.92,7536.92,3
2025-11-07T08:57:46.500440,08:57:46,7581.97,7581.97,3
2025-11-07T08:57:58.559912,08:57:58,7591.26,7591.26,3
2025-11-07T08:58:11.006930,08:58:11,7543.37,7543.37,3
2025-11-07T08:58:23.353378,08:58:23,7536.87,7536.87,3
2025-11-07T08:58:35.492229,08:58:35,7546.42,7546.42,3
2025-11-07T08:58:48.055563,08:58:48,7558.97,7558.97,3
2025-11-07T08:59:00.379912,08:59:00,7626.8,7626.8,3
2025-11-07T08:59:13.083765,08:59:13,7606.26,7606.26,3
2025-11-07T08:59:25.357938,08:59:25,7716.66,7716.66,3
2025-11-07T08:59:37.717815,08:59:37,7718.28,7718.28,3
2025-11-07T08:59:50.429156,08:59:50,7735.44,7735.44,3
2025-11-07T09:00:02.871917,09:00:02,7704.87,7704.87,3
2025-11-07T09:00:15.579981,09:00:15,7644.62,7644.62,3
2025-11-07T09:00:27.778566,09:00:27,7679.48,7679.48,3
2025-11-07T09:00:40.439821,09:00:40,7651.09,7651.09,3
2025-11-07T09:00:53.371342,09:00:53,7648.48,7648.48,3
2025-11-07T09:01:05.939231,09:01:05,7655.46,7655.46,3
2025-11-07T09:01:18.438804,09:01:18,7633.46,7633.46,3
2025-11-07T09:01:31.112275,09:01:31,7621.08,7621.08,3
2025-11-07T09:01:43.450689,09:01:43,7622.25,7622.25,3
2025-11-07T09:01:56.111409,09:01:56,7607.13,7607.13,3
2025-11-07T09:02:08.546523,09:02:08,7642.31,7642.31,3
2025-11-07T09:02:21.261441,09:02:21,7669.46,7669.46,3
2025-11-07T09:02:33.692109,09:02:33,7661.58,7661.58,3
2025-11-07T09:02:46.132917,09:02:46,7600.52,7600.52,3
2025-11-07T09:02:58.189835,09:02:58,7597.38,7597.38,3
2025-11-07T09:03:10.403845,09:03:10,7649.16,7649.16,3
2025-11-07T09:03:22.444749,09:03:22,7644.52,7644.52,3
2025-11-07T09:03:34.729158,09:03:34,7590.73,7590.73,3
2025-11-07T09:03:47.307072,09:03:47,7561.54,7561.54,3
2025-11-07T09:03:59.875246,09:03:59,7436.92,7436.92,3
2025-11-07T09:04:12.119623,09:04:12,7428.42,7428.42,3
2025-11-07T09:04:24.237677,09:04:24,7400.53,7400.53,3
2025-11-07T09:04:36.355719,09:04:36,7434.28,7434.28,3
2025-11-07T09:04:48.717076,09:04:48,7382.87,7382.87,3
2025-11-07T09:05:00.991784,09:05:00,7480.21,7480.21,3
2025-11-07T09:05:13.454324,09:05:13,7481.06,7481.06,3
2025-11-07T09:05:25.738256,09:05:25,7527.65,7527.65,3
2025-11-07T09:05:38.514418,09:05:38,7535.33,7535.33,3
2025-11-07T09:05:50.933498,09:05:50,7530.81,7530.81,3
2025-11-07T09:06:03.345398,09:06:03,7583.41,7583.41,3
2025-11-07T09:06:15.723513,09:06:15,7629.4,7629.4,3
2025-11-07T09:06:28.450914,09:06:28,7675.18,7675.18,3
2025-11-07T09:06:41.558097,09:06:41,7654.4,7654.4,3
2025-11-07T09:06:54.552323,09:06:54,7527.89,7527.89,3
2025-11-07T09:07:07.660412,09:07:07,7624.86,7624.86,3
2025-11-07T09:07:20.586878,09:07:20,7504.15,7504.15,3
2025-11-07T09:07:33.081949,09:07:33,7477.75,7477.75,3
2025-11-07T09:07:45.370495,09:07:45,7486.35,7486.35,3
2025-11-07T09:07:58.257755,09:07:58,7396.12,7396.12,3
2025-11-07T09:08:10.685657,09:08:10,7388.97,7388.97,3
2025-11-07T09:08:23.475016,09:08:23,7391.66,7391.66,3
2025-11-07T09:08:35.785817,09:08:35,7380.55,7380.55,3
2025-11-07T09:08:48.440377,09:08:48,7376.23,7376.23,3
2025-11-07T09:09:01.288477,09:09:01,7400.42,7400.42,3
2025-11-07T09:09:13.651535,09:09:13,7418.35,7418.35,3
2025-11-07T09:09:26.611071,09:09:26,7408.37,7408.37,3
2025-11-07T09:09:39.379447,09:09:39,7509.72,7509.72,3
2025-11-07T09:09:51.766991,09:09:51,7496.33,7496.33,3
2025-11-07T09:10:04.085696,09:10:04,7503.78,7503.78,3
2025-11-07T09:10:16.615957,09:10:16,7482.22,7482.22,3
2025-11-07T09:10:29.531926,09:10:29,7488.0,7488.0,3
2025-11-07T09:10:42.347829,09:10:42,7435.69,7435.69,3
2025-11-07T09:10:55.013269,09:10:55,7495.58,7495.58,3
2025-11-07T09:11:07.588974,09:11:07,7483.09,7483.09,3
2025-11-07T09:11:20.288195,09:11:20,7462.19,7462.19,3
2025-11-07T09:11:32.749653,09:11:32,7453.95,7453.95,3
2025-11-07T09:11:45.382880,09:11:45,7438.5,7438.5,3
2025-11-07T09:11:58.000629,09:11:58,7435.93,7435.93,3
2025-11-07T09:12:11.091169,09:12:11,7424.03,7424.03,3
2025-11-07T09:12:24.469564,09:12:24,7423.86,7423.86,3
2025-11-07T09:12:37.724563,09:12:37,7480.4,7480.4,3
2025-11-07T09:12:50.942755,09:12:50,7456.63,7456.63,3
2025-11-07T09:13:03.694220,09:13:03,7458.44,7458.44,3
2025-11-07T09:13:17.297117,09:13:17,7440.36,7440.36,3
2025-11-07T09:13:30.496777,09:13:30,7414.65,7414.65,3
2025-11-07T09:13:43.746606,09:13:43,7390.85,7390.85,3
2025-11-07T09:13:56.912819,09:13:56,7386.54,7386.54,3
2025-11-07T09:14:10.172209,09:14:10,7502.99,7502.99,3
2025-11-07T09:14:23.297061,09:14:23,7473.16,7473.16,3
2025-11-07T09:14:36.472446,09:14:36,7484.81,7484.81,3
2025-11-07T09:14:49.454374,09:14:49,7466.9,7466.9,3
2025-11-07T09:15:02.514104,09:15:02,7484.2,7484.2,3
2025-11-07T09:15:15.310402,09:15:15,7447.57,7447.57,3
2025-11-07T09:15:27.940919,09:15:27,7425.63,7425.63,3
2025-11-07T09:15:40.192126,09:15:40,7440.75,7440.75,3
2025-11-07T09:15:53.255295,09:15:53,7401.81,7401.81,3
2025-11-07T09:16:05.771930,09:16:05,7329.6,7329.6,3
2025-11-07T09:16:18.503894,09:16:18,7334.02,7334.02,3
2025-11-07T09:16:31.271093,09:16:31,7325.81,7325.81,3
2025-11-07T09:16:44.105385,09:16:44,7307.68,7307.68,3
2025-11-07T09:16:56.343208,09:16:56,7319.68,7319.68,3
2025-11-07T09:17:08.838841,09:17:08,7285.44,7285.44,3
2025-11-07T09:17:21.428924,09:17:21,7333.78,7333.78,3
2025-11-07T09:17:34.322696,09:17:34,7346.76,7346.76,3
2025-11-07T09:17:47.004855,09:17:47,7397.77,7397.77,3
2025-11-07T09:17:59.769309,09:17:59,7442.91,7442.91,3
2025-11-07T09:18:12.511684,09:18:12,7408.78,7408.78,3
2025-11-07T09:18:25.170475,09:18:25,7446.37,7446.37,3
2025-11-07T09:18:37.680832,09:18:37,7443.91,7443.91,3
2025-11-07T09:18:50.405084,09:18:50,7468.66,7468.66,3
2025-11-07T09:19:03.085735,09:19:03,7422.36,7422.36,3
2025-11-07T09:19:15.565966,09:19:15,7407.92,7407.92,3
2025-11-07T09:19:27.872565,09:19:27,7446.29,7446.29,3
2025-11-07T09:19:40.546823,09:19:40,7392.57,7392.57,3
2025-11-07T09:19:52.735242,09:19:52,7385.93,7385.93,3
2025-11-07T09:20:04.795641,09:20:04,7391.59,7391.59,3
2025-11-07T09:20:17.091577,09:20:17,7291.5,7291.5,3
2025-11-07T09:20:29.645922,09:20:29,7346.48,7346.48,3
2025-11-07T09:20:42.605234,09:20:42,7288.2,7288.2,3
2025-11-07T09:20:54.782610,09:20:54,7295.66,7295.66,3
2025-11-07T09:21:07.327318,09:21:07,7317.73,7317.73,3
2025-11-07T09:21:19.926287,09:21:19,7297.19,7297.19,3
2025-11-07T09:21:32.316419,09:21:32,7308.14,7308.14,3
2025-11-07T09:21:44.745392,09:21:44,7316.57,7316.57,3
2025-11-07T09:21:57.547506,09:21:57,7351.86,7351.86,3
2025-11-07T09:22:09.770292,09:22:09,7300.23,7300.23,3
2025-11-07T09:22:22.430090,09:22:22,7274.39,7274.39,3
2025-11-07T09:22:34.769583,09:22:34,7304.54,7304.54,3
2025-11-07T09:22:47.321507,09:22:47,7350.07,7350.07,3
2025-11-07T09:22:59.722933,09:22:59,7301.17,7301.17,3
2025-11-07T09:23:12.129747,09:23:12,7271.36,7271.36,3
2025-11-07T09:23:24.518948,09:23:24,7297.52,7297.52,3
2025-11-07T09:23:37.208050,09:23:37,7303.53,7303.53,3
2025-11-07T09:23:49.894946,09:23:49,7328.62,7328.62,3
2025-11-07T09:24:02.624833,09:24:02,7306.82,7306.82,3
2025-11-07T09:24:14.897823,09:24:14,7325.9,7325.9,3
2025-11-07T09:24:27.370355,09:24:27,7236.89,7236.89,3
2025-11-07T09:24:39.937883,09:24:39,7219.18,7219.18,3
2025-11-07T09:24:52.387472,09:24:52,7190.92,7190.92,3
2025-11-07T09:25:04.667707,09:25:04,7183.61,7183.61,3
2025-11-07T09:25:17.235038,09:25:17,7216.85,7216.85,3
2025-11-07T09:25:29.534244,09:25:29,7176.38,7176.38,3
2025-11-07T09:25:42.217954,09:25:42,7231.59,7231.59,3
2025-11-07T09:25:54.764314,09:25:54,7183.3,7183.3,3
2025-11-07T09:26:07.469766,09:26:07,7164.98,7164.98,3
2025-11-07T09:26:20.429230,09:26:20,7214.57,7214.57,3
2025-11-07T09:26:33.153727,09:26:33,7279.72,7279.72,3
2025-11-07T09:26:45.302496,09:26:45,7216.98,7216.98,3
2025-11-07T09:26:57.572384,09:26:57,7180.28,7180.28,3
2025-11-07T09:27:10.199687,09:27:10,7193.36,7193.36,3
2025-11-07T09:27:22.640427,09:27:22,7186.09,7186.09,3
2025-11-07T09:27:35.515027,09:27:35,7235.1,7235.1,3
2025-11-07T09:27:47.800645,09:27:47,7260.24,7260.24,3
2025-11-07T09:28:00.243021,09:28:00,7248.98,7248.98,3
2025-11-07T09:28:12.769739,09:28:12,7253.83,7253.83,3
2025-11-07T09:28:25.147666,09:28:25,7311.95,7311.95,3
2025-11-07T09:28:37.533553,09:28:37,7306.43,7306.43,3
2025-11-07T09:28:50.306280,09:28:50,7187.89,7187.89,3
2025-11-07T09:29:02.938345,09:29:02,7203.43,7203.43,3
2025-11-07T09:29:15.087549,09:29:15,7227.24,7227.24,3
2025-11-07T09:29:27.735219,09:29:27,7216.59,7216.59,3
2025-11-07T09:29:40.022511,09:29:40,7198.47,7198.47,3
2025-11-07T09:29:52.383496,09:29:52,7166.54,7166.54,3
2025-11-07T09:30:05.049567,09:30:05,7214.62,7214.62,3
2025-11-07T09:30:17.436634,09:30:17,7181.88,7181.88,3
2025-11-07T09:30:29.579336,09:30:29,7151.11,7151.11,3
2025-11-07T09:30:42.800352,09:30:42,7145.06,7145.06,3
2025-11-07T09:30:56.320459,09:30:56,7162.04,7162.04,3
2025-11-07T09:31:09.455755,09:31:09,7239.26,7239.26,3
2025-11-07T09:31:22.820117,09:31:22,7236.23,7236.23,3
2025-11-07T09:31:36.500318,09:31:36,7290.66,7290.66,3
2025-11-07T09:31:49.588911,09:31:49,7279.73,7279.73,3
2025-11-07T09:32:02.527484,09:32:02,7264.08,7264.08,3
2025-11-07T09:32:15.608722,09:32:15,7264.37,7264.37,3
2025-11-07T09:32:29.327535,09:32:29,7061.77,7061.77,3
2025-11-07T09:32:42.632551,09:32:42,7075.85,7075.85,3
2025-11-07T09:32:55.617674,09:32:55,7089.82,7089.82,3
2025-11-07T09:33:08.677538,09:33:08,7089.47,7089.47,3
2025-11-07T09:33:22.045116,09:33:22,7082.68,7082.68,3
2025-11-07T09:33:35.270736,09:33:35,7167.3,7167.3,3
2025-11-07T09:33:48.199104,09:33:48,7161.1,7161.1,3
2025-11-07T09:34:00.869570,09:34:00,7054.34,7054.34,3
2025-11-07T09:34:13.863356,09:34:13,7128.14,7128.14,3
2025-11-07T09:34:27.308759,09:34:27,7142.75,7142.75,3
2025-11-07T09:34:40.153340,09:34:40,7167.46,7167.46,3
2025-11-07T09:34:53.190785,09:34:53,7172.61,7172.61,3
2025-11-07T09:35:06.148502,09:35:06,7173.11,7173.11,3
2025-11-07T09:35:19.490460,09:35:19,7119.52,7119.52,3
2025-11-07T09:35:33.126278,09:35:33,7084.1,7084.1,3
2025-11-07T09:35:46.066864,09:35:46,7085.88,7085.88,3
2025-11-07T09:35:59.156913,09:35:59,7052.28,7052.28,3
2025-11-07T09:36:12.620293,09:36:12,6952.08,6952.08,3
2025-11-07T09:36:26.214843,09:36:26,6920.06,6920.06,3
2025-11-07T09:36:39.647770,09:36:39,6897.09,6897.09,3
2025-11-07T09:36:53.221784,09:36:53,6801.22,6801.22,3
2025-11-07T09:37:06.612985,09:37:06,6783.53,6783.53,3
2025-11-07T09:37:20.256305,09:37:20,6790.6,6790.6,3
2025-11-07T09:37:33.433050,09:37:33,6746.16,6746.16,3
2025-11-07T09:37:46.862446,09:37:46,6779.18,6779.18,3
2025-11-07T09:38:00.321881,09:38:00,6845.66,6845.66,3
2025-11-07T09:38:12.703185,09:38:12,6846.27,6846.27,3
2025-11-07T09:38:25.040866,09:38:25,6740.19,6740.19,3
2025-11-07T09:38:37.431430,09:38:37,6733.54,6733.54,3
2025-11-07T09:38:50.369995,09:38:50,6689.72,6689.72,3
2025-11-07T09:39:02.976121,09:39:02,6715.91,6715.91,3
2025-11-07T09:39:15.761409,09:39:15,6787.59,6787.59,3
2025-11-07T09:39:28.421304,09:39:28,6770.71,6770.71,3
2025-11-07T09:39:41.088172,09:39:41,6687.56,6687.56,3
2025-11-07T09:39:53.755021,09:39:53,6606.15,6606.15,3
2025-11-07T09:40:06.388002,09:40:06,6622.39,6622.39,3
2025-11-07T09:40:19.312731,09:40:19,6610.76,6610.76,3
2025-11-07T09:40:32.353585,09:40:32,6692.21,6692.21,3
2025-11-07T09:40:45.368052,09:40:45,6710.92,6710.92,3
2025-11-07T09:40:58.184551,09:40:58,6654.82,6654.82,3
2025-11-07T09:41:10.784577,09:41:10,6615.41,6615.41,3
2025-11-07T09:41:23.353194,09:41:23,6676.37,6676.37,3
2025-11-07T09:41:35.613234,09:41:35,6677.21,6677.21,3
2025-11-07T09:41:48.533455,09:41:48,6693.68,6693.68,3
2025-11-07T09:42:01.329359,09:42:01,6679.06,6679.06,3
2025-11-07T09:42:13.825509,09:42:13,6665.24,6665.24,3
2025-11-07T09:42:26.740848,09:42:26,6619.96,6619.96,3
2025-11-07T09:42:39.590916,09:42:39,6595.87,6595.87,3
2025-11-07T09:42:52.541757,09:42:52,6612.71,6612.71,3
2025-11-07T09:43:05.335439,09:43:05,6672.99,6672.99,3
2025-11-07T09:43:17.858872,09:43:17,6667.89,6667.89,3
2025-11-07T09:43:31.449828,09:43:31,6660.88,6660.88,3
2025-11-07T09:43:44.261795,09:43:44,6615.86,6615.86,3
2025-11-07T09:43:57.163984,09:43:57,6616.24,6616.24,3
2025-11-07T09:44:10.180849,09:44:10,6601.36,6601.36,3
2025-11-07T09:44:23.206355,09:44:23,6632.35,6632.35,3
2025-11-07T09:44:36.173981,09:44:36,6568.11,6568.11,3
2025-11-07T09:44:48.940506,09:44:48,6564.98,6564.98,3
2025-11-07T09:45:01.519659,09:45:01,6562.11,6562.11,3
2025-11-07T09:45:14.232699,09:45:14,6601.52,6601.52,3
2025-11-07T09:45:26.627027,09:45:26,6643.08,6643.08,3
2025-11-07T09:45:39.422065,09:45:39,6674.83,6674.83,3
2025-11-07T09:45:51.627209,09:45:51,6734.56,6734.56,3
2025-11-07T09:46:04.562854,09:46:04,6715.9,6715.9,3
2025-11-07T09:46:17.293325,09:46:17,6741.35,6741.35,3
2025-11-07T09:46:30.379726,09:46:30,6766.99,6766.99,3
2025-11-07T09:46:43.284529,09:46:43,6795.2,6795.2,3
2025-11-07T09:46:56.386042,09:46:56,6919.52,6919.52,3
2025-11-07T09:47:09.667143,09:47:09,6993.29,6993.29,3
2025-11-07T09:47:22.716224,09:47:22,6955.24,6955.24,3
2025-11-07T09:47:36.394607,09:47:36,7011.44,7011.44,3
2025-11-07T09:47:50.226874,09:47:50,6994.57,6994.57,3
2025-11-07T09:48:03.379385,09:48:03,7008.08,7008.08,3
2025-11-07T09:48:16.606186,09:48:16,7065.91,7065.91,3
2025-11-07T09:48:29.610408,09:48:29,7053.53,7053.53,3
2025-11-07T09:48:43.271615,09:48:43,7144.25,7144.25,3
2025-11-07T09:48:56.850916,09:48:56,7126.44,7126.44,3
2025-11-07T09:49:10.207642,09:49:10,7067.09,7067.09,3
2025-11-07T09:49:23.566706,09:49:23,7091.39,7091.39,3
2025-11-07T09:49:36.828556,09:49:36,7106.84,7106.84,3
2025-11-07T09:49:50.259379,09:49:50,7064.78,7064.78,3
2025-11-07T09:50:03.394267,09:50:03,7106.2,7106.2,3
2025-11-07T09:50:16.481796,09:50:16,7077.08,7077.08,3
2025-11-07T09:50:29.657986,09:50:29,7080.98,7080.98,3
2025-11-07T09:50:42.514276,09:50:42,7141.5,7141.5,3
2025-11-07T09:50:55.873923,09:50:55,7075.62,7075.62,3
2025-11-07T09:51:08.877981,09:51:08,7114.02,7114.02,3
2025-11-07T09:51:22.253787,09:51:22,7149.28,7149.28,3
2025-11-07T09:51:35.130884,09:51:35,7169.31,7169.31,3
2025-11-07T09:51:47.500735,09:51:47,7204.18,7204.18,3
2025-11-07T09:52:00.294052,09:52:00,7251.3,7251.3,3
2025-11-07T09:52:12.816901,09:52:12,7307.07,7307.07,3
2025-11-07T09:52:25.456405,09:52:25,7313.04,7313.04,3
2025-11-07T09:52:37.656800,09:52:37,7327.82,7327.82,3
2025-11-07T09:52:50.331013,09:52:50,7339.73,7339.73,3
2025-11-07T09:53:02.522760,09:53:02,7415.73,7415.73,3
2025-11-07T09:53:15.276027,09:53:15,7447.22,7447.22,3
2025-11-07T09:53:28.267926,09:53:28,7554.9,7554.9,3
2025-11-07T09:53:41.366277,09:53:41,7503.88,7503.88,3
2025-11-07T09:53:54.347850,09:53:54,7502.43,7502.43,3
2025-11-07T09:54:06.729413,09:54:06,7535.71,7535.71,3
2025-11-07T09:54:19.593636,09:54:19,7545.56,7545.56,3
2025-11-07T09:54:32.034616,09:54:32,7487.25,7487.25,3
2025-11-07T09:54:44.437873,09:54:44,7477.88,7477.88,3
2025-11-07T09:54:57.266684,09:54:57,7431.63,7431.63,3
2025-11-07T09:55:09.882680,09:55:09,7466.52,7466.52,3
2025-11-07T09:55:22.215598,09:55:22,7485.54,7485.54,3
2025-11-07T09:55:34.428046,09:55:34,7465.77,7465.77,3
2025-11-07T09:55:46.871608,09:55:46,7438.15,7438.15,3
2025-11-07T09:55:58.938343,09:55:58,7465.71,7465.71,3
2025-11-07T09:56:11.322371,09:56:11,7508.95,7508.95,3
2025-11-07T09:56:23.766990,09:56:23,7580.63,7580.63,3
2025-11-07T09:56:36.540084,09:56:36,7553.23,7553.23,3
2025-11-07T09:56:49.633917,09:56:49,7545.62,7545.62,3
2025-11-07T09:57:02.476702,09:57:02,7513.76,7513.76,3
2025-11-07T09:57:15.599377,09:57:15,7469.55,7469.55,3
2025-11-07T09:57:28.189070,09:57:28,7538.87,7538.87,3
2025-11-07T09:57:40.807367,09:57:40,7529.99,7529.99,3
2025-11-07T09:57:53.215727,09:57:53,7502.63,7502.63,3
2025-11-07T09:58:05.806768,09:58:05,7552.77,7552.77,3
2025-11-07T09:58:17.857011,09:58:17,7512.36,7512.36,3
2025-11-07T09:58:30.608328,09:58:30,7474.93,7474.93,3
2025-11-07T09:58:43.384385,09:58:43,7456.95,7456.95,3
2025-11-07T09:58:55.703440,09:58:55,7458.68,7458.68,3
2025-11-07T09:59:08.466148,09:59:08,7446.18,7446.18,3
2025-11-07T09:59:21.526173,09:59:21,7371.56,7371.56,3
2025-11-07T09:59:34.551931,09:59:34,7400.14,7400.14,3
2025-11-07T09:59:47.564976,09:59:47,7446.87,7446.87,3
2025-11-07T10:00:00.569562,10:00:00,7450.13,7450.13,3
2025-11-07T10:00:13.610030,10:00:13,7428.31,7428.31,3
2025-11-07T10:00:26.367062,10:00:26,7402.5,7402.5,3
2025-11-07T10:00:39.279847,10:00:39,7390.09,7390.09,3
2025-11-07T10:00:52.411593,10:00:52,7377.0,7377.0,3
2025-11-07T10:01:06.247246,10:01:06,7304.83,7304.83,3
2025-11-07T10:01:19.645293,10:01:19,7222.02,7222.02,3
2025-11-07T10:01:33.425408,10:01:33,7173.7,7173.7,3
2025-11-07T10:01:46.744341,10:01:46,7179.55,7179.55,3
2025-11-07T10:01:59.543772,10:01:59,7192.59,7192.59,3
2025-11-07T10:02:12.372702,10:02:12,7229.7,7229.7,3
2025-11-07T10:02:24.914334,10:02:24,7224.43,7224.43,3
2025-11-07T10:02:37.255395,10:02:37,7296.73,7296.73,3
2025-11-07T10:02:49.553670,10:02:49,7246.04,7246.04,3
2025-11-07T10:03:02.105658,10:03:02,7191.52,7191.52,3
2025-11-07T10:03:14.199498,10:03:14,7140.18,7140.18,3
2025-11-07T10:03:26.659391,10:03:26,7134.47,7134.47,3
2025-11-07T10:03:38.967324,10:03:38,7134.02,7134.02,3
2025-11-07T10:03:51.458884,10:03:51,7136.3,7136.3,3
2025-11-07T10:04:04.100077,10:04:04,7139.05,7139.05,3
2025-11-07T10:04:16.656296,10:04:16,7113.39,7113.39,3
2025-11-07T10:04:29.385488,10:04:29,7117.8,7117.8,3
2025-11-07T10:04:42.426115,10:04:42,7117.08,7117.08,3
2025-11-07T10:04:54.499590,10:04:54,7066.63,7066.63,3
2025-11-07T10:05:06.662464,10:05:06,7123.68,7123.68,3
2025-11-07T10:05:19.311815,10:05:19,7072.01,7072.01,3
2025-11-07T10:05:31.802847,10:05:31,7047.12,7047.12,3
2025-11-07T10:05:44.374599,10:05:44,7056.41,7056.41,3
2025-11-07T10:05:57.043138,10:05:57,7137.81,7137.81,3
2025-11-07T10:06:09.684451,10:06:09,7137.47,7137.47,3
2025-11-07T10:06:21.967303,10:06:21,7090.09,7090.09,3
2025-11-07T10:06:34.498917,10:06:34,7111.34,7111.34,3
2025-11-07T10:06:46.703166,10:06:46,7114.5,7114.5,3
2025-11-07T10:06:59.364572,10:06:59,7188.99,7188.99,3
2025-11-07T10:07:12.390542,10:07:12,7194.9,7194.9,3
2025-11-07T10:07:25.331129,10:07:25,7164.45,7164.45,3
2025-11-07T10:07:37.877276,10:07:37,7135.6,7135.6,3
2025-11-07T10:07:50.602070,10:07:50,7112.13,7112.13,3
2025-11-07T10:08:03.408335,10:08:03,7104.87,7104.87,3
2025-11-07T10:08:16.359528,10:08:16,7139.62,7139.62,3
2025-11-07T10:08:29.269858,10:08:29,7159.03,7159.03,3
2025-11-07T10:08:41.756489,10:08:41,7125.54,7125.54,3
2025-11-07T10:08:54.095509,10:08:54,7130.38,7130.38,3
2025-11-07T10:09:06.598438,10:09:06,7049.81,7049.81,3
2025-11-07T10:09:18.819851,10:09:18,6982.94,6982.94,3
2025-11-07T10:09:31.516349,10:09:31,6972.93,6972.93,3
2025-11-07T10:09:43.632174,10:09:43,6980.47,6980.47,3
2025-11-07T10:09:56.252659,10:09:56,6984.07,6984.07,3
2025-11-07T10:10:08.778675,10:10:08,6937.3,6937.3,3
2025-11-07T10:10:21.291915,10:10:21,6963.73,6963.73,3
2025-11-07T10:10:34.332423,10:10:34,6976.16,6976.16,3
2025-11-07T10:10:47.216692,10:10:47,6996.68,6996.68,3
2025-11-07T10:10:59.649801,10:10:59,7064.84,7064.84,3
2025-11-07T10:11:12.472319,10:11:12,7084.02,7084.02,3
2025-11-07T10:11:25.270877,10:11:25,7056.95,7056.95,3
2025-11-07T10:11:37.883553,10:11:37,7064.86,7064.86,3
2025-11-07T10:11:50.501800,10:11:50,7016.6,7016.6,3
2025-11-07T10:12:02.855482,10:12:02,7046.06,7046.06,3
2025-11-07T10:12:15.130369,10:12:15,7067.57,7067.57,3
2025-11-07T10:12:27.345732,10:12:27,7096.8,7096.8,3
2025-11-07T10:12:39.667096,10:12:39,7175.63,7175.63,3
2025-11-07T10:12:52.023897,10:12:52,7173.33,7173.33,3
2025-11-07T10:13:04.372663,10:13:04,7168.15,7168.15,3
2025-11-07T10:13:17.421190,10:13:17,7192.89,7192.89,3
2025-11-07T10:13:30.134234,10:13:30,7208.57,7208.57,3
2025-11-07T10:13:42.657204,10:13:42,7218.87,7218.87,3
2025-11-07T10:13:55.035313,10:13:55,7225.0,7225.0,3
2025-11-07T10:14:07.595679,10:14:07,7313.37,7313.37,3
2025-11-07T10:14:20.583479,10:14:20,7324.96,7324.96,3
2025-11-07T10:14:33.063048,10:14:33,7191.99,7191.99,3
2025-11-07T10:14:45.323980,10:14:45,7187.66,7187.66,3
2025-11-07T10:14:57.758330,10:14:57,7161.57,7161.57,3
2025-11-07T10:15:10.404799,10:15:10,7185.16,7185.16,3
2025-11-07T10:15:23.349544,10:15:23,7146.14,7146.14,3
2025-11-07T10:15:35.647073,10:15:35,7214.14,7214.14,3
2025-11-07T10:15:48.252258,10:15:48,7101.81,7101.81,3
2025-11-07T10:16:00.742713,10:16:00,7118.87,7118.87,3
2025-11-07T10:16:13.241847,10:16:13,7107.75,7107.75,3
2025-11-07T10:16:25.533899,10:16:25,7083.22,7083.22,3
2025-11-07T10:16:38.232595,10:16:38,7087.59,7087.59,3
2025-11-07T10:16:50.554241,10:16:50,7170.37,7170.37,3
2025-11-07T10:17:03.635256,10:17:03,7179.28,7179.28,3
2025-11-07T10:17:16.217165,10:17:16,7149.57,7149.57,3
2025-11-07T10:17:28.851474,10:17:28,7150.29,7150.29,3
2025-11-07T10:17:41.606689,10:17:41,7144.09,7144.09,3
2025-11-07T10:17:54.472132,10:17:54,7162.24,7162.24,3
2025-11-07T10:18:06.966782,10:18:06,7135.87,7135.87,3
2025-11-07T10:18:19.211498,10:18:19,7080.35,7080.35,3
2025-11-07T10:18:31.808116,10:18:31,7092.03,7092.03,3
2025-11-07T10:18:44.486595,10:18:44,7120.21,7120.21,3
2025-11-07T10:18:57.089415,10:18:57,7161.2,7161.2,3
2025-11-07T10:19:09.688204,10:19:09,7149.7,7149.7,3
2025-11-07T10:19:22.156327,10:19:22,7165.0,7165.0,3
2025-11-07T10:19:34.420893,10:19:34,7150.73,7150.73,3
2025-11-07T10:19:47.314884,10:19:47,7095.4,7095.4,3
2025-11-07T10:20:00.143736,10:20:00,7134.37,7134.37,3
2025-11-07T10:20:12.704156,10:20:12,7138.8,7138.8,3
2025-11-07T10:20:25.273220,10:20:25,7127.03,7127.03,3
2025-11-07T10:20:37.592165,10:20:37,7148.4,7148.4,3
2025-11-07T10:20:49.877212,10:20:49,7141.39,7141.39,3
2025-11-07T10:21:02.330042,10:21:02,7250.1,7250.1,3
2025-11-07T10:21:14.574096,10:21:14,7271.41,7271.41,3
2025-11-07T10:21:27.566185,10:21:27,7331.3,7331.3,3
2025-11-07T10:21:40.414705,10:21:40,7335.74,7335.74,3
2025-11-07T10:21:53.371502,10:21:53,7344.0,7344.0,3
2025-11-07T10:22:05.585327,10:22:05,7336.22,7336.22,3
2025-11-07T10:22:18.565568,10:22:18,7332.42,7332.42,3
2025-11-07T10:22:31.482798,10:22:31,7276.28,7276.28,3
2025-11-07T10:22:44.253811,10:22:44,7278.28,7278.28,3
2025-11-07T10:22:57.111291,10:22:57,7264.1,7264.1,3
2025-11-07T10:23:09.839383,10:23:09,7215.68,7215.68,3
2025-11-07T10:23:22.340064,10:23:22,7227.04,7227.04,3
2025-11-07T10:23:35.235809,10:23:35,7227.12,7227.12,3
2025-11-07T10:23:47.779454,10:23:47,7219.57,7219.57,3
2025-11-07T10:24:00.327085,10:24:00,7260.91,7260.91,3
2025-11-07T10:24:12.484623,10:24:12,7265.44,7265.44,3
2025-11-07T10:24:25.334409,10:24:25,7239.01,7239.01,3
2025-11-07T10:24:38.044473,10:24:38,7244.79,7244.79,3
2025-11-07T10:24:50.626775,10:24:50,7229.99,7229.99,3
2025-11-07T10:25:03.495380,10:25:03,7240.83,7240.83,3
2025-11-07T10:25:16.147502,10:25:16,7351.53,7351.53,3
2025-11-07T10:25:28.856799,10:25:28,7348.04,7348.04,3
2025-11-07T10:25:41.470525,10:25:41,7386.75,7386.75,3
2025-11-07T10:25:54.381152,10:25:54,7426.2,7426.2,3
2025-11-07T10:26:07.298134,10:26:07,7367.66,7367.66,3
2025-11-07T10:26:19.885369,10:26:19,7330.64,7330.64,3
2025-11-07T10:26:32.320439,10:26:32,7400.19,7400.19,3
2025-11-07T10:26:45.250222,10:26:45,7430.13,7430.13,3
2025-11-07T10:26:57.677571,10:26:57,7463.06,7463.06,3
2025-11-07T10:27:10.076749,10:27:10,7523.16,7523.16,3
2025-11-07T10:27:22.643789,10:27:22,7516.45,7516.45,3
2025-11-07T10:27:35.617807,10:27:35,7510.53,7510.53,3
2025-11-07T10:27:48.169404,10:27:48,7490.49,7490.49,3
2025-11-07T10:28:00.658146,10:28:00,7493.44,7493.44,3
2025-11-07T10:28:13.703333,10:28:13,7521.28,7521.28,3
2025-11-07T10:28:26.522876,10:28:26,7598.55,7598.55,3
2025-11-07T10:28:39.327187,10:28:39,7591.56,7591.56,3
2025-11-07T10:28:52.036246,10:28:52,7607.65,7607.65,3
2025-11-07T10:29:04.432347,10:29:04,7640.3,7640.3,3
2025-11-07T10:29:17.333330,10:29:17,7634.58,7634.58,3
2025-11-07T10:29:30.136577,10:29:30,7606.0,7606.0,3
2025-11-07T10:29:42.572859,10:29:42,7601.24,7601.24,3
2025-11-07T10:29:55.541265,10:29:55,7598.51,7598.51,3
2025-11-07T10:30:07.980048,10:30:07,7611.22,7611.22,3
2025-11-07T10:30:20.628042,10:30:20,7631.19,7631.19,3
2025-11-07T10:30:33.322522,10:30:33,7649.12,7649.12,3
2025-11-07T10:30:45.922420,10:30:45,7622.59,7622.59,3
2025-11-07T10:30:58.591364,10:30:58,7622.87,7622.87,3
2025-11-07T10:31:11.139813,10:31:11,7615.63,7615.63,3
2025-11-07T10:31:23.868499,10:31:23,7615.24,7615.24,3
2025-11-07T10:31:36.410579,10:31:36,7616.05,7616.05,3
2025-11-07T10:31:49.426326,10:31:49,7656.53,7656.53,3
2025-11-07T10:32:01.547564,10:32:01,7661.83,7661.83,3
2025-11-07T10:32:14.215618,10:32:14,7655.08,7655.08,3
2025-11-07T10:32:26.658290,10:32:26,7676.38,7676.38,3
2025-11-07T10:32:39.294268,10:32:39,7679.35,7679.35,3
2025-11-07T10:32:52.655275,10:32:52,7697.49,7697.49,3
2025-11-07T10:33:05.481374,10:33:05,7720.37,7720.37,3
2025-11-07T10:33:18.256643,10:33:18,7686.01,7686.01,3
2025-11-07T10:33:31.712608,10:33:31,7660.04,7660.04,3
2025-11-07T10:33:45.046593,10:33:45,7635.9,7635.9,3
2025-11-07T10:33:58.242573,10:33:58,7645.16,7645.16,3
2025-11-07T10:34:11.294031,10:34:11,7643.9,7643.9,3
2025-11-07T10:34:23.830930,10:34:23,7769.87,7769.87,3
2025-11-07T10:34:36.418984,10:34:36,7844.54,7844.54,3
2025-11-07T10:34:49.356123,10:34:49,7845.75,7845.75,3
2025-11-07T10:35:02.124634,10:35:02,7860.02,7860.02,3
2025-11-07T10:35:14.269630,10:35:14,7876.39,7876.39,3
2025-11-07T10:35:26.594391,10:35:26,7896.89,7896.89,3
2025-11-07T10:35:39.394861,10:35:39,7919.3,7919.3,3
2025-11-07T10:35:52.314778,10:35:52,7926.76,7926.76,3
2025-11-07T10:36:04.831513,10:36:04,7969.61,7969.61,3
2025-11-07T10:36:17.270418,10:36:17,7954.32,7954.32,3
2025-11-07T10:36:30.473477,10:36:30,8001.6,8001.6,3
2025-11-07T10:36:43.362497,10:36:43,7912.02,7912.02,3
2025-11-07T10:36:56.339978,10:36:56,7955.48,7955.48,3
2025-11-07T10:37:08.995142,10:37:08,7955.14,7955.14,3
2025-11-07T10:37:21.279285,10:37:21,7988.46,7988.46,3
2025-11-07T10:37:34.244208,10:37:34,8046.4,8046.4,3
2025-11-07T10:37:47.124551,10:37:47,8089.69,8089.69,3
2025-11-07T10:37:59.607936,10:37:59,8147.88,8147.88,3
2025-11-07T10:38:11.742569,10:38:11,8139.1,8139.1,3
2025-11-07T10:38:24.280683,10:38:24,8242.08,8242.08,3
2025-11-07T10:38:36.699084,10:38:36,8270.21,8270.21,3
2025-11-07T10:38:49.401517,10:38:49,8323.41,8323.41,3
2025-11-07T10:39:02.051966,10:39:02,8310.66,8310.66,3
2025-11-07T10:39:14.302658,10:39:14,8286.14,8286.14,3
2025-11-07T10:39:26.501683,10:39:26,8423.63,8423.63,3
2025-11-07T10:39:38.987164,10:39:38,8430.2,8430.2,3
2025-11-07T10:39:51.554409,10:39:51,8436.65,8436.65,3
2025-11-07T10:40:04.255961,10:40:04,8424.26,8424.26,3
2025-11-07T10:40:16.812028,10:40:16,8501.17,8501.17,3
2025-11-07T10:40:29.591470,10:40:29,8533.66,8533.66,3
2025-11-07T10:40:42.469207,10:40:42,8350.82,8350.82,3
2025-11-07T10:40:55.363149,10:40:55,8289.07,8289.07,3
2025-11-07T10:41:07.982310,10:41:07,8257.79,8257.79,3
2025-11-07T10:41:20.204421,10:41:20,8232.0,8232.0,3
2025-11-07T10:41:33.390493,10:41:33,8258.62,8258.62,3
2025-11-07T10:41:46.250406,10:41:46,8301.78,8301.78,3
2025-11-07T10:41:58.689266,10:41:58,8234.24,8234.24,3
2025-11-07T10:42:11.059872,10:42:11,8243.75,8243.75,3
2025-11-07T10:42:23.156996,10:42:23,8227.85,8227.85,3
2025-11-07T10:42:35.586513,10:42:35,8241.26,8241.26,3
2025-11-07T10:42:48.317187,10:42:48,8232.06,8232.06,3
2025-11-07T10:43:00.972723,10:43:00,8225.02,8225.02,3
2025-11-07T10:43:13.653040,10:43:13,8138.92,8138.92,3
2025-11-07T10:43:26.489440,10:43:26,8153.0,8153.0,3
2025-11-07T10:43:39.580939,10:43:39,8108.9,8108.9,3
2025-11-07T10:43:52.778604,10:43:52,8106.86,8106.86,3
2025-11-07T10:44:05.241102,10:44:05,8244.72,8244.72,3
2025-11-07T10:44:18.577779,10:44:18,8283.05,8283.05,3
2025-11-07T10:44:31.629039,10:44:31,8281.9,8281.9,3
2025-11-07T10:44:44.465669,10:44:44,8356.78,8356.78,3
2025-11-07T10:44:57.476861,10:44:57,8331.08,8331.08,3
2025-11-07T10:45:10.857898,10:45:10,8373.91,8373.91,3
2025-11-07T10:45:24.183695,10:45:24,8381.37,8381.37,3
2025-11-07T10:45:37.321269,10:45:37,8418.49,8418.49,3
2025-11-07T10:45:50.433448,10:45:50,8293.49,8293.49,3
2025-11-07T10:46:03.479431,10:46:03,8259.2,8259.2,3
2025-11-07T10:46:16.203254,10:46:16,8263.68,8263.68,3
2025-11-07T10:46:29.660865,10:46:29,8188.81,8188.81,3
2025-11-07T10:46:42.396911,10:46:42,8225.66,8225.66,3
2025-11-07T10:46:55.850589,10:46:55,8213.55,8213.55,3
2025-11-07T10:47:09.257413,10:47:09,8225.2,8225.2,3
2025-11-07T10:47:22.609414,10:47:22,8322.04,8322.04,3
2025-11-07T10:47:35.301155,10:47:35,8271.83,8271.83,3
2025-11-07T10:47:48.084320,10:47:48,8286.65,8286.65,3
2025-11-07T10:48:01.113693,10:48:01,8241.13,8241.13,3
2025-11-07T10:48:13.953333,10:48:13,8202.14,8202.14,3
2025-11-07T10:48:27.039276,10:48:27,8211.56,8211.56,3
2025-11-07T10:48:39.586451,10:48:39,8270.0,8270.0,3
2025-11-07T10:48:52.668512,10:48:52,8265.73,8265.73,3
2025-11-07T10:49:06.366626,10:49:06,8386.06,8386.06,3
2025-11-07T10:49:19.696080,10:49:19,8334.71,8334.71,3
2025-11-07T10:49:33.243020,10:49:33,8339.75,8339.75,3
2025-11-07T10:49:46.583210,10:49:46,8342.39,8342.39,3
2025-11-07T10:49:59.423957,10:49:59,8280.41,8280.41,3
2025-11-07T10:50:12.196705,10:50:12,8218.72,8218.72,3
2025-11-07T10:50:24.990432,10:50:24,8206.66,8206.66,3
2025-11-07T10:50:37.580506,10:50:37,8099.99,8099.99,3
2025-11-07T10:50:50.593452,10:50:50,8063.35,8063.35,3
2025-11-07T10:51:03.226643,10:51:03,8064.21,8064.21,3
2025-11-07T10:51:15.617825,10:51:15,8069.93,8069.93,3
2025-11-07T10:51:28.153735,10:51:28,8072.56,8072.56,3
2025-11-07T10:51:41.043769,10:51:41,8072.54,8072.54,3
2025-11-07T10:51:53.520469,10:51:53,8080.16,8080.16,3
2025-11-07T10:52:06.215540,10:52:06,8098.81,8098.81,3
2025-11-07T10:52:18.684294,10:52:18,8041.25,8041.25,3
2025-11-07T10:52:31.418146,10:52:31,8045.16,8045.16,3
2025-11-07T10:52:43.932223,10:52:43,8082.94,8082.94,3
2025-11-07T10:52:56.620891,10:52:56,8154.77,8154.77,3
2025-11-07T10:53:08.798710,10:53:08,8190.72,8190.72,3
2025-11-07T10:53:21.488594,10:53:21,8204.72,8204.72,3
2025-11-07T10:53:34.006090,10:53:34,8213.67,8213.67,3
2025-11-07T10:53:46.422675,10:53:46,8259.92,8259.92,3
2025-11-07T10:53:58.925718,10:53:58,8271.93,8271.93,3
2025-11-07T10:54:11.567442,10:54:11,8208.69,8208.69,3
2025-11-07T10:54:23.899251,10:54:23,8208.32,8208.32,3
2025-11-07T10:54:36.198131,10:54:36,8208.06,8208.06,3
2025-11-07T10:54:48.805608,10:54:48,8207.96,8207.96,3
2025-11-07T10:55:01.354784,10:55:01,8301.54,8301.54,3
2025-11-07T10:55:14.371969,10:55:14,8282.54,8282.54,3
2025-11-07T10:55:26.922204,10:55:26,8141.96,8141.96,3
2025-11-07T10:55:39.422285,10:55:39,8124.24,8124.24,3
2025-11-07T10:55:51.765777,10:55:51,8176.92,8176.92,3
2025-11-07T10:56:04.655596,10:56:04,8123.95,8123.95,3
2025-11-07T10:56:17.434981,10:56:17,8110.09,8110.09,3
2025-11-07T10:56:29.677835,10:56:29,8075.71,8075.71,3
2025-11-07T10:56:41.982828,10:56:41,8125.34,8125.34,3
2025-11-07T10:56:54.651635,10:56:54,8137.74,8137.74,3
2025-11-07T10:57:07.637810,10:57:07,8164.38,8164.38,3
2025-11-07T10:57:20.233214,10:57:20,8164.72,8164.72,3
2025-11-07T10:57:32.817080,10:57:32,8181.0,8181.0,3
2025-11-07T10:57:45.537283,10:57:45,8182.06,8182.06,3
2025-11-07T10:57:58.437098,10:57:58,8198.98,8198.98,3
2025-11-07T10:58:11.790197,10:58:11,8217.55,8217.55,3
2025-11-07T10:58:24.925252,10:58:24,8194.05,8194.05,3
2025-11-07T10:58:38.524454,10:58:38,8212.04,8212.04,3
2025-11-07T10:58:51.987529,10:58:51,8211.24,8211.24,3
2025-11-07T10:59:04.709578,10:59:04,8265.49,8265.49,3
2025-11-07T10:59:18.225381,10:59:18,8294.87,8294.87,3
2025-11-07T10:59:31.669002,10:59:31,8338.72,8338.72,3
2025-11-07T10:59:44.975316,10:59:44,8357.06,8357.06,3
2025-11-07T10:59:58.216643,10:59:58,8361.04,8361.04,3
2025-11-07T11:00:11.379725,11:00:11,8355.17,8355.17,3
2025-11-07T11:00:24.761868,11:00:24,8340.44,8340.44,3
2025-11-07T11:00:37.522285,11:00:37,8254.39,8254.39,3
2025-11-07T11:00:50.757009,11:00:50,8235.03,8235.03,3
2025-11-07T11:01:03.987739,11:01:03,8217.25,8217.25,3
2025-11-07T11:01:17.571587,11:01:17,8145.36,8145.36,3
2025-11-07T11:01:30.606663,11:01:30,8181.79,8181.79,3
2025-11-07T11:01:43.610206,11:01:43,8165.13,8165.13,3
2025-11-07T11:01:56.325823,11:01:56,8166.82,8166.82,3
2025-11-07T11:02:09.074171,11:02:09,8219.57,8219.57,3
2025-11-07T11:02:22.375311,11:02:22,8207.78,8207.78,3
2025-11-07T11:02:35.538235,11:02:35,8153.22,8153.22,3
2025-11-07T11:02:48.899478,11:02:48,8184.95,8184.95,3
2025-11-07T11:03:01.753413,11:03:01,8224.0,8224.0,3
2025-11-07T11:03:14.560245,11:03:14,8225.17,8225.17,3
2025-11-07T11:03:27.346354,11:03:27,8255.87,8255.87,3
2025-11-07T11:03:39.578151,11:03:39,8258.71,8258.71,3
2025-11-07T11:03:52.193200,11:03:52,8260.47,8260.47,3
2025-11-07T11:04:04.745365,11:04:04,8264.9,8264.9,3
2025-11-07T11:04:17.256081,11:04:17,8231.87,8231.87,3
2025-11-07T11:04:30.032257,11:04:30,8228.73,8228.73,3
2025-11-07T11:04:42.718521,11:04:42,8215.96,8215.96,3
2025-11-07T11:04:55.423296,11:04:55,8226.14,8226.14,3
2025-11-07T11:05:08.480423,11:05:08,8289.08,8289.08,3
2025-11-07T11:05:20.991123,11:05:20,8267.47,8267.47,3
2025-11-07T11:05:33.309633,11:05:33,8272.34,8272.34,3
2025-11-07T11:05:46.141344,11:05:46,8194.06,8194.06,3
2025-11-07T11:05:58.830005,11:05:58,8211.44,8211.44,3
2025-11-07T11:06:11.440776,11:06:11,8237.45,8237.45,3
2025-11-07T11:06:24.223270,11:06:24,8263.68,8263.68,3
2025-11-07T11:06:36.695051,11:06:36,8161.35,8161.35,3
2025-11-07T11:06:49.295590,11:06:49,8175.98,8175.98,3
2025-11-07T11:07:01.733541,11:07:01,8177.36,8177.36,3
2025-11-07T11:07:14.263220,11:07:14,8230.11,8230.11,3
2025-11-07T11:07:26.824761,11:07:26,8208.01,8208.01,3
2025-11-07T11:07:39.421966,11:07:39,8276.15,8276.15,3
2025-11-07T11:07:51.887546,11:07:51,8289.15,8289.15,3
2025-11-07T11:08:04.585647,11:08:04,8272.06,8272.06,3
2025-11-07T11:08:18.047074,11:08:18,8264.41,8264.41,3
2025-11-07T11:08:31.336211,11:08:31,8236.96,8236.96,3
2025-11-07T11:08:44.656747,11:08:44,8231.07,8231.07,3
2025-11-07T11:08:58.261554,11:08:58,8294.14,8294.14,3
2025-11-07T11:09:11.693661,11:09:11,8228.69,8228.69,3
2025-11-07T11:09:25.253252,11:09:25,8234.92,8234.92,3
2025-11-07T11:09:38.717517,11:09:38,8236.75,8236.75,3
2025-11-07T11:09:51.599925,11:09:51,8319.02,8319.02,3
2025-11-07T11:10:05.278838,11:10:05,8294.23,8294.23,3
2025-11-07T11:10:18.384229,11:10:18,8275.22,8275.22,3
2025-11-07T11:10:31.055431,11:10:31,8284.61,8284.61,3
2025-11-07T11:10:44.584914,11:10:44,8285.91,8285.91,3
2025-11-07T11:10:58.030786,11:10:58,8312.02,8312.02,3
2025-11-07T11:11:11.126906,11:11:11,8217.56,8217.56,3
2025-11-07T11:11:24.590237,11:11:24,8240.7,8240.7,3
2025-11-07T11:11:37.829583,11:11:37,8273.32,8273.32,3
2025-11-07T11:11:50.051429,11:11:50,8330.78,8330.78,3
2025-11-07T11:12:03.384106,11:12:03,8308.32,8308.32,3
2025-11-07T11:12:16.219949,11:12:16,8313.09,8313.09,3
2025-11-07T11:12:29.231303,11:12:29,8288.19,8288.19,3
2025-11-07T11:12:42.239125,11:12:42,8292.85,8292.85,3
2025-11-07T11:12:54.951211,11:12:54,8282.39,8282.39,3
2025-11-07T11:13:07.646104,11:13:07,8200.8,8200.8,3
2025-11-07T11:13:20.707613,11:13:20,8261.76,8261.76,3
2025-11-07T11:13:33.848990,11:13:33,8269.7,8269.7,3
2025-11-07T11:13:47.158892,11:13:47,8276.23,8276.23,3
2025-11-07T11:14:00.653986,11:14:00,8273.65,8273.65,3
2025-11-07T11:14:14.341501,11:14:14,8227.85,8227.85,3
2025-11-07T11:14:27.323664,11:14:27,8211.01,8211.01,3
2025-11-07T11:14:40.534681,11:14:40,8229.43,8229.43,3
2025-11-07T11:14:54.126508,11:14:54,8221.28,8221.28,3
2025-11-07T11:15:07.548310,11:15:07,8206.32,8206.32,3
2025-11-07T11:15:20.463151,11:15:20,8221.3,8221.3,3
2025-11-07T11:15:33.183267,11:15:33,8247.62,8247.62,3
2025-11-07T11:15:46.387975,11:15:46,8165.06,8165.06,3
2025-11-07T11:15:59.807432,11:15:59,8156.01,8156.01,3
2025-11-07T11:16:12.615600,11:16:12,8164.0,8164.0,3
2025-11-07T11:16:26.097365,11:16:26,8181.69,8181.69,3
2025-11-07T11:16:39.580259,11:16:39,8180.94,8180.94,3
2025-11-07T11:16:52.894865,11:16:52,8188.36,8188.36,3
2025-11-07T11:17:06.497212,11:17:06,8183.6,8183.6,3
2025-11-07T11:17:19.212896,11:17:19,8204.4,8204.4,3
2025-11-07T11:17:32.291994,11:17:32,8226.57,8226.57,3
2025-11-07T11:17:45.379408,11:17:45,8167.92,8167.92,3
2025-11-07T11:17:58.512315,11:17:58,8196.47,8196.47,3
2025-11-07T11:18:11.403818,11:18:11,8187.64,8187.64,3
2025-11-07T11:18:23.961273,11:18:23,8254.46,8254.46,3
2025-11-07T11:18:37.378313,11:18:37,8240.71,8240.71,3
2025-11-07T11:18:50.419301,11:18:50,8257.4,8257.4,3
2025-11-07T11:19:03.459705,11:19:03,8286.8,8286.8,3
2025-11-07T11:19:16.704267,11:19:16,8229.46,8229.46,3
2025-11-07T11:19:29.464082,11:19:29,8213.11,8213.11,3
2025-11-07T11:19:42.735768,11:19:42,8228.05,8228.05,3
2025-11-07T11:19:55.926148,11:19:55,8188.74,8188.74,3
2025-11-07T11:20:09.131812,11:20:09,8214.19,8214.19,3
2025-11-07T11:20:21.807004,11:20:21,8226.06,8226.06,3
2025-11-07T11:20:34.288466,11:20:34,8258.72,8258.72,3
2025-11-07T11:20:46.987122,11:20:46,8289.28,8289.28,3
2025-11-07T11:20:59.802525,11:20:59,8293.81,8293.81,3
2025-11-07T11:21:12.326089,11:21:12,8289.46,8289.46,3
2025-11-07T11:21:25.288739,11:21:25,8265.09,8265.09,3
2025-11-07T11:21:38.313030,11:21:38,8314.64,8314.64,3
2025-11-07T11:21:50.754856,11:21:50,8320.69,8320.69,3
2025-11-07T11:22:03.467508,11:22:03,8473.72,8473.72,3
2025-11-07T11:22:16.217927,11:22:16,8497.74,8497.74,3
2025-11-07T11:22:28.844611,11:22:28,8562.93,8562.93,3
2025-11-07T11:22:41.424973,11:22:41,8484.11,8484.11,3
2025-11-07T11:22:53.757656,11:22:53,8556.11,8556.11,3
2025-11-07T11:23:06.445158,11:23:06,8490.16,8490.16,3
2025-11-07T11:23:19.179043,11:23:19,8474.51,8474.51,3
2025-11-07T11:23:31.641532,11:23:31,8501.73,8501.73,3
2025-11-07T11:23:43.833654,11:23:43,8460.68,8460.68,3
2025-11-07T11:23:56.406461,11:23:56,8408.77,8408.77,3
2025-11-07T11:24:08.979880,11:24:08,8351.0,8351.0,3
2025-11-07T11:24:21.466686,11:24:21,8360.75,8360.75,3
2025-11-07T11:24:34.096848,11:24:34,8409.17,8409.17,3
2025-11-07T11:24:46.318397,11:24:46,8325.97,8325.97,3
2025-11-07T11:24:58.896576,11:24:58,8344.65,8344.65,3
2025-11-07T11:25:11.468830,11:25:11,8348.62,8348.62,3
2025-11-07T11:25:23.838274,11:25:23,8364.51,8364.51,3
2025-11-07T11:25:36.470329,11:25:36,8346.87,8346.87,3
2025-11-07T11:25:49.505087,11:25:49,8313.36,8313.36,3
2025-11-07T11:26:01.790845,11:26:01,8275.46,8275.46,3
2025-11-07T11:26:14.211468,11:26:14,8250.66,8250.66,3
2025-11-07T11:26:26.890340,11:26:26,8301.84,8301.84,3
2025-11-07T11:26:39.192240,11:26:39,8286.05,8286.05,3
2025-11-07T11:26:51.804469,11:26:51,8286.86,8286.86,3
2025-11-07T11:27:04.141816,11:27:04,8292.22,8292.22,3
2025-11-07T11:27:16.803583,11:27:16,8370.18,8370.18,3
2025-11-07T11:27:29.359313,11:27:29,8392.64,8392.64,3
2025-11-07T11:27:42.323259,11:27:42,8391.84,8391.84,3
2025-11-07T11:27:55.325414,11:27:55,8390.42,8390.42,3
2025-11-07T11:28:08.085228,11:28:08,8353.24,8353.24,3
2025-11-07T11:28:20.380003,11:28:20,8326.1,8326.1,3
2025-11-07T11:28:33.358933,11:28:33,8351.87,8351.87,3
2025-11-07T11:28:46.744190,11:28:46,8340.34,8340.34,3
2025-11-07T11:28:59.922917,11:28:59,8342.93,8342.93,3
2025-11-07T11:29:13.309857,11:29:13,8415.43,8415.43,3
2025-11-07T11:29:26.427294,11:29:26,8410.15,8410.15,3
2025-11-07T11:29:39.608597,11:29:39,8401.38,8401.38,3
2025-11-07T11:29:52.798337,11:29:52,8403.65,8403.65,3
2025-11-07T11:30:06.356451,11:30:06,8416.7,8416.7,3
2025-11-07T11:30:19.650028,11:30:19,8342.0,8342.0,3
2025-11-07T11:30:33.203939,11:30:33,8299.9,8299.9,3
2025-11-07T11:30:46.297047,11:30:46,8335.87,8335.87,3
2025-11-07T11:30:59.222823,11:30:59,8371.29,8371.29,3
2025-11-07T11:31:12.208053,11:31:12,8371.64,8371.64,3
2025-11-07T11:31:25.571676,11:31:25,8380.69,8380.69,3
2025-11-07T11:31:38.564850,11:31:38,8457.62,8457.62,3
2025-11-07T11:31:51.202724,11:31:51,8467.93,8467.93,3
2025-11-07T11:32:03.627153,11:32:03,8482.88,8482.88,3
2025-11-07T11:32:16.487170,11:32:16,8476.21,8476.21,3
2025-11-07T11:32:28.971016,11:32:28,8384.76,8384.76,3
2025-11-07T11:32:41.668159,11:32:41,8279.36,8279.36,3
2025-11-07T11:32:54.266188,11:32:54,8281.76,8281.76,3
2025-11-07T11:33:06.777497,11:33:06,8230.51,8230.51,3
2025-11-07T11:33:19.330987,11:33:19,8273.44,8273.44,3
2025-11-07T11:33:31.907943,11:33:31,8285.12,8285.12,3
2025-11-07T11:33:44.420041,11:33:44,8253.76,8253.76,3
2025-11-07T11:33:56.848942,11:33:56,8248.8,8248.8,3
2025-11-07T11:34:09.394450,11:34:09,8197.21,8197.21,3
2025-11-07T11:34:21.839251,11:34:21,8179.87,8179.87,3
2025-11-07T11:34:34.261511,11:34:34,8134.68,8134.68,3
2025-11-07T11:34:46.758074,11:34:46,8181.16,8181.16,3
2025-11-07T11:34:59.295986,11:34:59,8175.61,8175.61,3
2025-11-07T11:35:12.033366,11:35:12,8180.43,8180.43,3
2025-11-07T11:35:24.243554,11:35:24,8189.66,8189.66,3
2025-11-07T11:35:37.272674,11:35:37,8205.37,8205.37,3
2025-11-07T11:35:49.568335,11:35:49,8201.83,8201.83,3
2025-11-07T11:36:01.726155,11:36:01,8187.93,8187.93,3
2025-11-07T11:36:14.456262,11:36:14,8177.58,8177.58,3
2025-11-07T11:36:27.356206,11:36:27,8180.42,8180.42,3
2025-11-07T11:36:40.178666,11:36:40,8126.1,8126.1,3
2025-11-07T11:36:52.742539,11:36:52,8086.61,8086.61,3
2025-11-07T11:37:05.024171,11:37:05,8074.61,8074.61,3
2025-11-07T11:37:17.301471,11:37:17,8107.41,8107.41,3
2025-11-07T11:37:29.754553,11:37:29,8117.88,8117.88,3
2025-11-07T11:37:42.747165,11:37:42,8135.71,8135.71,3
2025-11-07T11:37:56.193690,11:37:56,8115.46,8115.46,3
2025-11-07T11:38:09.263288,11:38:09,8111.4,8111.4,3
2025-11-07T11:38:22.541557,11:38:22,8125.55,8125.55,3
2025-11-07T11:38:35.836585,11:38:35,8127.03,8127.03,3
2025-11-07T11:38:49.239904,11:38:49,8127.86,8127.86,3
2025-11-07T11:39:02.518060,11:39:02,8114.02,8114.02,3
2025-11-07T11:39:15.565037,11:39:15,8147.54,8147.54,3
2025-11-07T11:39:28.652987,11:39:28,8176.7,8176.7,3
2025-11-07T11:39:41.810064,11:39:41,8130.75,8130.75,3
2025-11-07T11:39:55.111665,11:39:55,8114.04,8114.04,3
2025-11-07T11:40:08.566607,11:40:08,8117.35,8117.35,3
2025-11-07T11:40:21.328673,11:40:21,8105.4,8105.4,3
2025-11-07T11:40:34.396801,11:40:34,8105.16,8105.16,3
2025-11-07T11:40:47.815613,11:40:47,8110.09,8110.09,3
2025-11-07T11:41:00.860667,11:41:00,8125.48,8125.48,3
2025-11-07T11:41:14.240997,11:41:14,8111.39,8111.39,3
2025-11-07T11:41:27.182824,11:41:27,8151.69,8151.69,3
2025-11-07T11:41:39.895493,11:41:39,8194.57,8194.57,3
2025-11-07T11:41:53.352054,11:41:53,8270.67,8270.67,3
2025-11-07T11:42:06.799034,11:42:06,8280.38,8280.38,3
2025-11-07T11:42:20.286913,11:42:20,8347.86,8347.86,3
2025-11-07T11:42:33.438241,11:42:33,8351.82,8351.82,3
2025-11-07T11:42:46.760758,11:42:46,8393.04,8393.04,3
2025-11-07T11:42:59.653076,11:42:59,8391.43,8391.43,3
2025-11-07T11:43:12.912417,11:43:12,8309.22,8309.22,3
2025-11-07T11:43:25.838209,11:43:25,8301.87,8301.87,3
2025-11-07T11:43:38.841739,11:43:38,8307.23,8307.23,3
2025-11-07T11:43:51.687226,11:43:51,8266.43,8266.43,3
2025-11-07T11:44:04.859660,11:44:04,8265.44,8265.44,3
2025-11-07T11:44:17.877398,11:44:17,8263.91,8263.91,3
2025-11-07T11:44:31.379246,11:44:31,8206.17,8206.17,3
2025-11-07T11:44:44.426347,11:44:44,8203.76,8203.76,3
2025-11-07T11:44:57.200172,11:44:57,8160.97,8160.97,3
2025-11-07T11:45:09.884875,11:45:09,8195.27,8195.27,3
2025-11-07T11:45:23.379109,11:45:23,8198.98,8198.98,3
2025-11-07T11:45:36.849126,11:45:36,8143.96,8143.96,3
2025-11-07T11:45:49.583345,11:45:49,8147.55,8147.55,3
2025-11-07T11:46:02.448906,11:46:02,8148.62,8148.62,3
2025-11-07T11:46:15.381253,11:46:15,8134.19,8134.19,3
2025-11-07T11:46:28.483676,11:46:28,8136.77,8136.77,3
2025-11-07T11:46:41.172063,11:46:41,8117.19,8117.19,3
2025-11-07T11:46:54.407857,11:46:54,8122.13,8122.13,3
2025-11-07T11:47:07.240422,11:47:07,8172.29,8172.29,3
2025-11-07T11:47:20.443422,11:47:20,8214.39,8214.39,3
2025-11-07T11:47:34.048183,11:47:34,8219.51,8219.51,3
2025-11-07T11:47:46.902231,11:47:46,8220.58,8220.58,3
2025-11-07T11:47:59.790614,11:47:59,8229.76,8229.76,3
2025-11-07T11:48:13.174806,11:48:13,8183.49,8183.49,3
2025-11-07T11:48:26.134194,11:48:26,8228.23,8228.23,3
2025-11-07T11:48:38.849448,11:48:38,8224.9,8224.9,3
2025-11-07T11:48:52.400766,11:48:52,8225.28,8225.28,3
2025-11-07T11:49:05.260846,11:49:05,8226.03,8226.03,3
2025-11-07T11:49:18.233622,11:49:18,8273.3,8273.3,3
2025-11-07T11:49:31.044872,11:49:31,8270.07,8270.07,3
2025-11-07T11:49:44.401592,11:49:44,8260.12,8260.12,3
2025-11-07T11:49:57.726986,11:49:57,8245.37,8245.37,3
2025-11-07T11:50:10.948164,11:50:10,8258.98,8258.98,3
2025-11-07T11:50:24.046365,11:50:24,8275.44,8275.44,3
2025-11-07T11:50:37.526640,11:50:37,8295.2,8295.2,3
2025-11-07T11:50:50.835461,11:50:50,8306.85,8306.85,3
2025-11-07T11:51:04.549171,11:51:04,8269.65,8269.65,3
2025-11-07T11:51:17.283143,11:51:17,8270.69,8270.69,3
2025-11-07T11:51:30.722927,11:51:30,8269.12,8269.12,3
2025-11-07T11:51:43.314141,11:51:43,8267.94,8267.94,3
2025-11-07T11:51:55.941520,11:51:55,8266.56,8266.56,3
2025-11-07T11:52:08.613696,11:52:08,8283.32,8283.32,3
2025-11-07T11:52:20.815704,11:52:20,8324.19,8324.19,3
2025-11-07T11:52:33.183308,11:52:33,8321.89,8321.89,3
2025-11-07T11:52:45.518516,11:52:45,8380.43,8380.43,3
2025-11-07T11:52:58.298872,11:52:58,8426.81,8426.81,3
2025-11-07T11:53:10.756988,11:53:10,8406.14,8406.14,3
2025-11-07T11:53:22.860818,11:53:22,8514.24,8514.24,3
2025-11-07T11:53:35.148176,11:53:35,8487.54,8487.54,3
2025-11-07T11:53:47.217786,11:53:47,8434.31,8434.31,3
2025-11-07T11:53:59.463809,11:53:59,8447.01,8447.01,3
2025-11-07T11:54:12.270579,11:54:12,8388.06,8388.06,3
2025-11-07T11:54:24.872067,11:54:24,8383.47,8383.47,3
2025-11-07T11:54:37.431480,11:54:37,8376.47,8376.47,3
2025-11-07T11:54:50.398194,11:54:50,8384.43,8384.43,3
2025-11-07T11:55:02.750392,11:55:02,8346.38,8346.38,3
2025-11-07T11:55:15.526592,11:55:15,8212.17,8212.17,3
2025-11-07T11:55:28.067315,11:55:28,8134.35,8134.35,3
2025-11-07T11:55:40.845417,11:55:40,8183.51,8183.51,3
2025-11-07T11:55:53.439432,11:55:53,8196.33,8196.33,3
2025-11-07T11:56:06.541840,11:56:06,8189.8,8189.8,3
2025-11-07T11:56:18.794550,11:56:18,8197.19,8197.19,3
2025-11-07T11:56:31.459375,11:56:31,8194.15,8194.15,3
2025-11-07T11:56:43.889223,11:56:43,8199.75,8199.75,3
2025-11-07T11:56:56.506348,11:56:56,8165.14,8165.14,3
2025-11-07T11:57:09.314607,11:57:09,8175.76,8175.76,3
2025-11-07T11:57:21.820471,11:57:21,8167.05,8167.05,3
2025-11-07T11:57:34.263536,11:57:34,8115.91,8115.91,3
2025-11-07T11:57:46.348956,11:57:46,8107.03,8107.03,3
2025-11-07T11:57:58.641672,11:57:58,8109.32,8109.32,3
2025-11-07T11:58:11.325025,11:58:11,8139.37,8139.37,3
2025-11-07T11:58:23.790494,11:58:23,8145.26,8145.26,3
2025-11-07T11:58:35.852536,11:58:35,8179.75,8179.75,3
2025-11-07T11:58:48.164271,11:58:48,8176.38,8176.38,3
2025-11-07T11:59:00.323307,11:59:00,8158.0,8158.0,3
2025-11-07T11:59:12.719980,11:59:12,8153.08,8153.08,3
2025-11-07T11:59:24.868483,11:59:24,8141.63,8141.63,3
2025-11-07T11:59:37.455998,11:59:37,8084.62,8084.62,3
2025-11-07T11:59:50.086290,11:59:50,8070.86,8070.86,3
2025-11-07T12:00:02.610479,12:00:02,8070.92,8070.92,3
2025-11-07T12:00:15.176813,12:00:15,8068.47,8068.47,3
2025-11-07T12:00:27.371492,12:00:27,7970.16,7970.16,3
2025-11-07T12:00:39.448866,12:00:39,7936.5,7936.5,3
2025-11-07T12:00:51.692019,12:00:51,7869.72,7869.72,3
2025-11-07T12:01:04.555858,12:01:04,7878.33,7878.33,3
2025-11-07T12:01:17.382478,12:01:17,7842.85,7842.85,3
2025-11-07T12:01:29.533088,12:01:29,7808.94,7808.94,3
2025-11-07T12:01:41.725447,12:01:41,7804.7,7804.7,3
2025-11-07T12:01:54.214087,12:01:54,7806.02,7806.02,3
2025-11-07T12:02:06.740945,12:02:06,7786.33,7786.33,3
2025-11-07T12:02:19.422145,12:02:19,7792.44,7792.44,3
2025-11-07T12:02:32.235759,12:02:32,7885.05,7885.05,3
2025-11-07T12:02:44.723186,12:02:44,7942.93,7942.93,3
2025-11-07T12:02:57.409730,12:02:57,7955.46,7955.46,3
2025-11-07T12:03:09.665557,12:03:09,7942.36,7942.36,3
2025-11-07T12:03:22.147468,12:03:22,7945.67,7945.67,3
2025-11-07T12:03:34.750292,12:03:34,7894.76,7894.76,3
2025-11-07T12:03:47.471969,12:03:47,7835.12,7835.12,3
2025-11-07T12:03:59.882679,12:03:59,7819.31,7819.31,3
2025-11-07T12:04:12.317206,12:04:12,7893.66,7893.66,3
2025-11-07T12:04:24.947465,12:04:24,7890.04,7890.04,3
2025-11-07T12:04:37.544074,12:04:37,7886.74,7886.74,3
2025-11-07T12:04:50.080682,12:04:50,7906.54,7906.54,3
2025-11-07T12:05:02.881979,12:05:02,7897.66,7897.66,3
2025-11-07T12:05:15.139981,12:05:15,7891.21,7891.21,3
2025-11-07T12:05:27.872512,12:05:27,7849.69,7849.69,3
2025-11-07T12:05:40.625993,12:05:40,7813.56,7813.56,3
2025-11-07T12:05:52.810617,12:05:52,7814.01,7814.01,3
2025-11-07T12:06:05.531458,12:06:05,7908.78,7908.78,3
2025-11-07T12:06:18.247533,12:06:18,7893.11,7893.11,3
2025-11-07T12:06:30.947911,12:06:30,7918.36,7918.36,3
2025-11-07T12:06:43.190058,12:06:43,7922.66,7922.66,3
2025-11-07T12:06:55.833929,12:06:55,7925.39,7925.39,3
2025-11-07T12:07:08.488405,12:07:08,7892.47,7892.47,3
2025-11-07T12:07:20.911858,12:07:20,7891.07,7891.07,3
2025-11-07T12:07:33.456610,12:07:33,7864.11,7864.11,3
2025-11-07T12:07:45.799011,12:07:45,7836.27,7836.27,3
2025-11-07T12:07:58.297879,12:07:58,7832.96,7832.96,3
2025-11-07T12:08:11.193597,12:08:11,7844.35,7844.35,3
2025-11-07T12:08:23.933896,12:08:23,7881.21,7881.21,3
2025-11-07T12:08:36.224528,12:08:36,7900.07,7900.07,3
2025-11-07T12:08:48.331014,12:08:48,7883.84,7883.84,3
2025-11-07T12:09:01.468993,12:09:01,7850.61,7850.61,3
2025-11-07T12:09:13.781857,12:09:13,7872.37,7872.37,3
2025-11-07T12:09:26.212797,12:09:26,7859.42,7859.42,3
2025-11-07T12:09:38.950346,12:09:38,7859.35,7859.35,3
2025-11-07T12:09:51.549439,12:09:51,7866.33,7866.33,3
2025-11-07T12:10:04.206758,12:10:04,7866.2,7866.2,3
2025-11-07T12:10:16.881309,12:10:16,7909.2,7909.2,3
2025-11-07T12:10:29.068669,12:10:29,7874.79,7874.79,3
2025-11-07T12:10:41.734456,12:10:41,7897.91,7897.91,3
2025-11-07T12:10:54.267498,12:10:54,7903.07,7903.07,3
2025-11-07T12:11:07.144843,12:11:07,7898.1,7898.1,3
2025-11-07T12:11:19.417095,12:11:19,7898.47,7898.47,3
2025-11-07T12:11:32.197575,12:11:32,7901.01,7901.01,3
2025-11-07T12:11:44.637475,12:11:44,7905.29,7905.29,3
2025-11-07T12:11:57.379544,12:11:57,7901.63,7901.63,3
2025-11-07T12:12:09.470557,12:12:09,7886.05,7886.05,3
2025-11-07T12:12:21.851139,12:12:21,7901.53,7901.53,3
2025-11-07T12:12:34.208299,12:12:34,7900.66,7900.66,3
2025-11-07T12:12:46.851069,12:12:46,7880.86,7880.86,3
2025-11-07T12:12:59.231269,12:12:59,7885.88,7885.88,3
2025-11-07T12:13:11.400444,12:13:11,7895.62,7895.62,3
2025-11-07T12:13:23.599902,12:13:23,7870.96,7870.96,3
2025-11-07T12:13:36.118581,12:13:36,7880.23,7880.23,3
2025-11-07T12:13:48.866637,12:13:48,7918.16,7918.16,3
2025-11-07T12:14:01.530788,12:14:01,7909.19,7909.19,3
2025-11-07T12:14:14.437821,12:14:14,7889.59,7889.59,3
2025-11-07T12:14:27.440655,12:14:27,7897.95,7897.95,3
2025-11-07T12:14:40.275916,12:14:40,7887.47,7887.47,3
2025-11-07T12:14:52.792861,12:14:52,7893.51,7893.51,3
2025-11-07T12:15:05.393727,12:15:05,7915.58,7915.58,3
2025-11-07T12:15:18.328990,12:15:18,7905.3,7905.3,3
2025-11-07T12:15:30.876444,12:15:30,7870.07,7870.07,3
2025-11-07T12:15:43.263760,12:15:43,7876.48,7876.48,3
2025-11-07T12:15:55.746362,12:15:55,7874.03,7874.03,3
2025-11-07T12:16:08.270442,12:16:08,7895.65,7895.65,3
2025-11-07T12:16:20.679773,12:16:20,7906.05,7906.05,3
2025-11-07T12:16:33.002495,12:16:33,7896.7,7896.7,3
2025-11-07T12:16:45.453529,12:16:45,7905.24,7905.24,3
2025-11-07T12:16:58.086529,12:16:58,7908.68,7908.68,3
2025-11-07T12:17:10.752402,12:17:10,7911.19,7911.19,3
2025-11-07T12:17:23.367009,12:17:23,7911.08,7911.08,3
2025-11-07T12:17:35.800359,12:17:35,7902.38,7902.38,3
2025-11-07T12:17:47.933667,12:17:47,7879.52,7879.52,3
2025-11-07T12:18:00.526426,12:18:00,7799.42,7799.42,3
2025-11-07T12:18:12.731097,12:18:12,7838.11,7838.11,3
2025-11-07T12:18:25.318290,12:18:25,7812.51,7812.51,3
2025-11-07T12:18:37.756968,12:18:37,7830.51,7830.51,3
2025-11-07T12:18:50.480325,12:18:50,7830.51,7830.51,3
2025-11-07T12:19:02.931246,12:19:02,7841.51,7841.51,3
2025-11-07T12:19:15.702844,12:19:15,7874.17,7874.17,3
2025-11-07T12:19:27.936451,12:19:27,7837.63,7837.63,3
2025-11-07T12:19:40.390233,12:19:40,7827.64,7827.64,3
2025-11-07T12:19:52.895433,12:19:52,7833.85,7833.85,3
2025-11-07T12:20:05.070054,12:20:05,7831.84,7831.84,3
2025-11-07T12:20:17.741155,12:20:17,7829.47,7829.47,3
2025-11-07T12:20:30.251642,12:20:30,7759.65,7759.65,3
2025-11-07T12:20:42.864185,12:20:42,7759.39,7759.39,3
2025-11-07T12:20:55.067925,12:20:55,7763.74,7763.74,3
2025-11-07T12:21:07.237639,12:21:07,7757.03,7757.03,3
2025-11-07T12:21:19.475892,12:21:19,7726.01,7726.01,3
2025-11-07T12:21:32.415562,12:21:32,7733.46,7733.46,3
2025-11-07T12:21:44.854429,12:21:44,7737.94,7737.94,3
2025-11-07T12:21:57.397958,12:21:57,7728.41,7728.41,3
2025-11-07T12:22:09.781682,12:22:09,7728.13,7728.13,3
2025-11-07T12:22:22.503782,12:22:22,7794.82,7794.82,3
2025-11-07T12:22:35.403598,12:22:35,7782.67,7782.67,3
2025-11-07T12:22:47.506864,12:22:47,7772.58,7772.58,3
2025-11-07T12:22:59.888723,12:22:59,7751.21,7751.21,3
2025-11-07T12:23:12.422591,12:23:12,7805.47,7805.47,3
2025-11-07T12:23:24.537133,12:23:24,7803.05,7803.05,3
2025-11-07T12:23:37.093017,12:23:37,7756.58,7756.58,3
2025-11-07T12:23:49.677029,12:23:49,7703.36,7703.36,3
2025-11-07T12:24:02.150971,12:24:02,7656.36,7656.36,3
2025-11-07T12:24:14.396816,12:24:14,7603.71,7603.71,3
2025-11-07T12:24:26.711929,12:24:26,7581.1,7581.1,3
2025-11-07T12:24:39.656784,12:24:39,7595.27,7595.27,3
2025-11-07T12:24:52.069786,12:24:52,7586.94,7586.94,3
2025-11-07T12:25:04.707727,12:25:04,7593.03,7593.03,3
2025-11-07T12:25:17.126328,12:25:17,7590.05,7590.05,3
2025-11-07T12:25:29.410296,12:25:29,7638.66,7638.66,3
2025-11-07T12:25:41.718272,12:25:41,7648.93,7648.93,3
2025-11-07T12:25:53.900369,12:25:53,7621.0,7621.0,3
2025-11-07T12:26:06.280818,12:26:06,7651.45,7651.45,3
2025-11-07T12:26:18.843360,12:26:18,7616.94,7616.94,3
2025-11-07T12:26:31.484288,12:26:31,7561.06,7561.06,3
2025-11-07T12:26:44.032287,12:26:44,7570.34,7570.34,3
2025-11-07T12:26:56.555814,12:26:56,7552.96,7552.96,3
2025-11-07T12:27:09.091804,12:27:09,7538.52,7538.52,3
2025-11-07T12:27:21.207563,12:27:21,7542.99,7542.99,3
2025-11-07T12:27:33.376655,12:27:33,7542.48,7542.48,3
2025-11-07T12:27:45.806653,12:27:45,7553.47,7553.47,3
2025-11-07T12:27:58.171683,12:27:58,7527.08,7527.08,3
2025-11-07T12:28:10.789308,12:28:10,7556.25,7556.25,3
2025-11-07T12:28:23.020745,12:28:23,7515.23,7515.23,3
2025-11-07T12:28:34.998269,12:28:34,7500.72,7500.72,3
2025-11-07T12:28:47.375181,12:28:47,7495.43,7495.43,3
2025-11-07T12:28:59.653786,12:28:59,7489.15,7489.15,3
2025-11-07T12:29:12.260610,12:29:12,7487.56,7487.56,3
2025-11-07T12:29:24.503374,12:29:24,7483.77,7483.77,3
2025-11-07T12:29:37.038397,12:29:37,7407.62,7407.62,3
2025-11-07T12:29:49.342511,12:29:49,7401.96,7401.96,3
2025-11-07T12:30:01.874426,12:30:01,7330.29,7330.29,3
2025-11-07T12:30:14.420975,12:30:14,7459.67,7459.67,3
2025-11-07T12:30:26.694677,12:30:26,7446.43,7446.43,3
2025-11-07T12:30:38.903871,12:30:38,7451.71,7451.71,3
2025-11-07T12:30:51.203173,12:30:51,7453.24,7453.24,3
2025-11-07T12:31:03.520429,12:31:03,7450.41,7450.41,3
2025-11-07T12:31:15.756584,12:31:15,7446.75,7446.75,3
2025-11-07T12:31:28.585855,12:31:28,7445.71,7445.71,3
2025-11-07T12:31:40.837511,12:31:40,7483.38,7483.38,3
2025-11-07T12:31:53.597857,12:31:53,7529.88,7529.88,3
2025-11-07T12:32:06.199812,12:32:06,7492.62,7492.62,3
2025-11-07T12:32:18.379539,12:32:18,7512.35,7512.35,3
2025-11-07T12:32:30.582127,12:32:30,7633.45,7633.45,3
2025-11-07T12:32:42.967457,12:32:42,7645.49,7645.49,3
2025-11-07T12:32:55.638712,12:32:55,7592.7,7592.7,3
2025-11-07T12:33:07.771204,12:33:07,7554.9,7554.9,3
2025-11-07T12:33:20.472382,12:33:20,7566.09,7566.09,3
2025-11-07T12:33:33.275719,12:33:33,7566.03,7566.03,3
2025-11-07T12:33:45.831996,12:33:45,7559.89,7559.89,3
2025-11-07T12:33:58.407717,12:33:58,7525.71,7525.71,3
2025-11-07T12:34:11.013008,12:34:11,7484.61,7484.61,3
2025-11-07T12:34:23.650073,12:34:23,7409.19,7409.19,3
2025-11-07T12:34:36.456928,12:34:36,7378.56,7378.56,3
2025-11-07T12:34:48.675557,12:34:48,7376.96,7376.96,3
2025-11-07T12:35:01.240304,12:35:01,7364.67,7364.67,3
2025-11-07T12:35:13.638052,12:35:13,7311.41,7311.41,3
2025-11-07T12:35:26.136254,12:35:26,7341.96,7341.96,3
2025-11-07T12:35:38.707540,12:35:38,7398.31,7398.31,3
2025-11-07T12:35:51.326027,12:35:51,7421.35,7421.35,3
2025-11-07T12:36:04.141498,12:36:04,7422.11,7422.11,3
2025-11-07T12:36:16.699393,12:36:16,7418.71,7418.71,3
2025-11-07T12:36:29.043414,12:36:29,7481.35,7481.35,3
2025-11-07T12:36:41.735375,12:36:41,7438.08,7438.08,3
2025-11-07T12:36:54.130274,12:36:54,7441.52,7441.52,3
2025-11-07T12:37:06.909708,12:37:06,7531.83,7531.83,3
2025-11-07T12:37:19.363890,12:37:19,7558.2,7558.2,3
2025-11-07T12:37:31.897247,12:37:31,7578.45,7578.45,3
2025-11-07T12:37:44.749723,12:37:44,7591.03,7591.03,3
2025-11-07T12:37:57.390701,12:37:57,7607.95,7607.95,3
2025-11-07T12:38:09.577064,12:38:09,7588.51,7588.51,3
2025-11-07T12:38:22.145613,12:38:22,7558.37,7558.37,3
2025-11-07T12:38:34.444812,12:38:34,7556.29,7556.29,3
2025-11-07T12:38:46.556153,12:38:46,7557.28,7557.28,3
2025-11-07T12:38:59.138389,12:38:59,7551.36,7551.36,3
2025-11-07T12:39:11.758656,12:39:11,7575.67,7575.67,3
2025-11-07T12:39:24.422746,12:39:24,7592.66,7592.66,3
2025-11-07T12:39:36.861249,12:39:36,7551.93,7551.93,3
2025-11-07T12:39:49.251146,12:39:49,7543.92,7543.92,3
2025-11-07T12:40:01.780922,12:40:01,7542.4,7542.4,3
2025-11-07T12:40:14.348969,12:40:14,7514.67,7514.67,3
2025-11-07T12:40:26.809581,12:40:26,7520.71,7520.71,3
2025-11-07T12:40:38.921900,12:40:38,7493.33,7493.33,3
2025-11-07T12:40:51.634513,12:40:51,7430.08,7430.08,3
2025-11-07T12:41:04.025040,12:41:04,7447.55,7447.55,3
2025-11-07T12:41:16.660256,12:41:16,7501.39,7501.39,3
2025-11-07T12:41:29.210826,12:41:29,7502.17,7502.17,3
2025-11-07T12:41:42.330258,12:41:42,7517.73,7517.73,3
2025-11-07T12:41:54.574892,12:41:54,7509.31,7509.31,3
2025-11-07T12:42:07.287783,12:42:07,7516.55,7516.55,3
2025-11-07T12:42:19.664498,12:42:19,7457.31,7457.31,3
2025-11-07T12:42:31.894989,12:42:31,7482.35,7482.35,3
2025-11-07T12:42:44.472041,12:42:44,7476.12,7476.12,3
2025-11-07T12:42:57.134980,12:42:57,7469.81,7469.81,3
2025-11-07T12:43:09.550243,12:43:09,7455.86,7455.86,3
2025-11-07T12:43:22.377625,12:43:22,7437.29,7437.29,3
2025-11-07T12:43:34.681891,12:43:34,7421.03,7421.03,3
2025-11-07T12:43:47.288894,12:43:47,7423.49,7423.49,3
2025-11-07T12:43:59.843427,12:43:59,7423.22,7423.22,3
2025-11-07T12:44:12.896826,12:44:12,7418.15,7418.15,3
2025-11-07T12:44:25.644275,12:44:25,7434.74,7434.74,3
2025-11-07T12:44:38.188134,12:44:38,7441.54,7441.54,3
2025-11-07T12:44:50.803916,12:44:50,7346.77,7346.77,3
2025-11-07T12:45:03.959439,12:45:03,7322.71,7322.71,3
2025-11-07T12:45:16.232826,12:45:16,7387.35,7387.35,3
2025-11-07T12:45:28.707059,12:45:28,7503.15,7503.15,3
2025-11-07T12:45:41.513864,12:45:41,7540.7,7540.7,3
2025-11-07T12:45:54.166890,12:45:54,7536.23,7536.23,3
2025-11-07T12:46:06.625452,12:46:06,7566.07,7566.07,3
2025-11-07T12:46:18.904099,12:46:18,7567.6,7567.6,3
2025-11-07T12:46:31.152507,12:46:31,7582.17,7582.17,3
2025-11-07T12:46:43.784429,12:46:43,7572.28,7572.28,3
2025-11-07T12:46:56.590162,12:46:56,7517.17,7517.17,3
2025-11-07T12:47:09.149338,12:47:09,7562.52,7562.52,3
2025-11-07T12:47:21.712732,12:47:21,7567.82,7567.82,3
2025-11-07T12:47:34.166258,12:47:34,7563.3,7563.3,3
2025-11-07T12:47:46.798566,12:47:46,7563.51,7563.51,3
2025-11-07T12:47:59.369684,12:47:59,7603.38,7603.38,3
2025-11-07T12:48:12.031513,12:48:12,7602.34,7602.34,3
2025-11-07T12:48:24.780069,12:48:24,7603.6,7603.6,3
2025-11-07T12:48:37.033888,12:48:37,7602.86,7602.86,3
2025-11-07T12:48:49.305851,12:48:49,7561.89,7561.89,3
2025-11-07T12:49:02.269516,12:49:02,7575.95,7575.95,3
2025-11-07T12:49:15.197812,12:49:15,7592.1,7592.1,3
2025-11-07T12:49:27.518850,12:49:27,7565.68,7565.68,3
2025-11-07T12:49:39.721512,12:49:39,7523.5,7523.5,3
2025-11-07T12:49:52.289206,12:49:52,7438.26,7438.26,3
2025-11-07T12:50:04.685231,12:50:04,7442.76,7442.76,3
2025-11-07T12:50:17.239756,12:50:17,7444.4,7444.4,3
2025-11-07T12:50:29.871720,12:50:29,7468.47,7468.47,3
2025-11-07T12:50:42.419268,12:50:42,7559.82,7559.82,3
2025-11-07T12:50:54.748244,12:50:54,7567.29,7567.29,3
2025-11-07T12:51:07.256153,12:51:07,7589.78,7589.78,3
2025-11-07T12:51:19.580815,12:51:19,7591.61,7591.61,3
2025-11-07T12:51:31.711103,12:51:31,7593.5,7593.5,3
2025-11-07T12:51:44.294969,12:51:44,7601.28,7601.28,3
2025-11-07T12:51:56.441296,12:51:56,7598.13,7598.13,3
2025-11-07T12:52:09.020343,12:52:09,7597.25,7597.25,3
2025-11-07T12:52:21.102765,12:52:21,7593.02,7593.02,3
2025-11-07T12:52:33.716364,12:52:33,7559.34,7559.34,3
2025-11-07T12:52:46.317898,12:52:46,7540.08,7540.08,3
2025-11-07T12:52:58.765087,12:52:58,7536.81,7536.81,3
2025-11-07T12:53:11.423657,12:53:11,7508.9,7508.9,3
2025-11-07T12:53:23.720911,12:53:23,7501.64,7501.64,3
2025-11-07T12:53:36.532994,12:53:36,7491.24,7491.24,3
2025-11-07T12:53:49.226189,12:53:49,7371.55,7371.55,3
2025-11-07T12:54:02.299313,12:54:02,7386.7,7386.7,3
2025-11-07T12:54:14.857186,12:54:14,7319.11,7319.11,3
2025-11-07T12:54:27.327287,12:54:27,7220.49,7220.49,3
2025-11-07T12:54:40.330392,12:54:40,7122.56,7122.56,3
2025-11-07T12:54:52.852496,12:54:52,7148.51,7148.51,3
2025-11-07T12:55:05.420221,12:55:05,7098.88,7098.88,3
2025-11-07T12:55:18.235083,12:55:18,7103.67,7103.67,3
2025-11-07T12:55:30.620717,12:55:30,7019.29,7019.29,3
2025-11-07T12:55:43.174218,12:55:43,7029.12,7029.12,3
2025-11-07T12:55:55.320469,12:55:55,6983.43,6983.43,3
2025-11-07T12:56:07.895752,12:56:07,7002.46,7002.46,3
2025-11-07T12:56:20.249872,12:56:20,6975.53,6975.53,3
2025-11-07T12:56:32.717075,12:56:32,7024.03,7024.03,3
2025-11-07T12:56:45.451834,12:56:45,7063.98,7063.98,3
2025-11-07T12:56:57.798913,12:56:57,7064.51,7064.51,3
2025-11-07T12:57:10.671034,12:57:10,7071.02,7071.02,3
2025-11-07T12:57:23.580233,12:57:23,7070.47,7070.47,3
2025-11-07T12:57:36.531633,12:57:36,7032.5,7032.5,3
2025-11-07T12:57:49.171062,12:57:49,7024.68,7024.68,3
2025-11-07T12:58:01.748925,12:58:01,7089.26,7089.26,3
2025-11-07T12:58:14.068348,12:58:14,7212.74,7212.74,3
2025-11-07T12:58:26.742069,12:58:26,7246.2,7246.2,3
2025-11-07T12:58:39.319673,12:58:39,7288.13,7288.13,3
2025-11-07T12:58:51.769776,12:58:51,7313.07,7313.07,3
2025-11-07T12:59:04.505336,12:59:04,7352.48,7352.48,3
2025-11-07T12:59:17.347802,12:59:17,7286.24,7286.24,3
2025-11-07T12:59:29.964412,12:59:29,7337.83,7337.83,3
2025-11-07T12:59:42.659973,12:59:42,7322.47,7322.47,3
2025-11-07T12:59:55.518377,12:59:55,7336.69,7336.69,3
2025-11-07T13:00:08.147702,13:00:08,7344.04,7344.04,3
2025-11-07T13:00:21.281883,13:00:21,7327.6,7327.6,3
2025-11-07T13:00:33.924456,13:00:33,7377.06,7377.06,3
2025-11-07T13:00:47.508490,13:00:47,7367.54,7367.54,3
2025-11-07T13:01:00.627805,13:01:00,7367.65,7367.65,3
2025-11-07T13:01:13.470988,13:01:13,7359.91,7359.91,3
2025-11-07T13:01:26.453176,13:01:26,7393.41,7393.41,3
2025-11-07T13:01:39.573187,13:01:39,7306.04,7306.04,3
2025-11-07T13:01:51.774583,13:01:51,7176.99,7176.99,3
2025-11-07T13:02:04.149571,13:02:04,7193.85,7193.85,3
2025-11-07T13:02:16.699080,13:02:16,7217.77,7217.77,3
2025-11-07T13:02:29.371143,13:02:29,7145.9,7145.9,3
2025-11-07T13:02:42.000511,13:02:42,7107.72,7107.72,3
2025-11-07T13:02:54.603678,13:02:54,7097.14,7097.14,3
2025-11-07T13:03:06.910961,13:03:06,7019.48,7019.48,3
2025-11-07T13:03:19.396423,13:03:19,6943.87,6943.87,3
2025-11-07T13:03:31.998297,13:03:31,6917.68,6917.68,3
2025-11-07T13:03:44.333133,13:03:44,6943.78,6943.78,3
2025-11-07T13:03:57.123047,13:03:57,6913.18,6913.18,3
2025-11-07T13:04:09.872486,13:04:09,6987.77,6987.77,3
2025-11-07T13:04:22.555365,13:04:22,6994.11,6994.11,3
2025-11-07T13:04:35.505129,13:04:35,6954.63,6954.63,3
2025-11-07T13:04:48.928207,13:04:48,7030.47,7030.47,3
2025-11-07T13:05:02.097645,13:05:02,7081.14,7081.14,3
2025-11-07T13:05:15.248151,13:05:15,7006.82,7006.82,3
2025-11-07T13:05:28.316484,13:05:28,6964.73,6964.73,3
2025-11-07T13:05:41.608904,13:05:41,6964.54,6964.54,3
2025-11-07T13:05:54.856368,13:05:54,7021.47,7021.47,3
2025-11-07T13:06:08.256752,13:06:08,7019.4,7019.4,3
2025-11-07T13:06:21.336862,13:06:21,7081.29,7081.29,3
2025-11-07T13:06:34.663452,13:06:34,7088.26,7088.26,3
2025-11-07T13:06:48.061030,13:06:48,7160.7,7160.7,3
2025-11-07T13:07:01.358223,13:07:01,7185.39,7185.39,3
2025-11-07T13:07:14.401391,13:07:14,7256.69,7256.69,3
2025-11-07T13:07:27.519440,13:07:27,7214.18,7214.18,3
2025-11-07T13:07:40.641722,13:07:40,7151.0,7151.0,3
2025-11-07T13:07:54.069766,13:07:54,7154.8,7154.8,3
2025-11-07T13:08:07.440252,13:08:07,7174.97,7174.97,3
2025-11-07T13:08:20.567626,13:08:20,7233.13,7233.13,3
2025-11-07T13:08:33.591485,13:08:33,7175.61,7175.61,3
2025-11-07T13:08:46.738645,13:08:46,7208.75,7208.75,3
2025-11-07T13:08:59.698832,13:08:59,7247.0,7247.0,3
2025-11-07T13:09:13.118221,13:09:13,7245.35,7245.35,3
2025-11-07T13:09:26.089954,13:09:26,7290.26,7290.26,3
2025-11-07T13:09:39.538379,13:09:39,7237.47,7237.47,3
2025-11-07T13:09:52.810152,13:09:52,7254.04,7254.04,3
2025-11-07T13:10:05.820346,13:10:05,7284.19,7284.19,3
2025-11-07T13:10:18.475168,13:10:18,7269.51,7269.51,3
2025-11-07T13:10:32.058462,13:10:32,7248.76,7248.76,3
2025-11-07T13:10:44.829689,13:10:44,7187.15,7187.15,3
2025-11-07T13:10:58.098901,13:10:58,7199.37,7199.37,3
2025-11-07T13:11:11.345145,13:11:11,7206.29,7206.29,3
2025-11-07T13:11:24.461908,13:11:24,7249.84,7249.84,3
2025-11-07T13:11:37.322106,13:11:37,7248.11,7248.11,3
2025-11-07T13:11:50.383990,13:11:50,7310.87,7310.87,3
2025-11-07T13:12:03.482359,13:12:03,7308.72,7308.72,3
2025-11-07T13:12:16.927445,13:12:16,7324.63,7324.63,3
2025-11-07T13:12:30.088747,13:12:30,7321.58,7321.58,3
2025-11-07T13:12:43.440664,13:12:43,7304.65,7304.65,3
2025-11-07T13:12:56.749661,13:12:56,7300.29,7300.29,3
2025-11-07T13:13:09.965902,13:13:09,7275.65,7275.65,3
2025-11-07T13:13:23.253564,13:13:23,7328.91,7328.91,3
2025-11-07T13:13:36.652688,13:13:36,7331.39,7331.39,3
2025-11-07T13:13:49.742842,13:13:49,7326.0,7326.0,3
2025-11-07T13:14:02.957100,13:14:02,7324.09,7324.09,3
2025-11-07T13:14:15.925695,13:14:15,7351.57,7351.57,3
2025-11-07T13:14:29.271617,13:14:29,7332.39,7332.39,3
2025-11-07T13:14:42.309506,13:14:42,7328.74,7328.74,3
2025-11-07T13:14:55.143926,13:14:55,7326.41,7326.41,3
2025-11-07T13:15:08.375409,13:15:08,7349.32,7349.32,3
2025-11-07T13:15:20.906462,13:15:20,7362.86,7362.86,3
2025-11-07T13:15:33.676921,13:15:33,7355.47,7355.47,3
2025-11-07T13:15:46.570583,13:15:46,7302.76,7302.76,3
2025-11-07T13:15:59.652230,13:15:59,7305.63,7305.63,3
2025-11-07T13:16:12.663301,13:16:12,7369.51,7369.51,3
2025-11-07T13:16:25.769155,13:16:25,7391.93,7391.93,3
2025-11-07T13:16:38.760561,13:16:38,7336.92,7336.92,3
2025-11-07T13:16:52.520185,13:16:52,7337.47,7337.47,3
2025-11-07T13:17:06.164410,13:17:06,7328.97,7328.97,3
2025-11-07T13:17:19.130272,13:17:19,7381.82,7381.82,3
2025-11-07T13:17:32.910245,13:17:32,7378.77,7378.77,3
2025-11-07T13:17:46.600286,13:17:46,7395.22,7395.22,3
2025-11-07T13:17:59.915788,13:17:59,7421.85,7421.85,3
2025-11-07T13:18:13.078444,13:18:13,7477.35,7477.35,3
2025-11-07T13:18:26.124952,13:18:26,7515.86,7515.86,3
2025-11-07T13:18:39.343093,13:18:39,7448.07,7448.07,3
2025-11-07T13:18:52.739904,13:18:52,7452.35,7452.35,3
2025-11-07T13:19:05.951816,13:19:05,7473.72,7473.72,3
2025-11-07T13:19:19.247623,13:19:19,7536.73,7536.73,3
2025-11-07T13:19:32.528430,13:19:32,7566.2,7566.2,3
2025-11-07T13:19:45.537243,13:19:45,7576.32,7576.32,3
2025-11-07T13:19:58.704201,13:19:58,7608.45,7608.45,3
2025-11-07T13:20:11.472043,13:20:11,7643.16,7643.16,3
2025-11-07T13:20:24.435498,13:20:24,7616.67,7616.67,3
2025-11-07T13:20:37.059010,13:20:37,7574.51,7574.51,3
2025-11-07T13:20:49.872490,13:20:49,7575.23,7575.23,3
2025-11-07T13:21:03.110805,13:21:03,7534.76,7534.76,3
2025-11-07T13:21:16.434892,13:21:16,7561.6,7561.6,3
2025-11-07T13:21:29.499145,13:21:29,7559.91,7559.91,3
2025-11-07T13:21:42.371475,13:21:42,7553.14,7553.14,3
2025-11-07T13:21:55.762255,13:21:55,7575.75,7575.75,3
2025-11-07T13:22:09.286760,13:22:09,7573.83,7573.83,3
2025-11-07T13:22:22.606002,13:22:22,7605.87,7605.87,3
2025-11-07T13:22:35.771916,13:22:35,7606.27,7606.27,3
2025-11-07T13:22:49.152192,13:22:49,7624.97,7624.97,3
2025-11-07T13:23:02.591338,13:23:02,7601.46,7601.46,3
2025-11-07T13:23:16.093479,13:23:16,7612.05,7612.05,3
2025-11-07T13:23:28.870067,13:23:28,7625.57,7625.57,3
2025-11-07T13:23:41.644267,13:23:41,7621.85,7621.85,3
2025-11-07T13:23:54.622767,13:23:54,7628.89,7628.89,3
2025-11-07T13:24:07.557396,13:24:07,7644.62,7644.62,3
2025-11-07T13:24:20.605259,13:24:20,7634.88,7634.88,3
2025-11-07T13:24:33.075702,13:24:33,7646.79,7646.79,3
2025-11-07T13:24:45.418676,13:24:45,7615.06,7615.06,3
2025-11-07T13:24:57.825809,13:24:57,7618.41,7618.41,3
2025-11-07T13:25:10.387289,13:25:10,7615.84,7615.84,3
2025-11-07T13:25:22.825246,13:25:22,7625.89,7625.89,3
2025-11-07T13:25:35.603574,13:25:35,7640.33,7640.33,3
2025-11-07T13:25:48.093234,13:25:48,7608.11,7608.11,3
2025-11-07T13:26:00.813960,13:26:00,7575.34,7575.34,3
2025-11-07T13:26:13.189639,13:26:13,7634.11,7634.11,3
2025-11-07T13:26:25.905915,13:26:25,7646.48,7646.48,3
2025-11-07T13:26:38.142757,13:26:38,7613.78,7613.78,3
2025-11-07T13:26:50.320647,13:26:50,7619.99,7619.99,3
2025-11-07T13:27:02.656517,13:27:02,7629.02,7629.02,3
2025-11-07T13:27:15.318961,13:27:15,7619.74,7619.74,3
2025-11-07T13:27:28.294763,13:27:28,7630.68,7630.68,3
2025-11-07T13:27:40.688538,13:27:40,7632.21,7632.21,3
2025-11-07T13:27:53.568706,13:27:53,7653.23,7653.23,3
2025-11-07T13:28:05.907209,13:28:05,7655.69,7655.69,3
2025-11-07T13:28:18.524026,13:28:18,7681.76,7681.76,3
2025-11-07T13:28:30.684585,13:28:30,7702.0,7702.0,3
2025-11-07T13:28:42.813838,13:28:42,7706.48,7706.48,3
2025-11-07T13:28:55.329277,13:28:55,7712.8,7712.8,3
2025-11-07T13:29:08.384967,13:29:08,7716.33,7716.33,3
2025-11-07T13:29:20.666260,13:29:20,7718.28,7718.28,3
2025-11-07T13:29:33.392477,13:29:33,7715.07,7715.07,3
2025-11-07T13:29:46.398153,13:29:46,7711.86,7711.86,3
2025-11-07T13:29:58.706304,13:29:58,7721.23,7721.23,3
2025-11-07T13:30:11.313706,13:30:11,7732.31,7732.31,3
2025-11-07T13:30:23.870085,13:30:23,7753.9,7753.9,3
2025-11-07T13:30:36.428998,13:30:36,7746.36,7746.36,3
2025-11-07T13:30:49.313968,13:30:49,7678.57,7678.57,3
2025-11-07T13:31:01.853016,13:31:01,7647.64,7647.64,3
2025-11-07T13:31:14.488612,13:31:14,7627.68,7627.68,3
2025-11-07T13:31:27.315928,13:31:27,7628.42,7628.42,3
2025-11-07T13:31:39.669646,13:31:39,7654.16,7654.16,3
2025-11-07T13:31:52.294307,13:31:52,7630.81,7630.81,3
2025-11-07T13:32:05.251032,13:32:05,7606.84,7606.84,3
2025-11-07T13:32:17.390736,13:32:17,7580.71,7580.71,3
2025-11-07T13:32:30.218580,13:32:30,7601.93,7601.93,3
2025-11-07T13:32:43.275837,13:32:43,7611.1,7611.1,3
2025-11-07T13:32:56.271588,13:32:56,7618.31,7618.31,3
2025-11-07T13:33:09.715024,13:33:09,7696.62,7696.62,3
2025-11-07T13:33:22.590213,13:33:22,7597.41,7597.41,3
2025-11-07T13:33:35.411409,13:33:35,7593.68,7593.68,3
2025-11-07T13:33:48.823759,13:33:48,7576.53,7576.53,3
2025-11-07T13:34:01.830853,13:34:01,7582.12,7582.12,3
2025-11-07T13:34:15.141937,13:34:15,7585.86,7585.86,3
2025-11-07T13:34:28.251175,13:34:28,7546.41,7546.41,3
2025-11-07T13:34:41.378563,13:34:41,7570.52,7570.52,3
2025-11-07T13:34:54.628001,13:34:54,7571.49,7571.49,3
2025-11-07T13:35:07.513913,13:35:07,7618.64,7618.64,3
2025-11-07T13:35:20.288536,13:35:20,7584.99,7584.99,3
2025-11-07T13:35:33.873840,13:35:33,7622.4,7622.4,3
2025-11-07T13:35:47.383506,13:35:47,7623.37,7623.37,3
2025-11-07T13:36:00.209714,13:36:00,7664.15,7664.15,3
2025-11-07T13:36:13.246983,13:36:13,7688.57,7688.57,3
2025-11-07T13:36:26.261270,13:36:26,7685.82,7685.82,3
2025-11-07T13:36:39.828607,13:36:39,7686.16,7686.16,3
2025-11-07T13:36:53.496398,13:36:53,7691.92,7691.92,3
2025-11-07T13:37:06.655391,13:37:06,7721.54,7721.54,3
2025-11-07T13:37:19.326694,13:37:19,7724.25,7724.25,3
2025-11-07T13:37:32.292871,13:37:32,7701.16,7701.16,3
2025-11-07T13:37:45.539561,13:37:45,7703.72,7703.72,3
2025-11-07T13:37:58.507512,13:37:58,7720.8,7720.8,3
2025-11-07T13:38:11.575068,13:38:11,7698.85,7698.85,3
2025-11-07T13:38:25.281451,13:38:25,7716.66,7716.66,3
2025-11-07T13:38:38.874457,13:38:38,7722.34,7722.34,3
2025-11-07T13:38:51.597555,13:38:51,7695.08,7695.08,3
2025-11-07T13:39:05.364597,13:39:05,7622.62,7622.62,3
2025-11-07T13:39:18.302088,13:39:18,7617.96,7617.96,3
2025-11-07T13:39:31.131495,13:39:31,7622.44,7622.44,3
2025-11-07T13:39:44.024205,13:39:44,7659.7,7659.7,3
2025-11-07T13:39:57.177471,13:39:57,7628.75,7628.75,3
2025-11-07T13:40:10.479891,13:40:10,7580.98,7580.98,3
2025-11-07T13:40:23.679992,13:40:23,7608.45,7608.45,3
2025-11-07T13:40:36.940652,13:40:36,7639.52,7639.52,3
2025-11-07T13:40:49.689874,13:40:49,7668.12,7668.12,3
2025-11-07T13:41:02.934614,13:41:02,7696.42,7696.42,3
2025-11-07T13:41:15.808546,13:41:15,7697.53,7697.53,3
2025-11-07T13:41:29.018365,13:41:29,7702.23,7702.23,3
2025-11-07T13:41:42.038448,13:41:42,7708.74,7708.74,3
2025-11-07T13:41:55.305822,13:41:55,7676.34,7676.34,3
2025-11-07T13:42:08.075645,13:42:08,7635.93,7635.93,3
2025-11-07T13:42:21.541196,13:42:21,7633.13,7633.13,3
2025-11-07T13:42:34.666903,13:42:34,7644.9,7644.9,3
2025-11-07T13:42:47.583407,13:42:47,7651.31,7651.31,3
2025-11-07T13:43:00.444674,13:43:00,7645.29,7645.29,3
2025-11-07T13:43:13.512314,13:43:13,7607.2,7607.2,3
2025-11-07T13:43:26.404808,13:43:26,7631.69,7631.69,3
2025-11-07T13:43:39.160013,13:43:39,7629.68,7629.68,3
2025-11-07T13:43:52.331960,13:43:52,7633.09,7633.09,3
2025-11-07T13:44:05.571915,13:44:05,7636.78,7636.78,3
2025-11-07T13:44:18.488582,13:44:18,7653.23,7653.23,3
2025-11-07T13:44:31.827549,13:44:31,7745.74,7745.74,3
2025-11-07T13:44:44.657505,13:44:44,7710.2,7710.2,3
2025-11-07T13:44:57.626715,13:44:57,7755.07,7755.07,3
2025-11-07T13:45:11.015589,13:45:11,7785.52,7785.52,3
2025-11-07T13:45:24.502979,13:45:24,7816.39,7816.39,3
2025-11-07T13:45:37.758883,13:45:37,7826.43,7826.43,3
2025-11-07T13:45:51.080447,13:45:51,7792.22,7792.22,3
2025-11-07T13:46:04.312733,13:46:04,7790.47,7790.47,3
2025-11-07T13:46:17.384368,13:46:17,7665.15,7665.15,3
2025-11-07T13:46:30.550028,13:46:30,7630.26,7630.26,3
2025-11-07T13:46:43.688758,13:46:43,7644.88,7644.88,3
2025-11-07T13:46:57.257058,13:46:57,7650.81,7650.81,3
2025-11-07T13:47:10.954549,13:47:10,7679.05,7679.05,3
2025-11-07T13:47:24.349545,13:47:24,7667.86,7667.86,3
2025-11-07T13:47:37.539745,13:47:37,7716.7,7716.7,3
2025-11-07T13:47:50.758007,13:47:50,7659.51,7659.51,3
2025-11-07T13:48:03.272084,13:48:03,7679.7,7679.7,3
2025-11-07T13:48:16.470872,13:48:16,7694.36,7694.36,3
2025-11-07T13:48:29.895121,13:48:29,7770.3,7770.3,3
2025-11-07T13:48:42.629069,13:48:42,7789.4,7789.4,3
2025-11-07T13:48:55.736643,13:48:55,7714.8,7714.8,3
2025-11-07T13:49:09.123904,13:49:09,7719.24,7719.24,3
2025-11-07T13:49:22.385139,13:49:22,7695.89,7695.89,3
2025-11-07T13:49:35.207610,13:49:35,7665.21,7665.21,3
2025-11-07T13:49:48.038961,13:49:48,7643.17,7643.17,3
2025-11-07T13:50:01.079031,13:50:01,7640.11,7640.11,3
2025-11-07T13:50:14.573276,13:50:14,7642.12,7642.12,3
2025-11-07T13:50:27.424925,13:50:27,7619.71,7619.71,3
2025-11-07T13:50:41.197085,13:50:41,7552.75,7552.75,3
2025-11-07T13:50:54.639771,13:50:54,7580.82,7580.82,3
2025-11-07T13:51:07.981509,13:51:07,7585.64,7585.64,3
2025-11-07T13:51:20.997115,13:51:20,7552.11,7552.11,3
2025-11-07T13:51:34.562859,13:51:34,7543.82,7543.82,3
2025-11-07T13:51:48.266575,13:51:48,7550.05,7550.05,3
2025-11-07T13:52:01.401325,13:52:01,7559.76,7559.76,3
2025-11-07T13:52:14.257992,13:52:14,7558.96,7558.96,3
2025-11-07T13:52:27.345248,13:52:27,7557.78,7557.78,3
2025-11-07T13:52:40.315882,13:52:40,7394.15,7394.15,3
2025-11-07T13:52:53.734871,13:52:53,7378.6,7378.6,3
2025-11-07T13:53:06.938158,13:53:06,7479.05,7479.05,3
2025-11-07T13:53:20.422527,13:53:20,7483.45,7483.45,3
2025-11-07T13:53:33.146358,13:53:33,7469.03,7469.03,3
2025-11-07T13:53:46.266849,13:53:46,7506.95,7506.95,3
2025-11-07T13:53:59.422818,13:53:59,7517.65,7517.65,3
2025-11-07T13:54:12.472738,13:54:12,7480.03,7480.03,3
2025-11-07T13:54:25.507035,13:54:25,7533.08,7533.08,3
2025-11-07T13:54:38.595294,13:54:38,7628.5,7628.5,3
2025-11-07T13:54:51.577802,13:54:51,7632.53,7632.53,3
2025-11-07T13:55:04.602507,13:55:04,7644.78,7644.78,3
2025-11-07T13:55:17.860899,13:55:17,7650.55,7650.55,3
2025-11-07T13:55:31.107710,13:55:31,7647.73,7647.73,3
2025-11-07T13:55:44.139056,13:55:44,7662.91,7662.91,3
2025-11-07T13:55:57.272342,13:55:57,7615.65,7615.65,3
2025-11-07T13:56:10.453432,13:56:10,7689.1,7689.1,3
2025-11-07T13:56:23.633856,13:56:23,7704.62,7704.62,3
2025-11-07T13:56:36.720026,13:56:36,7772.77,7772.77,3
2025-11-07T13:56:49.805495,13:56:49,7796.47,7796.47,3
2025-11-07T13:57:02.501627,13:57:02,7823.34,7823.34,3
2025-11-07T13:57:16.097162,13:57:16,7889.31,7889.31,3
2025-11-07T13:57:29.426387,13:57:29,7904.71,7904.71,3
2025-11-07T13:57:42.351782,13:57:42,7911.9,7911.9,3
2025-11-07T13:57:55.190545,13:57:55,7899.29,7899.29,3
2025-11-07T13:58:08.439500,13:58:08,7856.67,7856.67,3
2025-11-07T13:58:21.406416,13:58:21,7805.88,7805.88,3
2025-11-07T13:58:35.098022,13:58:35,7779.02,7779.02,3
2025-11-07T13:58:48.376100,13:58:48,7754.33,7754.33,3
2025-11-07T13:59:01.564947,13:59:01,7749.1,7749.1,3
2025-11-07T13:59:15.314960,13:59:15,7688.77,7688.77,3
2025-11-07T13:59:27.854550,13:59:27,7699.2,7699.2,3
2025-11-07T13:59:40.375186,13:59:40,7675.2,7675.2,3
2025-11-07T13:59:53.502146,13:59:53,7665.44,7665.44,3
2025-11-07T14:00:06.324715,14:00:06,7646.35,7646.35,3
2025-11-07T14:00:19.197328,14:00:19,7624.34,7624.34,3
2025-11-07T14:00:32.307053,14:00:32,7594.08,7594.08,3
2025-11-07T14:00:45.364105,14:00:45,7653.69,7653.69,3
2025-11-07T14:00:58.372515,14:00:58,7655.22,7655.22,3
2025-11-07T14:01:11.442868,14:01:11,7626.2,7626.2,3
2025-11-07T14:01:24.375505,14:01:24,7570.03,7570.03,3
2025-11-07T14:01:37.345171,14:01:37,7583.09,7583.09,3
2025-11-07T14:01:50.329386,14:01:50,7621.8,7621.8,3
2025-11-07T14:02:03.307078,14:02:03,7618.53,7618.53,3
2025-11-07T14:02:16.694211,14:02:16,7575.78,7575.78,3
2025-11-07T14:02:29.702126,14:02:29,7594.9,7594.9,3
2025-11-07T14:02:43.183022,14:02:43,7644.82,7644.82,3
2025-11-07T14:02:56.866926,14:02:56,7619.54,7619.54,3
2025-11-07T14:03:10.540385,14:03:10,7575.23,7575.23,3
2025-11-07T14:03:23.799120,14:03:23,7559.59,7559.59,3
2025-11-07T14:03:36.748651,14:03:36,7534.91,7534.91,3
2025-11-07T14:03:50.093962,14:03:50,7512.19,7512.19,3
2025-11-07T14:04:03.533730,14:04:03,7524.21,7524.21,3
2025-11-07T14:04:16.265301,14:04:16,7485.83,7485.83,3
2025-11-07T14:04:29.561794,14:04:29,7466.96,7466.96,3
2025-11-07T14:04:42.110516,14:04:42,7472.29,7472.29,3
2025-11-07T14:04:55.457051,14:04:55,7498.02,7498.02,3
2025-11-07T14:05:08.396079,14:05:08,7505.26,7505.26,3
2025-11-07T14:05:22.012401,14:05:22,7468.3,7468.3,3
2025-11-07T14:05:35.482137,14:05:35,7432.09,7432.09,3
2025-11-07T14:05:49.090093,14:05:49,7474.44,7474.44,3
2025-11-07T14:06:01.841642,14:06:01,7489.22,7489.22,3
2025-11-07T14:06:15.227406,14:06:15,7443.73,7443.73,3
2025-11-07T14:06:28.499568,14:06:28,7441.24,7441.24,3
2025-11-07T14:06:41.445668,14:06:41,7443.91,7443.91,3
2025-11-07T14:06:54.900711,14:06:54,7473.86,7473.86,3
2025-11-07T14:07:08.070869,14:07:08,7492.22,7492.22,3
2025-11-07T14:07:21.343520,14:07:21,7518.8,7518.8,3
2025-11-07T14:07:34.814009,14:07:34,7517.8,7517.8,3
2025-11-07T14:07:47.630715,14:07:47,7489.6,7489.6,3
2025-11-07T14:08:00.870832,14:08:00,7432.96,7432.96,3
2025-11-07T14:08:14.220523,14:08:14,7400.25,7400.25,3
2025-11-07T14:08:27.523200,14:08:27,7401.45,7401.45,3
2025-11-07T14:08:41.466024,14:08:41,7383.03,7383.03,3
2025-11-07T14:08:54.717251,14:08:54,7393.24,7393.24,3
2025-11-07T14:09:08.392836,14:09:08,7413.56,7413.56,3
2025-11-07T14:09:21.438290,14:09:21,7417.68,7417.68,3
2025-11-07T14:09:35.011254,14:09:35,7326.43,7326.43,3
2025-11-07T14:09:48.018790,14:09:48,7298.09,7298.09,3
2025-11-07T14:10:01.273003,14:10:01,7336.62,7336.62,3
2025-11-07T14:10:14.386971,14:10:14,7286.99,7286.99,3
2025-11-07T14:10:27.315745,14:10:27,7213.21,7213.21,3
2025-11-07T14:10:40.632239,14:10:40,7350.17,7350.17,3
2025-11-07T14:10:53.928540,14:10:53,7381.0,7381.0,3
2025-11-07T14:11:07.233200,14:11:07,7453.56,7453.56,3
2025-11-07T14:11:20.211880,14:11:20,7389.51,7389.51,3
2025-11-07T14:11:33.476506,14:11:33,7400.44,7400.44,3
2025-11-07T14:11:46.932534,14:11:46,7433.9,7433.9,3
2025-11-07T14:12:00.214765,14:12:00,7464.88,7464.88,3
2025-11-07T14:12:13.372144,14:12:13,7417.32,7417.32,3
2025-11-07T14:12:26.590545,14:12:26,7457.42,7457.42,3
2025-11-07T14:12:39.885947,14:12:39,7502.08,7502.08,3
2025-11-07T14:12:53.466831,14:12:53,7470.69,7470.69,3
2025-11-07T14:13:06.661078,14:13:06,7553.46,7553.46,3
2025-11-07T14:13:19.833629,14:13:19,7465.58,7465.58,3
2025-11-07T14:13:32.994991,14:13:32,7516.77,7516.77,3
2025-11-07T14:13:46.314986,14:13:46,7472.79,7472.79,3
2025-11-07T14:13:59.553086,14:13:59,7499.94,7499.94,3
2025-11-07T14:14:13.163441,14:14:13,7458.77,7458.77,3
2025-11-07T14:14:25.915199,14:14:25,7430.98,7430.98,3
2025-11-07T14:14:39.484190,14:14:39,7421.46,7421.46,3
2025-11-07T14:14:53.033637,14:14:53,7452.52,7452.52,3
2025-11-07T14:15:05.735234,14:15:05,7429.21,7429.21,3
2025-11-07T14:15:19.156257,14:15:19,7434.57,7434.57,3
2025-11-07T14:15:32.335689,14:15:32,7427.12,7427.12,3
2025-11-07T14:15:45.642295,14:15:45,7335.96,7335.96,3
2025-11-07T14:15:58.607759,14:15:58,7322.22,7322.22,3
2025-11-07T14:16:12.377673,14:16:12,7330.99,7330.99,3
2025-11-07T14:16:25.657121,14:16:25,7280.7,7280.7,3
2025-11-07T14:16:39.216827,14:16:39,7288.37,7288.37,3
2025-11-07T14:16:52.277991,14:16:52,7278.63,7278.63,3
2025-11-07T14:17:05.352492,14:17:05,7218.45,7218.45,3
2025-11-07T14:17:18.884993,14:17:18,7215.91,7215.91,3
2025-11-07T14:17:32.376043,14:17:32,7236.92,7236.92,3
2025-11-07T14:17:45.214527,14:17:45,7246.14,7246.14,3
2025-11-07T14:17:58.355492,14:17:58,7231.64,7231.64,3
2025-11-07T14:18:11.601712,14:18:11,7227.47,7227.47,3
2025-11-07T14:18:24.531819,14:18:24,7192.81,7192.81,3
2025-11-07T14:18:37.703696,14:18:37,7186.22,7186.22,3
2025-11-07T14:18:51.045280,14:18:51,7181.14,7181.14,3
2025-11-07T14:19:04.205561,14:19:04,7164.29,7164.29,3
2025-11-07T14:19:17.166385,14:19:17,7113.41,7113.41,3
2025-11-07T14:19:30.396077,14:19:30,7085.23,7085.23,3
2025-11-07T14:19:43.089554,14:19:43,7079.01,7079.01,3
2025-11-07T14:19:56.603856,14:19:56,7075.7,7075.7,3
2025-11-07T14:20:09.687513,14:20:09,7074.98,7074.98,3
2025-11-07T14:20:22.245278,14:20:22,7094.02,7094.02,3
2025-11-07T14:20:35.586672,14:20:35,7068.35,7068.35,3
2025-11-07T14:20:48.028957,14:20:48,7041.63,7041.63,3
2025-11-07T14:21:01.620581,14:21:01,6954.67,6954.67,3
2025-11-07T14:21:14.917709,14:21:14,7036.79,7036.79,3
2025-11-07T14:21:28.136743,14:21:28,7048.39,7048.39,3
2025-11-07T14:21:41.426955,14:21:41,7022.51,7022.51,3
2025-11-07T14:21:54.445652,14:21:54,7028.76,7028.76,3
2025-11-07T14:22:07.899479,14:22:07,7085.69,7085.69,3
2025-11-07T14:22:20.930093,14:22:20,7105.35,7105.35,3
2025-11-07T14:22:34.290309,14:22:34,7106.18,7106.18,3
2025-11-07T14:22:48.507297,14:22:48,7057.06,7057.06,3
2025-11-07T14:23:01.652534,14:23:01,7086.9,7086.9,3
2025-11-07T14:23:15.170999,14:23:15,7043.19,7043.19,3
2025-11-07T14:23:28.647680,14:23:28,7046.15,7046.15,3
2025-11-07T14:23:42.093515,14:23:42,7150.59,7150.59,3
2025-11-07T14:23:55.396412,14:23:55,7113.82,7113.82,3
2025-11-07T14:24:08.502422,14:24:08,7119.88,7119.88,3
2025-11-07T14:24:22.084572,14:24:22,7160.85,7160.85,3
2025-11-07T14:24:35.185525,14:24:35,7161.66,7161.66,3
2025-11-07T14:24:48.144284,14:24:48,7173.11,7173.11,3
2025-11-07T14:25:01.803712,14:25:01,7132.24,7132.24,3
2025-11-07T14:25:14.710342,14:25:14,7138.52,7138.52,3
2025-11-07T14:25:28.640841,14:25:28,7051.71,7051.71,3
2025-11-07T14:25:42.344293,14:25:42,7043.81,7043.81,3
2025-11-07T14:25:55.476541,14:25:55,7042.5,7042.5,3
2025-11-07T14:26:08.870074,14:26:08,7066.83,7066.83,3
2025-11-07T14:26:21.504899,14:26:21,7042.59,7042.59,3
2025-11-07T14:26:34.765346,14:26:34,7087.3,7087.3,3
2025-11-07T14:26:48.121992,14:26:48,7034.31,7034.31,3
2025-11-07T14:27:01.355208,14:27:01,7067.53,7067.53,3
2025-11-07T14:27:14.389824,14:27:14,7019.15,7019.15,3
2025-11-07T14:27:27.342169,14:27:27,7018.53,7018.53,3
2025-11-07T14:27:40.231971,14:27:40,6996.59,6996.59,3
2025-11-07T14:27:53.464217,14:27:53,7015.73,7015.73,3
2025-11-07T14:28:06.819297,14:28:06,7065.05,7065.05,3
2025-11-07T14:28:19.370558,14:28:19,7027.59,7027.59,3
2025-11-07T14:28:32.692494,14:28:32,7065.52,7065.52,3
2025-11-07T14:28:45.652749,14:28:45,7045.67,7045.67,3
2025-11-07T14:28:58.321312,14:28:58,7049.99,7049.99,3
2025-11-07T14:29:11.333142,14:29:11,7041.85,7041.85,3
2025-11-07T14:29:24.419405,14:29:24,7069.09,7069.09,3
2025-11-07T14:29:37.919643,14:29:37,7076.71,7076.71,3
2025-11-07T14:29:51.214600,14:29:51,7082.55,7082.55,3
2025-11-07T14:30:04.736531,14:30:04,7111.11,7111.11,3
2025-11-07T14:30:17.741273,14:30:17,7027.9,7027.9,3
2025-11-07T14:30:30.890916,14:30:30,7031.13,7031.13,3
2025-11-07T14:30:44.337784,14:30:44,6998.66,6998.66,3
2025-11-07T14:30:57.098918,14:30:57,6925.78,6925.78,3
2025-11-07T14:31:10.098087,14:31:10,6911.06,6911.06,3
2025-11-07T14:31:23.329136,14:31:23,6907.66,6907.66,3
2025-11-07T14:31:36.711928,14:31:36,6815.27,6815.27,3
2025-11-07T14:31:49.807080,14:31:49,6845.02,6845.02,3
2025-11-07T14:32:03.191553,14:32:03,6865.93,6865.93,3
2025-11-07T14:32:16.660317,14:32:16,6833.95,6833.95,3
2025-11-07T14:32:29.945399,14:32:29,6831.54,6831.54,3
2025-11-07T14:32:43.447030,14:32:43,6830.47,6830.47,3
2025-11-07T14:32:56.506251,14:32:56,6831.54,6831.54,3
2025-11-07T14:33:09.970923,14:33:09,6832.03,6832.03,3
2025-11-07T14:33:22.654130,14:33:22,6826.52,6826.52,3
2025-11-07T14:33:35.553398,14:33:35,6751.95,6751.95,3
2025-11-07T14:33:48.447724,14:33:48,6711.23,6711.23,3
2025-11-07T14:34:01.452740,14:34:01,6647.6,6647.6,3
2025-11-07T14:34:14.459678,14:34:14,6715.77,6715.77,3
2025-11-07T14:34:28.028930,14:34:28,6725.63,6725.63,3
2025-11-07T14:34:41.436663,14:34:41,6771.87,6771.87,3
2025-11-07T14:34:54.587387,14:34:54,6794.64,6794.64,3
2025-11-07T14:35:08.469043,14:35:08,6821.68,6821.68,3
2025-11-07T14:35:21.332081,14:35:21,6770.61,6770.61,3
2025-11-07T14:35:34.909294,14:35:34,6814.54,6814.54,3
2025-11-07T14:35:48.221902,14:35:48,6831.41,6831.41,3
2025-11-07T14:36:01.434507,14:36:01,6844.38,6844.38,3
2025-11-07T14:36:14.011744,14:36:14,6873.72,6873.72,3
2025-11-07T14:36:26.651785,14:36:26,6865.33,6865.33,3
2025-11-07T14:36:39.924267,14:36:39,6863.51,6863.51,3
2025-11-07T14:36:53.065402,14:36:53,6745.76,6745.76,3
2025-11-07T14:37:06.292617,14:37:06,6775.44,6775.44,3
2025-11-07T14:37:19.167013,14:37:19,6768.2,6768.2,3
2025-11-07T14:37:32.333543,14:37:32,6742.89,6742.89,3
2025-11-07T14:37:45.561425,14:37:45,6741.77,6741.77,3
2025-11-07T14:37:58.132046,14:37:58,6712.79,6712.79,3
2025-11-07T14:38:10.848988,14:38:10,6682.66,6682.66,3
2025-11-07T14:38:23.507211,14:38:23,6655.51,6655.51,3
2025-11-07T14:38:36.244073,14:38:36,6644.06,6644.06,3
2025-11-07T14:38:49.256619,14:38:49,6585.83,6585.83,3
2025-11-07T14:39:02.627026,14:39:02,6559.62,6559.62,3
2025-11-07T14:39:15.428954,14:39:15,6560.76,6560.76,3
2025-11-07T14:39:28.438072,14:39:28,6574.69,6574.69,3
2025-11-07T14:39:41.062058,14:39:41,6607.36,6607.36,3
2025-11-07T14:39:54.065868,14:39:54,6594.49,6594.49,3
2025-11-07T14:40:07.057333,14:40:07,6614.69,6614.69,3
2025-11-07T14:40:19.742223,14:40:19,6679.57,6679.57,3
2025-11-07T14:40:32.744840,14:40:32,6871.06,6871.06,3
2025-11-07T14:40:45.562170,14:40:45,6873.96,6873.96,3
2025-11-07T14:40:58.517123,14:40:58,6885.46,6885.46,3
2025-11-07T14:41:11.450732,14:41:11,6897.72,6897.72,3
2025-11-07T14:41:24.480132,14:41:24,6897.53,6897.53,3
2025-11-07T14:41:37.435130,14:41:37,6890.33,6890.33,3
2025-11-07T14:41:50.683781,14:41:50,6988.83,6988.83,3
2025-11-07T14:42:03.584750,14:42:03,6982.13,6982.13,3
2025-11-07T14:42:16.456660,14:42:16,6964.59,6964.59,3
2025-11-07T14:42:29.544545,14:42:29,6972.68,6972.68,3
2025-11-07T14:42:42.574718,14:42:42,6945.92,6945.92,3
2025-11-07T14:42:56.046452,14:42:56,6843.29,6843.29,3
2025-11-07T14:43:09.026035,14:43:09,6887.34,6887.34,3
2025-11-07T14:43:22.111095,14:43:22,6828.99,6828.99,3
2025-11-07T14:43:35.031714,14:43:35,6787.77,6787.77,3
2025-11-07T14:43:47.970797,14:43:47,6822.58,6822.58,3
2025-11-07T14:44:01.029386,14:44:01,6831.74,6831.74,3
2025-11-07T14:44:13.840289,14:44:13,6861.64,6861.64,3
2025-11-07T14:44:27.330740,14:44:27,6859.23,6859.23,3
2025-11-07T14:44:40.137209,14:44:40,6797.72,6797.72,3
2025-11-07T14:44:53.206482,14:44:53,6825.31,6825.31,3
2025-11-07T14:45:06.665832,14:45:06,6826.05,6826.05,3
2025-11-07T14:45:19.752621,14:45:19,6797.28,6797.28,3
2025-11-07T14:45:32.433966,14:45:32,6825.6,6825.6,3
2025-11-07T14:45:45.683324,14:45:45,6837.4,6837.4,3
2025-11-07T14:45:59.369812,14:45:59,6834.86,6834.86,3
2025-11-07T14:46:12.835439,14:46:12,6797.56,6797.56,3
2025-11-07T14:46:26.264110,14:46:26,6832.67,6832.67,3
2025-11-07T14:46:39.421344,14:46:39,6856.11,6856.11,3
2025-11-07T14:46:52.323821,14:46:52,6868.4,6868.4,3
2025-11-07T14:47:05.236364,14:47:05,6909.07,6909.07,3
2025-11-07T14:47:18.893499,14:47:18,6892.58,6892.58,3
2025-11-07T14:47:31.715236,14:47:31,6877.79,6877.79,3
2025-11-07T14:47:44.350968,14:47:44,6898.53,6898.53,3
2025-11-07T14:47:57.773838,14:47:57,6964.02,6964.02,3
2025-11-07T14:48:11.398285,14:48:11,6926.16,6926.16,3
2025-11-07T14:48:24.313245,14:48:24,6958.39,6958.39,3
2025-11-07T14:48:37.016491,14:48:37,6976.68,6976.68,3
2025-11-07T14:48:50.454703,14:48:50,6925.4,6925.4,3
2025-11-07T14:49:03.720163,14:49:03,6914.22,6914.22,3
2025-11-07T14:49:16.635434,14:49:16,6914.25,6914.25,3
2025-11-07T14:49:29.636753,14:49:29,6905.97,6905.97,3
2025-11-07T14:49:42.949724,14:49:42,6898.05,6898.05,3
2025-11-07T14:49:56.395843,14:49:56,6887.97,6887.97,3
2025-11-07T14:50:09.211473,14:50:09,6869.14,6869.14,3
2025-11-07T14:50:22.171874,14:50:22,6900.14,6900.14,3
2025-11-07T14:50:35.168305,14:50:35,6902.53,6902.53,3
2025-11-07T14:50:48.429290,14:50:48,6944.91,6944.91,3
2025-11-07T14:51:01.505895,14:51:01,7047.56,7047.56,3
2025-11-07T14:51:14.582232,14:51:14,7063.77,7063.77,3
2025-11-07T14:51:27.738671,14:51:27,6954.52,6954.52,3
2025-11-07T14:51:41.095349,14:51:41,6988.48,6988.48,3
2025-11-07T14:51:54.497359,14:51:54,6685.59,6685.59,3
2025-11-07T14:52:07.671341,14:52:07,6696.35,6696.35,3
2025-11-07T14:52:20.637299,14:52:20,6794.02,6794.02,3
2025-11-07T14:52:33.555715,14:52:33,6747.64,6747.64,3
2025-11-07T14:52:46.356833,14:52:46,6631.48,6631.48,3
2025-11-07T14:52:59.610177,14:52:59,6479.55,6479.55,3
2025-11-07T14:53:13.241790,14:53:13,6394.06,6394.06,3
2025-11-07T14:53:26.433688,14:53:26,6366.4,6366.4,3
2025-11-07T14:53:39.392755,14:53:39,6377.53,6377.53,3
2025-11-07T14:53:52.476710,14:53:52,6287.63,6287.63,3
2025-11-07T14:54:05.489307,14:54:05,6244.22,6244.22,3
2025-11-07T14:54:18.928040,14:54:18,6253.35,6253.35,3
2025-11-07T14:54:32.433070,14:54:32,6253.29,6253.29,3
2025-11-07T14:54:45.379295,14:54:45,6250.84,6250.84,3
2025-11-07T14:54:57.783097,14:54:57,6189.19,6189.19,3
2025-11-07T14:55:10.912879,14:55:10,6243.09,6243.09,3
2025-11-07T14:55:23.985322,14:55:23,6132.24,6132.24,3
2025-11-07T14:55:36.605709,14:55:36,6143.73,6143.73,3
2025-11-07T14:55:50.391404,14:55:50,6125.17,6125.17,3
2025-11-07T14:56:03.187163,14:56:03,6112.82,6112.82,3
2025-11-07T14:56:16.467397,14:56:16,6081.91,6081.91,3
2025-11-07T14:56:30.264041,14:56:30,6073.42,6073.42,3
2025-11-07T14:56:42.727267,14:56:42,6094.47,6094.47,3
2025-11-07T14:56:55.889094,14:56:55,6218.59,6218.59,3
2025-11-07T14:57:08.953440,14:57:08,6162.67,6162.67,3
2025-11-07T14:57:21.726189,14:57:21,6083.25,6083.25,3
2025-11-07T14:57:34.649298,14:57:34,6101.12,6101.12,3
2025-11-07T14:57:47.858150,14:57:47,6153.52,6153.52,3
2025-11-07T14:58:00.701445,14:58:00,6091.04,6091.04,3
2025-11-07T14:58:13.819254,14:58:13,6044.32,6044.32,3
2025-11-07T14:58:27.111974,14:58:27,6031.87,6031.87,3
2025-11-07T14:58:40.628216,14:58:40,6009.23,6009.23,3
2025-11-07T14:58:53.416360,14:58:53,6046.58,6046.58,3
2025-11-07T14:59:06.333001,14:59:06,6018.06,6018.06,3
2025-11-07T14:59:19.698541,14:59:19,6084.23,6084.23,3
2025-11-07T14:59:32.704206,14:59:32,6115.11,6115.11,3
2025-11-07T14:59:45.213583,14:59:45,6138.54,6138.54,3
2025-11-07T14:59:58.228347,14:59:58,6088.82,6088.82,3
2025-11-07T15:00:11.632246,15:00:11,5978.1,5978.1,3
2025-11-07T15:00:24.985323,15:00:24,6060.17,6060.17,3
2025-11-07T15:00:37.997438,15:00:37,6109.95,6109.95,3
2025-11-07T15:00:50.937948,15:00:50,6053.47,6053.47,3
2025-11-07T15:01:03.700058,15:01:03,6126.87,6126.87,3
2025-11-07T15:01:16.868246,15:01:16,6183.88,6183.88,3
2025-11-07T15:01:30.080445,15:01:30,6157.86,6157.86,3
2025-11-07T15:01:43.254013,15:01:43,6074.82,6074.82,3
2025-11-07T15:01:56.651471,15:01:56,5965.87,5965.87,3
2025-11-07T15:02:09.866078,15:02:09,6035.9,6035.9,3
2025-11-07T15:02:23.174532,15:02:23,6123.38,6123.38,3
2025-11-07T15:02:36.360532,15:02:36,6156.59,6156.59,3
2025-11-07T15:02:49.748948,15:02:49,6158.84,6158.84,3
2025-11-07T15:03:02.515236,15:03:02,6153.06,6153.06,3
2025-11-07T15:03:15.927607,15:03:15,6106.41,6106.41,3
2025-11-07T15:03:28.787427,15:03:28,6064.26,6064.26,3
2025-11-07T15:03:41.864606,15:03:41,6081.51,6081.51,3
2025-11-07T15:03:55.068009,15:03:55,6037.33,6037.33,3
2025-11-07T15:04:07.710399,15:04:07,6053.68,6053.68,3
2025-11-07T15:04:21.316449,15:04:21,5931.84,5931.84,3
2025-11-07T15:04:34.457122,15:04:34,5929.88,5929.88,3
2025-11-07T15:04:47.764466,15:04:47,5838.99,5838.99,3
2025-11-07T15:05:01.471664,15:05:01,5819.58,5819.58,3
2025-11-07T15:05:14.845137,15:05:14,5849.43,5849.43,3
2025-11-07T15:05:27.909760,15:05:27,5924.45,5924.45,3
2025-11-07T15:05:41.211211,15:05:41,5913.34,5913.34,3
2025-11-07T15:05:54.420462,15:05:54,5829.99,5829.99,3
2025-11-07T15:06:07.510040,15:06:07,5758.02,5758.02,3
2025-11-07T15:06:20.971675,15:06:20,5757.06,5757.06,3
2025-11-07T15:06:34.185807,15:06:34,5796.96,5796.96,3
2025-11-07T15:06:47.725319,15:06:47,5840.47,5840.47,3
2025-11-07T15:07:00.278813,15:07:00,5888.23,5888.23,3
2025-11-07T15:07:13.717106,15:07:13,5881.41,5881.41,3
2025-11-07T15:07:26.953959,15:07:26,5906.69,5906.69,3
2025-11-07T15:07:40.043293,15:07:40,5927.23,5927.23,3
2025-11-07T15:07:52.940597,15:07:52,5940.21,5940.21,3
2025-11-07T15:08:05.736448,15:08:05,5941.69,5941.69,3
2025-11-07T15:08:18.793235,15:08:18,5886.26,5886.26,3
2025-11-07T15:08:32.538335,15:08:32,5954.31,5954.31,3
2025-11-07T15:08:45.393165,15:08:45,5892.02,5892.02,3
2025-11-07T15:08:58.084179,15:08:58,5907.11,5907.11,3
2025-11-07T15:09:11.258625,15:09:11,5876.4,5876.4,3
2025-11-07T15:09:23.434780,15:09:23,5794.21,5794.21,3
2025-11-07T15:09:36.305641,15:09:36,5808.1,5808.1,3
2025-11-07T15:09:48.561132,15:09:48,5819.02,5819.02,3
2025-11-07T15:10:01.091708,15:10:01,5758.12,5758.12,3
2025-11-07T15:10:13.849022,15:10:13,5811.79,5811.79,3
2025-11-07T15:10:26.544909,15:10:26,5767.79,5767.79,3
2025-11-07T15:10:39.109950,15:10:39,5816.04,5816.04,3
2025-11-07T15:10:51.259695,15:10:51,5794.35,5794.35,3
2025-11-07T15:11:03.870552,15:11:03,5846.44,5846.44,3
2025-11-07T15:11:16.566692,15:11:16,5882.73,5882.73,3
2025-11-07T15:11:29.423010,15:11:29,5906.1,5906.1,3
2025-11-07T15:11:41.653158,15:11:41,5787.38,5787.38,3
2025-11-07T15:11:54.505670,15:11:54,5786.09,5786.09,3
2025-11-07T15:12:06.771431,15:12:06,5667.94,5667.94,3
2025-11-07T15:12:19.464102,15:12:19,5640.6,5640.6,3
2025-11-07T15:12:31.760582,15:12:31,5666.37,5666.37,3
2025-11-07T15:12:44.205008,15:12:44,5649.11,5649.11,3
2025-11-07T15:12:56.422949,15:12:56,5660.75,5660.75,3
2025-11-07T15:13:09.375931,15:13:09,5698.38,5698.38,3
2025-11-07T15:13:22.278339,15:13:22,5718.01,5718.01,3
2025-11-07T15:13:34.436938,15:13:34,5721.19,5721.19,3
2025-11-07T15:13:47.422965,15:13:47,5742.57,5742.57,3
2025-11-07T15:14:00.094309,15:14:00,5762.0,5762.0,3
2025-11-07T15:14:12.292032,15:14:12,5856.78,5856.78,3
2025-11-07T15:14:24.657009,15:14:24,5840.32,5840.32,3
2025-11-07T15:14:36.899077,15:14:36,5788.1,5788.1,3
2025-11-07T15:14:49.692097,15:14:49,5793.63,5793.63,3
2025-11-07T15:15:02.070156,15:15:02,5769.49,5769.49,3
2025-11-07T15:15:14.594666,15:15:14,5770.7,5770.7,3
2025-11-07T15:15:27.420925,15:15:27,5769.5,5769.5,3
2025-11-07T15:15:39.713729,15:15:39,5777.06,5777.06,3
2025-11-07T15:15:52.245410,15:15:52,5831.6,5831.6,3
2025-11-07T15:16:04.662014,15:16:04,5848.07,5848.07,3
2025-11-07T15:16:16.820287,15:16:16,5788.45,5788.45,3
2025-11-07T15:16:29.088876,15:16:29,5847.29,5847.29,3
2025-11-07T15:16:41.792887,15:16:41,5777.97,5777.97,3
2025-11-07T15:16:54.227543,15:16:54,5805.31,5805.31,3
2025-11-07T15:17:06.787413,15:17:06,5801.32,5801.32,3
2025-11-07T15:17:19.318524,15:17:19,5780.5,5780.5,3
2025-11-07T15:17:31.969100,15:17:31,5828.55,5828.55,3
2025-11-07T15:17:44.586740,15:17:44,5827.4,5827.4,3
2025-11-07T15:17:56.809375,15:17:56,5830.93,5830.93,3
2025-11-07T15:18:08.951167,15:18:08,5866.21,5866.21,3
2025-11-07T15:18:21.297910,15:18:21,5825.12,5825.12,3
2025-11-07T15:18:33.767150,15:18:33,5875.54,5875.54,3
2025-11-07T15:18:46.157441,15:18:46,5874.76,5874.76,3
2025-11-07T15:18:58.618631,15:18:58,5908.4,5908.4,3
2025-11-07T15:19:11.351546,15:19:11,5871.73,5871.73,3
2025-11-07T15:19:24.619678,15:19:24,5859.61,5859.61,3
2025-11-07T15:19:37.373906,15:19:37,5834.77,5834.77,3
2025-11-07T15:19:49.718370,15:19:49,5882.51,5882.51,3
2025-11-07T15:20:01.904940,15:20:01,5899.6,5899.6,3
2025-11-07T15:20:14.129887,15:20:14,5933.75,5933.75,3
2025-11-07T15:20:26.436980,15:20:26,5861.83,5861.83,3
2025-11-07T15:20:38.930623,15:20:38,5999.08,5999.08,3
2025-11-07T15:20:51.273437,15:20:51,5963.55,5963.55,3
2025-11-07T15:21:04.420028,15:21:04,6008.43,6008.43,3
2025-11-07T15:21:17.414806,15:21:17,5987.79,5987.79,3
2025-11-07T15:21:29.549592,15:21:29,5922.3,5922.3,3
2025-11-07T15:21:41.668366,15:21:41,5872.0,5872.0,3
2025-11-07T15:21:54.329483,15:21:54,5851.27,5851.27,3
2025-11-07T15:22:06.721235,15:22:06,5610.43,5610.43,3
2025-11-07T15:22:19.034282,15:22:19,5613.08,5613.08,3
2025-11-07T15:22:31.210500,15:22:31,5644.8,5644.8,3
2025-11-07T15:22:43.803610,15:22:43,5738.27,5738.27,3
2025-11-07T15:22:56.236323,15:22:56,5833.31,5833.31,3
2025-11-07T15:23:08.612295,15:23:08,5919.36,5919.36,3
2025-11-07T15:23:21.099229,15:23:21,5977.75,5977.75,3
2025-11-07T15:23:33.418932,15:23:33,5814.98,5814.98,3
2025-11-07T15:23:45.743095,15:23:45,5721.66,5721.66,3
2025-11-07T15:23:58.272258,15:23:58,5583.48,5583.48,3
2025-11-07T15:24:10.822537,15:24:10,5583.75,5583.75,3
2025-11-07T15:24:23.249366,15:24:23,5642.18,5642.18,3
2025-11-07T15:24:35.450252,15:24:35,5632.03,5632.03,3
2025-11-07T15:24:47.969284,15:24:47,5646.54,5646.54,3
2025-11-07T15:25:00.327598,15:25:00,5649.52,5649.52,3
2025-11-07T15:25:12.676830,15:25:12,5727.62,5727.62,3
2025-11-07T15:25:25.039156,15:25:25,5732.1,5732.1,3
2025-11-07T15:25:37.627010,15:25:37,5764.24,5764.24,3
2025-11-07T15:25:49.848595,15:25:49,5784.03,5784.03,3
2025-11-07T15:26:02.663061,15:26:02,5791.48,5791.48,3
2025-11-07T15:26:15.324891,15:26:15,5897.01,5897.01,3
2025-11-07T15:26:27.794175,15:26:27,5884.22,5884.22,3
2025-11-07T15:26:40.416899,15:26:40,5839.84,5839.84,3
2025-11-07T15:26:52.691345,15:26:52,5962.01,5962.01,3
2025-11-07T15:27:05.041129,15:27:05,5951.24,5951.24,3
2025-11-07T15:27:17.655197,15:27:17,5958.31,5958.31,3
2025-11-07T15:27:30.177222,15:27:30,5944.9,5944.9,3
2025-11-07T15:27:42.781741,15:27:42,5923.51,5923.51,3
2025-11-07T15:27:55.637886,15:27:55,5920.63,5920.63,3
2025-11-07T15:28:08.066996,15:28:08,5897.23,5897.23,3
2025-11-07T15:28:20.454802,15:28:20,5888.77,5888.77,3
2025-11-07T15:28:32.836152,15:28:32,5897.6,5897.6,3
2025-11-07T15:28:45.166423,15:28:45,5921.13,5921.13,3
2025-11-07T15:28:57.412039,15:28:57,5861.37,5861.37,3
2025-11-07T15:29:09.885236,15:29:09,5883.97,5883.97,3
2025-11-07T15:29:22.241573,15:29:22,5990.96,5990.96,3
2025-11-07T15:29:34.492909,15:29:34,6025.28,6025.28,3
2025-11-07T15:29:47.674694,15:29:47,6083.68,6083.68,3
2025-11-07T15:30:00.668013,15:30:00,6061.32,6061.32,3
2025-11-07T15:30:13.561588,15:30:13,6025.78,6025.78,3
2025-11-07T15:30:26.207515,15:30:26,5967.73,5967.73,3
2025-11-07T15:30:38.740063,15:30:38,5966.02,5966.02,3
2025-11-07T15:30:51.022172,15:30:51,5934.16,5934.16,3
2025-11-07T15:31:03.655990,15:31:03,5979.67,5979.67,3
2025-11-07T15:31:16.341891,15:31:16,5903.08,5903.08,3
2025-11-07T15:31:29.090005,15:31:29,5994.55,5994.55,3
2025-11-07T15:31:41.520400,15:31:41,5990.15,5990.15,3
2025-11-07T15:31:54.524304,15:31:54,6069.32,6069.32,3
2025-11-07T15:32:07.069930,15:32:07,6151.23,6151.23,3
2025-11-07T15:32:19.263165,15:32:19,6215.45,6215.45,3
2025-11-07T15:32:31.613625,15:32:31,6233.37,6233.37,3
2025-11-07T15:32:44.481212,15:32:44,6374.49,6374.49,3
2025-11-07T15:32:56.734911,15:32:56,6389.91,6389.91,3
2025-11-07T15:33:09.479587,15:33:09,6431.09,6431.09,3
2025-11-07T15:33:22.146160,15:33:22,6466.91,6466.91,3
2025-11-07T15:33:34.792106,15:33:34,6480.05,6480.05,3
2025-11-07T15:33:47.232017,15:33:47,6417.2,6417.2,3
2025-11-07T15:34:00.298331,15:34:00,6386.72,6386.72,3
2025-11-07T15:34:12.888329,15:34:12,6445.98,6445.98,3
2025-11-07T15:34:25.028295,15:34:25,6475.53,6475.53,3
2025-11-07T15:34:37.743067,15:34:37,6496.17,6496.17,3
2025-11-07T15:34:50.152953,15:34:50,6482.85,6482.85,3
2025-11-07T15:35:04.575493,15:35:04,6482.73,6482.73,3
2025-11-07T15:35:17.014457,15:35:17,6508.96,6508.96,3
2025-11-07T15:35:29.606842,15:35:29,6444.5,6444.5,3
2025-11-07T15:35:42.149355,15:35:42,6384.33,6384.33,3
2025-11-07T15:35:54.788264,15:35:54,6382.47,6382.47,3
2025-11-07T15:36:07.297344,15:36:07,6429.61,6429.61,3
2025-11-07T15:36:19.820380,15:36:19,6320.59,6320.59,3
2025-11-07T15:36:32.001954,15:36:32,6268.91,6268.91,3
2025-11-07T15:36:44.523186,15:36:44,6177.88,6177.88,3
2025-11-07T15:36:57.219909,15:36:57,6090.76,6090.76,3
2025-11-07T15:37:09.758839,15:37:09,6120.65,6120.65,3
2025-11-07T15:37:22.434048,15:37:22,6099.24,6099.24,3
2025-11-07T15:37:35.359433,15:37:35,6102.75,6102.75,3
2025-11-07T15:37:48.038727,15:37:48,6045.05,6045.05,3
2025-11-07T15:38:00.124029,15:38:00,6070.18,6070.18,3
2025-11-07T15:38:12.662913,15:38:12,6124.86,6124.86,3
2025-11-07T15:38:25.237775,15:38:25,6088.8,6088.8,3
2025-11-07T15:38:38.603342,15:38:38,6128.76,6128.76,3
2025-11-07T15:38:51.630500,15:38:51,6090.79,6090.79,3
2025-11-07T15:39:05.320056,15:39:05,6074.02,6074.02,3
2025-11-07T15:39:18.150288,15:39:18,6088.03,6088.03,3
2025-11-07T15:39:31.528771,15:39:31,6077.82,6077.82,3
2025-11-07T15:39:44.691893,15:39:44,6076.09,6076.09,3
2025-11-07T15:39:57.639272,15:39:57,6088.74,6088.74,3
2025-11-07T15:40:10.620399,15:40:10,6072.78,6072.78,3
2025-11-07T15:40:23.801262,15:40:23,6018.93,6018.93,3
2025-11-07T15:40:37.431217,15:40:37,6019.29,6019.29,3
2025-11-07T15:40:50.515115,15:40:50,6019.41,6019.41,3
2025-11-07T15:41:04.297566,15:41:04,6053.98,6053.98,3
2025-11-07T15:41:16.831160,15:41:16,6009.46,6009.46,3
2025-11-07T15:41:28.998141,15:41:28,6003.17,6003.17,3
2025-11-07T15:41:41.480581,15:41:41,5948.1,5948.1,3
2025-11-07T15:41:53.721121,15:41:53,5923.88,5923.88,3
2025-11-07T15:42:06.204765,15:42:06,5925.15,5925.15,3
2025-11-07T15:42:18.825948,15:42:18,5913.69,5913.69,3
2025-11-07T15:42:31.702001,15:42:31,5979.29,5979.29,3
2025-11-07T15:42:44.010181,15:42:44,5904.17,5904.17,3
2025-11-07T15:42:56.335960,15:42:56,5931.93,5931.93,3
2025-11-07T15:43:08.308329,15:43:08,6000.89,6000.89,3
2025-11-07T15:43:20.598089,15:43:20,5995.27,5995.27,3
2025-11-07T15:43:32.865997,15:43:32,6007.67,6007.67,3
2025-11-07T15:43:45.268463,15:43:45,5991.64,5991.64,3
2025-11-07T15:43:57.309104,15:43:57,5982.58,5982.58,3
2025-11-07T15:44:09.708999,15:44:09,5979.15,5979.15,3
2025-11-07T15:44:22.013528,15:44:22,5982.1,5982.1,3
2025-11-07T15:44:33.871612,15:44:33,5973.83,5973.83,3
2025-11-07T15:44:46.154309,15:44:46,5913.83,5913.83,3
2025-11-07T15:44:58.666233,15:44:58,5880.71,5880.71,3
2025-11-07T15:45:10.729411,15:45:10,5911.37,5911.37,3
2025-11-07T15:45:22.780380,15:45:22,5870.1,5870.1,3
2025-11-07T15:45:35.334629,15:45:35,5706.21,5706.21,3
2025-11-07T15:45:47.694836,15:45:47,5730.64,5730.64,3
2025-11-07T15:46:00.419159,15:46:00,5646.05,5646.05,3
2025-11-07T15:46:13.176175,15:46:13,5614.57,5614.57,3
2025-11-07T15:46:25.759600,15:46:25,5627.24,5627.24,3
2025-11-07T15:46:38.530517,15:46:38,5566.7,5566.7,3
2025-11-07T15:46:51.228683,15:46:51,5553.09,5553.09,3
2025-11-07T15:47:03.592393,15:47:03,5514.81,5514.81,3
2025-11-07T15:47:16.411051,15:47:16,5543.19,5543.19,3
2025-11-07T15:47:29.430223,15:47:29,5598.21,5598.21,3
2025-11-07T15:47:41.907070,15:47:41,5521.62,5521.62,3
2025-11-07T15:47:54.604472,15:47:54,5503.75,5503.75,3
2025-11-07T15:48:06.916162,15:48:06,5448.92,5448.92,3
2025-11-07T15:48:19.428059,15:48:19,5421.57,5421.57,3
2025-11-07T15:48:31.863792,15:48:31,5460.59,5460.59,3
2025-11-07T15:48:44.446606,15:48:44,5511.83,5511.83,3
2025-11-07T15:48:56.735957,15:48:56,5561.84,5561.84,3
2025-11-07T15:49:09.443171,15:49:09,5613.92,5613.92,3
2025-11-07T15:49:22.311597,15:49:22,5705.89,5705.89,3
2025-11-07T15:49:34.669166,15:49:34,5732.05,5732.05,3
2025-11-07T15:49:47.056567,15:49:47,5739.18,5739.18,3
2025-11-07T15:49:59.568515,15:49:59,5701.4,5701.4,3
2025-11-07T15:50:12.410963,15:50:12,5695.89,5695.89,3
2025-11-07T15:50:25.420300,15:50:25,5692.39,5692.39,3
2025-11-07T15:50:37.689849,15:50:37,5836.03,5836.03,3
2025-11-07T15:50:50.005633,15:50:50,5846.06,5846.06,3
2025-11-07T15:51:02.193528,15:51:02,5894.19,5894.19,3
2025-11-07T15:51:14.794890,15:51:14,5818.01,5818.01,3
2025-11-07T15:51:27.374252,15:51:27,5874.18,5874.18,3
2025-11-07T15:51:39.798443,15:51:39,5796.47,5796.47,3
2025-11-07T15:51:52.378108,15:51:52,5713.37,5713.37,3
2025-11-07T15:52:04.648959,15:52:04,5636.91,5636.91,3
2025-11-07T15:52:17.235605,15:52:17,5601.1,5601.1,3
2025-11-07T15:52:30.189037,15:52:30,5643.63,5643.63,3
2025-11-07T15:52:42.820529,15:52:42,5560.85,5560.85,3
2025-11-07T15:52:55.551773,15:52:55,5523.93,5523.93,3
2025-11-07T15:53:08.321906,15:53:08,5506.86,5506.86,3
2025-11-07T15:53:20.564328,15:53:20,5541.85,5541.85,3
2025-11-07T15:53:33.244922,15:53:33,5566.55,5566.55,3
2025-11-07T15:53:45.360539,15:53:45,5618.76,5618.76,3
2025-11-07T15:53:57.510594,15:53:57,5565.15,5565.15,3
2025-11-07T15:54:10.030803,15:54:10,5419.18,5419.18,3
2025-11-07T15:54:22.479565,15:54:22,5395.56,5395.56,3
2025-11-07T15:54:34.868109,15:54:34,5402.95,5402.95,3
2025-11-07T15:54:47.334739,15:54:47,5421.79,5421.79,3
2025-11-07T15:54:59.641261,15:54:59,5405.14,5405.14,3
2025-11-07T15:55:12.287292,15:55:12,5413.66,5413.66,3
2025-11-07T15:55:24.926933,15:55:24,5469.61,5469.61,3
2025-11-07T15:55:37.266280,15:55:37,5568.82,5568.82,3
2025-11-07T15:55:50.014809,15:55:50,5602.6,5602.6,3
2025-11-07T15:56:02.426847,15:56:02,5643.42,5643.42,3
2025-11-07T15:56:15.475123,15:56:15,5623.8,5623.8,3
2025-11-07T15:56:27.928800,15:56:27,5528.03,5528.03,3
2025-11-07T15:56:40.618493,15:56:40,5524.48,5524.48,3
2025-11-07T15:56:53.162168,15:56:53,5528.15,5528.15,3
2025-11-07T15:57:05.979606,15:57:05,5476.68,5476.68,3
2025-11-07T15:57:18.861195,15:57:18,5467.13,5467.13,3
2025-11-07T15:57:31.648494,15:57:31,5532.39,5532.39,3
2025-11-07T15:57:44.020377,15:57:44,5529.86,5529.86,3
2025-11-07T15:57:56.269378,15:57:56,5559.44,5559.44,3
2025-11-07T15:58:08.602493,15:58:08,5576.27,5576.27,3
2025-11-07T15:58:20.907832,15:58:20,5592.93,5592.93,3
2025-11-07T15:58:33.828876,15:58:33,5687.21,5687.21,3
2025-11-07T15:58:46.356707,15:58:46,5621.7,5621.7,3
2025-11-07T15:58:59.194397,15:58:59,5574.7,5574.7,3
2025-11-07T15:59:11.794366,15:59:11,5551.45,5551.45,3
2025-11-07T15:59:24.430786,15:59:24,5545.4,5545.4,3
2025-11-07T15:59:36.788673,15:59:36,5512.4,5512.4,3
2025-11-07T15:59:49.427696,15:59:49,5396.63,5396.63,3
2025-11-07T16:00:02.080493,16:00:02,5365.06,5365.06,3
2025-11-07T16:00:14.871402,16:00:14,5343.67,5343.67,3
2025-11-07T16:00:27.483600,16:00:27,5403.28,5403.28,3
2025-11-07T16:00:40.305140,16:00:40,5470.3,5470.3,3
2025-11-07T16:00:53.019556,16:00:53,5407.23,5407.23,3
2025-11-07T16:01:05.666137,16:01:05,5480.34,5480.34,3
2025-11-07T16:01:18.378952,16:01:18,5461.63,5461.63,3
2025-11-07T16:01:31.341603,16:01:31,5387.58,5387.58,3
2025-11-07T16:01:44.246729,16:01:44,5353.56,5353.56,3
2025-11-07T16:01:56.659370,16:01:56,5347.22,5347.22,3
2025-11-07T16:02:09.295639,16:02:09,5387.54,5387.54,3
2025-11-07T16:02:22.097963,16:02:22,5369.1,5369.1,3
2025-11-07T16:02:35.145435,16:02:35,5369.37,5369.37,3
2025-11-07T16:02:47.912244,16:02:47,5296.81,5296.81,3
2025-11-07T16:03:00.573419,16:03:00,5300.03,5300.03,3
2025-11-07T16:03:13.023753,16:03:13,5295.83,5295.83,3
2025-11-07T16:03:25.231632,16:03:25,5314.69,5314.69,3
2025-11-07T16:03:37.613805,16:03:37,5403.63,5403.63,3
2025-11-07T16:03:50.473028,16:03:50,5435.32,5435.32,3
2025-11-07T16:04:02.834482,16:04:02,5433.74,5433.74,3
2025-11-07T16:04:15.596146,16:04:15,5449.37,5449.37,3
2025-11-07T16:04:28.084891,16:04:28,5439.42,5439.42,3
2025-11-07T16:04:40.690791,16:04:40,5444.91,5444.91,3
2025-11-07T16:04:53.280909,16:04:53,5451.83,5451.83,3
2025-11-07T16:05:05.853365,16:05:05,5452.58,5452.58,3
2025-11-07T16:05:18.685864,16:05:18,5439.65,5439.65,3
2025-11-07T16:05:31.517552,16:05:31,5450.02,5450.02,3
2025-11-07T16:05:45.128521,16:05:45,5446.2,5446.2,3
2025-11-07T16:05:58.322996,16:05:58,5451.45,5451.45,3
2025-11-07T16:06:11.220513,16:06:11,5461.32,5461.32,3
2025-11-07T16:06:23.690721,16:06:23,5551.28,5551.28,3
2025-11-07T16:06:36.374560,16:06:36,5545.63,5545.63,3
2025-11-07T16:06:48.535064,16:06:48,5596.38,5596.38,3
2025-11-07T16:07:01.443048,16:07:01,5606.0,5606.0,3
2025-11-07T16:07:13.868275,16:07:13,5608.84,5608.84,3
2025-11-07T16:07:25.950351,16:07:25,5688.98,5688.98,3
2025-11-07T16:07:38.129363,16:07:38,5692.11,5692.11,3
2025-11-07T16:07:50.599528,16:07:50,5696.49,5696.49,3
2025-11-07T16:08:03.190783,16:08:03,5695.72,5695.72,3
2025-11-07T16:08:15.578651,16:08:15,5681.1,5681.1,3
2025-11-07T16:08:27.715459,16:08:27,5667.03,5667.03,3
2025-11-07T16:08:40.174214,16:08:40,5636.64,5636.64,3
2025-11-07T16:08:52.320814,16:08:52,5613.89,5613.89,3
2025-11-07T16:09:04.565555,16:09:04,5584.9,5584.9,3
2025-11-07T16:09:17.221589,16:09:17,5607.78,5607.78,3
2025-11-07T16:09:29.721759,16:09:29,5571.74,5571.74,3
2025-11-07T16:09:41.951469,16:09:41,5553.2,5553.2,3
2025-11-07T16:09:54.397171,16:09:54,5560.8,5560.8,3
2025-11-07T16:10:06.678256,16:10:06,5627.22,5627.22,3
2025-11-07T16:10:19.161295,16:10:19,5634.99,5634.99,3
2025-11-07T16:10:31.434251,16:10:31,5583.24,5583.24,3
2025-11-07T16:10:43.596765,16:10:43,5528.95,5528.95,3
2025-11-07T16:10:55.762736,16:10:55,5549.05,5549.05,3
2025-11-07T16:11:08.047419,16:11:08,5552.84,5552.84,3
2025-11-07T16:11:20.865302,16:11:20,5542.77,5542.77,3
2025-11-07T16:11:33.206640,16:11:33,5624.42,5624.42,3
2025-11-07T16:11:45.536147,16:11:45,5615.86,5615.86,3
2025-11-07T16:11:57.875033,16:11:57,5609.21,5609.21,3
2025-11-07T16:12:10.210394,16:12:10,5607.16,5607.16,3
2025-11-07T16:12:22.645638,16:12:22,5589.5,5589.5,3
2025-11-07T16:12:35.373860,16:12:35,5598.8,5598.8,3
2025-11-07T16:12:48.067477,16:12:48,5593.43,5593.43,3
2025-11-07T16:13:00.653252,16:13:00,5586.26,5586.26,3
2025-11-07T16:13:13.430542,16:13:13,5590.33,5590.33,3
2025-11-07T16:13:25.977593,16:13:25,5623.51,5623.51,3
2025-11-07T16:13:38.114488,16:13:38,5624.81,5624.81,3
2025-11-07T16:13:50.551975,16:13:50,5641.72,5641.72,3
2025-11-07T16:14:03.172655,16:14:03,5642.68,5642.68,3
2025-11-07T16:14:15.676471,16:14:15,5683.25,5683.25,3
2025-11-07T16:14:28.213843,16:14:28,5762.9,5762.9,3
2025-11-07T16:14:40.486677,16:14:40,5826.29,5826.29,3
2025-11-07T16:14:52.819870,16:14:52,5870.44,5870.44,3
2025-11-07T16:15:05.094173,16:15:05,5831.8,5831.8,3
2025-11-07T16:15:17.436821,16:15:17,5816.54,5816.54,3
2025-11-07T16:15:29.973212,16:15:29,5812.11,5812.11,3
2025-11-07T16:15:42.469807,16:15:42,5676.81,5676.81,3
2025-11-07T16:15:55.185542,16:15:55,5608.13,5608.13,3
2025-11-07T16:16:07.284674,16:16:07,5590.64,5590.64,3
2025-11-07T16:16:19.296354,16:16:19,5547.89,5547.89,3
2025-11-07T16:16:31.866655,16:16:31,5558.93,5558.93,3
2025-11-07T16:16:44.256738,16:16:44,5590.63,5590.63,3
2025-11-07T16:16:56.861432,16:16:56,5594.62,5594.62,3
2025-11-07T16:17:09.305690,16:17:09,5596.57,5596.57,3
2025-11-07T16:17:21.700526,16:17:21,5580.64,5580.64,3
2025-11-07T16:17:33.923675,16:17:33,5562.56,5562.56,3
2025-11-07T16:17:46.516937,16:17:46,5697.16,5697.16,3
2025-11-07T16:17:59.651148,16:17:59,5777.88,5777.88,3
2025-11-07T16:18:12.350473,16:18:12,5691.01,5691.01,3
2025-11-07T16:18:25.252476,16:18:25,5673.44,5673.44,3
2025-11-07T16:18:38.050619,16:18:38,5690.33,5690.33,3
2025-11-07T16:18:50.405245,16:18:50,5623.66,5623.66,3
2025-11-07T16:19:03.025854,16:19:03,5529.52,5529.52,3
2025-11-07T16:19:15.638216,16:19:15,5523.88,5523.88,3
2025-11-07T16:19:28.216248,16:19:28,5566.71,5566.71,3
2025-11-07T16:19:40.803569,16:19:40,5528.87,5528.87,3
2025-11-07T16:19:53.242712,16:19:53,5436.57,5436.57,3
2025-11-07T16:26:37.329780,16:26:37,5446.39,5446.39,3
2025-11-07T16:26:37.434702,16:26:37,5446.39,5446.39,3
2025-11-07T16:26:49.655496,16:26:49,5452.4,5452.4,3
2025-11-07T16:26:50.017076,16:26:50,5452.4,5452.4,3
2025-11-07T16:27:02.297049,16:27:02,5454.94,5454.94,3
2025-11-07T16:27:02.828200,16:27:02,5454.94,5454.94,3
2025-11-07T16:27:14.683587,16:27:14,5381.64,5381.64,3
2025-11-07T16:27:15.423431,16:27:15,5376.6,5376.6,3
2025-11-07T16:27:27.093185,16:27:27,5419.38,5419.38,3
2025-11-07T16:27:28.141042,16:27:28,5422.67,5422.67,3
2025-11-07T16:27:39.620344,16:27:39,5402.36,5402.36,3
2025-11-07T16:27:40.663446,16:27:40,5426.0,5426.0,3
2025-11-07T16:27:51.702153,16:27:51,5466.03,5466.03,3
2025-11-07T16:27:53.051379,16:27:53,5469.47,5469.47,3
2025-11-07T16:28:04.378916,16:28:04,5491.87,5491.87,3
2025-11-07T16:28:05.881932,16:28:05,5500.45,5500.45,3
2025-11-07T16:28:16.778560,16:28:16,5511.87,5511.87,3
2025-11-07T16:28:18.366525,16:28:18,5518.94,5518.94,3
2025-11-07T16:28:29.276452,16:28:29,5553.44,5553.44,3
2025-11-07T16:28:30.735586,16:28:30,5577.44,5577.44,3
2025-11-07T16:28:41.847087,16:28:41,5582.0,5582.0,3
2025-11-07T16:28:43.331917,16:28:43,5586.73,5586.73,3
2025-11-07T16:28:54.195628,16:28:54,5597.74,5597.74,3
2025-11-07T16:28:55.841583,16:28:55,5598.0,5598.0,3
2025-11-07T16:29:06.561074,16:29:06,5610.3,5610.3,3
2025-11-07T16:29:08.382806,16:29:08,5615.8,5615.8,3
2025-11-07T16:29:19.054572,16:29:19,5685.65,5685.65,3
2025-11-07T16:29:21.129851,16:29:21,5686.03,5686.03,3
2025-11-07T16:29:31.177852,16:29:31,5705.63,5705.63,3
2025-11-07T16:29:33.624459,16:29:33,5709.11,5709.11,3
2025-11-07T16:29:43.461312,16:29:43,5676.81,5676.81,3
2025-11-07T16:29:45.798924,16:29:45,5660.66,5660.66,3
2025-11-07T16:29:55.780118,16:29:55,5589.36,5589.36,3
2025-11-07T16:29:58.205883,16:29:58,5589.38,5589.38,3
2025-11-07T16:30:08.445854,16:30:08,5569.28,5569.28,3
2025-11-07T16:30:10.600016,16:30:10,5535.15,5535.15,3
2025-11-07T16:30:20.950051,16:30:20,5562.34,5562.34,3
2025-11-07T16:30:22.846656,16:30:22,5562.55,5562.55,3
2025-11-07T16:30:33.390833,16:30:33,5557.54,5557.54,3
2025-11-07T16:30:35.726279,16:30:35,5550.89,5550.89,3
2025-11-07T16:30:45.698090,16:30:45,5550.46,5550.46,3
2025-11-07T16:30:48.149940,16:30:48,5546.56,5546.56,3
2025-11-07T16:30:58.110126,16:30:58,5548.9,5548.9,3
2025-11-07T16:31:01.005701,16:31:01,5549.42,5549.42,3
2025-11-07T16:31:10.670887,16:31:10,5561.57,5561.57,3
2025-11-07T16:31:13.693336,16:31:13,5563.69,5563.69,3
2025-11-07T16:31:23.133283,16:31:23,5558.69,5558.69,3
2025-11-07T16:31:25.831834,16:31:25,5503.64,5503.64,3
2025-11-07T16:31:35.851694,16:31:35,5440.93,5440.93,3
2025-11-07T16:31:38.551074,16:31:38,5438.29,5438.29,3
2025-11-07T16:31:48.301115,16:31:48,5434.55,5434.55,3
2025-11-07T16:31:51.042363,16:31:51,5437.79,5437.79,3
2025-11-07T16:32:00.802619,16:32:00,5438.66,5438.66,3
2025-11-07T16:32:03.628785,16:32:03,5431.32,5431.32,3
2025-11-07T16:32:13.096044,16:32:13,5434.78,5434.78,3
2025-11-07T16:32:16.215146,16:32:16,5371.78,5371.78,3
2025-11-07T16:32:25.405607,16:32:25,5414.55,5414.55,3
2025-11-07T16:32:29.011608,16:32:29,5433.77,5433.77,3
2025-11-07T16:32:37.832756,16:32:37,5413.57,5413.57,3
2025-11-07T16:32:41.324428,16:32:41,5412.59,5412.59,3
2025-11-07T16:32:50.524126,16:32:50,5380.11,5380.11,3
2025-11-07T16:32:53.872940,16:32:53,5405.56,5405.56,3
2025-11-07T16:33:02.707338,16:33:02,5337.86,5337.86,3
2025-11-07T16:33:06.221994,16:33:06,5340.73,5340.73,3
2025-11-07T16:33:15.328110,16:33:15,5334.44,5334.44,3
2025-11-07T16:33:18.495583,16:33:18,5334.71,5334.71,3
2025-11-07T16:33:27.752297,16:33:27,5321.81,5321.81,3
2025-11-07T16:33:31.233761,16:33:31,5292.96,5292.96,3
2025-11-07T16:33:40.505665,16:33:40,5277.55,5277.55,3
2025-11-07T16:33:43.699359,16:33:43,5276.99,5276.99,3
2025-11-07T16:33:52.887856,16:33:52,5277.27,5277.27,3
2025-11-07T16:33:56.017096,16:33:56,5276.34,5276.34,3
2025-11-07T16:34:05.299148,16:34:05,5057.85,5057.85,3
2025-11-07T16:34:08.369246,16:34:08,4986.13,4986.13,3
2025-11-07T16:34:17.528263,16:34:17,4949.02,4949.02,3
2025-11-07T16:34:20.706483,16:34:20,4948.04,4948.04,3
2025-11-07T16:34:29.784216,16:34:29,4927.92,4927.92,3
2025-11-07T16:34:32.995725,16:34:32,4978.54,4978.54,3
2025-11-07T16:34:42.348458,16:34:42,4943.06,4943.06,3
2025-11-07T16:34:45.505750,16:34:45,4944.25,4944.25,3
2025-11-07T16:34:54.577286,16:34:54,4944.21,4944.21,3
2025-11-07T16:34:57.849668,16:34:57,5024.82,5024.82,3
2025-11-07T16:35:07.084409,16:35:07,4986.11,4986.11,3
2025-11-07T16:35:10.233883,16:35:10,4999.73,4999.73,3
2025-11-07T16:35:19.815734,16:35:19,5009.77,5009.77,3
2025-11-07T16:35:22.501182,16:35:22,5002.23,5002.23,3
2025-11-07T16:35:32.072465,16:35:32,4974.1,4974.1,3
2025-11-07T16:35:35.359055,16:35:35,5008.94,5008.94,3
2025-11-07T16:35:44.294842,16:35:44,4991.06,4991.06,3
2025-11-07T16:35:47.796262,16:35:47,4991.26,4991.26,3
2025-11-07T16:35:56.807218,16:35:56,5004.02,5004.02,3
2025-11-07T16:36:00.428783,16:36:00,5011.17,5011.17,3
2025-11-07T16:36:09.621540,16:36:09,5050.4,5050.4,3
2025-11-07T16:36:12.814336,16:36:12,5011.07,5011.07,3
2025-11-07T16:36:22.129343,16:36:22,5020.81,5020.81,3
2025-11-07T16:36:25.175036,16:36:25,5026.11,5026.11,3
2025-11-07T16:36:34.690747,16:36:34,5041.94,5041.94,3
2025-11-07T16:36:38.086731,16:36:38,5060.92,5060.92,3
2025-11-07T16:36:47.440916,16:36:47,5066.05,5066.05,3
2025-11-07T16:36:50.481900,16:36:50,5065.71,5065.71,3
2025-11-07T16:37:00.077177,16:37:00,5074.05,5074.05,3
2025-11-07T16:37:02.698354,16:37:02,5105.82,5105.82,3
2025-11-07T16:37:12.417203,16:37:12,5055.26,5055.26,3
2025-11-07T16:37:15.039586,16:37:15,5032.58,5032.58,3
2025-11-07T16:37:24.930906,16:37:24,5028.05,5028.05,3
2025-11-07T16:37:27.391657,16:37:27,5014.09,5014.09,3
2025-11-07T16:37:37.531945,16:37:37,4983.41,4983.41,3
2025-11-07T16:37:39.708312,16:37:39,4971.19,4971.19,3
2025-11-07T16:37:49.769260,16:37:49,4948.0,4948.0,3
2025-11-07T16:37:52.302012,16:37:52,4945.29,4945.29,3
2025-11-07T16:38:02.457107,16:38:02,4924.18,4924.18,3
2025-11-07T16:38:04.591196,16:38:04,4902.55,4902.55,3
2025-11-07T16:38:15.150079,16:38:15,4904.42,4904.42,3
2025-11-07T16:38:16.841372,16:38:16,4892.14,4892.14,3
2025-11-07T16:38:27.540861,16:38:27,4756.46,4756.46,3
2025-11-07T16:38:29.156321,16:38:29,4749.48,4749.48,3
2025-11-07T16:38:39.993588,16:38:39,4838.25,4838.25,3
2025-11-07T16:38:41.461621,16:38:41,4865.21,4865.21,3
2025-11-07T16:38:52.638434,16:38:52,4820.2,4820.2,3
2025-11-07T16:38:53.767703,16:38:53,4779.31,4779.31,3
2025-11-07T16:39:04.970735,16:39:04,4790.23,4790.23,3
2025-11-07T16:39:05.994955,16:39:05,4804.49,4804.49,3
2025-11-07T16:39:17.169328,16:39:17,4773.14,4773.14,3
2025-11-07T16:39:18.099506,16:39:18,4766.97,4766.97,3
2025-11-07T16:39:29.991964,16:39:29,4858.24,4858.24,3
2025-11-07T16:39:30.569383,16:39:30,4857.91,4857.91,3
2025-11-07T16:39:42.674445,16:39:42,4750.16,4750.16,3
2025-11-07T16:39:43.033302,16:39:43,4750.61,4750.61,3
2025-11-07T16:39:55.161050,16:39:55,4690.09,4690.09,3
2025-11-07T16:39:55.611348,16:39:55,4684.54,4684.54,3
2025-11-07T16:40:07.342696,16:40:07,4762.36,4762.36,3
2025-11-07T16:40:08.536039,16:40:08,4757.02,4757.02,3
2025-11-07T16:40:19.617224,16:40:19,4786.98,4786.98,3
2025-11-07T16:40:21.039363,16:40:21,4781.36,4781.36,3
2025-11-07T16:40:32.346156,16:40:32,4779.43,4779.43,3
2025-11-07T16:40:33.615208,16:40:33,4778.81,4778.81,3
2025-11-07T16:40:44.648249,16:40:44,4649.14,4649.14,3
2025-11-07T16:40:46.099501,16:40:46,4660.87,4660.87,3
2025-11-07T16:40:57.527003,16:40:57,4717.61,4717.61,3
2025-11-07T16:40:58.363109,16:40:58,4720.14,4720.14,3
2025-11-07T16:41:10.384599,16:41:10,4729.72,4729.72,3
2025-11-07T16:41:10.995677,16:41:10,4723.93,4723.93,3
2025-11-07T16:41:22.954073,16:41:22,4700.73,4700.73,3
2025-11-07T16:41:23.598407,16:41:23,4700.06,4700.06,3
2025-11-07T16:41:35.567906,16:41:35,4684.19,4684.19,3
2025-11-07T16:41:36.090253,16:41:36,4681.89,4681.89,3
2025-11-07T16:41:48.320206,16:41:48,4654.73,4654.73,3
2025-11-07T16:41:49.087602,16:41:49,4679.26,4679.26,3
2025-11-07T16:42:00.893576,16:42:00,4736.74,4736.74,3
2025-11-07T16:42:01.560367,16:42:01,4728.11,4728.11,3
2025-11-07T16:42:13.425761,16:42:13,4661.35,4661.35,3
2025-11-07T16:42:14.075837,16:42:14,4656.28,4656.28,3
2025-11-07T16:42:26.241787,16:42:26,4623.21,4623.21,3
2025-11-07T16:42:26.320796,16:42:26,4617.59,4617.59,3
2025-11-07T16:42:38.409586,16:42:38,4587.71,4587.71,3
2025-11-07T16:42:38.894778,16:42:38,4585.41,4585.41,3
2025-11-07T16:42:50.840037,16:42:50,4598.79,4598.79,3
2025-11-07T16:42:51.686983,16:42:51,4597.33,4597.33,3
2025-11-07T16:43:03.275800,16:43:03,4319.37,4319.37,3
2025-11-07T16:43:04.060041,16:43:04,4300.56,4300.56,3
2025-11-07T16:43:16.136643,16:43:16,4271.97,4271.97,3
2025-11-07T16:43:16.546825,16:43:16,4289.58,4289.58,3
2025-11-07T16:43:28.709984,16:43:28,4263.34,4263.34,3
2025-11-07T16:43:29.087308,16:43:29,4241.57,4241.57,3
2025-11-07T16:43:41.327250,16:43:41,4169.72,4169.72,3
2025-11-07T16:43:42.227649,16:43:42,4168.8,4168.8,3
2025-11-07T16:43:53.894317,16:43:53,4319.51,4319.51,3
2025-11-07T16:43:54.860018,16:43:54,4320.22,4320.22,3
2025-11-07T16:44:06.858926,16:44:06,4278.59,4278.59,3
2025-11-07T16:44:07.114910,16:44:07,4278.34,4278.34,3
2025-11-07T16:44:19.277193,16:44:19,4192.71,4192.71,3
2025-11-07T16:44:19.763593,16:44:19,4192.71,4192.71,3
2025-11-07T16:44:31.748963,16:44:31,4277.38,4277.38,3
2025-11-07T16:44:32.542270,16:44:32,4249.16,4249.16,3
2025-11-07T16:44:44.582003,16:44:44,4235.89,4235.89,3
2025-11-07T16:44:45.183944,16:44:45,4235.13,4235.13,3
2025-11-07T16:44:57.276364,16:44:57,4098.61,4098.61,3
2025-11-07T16:44:58.021884,16:44:58,4095.13,4095.13,3
2025-11-07T16:45:10.106616,16:45:10,3904.46,3904.46,3
2025-11-07T16:45:10.727894,16:45:10,3920.82,3920.82,3
2025-11-07T16:45:22.531464,16:45:22,3786.16,3786.16,3
2025-11-07T16:45:23.236187,16:45:23,3780.67,3780.67,3
2025-11-07T16:45:35.248970,16:45:35,3820.25,3820.25,3
2025-11-07T16:45:36.249849,16:45:36,3803.39,3803.39,3
2025-11-07T16:45:47.518097,16:45:47,4039.95,4039.95,3
2025-11-07T16:45:48.541407,16:45:48,4035.03,4035.03,3
2025-11-07T16:46:00.407146,16:46:00,3692.7,3692.7,3
2025-11-07T16:46:01.079538,16:46:01,3695.18,3695.18,3
2025-11-07T16:46:12.797332,16:46:12,3851.5,3851.5,3
2025-11-07T16:46:13.734539,16:46:13,3928.21,3928.21,3
2025-11-07T16:46:25.716178,16:46:25,3694.91,3694.91,3
2025-11-07T16:46:26.058881,16:46:26,3773.12,3773.12,3
2025-11-07T16:46:38.590138,16:46:38,3931.01,3931.01,3
2025-11-07T16:46:38.781715,16:46:38,3932.91,3932.91,3
2025-11-07T16:46:51.802338,16:46:51,3897.35,3897.35,3
2025-11-07T16:46:52.169178,16:46:52,3890.39,3890.39,3
2025-11-07T16:47:04.233782,16:47:04,3881.49,3881.49,3
2025-11-07T16:47:04.699060,16:47:04,3892.73,3892.73,3
2025-11-07T16:47:16.604450,16:47:16,4144.25,4144.25,3
2025-11-07T16:47:17.243396,16:47:17,4141.41,4141.41,3
2025-11-07T16:47:28.976618,16:47:28,4094.07,4094.07,3
2025-11-07T16:47:29.347359,16:47:29,4123.19,4123.19,3
2025-11-07T16:47:41.398048,16:47:41,4293.19,4293.19,3
2025-11-07T16:47:41.824134,16:47:41,4284.95,4284.95,3
2025-11-07T16:47:54.212319,16:47:54,4262.79,4262.79,3
2025-11-07T16:47:54.235723,16:47:54,4265.85,4265.85,3
2025-11-07T16:48:06.746599,16:48:06,4357.29,4357.29,3
2025-11-07T16:48:06.768154,16:48:06,4357.54,4357.54,3
2025-11-07T16:48:18.735863,16:48:18,4389.3,4389.3,3
2025-11-07T16:48:19.709457,16:48:19,4389.31,4389.31,3
2025-11-07T16:48:31.389301,16:48:31,4248.11,4248.11,3
2025-11-07T16:48:32.240857,16:48:32,4226.32,4226.32,3
2025-11-07T16:48:44.281819,16:48:44,4092.22,4092.22,3
2025-11-07T16:48:44.439277,16:48:44,4057.27,4057.27,3
2025-11-07T16:48:57.032135,16:48:57,4010.25,4010.25,3
2025-11-07T16:48:57.236351,16:48:57,4001.23,4001.23,3
2025-11-07T16:49:09.619311,16:49:09,3875.83,3875.83,3
2025-11-07T16:49:10.195293,16:49:10,3873.08,3873.08,3
2025-11-07T16:49:22.193145,16:49:22,4029.61,4029.61,3
2025-11-07T16:49:22.888251,16:49:22,4025.58,4025.58,3
2025-11-07T16:49:34.376636,16:49:34,4081.57,4081.57,3
2025-11-07T16:49:35.927232,16:49:35,4088.92,4088.92,3
2025-11-07T16:49:46.598711,16:49:46,4138.06,4138.06,3
2025-11-07T16:49:48.424959,16:49:48,4040.68,4040.68,3
2025-11-07T16:49:58.787364,16:49:58,3929.34,3929.34,3
2025-11-07T16:50:00.654480,16:50:00,3934.68,3934.68,3
2025-11-07T16:50:11.320259,16:50:11,3768.87,3768.87,3
2025-11-07T16:50:13.413156,16:50:13,3822.7,3822.7,3
2025-11-07T16:50:24.087889,16:50:24,3738.17,3738.17,3
2025-11-07T16:50:26.251930,16:50:26,3725.09,3725.09,3
2025-11-07T16:50:36.376354,16:50:36,3740.39,3740.39,3
2025-11-07T16:50:38.498782,16:50:38,3733.0,3733.0,3
2025-11-07T16:50:48.930266,16:50:48,3713.81,3713.81,3
2025-11-07T16:50:50.883281,16:50:50,3713.82,3713.82,3
2025-11-07T16:51:01.359994,16:51:01,3858.66,3858.66,3
2025-11-07T16:51:02.840807,16:51:02,3837.6,3837.6,3
2025-11-07T16:51:14.232195,16:51:14,3999.42,3999.42,3
2025-11-07T16:51:15.751884,16:51:15,3999.69,3999.69,3
2025-11-07T16:51:26.751695,16:51:26,3997.3,3997.3,3
2025-11-07T16:51:28.120015,16:51:28,4080.99,4080.99,3
2025-11-07T16:51:39.083238,16:51:39,4124.63,4124.63,3
2025-11-07T16:51:40.891420,16:51:40,4073.27,4073.27,3
2025-11-07T16:51:51.313187,16:51:51,4130.91,4130.91,3
2025-11-07T16:51:53.588670,16:51:53,4123.53,4123.53,3
2025-11-07T16:52:03.684085,16:52:03,4039.58,4039.58,3
2025-11-07T16:52:06.227646,16:52:06,4028.35,4028.35,3
2025-11-07T16:52:15.888188,16:52:15,3835.23,3835.23,3
2025-11-07T16:52:18.532065,16:52:18,3827.48,3827.48,3
2025-11-07T16:52:28.222709,16:52:28,3768.73,3768.73,3
2025-11-07T16:52:30.730862,16:52:30,3761.78,3761.78,3
2025-11-07T16:52:41.323275,16:52:41,3736.99,3736.99,3
2025-11-07T16:52:43.250242,16:52:43,3736.7,3736.7,3
2025-11-07T16:52:54.521288,16:52:54,3734.85,3734.85,3
2025-11-07T16:52:55.784456,16:52:55,3733.57,3733.57,3
2025-11-07T16:53:07.292612,16:53:07,3717.24,3717.24,3
2025-11-07T16:53:08.471923,16:53:08,3716.05,3716.05,3
2025-11-07T16:53:19.692499,16:53:19,3733.73,3733.73,3
2025-11-07T16:53:21.020042,16:53:21,3671.68,3671.68,3
2025-11-07T16:53:32.582500,16:53:32,3739.89,3739.89,3
2025-11-07T16:53:34.035011,16:53:34,3738.7,3738.7,3
2025-11-07T16:53:45.287648,16:53:45,3755.38,3755.38,3
2025-11-07T16:53:46.561809,16:53:46,3761.04,3761.04,3
2025-11-07T16:53:57.507591,16:53:57,3758.34,3758.34,3
2025-11-07T16:53:58.891026,16:53:58,3758.82,3758.82,3
2025-11-07T16:54:10.496036,16:54:10,3770.41,3770.41,3
2025-11-07T16:54:11.633809,16:54:11,3775.18,3775.18,3
2025-11-07T16:54:23.125361,16:54:23,3753.21,3753.21,3
2025-11-07T16:54:24.297636,16:54:24,3748.67,3748.67,3
2025-11-07T16:54:35.632080,16:54:35,3753.01,3753.01,3
2025-11-07T16:54:36.528348,16:54:36,3743.19,3743.19,3
2025-11-07T16:54:48.630457,16:54:48,3758.37,3758.37,3
2025-11-07T16:54:49.135383,16:54:49,3758.16,3758.16,3
2025-11-07T16:55:01.333529,16:55:01,3762.04,3762.04,3
2025-11-07T16:55:01.737181,16:55:01,3762.04,3762.04,3
2025-11-07T16:55:14.028571,16:55:14,3762.62,3762.62,3
2025-11-07T16:55:14.727294,16:55:14,3762.88,3762.88,3
2025-11-07T16:55:26.558309,16:55:26,3793.84,3793.84,3
2025-11-07T16:55:27.450865,16:55:27,3795.98,3795.98,3
2025-11-07T16:55:39.272108,16:55:39,3754.47,3754.47,3
2025-11-07T16:55:40.036971,16:55:40,3758.77,3758.77,3
2025-11-07T16:55:51.825398,16:55:51,3743.79,3743.79,3
2025-11-07T16:55:52.373647,16:55:52,3743.31,3743.31,3
2025-11-07T16:56:04.096665,16:56:04,3561.06,3561.06,3
2025-11-07T16:56:05.248174,16:56:05,3559.6,3559.6,3
2025-11-07T16:56:16.609070,16:56:16,3679.45,3679.45,3
2025-11-07T16:56:17.659255,16:56:17,3662.88,3662.88,3
2025-11-07T16:56:29.514419,16:56:29,3664.42,3664.42,3
2025-11-07T16:56:30.198392,16:56:30,3675.65,3675.65,3
2025-11-07T16:56:42.242598,16:56:42,3670.04,3670.04,3
2025-11-07T16:56:43.227777,16:56:43,3649.79,3649.79,3
2025-11-07T16:56:54.818195,16:56:54,3406.2,3406.2,3
2025-11-07T16:56:56.107404,16:56:56,3356.01,3356.01,3
2025-11-07T16:57:07.463599,16:57:07,3435.22,3435.22,3
2025-11-07T16:57:09.084647,16:57:09,3386.8,3386.8,3
2025-11-07T16:57:19.734701,16:57:19,3204.69,3204.69,3
2025-11-07T16:57:21.686397,16:57:21,3228.62,3228.62,3
2025-11-07T16:57:32.711219,16:57:32,3436.56,3436.56,3
2025-11-07T16:57:34.161448,16:57:34,3461.74,3461.74,3
2025-11-07T16:57:45.166736,16:57:45,3470.5,3470.5,3
2025-11-07T16:57:47.056381,16:57:47,3447.28,3447.28,3
2025-11-07T16:57:57.823951,16:57:57,3218.94,3218.94,3
2025-11-07T16:57:59.691863,16:57:59,3275.3,3275.3,3
2025-11-07T16:58:10.556340,16:58:10,3286.05,3286.05,3
2025-11-07T16:58:12.305731,16:58:12,3348.37,3348.37,3
2025-11-07T16:58:23.440677,16:58:23,3510.78,3510.78,3
2025-11-07T16:58:24.665138,16:58:24,3507.02,3507.02,3
2025-11-07T16:58:36.537224,16:58:36,3599.55,3599.55,3
2025-11-07T16:58:37.329033,16:58:37,3631.61,3631.61,3
2025-11-07T16:58:49.304419,16:58:49,3650.43,3650.43,3
2025-11-07T16:58:50.036972,16:58:50,3672.5,3672.5,3
2025-11-07T16:59:01.830157,16:59:01,4008.73,4008.73,3
2025-11-07T16:59:02.217688,16:59:02,3999.24,3999.24,3
2025-11-07T16:59:14.065110,16:59:14,3828.5,3828.5,3
2025-11-07T16:59:15.125038,16:59:15,3823.94,3823.94,3
2025-11-07T16:59:26.518135,16:59:26,3941.44,3941.44,3
2025-11-07T16:59:27.956175,16:59:27,3909.91,3909.91,3
2025-11-07T16:59:39.171948,16:59:39,3896.47,3896.47,3
2025-11-07T16:59:40.252862,16:59:40,3902.07,3902.07,3
2025-11-07T16:59:51.403963,16:59:51,3701.56,3701.56,3
2025-11-07T16:59:53.058115,16:59:53,3583.1,3583.1,3
2025-11-07T17:00:03.749292,17:00:03,3463.71,3463.71,3
2025-11-07T17:00:05.475284,17:00:05,3394.13,3394.13,3
2025-11-07T17:00:16.358322,17:00:16,3433.23,3433.23,3
2025-11-07T17:00:17.945440,17:00:17,3481.75,3481.75,3
2025-11-07T17:00:28.495415,17:00:28,3567.05,3567.05,3
2025-11-07T17:00:30.506985,17:00:30,3574.83,3574.83,3
2025-11-07T17:00:41.088926,17:00:41,3639.94,3639.94,3
2025-11-07T17:00:42.643143,17:00:42,3663.72,3663.72,3
2025-11-07T17:00:53.685007,17:00:53,3937.64,3937.64,3
2025-11-07T17:00:55.571186,17:00:55,3952.2,3952.2,3
2025-11-07T17:01:06.246844,17:01:06,3862.74,3862.74,3
2025-11-07T17:01:07.813739,17:01:07,3838.16,3838.16,3
2025-11-07T17:01:18.785105,17:01:18,3790.76,3790.76,3
2025-11-07T17:01:20.257289,17:01:20,3801.15,3801.15,3
2025-11-07T17:01:31.587116,17:01:31,3721.02,3721.02,3
2025-11-07T17:01:32.931552,17:01:32,3718.58,3718.58,3
2025-11-07T17:01:44.502173,17:01:44,3632.4,3632.4,3
2025-11-07T17:01:45.754839,17:01:45,3630.3,3630.3,3
2025-11-07T17:01:57.348325,17:01:57,3677.17,3677.17,3
2025-11-07T17:01:58.604788,17:01:58,3660.89,3660.89,3
2025-11-07T17:02:10.098292,17:02:10,3795.95,3795.95,3
2025-11-07T17:02:11.567527,17:02:11,3822.83,3822.83,3
2025-11-07T17:02:22.887966,17:02:22,3755.52,3755.52,3
2025-11-07T17:02:23.999102,17:02:23,3743.5,3743.5,3
2025-11-07T17:02:35.373336,17:02:35,3708.03,3708.03,3
2025-11-07T17:02:36.685169,17:02:36,3651.47,3651.47,3
2025-11-07T17:02:48.211061,17:02:48,3642.83,3642.83,3
2025-11-07T17:02:49.149368,17:02:49,3651.01,3651.01,3
2025-11-07T17:03:00.818002,17:03:00,3537.06,3537.06,3
2025-11-07T17:03:01.503017,17:03:01,3529.24,3529.24,3
2025-11-07T17:03:13.461442,17:03:13,3720.21,3720.21,3
2025-11-07T17:03:14.643744,17:03:14,3789.95,3789.95,3
2025-11-07T17:03:26.459328,17:03:26,3777.45,3777.45,3
2025-11-07T17:03:27.423468,17:03:27,3782.74,3782.74,3
2025-11-07T17:03:39.123171,17:03:39,3800.0,3800.0,3
2025-11-07T17:03:40.550181,17:03:40,3799.53,3799.53,3
2025-11-07T17:03:52.204460,17:03:52,3662.42,3662.42,3
2025-11-07T17:03:53.310354,17:03:53,3661.17,3661.17,3
2025-11-07T17:04:05.147031,17:04:05,3652.43,3652.43,3
2025-11-07T17:04:05.610275,17:04:05,3650.0,3650.0,3
2025-11-07T17:04:17.691798,17:04:17,3705.72,3705.72,3
2025-11-07T17:04:18.334469,17:04:18,3708.14,3708.14,3
2025-11-07T17:04:30.512475,17:04:30,3741.02,3741.02,3
2025-11-07T17:04:31.208158,17:04:31,3738.02,3738.02,3
2025-11-07T17:04:43.091118,17:04:43,3775.19,3775.19,3
2025-11-07T17:04:44.226042,17:04:44,3768.25,3768.25,3
2025-11-07T17:04:55.719339,17:04:55,3797.93,3797.93,3
2025-11-07T17:04:57.454225,17:04:57,3802.29,3802.29,3
2025-11-07T17:05:08.415885,17:05:08,3926.17,3926.17,3
2025-11-07T17:05:09.657299,17:05:09,3886.6,3886.6,3
2025-11-07T17:05:21.273933,17:05:21,3938.45,3938.45,3
2025-11-07T17:05:22.346081,17:05:22,3955.67,3955.67,3
2025-11-07T17:05:33.997266,17:05:33,4004.69,4004.69,3
2025-11-07T17:05:34.952249,17:05:34,4005.11,4005.11,3
2025-11-07T17:05:46.652014,17:05:46,3828.92,3828.92,3
2025-11-07T17:05:48.238195,17:05:48,3848.8,3848.8,3
2025-11-07T17:05:59.277670,17:05:59,3835.17,3835.17,3
2025-11-07T17:06:00.897305,17:06:00,3813.72,3813.72,3
2025-11-07T17:06:11.567197,17:06:11,3798.82,3798.82,3
2025-11-07T17:06:13.392398,17:06:13,3808.79,3808.79,3
2025-11-07T17:06:23.623827,17:06:23,3789.14,3789.14,3
2025-11-07T17:06:25.916216,17:06:25,3715.51,3715.51,3
2025-11-07T17:06:36.118586,17:06:36,3785.73,3785.73,3
2025-11-07T17:06:38.736577,17:06:38,3744.17,3744.17,3
2025-11-07T17:06:48.111584,17:06:48,3708.32,3708.32,3
2025-11-07T17:06:51.397218,17:06:51,3692.35,3692.35,3
2025-11-07T17:07:00.204084,17:07:00,3639.3,3639.3,3
2025-11-07T17:07:03.794787,17:07:03,3649.02,3649.02,3
2025-11-07T17:07:12.610902,17:07:12,3666.86,3666.86,3
2025-11-07T17:07:16.418861,17:07:16,3670.07,3670.07,3
2025-11-07T17:07:24.721804,17:07:24,3791.86,3791.86,3
2025-11-07T17:07:28.640572,17:07:28,3771.92,3771.92,3
2025-11-07T17:07:37.455648,17:07:37,3885.5,3885.5,3
2025-11-07T17:07:40.714279,17:07:40,3799.4,3799.4,3
2025-11-07T17:07:49.971412,17:07:49,3768.44,3768.44,3
2025-11-07T17:07:53.232986,17:07:53,3737.78,3737.78,3
2025-11-07T17:08:02.635465,17:08:02,3643.18,3643.18,3
2025-11-07T17:08:05.387838,17:08:05,3605.15,3605.15,3
2025-11-07T17:08:15.138868,17:08:15,3718.97,3718.97,3
2025-11-07T17:08:17.317818,17:08:17,3697.59,3697.59,3
2025-11-07T17:08:27.609225,17:08:27,3778.19,3778.19,3
2025-11-07T17:08:29.938684,17:08:29,3821.03,3821.03,3
2025-11-07T17:08:40.263002,17:08:40,3749.27,3749.27,3
2025-11-07T17:08:42.139805,17:08:42,3796.97,3796.97,3
2025-11-07T17:08:52.669949,17:08:52,3722.25,3722.25,3
2025-11-07T17:08:54.913100,17:08:54,3769.99,3769.99,3
2025-11-07T17:09:05.411371,17:09:05,3779.46,3779.46,3
2025-11-07T17:09:07.336954,17:09:07,3844.92,3844.92,3
2025-11-07T17:09:17.969520,17:09:17,3873.85,3873.85,3
2025-11-07T17:09:19.921264,17:09:19,3849.04,3849.04,3
2025-11-07T17:09:30.537067,17:09:30,3841.66,3841.66,3
2025-11-07T17:09:32.142823,17:09:32,3854.62,3854.62,3
2025-11-07T17:09:42.961257,17:09:42,3807.93,3807.93,3
2025-11-07T17:09:44.579052,17:09:44,3769.74,3769.74,3
2025-11-07T17:09:55.525989,17:09:55,3826.45,3826.45,3
2025-11-07T17:09:57.213706,17:09:57,3861.56,3861.56,3
2025-11-07T17:10:08.028860,17:10:08,3923.03,3923.03,3
2025-11-07T17:10:09.829538,17:10:09,3923.35,3923.35,3
2025-11-07T17:10:20.470057,17:10:20,4140.37,4140.37,3
2025-11-07T17:10:22.440427,17:10:22,4103.43,4103.43,3
2025-11-07T17:10:32.994834,17:10:32,4111.59,4111.59,3
2025-11-07T17:10:35.094066,17:10:35,4110.81,4110.81,3
2025-11-07T17:10:45.457685,17:10:45,4183.5,4183.5,3
2025-11-07T17:10:47.537954,17:10:47,4189.04,4189.04,3
2025-11-07T17:10:58.247945,17:10:58,4186.4,4186.4,3
2025-11-07T17:11:00.192262,17:11:00,4171.64,4171.64,3
2025-11-07T17:11:10.593754,17:11:10,4209.86,4209.86,3
2025-11-07T17:11:12.745711,17:11:12,4154.64,4154.64,3
2025-11-07T17:11:23.462606,17:11:23,4080.06,4080.06,3
2025-11-07T17:11:24.828526,17:11:24,4073.43,4073.43,3
2025-11-07T17:11:35.873428,17:11:35,4023.22,4023.22,3
2025-11-07T17:11:37.719058,17:11:37,4022.36,4022.36,3
2025-11-07T17:11:48.390296,17:11:48,3917.71,3917.71,3
2025-11-07T17:11:50.015984,17:11:50,3843.08,3843.08,3
2025-11-07T17:12:00.847971,17:12:00,3963.5,3963.5,3
2025-11-07T17:12:02.855284,17:12:02,3990.36,3990.36,3
2025-11-07T17:12:13.326838,17:12:13,4079.49,4079.49,3
2025-11-07T17:12:15.016501,17:12:15,4062.1,4062.1,3
2025-11-07T17:12:25.560896,17:12:25,4111.9,4111.9,3
2025-11-07T17:12:27.341553,17:12:27,4111.14,4111.14,3
2025-11-07T17:12:38.329582,17:12:38,4111.45,4111.45,3
2025-11-07T17:12:40.113252,17:12:40,4115.95,4115.95,3
2025-11-07T17:12:50.946398,17:12:50,4174.16,4174.16,3
2025-11-07T17:12:52.674454,17:12:52,4173.86,4173.86,3
2025-11-07T17:13:03.596286,17:13:03,4288.33,4288.33,3
2025-11-07T17:13:05.080164,17:13:05,4211.48,4211.48,3
2025-11-07T17:13:16.394443,17:13:16,4227.83,4227.83,3
2025-11-07T17:13:17.194863,17:13:17,4219.28,4219.28,3
2025-11-07T17:13:28.515515,17:13:28,4137.95,4137.95,3
2025-11-07T17:13:29.560569,17:13:29,4127.53,4127.53,3
2025-11-07T17:13:41.132158,17:13:41,4097.2,4097.2,3
2025-11-07T17:13:41.932151,17:13:41,4092.23,4092.23,3
2025-11-07T17:13:53.712887,17:13:53,4086.48,4086.48,3
2025-11-07T17:13:54.646383,17:13:54,4102.64,4102.64,3
2025-11-07T17:14:06.461716,17:14:06,4074.62,4074.62,3
2025-11-07T17:14:07.098741,17:14:07,4072.5,4072.5,3
2025-11-07T17:14:18.920516,17:14:18,3989.02,3989.02,3
2025-11-07T17:14:19.956840,17:14:19,3982.64,3982.64,3
2025-11-07T17:14:31.210735,17:14:31,3955.67,3955.67,3
2025-11-07T17:14:32.908291,17:14:32,3948.5,3948.5,3
2025-11-07T17:14:43.662374,17:14:43,3934.16,3934.16,3
2025-11-07T17:14:45.220055,17:14:45,3936.76,3936.76,3
2025-11-07T17:14:56.589504,17:14:56,3976.98,3976.98,3
2025-11-07T17:14:57.409435,17:14:57,3966.9,3966.9,3
2025-11-07T17:15:09.349652,17:15:09,4103.73,4103.73,3
2025-11-07T17:15:10.205317,17:15:10,4104.79,4104.79,3
2025-11-07T17:15:21.651987,17:15:21,4160.24,4160.24,3
2025-11-07T17:15:23.431361,17:15:23,4161.1,4161.1,3
2025-11-07T17:15:34.403893,17:15:34,4251.03,4251.03,3
2025-11-07T17:15:35.757592,17:15:35,4217.55,4217.55,3
2025-11-07T17:15:47.422413,17:15:47,4125.11,4125.11,3
2025-11-07T17:15:48.883812,17:15:48,4117.13,4117.13,3
2025-11-07T17:16:00.271134,17:16:00,4170.84,4170.84,3
2025-11-07T17:16:01.723822,17:16:01,4176.2,4176.2,3
2025-11-07T17:16:12.298654,17:16:12,4195.16,4195.16,3
2025-11-07T17:16:14.459422,17:16:14,4192.7,4192.7,3
2025-11-07T17:16:24.806840,17:16:24,4127.06,4127.06,3
2025-11-07T17:16:26.723354,17:16:26,4127.51,4127.51,3
2025-11-07T17:16:37.547889,17:16:37,4161.22,4161.22,3
2025-11-07T17:16:39.040469,17:16:39,4155.2,4155.2,3
2025-11-07T17:16:50.355936,17:16:50,4073.36,4073.36,3
2025-11-07T17:16:52.003644,17:16:52,4073.39,4073.39,3
2025-11-07T17:17:03.438750,17:17:03,3906.95,3906.95,3
2025-11-07T17:17:04.846751,17:17:04,3921.27,3921.27,3
2025-11-07T17:17:15.837115,17:17:15,3876.75,3876.75,3
2025-11-07T17:17:17.422111,17:17:17,3951.0,3951.0,3
2025-11-07T17:17:28.297927,17:17:28,3997.04,3997.04,3
2025-11-07T17:17:29.860990,17:17:29,4083.97,4083.97,3
2025-11-07T17:17:40.886995,17:17:40,3987.95,3987.95,3
2025-11-07T17:17:42.076640,17:17:42,3987.96,3987.96,3
2025-11-07T17:17:53.581662,17:17:53,3946.95,3946.95,3
2025-11-07T17:17:54.587674,17:17:54,3948.0,3948.0,3
2025-11-07T17:18:06.306592,17:18:06,3920.36,3920.36,3
2025-11-07T17:18:07.689510,17:18:07,3916.66,3916.66,3
2025-11-07T17:18:18.880197,17:18:18,3854.9,3854.9,3
2025-11-07T17:18:20.599997,17:18:20,3882.77,3882.77,3
2025-11-07T17:18:31.560038,17:18:31,3869.8,3869.8,3
2025-11-07T17:18:33.204071,17:18:33,3899.07,3899.07,3
2025-11-07T17:18:44.432652,17:18:44,3920.68,3920.68,3
2025-11-07T17:18:46.066731,17:18:46,3920.29,3920.29,3
2025-11-07T17:18:56.741814,17:18:56,4059.81,4059.81,3
2025-11-07T17:18:58.970785,17:18:58,4080.84,4080.84,3
2025-11-07T17:19:08.864009,17:19:08,4138.67,4138.67,3
2025-11-07T17:19:11.072555,17:19:11,4181.73,4181.73,3
2025-11-07T17:19:21.506761,17:19:21,4044.72,4044.72,3
2025-11-07T17:19:23.671133,17:19:23,4072.2,4072.2,3
2025-11-07T17:19:33.935271,17:19:33,4129.24,4129.24,3
2025-11-07T17:19:36.110363,17:19:36,4154.33,4154.33,3
2025-11-07T17:19:46.800922,17:19:46,4117.15,4117.15,3
2025-11-07T17:19:49.045218,17:19:49,4111.47,4111.47,3
2025-11-07T17:19:59.421896,17:19:59,4208.64,4208.64,3
2025-11-07T17:20:01.887953,17:20:01,4205.87,4205.87,3
2025-11-07T17:20:12.355124,17:20:12,4196.65,4196.65,3
2025-11-07T17:20:14.067612,17:20:14,4200.17,4200.17,3
2025-11-07T17:20:24.604364,17:20:24,4256.34,4256.34,3
2025-11-07T17:20:27.018919,17:20:27,4288.5,4288.5,3
2025-11-07T17:20:37.382589,17:20:37,4431.35,4431.35,3
2025-11-07T17:20:39.108018,17:20:39,4537.22,4537.22,3
2025-11-07T17:20:49.642071,17:20:49,4533.6,4533.6,3
2025-11-07T17:20:51.501010,17:20:51,4614.79,4614.79,3
2025-11-07T17:21:02.657876,17:21:02,4587.24,4587.24,3
2025-11-07T17:21:03.989241,17:21:03,4601.66,4601.66,3
2025-11-07T17:21:15.219427,17:21:15,4527.07,4527.07,3
2025-11-07T17:21:16.569574,17:21:16,4526.59,4526.59,3
2025-11-07T17:21:27.777799,17:21:27,4618.21,4618.21,3
2025-11-07T17:21:28.963574,17:21:28,4611.03,4611.03,3
2025-11-07T17:21:40.416331,17:21:40,4673.54,4673.54,3
2025-11-07T17:21:41.842656,17:21:41,4688.43,4688.43,3
2025-11-07T17:21:52.880072,17:21:52,4699.28,4699.28,3
2025-11-07T17:21:54.283679,17:21:54,4711.38,4711.38,3
2025-11-07T17:22:05.206759,17:22:05,4850.17,4850.17,3
2025-11-07T17:22:06.807846,17:22:06,4865.98,4865.98,3
2025-11-07T17:22:17.196615,17:22:17,4999.9,4999.9,3
2025-11-07T17:22:19.302607,17:22:19,4950.7,4950.7,3
2025-11-07T17:22:29.511736,17:22:29,4838.72,4838.72,3
2025-11-07T17:22:31.932937,17:22:31,4831.17,4831.17,3
2025-11-07T17:22:42.193446,17:22:42,4968.37,4968.37,3
2025-11-07T17:22:44.208090,17:22:44,4945.68,4945.68,3
2025-11-07T17:22:54.742394,17:22:54,4950.55,4950.55,3
2025-11-07T17:22:56.606718,17:22:56,4921.32,4921.32,3
2025-11-07T17:23:07.315831,17:23:07,4779.48,4779.48,3
2025-11-07T17:23:08.612000,17:23:08,4808.66,4808.66,3
2025-11-07T17:23:19.511950,17:23:19,4758.41,4758.41,3
2025-11-07T17:23:21.071468,17:23:21,4728.14,4728.14,3
2025-11-07T17:23:31.838695,17:23:31,4651.68,4651.68,3
2025-11-07T17:23:33.202143,17:23:33,4672.22,4672.22,3
2025-11-07T17:23:43.944616,17:23:43,4635.5,4635.5,3
2025-11-07T17:23:45.296859,17:23:45,4607.07,4607.07,3
2025-11-07T17:23:56.301250,17:23:56,4651.52,4651.52,3
2025-11-07T17:23:58.212250,17:23:58,4643.28,4643.28,3
2025-11-07T17:24:08.427033,17:24:08,4745.89,4745.89,3
2025-11-07T17:24:10.265887,17:24:10,4763.29,4763.29,3
2025-11-07T17:24:21.258984,17:24:21,4860.3,4860.3,3
2025-11-07T17:24:22.535764,17:24:22,4859.62,4859.62,3
2025-11-07T17:24:33.436956,17:24:33,4773.04,4773.04,3
2025-11-07T17:24:34.695344,17:24:34,4743.24,4743.24,3
2025-11-07T17:24:46.183996,17:24:46,4712.69,4712.69,3
2025-11-07T17:24:47.022647,17:24:47,4683.01,4683.01,3
2025-11-07T17:24:58.345848,17:24:58,4665.0,4665.0,3
2025-11-07T17:24:59.806525,17:24:59,4589.2,4589.2,3
2025-11-07T17:25:10.905639,17:25:10,4587.4,4587.4,3
2025-11-07T17:25:12.031221,17:25:12,4583.63,4583.63,3
2025-11-07T17:25:22.932805,17:25:22,4690.7,4690.7,3
2025-11-07T17:25:24.503309,17:25:24,4765.71,4765.71,3
2025-11-07T17:25:35.342059,17:25:35,4660.13,4660.13,3
2025-11-07T17:25:37.001631,17:25:37,4642.58,4642.58,3
2025-11-07T17:25:47.453157,17:25:47,4809.94,4809.94,3
2025-11-07T17:25:49.267990,17:25:49,4798.37,4798.37,3
2025-11-07T17:26:00.273387,17:26:00,4857.51,4857.51,3
2025-11-07T17:26:01.626775,17:26:01,4834.63,4834.63,3
2025-11-07T17:26:12.670529,17:26:12,4945.41,4945.41,3
2025-11-07T17:26:14.281902,17:26:14,4945.6,4945.6,3
2025-11-07T17:26:25.150351,17:26:25,4889.49,4889.49,3
2025-11-07T17:26:26.910484,17:26:26,4879.28,4879.28,3
2025-11-07T17:26:37.762528,17:26:37,4847.99,4847.99,3
2025-11-07T17:26:39.523308,17:26:39,4846.52,4846.52,3
2025-11-07T17:26:50.159099,17:26:50,4688.3,4688.3,3
2025-11-07T17:26:52.418640,17:26:52,4684.61,4684.61,3
2025-11-07T17:27:02.983995,17:27:02,4580.28,4580.28,3
2025-11-07T17:27:05.125220,17:27:05,4542.4,4542.4,3
2025-11-07T17:27:15.681682,17:27:15,4625.57,4625.57,3
2025-11-07T17:27:17.777164,17:27:17,4594.84,4594.84,3
2025-11-07T17:27:27.911539,17:27:27,4586.63,4586.63,3
2025-11-07T17:27:30.146665,17:27:30,4587.51,4587.51,3
2025-11-07T17:27:40.101658,17:27:40,4547.21,4547.21,3
2025-11-07T17:27:42.707259,17:27:42,4532.14,4532.14,3
2025-11-07T17:27:52.610633,17:27:52,4427.41,4427.41,3
2025-11-07T17:27:55.365539,17:27:55,4417.9,4417.9,3
2025-11-07T17:28:04.906491,17:28:04,4432.09,4432.09,3
2025-11-07T17:28:07.844857,17:28:07,4485.63,4485.63,3
2025-11-07T17:28:17.249538,17:28:17,4576.76,4576.76,3
2025-11-07T17:28:20.050974,17:28:20,4578.02,4578.02,3
2025-11-07T17:28:29.698373,17:28:29,4528.22,4528.22,3
2025-11-07T17:28:32.587600,17:28:32,4519.2,4519.2,3
2025-11-07T17:28:41.909440,17:28:41,4577.13,4577.13,3
2025-11-07T17:28:44.983800,17:28:44,4581.28,4581.28,3
2025-11-07T17:28:54.544209,17:28:54,4550.14,4550.14,3
2025-11-07T17:28:57.659332,17:28:57,4555.56,4555.56,3
2025-11-07T17:29:06.765381,17:29:06,4594.84,4594.84,3
2025-11-07T17:29:10.366903,17:29:10,4600.45,4600.45,3
2025-11-07T17:29:19.384505,17:29:19,4659.3,4659.3,3
2025-11-07T17:29:23.047884,17:29:23,4653.2,4653.2,3
2025-11-07T17:29:32.080733,17:29:32,4700.87,4700.87,3
2025-11-07T17:29:35.230752,17:29:35,4704.41,4704.41,3
2025-11-07T17:29:44.386445,17:29:44,4735.1,4735.1,3
2025-11-07T17:29:47.498263,17:29:47,4724.56,4724.56,3
2025-11-07T17:29:56.913196,17:29:56,4697.1,4697.1,3
2025-11-07T17:29:59.786157,17:29:59,4670.43,4670.43,3
2025-11-07T17:30:17.545284,17:30:17,4697.11,4697.11,3
2025-11-07T17:30:18.456178,17:30:18,4660.16,4660.16,3
2025-11-07T17:30:29.984442,17:30:29,4633.94,4633.94,3
2025-11-07T17:30:31.153677,17:30:31,4635.85,4635.85,3
2025-11-07T17:30:42.355316,17:30:42,4620.37,4620.37,3
2025-11-07T17:30:43.380378,17:30:43,4630.91,4630.91,3
2025-11-07T17:30:54.893618,17:30:54,4652.7,4652.7,3
2025-11-07T17:30:55.482405,17:30:55,4657.4,4657.4,3
2025-11-07T17:31:07.417658,17:31:07,4700.5,4700.5,3
2025-11-07T17:31:07.992649,17:31:07,4667.25,4667.25,3
2025-11-07T17:31:20.512825,17:31:20,4706.65,4706.65,3
2025-11-07T17:31:20.773438,17:31:20,4711.92,4711.92,3
2025-11-07T17:31:33.192794,17:31:33,4756.7,4756.7,3
2025-11-07T17:31:33.717438,17:31:33,4756.93,4756.93,3
2025-11-07T17:31:45.646993,17:31:45,4808.96,4808.96,3
2025-11-07T17:31:46.319450,17:31:46,4818.59,4818.59,3
2025-11-07T17:31:58.600477,17:31:58,4644.13,4644.13,3
2025-11-07T17:31:58.618314,17:31:58,4602.91,4602.91,3
2025-11-07T17:32:11.144811,17:32:11,4699.07,4699.07,3
2025-11-07T17:32:11.546382,17:32:11,4699.07,4699.07,3
2025-11-07T17:32:23.636722,17:32:23,4628.0,4628.0,3
2025-11-07T17:32:24.732011,17:32:24,4588.76,4588.76,3
2025-11-07T17:32:36.356080,17:32:36,4632.6,4632.6,3
2025-11-07T17:32:37.611877,17:32:37,4646.63,4646.63,3
2025-11-07T17:32:49.196419,17:32:49,4550.8,4550.8,3
2025-11-07T17:32:50.438608,17:32:50,4550.22,4550.22,3
2025-11-07T17:33:01.865911,17:33:01,4650.62,4650.62,3
2025-11-07T17:33:03.330007,17:33:03,4610.55,4610.55,3
2025-11-07T17:33:14.385795,17:33:14,4562.44,4562.44,3
2025-11-07T17:33:15.782473,17:33:15,4562.47,4562.47,3
2025-11-07T17:33:26.870171,17:33:26,4614.53,4614.53,3
2025-11-07T17:33:28.160510,17:33:28,4583.13,4583.13,3
2025-11-07T17:33:39.396273,17:33:39,4669.99,4669.99,3
2025-11-07T17:33:40.426518,17:33:40,4644.81,4644.81,3
2025-11-07T17:33:52.532304,17:33:52,4681.52,4681.52,3
2025-11-07T17:33:53.116379,17:33:53,4678.18,4678.18,3
2025-11-07T17:34:05.216383,17:34:05,4683.86,4683.86,3
2025-11-07T17:34:05.755908,17:34:05,4667.67,4667.67,3
2025-11-07T17:34:17.773275,17:34:17,4624.91,4624.91,3
2025-11-07T17:34:18.225031,17:34:18,4642.74,4642.74,3
2025-11-07T17:34:30.443162,17:34:30,4770.67,4770.67,3
2025-11-07T17:34:30.574085,17:34:30,4771.7,4771.7,3
2025-11-07T17:34:43.446383,17:34:43,4814.78,4814.78,3
2025-11-07T17:34:43.478978,17:34:43,4814.78,4814.78,3
2025-11-07T17:34:55.761393,17:34:55,4831.73,4831.73,3
2025-11-07T17:34:56.430430,17:34:56,4838.5,4838.5,3
2025-11-07T17:35:09.349647,17:35:09,4953.85,4953.85,3
2025-11-07T17:35:09.805331,17:35:09,4855.25,4855.25,3
2025-11-07T17:35:23.187733,17:35:23,5058.55,5058.55,3
2025-11-07T17:35:23.667594,17:35:23,5059.17,5059.17,3
2025-11-07T17:35:36.242424,17:35:36,5116.04,5116.04,3
2025-11-07T17:35:36.527207,17:35:36,5094.69,5094.69,3
2025-11-07T17:35:48.665943,17:35:48,5107.24,5107.24,3
2025-11-07T17:35:49.323343,17:35:49,5104.02,5104.02,3
2025-11-07T17:36:01.296077,17:36:01,5149.03,5149.03,3
2025-11-07T17:36:01.905510,17:36:01,5146.61,5146.61,3
2025-11-07T17:36:14.036369,17:36:14,5116.35,5116.35,3
2025-11-07T17:36:15.168126,17:36:15,5104.17,5104.17,3
2025-11-07T17:36:26.574546,17:36:26,5078.72,5078.72,3
2025-11-07T17:36:27.683761,17:36:27,5077.84,5077.84,3
2025-11-07T17:36:38.694527,17:36:38,5017.66,5017.66,3
2025-11-07T17:36:40.378119,17:36:40,4981.41,4981.41,3
2025-11-07T17:36:51.125986,17:36:51,4943.88,4943.88,3
2025-11-07T17:36:52.498282,17:36:52,4949.85,4949.85,3
2025-11-07T17:37:03.718141,17:37:03,4978.21,4978.21,3
2025-11-07T17:37:04.676408,17:37:04,4978.68,4978.68,3
2025-11-07T17:37:15.941288,17:37:15,4966.41,4966.41,3
2025-11-07T17:37:17.022295,17:37:17,4966.22,4966.22,3
2025-11-07T17:37:28.579474,17:37:28,5025.59,5025.59,3
2025-11-07T17:37:29.741351,17:37:29,5025.6,5025.6,3
2025-11-07T17:37:41.244216,17:37:41,4993.42,4993.42,3
2025-11-07T17:37:41.878235,17:37:41,4978.15,4978.15,3
2025-11-07T17:38:08.614119,17:38:08,4947.04,4947.04,0
2025-11-07T17:38:09.451672,17:38:09,4949.55,4949.55,0
2025-11-07T17:38:21.357451,17:38:21,4881.72,4881.72,3
2025-11-07T17:38:22.021461,17:38:22,4879.94,4879.94,3
2025-11-07T17:38:34.067276,17:38:34,4927.53,4927.53,3
2025-11-07T17:38:34.849505,17:38:34,4927.49,4927.49,3
2025-11-07T17:38:46.296470,17:38:46,4909.08,4909.08,3
2025-11-07T17:38:47.782066,17:38:47,4951.45,4951.45,3
2025-11-07T17:38:58.648099,17:38:58,4995.51,4995.51,3
2025-11-07T17:39:00.394699,17:39:00,4996.62,4996.62,3
2025-11-07T17:39:11.502681,17:39:11,4787.18,4787.18,3
2025-11-07T17:39:12.538568,17:39:12,4787.41,4787.41,3
2025-11-07T17:39:23.550826,17:39:23,4829.61,4829.61,3
2025-11-07T17:39:25.157699,17:39:25,4802.24,4802.24,3
2025-11-07T17:39:35.825675,17:39:35,4827.49,4827.49,3
2025-11-07T17:39:37.514212,17:39:37,4826.45,4826.45,3
2025-11-07T17:39:48.471259,17:39:48,4853.92,4853.92,3
2025-11-07T17:39:49.792387,17:39:49,4857.99,4857.99,3
2025-11-07T17:40:01.230331,17:40:01,4779.26,4779.26,3
2025-11-07T17:40:03.117814,17:40:03,4794.68,4794.68,3
2025-11-07T17:40:13.888487,17:40:13,4851.11,4851.11,3
2025-11-07T17:40:15.535572,17:40:15,4862.92,4862.92,3
2025-11-07T17:40:26.457924,17:40:26,4861.98,4861.98,3
2025-11-07T17:40:28.260965,17:40:28,4857.38,4857.38,3
2025-11-07T17:40:38.618160,17:40:38,4859.71,4859.71,3
2025-11-07T17:40:40.924141,17:40:40,4855.0,4855.0,3
2025-11-07T17:40:51.135378,17:40:51,4862.43,4862.43,3
2025-11-07T17:40:53.277129,17:40:53,4843.81,4843.81,3
2025-11-07T17:41:03.549868,17:41:03,4771.41,4771.41,3
2025-11-07T17:41:05.658983,17:41:05,4766.22,4766.22,3
2025-11-07T17:41:15.696409,17:41:15,4772.71,4772.71,3
2025-11-07T17:41:18.166069,17:41:18,4772.73,4772.73,3
2025-11-07T17:41:43.258220,17:41:43,4753.77,4753.77,0
2025-11-07T17:41:45.440133,17:41:45,4731.14,4731.14,0
2025-11-07T17:41:56.211967,17:41:56,4708.62,4708.62,3
2025-11-07T17:41:57.972499,17:41:57,4696.26,4696.26,3
2025-11-07T17:42:23.631868,17:42:23,8815.66,8815.66,3
2025-11-07T17:42:25.417579,17:42:25,4531.69,4531.69,0
2025-11-07T17:42:36.586455,17:42:36,4458.11,4458.11,3
2025-11-07T17:42:37.655242,17:42:37,4464.92,4464.92,3
2025-11-07T17:42:48.970274,17:42:48,4527.78,4527.78,3
2025-11-07T17:42:50.244154,17:42:50,4527.84,4527.84,3
2025-11-07T17:43:01.284565,17:43:01,4555.78,4555.78,3
2025-11-07T17:43:02.904828,17:43:02,4552.1,4552.1,3
2025-11-07T17:43:13.979954,17:43:13,4461.08,4461.08,3
2025-11-07T17:43:15.430491,17:43:15,4465.02,4465.02,3
2025-11-07T17:43:26.555047,17:43:26,4483.62,4483.62,3
2025-11-07T17:43:27.556765,17:43:27,4484.18,4484.18,3
2025-11-07T17:43:39.108276,17:43:39,4465.18,4465.18,3
2025-11-07T17:43:40.536753,17:43:40,4463.24,4463.24,3
2025-11-07T17:43:51.859031,17:43:51,4468.11,4468.11,3
2025-11-07T17:43:53.147392,17:43:53,4471.06,4471.06,3
2025-11-07T17:44:04.533335,17:44:04,4459.03,4459.03,3
2025-11-07T17:44:05.332132,17:44:05,4451.1,4451.1,3
2025-11-07T17:44:16.779757,17:44:16,4451.21,4451.21,3
2025-11-07T17:44:17.876627,17:44:17,4451.22,4451.22,3
2025-11-07T17:44:29.393235,17:44:29,4481.68,4481.68,3
2025-11-07T17:44:30.289092,17:44:30,4471.57,4471.57,3
2025-11-07T17:44:42.037817,17:44:42,4509.86,4509.86,3
2025-11-07T17:44:42.570199,17:44:42,4530.02,4530.02,3
2025-11-07T17:44:54.393501,17:44:54,4454.98,4454.98,3
2025-11-07T17:44:55.116990,17:44:55,4453.81,4453.81,3
2025-11-07T17:45:07.115823,17:45:07,4451.41,4451.41,3
2025-11-07T17:45:07.434651,17:45:07,4450.96,4450.96,3
2025-11-07T17:45:20.011160,17:45:20,4476.08,4476.08,3
2025-11-07T17:45:20.436026,17:45:20,4472.67,4472.67,3
2025-11-07T17:45:32.207814,17:45:32,4456.26,4456.26,3
2025-11-07T17:45:33.041508,17:45:33,4456.04,4456.04,3
2025-11-07T17:45:44.463729,17:45:44,4431.05,4431.05,3
2025-11-07T17:45:46.101506,17:45:46,4430.22,4430.22,3
2025-11-07T17:45:56.831835,17:45:56,4454.81,4454.81,3
2025-11-07T17:45:58.709875,17:45:58,4478.5,4478.5,3
2025-11-07T17:46:09.394617,17:46:09,4518.35,4518.35,3
2025-11-07T17:46:11.278599,17:46:11,4520.7,4520.7,3
2025-11-07T17:46:21.693466,17:46:21,4491.19,4491.19,3
2025-11-07T17:46:23.601499,17:46:23,4507.84,4507.84,3
2025-11-07T17:46:34.455675,17:46:34,4431.3,4431.3,3
2025-11-07T17:46:35.924548,17:46:35,4433.43,4433.43,3
2025-11-07T17:46:47.317983,17:46:47,4441.93,4441.93,3
2025-11-07T17:46:48.427405,17:46:48,4441.93,4441.93,3
2025-11-07T17:47:00.018809,17:47:00,4396.15,4396.15,3
2025-11-07T17:47:01.001880,17:47:01,4398.4,4398.4,3
2025-11-07T17:47:12.668068,17:47:12,4274.27,4274.27,3
2025-11-07T17:47:13.316049,17:47:13,4279.97,4279.97,3
2025-11-07T17:47:25.602352,17:47:25,4291.61,4291.61,3
2025-11-07T17:47:26.096294,17:47:26,4296.5,4296.5,3
2025-11-07T17:47:38.005937,17:47:38,4322.87,4322.87,3
2025-11-07T17:47:38.754731,17:47:38,4328.68,4328.68,3
2025-11-07T17:47:50.585884,17:47:50,4319.54,4319.54,3
2025-11-07T17:47:51.537410,17:47:51,4320.89,4320.89,3
2025-11-07T17:48:03.612745,17:48:03,4272.54,4272.54,3
2025-11-07T17:48:04.157191,17:48:04,4280.55,4280.55,3
2025-11-07T17:48:16.183090,17:48:16,4263.84,4263.84,3
2025-11-07T17:48:16.498992,17:48:16,4265.55,4265.55,3
2025-11-07T17:48:28.521288,17:48:28,4304.71,4304.71,3
2025-11-07T17:48:29.033342,17:48:29,4304.71,4304.71,3
2025-11-07T17:48:41.375671,17:48:41,4300.15,4300.15,3
2025-11-07T17:48:41.399402,17:48:41,4300.15,4300.15,3
2025-11-07T17:48:53.956093,17:48:53,4278.17,4278.17,3
2025-11-07T17:48:54.476617,17:48:54,4278.17,4278.17,3
2025-11-07T17:49:06.926897,17:49:06,4226.33,4226.33,3
2025-11-07T17:49:07.018634,17:49:07,4226.33,4226.33,3
2025-11-07T17:49:19.838065,17:49:19,4194.31,4194.31,3
2025-11-07T17:49:19.838145,17:49:19,4194.31,4194.31,3
2025-11-07T17:49:32.563116,17:49:32,4100.77,4100.77,3
2025-11-07T17:49:32.633918,17:49:32,4100.77,4100.77,3
2025-11-07T17:49:45.413210,17:49:45,4151.56,4151.56,3
2025-11-07T17:49:45.878115,17:49:45,4152.29,4152.29,3
2025-11-07T17:49:58.294011,17:49:58,4081.5,4081.5,3
2025-11-07T17:49:58.710738,17:49:58,4078.9,4078.9,3
2025-11-07T17:50:11.151464,17:50:11,4057.81,4057.81,3
2025-11-07T17:50:11.328504,17:50:11,4057.55,4057.55,3
2025-11-07T17:50:24.405576,17:50:24,4029.11,4029.11,3
2025-11-07T17:50:24.468111,17:50:24,4028.39,4028.39,3
2025-11-07T17:50:37.284409,17:50:37,3991.1,3991.1,3
2025-11-07T17:50:37.295013,17:50:37,3991.1,3991.1,3
2025-11-07T17:50:49.977546,17:50:49,4158.23,4158.23,3
2025-11-07T17:50:50.033014,17:50:50,4158.23,4158.23,3
2025-11-07T17:51:02.292749,17:51:02,4122.2,4122.2,3
2025-11-07T17:51:02.901970,17:51:02,4117.45,4117.45,3
2025-11-07T17:51:14.871799,17:51:14,4026.13,4026.13,3
2025-11-07T17:51:15.577937,17:51:15,4028.67,4028.67,3
2025-11-07T17:51:27.527574,17:51:27,4047.97,4047.97,3
2025-11-07T17:51:28.003237,17:51:28,4038.12,4038.12,3
2025-11-07T17:51:40.420136,17:51:40,3997.86,3997.86,3
2025-11-07T17:51:40.776583,17:51:40,3998.14,3998.14,3
2025-11-07T17:51:53.128051,17:51:53,4020.55,4020.55,3
2025-11-07T17:51:53.665984,17:51:53,4021.35,4021.35,3
2025-11-07T17:52:06.094928,17:52:06,3934.67,3934.67,3
2025-11-07T17:52:06.616787,17:52:06,3936.65,3936.65,3
2025-11-07T17:52:18.920520,17:52:18,3975.19,3975.19,3
2025-11-07T17:52:19.346722,17:52:19,3995.49,3995.49,3
2025-11-07T17:52:31.638281,17:52:31,4065.62,4065.62,3
2025-11-07T17:52:31.863934,17:52:31,4065.62,4065.62,3
2025-11-07T17:52:44.269790,17:52:44,4052.1,4052.1,3
2025-11-07T17:52:45.024839,17:52:45,4052.1,4052.1,3
2025-11-07T17:52:56.729527,17:52:56,4049.17,4049.17,3
2025-11-07T17:52:57.672602,17:52:57,4051.25,4051.25,3
2025-11-07T17:53:09.605998,17:53:09,3965.58,3965.58,3
2025-11-07T17:53:10.451761,17:53:10,3954.36,3954.36,3
2025-11-07T17:53:22.696519,17:53:22,3912.08,3912.08,3
2025-11-07T17:53:23.352791,17:53:23,3913.71,3913.71,3
2025-11-07T17:53:35.536956,17:53:35,3929.07,3929.07,3
2025-11-07T17:53:36.141612,17:53:36,3928.84,3928.84,3
2025-11-07T17:53:47.678803,17:53:47,3920.36,3920.36,3
2025-11-07T17:53:48.769136,17:53:48,3921.52,3921.52,3
2025-11-07T17:54:00.505242,17:54:00,3997.69,3997.69,3
2025-11-07T17:54:01.333634,17:54:01,4035.19,4035.19,3
2025-11-07T17:54:13.503276,17:54:13,3929.87,3929.87,3
2025-11-07T17:54:14.002555,17:54:14,3925.48,3925.48,3
2025-11-07T17:54:26.101225,17:54:26,3900.27,3900.27,3
2025-11-07T17:54:26.477461,17:54:26,3900.47,3900.47,3
2025-11-07T17:54:38.832363,17:54:38,3904.01,3904.01,3
2025-11-07T17:54:39.234463,17:54:39,3924.11,3924.11,3
2025-11-07T17:54:51.584936,17:54:51,3800.55,3800.55,3
2025-11-07T17:54:51.838132,17:54:51,3798.21,3798.21,3
2025-11-07T17:55:04.814057,17:55:04,3761.59,3761.59,3
2025-11-07T17:55:05.260022,17:55:05,3761.61,3761.61,3
2025-11-07T17:55:17.648394,17:55:17,3845.45,3845.45,3
2025-11-07T17:55:17.816828,17:55:17,3845.56,3845.56,3
2025-11-07T17:55:30.136483,17:55:30,3823.45,3823.45,3
2025-11-07T17:55:30.434954,17:55:30,3823.45,3823.45,3
2025-11-07T17:55:42.331930,17:55:42,3849.44,3849.44,3
2025-11-07T17:55:43.030354,17:55:43,3849.44,3849.44,3
2025-11-07T17:55:54.336400,17:55:54,3853.34,3853.34,3
2025-11-07T17:55:55.746162,17:55:55,3851.47,3851.47,3
2025-11-07T17:56:06.933709,17:56:06,3942.08,3942.08,3
2025-11-07T17:56:07.980045,17:56:07,3890.7,3890.7,3
2025-11-07T17:56:19.578390,17:56:19,3852.11,3852.11,3
2025-11-07T17:56:20.638040,17:56:20,3852.12,3852.12,3
2025-11-07T17:56:32.140189,17:56:32,3831.88,3831.88,3
2025-11-07T17:56:33.038668,17:56:33,3818.14,3818.14,3
2025-11-07T17:56:44.610139,17:56:44,3890.35,3890.35,3
2025-11-07T17:56:45.428593,17:56:45,3834.72,3834.72,3
2025-11-07T17:56:57.249491,17:56:57,3831.5,3831.5,3
2025-11-07T17:56:57.765826,17:56:57,3831.74,3831.74,3
2025-11-07T17:57:09.587575,17:57:09,3730.13,3730.13,3
2025-11-07T17:57:10.318264,17:57:10,3731.21,3731.21,3
2025-11-07T17:57:22.319234,17:57:22,3792.56,3792.56,3
2025-11-07T17:57:23.163676,17:57:23,3794.02,3794.02,3
2025-11-07T17:57:34.838576,17:57:34,3920.51,3920.51,3
2025-11-07T17:57:36.034473,17:57:36,3934.79,3934.79,3
2025-11-07T17:57:47.499838,17:57:47,3962.08,3962.08,3
2025-11-07T17:57:48.891864,17:57:48,3926.94,3926.94,3
2025-11-07T17:57:59.999576,17:57:59,3829.31,3829.31,3
2025-11-07T17:58:01.380613,17:58:01,3829.79,3829.79,3
2025-11-07T17:58:12.129056,17:58:12,3736.88,3736.88,3
2025-11-07T17:58:13.707246,17:58:13,3746.68,3746.68,3
2025-11-07T17:58:24.700433,17:58:24,3634.14,3634.14,3
2025-11-07T17:58:25.892266,17:58:25,3660.69,3660.69,3
2025-11-07T17:58:37.610638,17:58:37,3544.67,3544.67,3
2025-11-07T17:58:38.296448,17:58:38,3550.24,3550.24,3
2025-11-07T17:58:50.558151,17:58:50,3581.91,3581.91,3
2025-11-07T17:58:51.444876,17:58:51,3597.89,3597.89,3
2025-11-07T17:59:03.226193,17:59:03,3511.66,3511.66,3
2025-11-07T17:59:04.691159,17:59:04,3515.29,3515.29,3
2025-11-07T17:59:15.694162,17:59:15,3451.73,3451.73,3
2025-11-07T17:59:16.917506,17:59:16,3476.49,3476.49,3
2025-11-07T17:59:27.733571,17:59:27,3544.02,3544.02,3
2025-11-07T17:59:28.991950,17:59:28,3542.82,3542.82,3
2025-11-07T17:59:39.775788,17:59:39,3631.56,3631.56,3
2025-11-07T17:59:41.797355,17:59:41,3664.41,3664.41,3
2025-11-07T17:59:52.359889,17:59:52,3619.73,3619.73,3
2025-11-07T17:59:54.178139,17:59:54,3693.05,3693.05,3
2025-11-07T18:00:04.824995,18:00:04,3522.46,3522.46,3
2025-11-07T18:00:06.368412,18:00:06,3521.73,3521.73,3
2025-11-07T18:00:17.107271,18:00:17,3564.73,3564.73,3
2025-11-07T18:00:18.512608,18:00:18,3584.83,3584.83,3
2025-11-07T18:00:29.462534,18:00:29,3402.51,3402.51,3
2025-11-07T18:00:31.295864,18:00:31,3402.28,3402.28,3
2025-11-07T18:00:41.845442,18:00:41,3403.64,3403.64,3
2025-11-07T18:00:43.524155,18:00:43,3394.46,3394.46,3
2025-11-07T18:00:54.447921,18:00:54,3231.19,3231.19,3
2025-11-07T18:00:56.269162,18:00:56,3195.3,3195.3,3
2025-11-07T18:01:06.463197,18:01:06,3365.35,3365.35,3
2025-11-07T18:01:08.823689,18:01:08,3420.92,3420.92,3
2025-11-07T18:01:19.159715,18:01:19,3408.33,3408.33,3
2025-11-07T18:01:21.269973,18:01:21,3493.92,3493.92,3
2025-11-07T18:01:31.498446,18:01:31,3542.27,3542.27,3
2025-11-07T18:01:34.845049,18:01:34,3510.02,3510.02,3
2025-11-07T18:01:43.900395,18:01:43,3422.26,3422.26,3
2025-11-07T18:01:47.777594,18:01:47,3495.75,3495.75,3
2025-11-07T18:01:56.255142,18:01:56,3349.97,3349.97,3
2025-11-07T18:02:00.035200,18:02:00,3308.76,3308.76,3
2025-11-07T18:02:08.661845,18:02:08,3346.2,3346.2,3
2025-11-07T18:02:12.591193,18:02:12,3365.29,3365.29,3
2025-11-07T18:02:21.118720,18:02:21,3311.97,3311.97,3
2025-11-07T18:02:25.168700,18:02:25,3330.66,3330.66,3
2025-11-07T18:02:33.789879,18:02:33,3451.47,3451.47,3
2025-11-07T18:02:37.324089,18:02:37,3348.38,3348.38,3
2025-11-07T18:02:46.184502,18:02:46,3444.96,3444.96,3
2025-11-07T18:02:49.781409,18:02:49,3415.53,3415.53,3
2025-11-07T18:02:58.226274,18:02:58,3282.13,3282.13,3
2025-11-07T18:03:02.377787,18:03:02,3293.25,3293.25,3
2025-11-07T18:03:10.786006,18:03:10,3263.05,3263.05,3
2025-11-07T18:03:14.791383,18:03:14,3383.13,3383.13,3
2025-11-07T18:03:23.434125,18:03:23,3370.6,3370.6,3
2025-11-07T18:03:27.284921,18:03:27,3355.69,3355.69,3
2025-11-07T18:03:36.146824,18:03:36,3233.08,3233.08,3
2025-11-07T18:03:39.657003,18:03:39,3207.38,3207.38,3
2025-11-07T18:03:48.705271,18:03:48,3252.14,3252.14,3
2025-11-07T18:03:52.417783,18:03:52,3281.36,3281.36,3
2025-11-07T18:04:01.360682,18:04:01,3302.64,3302.64,3
2025-11-07T18:04:05.489395,18:04:05,3231.68,3231.68,3
2025-11-07T18:04:13.821186,18:04:13,3271.82,3271.82,3
2025-11-07T18:04:18.210264,18:04:18,3279.34,3279.34,3
2025-11-07T18:04:26.481435,18:04:26,3329.64,3329.64,3
2025-11-07T18:04:31.302060,18:04:31,3372.45,3372.45,3
2025-11-07T18:04:39.329803,18:04:39,3357.13,3357.13,3
2025-11-07T18:04:43.859718,18:04:43,3372.31,3372.31,3
2025-11-07T18:04:51.584752,18:04:51,3344.94,3344.94,3
2025-11-07T18:04:56.643973,18:04:56,3338.9,3338.9,3
2025-11-07T18:05:04.464426,18:05:04,3320.62,3320.62,3
2025-11-07T18:05:09.533855,18:05:09,3323.52,3323.52,3
2025-11-07T18:05:17.553474,18:05:17,3418.07,3418.07,3
2025-11-07T18:05:22.024791,18:05:22,3512.61,3512.61,3
2025-11-07T18:05:30.717291,18:05:30,3439.7,3439.7,3
2025-11-07T18:05:34.979996,18:05:34,3438.16,3438.16,3
2025-11-07T18:05:43.807535,18:05:43,3374.46,3374.46,3
2025-11-07T18:05:48.174328,18:05:48,3383.25,3383.25,3
2025-11-07T18:05:56.141310,18:05:56,3390.01,3390.01,3
2025-11-07T18:06:00.404216,18:06:00,3336.78,3336.78,3
2025-11-07T18:06:09.628642,18:06:09,3280.76,3280.76,3
2025-11-07T18:06:13.212023,18:06:13,3297.56,3297.56,3
2025-11-07T18:06:22.266980,18:06:22,3325.85,3325.85,3
2025-11-07T18:06:26.006107,18:06:26,3315.13,3315.13,3
2025-11-07T18:06:34.822807,18:06:34,3318.81,3318.81,3
2025-11-07T18:06:38.384845,18:06:38,3325.89,3325.89,3
2025-11-07T18:06:47.702047,18:06:47,3252.04,3252.04,3
2025-11-07T18:06:50.720536,18:06:50,3254.35,3254.35,3
2025-11-07T18:07:00.194888,18:07:00,3239.19,3239.19,3
2025-11-07T18:07:03.394257,18:07:03,3194.8,3194.8,3
2025-11-07T18:07:12.943464,18:07:12,3287.52,3287.52,3
2025-11-07T18:07:15.629036,18:07:15,3235.74,3235.74,3
2025-11-07T18:07:25.288643,18:07:25,3353.76,3353.76,3
2025-11-07T18:07:28.024408,18:07:28,3323.41,3323.41,3
2025-11-07T18:07:37.844771,18:07:37,3412.28,3412.28,3
2025-11-07T18:07:40.431362,18:07:40,3439.64,3439.64,3
2025-11-07T18:07:50.020892,18:07:50,3467.85,3467.85,3
2025-11-07T18:07:53.044360,18:07:53,3418.52,3418.52,3
2025-11-07T18:08:02.740313,18:08:02,3250.15,3250.15,3
2025-11-07T18:08:05.662838,18:08:05,3187.71,3187.71,3
2025-11-07T18:08:15.627124,18:08:15,3114.21,3114.21,3
2025-11-07T18:08:18.331862,18:08:18,3136.54,3136.54,3
2025-11-07T18:08:28.236510,18:08:28,3155.38,3155.38,3
2025-11-07T18:08:32.199124,18:08:32,3114.83,3114.83,3
2025-11-07T18:08:41.147982,18:08:41,3165.77,3165.77,3
2025-11-07T18:08:44.769363,18:08:44,3169.9,3169.9,3
2025-11-07T18:08:53.692680,18:08:53,3187.65,3187.65,3
2025-11-07T18:08:57.458029,18:08:57,3215.48,3215.48,3
2025-11-07T18:09:06.406920,18:09:06,3161.48,3161.48,3
2025-11-07T18:09:10.089294,18:09:10,3260.18,3260.18,3
2025-11-07T18:09:18.729887,18:09:18,3250.96,3250.96,3
2025-11-07T18:09:22.515206,18:09:22,3190.64,3190.64,3
2025-11-07T18:09:31.020755,18:09:31,3333.31,3333.31,3
2025-11-07T18:09:34.775161,18:09:34,3276.48,3276.48,3
2025-11-07T18:09:43.760891,18:09:43,3365.55,3365.55,3
2025-11-07T18:09:47.409866,18:09:47,3338.23,3338.23,3
2025-11-07T18:09:56.820549,18:09:56,3314.17,3314.17,3
2025-11-07T18:10:00.056585,18:10:00,3342.9,3342.9,3
2025-11-07T18:10:09.288466,18:10:09,3220.37,3220.37,3
2025-11-07T18:10:12.354667,18:10:12,3249.12,3249.12,3
2025-11-07T18:10:22.139707,18:10:22,3189.97,3189.97,3
2025-11-07T18:10:24.711857,18:10:24,3160.18,3160.18,3
2025-11-07T18:10:34.607319,18:10:34,3334.3,3334.3,3
2025-11-07T18:10:37.197528,18:10:37,3347.72,3347.72,3
2025-11-07T18:10:47.271952,18:10:47,3376.59,3376.59,3
2025-11-07T18:10:49.564846,18:10:49,3307.82,3307.82,3
2025-11-07T18:11:00.396314,18:11:00,3319.07,3319.07,3
2025-11-07T18:11:01.900253,18:11:01,3313.37,3313.37,3
2025-11-07T18:11:12.779043,18:11:12,3313.48,3313.48,3
2025-11-07T18:11:14.742014,18:11:14,3313.0,3313.0,3
2025-11-07T18:11:25.215709,18:11:25,3265.13,3265.13,3
2025-11-07T18:11:27.027527,18:11:27,3277.02,3277.02,3
2025-11-07T18:11:37.612618,18:11:37,3217.68,3217.68,3
2025-11-07T18:11:39.607988,18:11:39,3202.78,3202.78,3
2025-11-07T18:11:50.317000,18:11:50,3148.93,3148.93,3
2025-11-07T18:11:52.460001,18:11:52,3161.62,3161.62,3
2025-11-07T18:12:03.415286,18:12:03,3148.9,3148.9,3
2025-11-07T18:12:04.903168,18:12:04,3180.33,3180.33,3
2025-11-07T18:12:16.191963,18:12:16,3180.26,3180.26,3
2025-11-07T18:12:17.510596,18:12:17,3173.83,3173.83,3
2025-11-07T18:12:28.691921,18:12:28,3290.26,3290.26,3
2025-11-07T18:12:29.907096,18:12:29,3306.35,3306.35,3
2025-11-07T18:12:41.637303,18:12:41,3354.99,3354.99,3
2025-11-07T18:12:42.856031,18:12:42,3399.92,3399.92,3
2025-11-07T18:12:54.424132,18:12:54,3483.32,3483.32,3
2025-11-07T18:12:55.454891,18:12:55,3504.19,3504.19,3
2025-11-07T18:13:07.357288,18:13:07,3429.99,3429.99,3
2025-11-07T18:13:08.230494,18:13:08,3442.08,3442.08,3
2025-11-07T18:13:20.219800,18:13:20,3267.6,3267.6,3
2025-11-07T18:13:20.808872,18:13:20,3270.09,3270.09,3
2025-11-07T18:13:33.109018,18:13:33,3320.79,3320.79,3
2025-11-07T18:13:33.470392,18:13:33,3280.93,3280.93,3
2025-11-07T18:13:45.824831,18:13:45,3276.32,3276.32,3
2025-11-07T18:13:46.348073,18:13:46,3280.88,3280.88,3
2025-11-07T18:13:58.529333,18:13:58,3263.93,3263.93,3
2025-11-07T18:13:58.732919,18:13:58,3274.36,3274.36,3
2025-11-07T18:14:11.529787,18:14:11,3313.22,3313.22,3
2025-11-07T18:14:11.556794,18:14:11,3313.22,3313.22,3
2025-11-07T18:14:23.793405,18:14:23,3210.25,3210.25,3
2025-11-07T18:14:24.680197,18:14:24,3202.92,3202.92,3
2025-11-07T18:14:36.623056,18:14:36,3380.64,3380.64,3
2025-11-07T18:14:37.132022,18:14:37,3383.07,3383.07,3
2025-11-07T18:14:49.196404,18:14:49,3378.0,3378.0,3
2025-11-07T18:14:50.027280,18:14:50,3336.4,3336.4,3
2025-11-07T18:15:01.766458,18:15:01,3369.42,3369.42,3
2025-11-07T18:15:03.040009,18:15:03,3304.33,3304.33,3
2025-11-07T18:15:13.968617,18:15:13,3207.59,3207.59,3
2025-11-07T18:15:15.509841,18:15:15,3207.6,3207.6,3
2025-11-07T18:15:26.222299,18:15:26,3183.64,3183.64,3
2025-11-07T18:15:28.176161,18:15:28,3185.04,3185.04,3
2025-11-07T18:15:38.471225,18:15:38,3226.4,3226.4,3
2025-11-07T18:15:40.321061,18:15:40,3228.85,3228.85,3
2025-11-07T18:15:51.026930,18:15:51,3088.73,3088.73,3
2025-11-07T18:15:52.499280,18:15:52,3076.46,3076.46,3
2025-11-07T18:16:03.209986,18:16:03,2947.99,2947.99,3
2025-11-07T18:16:04.876765,18:16:04,2961.86,2961.86,3
2025-11-07T18:16:15.670960,18:16:15,2892.5,2892.5,3
2025-11-07T18:16:17.424105,18:16:17,2884.54,2884.54,3
2025-11-07T18:16:27.514404,18:16:27,2764.7,2764.7,3
2025-11-07T18:16:29.922786,18:16:29,2781.31,2781.31,3
2025-11-07T18:16:39.689686,18:16:39,2655.43,2655.43,3
2025-11-07T18:16:42.247548,18:16:42,2631.14,2631.14,3
2025-11-07T18:16:52.034884,18:16:52,2670.59,2670.59,3
2025-11-07T18:16:54.555395,18:16:54,2647.35,2647.35,3
2025-11-07T18:17:04.555260,18:17:04,2554.03,2554.03,3
2025-11-07T18:17:07.028283,18:17:07,2670.98,2670.98,3
2025-11-07T18:17:16.526455,18:17:16,2661.82,2661.82,3
2025-11-07T18:17:19.273125,18:17:19,2676.28,2676.28,3
2025-11-07T18:17:28.961575,18:17:28,2548.86,2548.86,3
2025-11-07T18:17:31.706544,18:17:31,2536.57,2536.57,3
2025-11-07T18:17:41.582671,18:17:41,2507.45,2507.45,3
2025-11-07T18:17:44.391214,18:17:44,2480.17,2480.17,3
2025-11-07T18:17:54.588315,18:17:54,2512.68,2512.68,3
2025-11-07T18:17:56.508918,18:17:56,2497.44,2497.44,3
2025-11-07T18:18:07.372159,18:18:07,2511.33,2511.33,3
2025-11-07T18:18:09.456994,18:18:09,2515.1,2515.1,3
2025-11-07T18:18:20.288989,18:18:20,2466.91,2466.91,3
2025-11-07T18:18:22.022081,18:18:22,2493.39,2493.39,3
2025-11-07T18:18:33.764471,18:18:33,2447.88,2447.88,3
2025-11-07T18:18:35.635622,18:18:35,2448.39,2448.39,3
2025-11-07T18:18:47.360043,18:18:47,2347.54,2347.54,3
2025-11-07T18:18:48.723610,18:18:48,2386.07,2386.07,3
2025-11-07T18:19:00.255163,18:19:00,2308.33,2308.33,3
2025-11-07T18:19:01.624631,18:19:01,2307.26,2307.26,3
2025-11-07T18:19:12.762225,18:19:12,2449.49,2449.49,3
2025-11-07T18:19:14.498660,18:19:14,2414.23,2414.23,3
2025-11-07T18:19:25.628468,18:19:25,2448.28,2448.28,3
2025-11-07T18:19:27.252177,18:19:27,2453.34,2453.34,3
2025-11-07T18:19:38.575242,18:19:38,2329.05,2329.05,3
2025-11-07T18:19:40.046534,18:19:40,2309.24,2309.24,3
2025-11-07T18:19:51.315591,18:19:51,2325.81,2325.81,3
2025-11-07T18:19:52.249884,18:19:52,2364.03,2364.03,3
2025-11-07T18:20:03.770067,18:20:03,2443.2,2443.2,3
2025-11-07T18:20:04.660231,18:20:04,2475.12,2475.12,3
2025-11-07T18:20:16.619936,18:20:16,2578.42,2578.42,3
2025-11-07T18:20:17.222491,18:20:17,2601.0,2601.0,3
2025-11-07T18:20:29.005670,18:20:29,2521.58,2521.58,3
2025-11-07T18:20:30.337931,18:20:30,2505.13,2505.13,3
2025-11-07T18:20:41.702281,18:20:41,2524.08,2524.08,3
2025-11-07T18:20:42.644316,18:20:42,2527.01,2527.01,3
2025-11-07T18:20:54.199856,18:20:54,2679.35,2679.35,3
2025-11-07T18:20:55.305749,18:20:55,2686.47,2686.47,3
2025-11-07T18:21:06.758617,18:21:06,2675.18,2675.18,3
2025-11-07T18:21:08.161821,18:21:08,2705.84,2705.84,3
2025-11-07T18:21:19.102640,18:21:19,2524.66,2524.66,3
2025-11-07T18:21:20.774778,18:21:20,2515.76,2515.76,3
2025-11-07T18:21:31.635396,18:21:31,2479.56,2479.56,3
2025-11-07T18:21:33.260192,18:21:33,2479.99,2479.99,3
2025-11-07T18:21:44.629108,18:21:44,2509.87,2509.87,3
2025-11-07T18:21:46.027841,18:21:46,2510.35,2510.35,3
2025-11-07T18:21:57.497602,18:21:57,2569.4,2569.4,3
2025-11-07T18:21:58.625863,18:21:58,2596.27,2596.27,3
2025-11-07T18:22:10.439077,18:22:10,2719.93,2719.93,3
2025-11-07T18:22:11.261462,18:22:11,2716.61,2716.61,3
2025-11-07T18:22:23.233645,18:22:23,2675.73,2675.73,3
2025-11-07T18:22:23.942797,18:22:23,2710.57,2710.57,3
2025-11-07T18:22:36.209584,18:22:36,2628.06,2628.06,3
2025-11-07T18:22:36.465982,18:22:36,2638.98,2638.98,3
2025-11-07T18:22:48.640746,18:22:48,2560.19,2560.19,3
2025-11-07T18:22:49.319488,18:22:49,2547.5,2547.5,3
2025-11-07T18:23:02.503237,18:23:02,2490.03,2490.03,3
2025-11-07T18:23:02.604928,18:23:02,2518.34,2518.34,3
2025-11-07T18:23:16.309397,18:23:16,2599.71,2599.71,3
2025-11-07T18:23:16.449285,18:23:16,2599.72,2599.72,3
2025-11-07T18:23:29.764589,18:23:29,2608.96,2608.96,3
2025-11-07T18:23:30.229811,18:23:30,2602.46,2602.46,3
2025-11-07T18:23:42.885215,18:23:42,2574.17,2574.17,3
2025-11-07T18:23:43.479817,18:23:43,2576.23,2576.23,3
2025-11-07T18:23:56.937953,18:23:56,2530.47,2530.47,3
2025-11-07T18:23:57.366459,18:23:57,2533.87,2533.87,3
2025-11-07T18:24:10.607004,18:24:10,2495.23,2495.23,3
2025-11-07T18:24:10.633203,18:24:10,2495.23,2495.23,3
2025-11-07T18:24:24.054615,18:24:24,2427.89,2427.89,3
2025-11-07T18:24:24.575465,18:24:24,2424.4,2424.4,3
2025-11-07T18:24:37.686692,18:24:37,2382.89,2382.89,3
2025-11-07T18:24:37.945129,18:24:37,2384.08,2384.08,3
2025-11-07T18:24:50.886588,18:24:50,2343.58,2343.58,3
2025-11-07T18:24:51.487546,18:24:51,2343.09,2343.09,3
2025-11-07T18:25:04.658734,18:25:04,2085.11,2085.11,3
2025-11-07T18:25:05.026166,18:25:05,2083.59,2083.59,3
2025-11-07T18:25:17.709072,18:25:17,2223.44,2223.44,3
2025-11-07T18:25:18.448640,18:25:18,2261.44,2261.44,3
2025-11-07T18:25:30.400663,18:25:30,2413.96,2413.96,3
2025-11-07T18:25:30.734099,18:25:30,2443.12,2443.12,3
2025-11-07T18:25:42.980673,18:25:42,2440.47,2440.47,3
2025-11-07T18:25:43.529636,18:25:43,2440.46,2440.46,3
2025-11-07T18:25:55.499155,18:25:55,2458.45,2458.45,3
2025-11-07T18:25:56.339530,18:25:56,2463.83,2463.83,3
2025-11-07T18:26:08.397529,18:26:08,2599.83,2599.83,3
2025-11-07T18:26:09.053603,18:26:09,2600.11,2600.11,3
2025-11-07T18:26:21.222741,18:26:21,2703.35,2703.35,3
2025-11-07T18:26:21.718110,18:26:21,2705.05,2705.05,3
2025-11-07T18:26:34.317206,18:26:34,2788.54,2788.54,3
2025-11-07T18:26:34.590336,18:26:34,2786.81,2786.81,3
2025-11-07T18:26:47.081356,18:26:47,2841.19,2841.19,3
2025-11-07T18:26:47.908231,18:26:47,2840.21,2840.21,3
2025-11-07T18:26:59.727081,18:26:59,2862.98,2862.98,3
2025-11-07T18:27:00.969946,18:27:00,2856.33,2856.33,3
2025-11-07T18:27:12.136644,18:27:12,2973.95,2973.95,3
2025-11-07T18:27:13.927930,18:27:13,2972.06,2972.06,3
2025-11-07T18:27:24.621786,18:27:24,3071.51,3071.51,3
2025-11-07T18:27:26.243237,18:27:26,3043.71,3043.71,3
2025-11-07T18:27:37.018404,18:27:37,3083.26,3083.26,3
2025-11-07T18:27:38.981338,18:27:38,3112.16,3112.16,3
2025-11-07T18:27:49.681253,18:27:49,3105.78,3105.78,3
2025-11-07T18:27:51.688598,18:27:51,3131.46,3131.46,3
2025-11-07T18:28:02.369169,18:28:02,2981.37,2981.37,3
2025-11-07T18:28:04.095345,18:28:04,2982.15,2982.15,3
2025-11-07T18:28:15.056853,18:28:15,3055.13,3055.13,3
2025-11-07T18:28:16.549834,18:28:16,3031.86,3031.86,3
2025-11-07T18:28:27.672873,18:28:27,2930.55,2930.55,3
2025-11-07T18:28:29.348767,18:28:29,2925.35,2925.35,3
2025-11-07T18:28:40.260453,18:28:40,2965.24,2965.24,3
2025-11-07T18:28:41.528448,18:28:41,2962.42,2962.42,3
2025-11-07T18:28:53.103491,18:28:53,2875.07,2875.07,3
2025-11-07T18:28:54.301672,18:28:54,2881.49,2881.49,3
2025-11-07T18:29:05.646854,18:29:05,2959.57,2959.57,3
2025-11-07T18:29:06.659477,18:29:06,2791.59,2791.59,3
2025-11-07T18:29:18.377740,18:29:18,2934.17,2934.17,3
2025-11-07T18:29:19.296180,18:29:19,2912.3,2912.3,3
2025-11-07T18:29:31.126340,18:29:31,2900.64,2900.64,3
2025-11-07T18:29:31.655909,18:29:31,2889.02,2889.02,3
2025-11-07T18:29:43.665961,18:29:43,2825.03,2825.03,3
2025-11-07T18:29:44.426115,18:29:44,2809.48,2809.48,3
2025-11-07T18:29:56.640869,18:29:56,2905.07,2905.07,3
2025-11-07T18:29:56.779923,18:29:56,2905.88,2905.88,3
2025-11-07T18:30:09.095054,18:30:09,2826.79,2826.79,3
2025-11-07T18:30:09.097866,18:30:09,2810.48,2810.48,3
2025-11-07T18:30:21.659200,18:30:21,2786.3,2786.3,3
2025-11-07T18:30:21.952529,18:30:21,2786.3,2786.3,3
2025-11-07T18:30:34.761703,18:30:34,2856.28,2856.28,3
2025-11-07T18:30:34.828863,18:30:34,2845.64,2845.64,3
2025-11-07T18:30:46.859721,18:30:46,2833.55,2833.55,3
2025-11-07T18:30:47.606498,18:30:47,2836.27,2836.27,3
2025-11-07T18:30:59.816950,18:30:59,2819.26,2819.26,3
2025-11-07T18:31:00.028937,18:31:00,2807.44,2807.44,3
2025-11-07T18:31:12.410634,18:31:12,2773.69,2773.69,3
2025-11-07T18:31:12.491273,18:31:12,2766.06,2766.06,3
2025-11-07T18:31:25.875356,18:31:25,2724.96,2724.96,3
2025-11-07T18:31:25.923538,18:31:25,2725.62,2725.62,3
2025-11-07T18:31:39.371477,18:31:39,2748.11,2748.11,3
2025-11-07T18:31:39.477680,18:31:39,2745.04,2745.04,3
2025-11-07T18:31:53.265428,18:31:53,2714.91,2714.91,3
2025-11-07T18:31:53.365906,18:31:53,2712.53,2712.53,3
2025-11-07T18:32:06.481211,18:32:06,2592.96,2592.96,3
2025-11-07T18:32:07.061262,18:32:07,2590.02,2590.02,3
2025-11-07T18:32:20.002915,18:32:20,2593.94,2593.94,3
2025-11-07T18:32:20.463200,18:32:20,2580.41,2580.41,3
2025-11-07T18:32:33.432126,18:32:33,2748.14,2748.14,3
2025-11-07T18:32:33.659173,18:32:33,2752.85,2752.85,3
2025-11-07T18:32:46.817767,18:32:46,2781.23,2781.23,3
2025-11-07T18:32:46.825817,18:32:46,2781.23,2781.23,3
2025-11-07T18:33:00.038605,18:33:00,2826.6,2826.6,3
2025-11-07T18:33:01.094734,18:33:01,2836.11,2836.11,3
2025-11-07T18:33:13.449530,18:33:13,2567.26,2567.26,3
2025-11-07T18:33:14.482782,18:33:14,2634.9,2634.9,3
2025-11-07T18:33:26.591209,18:33:26,2628.51,2628.51,3
2025-11-07T18:33:27.533332,18:33:27,2612.63,2612.63,3
2025-11-07T18:33:40.339019,18:33:40,2509.19,2509.19,3
2025-11-07T18:33:40.936941,18:33:40,2461.0,2461.0,3
2025-11-07T18:33:53.663605,18:33:53,2491.74,2491.74,3
2025-11-07T18:33:54.185601,18:33:54,2490.3,2490.3,3
2025-11-07T18:34:06.773875,18:34:06,2484.73,2484.73,3
2025-11-07T18:34:07.666182,18:34:07,2483.0,2483.0,3
2025-11-07T18:34:20.333557,18:34:20,2517.83,2517.83,3
2025-11-07T18:34:21.063012,18:34:21,2535.22,2535.22,3
2025-11-07T18:34:33.262454,18:34:33,2544.09,2544.09,3
2025-11-07T18:34:34.364043,18:34:34,2522.84,2522.84,3
2025-11-07T18:34:46.050319,18:34:46,2617.54,2617.54,3
2025-11-07T18:34:47.615093,18:34:47,2622.0,2622.0,3
2025-11-07T18:34:59.847602,18:34:59,2692.29,2692.29,3
2025-11-07T18:35:00.229717,18:35:00,2692.04,2692.04,3
2025-11-07T18:35:13.108815,18:35:13,2826.11,2826.11,3
2025-11-07T18:35:13.616633,18:35:13,2822.67,2822.67,3
2025-11-07T18:35:26.635275,18:35:26,3057.07,3057.07,3
2025-11-07T18:35:27.122530,18:35:27,3062.21,3062.21,3
2025-11-07T18:35:39.694306,18:35:39,3112.53,3112.53,3
2025-11-07T18:35:40.609246,18:35:40,3127.47,3127.47,3
2025-11-07T18:35:52.701181,18:35:52,3145.36,3145.36,3
2025-11-07T18:35:54.145545,18:35:54,3140.21,3140.21,3
2025-11-07T18:36:06.113241,18:36:06,3115.41,3115.41,3
2025-11-07T18:36:07.252049,18:36:07,3098.22,3098.22,3
2025-11-07T18:36:19.277469,18:36:19,3067.74,3067.74,3
2025-11-07T18:36:20.311766,18:36:20,3088.67,3088.67,3
2025-11-07T18:36:32.517542,18:36:32,3103.01,3103.01,3
2025-11-07T18:36:33.722295,18:36:33,3113.07,3113.07,3
2025-11-07T18:36:46.570124,18:36:46,2946.97,2946.97,3
2025-11-07T18:36:46.833875,18:36:46,2943.57,2943.57,3
2025-11-07T18:36:59.880047,18:36:59,2900.24,2900.24,3
2025-11-07T18:37:00.778008,18:37:00,2900.86,2900.86,3
2025-11-07T18:37:12.682488,18:37:12,2974.31,2974.31,3
2025-11-07T18:37:14.112357,18:37:14,2974.32,2974.32,3
2025-11-07T18:37:25.831943,18:37:25,2900.85,2900.85,3
2025-11-07T18:37:27.258116,18:37:27,2915.22,2915.22,3
2025-11-07T18:37:39.686199,18:37:39,2910.33,2910.33,3
2025-11-07T18:37:40.482948,18:37:40,2901.34,2901.34,3
2025-11-07T18:37:52.537377,18:37:52,2816.74,2816.74,3
2025-11-07T18:37:53.725734,18:37:53,2775.3,2775.3,3
2025-11-07T18:38:05.615818,18:38:05,2801.47,2801.47,3
2025-11-07T18:38:07.345104,18:38:07,2779.04,2779.04,3
2025-11-07T18:38:19.149524,18:38:19,2804.06,2804.06,3
2025-11-07T18:38:20.608619,18:38:20,2798.17,2798.17,3
2025-11-07T18:38:32.642794,18:38:32,2807.26,2807.26,3
2025-11-07T18:38:33.699637,18:38:33,2794.94,2794.94,3
2025-11-07T18:38:45.948464,18:38:45,2894.79,2894.79,3
2025-11-07T18:38:46.777671,18:38:46,2894.7,2894.7,3
2025-11-07T18:38:59.392968,18:38:59,3020.92,3020.92,3
2025-11-07T18:38:59.966629,18:38:59,3072.07,3072.07,3
2025-11-07T18:39:13.043916,18:39:13,3029.96,3029.96,3
2025-11-07T18:39:13.418117,18:39:13,3048.67,3048.67,3
2025-11-07T18:39:26.383777,18:39:26,3175.53,3175.53,3
2025-11-07T18:39:27.226320,18:39:27,3174.36,3174.36,3
2025-11-07T18:39:39.473873,18:39:39,3248.3,3248.3,3
2025-11-07T18:39:40.392701,18:39:40,3254.97,3254.97,3
2025-11-07T18:39:52.829697,18:39:52,3223.94,3223.94,3
2025-11-07T18:39:53.537430,18:39:53,3237.28,3237.28,3
2025-11-07T18:40:06.582992,18:40:06,3428.53,3428.53,3
2025-11-07T18:40:06.752454,18:40:06,3435.98,3435.98,3
2025-11-07T18:40:19.961313,18:40:19,3444.85,3444.85,3
2025-11-07T18:40:20.460278,18:40:20,3443.19,3443.19,3
2025-11-07T18:40:33.380156,18:40:33,3510.78,3510.78,3
2025-11-07T18:40:33.831451,18:40:33,3511.02,3511.02,3
2025-11-07T18:40:46.128457,18:40:46,3723.89,3723.89,3
2025-11-07T18:40:46.663385,18:40:46,3724.61,3724.61,3
2025-11-07T18:40:59.305601,18:40:59,3876.17,3876.17,3
2025-11-07T18:40:59.834172,18:40:59,3885.01,3885.01,3
2025-11-07T18:41:12.590470,18:41:12,4046.64,4046.64,3
2025-11-07T18:41:13.174874,18:41:13,4047.83,4047.83,3
2025-11-07T18:41:25.778625,18:41:25,4292.59,4292.59,3
2025-11-07T18:41:26.762033,18:41:26,4317.51,4317.51,3
2025-11-07T18:41:38.697553,18:41:38,4092.13,4092.13,3
2025-11-07T18:41:40.485616,18:41:40,4107.86,4107.86,3
2025-11-07T18:41:52.591279,18:41:52,4121.8,4121.8,3
2025-11-07T18:41:53.570169,18:41:53,4090.59,4090.59,3
2025-11-07T18:42:05.820136,18:42:05,4011.96,4011.96,3
2025-11-07T18:42:07.196283,18:42:07,3990.07,3990.07,3
2025-11-07T18:42:19.453859,18:42:19,3807.31,3807.31,3
2025-11-07T18:42:20.204920,18:42:20,3793.87,3793.87,3
2025-11-07T18:42:32.514386,18:42:32,3749.6,3749.6,3
2025-11-07T18:42:33.119951,18:42:33,3729.84,3729.84,3
2025-11-07T18:42:45.313921,18:42:45,3650.23,3650.23,3
2025-11-07T18:42:46.742197,18:42:46,3649.27,3649.27,3
2025-11-07T18:42:58.324677,18:42:58,3534.93,3534.93,3
2025-11-07T18:43:00.114141,18:43:00,3558.07,3558.07,3
2025-11-07T18:43:11.257401,18:43:11,3538.39,3538.39,3
2025-11-07T18:43:13.459535,18:43:13,3528.22,3528.22,3
2025-11-07T18:43:24.283589,18:43:24,3524.92,3524.92,3
2025-11-07T18:43:26.399476,18:43:26,3520.58,3520.58,3
2025-11-07T18:43:37.347415,18:43:37,3530.02,3530.02,3
2025-11-07T18:43:39.828091,18:43:39,3509.41,3509.41,3
2025-11-07T18:43:50.413935,18:43:50,3547.74,3547.74,3
2025-11-07T18:43:52.843212,18:43:52,3538.49,3538.49,3
2025-11-07T18:44:03.663747,18:44:03,3579.83,3579.83,3
2025-11-07T18:44:06.045373,18:44:06,3672.0,3672.0,3
2025-11-07T18:44:16.626388,18:44:16,3714.15,3714.15,3
2025-11-07T18:44:19.405462,18:44:19,3752.02,3752.02,3
2025-11-07T18:44:29.647941,18:44:29,3803.98,3803.98,3
2025-11-07T18:44:32.536083,18:44:32,3826.15,3826.15,3
2025-11-07T18:44:42.705980,18:44:42,3703.85,3703.85,3
2025-11-07T18:44:45.871283,18:44:45,3708.31,3708.31,3
2025-11-07T18:44:55.810531,18:44:55,3652.81,3652.81,3
2025-11-07T18:44:58.797218,18:44:58,3648.67,3648.67,3
2025-11-07T18:45:09.299310,18:45:09,3686.85,3686.85,3
2025-11-07T18:45:11.919146,18:45:11,3641.91,3641.91,3
2025-11-07T18:45:22.463905,18:45:22,3574.07,3574.07,3
2025-11-07T18:45:25.366735,18:45:25,3624.21,3624.21,3
2025-11-07T18:45:35.916140,18:45:35,3652.56,3652.56,3
2025-11-07T18:45:38.171181,18:45:38,3639.48,3639.48,3
2025-11-07T18:45:48.873652,18:45:48,3694.27,3694.27,3
2025-11-07T18:45:50.949866,18:45:50,3694.79,3694.79,3
2025-11-07T18:46:01.786394,18:46:01,3680.92,3680.92,3
2025-11-07T18:46:03.460030,18:46:03,3659.27,3659.27,3
2025-11-07T18:46:14.325470,18:46:14,3656.07,3656.07,3
2025-11-07T18:46:15.941074,18:46:15,3627.2,3627.2,3
2025-11-07T18:46:27.337677,18:46:27,3556.12,3556.12,3
2025-11-07T18:46:29.487441,18:46:29,3555.82,3555.82,3
2025-11-07T18:46:40.244859,18:46:40,3505.57,3505.57,3
2025-11-07T18:46:42.129952,18:46:42,3380.03,3380.03,3
2025-11-07T18:46:52.987209,18:46:52,3373.03,3373.03,3
2025-11-07T18:46:55.619819,18:46:55,3362.22,3362.22,3
2025-11-07T18:47:06.096740,18:47:06,3370.52,3370.52,3
2025-11-07T18:47:08.672088,18:47:08,3337.61,3337.61,3
2025-11-07T18:47:18.680952,18:47:18,3375.96,3375.96,3
2025-11-07T18:47:22.356370,18:47:22,3379.41,3379.41,3
2025-11-07T18:47:32.270763,18:47:32,3359.08,3359.08,3
2025-11-07T18:47:35.516725,18:47:35,3370.24,3370.24,3
2025-11-07T18:47:45.448753,18:47:45,3393.13,3393.13,3
2025-11-07T18:47:48.172811,18:47:48,3409.7,3409.7,3
2025-11-07T18:47:58.641823,18:47:58,3440.87,3440.87,3
2025-11-07T18:48:02.611453,18:48:02,3534.39,3534.39,3
2025-11-07T18:48:11.410455,18:48:11,3691.17,3691.17,3
2025-11-07T18:48:15.730045,18:48:15,3635.98,3635.98,3
2025-11-07T18:48:24.826639,18:48:24,3629.21,3629.21,3
2025-11-07T18:48:28.707880,18:48:28,3694.62,3694.62,3
2025-11-07T18:48:37.423218,18:48:37,3757.28,3757.28,3
2025-11-07T18:48:41.822425,18:48:41,3719.12,3719.12,3
2025-11-07T18:48:50.569378,18:48:50,3715.19,3715.19,3
2025-11-07T18:48:55.381268,18:48:55,3617.92,3617.92,3
2025-11-07T18:49:03.264599,18:49:03,3810.28,3810.28,3
2025-11-07T18:49:08.230516,18:49:08,3917.92,3917.92,3
2025-11-07T18:49:16.459515,18:49:16,3971.79,3971.79,3
2025-11-07T18:49:21.541965,18:49:21,4037.31,4037.31,3
2025-11-07T18:49:29.823469,18:49:29,4060.05,4060.05,3
2025-11-07T18:49:34.229841,18:49:34,4053.34,4053.34,3
2025-11-07T18:49:42.799758,18:49:42,4104.77,4104.77,3
2025-11-07T18:49:46.946399,18:49:46,4120.72,4120.72,3
2025-11-07T18:49:55.752761,18:49:55,4119.0,4119.0,3
2025-11-07T18:50:00.299123,18:50:00,4121.24,4121.24,3
2025-11-07T18:50:09.316770,18:50:09,4351.48,4351.48,3
2025-11-07T18:50:13.339778,18:50:13,4402.75,4402.75,3
2025-11-07T18:50:22.617916,18:50:22,4346.22,4346.22,3
2025-11-07T18:50:26.940500,18:50:26,4405.41,4405.41,3
2025-11-07T18:50:35.862896,18:50:35,4527.15,4527.15,3
2025-11-07T18:50:39.757690,18:50:39,4490.2,4490.2,3
2025-11-07T18:50:48.655003,18:50:48,4519.49,4519.49,3
2025-11-07T18:50:52.915347,18:50:52,4573.44,4573.44,3
2025-11-07T18:51:02.207741,18:51:02,4650.87,4650.87,3
2025-11-07T18:51:05.927391,18:51:05,4599.67,4599.67,3
2025-11-07T18:51:15.515822,18:51:15,4592.59,4592.59,3
2025-11-07T18:51:19.074844,18:51:19,4602.51,4602.51,3
2025-11-07T18:51:28.839117,18:51:28,4692.1,4692.1,3
2025-11-07T18:51:32.590954,18:51:32,4686.42,4686.42,3
2025-11-07T18:51:41.646004,18:51:41,4651.86,4651.86,3
2025-11-07T18:51:46.342480,18:51:46,4634.32,4634.32,3
2025-11-07T18:51:54.827889,18:51:54,4794.69,4794.69,3
2025-11-07T18:51:59.102425,18:51:59,4783.19,4783.19,3
2025-11-07T18:52:07.527168,18:52:07,4767.84,4767.84,3
2025-11-07T18:52:12.003310,18:52:12,4709.41,4709.41,3
2025-11-07T18:52:20.441342,18:52:20,4639.89,4639.89,3
2025-11-07T18:52:25.460449,18:52:25,4536.54,4536.54,3
2025-11-07T18:52:33.362382,18:52:33,4502.77,4502.77,3
2025-11-07T18:52:38.387572,18:52:38,4476.44,4476.44,3
2025-11-07T18:52:45.977511,18:52:45,4366.07,4366.07,3
2025-11-07T18:52:51.313536,18:52:51,4332.78,4332.78,3
2025-11-07T18:52:59.091037,18:52:59,4238.0,4238.0,3
2025-11-07T18:53:04.552556,18:53:04,4208.01,4208.01,3
2025-11-07T18:53:12.887719,18:53:12,4173.6,4173.6,3
2025-11-07T18:53:17.495795,18:53:17,4000.78,4000.78,3
2025-11-07T18:53:25.783041,18:53:25,4059.97,4059.97,3
2025-11-07T18:53:30.432122,18:53:30,4128.02,4128.02,3
2025-11-07T18:53:38.802596,18:53:38,4093.05,4093.05,3
2025-11-07T18:53:43.515637,18:53:43,4025.29,4025.29,3
2025-11-07T18:53:52.231753,18:53:52,4076.36,4076.36,3
2025-11-07T18:53:56.822007,18:53:56,4177.8,4177.8,3
2025-11-07T18:54:05.093244,18:54:05,4050.18,4050.18,3
2025-11-07T18:54:09.869835,18:54:09,4141.59,4141.59,3
2025-11-07T18:54:18.399135,18:54:18,4138.49,4138.49,3
2025-11-07T18:54:22.987973,18:54:22,4136.62,4136.62,3
2025-11-07T18:54:31.602169,18:54:31,4119.34,4119.34,3
2025-11-07T18:54:35.935188,18:54:35,4155.19,4155.19,3
2025-11-07T18:54:45.157797,18:54:45,4133.49,4133.49,3
2025-11-07T18:54:48.717512,18:54:48,4159.67,4159.67,3
2025-11-07T18:54:58.461382,18:54:58,4229.13,4229.13,3
2025-11-07T18:55:01.963620,18:55:01,4296.69,4296.69,3
2025-11-07T18:55:11.488204,18:55:11,4183.74,4183.74,3
2025-11-07T18:55:14.821612,18:55:14,4163.2,4163.2,3
2025-11-07T18:55:25.141268,18:55:25,4112.55,4112.55,3
2025-11-07T18:55:27.661909,18:55:27,4107.0,4107.0,3
2025-11-07T18:55:38.427220,18:55:38,4075.67,4075.67,3
2025-11-07T18:55:41.429019,18:55:41,4085.16,4085.16,3
2025-11-07T18:55:51.591152,18:55:51,4211.91,4211.91,3
2025-11-07T18:55:54.385078,18:55:54,4284.45,4284.45,3
2025-11-07T18:56:04.100124,18:56:04,4202.83,4202.83,3
2025-11-07T18:56:07.379146,18:56:07,4235.45,4235.45,3
2025-11-07T18:56:17.191658,18:56:17,4252.39,4252.39,3
2025-11-07T18:56:20.788942,18:56:20,4262.48,4262.48,3
2025-11-07T18:56:30.732831,18:56:30,4346.03,4346.03,3
2025-11-07T18:56:33.299312,18:56:33,4345.2,4345.2,3
2025-11-07T18:56:44.029878,18:56:44,4332.98,4332.98,3
2025-11-07T18:56:46.380905,18:56:46,4463.98,4463.98,3
2025-11-07T18:56:57.371642,18:56:57,4470.66,4470.66,3
2025-11-07T18:56:59.741028,18:56:59,4468.98,4468.98,3
2025-11-07T18:57:10.446648,18:57:10,4448.46,4448.46,3
2025-11-07T18:57:12.945273,18:57:12,4433.08,4433.08,3
2025-11-07T18:57:23.716624,18:57:23,4301.92,4301.92,3
2025-11-07T18:57:26.197511,18:57:26,4323.62,4323.62,3
2025-11-07T18:57:36.774033,18:57:36,4308.18,4308.18,3
2025-11-07T18:57:39.320131,18:57:39,4346.92,4346.92,3
2025-11-07T18:57:49.774708,18:57:49,4291.45,4291.45,3
2025-11-07T18:57:52.507398,18:57:52,4254.19,4254.19,3
2025-11-07T18:58:02.981121,18:58:02,4215.89,4215.89,3
2025-11-07T18:58:05.696802,18:58:05,4149.44,4149.44,3
2025-11-07T18:58:16.447628,18:58:16,3983.77,3983.77,3
2025-11-07T18:58:18.536097,18:58:18,4020.69,4020.69,3
2025-11-07T18:58:30.083852,18:58:30,4010.92,4010.92,3
2025-11-07T18:58:31.433567,18:58:31,3974.52,3974.52,3
2025-11-07T18:58:43.417687,18:58:43,3938.69,3938.69,3
2025-11-07T18:58:44.877287,18:58:44,3833.37,3833.37,3
2025-11-07T18:58:56.732509,18:58:56,3945.61,3945.61,3
2025-11-07T18:58:58.405192,18:58:58,3943.26,3943.26,3
2025-11-07T18:59:10.309473,18:59:10,3876.28,3876.28,3
2025-11-07T18:59:11.881514,18:59:11,3877.91,3877.91,3
2025-11-07T18:59:23.444992,18:59:23,3874.46,3874.46,3
2025-11-07T18:59:25.310989,18:59:25,3838.33,3838.33,3
2025-11-07T18:59:37.335888,18:59:37,3716.84,3716.84,3
2025-11-07T18:59:38.699943,18:59:38,3717.37,3717.37,3
2025-11-07T18:59:50.386603,18:59:50,3774.41,3774.41,3
2025-11-07T18:59:52.112413,18:59:52,3760.92,3760.92,3
2025-11-07T19:00:03.544403,19:00:03,3808.42,3808.42,3
2025-11-07T19:00:05.208573,19:00:05,3867.95,3867.95,3
2025-11-07T19:00:16.418583,19:00:16,3943.11,3943.11,3
2025-11-07T19:00:18.638969,19:00:18,3959.31,3959.31,3
2025-11-07T19:00:29.463506,19:00:29,3949.11,3949.11,3
2025-11-07T19:00:31.710393,19:00:31,4018.11,4018.11,3
2025-11-07T19:00:43.536895,19:00:43,3975.42,3975.42,3
2025-11-07T19:00:45.077153,19:00:45,3976.53,3976.53,3
2025-11-07T19:00:56.686659,19:00:56,4036.75,4036.75,3
2025-11-07T19:00:58.508951,19:00:58,4040.55,4040.55,3
2025-11-07T19:01:09.657479,19:01:09,4135.38,4135.38,3
2025-11-07T19:01:12.269694,19:01:12,4050.21,4050.21,3
2025-11-07T19:01:22.611088,19:01:22,3979.67,3979.67,3
2025-11-07T19:01:25.147325,19:01:25,3942.03,3942.03,3
2025-11-07T19:01:35.789943,19:01:35,3843.16,3843.16,3
2025-11-07T19:01:38.170209,19:01:38,3825.42,3825.42,3
2025-11-07T19:01:48.849434,19:01:48,3831.18,3831.18,3
2025-11-07T19:01:51.332620,19:01:51,3826.95,3826.95,3
2025-11-07T19:02:02.298397,19:02:02,3921.55,3921.55,3
2025-11-07T19:02:04.586886,19:02:04,3854.51,3854.51,3
2025-11-07T19:02:14.976708,19:02:14,3865.4,3865.4,3
2025-11-07T19:02:17.734710,19:02:17,3847.07,3847.07,3
2025-11-07T19:02:28.424942,19:02:28,3882.13,3882.13,3
2025-11-07T19:02:31.259605,19:02:31,3993.19,3993.19,3
2025-11-07T19:02:41.615075,19:02:41,3972.8,3972.8,3
2025-11-07T19:02:44.464421,19:02:44,4003.93,4003.93,3
2025-11-07T19:02:54.888648,19:02:54,3971.2,3971.2,3
2025-11-07T19:02:57.687173,19:02:57,3993.11,3993.11,3
2025-11-07T19:03:07.958397,19:03:07,3992.56,3992.56,3
2025-11-07T19:03:10.707836,19:03:10,3975.8,3975.8,3
2025-11-07T19:03:21.120615,19:03:21,4027.44,4027.44,3
2025-11-07T19:03:24.193276,19:03:24,4006.87,4006.87,3
2025-11-07T19:03:34.854809,19:03:34,3845.83,3845.83,3
2025-11-07T19:03:37.585929,19:03:37,3824.33,3824.33,3
2025-11-07T19:03:47.811202,19:03:47,3768.71,3768.71,3
2025-11-07T19:03:50.305274,19:03:50,3807.81,3807.81,3
2025-11-07T19:04:00.502084,19:04:00,3995.7,3995.7,3
2025-11-07T19:04:03.074200,19:04:03,3962.95,3962.95,3
2025-11-07T19:04:13.524110,19:04:13,3987.04,3987.04,3
2025-11-07T19:04:16.328878,19:04:16,3943.93,3943.93,3
2025-11-07T19:04:26.519686,19:04:26,3918.62,3918.62,3
2025-11-07T19:04:29.553138,19:04:29,3888.8,3888.8,3
2025-11-07T19:04:39.267507,19:04:39,3853.86,3853.86,3
2025-11-07T19:04:42.151885,19:04:42,3862.21,3862.21,3
2025-11-07T19:04:52.548281,19:04:52,3941.26,3941.26,3
2025-11-07T19:04:55.395313,19:04:55,3941.16,3941.16,3
2025-11-07T19:05:05.901421,19:05:05,4032.49,4032.49,3
2025-11-07T19:05:08.219974,19:05:08,3958.72,3958.72,3
2025-11-07T19:05:18.814320,19:05:18,4047.58,4047.58,3
2025-11-07T19:05:21.490077,19:05:21,4058.32,4058.32,3
2025-11-07T19:05:31.863055,19:05:31,3981.24,3981.24,3
2025-11-07T19:05:34.219384,19:05:34,3985.19,3985.19,3
2025-11-07T19:05:45.144979,19:05:45,4065.05,4065.05,3
2025-11-07T19:05:47.216187,19:05:47,4065.54,4065.54,3
2025-11-07T19:05:58.127153,19:05:58,4149.26,4149.26,3
2025-11-07T19:06:00.451715,19:06:00,4156.69,4156.69,3
2025-11-07T19:06:11.297580,19:06:11,4141.09,4141.09,3
2025-11-07T19:06:13.227977,19:06:13,4127.78,4127.78,3
2025-11-07T19:06:24.609662,19:06:24,4015.91,4015.91,3
2025-11-07T19:06:26.003337,19:06:26,4037.1,4037.1,3
2025-11-07T19:06:37.893481,19:06:37,4134.39,4134.39,3
2025-11-07T19:06:39.543475,19:06:39,4151.98,4151.98,3
2025-11-07T19:06:51.257918,19:06:51,4157.93,4157.93,3
2025-11-07T19:06:52.810612,19:06:52,4188.05,4188.05,3
2025-11-07T19:07:05.173372,19:07:05,4294.95,4294.95,3
2025-11-07T19:07:06.097432,19:07:06,4276.55,4276.55,3
2025-11-07T19:07:18.151169,19:07:18,4290.73,4290.73,3
2025-11-07T19:07:19.304113,19:07:19,4272.87,4272.87,3
2025-11-07T19:07:31.541386,19:07:31,4203.02,4203.02,3
2025-11-07T19:07:32.320790,19:07:32,4227.66,4227.66,3
2025-11-07T19:07:44.618223,19:07:44,4184.43,4184.43,3
2025-11-07T19:07:45.161903,19:07:45,4195.56,4195.56,3
2025-11-07T19:07:58.046808,19:07:58,4220.44,4220.44,3
2025-11-07T19:07:58.870519,19:07:58,4260.62,4260.62,3
2025-11-07T19:08:11.174105,19:08:11,4214.81,4214.81,3
2025-11-07T19:08:12.267308,19:08:12,4206.43,4206.43,3
2025-11-07T19:08:24.251851,19:08:24,4265.42,4265.42,3
2025-11-07T19:08:25.074669,19:08:25,4276.29,4276.29,3
2025-11-07T19:08:37.126238,19:08:37,4337.77,4337.77,3
2025-11-07T19:08:38.584722,19:08:38,4344.14,4344.14,3
2025-11-07T19:08:50.609049,19:08:50,4382.19,4382.19,3
2025-11-07T19:08:51.632319,19:08:51,4398.23,4398.23,3
2025-11-07T19:09:04.311025,19:09:04,4358.55,4358.55,3
2025-11-07T19:09:05.287797,19:09:05,4368.27,4368.27,3
2025-11-07T19:09:17.828023,19:09:17,4440.82,4440.82,3
2025-11-07T19:09:19.288103,19:09:19,4435.41,4435.41,3
2025-11-07T19:09:30.358904,19:09:30,4418.67,4418.67,3
2025-11-07T19:09:32.477242,19:09:32,4388.37,4388.37,3
2025-11-07T19:09:43.611667,19:09:43,4346.63,4346.63,3
2025-11-07T19:09:45.573123,19:09:45,4345.99,4345.99,3
2025-11-07T19:09:56.710140,19:09:56,4267.14,4267.14,3
2025-11-07T19:09:58.618590,19:09:58,4329.57,4329.57,3
2025-11-07T19:10:10.490285,19:10:10,4171.72,4171.72,3
2025-11-07T19:10:12.401762,19:10:12,4164.76,4164.76,3
2025-11-07T19:10:23.570736,19:10:23,4171.55,4171.55,3
2025-11-07T19:10:25.603933,19:10:25,4174.17,4174.17,3
2025-11-07T19:10:37.184989,19:10:37,4183.63,4183.63,3
2025-11-07T19:10:38.786024,19:10:38,4187.46,4187.46,3
2025-11-07T19:10:52.122131,19:10:52,4172.39,4172.39,3
2025-11-07T19:10:52.337135,19:10:52,4153.91,4153.91,3
2025-11-07T19:11:05.397070,19:11:05,4140.24,4140.24,3
2025-11-07T19:11:06.213756,19:11:06,4207.31,4207.31,3
2025-11-07T19:11:18.826284,19:11:18,4218.42,4218.42,3
2025-11-07T19:11:19.494295,19:11:19,4206.51,4206.51,3
2025-11-07T19:11:32.592657,19:11:32,4147.84,4147.84,3
2025-11-07T19:11:32.808640,19:11:32,4153.6,4153.6,3
2025-11-07T19:11:46.317198,19:11:46,4249.17,4249.17,3
2025-11-07T19:11:46.341322,19:11:46,4249.4,4249.4,3
2025-11-07T19:11:59.225467,19:11:59,4148.23,4148.23,3
2025-11-07T19:11:59.690841,19:11:59,4146.57,4146.57,3
2025-11-07T19:12:12.424350,19:12:12,3996.68,3996.68,3
2025-11-07T19:12:13.533557,19:12:13,3982.36,3982.36,3
2025-11-07T19:12:26.477787,19:12:26,3869.08,3869.08,3
2025-11-07T19:12:26.864826,19:12:26,3889.66,3889.66,3
2025-11-07T19:12:40.240717,19:12:40,3887.43,3887.43,3
2025-11-07T19:12:40.753859,19:12:40,3870.72,3870.72,3
2025-11-07T19:12:53.558261,19:12:53,3761.55,3761.55,3
2025-11-07T19:12:54.192112,19:12:54,3776.92,3776.92,3
2025-11-07T19:13:07.000001,19:13:07,3823.07,3823.07,3
2025-11-07T19:13:07.648759,19:13:07,3810.32,3810.32,3
2025-11-07T19:13:20.413944,19:13:20,3887.92,3887.92,3
2025-11-07T19:13:21.216853,19:13:21,3915.41,3915.41,3
2025-11-07T19:13:34.321573,19:13:34,3986.3,3986.3,3
2025-11-07T19:13:35.040734,19:13:35,3992.51,3992.51,3
2025-11-07T19:13:47.307575,19:13:47,3870.42,3870.42,3
2025-11-07T19:13:48.399046,19:13:48,3877.13,3877.13,3
2025-11-07T19:14:00.755840,19:14:00,3964.1,3964.1,3
2025-11-07T19:14:02.415867,19:14:02,3964.65,3964.65,3
2025-11-07T19:14:14.465755,19:14:14,3962.56,3962.56,3
2025-11-07T19:14:15.370032,19:14:15,3985.92,3985.92,3
2025-11-07T19:14:28.320824,19:14:28,4056.49,4056.49,3
2025-11-07T19:14:28.963656,19:14:28,4056.78,4056.78,3
2025-11-07T19:14:41.344319,19:14:41,4045.87,4045.87,3
2025-11-07T19:14:42.138753,19:14:42,4066.18,4066.18,3
2025-11-07T19:14:54.733867,19:14:54,4040.17,4040.17,3
2025-11-07T19:14:55.355528,19:14:55,4042.17,4042.17,3
2025-11-07T19:15:08.554652,19:15:08,4080.55,4080.55,3
2025-11-07T19:15:08.838200,19:15:08,4092.6,4092.6,3
2025-11-07T19:15:22.070557,19:15:22,4159.29,4159.29,3
2025-11-07T19:15:22.204748,19:15:22,4160.61,4160.61,3
2025-11-07T19:15:35.535262,19:15:35,4086.43,4086.43,3
2025-11-07T19:15:35.623301,19:15:35,4096.42,4096.42,3
2025-11-07T19:15:48.605241,19:15:48,4166.35,4166.35,3
2025-11-07T19:15:48.748761,19:15:48,4163.58,4163.58,3
2025-11-07T19:16:01.883702,19:16:01,4280.22,4280.22,3
2025-11-07T19:16:02.029360,19:16:02,4296.02,4296.02,3
2025-11-07T19:16:15.064519,19:16:15,4452.53,4452.53,3
2025-11-07T19:16:15.169985,19:16:15,4452.53,4452.53,3
2025-11-07T19:16:27.799069,19:16:27,4295.55,4295.55,3
2025-11-07T19:16:28.486200,19:16:28,4292.16,4292.16,3
2025-11-07T19:16:40.724880,19:16:40,4359.8,4359.8,3
2025-11-07T19:16:41.949439,19:16:41,4341.09,4341.09,3
2025-11-07T19:16:53.500243,19:16:53,4399.44,4399.44,3
2025-11-07T19:16:54.828859,19:16:54,4398.84,4398.84,3
2025-11-07T19:17:06.430791,19:17:06,4298.97,4298.97,3
2025-11-07T19:17:07.774567,19:17:07,4298.87,4298.87,3
2025-11-07T19:17:19.247677,19:17:19,4357.89,4357.89,3
2025-11-07T19:17:20.645721,19:17:20,4350.65,4350.65,3
2025-11-07T19:17:32.434340,19:17:32,4347.59,4347.59,3
2025-11-07T19:17:33.596168,19:17:33,4355.84,4355.84,3
2025-11-07T19:17:45.850687,19:17:45,4377.11,4377.11,3
2025-11-07T19:17:46.746017,19:17:46,4391.4,4391.4,3
2025-11-07T19:17:59.275165,19:17:59,4407.68,4407.68,3
2025-11-07T19:18:00.440532,19:18:00,4407.45,4407.45,3
2025-11-07T19:18:12.439721,19:18:12,4457.93,4457.93,3
2025-11-07T19:18:14.064388,19:18:14,4461.58,4461.58,3
2025-11-07T19:18:25.248108,19:18:25,4489.83,4489.83,3
2025-11-07T19:18:27.052134,19:18:27,4489.18,4489.18,3
2025-11-07T19:18:38.609820,19:18:38,4514.37,4514.37,3
2025-11-07T19:18:40.812819,19:18:40,4525.0,4525.0,3
2025-11-07T19:18:51.683569,19:18:51,4549.87,4549.87,3
2025-11-07T19:18:54.186010,19:18:54,4579.47,4579.47,3
2025-11-07T19:19:04.766297,19:19:04,4641.9,4641.9,3
2025-11-07T19:19:06.808898,19:19:06,4666.65,4666.65,3
2025-11-07T19:19:18.304231,19:19:18,4602.09,4602.09,3
2025-11-07T19:19:19.977003,19:19:19,4626.99,4626.99,3
2025-11-07T19:19:31.561131,19:19:31,4592.44,4592.44,3
2025-11-07T19:19:33.519539,19:19:33,4588.01,4588.01,3
2025-11-07T19:19:44.874657,19:19:44,4574.63,4574.63,3
2025-11-07T19:19:46.852274,19:19:46,4580.04,4580.04,3
2025-11-07T19:19:58.197784,19:19:58,4612.37,4612.37,3
2025-11-07T19:19:59.783088,19:19:59,4607.69,4607.69,3
2025-11-07T19:20:12.597062,19:20:12,4642.94,4642.94,3
2025-11-07T19:20:13.841874,19:20:13,4613.93,4613.93,3
2025-11-07T19:20:25.781272,19:20:25,4658.13,4658.13,3
2025-11-07T19:20:26.835445,19:20:26,4674.97,4674.97,3
2025-11-07T19:20:39.441184,19:20:39,4712.99,4712.99,3
2025-11-07T19:20:39.536877,19:20:39,4727.27,4727.27,3
2025-11-07T19:20:52.211606,19:20:52,4679.69,4679.69,3
2025-11-07T19:20:52.960104,19:20:52,4682.2,4682.2,3
2025-11-07T19:21:05.492697,19:21:05,4664.41,4664.41,3
2025-11-07T19:21:06.312135,19:21:06,4664.19,4664.19,3
2025-11-07T19:21:18.758313,19:21:18,4634.63,4634.63,3
2025-11-07T19:21:19.465482,19:21:19,4641.18,4641.18,3
2025-11-07T19:21:32.483233,19:21:32,4831.57,4831.57,3
2025-11-07T19:21:33.062575,19:21:33,4831.81,4831.81,3
2025-11-07T19:21:45.700719,19:21:45,4819.05,4819.05,3
2025-11-07T19:21:46.839925,19:21:46,4798.1,4798.1,3
2025-11-07T19:21:58.981700,19:21:58,4846.12,4846.12,3
2025-11-07T19:22:00.136107,19:22:00,4841.74,4841.74,3
2025-11-07T19:22:12.501243,19:22:12,4734.04,4734.04,3
2025-11-07T19:22:13.707100,19:22:13,4727.81,4727.81,3
2025-11-07T19:22:25.584337,19:22:25,4734.37,4734.37,3
2025-11-07T19:22:27.314455,19:22:27,4739.04,4739.04,3
2025-11-07T19:22:38.289502,19:22:38,4734.28,4734.28,3
2025-11-07T19:22:40.468646,19:22:40,4710.17,4710.17,3
2025-11-07T19:22:51.516601,19:22:51,4647.24,4647.24,3
2025-11-07T19:22:53.719995,19:22:53,4661.78,4661.78,3
2025-11-07T19:23:04.630601,19:23:04,4704.9,4704.9,3
2025-11-07T19:23:07.473760,19:23:07,4700.19,4700.19,3
2025-11-07T19:23:17.874016,19:23:17,4756.09,4756.09,3
2025-11-07T19:23:20.390027,19:23:20,4754.9,4754.9,3
2025-11-07T19:23:31.500270,19:23:31,4739.73,4739.73,3
2025-11-07T19:23:33.760700,19:23:33,4752.22,4752.22,3
2025-11-07T19:23:44.757207,19:23:44,4780.02,4780.02,3
2025-11-07T19:23:47.113409,19:23:47,4772.07,4772.07,3
2025-11-07T19:23:57.694604,19:23:57,4820.62,4820.62,3
2025-11-07T19:24:00.440597,19:24:00,4828.53,4828.53,3
2025-11-07T19:24:11.123258,19:24:11,4881.59,4881.59,3
2025-11-07T19:24:13.648073,19:24:13,4875.21,4875.21,3
2025-11-07T19:24:23.959599,19:24:23,4876.49,4876.49,3
2025-11-07T19:24:26.538382,19:24:26,4870.0,4870.0,3
2025-11-07T19:24:37.355507,19:24:37,4736.85,4736.85,3
2025-11-07T19:24:39.142959,19:24:39,4739.47,4739.47,3
2025-11-07T19:24:51.281433,19:24:51,4635.98,4635.98,3
2025-11-07T19:24:52.568606,19:24:52,4636.99,4636.99,3
2025-11-07T19:25:04.680194,19:25:04,4603.65,4603.65,3
2025-11-07T19:25:06.256459,19:25:06,4574.56,4574.56,3
2025-11-07T19:25:18.150721,19:25:18,4589.68,4589.68,3
2025-11-07T19:25:19.534420,19:25:19,4589.9,4589.9,3
2025-11-07T19:25:31.420788,19:25:31,4597.27,4597.27,3
2025-11-07T19:25:32.689448,19:25:32,4605.59,4605.59,3
2025-11-07T19:25:45.215451,19:25:45,4666.12,4666.12,3
2025-11-07T19:25:46.105767,19:25:46,4638.85,4638.85,3
2025-11-07T19:25:58.699716,19:25:58,4497.62,4497.62,3
2025-11-07T19:25:59.519398,19:25:59,4494.37,4494.37,3
2025-11-07T19:26:12.628690,19:26:12,4574.91,4574.91,3
2025-11-07T19:26:12.894216,19:26:12,4576.08,4576.08,3
2025-11-07T19:26:26.003474,19:26:26,4560.82,4560.82,3
2025-11-07T19:26:26.386625,19:26:26,4548.6,4548.6,3
2025-11-07T19:26:39.251090,19:26:39,4534.81,4534.81,3
2025-11-07T19:26:39.924576,19:26:39,4535.81,4535.81,3
2025-11-07T19:26:52.460235,19:26:52,4513.61,4513.61,3
2025-11-07T19:26:53.172182,19:26:53,4488.53,4488.53,3
2025-11-07T19:27:05.688258,19:27:05,4479.15,4479.15,3
2025-11-07T19:27:06.493747,19:27:06,4471.1,4471.1,3
2025-11-07T19:27:18.812174,19:27:18,4429.48,4429.48,3
2025-11-07T19:27:19.864619,19:27:19,4380.71,4380.71,3
2025-11-07T19:27:32.299308,19:27:32,4404.23,4404.23,3
2025-11-07T19:27:33.164238,19:27:33,4405.27,4405.27,3
2025-11-07T19:27:45.429486,19:27:45,4415.75,4415.75,3
2025-11-07T19:27:47.138238,19:27:47,4416.12,4416.12,3
2025-11-07T19:27:58.645299,19:27:58,4443.36,4443.36,3
2025-11-07T19:28:00.176508,19:28:00,4437.41,4437.41,3
2025-11-07T19:28:12.210124,19:28:12,4399.26,4399.26,3
2025-11-07T19:28:13.097046,19:28:13,4380.48,4380.48,3
2025-11-07T19:28:25.668531,19:28:25,4418.31,4418.31,3
2025-11-07T19:28:26.897622,19:28:26,4418.29,4418.29,3
2025-11-07T19:28:39.944912,19:28:39,4407.99,4407.99,3
2025-11-07T19:28:40.420502,19:28:40,4406.87,4406.87,3
2025-11-07T19:28:53.606699,19:28:53,4265.74,4265.74,3
2025-11-07T19:28:53.844567,19:28:53,4265.74,4265.74,3
2025-11-07T19:29:06.669838,19:29:06,4224.54,4224.54,3
2025-11-07T19:29:07.141114,19:29:07,4178.59,4178.59,3
2025-11-07T19:29:20.245008,19:29:20,4159.73,4159.73,3
2025-11-07T19:29:20.998284,19:29:20,4157.7,4157.7,3
2025-11-07T19:29:33.900328,19:29:33,4296.05,4296.05,3
2025-11-07T19:29:34.177670,19:29:34,4295.93,4295.93,3
2025-11-07T19:29:47.173936,19:29:47,4295.36,4295.36,3
2025-11-07T19:29:47.596156,19:29:47,4289.69,4289.69,3
2025-11-07T19:30:00.421459,19:30:00,4382.55,4382.55,3
2025-11-07T19:30:01.571157,19:30:01,4364.39,4364.39,3
2025-11-07T19:30:14.040708,19:30:14,4289.35,4289.35,3
2025-11-07T19:30:16.305173,19:30:16,4295.41,4295.41,3
2025-11-07T19:30:27.467495,19:30:27,4313.21,4313.21,3
2025-11-07T19:30:29.427751,19:30:29,4305.31,4305.31,3
2025-11-07T19:30:40.897582,19:30:40,4330.39,4330.39,3
2025-11-07T19:30:42.884851,19:30:42,4345.67,4345.67,3
2025-11-07T19:30:54.415100,19:30:54,4419.23,4419.23,3
2025-11-07T19:30:56.530433,19:30:56,4423.37,4423.37,3
2025-11-07T19:31:07.749610,19:31:07,4376.49,4376.49,3
2025-11-07T19:31:10.063567,19:31:10,4389.16,4389.16,3
2025-11-07T19:31:20.551204,19:31:20,4344.44,4344.44,3
2025-11-07T19:31:23.339671,19:31:23,4338.95,4338.95,3
2025-11-07T19:31:33.646178,19:31:33,4269.74,4269.74,3
2025-11-07T19:31:36.724131,19:31:36,4257.8,4257.8,3
2025-11-07T19:31:46.517079,19:31:46,4152.45,4152.45,3
2025-11-07T19:31:50.391832,19:31:50,4135.12,4135.12,3
2025-11-07T19:31:59.686693,19:31:59,4113.82,4113.82,3
2025-11-07T19:32:03.574799,19:32:03,4059.61,4059.61,3
2025-11-07T19:32:12.744648,19:32:12,4002.53,4002.53,3
2025-11-07T19:32:16.594402,19:32:16,4069.05,4069.05,3
2025-11-07T19:32:26.200384,19:32:26,4107.56,4107.56,3
2025-11-07T19:32:29.465438,19:32:29,4027.53,4027.53,3
2025-11-07T19:32:39.626815,19:32:39,4045.68,4045.68,3
2025-11-07T19:32:41.749193,19:32:41,4026.97,4026.97,3
2025-11-07T19:32:53.150310,19:32:53,4024.32,4024.32,3
2025-11-07T19:32:55.220180,19:32:55,4024.86,4024.86,3
2025-11-07T19:33:06.635312,19:33:06,3962.52,3962.52,3
2025-11-07T19:33:08.092278,19:33:08,3968.62,3968.62,3
2025-11-07T19:33:19.741698,19:33:19,4099.65,4099.65,3
2025-11-07T19:33:21.783554,19:33:21,4136.83,4136.83,3
2025-11-07T19:33:33.225166,19:33:33,4250.83,4250.83,3
2025-11-07T19:33:34.839739,19:33:34,4243.56,4243.56,3
2025-11-07T19:33:46.462068,19:33:46,4240.98,4240.98,3
2025-11-07T19:33:48.149119,19:33:48,4251.38,4251.38,3
2025-11-07T19:33:59.402809,19:33:59,4180.92,4180.92,3
2025-11-07T19:34:01.117180,19:34:01,4193.74,4193.74,3
2025-11-07T19:34:12.499800,19:34:12,4252.31,4252.31,3
2025-11-07T19:34:14.202367,19:34:14,4251.85,4251.85,3
2025-11-07T19:34:25.925202,19:34:25,4262.34,4262.34,3
2025-11-07T19:34:27.754621,19:34:27,4261.08,4261.08,3
2025-11-07T19:34:39.342381,19:34:39,4212.46,4212.46,3
2025-11-07T19:34:40.901509,19:34:40,4223.47,4223.47,3
2025-11-07T19:34:52.695582,19:34:52,4209.98,4209.98,3
2025-11-07T19:34:54.129937,19:34:54,4197.2,4197.2,3
2025-11-07T19:35:06.413717,19:35:06,4049.44,4049.44,3
2025-11-07T19:35:07.275530,19:35:07,4023.6,4023.6,3
2025-11-07T19:35:19.819152,19:35:19,4058.89,4058.89,3
2025-11-07T19:35:20.946922,19:35:20,4058.42,4058.42,3
2025-11-07T19:35:33.581291,19:35:33,3905.4,3905.4,3
2025-11-07T19:35:34.465654,19:35:34,3913.54,3913.54,3
2025-11-07T19:35:47.184741,19:35:47,3763.52,3763.52,3
2025-11-07T19:35:47.320693,19:35:47,3783.87,3783.87,3
2025-11-07T19:36:00.301808,19:36:00,3682.93,3682.93,3
2025-11-07T19:36:00.944627,19:36:00,3677.87,3677.87,3
2025-11-07T19:36:13.560472,19:36:13,3642.08,3642.08,3
2025-11-07T19:36:14.650018,19:36:14,3612.43,3612.43,3
2025-11-07T19:36:26.229283,19:36:26,3660.3,3660.3,3
2025-11-07T19:36:28.273776,19:36:28,3682.46,3682.46,3
2025-11-07T19:36:39.922874,19:36:39,3713.15,3713.15,3
2025-11-07T19:36:41.336514,19:36:41,3665.95,3665.95,3
2025-11-07T19:36:52.659215,19:36:52,3656.72,3656.72,3
2025-11-07T19:36:54.133511,19:36:54,3658.18,3658.18,3
2025-11-07T19:37:05.388202,19:37:05,3728.81,3728.81,3
2025-11-07T19:37:07.095146,19:37:07,3669.11,3669.11,3
2025-11-07T19:37:18.592518,19:37:18,3733.6,3733.6,3
2025-11-07T19:37:20.262943,19:37:20,3736.98,3736.98,3
2025-11-07T19:37:31.670517,19:37:31,3766.79,3766.79,3
2025-11-07T19:37:33.604531,19:37:33,3758.46,3758.46,3
2025-11-07T19:37:44.408932,19:37:44,3732.3,3732.3,3
2025-11-07T19:37:46.752476,19:37:46,3753.08,3753.08,3
2025-11-07T19:37:57.648158,19:37:57,3719.05,3719.05,3
2025-11-07T19:37:59.794686,19:37:59,3656.49,3656.49,3
2025-11-07T19:38:11.194670,19:38:11,3697.63,3697.63,3
2025-11-07T19:38:13.617735,19:38:13,3724.32,3724.32,3
2025-11-07T19:38:24.206106,19:38:24,3667.75,3667.75,3
2025-11-07T19:38:27.139638,19:38:27,3655.78,3655.78,3
2025-11-07T19:38:37.022573,19:38:37,3686.34,3686.34,3
2025-11-07T19:38:40.190314,19:38:40,3662.07,3662.07,3
2025-11-07T19:38:49.750990,19:38:49,3801.12,3801.12,3
2025-11-07T19:38:53.189395,19:38:53,3863.35,3863.35,3
2025-11-07T19:39:02.779930,19:39:02,3867.84,3867.84,3
2025-11-07T19:39:06.302091,19:39:06,3768.79,3768.79,3
2025-11-07T19:39:15.948630,19:39:15,3865.71,3865.71,3
2025-11-07T19:39:19.411082,19:39:19,3878.56,3878.56,3
2025-11-07T19:39:29.430609,19:39:29,4022.03,4022.03,3
2025-11-07T19:39:32.349674,19:39:32,3940.76,3940.76,3
2025-11-07T19:39:42.664059,19:39:42,3974.05,3974.05,3
2025-11-07T19:39:45.729393,19:39:45,3993.29,3993.29,3
2025-11-07T19:39:56.188771,19:39:56,3991.37,3991.37,3
2025-11-07T19:39:58.728702,19:39:58,3978.8,3978.8,3
2025-11-07T19:40:10.585215,19:40:10,4192.45,4192.45,3
2025-11-07T19:40:12.794360,19:40:12,4248.74,4248.74,3
2025-11-07T19:40:24.380730,19:40:24,4414.25,4414.25,3
2025-11-07T19:40:26.952633,19:40:26,4378.38,4378.38,3
2025-11-07T19:40:37.797115,19:40:37,4485.14,4485.14,3
2025-11-07T19:40:40.212981,19:40:40,4524.92,4524.92,3
2025-11-07T19:40:51.346710,19:40:51,4365.66,4365.66,3
2025-11-07T19:40:53.416220,19:40:53,4378.63,4378.63,3
2025-11-07T19:41:04.271996,19:41:04,4527.08,4527.08,3
2025-11-07T19:41:06.573416,19:41:06,4524.62,4524.62,3
2025-11-07T19:41:17.468365,19:41:17,4532.18,4532.18,3
2025-11-07T19:41:20.421023,19:41:20,4499.91,4499.91,3
2025-11-07T19:41:30.531453,19:41:30,4515.28,4515.28,3
2025-11-07T19:41:33.612696,19:41:33,4482.17,4482.17,3
2025-11-07T19:41:43.849564,19:41:43,4476.73,4476.73,3
2025-11-07T19:41:46.764419,19:41:46,4525.74,4525.74,3
2025-11-07T19:41:56.964660,19:41:56,4462.04,4462.04,3
2025-11-07T19:41:59.872082,19:41:59,4459.04,4459.04,3
2025-11-07T19:42:10.600192,19:42:10,4591.9,4591.9,3
2025-11-07T19:42:13.171070,19:42:13,4629.62,4629.62,3
2025-11-07T19:42:24.418578,19:42:24,4596.66,4596.66,3
2025-11-07T19:42:26.015536,19:42:26,4575.22,4575.22,3
2025-11-07T19:42:37.776991,19:42:37,4595.1,4595.1,3
2025-11-07T19:42:39.624281,19:42:39,4592.97,4592.97,3
2025-11-07T19:42:51.280275,19:42:51,4570.79,4570.79,3
2025-11-07T19:42:53.084102,19:42:53,4571.23,4571.23,3
2025-11-07T19:43:04.474615,19:43:04,4595.16,4595.16,3
2025-11-07T19:43:06.323132,19:43:06,4616.92,4616.92,3
2025-11-07T19:43:17.406350,19:43:17,4641.8,4641.8,3
2025-11-07T19:43:19.546692,19:43:19,4676.29,4676.29,3
2025-11-07T19:43:30.682657,19:43:30,4729.91,4729.91,3
2025-11-07T19:43:32.792547,19:43:32,4785.7,4785.7,3
2025-11-07T19:43:44.485420,19:43:44,4796.0,4796.0,3
2025-11-07T19:43:46.058384,19:43:46,4792.21,4792.21,3
2025-11-07T19:43:57.732233,19:43:57,4685.79,4685.79,3
2025-11-07T19:43:59.720357,19:43:59,4697.91,4697.91,3
2025-11-07T19:44:11.482629,19:44:11,4589.49,4589.49,3
2025-11-07T19:44:12.798806,19:44:12,4580.71,4580.71,3
2025-11-07T19:44:24.678530,19:44:24,4564.74,4564.74,3
2025-11-07T19:44:26.353205,19:44:26,4496.67,4496.67,3
2025-11-07T19:44:37.858895,19:44:37,4542.77,4542.77,3
2025-11-07T19:44:39.479475,19:44:39,4524.18,4524.18,3
2025-11-07T19:44:51.448672,19:44:51,4414.41,4414.41,3
2025-11-07T19:44:53.132049,19:44:53,4423.05,4423.05,3
2025-11-07T19:45:04.196746,19:45:04,4389.2,4389.2,3
2025-11-07T19:45:06.296128,19:45:06,4428.7,4428.7,3
2025-11-07T19:45:17.579869,19:45:17,4388.68,4388.68,3
2025-11-07T19:45:19.920485,19:45:19,4365.29,4365.29,3
2025-11-07T19:45:30.788931,19:45:30,4361.2,4361.2,3
2025-11-07T19:45:33.435617,19:45:33,4373.74,4373.74,3
2025-11-07T19:45:43.950828,19:45:43,4336.86,4336.86,3
2025-11-07T19:45:46.702235,19:45:46,4283.3,4283.3,3
2025-11-07T19:45:56.666921,19:45:56,4067.34,4067.34,3
2025-11-07T19:45:59.649845,19:45:59,4081.25,4081.25,3
2025-11-07T19:46:09.252532,19:46:09,4092.73,4092.73,3
2025-11-07T19:46:13.030362,19:46:13,4049.13,4049.13,3
2025-11-07T19:46:22.428225,19:46:22,4136.87,4136.87,3
2025-11-07T19:46:26.454518,19:46:26,4147.39,4147.39,3
2025-11-07T19:46:35.272492,19:46:35,4130.97,4130.97,3
2025-11-07T19:46:39.520193,19:46:39,4142.35,4142.35,3
2025-11-07T19:46:48.090039,19:46:48,4176.8,4176.8,3
2025-11-07T19:46:52.859785,19:46:52,4193.08,4193.08,3
2025-11-07T19:47:01.616339,19:47:01,4161.79,4161.79,3
2025-11-07T19:47:06.135809,19:47:06,4140.06,4140.06,3
2025-11-07T19:47:14.757768,19:47:14,4171.05,4171.05,3
2025-11-07T19:47:19.487354,19:47:19,4183.14,4183.14,3
2025-11-07T19:47:27.957108,19:47:27,4246.18,4246.18,3
2025-11-07T19:47:32.464500,19:47:32,4178.16,4178.16,3
2025-11-07T19:47:41.247623,19:47:41,4259.99,4259.99,3
2025-11-07T19:47:45.423604,19:47:45,4264.44,4264.44,3
2025-11-07T19:47:54.421885,19:47:54,4229.47,4229.47,3
2025-11-07T19:47:58.490697,19:47:58,4200.89,4200.89,3
2025-11-07T19:48:07.765317,19:48:07,4176.18,4176.18,3
2025-11-07T19:48:12.046610,19:48:12,4168.84,4168.84,3
2025-11-07T19:48:21.549296,19:48:21,4216.37,4216.37,3
2025-11-07T19:48:24.719058,19:48:24,4200.85,4200.85,3
2025-11-07T19:48:34.576486,19:48:34,4225.68,4225.68,3
2025-11-07T19:48:38.091400,19:48:38,4218.26,4218.26,3
2025-11-07T19:48:48.230883,19:48:48,4103.9,4103.9,3
2025-11-07T19:48:51.376458,19:48:51,4112.43,4112.43,3
2025-11-07T19:49:01.606508,19:49:01,4079.43,4079.43,3
2025-11-07T19:49:04.203573,19:49:04,4027.44,4027.44,3
2025-11-07T19:49:14.860222,19:49:14,3967.13,3967.13,3
2025-11-07T19:49:17.364311,19:49:17,3966.77,3966.77,3
2025-11-07T19:49:28.362514,19:49:28,3926.85,3926.85,3
2025-11-07T19:49:30.883478,19:49:30,3939.34,3939.34,3
2025-11-07T19:49:41.726141,19:49:41,4130.92,4130.92,3
2025-11-07T19:49:44.313138,19:49:44,4130.44,4130.44,3
2025-11-07T19:49:55.393965,19:49:55,4136.59,4136.59,3
2025-11-07T19:49:57.698382,19:49:57,4168.47,4168.47,3
2025-11-07T19:50:08.420828,19:50:08,4051.31,4051.31,3
2025-11-07T19:50:11.321264,19:50:11,3970.68,3970.68,3
2025-11-07T19:50:22.350562,19:50:22,4149.73,4149.73,3
2025-11-07T19:50:24.128369,19:50:24,4135.92,4135.92,3
2025-11-07T19:50:35.537539,19:50:35,4010.92,4010.92,3
2025-11-07T19:50:37.667807,19:50:37,4025.36,4025.36,3
2025-11-07T19:50:48.822643,19:50:48,3871.99,3871.99,3
2025-11-07T19:50:50.712064,19:50:50,3879.76,3879.76,3
2025-11-07T19:51:01.520836,19:51:01,3957.02,3957.02,3
2025-11-07T19:51:04.116986,19:51:04,3967.62,3967.62,3
2025-11-07T19:51:14.621295,19:51:14,4072.21,4072.21,3
2025-11-07T19:51:17.428462,19:51:17,3918.94,3918.94,3
2025-11-07T19:51:27.826127,19:51:27,3869.83,3869.83,3
2025-11-07T19:51:30.861252,19:51:30,3887.22,3887.22,3
2025-11-07T19:51:41.422839,19:51:41,3956.12,3956.12,3
2025-11-07T19:51:43.885507,19:51:43,3959.97,3959.97,3
2025-11-07T19:51:54.559114,19:51:54,4039.0,4039.0,3
2025-11-07T19:51:56.862804,19:51:56,4046.16,4046.16,3
2025-11-07T19:52:08.155540,19:52:08,4033.47,4033.47,3
2025-11-07T19:52:10.349534,19:52:10,4024.24,4024.24,3
2025-11-07T19:52:21.487004,19:52:21,4009.33,4009.33,3
2025-11-07T19:52:22.788353,19:52:22,4030.54,4030.54,3
2025-11-07T19:52:34.699357,19:52:34,4023.88,4023.88,3
2025-11-07T19:52:36.054878,19:52:36,4063.14,4063.14,3
2025-11-07T19:52:48.252477,19:52:48,4025.31,4025.31,3
2025-11-07T19:52:49.662189,19:52:49,4023.34,4023.34,3
2025-11-07T19:53:01.343232,19:53:01,4096.77,4096.77,3
2025-11-07T19:53:03.129210,19:53:03,4150.58,4150.58,3
2025-11-07T19:53:14.589567,19:53:14,4206.69,4206.69,3
2025-11-07T19:53:16.875383,19:53:16,4267.01,4267.01,3
2025-11-07T19:53:27.848517,19:53:27,4260.19,4260.19,3
2025-11-07T19:53:30.410488,19:53:30,4263.31,4263.31,3
2025-11-07T19:53:41.539769,19:53:41,4267.66,4267.66,3
2025-11-07T19:53:43.356505,19:53:43,4265.22,4265.22,3
2025-11-07T19:53:54.900007,19:53:54,4267.15,4267.15,3
2025-11-07T19:53:56.707619,19:53:56,4251.87,4251.87,3
2025-11-07T19:54:08.385769,19:54:08,4129.76,4129.76,3
2025-11-07T19:54:10.325161,19:54:10,4116.69,4116.69,3
2025-11-07T19:54:21.882628,19:54:21,4032.91,4032.91,3
2025-11-07T19:54:23.864185,19:54:23,4033.86,4033.86,3
2025-11-07T19:54:35.351762,19:54:35,4044.18,4044.18,3
2025-11-07T19:54:37.091999,19:54:37,4018.11,4018.11,3
2025-11-07T19:54:48.505609,19:54:48,4042.83,4042.83,3
2025-11-07T19:54:50.243050,19:54:50,4036.36,4036.36,3
2025-11-07T19:55:01.754320,19:55:01,4082.05,4082.05,3
2025-11-07T19:55:03.311008,19:55:03,4151.65,4151.65,3
2025-11-07T19:55:15.054435,19:55:15,4211.87,4211.87,3
2025-11-07T19:55:16.598057,19:55:16,4234.25,4234.25,3
2025-11-07T19:55:28.661504,19:55:28,4248.86,4248.86,3
2025-11-07T19:55:30.043713,19:55:30,4244.42,4244.42,3
2025-11-07T19:55:42.532536,19:55:42,4243.87,4243.87,3
2025-11-07T19:55:43.416399,19:55:43,4247.14,4247.14,3
2025-11-07T19:55:55.545198,19:55:55,4242.53,4242.53,3
2025-11-07T19:55:56.778990,19:55:56,4219.57,4219.57,3
2025-11-07T19:56:09.688234,19:56:09,4266.38,4266.38,3
2025-11-07T19:56:09.954404,19:56:09,4262.93,4262.93,3
2025-11-07T19:56:22.552490,19:56:22,4394.69,4394.69,3
2025-11-07T19:56:22.946055,19:56:22,4394.82,4394.82,3
2025-11-07T19:56:36.267341,19:56:36,4422.89,4422.89,3
2025-11-07T19:56:36.390058,19:56:36,4422.89,4422.89,3
2025-11-07T19:56:50.075009,19:56:50,4390.53,4390.53,3
2025-11-07T19:56:50.161070,19:56:50,4394.38,4394.38,3
2025-11-07T19:57:02.628939,19:57:02,4307.52,4307.52,3
2025-11-07T19:57:03.677338,19:57:03,4315.42,4315.42,3
2025-11-07T19:57:16.479829,19:57:16,4327.81,4327.81,3
2025-11-07T19:57:17.231593,19:57:17,4326.93,4326.93,3
2025-11-07T19:57:30.159912,19:57:30,4416.02,4416.02,3
2025-11-07T19:57:30.952851,19:57:30,4403.57,4403.57,3
2025-11-07T19:57:43.434362,19:57:43,4496.72,4496.72,3
2025-11-07T19:57:44.632037,19:57:44,4486.52,4486.52,3
2025-11-07T19:57:57.005813,19:57:57,4469.11,4469.11,3
2025-11-07T19:57:57.591575,19:57:57,4432.5,4432.5,3
2025-11-07T19:58:10.538851,19:58:10,4498.65,4498.65,3
2025-11-07T19:58:11.001967,19:58:11,4498.65,4498.65,3
2025-11-07T19:58:23.832137,19:58:23,4453.62,4453.62,3
2025-11-07T19:58:24.577847,19:58:24,4451.06,4451.06,3
2025-11-07T19:58:37.423709,19:58:37,4443.95,4443.95,3
2025-11-07T19:58:38.115840,19:58:38,4443.59,4443.59,3
2025-11-07T19:58:51.201815,19:58:51,4521.7,4521.7,3
2025-11-07T19:58:51.942337,19:58:51,4523.26,4523.26,3
2025-11-07T19:59:04.714786,19:59:04,4388.3,4388.3,3
2025-11-07T19:59:05.141622,19:59:05,4390.31,4390.31,3
2025-11-07T19:59:17.826285,19:59:17,4449.1,4449.1,3
2025-11-07T19:59:18.839631,19:59:18,4445.48,4445.48,3
2025-11-07T19:59:31.582319,19:59:31,4360.99,4360.99,3
2025-11-07T19:59:32.014299,19:59:32,4357.71,4357.71,3
2025-11-07T19:59:45.581522,19:59:45,4342.79,4342.79,3
2025-11-07T19:59:45.634994,19:59:45,4342.79,4342.79,3
2025-11-07T19:59:58.581483,19:59:58,4383.59,4383.59,3
2025-11-07T19:59:59.145906,19:59:59,4383.6,4383.6,3
2025-11-07T20:00:12.650030,20:00:12,4212.1,4212.1,3
2025-11-07T20:00:12.723589,20:00:12,4216.48,4216.48,3
2025-11-07T20:00:26.301179,20:00:26,4260.48,4260.48,3
2025-11-07T20:00:26.438654,20:00:26,4260.48,4260.48,3
2025-11-07T20:00:39.192403,20:00:39,4306.03,4306.03,3
2025-11-07T20:00:39.509805,20:00:39,4306.03,4306.03,3
2025-11-07T20:00:52.677533,20:00:52,3940.42,3940.42,3
2025-11-07T20:00:52.770902,20:00:52,3949.01,3949.01,3
2025-11-07T20:01:05.704536,20:01:05,4197.69,4197.69,3
2025-11-07T20:01:06.096833,20:01:06,4189.0,4189.0,3
2025-11-07T20:01:18.809983,20:01:18,4321.52,4321.52,3
2025-11-07T20:01:19.570864,20:01:19,4386.14,4386.14,3
2025-11-07T20:01:31.691695,20:01:31,4222.41,4222.41,3
2025-11-07T20:01:33.298042,20:01:33,4181.99,4181.99,3
2025-11-07T20:01:44.753063,20:01:44,4241.59,4241.59,3
2025-11-07T20:01:46.388416,20:01:46,4236.4,4236.4,3
2025-11-07T20:01:58.220089,20:01:58,4179.43,4179.43,3
2025-11-07T20:01:59.835816,20:01:59,4203.36,4203.36,3
2025-11-07T20:02:11.489721,20:02:11,4472.73,4472.73,3
2025-11-07T20:02:13.136769,20:02:13,4365.5,4365.5,3
2025-11-07T20:02:25.248204,20:02:25,4352.06,4352.06,3
2025-11-07T20:02:26.797069,20:02:26,4352.1,4352.1,3
2025-11-07T20:02:38.569864,20:02:38,4109.55,4109.55,3
2025-11-07T20:02:40.434306,20:02:40,4004.49,4004.49,3
2025-11-07T20:02:51.367773,20:02:51,3978.9,3978.9,3
2025-11-07T20:02:53.122312,20:02:53,4026.62,4026.62,3
2025-11-07T20:03:04.288508,20:03:04,4168.13,4168.13,3
2025-11-07T20:03:06.104911,20:03:06,4076.4,4076.4,3
2025-11-07T20:03:17.966091,20:03:17,3946.45,3946.45,3
2025-11-07T20:03:19.095066,20:03:19,3943.23,3943.23,3
2025-11-07T20:03:31.416370,20:03:31,3899.28,3899.28,3
2025-11-07T20:03:32.219422,20:03:32,3902.62,3902.62,3
2025-11-07T20:03:44.638242,20:03:44,3778.9,3778.9,3
2025-11-07T20:03:45.752190,20:03:45,3812.82,3812.82,3
2025-11-07T20:03:58.056085,20:03:58,3878.02,3878.02,3
2025-11-07T20:03:58.925684,20:03:58,3876.78,3876.78,3
2025-11-07T20:04:11.979652,20:04:11,3824.46,3824.46,3
2025-11-07T20:04:12.375494,20:04:12,3830.42,3830.42,3
2025-11-07T20:04:25.713017,20:04:25,3922.06,3922.06,3
2025-11-07T20:04:25.883533,20:04:25,3937.31,3937.31,3
2025-11-07T20:04:38.459711,20:04:38,4033.29,4033.29,3
2025-11-07T20:04:38.779131,20:04:38,4051.69,4051.69,3
2025-11-07T20:04:51.680654,20:04:51,3926.62,3926.62,3
2025-11-07T20:04:51.947618,20:04:51,3919.46,3919.46,3
2025-11-07T20:05:04.703172,20:05:04,3819.51,3819.51,3
2025-11-07T20:05:04.853776,20:05:04,3829.23,3829.23,3
2025-11-07T20:05:17.403083,20:05:17,3788.01,3788.01,3
2025-11-07T20:05:17.447462,20:05:17,3787.53,3787.53,3
2025-11-07T20:05:30.144072,20:05:30,3689.92,3689.92,3
2025-11-07T20:05:30.593501,20:05:30,3689.92,3689.92,3
2025-11-07T20:05:42.661313,20:05:42,3585.62,3585.62,3
2025-11-07T20:05:42.771586,20:05:42,3589.13,3589.13,3
2025-11-07T20:05:55.194158,20:05:55,3701.67,3701.67,3
2025-11-07T20:05:55.616143,20:05:55,3689.44,3689.44,3
2025-11-07T20:06:07.541378,20:06:07,3525.83,3525.83,3
2025-11-07T20:06:08.107083,20:06:08,3514.04,3514.04,3
2025-11-07T20:06:20.270529,20:06:20,3378.42,3378.42,3
2025-11-07T20:06:20.634152,20:06:20,3376.02,3376.02,3
2025-11-07T20:06:33.292957,20:06:33,3260.64,3260.64,3
2025-11-07T20:06:33.417428,20:06:33,3260.74,3260.74,3
2025-11-07T20:06:45.793689,20:06:45,3235.88,3235.88,3
2025-11-07T20:06:46.269989,20:06:46,3235.88,3235.88,3
2025-11-07T20:06:58.686973,20:06:58,3253.03,3253.03,3
2025-11-07T20:06:59.022740,20:06:59,3246.35,3246.35,3
2025-11-07T20:07:11.648336,20:07:11,3176.23,3176.23,3
2025-11-07T20:07:12.026610,20:07:12,3146.0,3146.0,3
2025-11-07T20:07:24.375878,20:07:24,2979.53,2979.53,3
2025-11-07T20:07:24.921676,20:07:24,2960.52,2960.52,3
2025-11-07T20:07:37.386389,20:07:37,2905.7,2905.7,3
2025-11-07T20:07:38.221239,20:07:38,2921.3,2921.3,3
2025-11-07T20:07:50.228324,20:07:50,2988.59,2988.59,3
2025-11-07T20:07:51.166942,20:07:51,2984.13,2984.13,3
2025-11-07T20:08:02.425236,20:08:02,2852.98,2852.98,3
2025-11-07T20:08:04.011993,20:08:04,2911.8,2911.8,3
2025-11-07T20:08:15.319001,20:08:15,3006.14,3006.14,3
2025-11-07T20:08:16.516303,20:08:16,3130.78,3130.78,3
2025-11-07T20:08:28.954515,20:08:28,3245.67,3245.67,3
2025-11-07T20:08:29.422104,20:08:29,3262.48,3262.48,3
2025-11-07T20:08:41.770744,20:08:41,3406.96,3406.96,3
2025-11-07T20:08:42.361177,20:08:42,3390.15,3390.15,3
2025-11-07T20:08:54.439361,20:08:54,3273.73,3273.73,3
2025-11-07T20:08:54.958845,20:08:54,3264.93,3264.93,3
2025-11-07T20:09:06.782577,20:09:06,3102.97,3102.97,3
2025-11-07T20:09:07.904873,20:09:07,3118.34,3118.34,3
2025-11-07T20:09:19.570324,20:09:19,2866.86,2866.86,3
2025-11-07T20:09:20.754032,20:09:20,2817.36,2817.36,3
2025-11-07T20:09:32.354185,20:09:32,2748.37,2748.37,3
2025-11-07T20:09:33.764983,20:09:33,2699.69,2699.69,3
2025-11-07T20:09:45.281014,20:09:45,2740.73,2740.73,3
2025-11-07T20:09:46.045778,20:09:46,2729.57,2729.57,3
2025-11-07T20:09:57.805777,20:09:57,2749.07,2749.07,3
2025-11-07T20:09:58.642191,20:09:58,2754.26,2754.26,3
2025-11-07T20:10:10.424344,20:10:10,2905.15,2905.15,3
2025-11-07T20:10:11.499479,20:10:11,2866.11,2866.11,3
2025-11-07T20:10:23.313899,20:10:23,3027.34,3027.34,3
2025-11-07T20:10:24.311681,20:10:24,2995.96,2995.96,3
2025-11-07T20:10:35.581558,20:10:35,3161.68,3161.68,3
2025-11-07T20:10:37.716418,20:10:37,3229.17,3229.17,3
2025-11-07T20:11:03.064081,20:11:03,10278.01,10278.01,3
2025-11-07T20:11:05.230486,20:11:05,3454.78,3454.78,0
2025-11-07T20:11:15.690670,20:11:15,3329.99,3329.99,3
2025-11-07T20:11:17.941813,20:11:17,3426.33,3426.33,3
2025-11-07T20:11:28.147070,20:11:28,3381.9,3381.9,3
2025-11-07T20:11:30.209626,20:11:30,3317.99,3317.99,3
2025-11-07T20:11:40.464620,20:11:40,3133.37,3133.37,3
2025-11-07T20:11:43.582031,20:11:43,3150.77,3150.77,3
2025-11-07T20:11:53.463638,20:11:53,3348.85,3348.85,3
2025-11-07T20:11:56.521908,20:11:56,3570.35,3570.35,3
2025-11-07T20:12:06.271158,20:12:06,3640.18,3640.18,3
2025-11-07T20:12:09.609657,20:12:09,3726.88,3726.88,3
2025-11-07T20:12:18.921242,20:12:18,4083.14,4083.14,3
2025-11-07T20:12:22.193897,20:12:22,4123.58,4123.58,3
2025-11-07T20:12:31.584374,20:12:31,4359.4,4359.4,3
2025-11-07T20:12:34.675156,20:12:34,4322.53,4322.53,3
2025-11-07T20:12:44.367809,20:12:44,4146.24,4146.24,3
2025-11-07T20:12:47.224849,20:12:47,4149.53,4149.53,3
2025-11-07T20:12:56.829112,20:12:56,3939.37,3939.37,3
2025-11-07T20:12:59.756164,20:12:59,3916.29,3916.29,3
2025-11-07T20:13:09.455191,20:13:09,4087.43,4087.43,3
2025-11-07T20:13:12.405462,20:13:12,4271.33,4271.33,3
2025-11-07T20:13:21.672383,20:13:21,4608.41,4608.41,3
2025-11-07T20:13:25.057261,20:13:25,4575.2,4575.2,3
2025-11-07T20:13:34.508553,20:13:34,4763.42,4763.42,3
2025-11-07T20:13:37.622969,20:13:37,4686.11,4686.11,3
2025-11-07T20:13:47.446308,20:13:47,4644.65,4644.65,3
2025-11-07T20:13:50.187811,20:13:50,4617.06,4617.06,3
2025-11-07T20:14:00.215721,20:14:00,4750.32,4750.32,3
2025-11-07T20:14:03.123138,20:14:03,4877.75,4877.75,3
2025-11-07T20:14:13.236890,20:14:13,5005.28,5005.28,3
2025-11-07T20:14:15.700243,20:14:15,4982.61,4982.61,3
2025-11-07T20:14:25.720920,20:14:25,4849.29,4849.29,3
2025-11-07T20:14:28.268321,20:14:28,4948.25,4948.25,3
2025-11-07T20:14:38.676196,20:14:38,4844.02,4844.02,3
2025-11-07T20:14:40.858955,20:14:40,4890.45,4890.45,3
2025-11-07T20:14:51.480607,20:14:51,5175.83,5175.83,3
2025-11-07T20:14:53.331745,20:14:53,5260.65,5260.65,3
2025-11-07T20:15:04.470202,20:15:04,5478.07,5478.07,3
2025-11-07T20:15:06.176413,20:15:06,5380.61,5380.61,3
2025-11-07T20:15:16.956782,20:15:16,5275.87,5275.87,3
2025-11-07T20:15:18.576849,20:15:18,5299.15,5299.15,3
2025-11-07T20:15:29.528388,20:15:29,5262.63,5262.63,3
2025-11-07T20:15:31.892018,20:15:31,5242.29,5242.29,3
2025-11-07T20:15:41.639059,20:15:41,5148.95,5148.95,3
2025-11-07T20:15:44.674618,20:15:44,5154.09,5154.09,3
2025-11-07T20:15:53.892431,20:15:53,5196.64,5196.64,3
2025-11-07T20:15:57.312645,20:15:57,5167.48,5167.48,3
2025-11-07T20:16:06.631424,20:16:06,5096.67,5096.67,3
2025-11-07T20:16:09.955205,20:16:09,5155.97,5155.97,3
2025-11-07T20:16:18.792528,20:16:18,4879.93,4879.93,3
2025-11-07T20:16:22.391956,20:16:22,4877.31,4877.31,3
2025-11-07T20:16:31.053431,20:16:31,4835.48,4835.48,3
2025-11-07T20:16:34.629805,20:16:34,4678.47,4678.47,3
2025-11-07T20:16:43.258972,20:16:43,4519.54,4519.54,3
2025-11-07T20:16:47.589940,20:16:47,4445.34,4445.34,3
2025-11-07T20:16:55.874438,20:16:55,4500.66,4500.66,3
2025-11-07T20:17:00.321603,20:17:00,4423.83,4423.83,3
2025-11-07T20:17:08.602041,20:17:08,4347.06,4347.06,3
2025-11-07T20:17:12.719140,20:17:12,4302.99,4302.99,3
2025-11-07T20:17:21.445042,20:17:21,4580.32,4580.32,3
2025-11-07T20:17:25.470852,20:17:25,4749.86,4749.86,3
2025-11-07T20:17:33.747320,20:17:33,4628.82,4628.82,3
2025-11-07T20:17:38.245116,20:17:38,4756.09,4756.09,3
2025-11-07T20:17:46.624115,20:17:46,4772.91,4772.91,3
2025-11-07T20:17:50.952599,20:17:50,4785.73,4785.73,3
2025-11-07T20:17:59.264682,20:17:59,4850.75,4850.75,3
2025-11-07T20:18:03.875779,20:18:03,4672.53,4672.53,3
2025-11-07T20:18:11.779782,20:18:11,4693.74,4693.74,3
2025-11-07T20:18:16.693399,20:18:16,4866.92,4866.92,3
2025-11-07T20:18:24.571365,20:18:24,4936.41,4936.41,3
2025-11-07T20:18:30.705502,20:18:30,4920.63,4920.63,3
2025-11-07T20:18:37.567946,20:18:37,5324.72,5324.72,3
2025-11-07T20:18:42.750677,20:18:42,5362.4,5362.4,3
2025-11-07T20:18:50.376672,20:18:50,5341.28,5341.28,3
2025-11-07T20:18:55.061972,20:18:55,5263.69,5263.69,3
2025-11-07T20:19:02.604469,20:19:02,5310.81,5310.81,3
2025-11-07T20:19:07.657317,20:19:07,5301.95,5301.95,3
2025-11-07T20:19:15.907439,20:19:15,5293.6,5293.6,3
2025-11-07T20:19:20.295332,20:19:20,5309.62,5309.62,3
2025-11-07T20:19:28.742360,20:19:28,5087.97,5087.97,3
2025-11-07T20:19:34.565024,20:19:34,5004.87,5004.87,3
2025-11-07T20:19:41.346124,20:19:41,4846.48,4846.48,3
2025-11-07T20:19:47.414822,20:19:47,4772.88,4772.88,3
2025-11-07T20:19:54.018186,20:19:54,4666.01,4666.01,3
2025-11-07T20:20:01.338535,20:20:01,4539.09,4539.09,3
2025-11-07T20:20:07.152252,20:20:07,4582.12,4582.12,3
2025-11-07T20:20:14.774300,20:20:14,4680.87,4680.87,3
2025-11-07T20:20:19.982221,20:20:19,4710.23,4710.23,3
2025-11-07T20:20:27.429343,20:20:27,4782.52,4782.52,3
2025-11-07T20:20:32.548304,20:20:32,4694.11,4694.11,3
2025-11-07T20:20:40.569017,20:20:40,4834.29,4834.29,3
2025-11-07T20:20:45.247832,20:20:45,4947.63,4947.63,3
2025-11-07T20:20:52.878547,20:20:52,4787.89,4787.89,3
2025-11-07T20:20:57.762297,20:20:57,4658.69,4658.69,3
2025-11-07T20:21:05.531479,20:21:05,4613.16,4613.16,3
2025-11-07T20:21:10.137521,20:21:10,4668.02,4668.02,3
2025-11-07T20:21:19.137032,20:21:19,4488.33,4488.33,3
2025-11-07T20:21:22.562691,20:21:22,4493.55,4493.55,3
2025-11-07T20:21:32.470731,20:21:32,4691.79,4691.79,3
2025-11-07T20:21:35.625724,20:21:35,4759.33,4759.33,3
2025-11-07T20:21:45.379160,20:21:45,4875.24,4875.24,3
2025-11-07T20:21:48.407816,20:21:48,4849.33,4849.33,3
2025-11-07T20:21:58.481306,20:21:58,4550.14,4550.14,3
2025-11-07T20:22:00.730188,20:22:00,4593.19,4593.19,3
2025-11-07T20:22:11.568324,20:22:11,4562.08,4562.08,3
2025-11-07T20:22:12.955064,20:22:12,4633.15,4633.15,3
2025-11-07T20:22:24.471866,20:22:24,4791.03,4791.03,3
2025-11-07T20:22:25.700770,20:22:25,4785.19,4785.19,3
2025-11-07T20:22:37.660275,20:22:37,4985.91,4985.91,3
2025-11-07T20:22:38.559879,20:22:38,4983.8,4983.8,3
2025-11-07T20:22:50.892990,20:22:50,5140.76,5140.76,3
2025-11-07T20:22:51.428861,20:22:51,5143.06,5143.06,3
2025-11-07T20:23:03.416166,20:23:03,5104.69,5104.69,3
2025-11-07T20:23:04.215176,20:23:04,5126.12,5126.12,3
2025-11-07T20:23:17.582606,20:23:17,5078.87,5078.87,3
2025-11-07T20:23:17.672775,20:23:17,5074.03,5074.03,3
2025-11-07T20:23:30.698245,20:23:30,4897.0,4897.0,3
2025-11-07T20:23:30.825085,20:23:30,4897.0,4897.0,3
2025-11-07T20:23:43.459309,20:23:43,4836.01,4836.01,3
2025-11-07T20:23:43.774299,20:23:43,4836.01,4836.01,3
2025-11-07T20:23:56.227416,20:23:56,4747.59,4747.59,3
2025-11-07T20:23:56.572899,20:23:56,4757.1,4757.1,3
2025-11-07T20:24:08.855892,20:24:08,4942.09,4942.09,3
2025-11-07T20:24:09.975715,20:24:09,4920.04,4920.04,3
2025-11-07T20:24:21.554917,20:24:21,4847.81,4847.81,3
2025-11-07T20:24:22.483027,20:24:22,4808.25,4808.25,3
2025-11-07T20:24:34.347600,20:24:34,4772.11,4772.11,3
2025-11-07T20:24:35.128721,20:24:35,4851.84,4851.84,3
2025-11-07T20:24:47.396692,20:24:47,5071.81,5071.81,3
2025-11-07T20:24:48.149083,20:24:48,5057.75,5057.75,3
2025-11-07T20:25:00.385825,20:25:00,5024.85,5024.85,3
2025-11-07T20:25:01.169821,20:25:01,5021.83,5021.83,3
2025-11-07T20:25:13.361624,20:25:13,4810.47,4810.47,3
2025-11-07T20:25:14.181853,20:25:14,4782.14,4782.14,3
2025-11-07T20:25:26.448745,20:25:26,4856.22,4856.22,3
2025-11-07T20:25:26.837599,20:25:26,4857.38,4857.38,3
2025-11-07T20:25:39.426138,20:25:39,5020.57,5020.57,3
2025-11-07T20:25:39.885270,20:25:39,4967.43,4967.43,3
2025-11-07T20:25:52.261971,20:25:52,4989.02,4989.02,3
2025-11-07T20:25:53.244843,20:25:53,4986.91,4986.91,3
2025-11-07T20:26:05.429654,20:26:05,5041.15,5041.15,3
2025-11-07T20:26:05.769005,20:26:05,5036.08,5036.08,3
2025-11-07T20:26:18.190956,20:26:18,5227.8,5227.8,3
2025-11-07T20:26:18.498729,20:26:18,5243.98,5243.98,3
2025-11-07T20:26:30.589102,20:26:30,5300.45,5300.45,3
2025-11-07T20:26:31.631944,20:26:31,5305.54,5305.54,3
2025-11-07T20:26:43.055822,20:26:43,5395.38,5395.38,3
2025-11-07T20:26:44.450048,20:26:44,5426.3,5426.3,3
2025-11-07T20:26:56.047184,20:26:56,5323.17,5323.17,3
2025-11-07T20:26:57.043946,20:26:57,5401.68,5401.68,3
2025-11-07T20:27:08.559289,20:27:08,5364.83,5364.83,3
2025-11-07T20:27:09.939172,20:27:09,5421.24,5421.24,3
2025-11-07T20:27:21.418400,20:27:21,5266.62,5266.62,3
2025-11-07T20:27:22.362025,20:27:22,5261.47,5261.47,3
2025-11-07T20:27:33.999187,20:27:33,5098.08,5098.08,3
2025-11-07T20:27:35.441508,20:27:35,5137.88,5137.88,3
2025-11-07T20:27:46.474428,20:27:46,5250.43,5250.43,3
2025-11-07T20:27:48.341347,20:27:48,5226.95,5226.95,3
2025-11-07T20:27:59.397457,20:27:59,5306.1,5306.1,3
2025-11-07T20:28:00.792235,20:28:00,5288.89,5288.89,3
2025-11-07T20:28:12.366971,20:28:12,5267.64,5267.64,3
2025-11-07T20:28:13.698365,20:28:13,5252.98,5252.98,3
2025-11-07T20:28:25.343947,20:28:25,5438.06,5438.06,3
2025-11-07T20:28:26.455271,20:28:26,5437.15,5437.15,3
2025-11-07T20:28:37.886429,20:28:37,5518.29,5518.29,3
2025-11-07T20:28:38.645643,20:28:38,5478.1,5478.1,3
2025-11-07T20:28:50.521324,20:28:50,5452.38,5452.38,3
2025-11-07T20:28:51.533722,20:28:51,5426.42,5426.42,3
2025-11-07T20:29:03.452041,20:29:03,5438.13,5438.13,3
2025-11-07T20:29:04.172913,20:29:04,5468.49,5468.49,3
2025-11-07T20:29:16.252034,20:29:16,5277.15,5277.15,3
2025-11-07T20:29:17.129864,20:29:17,5290.29,5290.29,3
2025-11-07T20:29:29.430687,20:29:29,5352.65,5352.65,3
2025-11-07T20:29:30.032752,20:29:30,5318.8,5318.8,3
2025-11-07T20:29:42.595661,20:29:42,5188.91,5188.91,3
2025-11-07T20:29:42.849042,20:29:42,5226.95,5226.95,3
2025-11-07T20:29:55.290326,20:29:55,5393.24,5393.24,3
2025-11-07T20:29:55.625775,20:29:55,5392.52,5392.52,3
2025-11-07T20:30:07.819524,20:30:07,5434.2,5434.2,3
2025-11-07T20:30:08.897881,20:30:08,5411.8,5411.8,3
2025-11-07T20:30:20.379741,20:30:20,5259.19,5259.19,3
2025-11-07T20:30:21.477157,20:30:21,5264.24,5264.24,3
2025-11-07T20:30:32.696743,20:30:32,5090.94,5090.94,3
2025-11-07T20:30:34.209513,20:30:34,5015.56,5015.56,3
2025-11-07T20:30:45.539107,20:30:45,5191.11,5191.11,3
2025-11-07T20:30:46.716950,20:30:46,5190.39,5190.39,3
2025-11-07T20:30:58.380971,20:30:58,5379.15,5379.15,3
2025-11-07T20:30:58.974629,20:30:58,5325.46,5325.46,3
2025-11-07T20:31:11.187419,20:31:11,5057.64,5057.64,3
2025-11-07T20:31:11.439167,20:31:11,5030.23,5030.23,3
2025-11-07T20:31:23.733290,20:31:23,5045.05,5045.05,3
2025-11-07T20:31:24.402049,20:31:24,5051.47,5051.47,3
2025-11-07T20:31:36.680826,20:31:36,4971.17,4971.17,3
2025-11-07T20:31:36.901266,20:31:36,4940.09,4940.09,3
2025-11-07T20:31:49.396028,20:31:49,4822.22,4822.22,3
2025-11-07T20:31:49.935974,20:31:49,4822.12,4822.12,3
2025-11-07T20:32:01.668915,20:32:01,4886.54,4886.54,3
2025-11-07T20:32:02.680050,20:32:02,4902.63,4902.63,3
2025-11-07T20:32:14.473116,20:32:14,5002.3,5002.3,3
2025-11-07T20:32:15.046612,20:32:15,4951.38,4951.38,3
2025-11-07T20:32:27.543026,20:32:27,4985.06,4985.06,3
2025-11-07T20:32:28.199756,20:32:28,4987.47,4987.47,3
2025-11-07T20:32:40.541573,20:32:40,5273.8,5273.8,3
2025-11-07T20:32:41.085965,20:32:41,5282.07,5282.07,3
2025-11-07T20:32:53.067759,20:32:53,5238.7,5238.7,3
2025-11-07T20:32:53.812429,20:32:53,5216.19,5216.19,3
2025-11-07T20:33:05.537817,20:33:05,5281.47,5281.47,3
2025-11-07T20:33:06.572652,20:33:06,5232.86,5232.86,3
2025-11-07T20:33:18.415886,20:33:18,5235.19,5235.19,3
2025-11-07T20:33:19.016090,20:33:19,5232.38,5232.38,3
2025-11-07T20:33:31.328832,20:33:31,5219.11,5219.11,3
2025-11-07T20:33:32.251512,20:33:32,5203.79,5203.79,3
2025-11-07T20:33:44.331516,20:33:44,5408.92,5408.92,3
2025-11-07T20:33:45.178930,20:33:45,5387.86,5387.86,3
2025-11-07T20:33:57.285235,20:33:57,5319.88,5319.88,3
2025-11-07T20:33:57.988079,20:33:57,5284.53,5284.53,3
2025-11-07T20:34:10.216093,20:34:10,5255.34,5255.34,3
2025-11-07T20:34:10.720237,20:34:10,5285.43,5285.43,3
2025-11-07T20:34:23.144510,20:34:23,5177.8,5177.8,3
2025-11-07T20:34:23.293296,20:34:23,5195.46,5195.46,3
2025-11-07T20:34:36.193233,20:34:36,5050.57,5050.57,3
2025-11-07T20:34:36.257840,20:34:36,5050.57,5050.57,3
2025-11-07T20:34:48.614214,20:34:48,5049.18,5049.18,3
2025-11-07T20:34:49.229784,20:34:49,5044.09,5044.09,3
2025-11-07T20:35:01.625152,20:35:01,5139.15,5139.15,3
2025-11-07T20:35:02.371760,20:35:02,5131.33,5131.33,3
2025-11-07T20:35:14.429015,20:35:14,5251.05,5251.05,3
2025-11-07T20:35:15.469623,20:35:15,5263.09,5263.09,3
2025-11-07T20:35:27.497000,20:35:27,5394.07,5394.07,3
2025-11-07T20:35:28.023580,20:35:28,5423.84,5423.84,3
2025-11-07T20:35:40.254399,20:35:40,5206.64,5206.64,3
2025-11-07T20:35:40.651684,20:35:40,5196.52,5196.52,3
2025-11-07T20:35:53.140989,20:35:53,5198.86,5198.86,3
2025-11-07T20:35:53.964488,20:35:53,5199.54,5199.54,3
2025-11-07T20:36:05.484517,20:36:05,5294.23,5294.23,3
2025-11-07T20:36:06.701419,20:36:06,5196.46,5196.46,3
2025-11-07T20:36:18.479242,20:36:18,4973.01,4973.01,3
2025-11-07T20:36:19.434139,20:36:19,4934.78,4934.78,3
2025-11-07T20:36:30.991650,20:36:30,5019.98,5019.98,3
2025-11-07T20:36:31.912801,20:36:31,5081.89,5081.89,3
2025-11-07T20:36:43.865594,20:36:43,4872.65,4872.65,3
2025-11-07T20:36:44.531581,20:36:44,4877.28,4877.28,3
2025-11-07T20:36:56.797679,20:36:56,4848.64,4848.64,3
2025-11-07T20:36:57.251530,20:36:57,4855.45,4855.45,3
2025-11-07T20:37:09.479253,20:37:09,4589.72,4589.72,3
2025-11-07T20:37:09.975856,20:37:09,4587.76,4587.76,3
2025-11-07T20:37:22.226540,20:37:22,4650.79,4650.79,3
2025-11-07T20:37:22.891610,20:37:22,4651.46,4651.46,3
2025-11-07T20:37:34.735677,20:37:34,4809.52,4809.52,3
2025-11-07T20:37:35.655724,20:37:35,4829.11,4829.11,3
2025-11-07T20:37:47.280537,20:37:47,4821.74,4821.74,3
2025-11-07T20:37:48.195726,20:37:48,4834.14,4834.14,3
2025-11-07T20:38:00.360260,20:38:00,4733.88,4733.88,3
2025-11-07T20:38:00.660934,20:38:00,4757.57,4757.57,3
2025-11-07T20:38:12.926586,20:38:12,4833.87,4833.87,3
2025-11-07T20:38:13.472455,20:38:13,4833.88,4833.88,3
2025-11-07T20:38:25.863781,20:38:25,5002.93,5002.93,3
2025-11-07T20:38:26.251010,20:38:26,5014.18,5014.18,3
2025-11-07T20:38:38.818097,20:38:38,4779.5,4779.5,3
2025-11-07T20:38:39.005017,20:38:39,4779.5,4779.5,3
2025-11-07T20:38:51.238805,20:38:51,4873.7,4873.7,3
2025-11-07T20:38:52.399327,20:38:52,4959.96,4959.96,3
2025-11-07T20:39:04.100589,20:39:04,5188.39,5188.39,3
2025-11-07T20:39:05.014387,20:39:05,5130.74,5130.74,3
2025-11-07T20:39:16.613365,20:39:16,5031.44,5031.44,3
2025-11-07T20:39:17.892906,20:39:17,5060.69,5060.69,3
2025-11-07T20:39:29.349123,20:39:29,5406.81,5406.81,3
2025-11-07T20:39:30.239885,20:39:30,5406.61,5406.61,3
2025-11-07T20:39:42.591163,20:39:42,5398.65,5398.65,3
2025-11-07T20:39:42.797146,20:39:42,5422.95,5422.95,3
2025-11-07T20:39:55.262781,20:39:55,5675.01,5675.01,3
2025-11-07T20:39:55.440974,20:39:55,5665.19,5665.19,3
2025-11-07T20:40:08.044984,20:40:08,5804.93,5804.93,3
2025-11-07T20:40:08.878634,20:40:08,5887.16,5887.16,3
2025-11-07T20:40:21.026729,20:40:21,5953.4,5953.4,3
2025-11-07T20:40:21.603306,20:40:21,5946.07,5946.07,3
2025-11-07T20:40:33.607009,20:40:33,6178.99,6178.99,3
2025-11-07T20:40:34.145851,20:40:34,6205.73,6205.73,3
2025-11-07T20:40:45.885392,20:40:45,6173.38,6173.38,3
2025-11-07T20:40:46.735428,20:40:46,6192.46,6192.46,3
2025-11-07T20:40:58.199150,20:40:58,6236.16,6236.16,3
2025-11-07T20:40:59.731224,20:40:59,6221.31,6221.31,3
2025-11-07T20:41:10.387534,20:41:10,6268.38,6268.38,3
2025-11-07T20:41:12.082142,20:41:12,6336.03,6336.03,3
2025-11-07T20:41:23.651818,20:41:23,6221.94,6221.94,3
2025-11-07T20:41:25.181461,20:41:25,6254.0,6254.0,3
2025-11-07T20:41:36.410435,20:41:36,6027.06,6027.06,3
2025-11-07T20:41:38.109494,20:41:38,6022.63,6022.63,3
2025-11-07T20:41:49.072618,20:41:49,5874.3,5874.3,3
2025-11-07T20:41:50.700273,20:41:50,5862.31,5862.31,3
2025-11-07T20:42:01.187497,20:42:01,5863.07,5863.07,3
2025-11-07T20:42:03.477528,20:42:03,5893.04,5893.04,3
2025-11-07T20:42:13.866384,20:42:13,5902.82,5902.82,3
2025-11-07T20:42:16.130843,20:42:16,5876.03,5876.03,3
2025-11-07T20:42:26.542581,20:42:26,5850.3,5850.3,3
2025-11-07T20:42:29.144182,20:42:29,5901.12,5901.12,3
2025-11-07T20:42:39.354535,20:42:39,5992.4,5992.4,3
2025-11-07T20:42:42.412741,20:42:42,5917.05,5917.05,3
2025-11-07T20:42:52.189728,20:42:52,5854.88,5854.88,3
2025-11-07T20:42:55.739221,20:42:55,5820.42,5820.42,3
2025-11-07T20:43:05.458464,20:43:05,5993.0,5993.0,3
2025-11-07T20:43:09.309256,20:43:09,5996.86,5996.86,3
2025-11-07T20:43:18.550413,20:43:18,6062.6,6062.6,3
2025-11-07T20:43:22.777918,20:43:22,6069.32,6069.32,3
2025-11-07T20:43:32.177360,20:43:32,5978.21,5978.21,3
2025-11-07T20:43:35.652014,20:43:35,5957.57,5957.57,3
2025-11-07T20:43:45.227162,20:43:45,6095.17,6095.17,3
2025-11-07T20:43:49.486542,20:43:49,6171.78,6171.78,3
2025-11-07T20:43:58.676559,20:43:58,6311.6,6311.6,3
2025-11-07T20:44:02.442688,20:44:02,6336.29,6336.29,3
2025-11-07T20:44:12.286582,20:44:12,6228.37,6228.37,3
2025-11-07T20:44:15.485338,20:44:15,6254.01,6254.01,3
2025-11-07T20:44:25.460269,20:44:25,6213.09,6213.09,3
2025-11-07T20:44:28.838582,20:44:28,6260.52,6260.52,3
2025-11-07T20:44:38.124696,20:44:38,6167.01,6167.01,3
2025-11-07T20:44:42.371069,20:44:42,6249.61,6249.61,3
2025-11-07T20:44:51.470483,20:44:51,6275.59,6275.59,3
2025-11-07T20:44:55.559002,20:44:55,6364.44,6364.44,3
2025-11-07T20:45:05.392775,20:45:05,6391.45,6391.45,3
2025-11-07T20:45:08.900056,20:45:08,6323.42,6323.42,3
2025-11-07T20:45:19.301473,20:45:19,6303.87,6303.87,3
2025-11-07T20:45:22.639125,20:45:22,6247.81,6247.81,3
2025-11-07T20:45:32.750558,20:45:32,6510.88,6510.88,3
2025-11-07T20:45:35.523520,20:45:35,6530.23,6530.23,3
2025-11-07T20:45:46.076924,20:45:46,6583.23,6583.23,3
2025-11-07T20:45:48.858856,20:45:48,6638.61,6638.61,3
2025-11-07T20:45:59.236328,20:45:59,6576.78,6576.78,3
2025-11-07T20:46:01.692058,20:46:01,6564.88,6564.88,3
2025-11-07T20:46:12.392329,20:46:12,6505.35,6505.35,3
2025-11-07T20:46:14.548271,20:46:14,6414.31,6414.31,3
2025-11-07T20:46:25.682105,20:46:25,6422.11,6422.11,3
2025-11-07T20:46:27.866531,20:46:27,6501.35,6501.35,3
2025-11-07T20:46:38.554861,20:46:38,6423.18,6423.18,3
2025-11-07T20:46:41.072777,20:46:41,6401.09,6401.09,3
2025-11-07T20:46:51.235112,20:46:51,6342.19,6342.19,3
2025-11-07T20:46:54.132412,20:46:54,6345.53,6345.53,3
2025-11-07T20:47:04.499876,20:47:04,6206.94,6206.94,3
2025-11-07T20:47:06.823655,20:47:06,6241.02,6241.02,3
2025-11-07T20:47:18.048496,20:47:18,6194.65,6194.65,3
2025-11-07T20:47:19.730223,20:47:19,6144.25,6144.25,3
2025-11-07T20:47:30.875109,20:47:30,6213.74,6213.74,3
2025-11-07T20:47:32.607834,20:47:32,6193.86,6193.86,3
2025-11-07T20:47:43.811106,20:47:43,6245.29,6245.29,3
2025-11-07T20:47:46.150508,20:47:46,6180.8,6180.8,3
2025-11-07T20:47:56.884873,20:47:56,5964.25,5964.25,3
2025-11-07T20:47:59.240761,20:47:59,6021.12,6021.12,3
2025-11-07T20:48:10.527693,20:48:10,5948.55,5948.55,3
2025-11-07T20:48:12.430828,20:48:12,6037.88,6037.88,3
2025-11-07T20:48:23.615285,20:48:23,6081.33,6081.33,3
2025-11-07T20:48:25.488179,20:48:25,5896.42,5896.42,3
2025-11-07T20:48:37.158758,20:48:37,5832.64,5832.64,3
2025-11-07T20:48:38.549965,20:48:38,5853.25,5853.25,3
2025-11-07T20:48:50.648209,20:48:50,5733.91,5733.91,3
2025-11-07T20:48:51.957467,20:48:51,5802.84,5802.84,3
2025-11-07T20:49:04.253173,20:49:04,5815.61,5815.61,3
2025-11-07T20:49:05.368783,20:49:05,5825.75,5825.75,3
2025-11-07T20:49:17.408471,20:49:17,5661.31,5661.31,3
2025-11-07T20:49:18.434122,20:49:18,5646.14,5646.14,3
2025-11-07T20:49:30.734187,20:49:30,5577.27,5577.27,3
2025-11-07T20:49:32.291957,20:49:32,5630.57,5630.57,3
2025-11-07T20:49:43.919879,20:49:43,5682.07,5682.07,3
2025-11-07T20:49:45.760588,20:49:45,5684.89,5684.89,3
2025-11-07T20:49:57.563357,20:49:57,5707.75,5707.75,3
2025-11-07T20:49:58.957287,20:49:58,5717.27,5717.27,3
2025-11-07T20:50:11.380044,20:50:11,5724.24,5724.24,3
2025-11-07T20:50:12.845926,20:50:12,5736.81,5736.81,3
2025-11-07T20:50:24.732972,20:50:24,5678.22,5678.22,3
2025-11-07T20:50:26.426893,20:50:26,5679.15,5679.15,3
2025-11-07T20:50:38.287214,20:50:38,5714.14,5714.14,3
2025-11-07T20:50:39.699754,20:50:39,5823.6,5823.6,3
2025-11-07T20:50:51.471998,20:50:51,5810.94,5810.94,3
2025-11-07T20:50:53.446913,20:50:53,5838.31,5838.31,3
2025-11-07T20:51:05.282914,20:51:05,5624.1,5624.1,3
2025-11-07T20:51:06.796848,20:51:06,5655.25,5655.25,3
2025-11-07T20:51:18.743751,20:51:18,5675.56,5675.56,3
2025-11-07T20:51:20.285269,20:51:20,5794.17,5794.17,3
2025-11-07T20:51:32.540467,20:51:32,5899.63,5899.63,3
2025-11-07T20:51:33.838078,20:51:33,5900.3,5900.3,3
2025-11-07T20:51:45.874343,20:51:45,5796.79,5796.79,3
2025-11-07T20:51:47.135079,20:51:47,5810.54,5810.54,3
2025-11-07T20:51:59.452809,20:51:59,5533.51,5533.51,3
2025-11-07T20:52:01.136722,20:52:01,5523.29,5523.29,3
2025-11-07T20:52:12.722383,20:52:12,5546.58,5546.58,3
2025-11-07T20:52:14.565527,20:52:14,5611.48,5611.48,3
2025-11-07T20:52:26.292933,20:52:26,5619.37,5619.37,3
2025-11-07T20:52:27.839570,20:52:27,5612.26,5612.26,3
2025-11-07T20:52:39.765634,20:52:39,5751.09,5751.09,3
2025-11-07T20:52:41.192534,20:52:41,5754.99,5754.99,3
2025-11-07T20:52:53.018837,20:52:53,6068.52,6068.52,3
2025-11-07T20:52:54.861966,20:52:54,6014.41,6014.41,3
2025-11-07T20:53:06.037303,20:53:06,6030.37,6030.37,3
2025-11-07T20:53:08.362853,20:53:08,6038.09,6038.09,3
2025-11-07T20:53:19.327521,20:53:19,6053.77,6053.77,3
2025-11-07T20:53:21.847214,20:53:21,5992.54,5992.54,3
2025-11-07T20:53:32.498502,20:53:32,5764.5,5764.5,3
2025-11-07T20:53:34.978495,20:53:34,5654.74,5654.74,3
2025-11-07T20:53:45.689241,20:53:45,5672.2,5672.2,3
2025-11-07T20:53:48.251325,20:53:48,5623.46,5623.46,3
2025-11-07T20:53:59.346694,20:53:59,5496.63,5496.63,3
2025-11-07T20:54:01.390343,20:54:01,5485.84,5485.84,3
2025-11-07T20:54:12.842043,20:54:12,5520.27,5520.27,3
2025-11-07T20:54:14.884866,20:54:14,5492.14,5492.14,3
2025-11-07T20:54:25.791754,20:54:25,5567.57,5567.57,3
2025-11-07T20:54:28.293230,20:54:28,5604.52,5604.52,3
2025-11-07T20:54:39.270064,20:54:39,5483.87,5483.87,3
2025-11-07T20:54:41.554933,20:54:41,5472.21,5472.21,3
2025-11-07T20:54:52.574569,20:54:52,5595.28,5595.28,3
2025-11-07T20:54:54.591131,20:54:54,5520.01,5520.01,3
2025-11-07T20:55:05.798835,20:55:05,5499.18,5499.18,3
2025-11-07T20:55:08.449889,20:55:08,5552.77,5552.77,3
2025-11-07T20:55:19.287084,20:55:19,5720.17,5720.17,3
2025-11-07T20:55:21.738955,20:55:21,5772.1,5772.1,3
2025-11-07T20:55:32.269042,20:55:32,5699.15,5699.15,3
2025-11-07T20:55:34.936741,20:55:34,5750.26,5750.26,3
2025-11-07T20:55:45.545692,20:55:45,5793.33,5793.33,3
2025-11-07T20:55:48.114649,20:55:48,5857.96,5857.96,3
2025-11-07T20:55:59.373024,20:55:59,6000.97,6000.97,3
2025-11-07T20:56:01.310045,20:56:01,6031.31,6031.31,3
2025-11-07T20:56:12.785361,20:56:12,6111.21,6111.21,3
2025-11-07T20:56:14.845463,20:56:14,6155.62,6155.62,3
2025-11-07T20:56:26.300879,20:56:26,6267.23,6267.23,3
2025-11-07T20:56:27.982840,20:56:27,6278.08,6278.08,3
2025-11-07T20:56:39.835122,20:56:39,6476.93,6476.93,3
2025-11-07T20:56:41.053145,20:56:41,6515.69,6515.69,3
2025-11-07T20:56:53.662823,20:56:53,6423.83,6423.83,3
2025-11-07T20:56:54.519153,20:56:54,6384.72,6384.72,3
2025-11-07T20:57:07.054100,20:57:07,6407.3,6407.3,3
2025-11-07T20:57:07.916901,20:57:07,6401.98,6401.98,3
2025-11-07T20:57:20.374184,20:57:20,6462.7,6462.7,3
2025-11-07T20:57:21.183910,20:57:21,6420.02,6420.02,3
2025-11-07T20:57:33.645071,20:57:33,6274.6,6274.6,3
2025-11-07T20:57:34.696546,20:57:34,6303.58,6303.58,3
2025-11-07T20:57:47.492587,20:57:47,6409.87,6409.87,3
2025-11-07T20:57:48.457198,20:57:48,6425.99,6425.99,3
2025-11-07T20:58:01.020455,20:58:01,6363.57,6363.57,3
2025-11-07T20:58:02.324954,20:58:02,6348.19,6348.19,3
2025-11-07T20:58:14.532045,20:58:14,6339.96,6339.96,3
2025-11-07T20:58:15.621274,20:58:15,6319.7,6319.7,3
2025-11-07T20:58:28.060128,20:58:28,6419.13,6419.13,3
2025-11-07T20:58:29.013688,20:58:29,6374.24,6374.24,3
2025-11-07T20:58:41.461788,20:58:41,6518.63,6518.63,3
2025-11-07T20:58:42.366508,20:58:42,6437.02,6437.02,3
2025-11-07T20:58:54.993974,20:58:54,6168.94,6168.94,3
2025-11-07T20:58:56.233841,20:58:56,6223.54,6223.54,3
2025-11-07T20:59:08.535937,20:59:08,6397.63,6397.63,3
2025-11-07T20:59:09.323159,20:59:09,6395.4,6395.4,3
2025-11-07T20:59:21.691983,20:59:21,6219.96,6219.96,3
2025-11-07T20:59:22.774344,20:59:22,6218.76,6218.76,3
2025-11-07T20:59:35.461296,20:59:35,6153.91,6153.91,3
2025-11-07T20:59:36.450823,20:59:36,6155.0,6155.0,3
2025-11-07T20:59:49.235536,20:59:49,6028.79,6028.79,3
2025-11-07T20:59:50.188182,20:59:50,6050.41,6050.41,3
2025-11-07T21:00:03.358783,21:00:03,6093.84,6093.84,3
2025-11-07T21:00:03.921032,21:00:03,6076.72,6076.72,3
2025-11-07T21:00:16.918311,21:00:16,6344.97,6344.97,3
2025-11-07T21:00:17.240661,21:00:17,6318.84,6318.84,3
2025-11-07T21:00:30.609997,21:00:30,6140.77,6140.77,3
2025-11-07T21:00:30.986760,21:00:30,6177.74,6177.74,3
2025-11-07T21:00:44.414829,21:00:44,6153.18,6153.18,3
2025-11-07T21:00:44.789985,21:00:44,6209.33,6209.33,3
2025-11-07T21:00:57.972922,21:00:57,6208.89,6208.89,3
2025-11-07T21:00:58.111346,21:00:58,6203.55,6203.55,3
2025-11-07T21:01:11.701144,21:01:11,6186.38,6186.38,3
2025-11-07T21:01:11.891690,21:01:11,6186.38,6186.38,3
2025-11-07T21:01:25.503463,21:01:25,6124.08,6124.08,3
2025-11-07T21:01:25.704307,21:01:25,6111.65,6111.65,3
2025-11-07T21:01:38.808547,21:01:38,6213.82,6213.82,3
2025-11-07T21:01:39.669094,21:01:39,6249.24,6249.24,3
2025-11-07T21:01:52.238616,21:01:52,6072.95,6072.95,3
2025-11-07T21:01:53.398075,21:01:53,6050.41,6050.41,3
2025-11-07T21:02:05.594048,21:02:05,6028.28,6028.28,3
2025-11-07T21:02:07.169775,21:02:07,6042.16,6042.16,3
2025-11-07T21:02:18.632807,21:02:18,5873.15,5873.15,3
2025-11-07T21:02:20.382722,21:02:20,5897.99,5897.99,3
2025-11-07T21:02:32.531210,21:02:32,5885.14,5885.14,3
2025-11-07T21:02:33.149029,21:02:33,5873.45,5873.45,3
2025-11-07T21:02:46.185097,21:02:46,5816.58,5816.58,3
2025-11-07T21:02:46.879531,21:02:46,5816.24,5816.24,3
2025-11-07T21:02:59.096327,21:02:59,5744.33,5744.33,3
2025-11-07T21:03:00.438328,21:03:00,5758.69,5758.69,3
2025-11-07T21:03:13.053113,21:03:13,5745.91,5745.91,3
2025-11-07T21:03:13.449885,21:03:13,5790.14,5790.14,3
2025-11-07T21:03:27.095200,21:03:27,5823.19,5823.19,3
2025-11-07T21:03:27.520358,21:03:27,5811.14,5811.14,3
2025-11-07T21:03:41.065971,21:03:41,5731.94,5731.94,3
2025-11-07T21:03:41.234219,21:03:41,5634.36,5634.36,3
2025-11-07T21:03:54.492645,21:03:54,5592.35,5592.35,3
2025-11-07T21:03:54.969658,21:03:54,5592.35,5592.35,3
2025-11-07T21:04:08.002687,21:04:08,5572.44,5572.44,3
2025-11-07T21:04:09.148210,21:04:09,5567.82,5567.82,3
2025-11-07T21:04:21.587636,21:04:21,5594.95,5594.95,3
2025-11-07T21:04:23.531074,21:04:23,5598.02,5598.02,3
2025-11-07T21:04:35.394891,21:04:35,5674.0,5674.0,3
2025-11-07T21:04:37.398917,21:04:37,5644.54,5644.54,3
2025-11-07T21:04:48.277690,21:04:48,5617.25,5617.25,3
2025-11-07T21:04:50.294262,21:04:50,5669.28,5669.28,3
2025-11-07T21:05:02.046177,21:05:02,5599.14,5599.14,3
2025-11-07T21:05:04.158091,21:05:04,5586.76,5586.76,3
2025-11-07T21:05:15.772318,21:05:15,5786.6,5786.6,3
2025-11-07T21:05:17.431281,21:05:17,5791.78,5791.78,3
2025-11-07T21:05:29.401565,21:05:29,5769.07,5769.07,3
2025-11-07T21:05:31.051250,21:05:31,5793.13,5793.13,3
2025-11-07T21:05:42.625620,21:05:42,5855.67,5855.67,3
2025-11-07T21:05:44.432488,21:05:44,5827.94,5827.94,3
2025-11-07T21:05:56.373594,21:05:56,5696.91,5696.91,3
2025-11-07T21:05:58.108842,21:05:58,5721.81,5721.81,3
2025-11-07T21:06:09.491545,21:06:09,5759.54,5759.54,3
2025-11-07T21:06:11.494520,21:06:11,5702.85,5702.85,3
2025-11-07T21:06:23.514963,21:06:23,5822.57,5822.57,3
2025-11-07T21:06:25.245203,21:06:25,5739.57,5739.57,3
2025-11-07T21:06:36.870044,21:06:36,5575.86,5575.86,3
2025-11-07T21:06:38.431235,21:06:38,5603.2,5603.2,3
2025-11-07T21:06:50.411756,21:06:50,5804.21,5804.21,3
2025-11-07T21:06:52.515474,21:06:52,5875.29,5875.29,3
2025-11-07T21:07:03.912179,21:07:03,5882.75,5882.75,3
2025-11-07T21:07:05.980578,21:07:05,5869.61,5869.61,3
2025-11-07T21:07:17.435143,21:07:17,5830.82,5830.82,3
2025-11-07T21:07:19.762451,21:07:19,5758.24,5758.24,3
2025-11-07T21:07:30.664203,21:07:30,5637.06,5637.06,3
2025-11-07T21:07:33.302334,21:07:33,5643.97,5643.97,3
2025-11-07T21:07:44.355347,21:07:44,5585.25,5585.25,3
2025-11-07T21:07:46.681343,21:07:46,5606.1,5606.1,3
2025-11-07T21:07:57.626278,21:07:57,5466.3,5466.3,3
2025-11-07T21:08:00.306211,21:08:00,5489.53,5489.53,3
2025-11-07T21:08:10.538960,21:08:10,5355.44,5355.44,3
2025-11-07T21:08:14.696093,21:08:14,5237.42,5237.42,3
2025-11-07T21:08:23.569651,21:08:23,5160.38,5160.38,3
2025-11-07T21:08:27.764989,21:08:27,5168.73,5168.73,3
2025-11-07T21:08:36.916179,21:08:36,5152.08,5152.08,3
2025-11-07T21:08:41.989442,21:08:41,5103.75,5103.75,3
2025-11-07T21:08:50.641441,21:08:50,5043.91,5043.91,3
2025-11-07T21:08:55.668578,21:08:55,5007.4,5007.4,3
2025-11-07T21:09:04.283712,21:09:04,4929.2,4929.2,3
2025-11-07T21:09:09.596833,21:09:09,5061.56,5061.56,3
2025-11-07T21:09:17.516795,21:09:17,5163.68,5163.68,3
2025-11-07T21:09:23.382885,21:09:23,5128.68,5128.68,3
2025-11-07T21:09:30.877355,21:09:30,5200.56,5200.56,3
2025-11-07T21:09:37.413101,21:09:37,5229.25,5229.25,3
2025-11-07T21:09:43.829909,21:09:43,5217.66,5217.66,3
2025-11-07T21:09:50.790072,21:09:50,5215.48,5215.48,3
2025-11-07T21:09:56.908734,21:09:56,5241.08,5241.08,3
2025-11-07T21:10:04.329139,21:10:04,5247.48,5247.48,3
2025-11-07T21:10:10.606658,21:10:10,5202.89,5202.89,3
2025-11-07T21:10:17.813747,21:10:17,5403.46,5403.46,3
2025-11-07T21:10:24.290016,21:10:24,5452.5,5452.5,3
2025-11-07T21:10:31.204603,21:10:31,5393.07,5393.07,3
2025-11-07T21:10:37.503020,21:10:37,5485.94,5485.94,3
2025-11-07T21:10:44.309390,21:10:44,5574.27,5574.27,3
2025-11-07T21:10:50.852488,21:10:50,5527.07,5527.07,3
2025-11-07T21:10:57.396158,21:10:57,5580.42,5580.42,3
2025-11-07T21:11:04.445263,21:11:04,5496.07,5496.07,3
2025-11-07T21:11:10.467377,21:11:10,5518.24,5518.24,3
2025-11-07T21:11:17.508407,21:11:17,5419.87,5419.87,3
2025-11-07T21:11:23.589661,21:11:23,5379.02,5379.02,3
2025-11-07T21:11:30.793672,21:11:30,5461.25,5461.25,3
2025-11-07T21:11:36.843066,21:11:36,5436.67,5436.67,3
2025-11-07T21:11:44.511327,21:11:44,5368.12,5368.12,3
2025-11-07T21:11:50.077079,21:11:50,5375.99,5375.99,3
2025-11-07T21:11:58.477639,21:11:58,5447.34,5447.34,3
2025-11-07T21:12:03.405406,21:12:03,5448.04,5448.04,3
2025-11-07T21:12:11.664615,21:12:11,5471.92,5471.92,3
2025-11-07T21:12:16.634391,21:12:16,5479.57,5479.57,3
2025-11-07T21:12:25.525044,21:12:25,5484.36,5484.36,3
2025-11-07T21:12:30.273646,21:12:30,5492.11,5492.11,3
2025-11-07T21:12:38.662949,21:12:38,5403.46,5403.46,3
2025-11-07T21:12:43.835832,21:12:43,5437.12,5437.12,3
2025-11-07T21:12:52.495021,21:12:52,5387.36,5387.36,3
2025-11-07T21:12:57.188911,21:12:57,5423.11,5423.11,3
2025-11-07T21:13:06.412189,21:13:06,5201.35,5201.35,3
2025-11-07T21:13:10.945617,21:13:10,5313.89,5313.89,3
2025-11-07T21:13:19.672633,21:13:19,5346.8,5346.8,3
2025-11-07T21:13:24.696233,21:13:24,5305.49,5305.49,3
2025-11-07T21:13:33.615075,21:13:33,5230.57,5230.57,3
2025-11-07T21:13:38.240926,21:13:38,5215.97,5215.97,3
2025-11-07T21:13:47.096927,21:13:47,5200.05,5200.05,3
2025-11-07T21:13:51.623099,21:13:51,5272.02,5272.02,3
2025-11-07T21:14:00.255958,21:14:00,5228.68,5228.68,3
2025-11-07T21:14:04.433175,21:14:04,5223.88,5223.88,3
2025-11-07T21:14:13.273969,21:14:13,5261.42,5261.42,3
2025-11-07T21:14:17.809550,21:14:17,5211.0,5211.0,3
2025-11-07T21:14:26.786885,21:14:26,5164.04,5164.04,3
2025-11-07T21:14:30.688049,21:14:30,5125.2,5125.2,3
2025-11-07T21:14:40.518020,21:14:40,5133.43,5133.43,3
2025-11-07T21:14:43.838853,21:14:43,5138.08,5138.08,3
2025-11-07T21:14:53.490775,21:14:53,5394.84,5394.84,3
2025-11-07T21:14:57.200142,21:14:57,5399.59,5399.59,3
2025-11-07T21:15:06.851122,21:15:06,5476.3,5476.3,3
2025-11-07T21:15:10.528558,21:15:10,5468.5,5468.5,3
2025-11-07T21:15:20.482915,21:15:20,5551.44,5551.44,3
2025-11-07T21:15:23.461316,21:15:23,5620.76,5620.76,3
2025-11-07T21:15:33.774492,21:15:33,5604.18,5604.18,3
2025-11-07T21:15:36.659503,21:15:36,5685.12,5685.12,3
2025-11-07T21:15:47.147661,21:15:47,5630.85,5630.85,3
2025-11-07T21:15:49.661333,21:15:49,5627.11,5627.11,3
2025-11-07T21:16:00.338128,21:16:00,5561.45,5561.45,3
2025-11-07T21:16:02.328304,21:16:02,5570.2,5570.2,3
2025-11-07T21:16:13.083439,21:16:13,5432.84,5432.84,3
2025-11-07T21:16:15.288251,21:16:15,5412.33,5412.33,3
2025-11-07T21:16:26.633337,21:16:26,5408.45,5408.45,3
2025-11-07T21:16:28.305013,21:16:28,5423.34,5423.34,3
2025-11-07T21:16:39.765341,21:16:39,5555.86,5555.86,3
2025-11-07T21:16:41.235816,21:16:41,5557.52,5557.52,3
2025-11-07T21:16:52.648736,21:16:52,5472.1,5472.1,3
2025-11-07T21:16:54.208307,21:16:54,5515.23,5515.23,3
2025-11-07T21:17:05.305513,21:17:05,5538.95,5538.95,3
2025-11-07T21:17:07.923695,21:17:07,5608.85,5608.85,3
2025-11-07T21:17:18.880281,21:17:18,5658.45,5658.45,3
2025-11-07T21:17:20.992636,21:17:20,5658.12,5658.12,3
2025-11-07T21:17:32.002698,21:17:32,5717.9,5717.9,3
2025-11-07T21:17:34.111524,21:17:34,5724.2,5724.2,3
2025-11-07T21:17:45.311949,21:17:45,5724.89,5724.89,3
2025-11-07T21:17:47.037152,21:17:47,5801.09,5801.09,3
2025-11-07T21:17:58.637932,21:17:58,5805.96,5805.96,3
2025-11-07T21:18:00.701002,21:18:00,5841.36,5841.36,3
2025-11-07T21:18:11.796701,21:18:11,5721.37,5721.37,3
2025-11-07T21:18:13.846963,21:18:13,5703.87,5703.87,3
2025-11-07T21:18:25.353641,21:18:25,5687.49,5687.49,3
2025-11-07T21:18:27.198204,21:18:27,5646.29,5646.29,3
2025-11-07T21:18:38.502088,21:18:38,5549.5,5549.5,3
2025-11-07T21:18:40.886575,21:18:40,5567.52,5567.52,3
2025-11-07T21:18:52.220626,21:18:52,5506.33,5506.33,3
2025-11-07T21:18:53.745282,21:18:53,5520.46,5520.46,3
2025-11-07T21:19:05.531420,21:19:05,5560.92,5560.92,3
2025-11-07T21:19:07.398726,21:19:07,5525.05,5525.05,3
2025-11-07T21:19:19.157002,21:19:19,5598.7,5598.7,3
2025-11-07T21:19:20.466865,21:19:20,5638.41,5638.41,3
2025-11-07T21:19:33.092386,21:19:33,5629.07,5629.07,3
2025-11-07T21:19:34.330388,21:19:34,5631.79,5631.79,3
2025-11-07T21:19:46.358452,21:19:46,5745.32,5745.32,3
2025-11-07T21:19:48.519161,21:19:48,5810.22,5810.22,3
2025-11-07T21:19:59.443001,21:19:59,5955.33,5955.33,3
2025-11-07T21:20:02.034710,21:20:02,5962.59,5962.59,3
2025-11-07T21:20:12.898127,21:20:12,6185.6,6185.6,3
2025-11-07T21:20:16.087169,21:20:16,6190.17,6190.17,3
2025-11-07T21:20:26.257597,21:20:26,6286.9,6286.9,3
2025-11-07T21:20:29.346340,21:20:29,6424.92,6424.92,3
2025-11-07T21:20:39.586438,21:20:39,6436.53,6436.53,3
2025-11-07T21:20:42.371723,21:20:42,6429.71,6429.71,3
2025-11-07T21:20:52.475430,21:20:52,6302.59,6302.59,3
2025-11-07T21:20:55.769487,21:20:55,6281.76,6281.76,3
2025-11-07T21:21:05.704032,21:21:05,6342.28,6342.28,3
2025-11-07T21:21:09.230618,21:21:09,6322.6,6322.6,3
2025-11-07T21:21:19.528552,21:21:19,6456.45,6456.45,3
2025-11-07T21:21:22.909851,21:21:22,6449.98,6449.98,3
2025-11-07T21:21:32.775453,21:21:32,6316.35,6316.35,3
2025-11-07T21:21:36.571271,21:21:36,6309.0,6309.0,3
2025-11-07T21:21:46.383412,21:21:46,6231.94,6231.94,3
2025-11-07T21:21:49.734222,21:21:49,6224.3,6224.3,3
2025-11-07T21:21:59.398087,21:21:59,6241.14,6241.14,3
2025-11-07T21:22:02.670253,21:22:02,6309.68,6309.68,3
2025-11-07T21:22:12.584602,21:22:12,6263.56,6263.56,3
2025-11-07T21:22:15.585949,21:22:15,6285.06,6285.06,3
2025-11-07T21:22:25.977031,21:22:25,6195.05,6195.05,3
2025-11-07T21:22:28.701278,21:22:28,6168.49,6168.49,3
2025-11-07T21:22:39.471291,21:22:39,6128.1,6128.1,3
2025-11-07T21:22:41.762475,21:22:41,6156.47,6156.47,3
2025-11-07T21:22:53.312648,21:22:53,6246.98,6246.98,3
2025-11-07T21:22:55.328118,21:22:55,6234.64,6234.64,3
2025-11-07T21:23:06.543742,21:23:06,6238.34,6238.34,3
2025-11-07T21:23:09.274878,21:23:09,6250.69,6250.69,3
2025-11-07T21:23:20.268658,21:23:20,6188.31,6188.31,3
2025-11-07T21:23:22.250711,21:23:22,6162.73,6162.73,3
2025-11-07T21:23:33.408219,21:23:33,5997.16,5997.16,3
2025-11-07T21:23:35.601935,21:23:35,5989.72,5989.72,3
2025-11-07T21:23:46.600339,21:23:46,6126.06,6126.06,3
2025-11-07T21:23:48.492057,21:23:48,6160.42,6160.42,3
2025-11-07T21:24:00.794433,21:24:00,6186.59,6186.59,3
2025-11-07T21:24:01.691573,21:24:01,6186.38,6186.38,3
2025-11-07T21:24:14.217601,21:24:14,6246.8,6246.8,3
2025-11-07T21:24:15.185113,21:24:15,6251.11,6251.11,3
2025-11-07T21:24:27.241938,21:24:27,6277.53,6277.53,3
2025-11-07T21:24:28.690393,21:24:28,6274.69,6274.69,3
2025-11-07T21:24:40.472086,21:24:40,6321.73,6321.73,3
2025-11-07T21:24:42.347723,21:24:42,6311.86,6311.86,3
2025-11-07T21:24:53.573229,21:24:53,6350.16,6350.16,3
2025-11-07T21:24:55.315247,21:24:55,6359.46,6359.46,3
2025-11-07T21:25:07.107598,21:25:07,6199.47,6199.47,3
2025-11-07T21:25:08.962904,21:25:08,6163.1,6163.1,3
2025-11-07T21:25:20.365092,21:25:20,6258.26,6258.26,3
2025-11-07T21:25:22.061549,21:25:22,6237.87,6237.87,3
2025-11-07T21:25:33.662109,21:25:33,6133.51,6133.51,3
2025-11-07T21:25:35.561571,21:25:35,6139.5,6139.5,3
2025-11-07T21:25:47.399287,21:25:47,6209.63,6209.63,3
2025-11-07T21:25:48.785991,21:25:48,6239.44,6239.44,3
2025-11-07T21:26:00.781312,21:26:00,6243.27,6243.27,3
2025-11-07T21:26:01.770209,21:26:01,6241.65,6241.65,3
2025-11-07T21:26:14.409106,21:26:14,6242.81,6242.81,3
2025-11-07T21:26:15.283325,21:26:15,6256.16,6256.16,3
2025-11-07T21:26:27.659432,21:26:27,6268.71,6268.71,3
2025-11-07T21:26:28.794526,21:26:28,6217.34,6217.34,3
2025-11-07T21:26:40.717879,21:26:40,6261.28,6261.28,3
2025-11-07T21:26:42.524638,21:26:42,6249.16,6249.16,3
2025-11-07T21:26:53.973187,21:26:53,6280.09,6280.09,3
2025-11-07T21:26:55.691949,21:26:55,6266.11,6266.11,3
2025-11-07T21:27:07.095817,21:27:07,6257.09,6257.09,3
2025-11-07T21:27:09.171936,21:27:09,6281.39,6281.39,3
2025-11-07T21:27:20.651927,21:27:20,6177.91,6177.91,3
2025-11-07T21:27:21.895132,21:27:21,6188.61,6188.61,3
2025-11-07T21:27:34.940242,21:27:34,6183.33,6183.33,3
2025-11-07T21:27:35.873865,21:27:35,6124.88,6124.88,3
2025-11-07T21:27:48.452844,21:27:48,6170.49,6170.49,3
2025-11-07T21:27:49.423465,21:27:49,6168.81,6168.81,3
2025-11-07T21:28:01.376551,21:28:01,6233.02,6233.02,3
2025-11-07T21:28:03.251120,21:28:03,6293.44,6293.44,3
2025-11-07T21:28:14.579500,21:28:14,6344.69,6344.69,3
2025-11-07T21:28:16.672918,21:28:16,6328.51,6328.51,3
2025-11-07T21:28:27.742036,21:28:27,6183.97,6183.97,3
2025-11-07T21:28:30.083206,21:28:30,6171.5,6171.5,3
2025-11-07T21:28:41.366846,21:28:41,6220.52,6220.52,3
2025-11-07T21:28:43.395739,21:28:43,6225.06,6225.06,3
2025-11-07T21:28:55.208916,21:28:55,6206.97,6206.97,3
2025-11-07T21:28:56.814534,21:28:56,6211.69,6211.69,3
2025-11-07T21:29:08.672149,21:29:08,6168.02,6168.02,3
2025-11-07T21:29:10.331584,21:29:10,6166.88,6166.88,3
2025-11-07T21:29:22.285837,21:29:22,6164.37,6164.37,3
2025-11-07T21:29:23.682875,21:29:23,6125.5,6125.5,3
2025-11-07T21:29:35.501854,21:29:35,6088.44,6088.44,3
2025-11-07T21:29:37.002426,21:29:37,6034.18,6034.18,3
2025-11-07T21:29:49.255071,21:29:49,5918.34,5918.34,3
2025-11-07T21:29:50.008257,21:29:50,5929.23,5929.23,3
2025-11-07T21:30:02.946008,21:30:02,5933.87,5933.87,3
2025-11-07T21:30:05.590699,21:30:05,5862.18,5862.18,3
2025-11-07T21:30:16.686579,21:30:16,5890.39,5890.39,3
2025-11-07T21:30:19.384647,21:30:19,5908.72,5908.72,3
2025-11-07T21:30:30.356633,21:30:30,5933.99,5933.99,3
2025-11-07T21:30:32.725259,21:30:32,5937.93,5937.93,3
2025-11-07T21:30:43.718947,21:30:43,5986.58,5986.58,3
2025-11-07T21:30:46.710264,21:30:46,5910.44,5910.44,3
2025-11-07T21:30:57.528909,21:30:57,5961.06,5961.06,3
2025-11-07T21:31:00.122625,21:31:00,5964.19,5964.19,3
2025-11-07T21:31:10.596847,21:31:10,6087.82,6087.82,3
2025-11-07T21:31:13.562703,21:31:13,6036.98,6036.98,3
2025-11-07T21:31:23.949304,21:31:23,6030.33,6030.33,3
2025-11-07T21:31:27.592728,21:31:27,6135.09,6135.09,3
2025-11-07T21:31:37.573916,21:31:37,6207.04,6207.04,3
2025-11-07T21:31:40.564443,21:31:40,6124.88,6124.88,3
2025-11-07T21:31:51.035738,21:31:51,6110.0,6110.0,3
2025-11-07T21:31:53.594614,21:31:53,6083.19,6083.19,3
2025-11-07T21:32:04.475263,21:32:04,5940.63,5940.63,3
2025-11-07T21:32:07.515266,21:32:07,5946.03,5946.03,3
2025-11-07T21:32:17.913640,21:32:17,5911.96,5911.96,3
2025-11-07T21:32:21.274220,21:32:21,5979.04,5979.04,3
2025-11-07T21:32:31.704354,21:32:31,6059.94,6059.94,3
2025-11-07T21:32:34.765597,21:32:34,5991.85,5991.85,3
2025-11-07T21:32:44.288710,21:32:44,6036.01,6036.01,3
2025-11-07T21:32:47.965118,21:32:47,5935.43,5935.43,3
2025-11-07T21:32:58.130461,21:32:58,5820.71,5820.71,3
2025-11-07T21:33:01.273495,21:33:01,5797.76,5797.76,3
2025-11-07T21:33:11.810885,21:33:11,5802.8,5802.8,3
2025-11-07T21:33:14.229787,21:33:14,5797.91,5797.91,3
2025-11-07T21:33:24.830826,21:33:24,5912.45,5912.45,3
2025-11-07T21:33:28.534743,21:33:28,5865.42,5865.42,3
2025-11-07T21:33:38.675944,21:33:38,5695.14,5695.14,3
2025-11-07T21:33:41.577228,21:33:41,5537.77,5537.77,3
2025-11-07T21:33:52.506741,21:33:52,5483.93,5483.93,3
2025-11-07T21:33:54.943129,21:33:54,5515.57,5515.57,3
2025-11-07T21:34:05.763483,21:34:05,5629.57,5629.57,3
2025-11-07T21:34:07.958890,21:34:07,5663.4,5663.4,3
2025-11-07T21:34:19.395014,21:34:19,5467.18,5467.18,3
2025-11-07T21:34:21.233929,21:34:21,5490.67,5490.67,3
2025-11-07T21:34:33.293875,21:34:33,5647.15,5647.15,3
2025-11-07T21:34:34.561280,21:34:34,5638.2,5638.2,3
2025-11-07T21:34:46.606756,21:34:46,5667.86,5667.86,3
2025-11-07T21:34:48.165197,21:34:48,5673.81,5673.81,3
2025-11-07T21:35:00.025122,21:35:00,5752.69,5752.69,3
2025-11-07T21:35:01.075375,21:35:01,5754.82,5754.82,3
2025-11-07T21:35:14.661072,21:35:14,5785.28,5785.28,3
2025-11-07T21:35:15.117842,21:35:15,5801.24,5801.24,3
2025-11-07T21:35:28.489132,21:35:28,5751.07,5751.07,3
2025-11-07T21:35:29.891825,21:35:29,5748.73,5748.73,3
2025-11-07T21:35:41.747186,21:35:41,5805.33,5805.33,3
2025-11-07T21:35:43.252362,21:35:43,5804.27,5804.27,3
2025-11-07T21:35:54.767696,21:35:54,6036.49,6036.49,3
2025-11-07T21:35:55.799026,21:35:55,5984.73,5984.73,3
2025-11-07T21:36:07.727526,21:36:07,5879.48,5879.48,3
2025-11-07T21:36:09.610873,21:36:09,5924.83,5924.83,3
2025-11-07T21:36:20.925984,21:36:20,5846.85,5846.85,3
2025-11-07T21:36:22.723444,21:36:22,5867.99,5867.99,3
2025-11-07T21:36:34.243111,21:36:34,5831.97,5831.97,3
2025-11-07T21:36:36.976526,21:36:36,5858.99,5858.99,3
2025-11-07T21:36:47.685244,21:36:47,5838.63,5838.63,3
2025-11-07T21:36:50.300276,21:36:50,5805.83,5805.83,3
2025-11-07T21:37:01.188407,21:37:01,5692.06,5692.06,3
2025-11-07T21:37:05.167685,21:37:05,5618.25,5618.25,3
2025-11-07T21:37:14.394462,21:37:14,5567.95,5567.95,3
2025-11-07T21:37:18.539065,21:37:18,5579.2,5579.2,3
2025-11-07T21:37:27.682610,21:37:27,5607.43,5607.43,3
2025-11-07T21:37:31.621236,21:37:31,5632.33,5632.33,3
2025-11-07T21:37:41.258144,21:37:41,5695.5,5695.5,3
2025-11-07T21:37:44.881254,21:37:44,5684.61,5684.61,3
2025-11-07T21:37:54.660322,21:37:54,5636.68,5636.68,3
2025-11-07T21:37:58.179320,21:37:58,5642.76,5642.76,3
2025-11-07T21:38:07.950611,21:38:07,5590.01,5590.01,3
2025-11-07T21:38:11.438071,21:38:11,5520.96,5520.96,3
2025-11-07T21:38:21.353154,21:38:21,5505.75,5505.75,3
2025-11-07T21:38:24.789600,21:38:24,5491.07,5491.07,3
2025-11-07T21:38:34.759950,21:38:34,5530.06,5530.06,3
2025-11-07T21:38:37.824236,21:38:37,5487.23,5487.23,3
2025-11-07T21:38:47.785504,21:38:47,5594.52,5594.52,3
2025-11-07T21:38:51.044454,21:38:51,5599.5,5599.5,3
2025-11-07T21:39:01.508473,21:39:01,5609.01,5609.01,3
2025-11-07T21:39:04.078410,21:39:04,5640.22,5640.22,3
2025-11-07T21:39:14.423179,21:39:14,5654.78,5654.78,3
2025-11-07T21:39:17.200984,21:39:17,5636.02,5636.02,3
2025-11-07T21:39:28.447190,21:39:28,5623.64,5623.64,3
2025-11-07T21:39:30.174053,21:39:30,5627.18,5627.18,3
2025-11-07T21:39:41.350340,21:39:41,5650.02,5650.02,3
2025-11-07T21:39:43.220423,21:39:43,5648.43,5648.43,3
2025-11-07T21:39:54.811138,21:39:54,5720.25,5720.25,3
2025-11-07T21:39:56.606881,21:39:56,5734.25,5734.25,3
2025-11-07T21:40:09.876061,21:40:09,5853.18,5853.18,3
2025-11-07T21:40:12.426906,21:40:12,5860.28,5860.28,3
2025-11-07T21:40:23.499612,21:40:23,5981.48,5981.48,3
2025-11-07T21:40:26.574816,21:40:26,5958.87,5958.87,3
2025-11-07T21:40:36.631648,21:40:36,6041.84,6041.84,3
2025-11-07T21:40:40.414558,21:40:40,6019.51,6019.51,3
2025-11-07T21:40:49.610155,21:40:49,5964.12,5964.12,3
2025-11-07T21:40:53.581530,21:40:53,5945.53,5945.53,3
2025-11-07T21:41:02.577353,21:41:02,5928.06,5928.06,3
2025-11-07T21:41:06.630726,21:41:06,5930.49,5930.49,3
2025-11-07T21:41:15.296339,21:41:15,5709.67,5709.67,3
2025-11-07T21:41:20.325788,21:41:20,5591.61,5591.61,3
2025-11-07T21:41:29.303326,21:41:29,5566.34,5566.34,3
2025-11-07T21:41:33.505137,21:41:33,5496.01,5496.01,3
2025-11-07T21:41:42.972649,21:41:42,5504.45,5504.45,3
2025-11-07T21:41:47.056754,21:41:47,5446.4,5446.4,3
2025-11-07T21:41:56.862524,21:41:56,5414.44,5414.44,3
2025-11-07T21:41:59.677520,21:41:59,5399.4,5399.4,3
2025-11-07T21:42:10.166741,21:42:10,5344.73,5344.73,3
2025-11-07T21:42:12.757078,21:42:12,5326.01,5326.01,3
2025-11-07T21:42:23.887021,21:42:23,5356.91,5356.91,3
2025-11-07T21:42:25.827967,21:42:25,5335.2,5335.2,3
2025-11-07T21:42:37.481448,21:42:37,5329.12,5329.12,3
2025-11-07T21:42:39.371863,21:42:39,5351.75,5351.75,3
2025-11-07T21:42:51.511890,21:42:51,5289.17,5289.17,3
2025-11-07T21:42:53.086850,21:42:53,5289.18,5289.18,3
2025-11-07T21:43:04.172977,21:43:04,5288.29,5288.29,3
2025-11-07T21:43:06.340741,21:43:06,5295.72,5295.72,3
2025-11-07T21:43:16.672754,21:43:16,5253.47,5253.47,3
2025-11-07T21:43:18.918922,21:43:18,5230.2,5230.2,3
2025-11-07T21:43:29.398978,21:43:29,5202.14,5202.14,3
2025-11-07T21:43:31.689705,21:43:31,5192.99,5192.99,3
2025-11-07T21:43:42.431530,21:43:42,5342.78,5342.78,3
2025-11-07T21:43:44.783429,21:43:44,5343.23,5343.23,3
2025-11-07T21:43:55.010529,21:43:55,5395.33,5395.33,3
2025-11-07T21:43:57.446990,21:43:57,5381.55,5381.55,3
2025-11-07T21:44:07.612117,21:44:07,5346.93,5346.93,3
2025-11-07T21:44:10.462658,21:44:10,5277.79,5277.79,3
2025-11-07T21:44:20.602816,21:44:20,5167.83,5167.83,3
2025-11-07T21:44:24.113148,21:44:24,5148.39,5148.39,3
2025-11-07T21:44:33.458583,21:44:33,5224.87,5224.87,3
2025-11-07T21:44:36.356941,21:44:36,5267.4,5267.4,3
2025-11-07T21:44:46.352522,21:44:46,5246.43,5246.43,3
2025-11-07T21:44:48.663311,21:44:48,5242.81,5242.81,3
2025-11-07T21:44:58.522041,21:44:58,5269.54,5269.54,3
2025-11-07T21:45:01.538370,21:45:01,5277.05,5277.05,3
2025-11-07T21:45:11.060026,21:45:11,5222.38,5222.38,3
2025-11-07T21:45:13.764681,21:45:13,5243.08,5243.08,3
2025-11-07T21:45:23.583841,21:45:23,5291.4,5291.4,3
2025-11-07T21:45:26.423646,21:45:26,5314.52,5314.52,3
2025-11-07T21:45:35.813316,21:45:35,5257.91,5257.91,3
2025-11-07T21:45:39.091197,21:45:39,5296.11,5296.11,3
2025-11-07T21:45:48.167484,21:45:48,5286.79,5286.79,3
2025-11-07T21:45:52.064274,21:45:52,5306.2,5306.2,3
2025-11-07T21:46:00.484939,21:46:00,5340.4,5340.4,3
2025-11-07T21:46:04.818545,21:46:04,5340.28,5340.28,3
2025-11-07T21:46:13.095484,21:46:13,5354.35,5354.35,3
2025-11-07T21:46:16.989957,21:46:16,5374.15,5374.15,3
2025-11-07T21:46:25.802346,21:46:25,5333.19,5333.19,3
2025-11-07T21:46:29.241919,21:46:29,5306.43,5306.43,3
2025-11-07T21:46:38.133540,21:46:38,5320.82,5320.82,3
2025-11-07T21:46:41.888926,21:46:41,5304.63,5304.63,3
2025-11-07T21:46:50.445781,21:46:50,5279.94,5279.94,3
2025-11-07T21:46:54.293525,21:46:54,5308.72,5308.72,3
2025-11-07T21:47:03.049330,21:47:03,5321.55,5321.55,3
2025-11-07T21:47:06.896513,21:47:06,5368.87,5368.87,3
2025-11-07T21:47:15.352011,21:47:15,5538.98,5538.98,3
2025-11-07T21:47:19.452375,21:47:19,5558.31,5558.31,3
2025-11-07T21:47:27.763276,21:47:27,5563.41,5563.41,3
2025-11-07T21:47:31.987216,21:47:31,5570.82,5570.82,3
2025-11-07T21:47:40.464201,21:47:40,5639.16,5639.16,3
2025-11-07T21:47:44.655448,21:47:44,5612.02,5612.02,3
2025-11-07T21:47:52.569362,21:47:52,5479.56,5479.56,3
2025-11-07T21:47:57.007930,21:47:57,5445.63,5445.63,3
2025-11-07T21:48:05.150938,21:48:05,5554.2,5554.2,3
2025-11-07T21:48:09.315126,21:48:09,5569.29,5569.29,3
2025-11-07T21:48:17.991048,21:48:17,5579.44,5579.44,3
2025-11-07T21:48:22.478240,21:48:22,5588.32,5588.32,3
2025-11-07T21:48:30.680402,21:48:30,5537.87,5537.87,3
2025-11-07T21:48:34.842014,21:48:34,5536.72,5536.72,3
2025-11-07T21:48:43.049452,21:48:43,5543.3,5543.3,3
2025-11-07T21:48:47.587900,21:48:47,5581.05,5581.05,3
2025-11-07T21:48:55.489052,21:48:55,5567.53,5567.53,3
2025-11-07T21:49:00.144056,21:49:00,5577.89,5577.89,3
2025-11-07T21:49:07.833949,21:49:07,5676.48,5676.48,3
2025-11-07T21:49:12.333884,21:49:12,5689.71,5689.71,3
2025-11-07T21:49:20.561151,21:49:20,5657.24,5657.24,3
2025-11-07T21:49:25.280084,21:49:25,5638.57,5638.57,3
2025-11-07T21:49:32.896368,21:49:32,5686.86,5686.86,3
2025-11-07T21:49:37.873222,21:49:37,5628.79,5628.79,3
2025-11-07T21:49:45.299497,21:49:45,5701.64,5701.64,3
2025-11-07T21:49:50.184420,21:49:50,5826.39,5826.39,3
2025-11-07T21:49:57.720575,21:49:57,5847.8,5847.8,3
2025-11-07T21:50:02.607960,21:50:02,5832.49,5832.49,3
2025-11-07T21:50:10.341795,21:50:10,5954.78,5954.78,3
2025-11-07T21:50:15.332339,21:50:15,6123.17,6123.17,3
2025-11-07T21:50:23.443445,21:50:23,6060.04,6060.04,3
2025-11-07T21:50:27.639729,21:50:27,6115.14,6115.14,3
2025-11-07T21:50:36.390996,21:50:36,6208.66,6208.66,3
2025-11-07T21:50:40.211200,21:50:40,6221.41,6221.41,3
2025-11-07T21:50:49.338528,21:50:49,6373.47,6373.47,3
2025-11-07T21:50:52.653515,21:50:52,6344.85,6344.85,3
2025-11-07T21:51:01.766789,21:51:01,6386.67,6386.67,3
2025-11-07T21:51:05.824149,21:51:05,6438.29,6438.29,3
2025-11-07T21:51:15.049184,21:51:15,6543.72,6543.72,3
2025-11-07T21:51:18.256359,21:51:18,6414.14,6414.14,3
2025-11-07T21:51:27.630881,21:51:27,6482.01,6482.01,3
2025-11-07T21:51:30.733086,21:51:30,6416.62,6416.62,3
2025-11-07T21:51:40.317628,21:51:40,6368.2,6368.2,3
2025-11-07T21:51:43.612795,21:51:43,6377.93,6377.93,3
2025-11-07T21:51:52.804462,21:51:52,6464.6,6464.6,3
2025-11-07T21:51:56.403002,21:51:56,6528.92,6528.92,3
2025-11-07T21:52:05.483542,21:52:05,6544.85,6544.85,3
2025-11-07T21:52:08.938693,21:52:08,6575.09,6575.09,3
2025-11-07T21:52:18.325589,21:52:18,6573.89,6573.89,3
2025-11-07T21:52:21.441603,21:52:21,6582.31,6582.31,3
2025-11-07T21:52:31.252149,21:52:31,6664.26,6664.26,3
2025-11-07T21:52:33.550272,21:52:33,6668.19,6668.19,3
2025-11-07T21:52:43.688670,21:52:43,6620.57,6620.57,3
2025-11-07T21:52:46.239302,21:52:46,6667.88,6667.88,3
2025-11-07T21:52:56.249448,21:52:56,6688.1,6688.1,3
2025-11-07T21:52:58.705771,21:52:58,6665.59,6665.59,3
2025-11-07T21:53:08.607574,21:53:08,6742.09,6742.09,3
2025-11-07T21:53:11.577538,21:53:11,6812.55,6812.55,3
2025-11-07T21:53:20.691553,21:53:20,6894.48,6894.48,3
2025-11-07T21:53:23.718797,21:53:23,6946.35,6946.35,3
2025-11-07T21:53:33.118466,21:53:33,6994.93,6994.93,3
2025-11-07T21:53:36.216470,21:53:36,6949.62,6949.62,3
2025-11-07T21:53:45.196386,21:53:45,6865.06,6865.06,3
2025-11-07T21:53:48.343656,21:53:48,6997.7,6997.7,3
2025-11-07T21:53:57.971704,21:53:57,6962.35,6962.35,3
2025-11-07T21:54:00.764796,21:54:00,6998.13,6998.13,3
2025-11-07T21:54:10.031289,21:54:10,7168.82,7168.82,3
2025-11-07T21:54:13.188139,21:54:13,7122.98,7122.98,3
2025-11-07T21:54:22.281974,21:54:22,7127.13,7127.13,3
2025-11-07T21:54:25.660044,21:54:25,7146.46,7146.46,3
2025-11-07T21:54:35.038374,21:54:35,7093.64,7093.64,3
2025-11-07T21:54:38.151612,21:54:38,7161.66,7161.66,3
2025-11-07T21:54:47.159603,21:54:47,7006.99,7006.99,3
2025-11-07T21:54:50.851666,21:54:50,6977.41,6977.41,3
2025-11-07T21:54:59.722279,21:54:59,6884.3,6884.3,3
2025-11-07T21:55:04.382836,21:55:04,6900.93,6900.93,3
2025-11-07T21:55:12.732570,21:55:12,6904.66,6904.66,3
2025-11-07T21:55:16.961700,21:55:16,6943.13,6943.13,3
2025-11-07T21:55:24.896696,21:55:24,6931.58,6931.58,3
2025-11-07T21:55:29.823241,21:55:29,6936.76,6936.76,3
2025-11-07T21:55:37.602568,21:55:37,6906.19,6906.19,3
2025-11-07T21:55:42.250933,21:55:42,6892.77,6892.77,3
2025-11-07T21:55:49.947751,21:55:49,6937.59,6937.59,3
2025-11-07T21:55:54.780797,21:55:54,7112.88,7112.88,3
2025-11-07T21:56:02.775385,21:56:02,7246.6,7246.6,3
2025-11-07T21:56:07.550993,21:56:07,7275.13,7275.13,3
2025-11-07T21:56:15.396688,21:56:15,7260.99,7260.99,3
2025-11-07T21:56:20.281233,21:56:20,7231.93,7231.93,3
2025-11-07T21:56:28.337319,21:56:28,7244.06,7244.06,3
2025-11-07T21:56:32.804873,21:56:32,7345.11,7345.11,3
2025-11-07T21:56:40.798101,21:56:40,7325.29,7325.29,3
2025-11-07T21:56:45.379871,21:56:45,7291.27,7291.27,3
2025-11-07T21:56:53.313755,21:56:53,7283.69,7283.69,3
2025-11-07T21:56:58.286042,21:56:58,7345.0,7345.0,3
2025-11-07T21:57:06.651496,21:57:06,7297.39,7297.39,3
2025-11-07T21:57:10.758893,21:57:10,7284.64,7284.64,3
2025-11-07T21:57:19.439570,21:57:19,7140.22,7140.22,3
2025-11-07T21:57:23.445094,21:57:23,7157.22,7157.22,3
2025-11-07T21:57:32.389270,21:57:32,7144.59,7144.59,3
2025-11-07T21:57:35.959996,21:57:35,7143.25,7143.25,3
2025-11-07T21:57:44.664795,21:57:44,7252.09,7252.09,3
2025-11-07T21:57:48.147335,21:57:48,7203.88,7203.88,3
2025-11-07T21:57:57.066044,21:57:57,7277.71,7277.71,3
2025-11-07T21:58:01.145697,21:58:01,7337.26,7337.26,3
2025-11-07T21:58:09.695149,21:58:09,7265.54,7265.54,3
2025-11-07T21:58:13.659119,21:58:13,7233.62,7233.62,3
2025-11-07T21:58:22.318298,21:58:22,7477.25,7477.25,3
2025-11-07T21:58:26.487665,21:58:26,7480.47,7480.47,3
2025-11-07T21:58:34.845982,21:58:34,7450.7,7450.7,3
2025-11-07T21:58:38.979051,21:58:38,7487.48,7487.48,3
2025-11-07T21:58:47.663002,21:58:47,7417.69,7417.69,3
2025-11-07T21:58:51.459081,21:58:51,7417.34,7417.34,3
2025-11-07T21:59:00.509839,21:59:00,7368.5,7368.5,3
2025-11-07T21:59:03.883258,21:59:03,7373.3,7373.3,3
2025-11-07T21:59:13.592606,21:59:13,7389.58,7389.58,3
2025-11-07T21:59:15.965653,21:59:15,7352.12,7352.12,3
2025-11-07T21:59:26.313807,21:59:26,7331.98,7331.98,3
2025-11-07T21:59:28.825410,21:59:28,7299.78,7299.78,3
2025-11-07T21:59:39.126234,21:59:39,7243.87,7243.87,3
2025-11-07T21:59:41.318502,21:59:41,7240.38,7240.38,3
2025-11-07T21:59:52.032348,21:59:52,7267.08,7267.08,3
2025-11-07T21:59:54.331513,21:59:54,7276.92,7276.92,3
2025-11-07T22:00:04.885917,22:00:04,7266.56,7266.56,3
2025-11-07T22:00:07.526956,22:00:07,7382.41,7382.41,3
2025-11-07T22:00:17.633640,22:00:17,7274.56,7274.56,3
2025-11-07T22:00:20.306702,22:00:20,7320.63,7320.63,3
2025-11-07T22:00:30.657135,22:00:30,7368.16,7368.16,3
2025-11-07T22:00:33.264530,22:00:33,7283.78,7283.78,3
2025-11-07T22:00:43.141783,22:00:43,7258.56,7258.56,3
2025-11-07T22:00:45.799651,22:00:45,7287.04,7287.04,3
2025-11-07T22:00:55.719553,22:00:55,7330.45,7330.45,3
2025-11-07T22:00:58.342896,22:00:58,7303.99,7303.99,3
2025-11-07T22:01:08.625344,22:01:08,7221.38,7221.38,3
2025-11-07T22:01:10.921232,22:01:10,7251.98,7251.98,3
2025-11-07T22:01:21.325705,22:01:21,7131.21,7131.21,3
2025-11-07T22:01:23.695787,22:01:23,7158.06,7158.06,3
2025-11-07T22:01:34.134964,22:01:34,7253.08,7253.08,3
2025-11-07T22:01:36.985426,22:01:36,7334.89,7334.89,3
2025-11-07T22:01:46.528483,22:01:46,7436.59,7436.59,3
2025-11-07T22:01:50.709545,22:01:50,7430.38,7430.38,3
2025-11-07T22:01:58.702866,22:01:58,7462.04,7462.04,3
2025-11-07T22:02:03.276718,22:02:03,7472.07,7472.07,3
2025-11-07T22:02:11.212018,22:02:11,7352.92,7352.92,3
2025-11-07T22:02:16.334943,22:02:16,7193.68,7193.68,3
2025-11-07T22:02:23.680537,22:02:23,7120.7,7120.7,3
2025-11-07T22:02:29.573385,22:02:29,7140.98,7140.98,3
2025-11-07T22:02:36.071116,22:02:36,7104.99,7104.99,3
2025-11-07T22:02:42.687254,22:02:42,7017.44,7017.44,3
2025-11-07T22:02:48.968103,22:02:48,6954.21,6954.21,3
2025-11-07T22:02:55.533763,22:02:55,6996.35,6996.35,3
2025-11-07T22:03:01.530647,22:03:01,6902.3,6902.3,3
2025-11-07T22:03:08.883914,22:03:08,6953.97,6953.97,3
2025-11-07T22:03:14.640922,22:03:14,6994.6,6994.6,3
2025-11-07T22:03:21.899668,22:03:21,6935.88,6935.88,3
2025-11-07T22:03:27.329878,22:03:27,7006.89,7006.89,3
2025-11-07T22:03:35.803499,22:03:35,7039.09,7039.09,3
2025-11-07T22:03:40.324585,22:03:40,6984.74,6984.74,3
2025-11-07T22:03:48.677015,22:03:48,6854.82,6854.82,3
2025-11-07T22:03:53.143524,22:03:53,6826.83,6826.83,3
2025-11-07T22:04:01.279413,22:04:01,6851.33,6851.33,3
2025-11-07T22:04:06.185612,22:04:06,6769.61,6769.61,3
2025-11-07T22:04:14.799533,22:04:14,6774.92,6774.92,3
2025-11-07T22:04:18.712386,22:04:18,6787.9,6787.9,3
2025-11-07T22:04:28.085223,22:04:28,6883.59,6883.59,3
2025-11-07T22:04:31.113017,22:04:31,6963.45,6963.45,3
2025-11-07T22:04:40.715241,22:04:40,7086.0,7086.0,3
2025-11-07T22:04:43.896981,22:04:43,7078.07,7078.07,3
2025-11-07T22:04:53.481726,22:04:53,7042.2,7042.2,3
2025-11-07T22:04:56.587272,22:04:56,7036.93,7036.93,3
2025-11-07T22:05:06.124824,22:05:06,7048.66,7048.66,3
2025-11-07T22:05:09.498848,22:05:09,7037.02,7037.02,3
2025-11-07T22:05:19.238251,22:05:19,6986.51,6986.51,3
2025-11-07T22:05:22.021363,22:05:22,6969.6,6969.6,3
2025-11-07T22:05:32.701044,22:05:32,7002.51,7002.51,3
2025-11-07T22:05:34.399656,22:05:34,6998.04,6998.04,3
2025-11-07T22:05:45.457963,22:05:45,6982.04,6982.04,3
2025-11-07T22:05:46.793298,22:05:46,6994.48,6994.48,3
2025-11-07T22:05:58.407501,22:05:58,6954.78,6954.78,3
2025-11-07T22:05:59.696455,22:05:59,6947.67,6947.67,3
2025-11-07T22:06:11.592181,22:06:11,6852.22,6852.22,3
2025-11-07T22:06:12.162809,22:06:12,6865.93,6865.93,3
2025-11-07T22:06:24.862100,22:06:24,6903.57,6903.57,3
2025-11-07T22:06:25.258161,22:06:25,6931.09,6931.09,3
2025-11-07T22:06:37.847411,22:06:37,6793.7,6793.7,3
2025-11-07T22:06:38.539833,22:06:38,6778.35,6778.35,3
2025-11-07T22:06:50.572283,22:06:50,6726.86,6726.86,3
2025-11-07T22:06:51.670226,22:06:51,6717.12,6717.12,3
2025-11-07T22:07:03.451995,22:07:03,6663.07,6663.07,3
2025-11-07T22:07:04.754274,22:07:04,6660.05,6660.05,3
2025-11-07T22:07:16.099361,22:07:16,6642.41,6642.41,3
2025-11-07T22:07:17.567010,22:07:17,6634.43,6634.43,3
2025-11-07T22:07:29.116332,22:07:29,6705.2,6705.2,3
2025-11-07T22:07:30.090591,22:07:30,6701.71,6701.71,3
2025-11-07T22:07:41.770596,22:07:41,6618.88,6618.88,3
2025-11-07T22:07:43.058744,22:07:43,6632.49,6632.49,3
2025-11-07T22:07:54.546883,22:07:54,6576.01,6576.01,3
2025-11-07T22:07:56.179044,22:07:56,6574.2,6574.2,3
2025-11-07T22:08:07.337485,22:08:07,6595.39,6595.39,3
2025-11-07T22:08:08.773326,22:08:08,6622.88,6622.88,3
2025-11-07T22:08:20.408806,22:08:20,6611.04,6611.04,3
2025-11-07T22:08:22.294405,22:08:22,6611.47,6611.47,3
2025-11-07T22:08:33.030407,22:08:33,6681.07,6681.07,3
2025-11-07T22:08:35.094035,22:08:35,6654.95,6654.95,3
2025-11-07T22:08:45.638916,22:08:45,6635.27,6635.27,3
2025-11-07T22:08:47.629492,22:08:47,6606.41,6606.41,3
2025-11-07T22:08:57.978633,22:08:57,6553.32,6553.32,3
2025-11-07T22:09:00.756781,22:09:00,6544.19,6544.19,3
2025-11-07T22:09:10.312626,22:09:10,6581.03,6581.03,3
2025-11-07T22:09:13.568130,22:09:13,6606.93,6606.93,3
2025-11-07T22:09:23.147006,22:09:23,6628.91,6628.91,3
2025-11-07T22:09:25.816599,22:09:25,6631.13,6631.13,3
2025-11-07T22:09:36.307291,22:09:36,6683.53,6683.53,3
2025-11-07T22:09:38.056593,22:09:38,6688.04,6688.04,3
2025-11-07T22:09:49.746735,22:09:49,6704.62,6704.62,3
2025-11-07T22:09:51.346542,22:09:51,6675.84,6675.84,3
2025-11-07T22:10:03.425315,22:10:03,6627.19,6627.19,3
2025-11-07T22:10:04.431483,22:10:04,6631.02,6631.02,3
2025-11-07T22:10:16.896242,22:10:16,6469.68,6469.68,3
2025-11-07T22:10:17.874264,22:10:17,6491.49,6491.49,3
2025-11-07T22:10:30.277529,22:10:30,6443.3,6443.3,3
2025-11-07T22:10:30.923842,22:10:30,6443.92,6443.92,3
2025-11-07T22:10:43.831530,22:10:43,6452.14,6452.14,3
2025-11-07T22:10:43.959499,22:10:43,6423.02,6423.02,3
2025-11-07T22:10:56.716640,22:10:56,6404.11,6404.11,3
2025-11-07T22:10:57.591404,22:10:57,6404.11,6404.11,3
2025-11-07T22:11:10.646330,22:11:10,6439.74,6439.74,3
2025-11-07T22:11:11.026441,22:11:11,6439.94,6439.94,3
2025-11-07T22:11:24.305106,22:11:24,6465.2,6465.2,3
2025-11-07T22:11:24.550557,22:11:24,6482.88,6482.88,3
2025-11-07T22:11:38.079046,22:11:38,6505.46,6505.46,3
2025-11-07T22:11:38.543056,22:11:38,6505.06,6505.06,3
2025-11-07T22:11:51.575789,22:11:51,6487.17,6487.17,3
2025-11-07T22:11:51.841410,22:11:51,6486.28,6486.28,3
2025-11-07T22:12:05.341819,22:12:05,6571.65,6571.65,3
2025-11-07T22:12:05.398537,22:12:05,6571.65,6571.65,3
2025-11-07T22:12:18.440077,22:12:18,6591.59,6591.59,3
2025-11-07T22:12:19.464205,22:12:19,6591.47,6591.47,3
2025-11-07T22:12:32.352713,22:12:32,6642.86,6642.86,3
2025-11-07T22:12:32.766238,22:12:32,6642.7,6642.7,3
2025-11-07T22:12:45.467718,22:12:45,6693.97,6693.97,3
2025-11-07T22:12:46.676753,22:12:46,6703.31,6703.31,3
2025-11-07T22:12:58.600906,22:12:58,6768.09,6768.09,3
2025-11-07T22:13:00.286570,22:13:00,6768.09,6768.09,3
2025-11-07T22:13:12.126181,22:13:12,6794.09,6794.09,3
2025-11-07T22:13:13.740586,22:13:13,6801.75,6801.75,3
2025-11-07T22:13:25.569535,22:13:25,6790.31,6790.31,3
2025-11-07T22:13:27.034566,22:13:27,6797.52,6797.52,3
2025-11-07T22:13:38.635304,22:13:38,6897.68,6897.68,3
2025-11-07T22:13:40.282276,22:13:40,6981.2,6981.2,3
2025-11-07T22:13:52.026793,22:13:52,7099.12,7099.12,3
2025-11-07T22:13:53.662979,22:13:53,7089.15,7089.15,3
2025-11-07T22:14:05.268757,22:14:05,7125.47,7125.47,3
2025-11-07T22:14:06.587682,22:14:06,7084.5,7084.5,3
2025-11-07T22:14:19.473190,22:14:19,7130.5,7130.5,3
2025-11-07T22:14:19.996954,22:14:19,7086.41,7086.41,3
2025-11-07T22:14:32.699676,22:14:32,6974.26,6974.26,3
2025-11-07T22:14:32.960751,22:14:32,6986.83,6986.83,3
2025-11-07T22:14:45.917080,22:14:45,7015.09,7015.09,3
2025-11-07T22:14:46.196039,22:14:46,7015.23,7015.23,3
2025-11-07T22:14:59.463518,22:14:59,7091.01,7091.01,3
2025-11-07T22:14:59.486283,22:14:59,7091.01,7091.01,3
2025-11-07T22:15:12.718093,22:15:12,7101.38,7101.38,3
2025-11-07T22:15:12.844011,22:15:12,7101.38,7101.38,3
2025-11-07T22:15:25.920307,22:15:25,6905.0,6905.0,3
2025-11-07T22:15:26.275673,22:15:26,6895.81,6895.81,3
2025-11-07T22:15:39.239378,22:15:39,6980.65,6980.65,3
2025-11-07T22:15:39.952328,22:15:39,6978.93,6978.93,3
2025-11-07T22:15:52.673366,22:15:52,6956.29,6956.29,3
2025-11-07T22:15:53.053512,22:15:53,6979.52,6979.52,3
2025-11-07T22:16:05.736024,22:16:05,6863.14,6863.14,3
2025-11-07T22:16:06.493685,22:16:06,6858.05,6858.05,3
2025-11-07T22:16:19.194466,22:16:19,6794.2,6794.2,3
2025-11-07T22:16:19.808967,22:16:19,6785.25,6785.25,3
2025-11-07T22:16:32.420716,22:16:32,6615.69,6615.69,3
2025-11-07T22:16:33.257886,22:16:33,6616.52,6616.52,3
2025-11-07T22:16:46.159598,22:16:46,6460.93,6460.93,3
2025-11-07T22:16:46.383448,22:16:46,6447.79,6447.79,3
2025-11-07T22:16:59.521468,22:16:59,6513.02,6513.02,3
2025-11-07T22:17:00.013181,22:17:00,6512.94,6512.94,3
2025-11-07T22:17:12.556779,22:17:12,6718.23,6718.23,3
2025-11-07T22:17:13.215000,22:17:13,6728.31,6728.31,3
2025-11-07T22:17:25.792368,22:17:25,6758.03,6758.03,3
2025-11-07T22:17:26.467283,22:17:26,6732.37,6732.37,3
2025-11-07T22:17:39.551737,22:17:39,6731.03,6731.03,3
2025-11-07T22:17:39.962674,22:17:39,6711.55,6711.55,3
2025-11-07T22:17:52.575217,22:17:52,6630.7,6630.7,3
2025-11-07T22:17:53.245426,22:17:53,6640.12,6640.12,3
2025-11-07T22:18:06.292990,22:18:06,6650.93,6650.93,3
2025-11-07T22:18:06.846142,22:18:06,6662.97,6662.97,3
2025-11-07T22:18:19.731276,22:18:19,6714.55,6714.55,3
2025-11-07T22:18:20.047969,22:18:20,6706.71,6706.71,3
2025-11-07T22:18:33.311903,22:18:33,6727.1,6727.1,3
2025-11-07T22:18:33.921705,22:18:33,6710.15,6710.15,3
2025-11-07T22:18:46.548842,22:18:46,6735.75,6735.75,3
2025-11-07T22:18:47.344828,22:18:47,6739.53,6739.53,3
2025-11-07T22:18:59.509398,22:18:59,6783.01,6783.01,3
2025-11-07T22:18:59.885581,22:18:59,6783.11,6783.11,3
2025-11-07T22:19:13.352981,22:19:13,6760.51,6760.51,3
2025-11-07T22:19:13.489030,22:19:13,6759.63,6759.63,3
2025-11-07T22:19:27.281908,22:19:27,6853.94,6853.94,3
2025-11-07T22:19:27.446693,22:19:27,6867.42,6867.42,3
2025-11-07T22:19:40.494708,22:19:40,6830.94,6830.94,3
2025-11-07T22:19:40.561799,22:19:40,6823.55,6823.55,3
2025-11-07T22:19:53.768919,22:19:53,6884.22,6884.22,3
2025-11-07T22:19:53.872372,22:19:53,6884.01,6884.01,3
2025-11-07T22:20:07.239928,22:20:07,6751.05,6751.05,3
2025-11-07T22:20:07.436136,22:20:07,6744.65,6744.65,3
2025-11-07T22:20:20.569567,22:20:20,6758.6,6758.6,3
2025-11-07T22:20:20.677808,22:20:20,6766.49,6766.49,3
2025-11-07T22:20:33.876058,22:20:33,6879.96,6879.96,3
2025-11-07T22:20:34.126640,22:20:34,6882.31,6882.31,3
2025-11-07T22:20:46.954139,22:20:46,6799.63,6799.63,3
2025-11-07T22:20:47.567172,22:20:47,6828.56,6828.56,3
2025-11-07T22:21:00.298411,22:21:00,6770.95,6770.95,3
2025-11-07T22:21:00.689962,22:21:00,6777.71,6777.71,3
2025-11-07T22:21:14.040563,22:21:14,6832.39,6832.39,3
2025-11-07T22:21:14.463005,22:21:14,6887.45,6887.45,3
2025-11-07T22:21:27.384285,22:21:27,6888.94,6888.94,3
2025-11-07T22:21:28.035180,22:21:28,6904.37,6904.37,3
2025-11-07T22:21:41.140926,22:21:41,6841.57,6841.57,3
2025-11-07T22:21:41.295533,22:21:41,6842.57,6842.57,3
2025-11-07T22:21:54.850950,22:21:54,6993.81,6993.81,3
2025-11-07T22:21:55.238047,22:21:55,7001.57,7001.57,3
2025-11-07T22:22:08.398665,22:22:08,7082.55,7082.55,3
2025-11-07T22:22:08.906143,22:22:08,7081.36,7081.36,3
2025-11-07T22:22:21.528602,22:22:21,6962.13,6962.13,3
2025-11-07T22:22:22.157079,22:22:22,6956.82,6956.82,3
2025-11-07T22:22:34.288232,22:22:34,7070.11,7070.11,3
2025-11-07T22:22:35.324488,22:22:35,7039.81,7039.81,3
2025-11-07T22:22:47.266037,22:22:47,7103.02,7103.02,3
2025-11-07T22:22:49.011548,22:22:49,7109.45,7109.45,3
2025-11-07T22:23:00.348860,22:23:00,7094.11,7094.11,3
2025-11-07T22:23:02.165499,22:23:02,7170.41,7170.41,3
2025-11-07T22:23:13.483973,22:23:13,7101.65,7101.65,3
2025-11-07T22:23:15.303729,22:23:15,7084.12,7084.12,3
2025-11-07T22:23:26.662295,22:23:26,7092.28,7092.28,3
2025-11-07T22:23:28.749743,22:23:28,7072.93,7072.93,3
2025-11-07T22:23:40.323537,22:23:40,7000.8,7000.8,3
2025-11-07T22:23:41.550448,22:23:41,7003.32,7003.32,3
2025-11-07T22:23:53.561649,22:23:53,7076.75,7076.75,3
2025-11-07T22:23:55.301325,22:23:55,7116.83,7116.83,3
2025-11-07T22:24:06.586633,22:24:06,6992.27,6992.27,3
2025-11-07T22:24:08.479629,22:24:08,6968.47,6968.47,3
2025-11-07T22:24:19.976810,22:24:19,6971.24,6971.24,3
2025-11-07T22:24:22.449029,22:24:22,7000.63,7000.63,3
2025-11-07T22:24:32.534269,22:24:32,6941.03,6941.03,3
2025-11-07T22:24:35.884989,22:24:35,6943.17,6943.17,3
2025-11-07T22:24:45.299999,22:24:45,6955.19,6955.19,3
2025-11-07T22:24:49.748092,22:24:49,6973.51,6973.51,3
2025-11-07T22:24:58.889211,22:24:58,6979.23,6979.23,3
2025-11-07T22:25:03.348735,22:25:03,7028.77,7028.77,3
2025-11-07T22:25:12.216505,22:25:12,6923.97,6923.97,3
2025-11-07T22:25:16.841813,22:25:16,6866.97,6866.97,3
2025-11-07T22:25:25.213867,22:25:25,6771.11,6771.11,3
2025-11-07T22:25:29.517708,22:25:29,6771.63,6771.63,3
2025-11-07T22:25:38.123672,22:25:38,6690.51,6690.51,3
2025-11-07T22:25:43.188878,22:25:43,6677.61,6677.61,3
2025-11-07T22:25:51.040177,22:25:51,6661.68,6661.68,3
2025-11-07T22:25:56.277316,22:25:56,6516.83,6516.83,3
2025-11-07T22:26:04.697830,22:26:04,6377.45,6377.45,3
2025-11-07T22:26:09.516375,22:26:09,6358.86,6358.86,3
2025-11-07T22:26:17.680939,22:26:17,6358.65,6358.65,3
2025-11-07T22:26:22.791102,22:26:22,6340.55,6340.55,3
2025-11-07T22:26:30.599509,22:26:30,6321.38,6321.38,3
2025-11-07T22:26:36.402331,22:26:36,6286.61,6286.61,3
2025-11-07T22:26:43.542995,22:26:43,6410.44,6410.44,3
2025-11-07T22:26:49.695392,22:26:49,6441.03,6441.03,3
2025-11-07T22:26:56.751863,22:26:56,6439.75,6439.75,3
2025-11-07T22:27:03.267302,22:27:03,6474.65,6474.65,3
2025-11-07T22:27:09.918109,22:27:09,6308.16,6308.16,3
2025-11-07T22:27:16.756765,22:27:16,6241.13,6241.13,3
2025-11-07T22:27:22.957130,22:27:22,6234.06,6234.06,3
2025-11-07T22:27:30.361583,22:27:30,6260.39,6260.39,3
2025-11-07T22:27:36.178959,22:27:36,6308.34,6308.34,3
2025-11-07T22:27:43.468125,22:27:43,6293.33,6293.33,3
2025-11-07T22:27:49.551954,22:27:49,6316.83,6316.83,3
2025-11-07T22:27:56.640921,22:27:56,6334.05,6334.05,3
2025-11-07T22:28:02.613757,22:28:02,6254.24,6254.24,3
2025-11-07T22:28:09.799523,22:28:09,6277.68,6277.68,3
2025-11-07T22:28:16.133093,22:28:16,6243.44,6243.44,3
2025-11-07T22:28:22.702382,22:28:22,6183.7,6183.7,3
2025-11-07T22:28:29.404977,22:28:29,6230.63,6230.63,3
2025-11-07T22:28:35.693183,22:28:35,6196.21,6196.21,3
2025-11-07T22:28:43.239088,22:28:43,6238.72,6238.72,3
2025-11-07T22:28:48.681120,22:28:48,6302.64,6302.64,3
2025-11-07T22:28:56.280088,22:28:56,6267.08,6267.08,3
2025-11-07T22:29:01.706580,22:29:01,6277.06,6277.06,3
2025-11-07T22:29:09.628419,22:29:09,6436.1,6436.1,3
2025-11-07T22:29:14.583339,22:29:14,6430.59,6430.59,3
2025-11-07T22:29:22.699339,22:29:22,6498.84,6498.84,3
2025-11-07T22:29:27.549940,22:29:27,6568.05,6568.05,3
2025-11-07T22:29:38.133914,22:29:38,6619.05,6619.05,3
2025-11-07T22:29:40.730748,22:29:40,6581.53,6581.53,3
2025-11-07T22:29:51.185486,22:29:51,6630.02,6630.02,3
2025-11-07T22:29:53.733958,22:29:53,6629.46,6629.46,3
2025-11-07T22:30:04.953631,22:30:04,6604.31,6604.31,3
2025-11-07T22:30:07.341550,22:30:07,6462.04,6462.04,3
2025-11-07T22:30:18.753387,22:30:18,6409.55,6409.55,3
2025-11-07T22:30:20.161143,22:30:20,6430.42,6430.42,3
2025-11-07T22:30:32.417546,22:30:32,6382.16,6382.16,3
2025-11-07T22:30:33.036491,22:30:33,6367.05,6367.05,3
2025-11-07T22:30:45.788684,22:30:45,6401.37,6401.37,3
2025-11-07T22:30:46.069314,22:30:46,6402.53,6402.53,3
2025-11-07T22:30:59.337691,22:30:59,6359.72,6359.72,3
2025-11-07T22:31:00.010999,22:31:00,6356.05,6356.05,3
2025-11-07T22:31:12.421582,22:31:12,6412.69,6412.69,3
2025-11-07T22:31:13.136095,22:31:13,6416.66,6416.66,3
2025-11-07T22:31:25.456038,22:31:25,6364.04,6364.04,3
2025-11-07T22:31:26.401034,22:31:26,6369.01,6369.01,3
2025-11-07T22:31:38.531797,22:31:38,6308.4,6308.4,3
2025-11-07T22:31:39.577124,22:31:39,6345.27,6345.27,3
2025-11-07T22:31:52.502638,22:31:52,6351.48,6351.48,3
2025-11-07T22:31:52.997570,22:31:52,6377.33,6377.33,3
2025-11-07T22:32:05.520055,22:32:05,6502.49,6502.49,3
2025-11-07T22:32:06.187723,22:32:06,6465.73,6465.73,3
2025-11-07T22:32:18.721889,22:32:18,6480.72,6480.72,3
2025-11-07T22:32:19.714805,22:32:19,6481.54,6481.54,3
2025-11-07T22:32:32.078249,22:32:32,6602.19,6602.19,3
2025-11-07T22:32:32.868714,22:32:32,6624.95,6624.95,3
2025-11-07T22:32:45.251901,22:32:45,6622.89,6622.89,3
2025-11-07T22:32:46.036094,22:32:46,6623.78,6623.78,3
2025-11-07T22:32:58.514181,22:32:58,6678.93,6678.93,3
2025-11-07T22:32:59.335200,22:32:59,6684.4,6684.4,3
2025-11-07T22:33:11.613628,22:33:11,6637.39,6637.39,3
2025-11-07T22:33:12.433740,22:33:12,6645.05,6645.05,3
2025-11-07T22:33:25.101582,22:33:25,6597.38,6597.38,3
2025-11-07T22:33:25.612286,22:33:25,6650.48,6650.48,3
2025-11-07T22:33:38.232944,22:33:38,6618.86,6618.86,3
2025-11-07T22:33:38.990456,22:33:38,6619.78,6619.78,3
2025-11-07T22:33:51.727111,22:33:51,6605.03,6605.03,3
2025-11-07T22:33:52.056941,22:33:52,6613.55,6613.55,3
2025-11-07T22:34:05.350303,22:34:05,6513.25,6513.25,3
2025-11-07T22:34:05.446422,22:34:05,6522.81,6522.81,3
2025-11-07T22:34:18.257885,22:34:18,6525.24,6525.24,3
2025-11-07T22:34:18.857833,22:34:18,6525.24,6525.24,3
2025-11-07T22:34:31.497736,22:34:31,6487.32,6487.32,3
2025-11-07T22:34:32.239892,22:34:32,6486.57,6486.57,3
2025-11-07T22:34:44.759895,22:34:44,6468.75,6468.75,3
2025-11-07T22:34:45.595895,22:34:45,6472.4,6472.4,3
2025-11-07T22:34:57.992816,22:34:57,6406.16,6406.16,3
2025-11-07T22:34:58.801386,22:34:58,6410.72,6410.72,3
2025-11-07T22:35:11.221240,22:35:11,6434.03,6434.03,3
2025-11-07T22:35:11.956955,22:35:11,6445.81,6445.81,3
2025-11-07T22:35:24.410554,22:35:24,6494.82,6494.82,3
2025-11-07T22:35:24.909672,22:35:24,6490.2,6490.2,3
2025-11-07T22:35:37.762587,22:35:37,6455.31,6455.31,3
2025-11-07T22:35:38.651686,22:35:38,6448.34,6448.34,3
2025-11-07T22:35:50.916048,22:35:50,6481.94,6481.94,3
2025-11-07T22:35:51.569230,22:35:51,6474.5,6474.5,3
2025-11-07T22:36:04.046546,22:36:04,6438.77,6438.77,3
2025-11-07T22:36:05.376853,22:36:05,6438.02,6438.02,3
2025-11-07T22:36:17.494632,22:36:17,6266.87,6266.87,3
2025-11-07T22:36:18.590638,22:36:18,6289.97,6289.97,3
2025-11-07T22:36:30.373542,22:36:30,6279.07,6279.07,3
2025-11-07T22:36:31.842063,22:36:31,6282.71,6282.71,3
2025-11-07T22:36:43.781260,22:36:43,6245.1,6245.1,3
2025-11-07T22:36:44.970995,22:36:44,6243.16,6243.16,3
2025-11-07T22:36:57.496272,22:36:57,6280.66,6280.66,3
2025-11-07T22:36:58.514336,22:36:58,6280.67,6280.67,3
2025-11-07T22:37:11.365559,22:37:11,6197.26,6197.26,3
2025-11-07T22:37:11.826370,22:37:11,6195.26,6195.26,3
2025-11-07T22:37:24.361631,22:37:24,6190.06,6190.06,3
2025-11-07T22:37:25.337438,22:37:25,6191.83,6191.83,3
2025-11-07T22:37:37.184657,22:37:37,6132.54,6132.54,3
2025-11-07T22:37:38.669546,22:37:38,6131.45,6131.45,3
2025-11-07T22:37:50.701511,22:37:50,6118.88,6118.88,3
2025-11-07T22:37:51.821576,22:37:51,6111.78,6111.78,3
2025-11-07T22:38:03.743904,22:38:03,6201.83,6201.83,3
2025-11-07T22:38:04.852835,22:38:04,6208.45,6208.45,3
2025-11-07T22:38:16.857378,22:38:16,6256.66,6256.66,3
2025-11-07T22:38:17.904555,22:38:17,6267.06,6267.06,3
2025-11-07T22:38:30.374420,22:38:30,6376.14,6376.14,3
2025-11-07T22:38:31.163007,22:38:31,6341.61,6341.61,3
2025-11-07T22:38:43.387445,22:38:43,6336.13,6336.13,3
2025-11-07T22:38:44.314037,22:38:44,6350.45,6350.45,3
2025-11-07T22:38:56.582740,22:38:56,6378.41,6378.41,3
2025-11-07T22:38:57.802531,22:38:57,6381.21,6381.21,3
2025-11-07T22:39:09.602012,22:39:09,6406.68,6406.68,3
2025-11-07T22:39:11.236416,22:39:11,6421.05,6421.05,3
2025-11-07T22:39:22.537908,22:39:22,6455.32,6455.32,3
2025-11-07T22:39:24.325525,22:39:24,6475.64,6475.64,3
2025-11-07T22:39:35.236281,22:39:35,6469.05,6469.05,3
2025-11-07T22:39:37.736820,22:39:37,6469.8,6469.8,3
2025-11-07T22:39:48.280138,22:39:48,6503.72,6503.72,3
2025-11-07T22:39:50.684849,22:39:50,6480.47,6480.47,3
2025-11-07T22:40:01.771863,22:40:01,6494.04,6494.04,3
2025-11-07T22:40:03.600773,22:40:03,6478.28,6478.28,3
2025-11-07T22:40:14.709662,22:40:14,6521.09,6521.09,3
2025-11-07T22:40:16.836733,22:40:16,6520.75,6520.75,3
2025-11-07T22:40:28.063481,22:40:28,6481.82,6481.82,3
2025-11-07T22:40:30.073701,22:40:30,6481.84,6481.84,3
2025-11-07T22:40:40.962262,22:40:40,6477.57,6477.57,3
2025-11-07T22:40:43.069881,22:40:43,6498.67,6498.67,3
2025-11-07T22:40:54.047022,22:40:54,6482.73,6482.73,3
2025-11-07T22:40:56.173127,22:40:56,6500.57,6500.57,3
2025-11-07T22:41:07.513134,22:41:07,6559.4,6559.4,3
2025-11-07T22:41:09.251712,22:41:09,6508.71,6508.71,3
2025-11-07T22:41:21.097144,22:41:21,6607.86,6607.86,3
2025-11-07T22:41:22.298161,22:41:22,6606.01,6606.01,3
2025-11-07T22:41:34.586743,22:41:34,6765.11,6765.11,3
2025-11-07T22:41:35.375398,22:41:35,6809.62,6809.62,3
2025-11-07T22:41:47.901959,22:41:47,6793.42,6793.42,3
2025-11-07T22:41:48.777243,22:41:48,6798.71,6798.71,3
2025-11-07T22:42:01.092625,22:42:01,6922.13,6922.13,3
2025-11-07T22:42:01.964634,22:42:01,6913.21,6913.21,3
2025-11-07T22:42:14.818778,22:42:14,6906.2,6906.2,3
2025-11-07T22:42:15.271843,22:42:15,6906.8,6906.8,3
2025-11-07T22:42:28.276236,22:42:28,6903.03,6903.03,3
2025-11-07T22:42:28.553803,22:42:28,6892.29,6892.29,3
2025-11-07T22:42:41.341487,22:42:41,6937.77,6937.77,3
2025-11-07T22:42:41.858962,22:42:41,6938.25,6938.25,3
2025-11-07T22:42:54.734066,22:42:54,6868.74,6868.74,3
2025-11-07T22:42:55.666408,22:42:55,6867.73,6867.73,3
2025-11-07T22:43:07.680686,22:43:07,6840.27,6840.27,3
2025-11-07T22:43:09.415826,22:43:09,6859.37,6859.37,3
2025-11-07T22:43:20.452793,22:43:20,6984.28,6984.28,3
2025-11-07T22:43:22.416593,22:43:22,6964.11,6964.11,3
2025-11-07T22:43:33.449913,22:43:33,6981.87,6981.87,3
2025-11-07T22:43:35.370305,22:43:35,7050.37,7050.37,3
2025-11-07T22:43:46.636119,22:43:46,7083.25,7083.25,3
2025-11-07T22:43:48.107845,22:43:48,7137.55,7137.55,3
2025-11-07T22:43:59.676714,22:43:59,7221.63,7221.63,3
2025-11-07T22:44:01.561602,22:44:01,7205.56,7205.56,3
2025-11-07T22:44:13.015247,22:44:13,7216.31,7216.31,3
2025-11-07T22:44:14.702956,22:44:14,7226.49,7226.49,3
2025-11-07T22:44:26.451765,22:44:26,7505.01,7505.01,3
2025-11-07T22:44:28.418191,22:44:28,7510.15,7510.15,3
2025-11-07T22:44:40.053708,22:44:40,7499.83,7499.83,3
2025-11-07T22:44:41.685346,22:44:41,7464.56,7464.56,3
2025-11-07T22:44:53.434399,22:44:53,7474.79,7474.79,3
2025-11-07T22:44:55.436427,22:44:55,7486.29,7486.29,3
2025-11-07T22:45:06.525622,22:45:06,7487.02,7487.02,3
2025-11-07T22:45:08.734734,22:45:08,7495.34,7495.34,3
2025-11-07T22:45:19.924400,22:45:19,7538.42,7538.42,3
2025-11-07T22:45:21.664227,22:45:21,7671.94,7671.94,3
2025-11-07T22:45:33.071641,22:45:33,7598.66,7598.66,3
2025-11-07T22:45:34.836454,22:45:34,7661.15,7661.15,3
2025-11-07T22:45:45.855239,22:45:45,7753.52,7753.52,3
2025-11-07T22:45:48.006820,22:45:48,7740.5,7740.5,3
2025-11-07T22:45:59.281560,22:45:59,7742.97,7742.97,3
2025-11-07T22:46:00.957582,22:46:00,7763.6,7763.6,3
2025-11-07T22:46:12.566961,22:46:12,7854.82,7854.82,3
2025-11-07T22:46:14.074372,22:46:14,7834.7,7834.7,3
2025-11-07T22:46:25.558630,22:46:25,7875.72,7875.72,3
2025-11-07T22:46:27.305339,22:46:27,7872.87,7872.87,3
2025-11-07T22:46:39.164058,22:46:39,7816.04,7816.04,3
2025-11-07T22:46:40.021622,22:46:40,7822.14,7822.14,3
2025-11-07T22:46:52.336675,22:46:52,7846.75,7846.75,3
2025-11-07T22:46:53.192135,22:46:53,7826.8,7826.8,3
2025-11-07T22:47:05.759966,22:47:05,7832.73,7832.73,3
2025-11-07T22:47:06.371855,22:47:06,7833.16,7833.16,3
2025-11-07T22:47:19.606597,22:47:19,7897.21,7897.21,3
2025-11-07T22:47:19.737585,22:47:19,7894.46,7894.46,3
2025-11-07T22:47:33.291403,22:47:33,7895.06,7895.06,3
2025-11-07T22:47:33.299520,22:47:33,7891.98,7891.98,3
2025-11-07T22:47:46.487822,22:47:46,7788.87,7788.87,3
2025-11-07T22:47:47.182683,22:47:47,7778.24,7778.24,3
2025-11-07T22:47:59.665161,22:47:59,7775.62,7775.62,3
2025-11-07T22:48:00.843157,22:48:00,7778.55,7778.55,3
2025-11-07T22:48:12.732302,22:48:12,7714.73,7714.73,3
2025-11-07T22:48:14.652774,22:48:14,7698.64,7698.64,3
2025-11-07T22:48:25.717986,22:48:25,7527.54,7527.54,3
2025-11-07T22:48:27.937062,22:48:27,7511.13,7511.13,3
2025-11-07T22:48:39.249853,22:48:39,7532.97,7532.97,3
2025-11-07T22:48:41.131773,22:48:41,7553.26,7553.26,3
2025-11-07T22:48:52.361397,22:48:52,7655.04,7655.04,3
2025-11-07T22:48:54.264536,22:48:54,7646.14,7646.14,3
2025-11-07T22:49:05.306951,22:49:05,7668.28,7668.28,3
2025-11-07T22:49:07.317366,22:49:07,7659.99,7659.99,3
2025-11-07T22:49:18.453737,22:49:18,7660.09,7660.09,3
2025-11-07T22:49:20.390211,22:49:20,7640.56,7640.56,3
2025-11-07T22:49:31.702844,22:49:31,7620.43,7620.43,3
2025-11-07T22:49:33.453697,22:49:33,7630.53,7630.53,3
2025-11-07T22:49:45.181736,22:49:45,7656.05,7656.05,3
2025-11-07T22:49:46.611897,22:49:46,7601.35,7601.35,3
2025-11-07T22:49:58.488045,22:49:58,7582.1,7582.1,3
2025-11-07T22:49:59.840202,22:49:59,7567.7,7567.7,3
2025-11-07T22:50:11.782053,22:50:11,7638.6,7638.6,3
2025-11-07T22:50:12.980077,22:50:12,7557.02,7557.02,3
2025-11-07T22:50:25.556391,22:50:25,7545.5,7545.5,3
2025-11-07T22:50:25.941681,22:50:25,7544.64,7544.64,3
2025-11-07T22:50:39.198077,22:50:39,7598.54,7598.54,3
2025-11-07T22:50:39.339585,22:50:39,7591.86,7591.86,3
2025-11-07T22:50:52.576175,22:50:52,7629.31,7629.31,3
2025-11-07T22:50:52.651332,22:50:52,7632.63,7632.63,3
2025-11-07T22:51:05.782259,22:51:05,7737.41,7737.41,3
2025-11-07T22:51:06.258798,22:51:06,7750.23,7750.23,3
2025-11-07T22:51:18.966160,22:51:18,7916.77,7916.77,3
2025-11-07T22:51:19.268938,22:51:19,7916.77,7916.77,3
2025-11-07T22:51:32.476083,22:51:32,7995.89,7995.89,3
2025-11-07T22:51:32.486191,22:51:32,7995.82,7995.82,3
2025-11-07T22:51:45.662235,22:51:45,8023.65,8023.65,3
2025-11-07T22:51:46.436126,22:51:46,8036.62,8036.62,3
2025-11-07T22:51:59.536170,22:51:59,8060.72,8060.72,3
2025-11-07T22:51:59.982485,22:51:59,8060.18,8060.18,3
2025-11-07T22:52:13.127236,22:52:13,8014.74,8014.74,3
2025-11-07T22:52:13.425295,22:52:13,8007.03,8007.03,3
2025-11-07T22:52:26.054662,22:52:26,8008.39,8008.39,3
2025-11-07T22:52:27.500116,22:52:27,8009.35,8009.35,3
2025-11-07T22:52:39.428716,22:52:39,8098.71,8098.71,3
2025-11-07T22:52:40.428659,22:52:40,8103.51,8103.51,3
2025-11-07T22:52:53.032863,22:52:53,8156.06,8156.06,3
2025-11-07T22:52:54.212150,22:52:54,8144.34,8144.34,3
2025-11-07T22:53:06.229074,22:53:06,8260.25,8260.25,3
2025-11-07T22:53:07.374347,22:53:07,8257.16,8257.16,3
2025-11-07T22:53:19.701245,22:53:19,8424.14,8424.14,3
2025-11-07T22:53:20.869698,22:53:20,8441.36,8441.36,3
2025-11-07T22:53:32.517723,22:53:32,8560.76,8560.76,3
2025-11-07T22:53:33.976190,22:53:33,8589.01,8589.01,3
2025-11-07T22:53:46.148913,22:53:46,8616.94,8616.94,3
2025-11-07T22:53:47.271373,22:53:47,8645.48,8645.48,3
2025-11-07T22:53:59.444693,22:53:59,8565.2,8565.2,3
2025-11-07T22:54:00.494545,22:54:00,8664.12,8664.12,3
2025-11-07T22:54:12.203607,22:54:12,8570.89,8570.89,3
2025-11-07T22:54:13.731349,22:54:13,8520.57,8520.57,3
2025-11-07T22:54:25.298829,22:54:25,8717.94,8717.94,3
2025-11-07T22:54:27.304878,22:54:27,8742.11,8742.11,3
2025-11-07T22:54:38.445763,22:54:38,8653.69,8653.69,3
2025-11-07T22:54:39.942356,22:54:39,8583.27,8583.27,3
2025-11-07T22:54:51.400689,22:54:51,8637.75,8637.75,3
2025-11-07T22:54:53.249972,22:54:53,8637.09,8637.09,3
2025-11-07T22:55:04.444368,22:55:04,8575.85,8575.85,3
2025-11-07T22:55:06.290502,22:55:06,8702.89,8702.89,3
2025-11-07T22:55:17.599945,22:55:17,8692.56,8692.56,3
2025-11-07T22:55:19.504695,22:55:19,8685.48,8685.48,3
2025-11-07T22:55:31.268256,22:55:31,8900.14,8900.14,3
2025-11-07T22:55:32.610925,22:55:32,8900.19,8900.19,3
2025-11-07T22:55:44.941219,22:55:44,8808.06,8808.06,3
2025-11-07T22:55:45.757160,22:55:45,8842.96,8842.96,3
2025-11-07T22:55:58.197865,22:55:58,8735.05,8735.05,3
2025-11-07T22:55:59.372836,22:55:59,8752.28,8752.28,3
2025-11-07T22:56:11.356648,22:56:11,8912.19,8912.19,3
2025-11-07T22:56:12.555996,22:56:12,8913.74,8913.74,3
2025-11-07T22:56:24.699536,22:56:24,9134.15,9134.15,3
2025-11-07T22:56:25.888427,22:56:25,9146.9,9146.9,3
2025-11-07T22:56:38.287270,22:56:38,9195.25,9195.25,3
2025-11-07T22:56:38.806931,22:56:38,9194.28,9194.28,3
2025-11-07T22:56:51.339970,22:56:51,9028.68,9028.68,3
2025-11-07T22:56:52.249694,22:56:52,9011.21,9011.21,3
2025-11-07T22:57:04.675490,22:57:04,9012.46,9012.46,3
2025-11-07T22:57:05.469610,22:57:05,9037.64,9037.64,3
2025-11-07T22:57:18.487743,22:57:18,9137.61,9137.61,3
2025-11-07T22:57:18.668460,22:57:18,9141.61,9141.61,3
2025-11-07T22:57:31.537733,22:57:31,9052.3,9052.3,3
2025-11-07T22:57:32.014447,22:57:32,9052.51,9052.51,3
2025-11-07T22:57:44.748465,22:57:44,8973.58,8973.58,3
2025-11-07T22:57:45.825298,22:57:45,8982.75,8982.75,3
2025-11-07T22:57:58.585029,22:57:58,8871.48,8871.48,3
2025-11-07T22:57:59.551120,22:57:59,8858.48,8858.48,3
2025-11-07T22:58:12.410094,22:58:12,8705.99,8705.99,3
2025-11-07T22:58:13.083241,22:58:13,8688.47,8688.47,3
2025-11-07T22:58:26.136542,22:58:26,8638.75,8638.75,3
2025-11-07T22:58:26.441042,22:58:26,8686.82,8686.82,3
2025-11-07T22:58:39.546116,22:58:39,8667.06,8667.06,3
2025-11-07T22:58:39.925483,22:58:39,8668.52,8668.52,3
2025-11-07T22:58:52.859471,22:58:52,8623.64,8623.64,3
2025-11-07T22:58:53.781478,22:58:53,8659.41,8659.41,3
2025-11-07T22:59:06.163049,22:59:06,8839.52,8839.52,3
2025-11-07T22:59:07.334760,22:59:07,8866.38,8866.38,3
2025-11-07T22:59:19.302334,22:59:19,8871.92,8871.92,3
2025-11-07T22:59:20.561937,22:59:20,8884.86,8884.86,3
2025-11-07T22:59:32.502765,22:59:32,8812.73,8812.73,3
2025-11-07T22:59:33.499243,22:59:33,8835.57,8835.57,3
2025-11-07T22:59:45.703454,22:59:45,8851.76,8851.76,3
2025-11-07T22:59:46.998021,22:59:46,8878.03,8878.03,3
2025-11-07T22:59:58.724236,22:59:58,8869.95,8869.95,3
2025-11-07T23:00:00.329815,23:00:00,8901.14,8901.14,3
2025-11-07T23:00:11.729492,23:00:11,8977.98,8977.98,3
2025-11-07T23:00:13.280716,23:00:13,8964.66,8964.66,3
2025-11-07T23:00:24.728663,23:00:24,8837.17,8837.17,3
2025-11-07T23:00:26.316463,23:00:26,8844.75,8844.75,3
2025-11-07T23:00:38.426125,23:00:38,8933.53,8933.53,3
2025-11-07T23:00:39.547071,23:00:39,8921.58,8921.58,3
2025-11-07T23:00:52.204376,23:00:52,8952.63,8952.63,3
2025-11-07T23:00:53.009812,23:00:53,8951.28,8951.28,3
2025-11-07T23:01:05.590830,23:01:05,8935.84,8935.84,3
2025-11-07T23:01:05.684967,23:01:05,8943.89,8943.89,3
2025-11-07T23:01:18.264142,23:01:18,9026.73,9026.73,3
2025-11-07T23:01:18.952536,23:01:18,9105.61,9105.61,3
2025-11-07T23:01:31.392734,23:01:31,9161.62,9161.62,3
2025-11-07T23:01:31.870641,23:01:31,9169.02,9169.02,3
2025-11-07T23:01:44.600909,23:01:44,9080.56,9080.56,3
2025-11-07T23:01:44.869814,23:01:44,9081.16,9081.16,3
2025-11-07T23:01:58.147710,23:01:58,9071.65,9071.65,3
2025-11-07T23:01:58.266899,23:01:58,9072.17,9072.17,3
2025-11-07T23:02:11.354925,23:02:11,9209.53,9209.53,3
2025-11-07T23:02:11.411075,23:02:11,9209.34,9209.34,3
2025-11-07T23:02:24.352284,23:02:24,9408.1,9408.1,3
2025-11-07T23:02:24.963193,23:02:24,9408.1,9408.1,3
2025-11-07T23:02:37.420814,23:02:37,9632.18,9632.18,3
2025-11-07T23:02:38.523597,23:02:38,9637.2,9637.2,3
2025-11-07T23:02:50.308251,23:02:50,9535.25,9535.25,3
2025-11-07T23:02:51.775048,23:02:51,9545.22,9545.22,3
2025-11-07T23:03:03.385115,23:03:03,9529.69,9529.69,3
2025-11-07T23:03:04.675422,23:03:04,9520.49,9520.49,3
2025-11-07T23:03:16.274952,23:03:16,9349.88,9349.88,3
2025-11-07T23:03:17.974991,23:03:17,9347.06,9347.06,3
2025-11-07T23:03:29.294140,23:03:29,9341.36,9341.36,3
2025-11-07T23:03:30.805627,23:03:30,9365.72,9365.72,3
2025-11-07T23:03:42.603835,23:03:42,9410.84,9410.84,3
2025-11-07T23:03:44.392662,23:03:44,9467.53,9467.53,3
2025-11-07T23:03:55.895537,23:03:55,9351.58,9351.58,3
2025-11-07T23:03:57.218277,23:03:57,9356.38,9356.38,3
2025-11-07T23:04:09.145212,23:04:09,9333.45,9333.45,3
2025-11-07T23:04:10.200698,23:04:10,9325.07,9325.07,3
2025-11-07T23:04:22.460012,23:04:22,9437.32,9437.32,3
2025-11-07T23:04:23.554631,23:04:23,9447.92,9447.92,3
2025-11-07T23:04:36.116034,23:04:36,9411.56,9411.56,3
2025-11-07T23:04:37.238858,23:04:37,9413.78,9413.78,3
2025-11-07T23:04:49.229441,23:04:49,9454.48,9454.48,3
2025-11-07T23:04:50.707893,23:04:50,9452.11,9452.11,3
2025-11-07T23:05:02.533963,23:05:02,9405.83,9405.83,3
2025-11-07T23:05:04.405566,23:05:04,9328.95,9328.95,3
2025-11-07T23:05:15.513554,23:05:15,9195.73,9195.73,3
2025-11-07T23:05:17.700556,23:05:17,9197.46,9197.46,3
2025-11-07T23:05:28.978543,23:05:28,9129.9,9129.9,3
2025-11-07T23:05:30.858821,23:05:30,9133.22,9133.22,3
2025-11-07T23:05:42.316829,23:05:42,9086.78,9086.78,3
2025-11-07T23:05:43.729659,23:05:43,9120.3,9120.3,3
2025-11-07T23:05:55.252211,23:05:55,9167.95,9167.95,3
2025-11-07T23:05:56.592988,23:05:56,9168.39,9168.39,3
2025-11-07T23:06:08.563966,23:06:08,9109.82,9109.82,3
2025-11-07T23:06:09.524958,23:06:09,9105.24,9105.24,3
2025-11-07T23:06:21.589288,23:06:21,9225.39,9225.39,3
2025-11-07T23:06:22.387602,23:06:22,9240.09,9240.09,3
2025-11-07T23:06:34.869515,23:06:34,9078.57,9078.57,3
2025-11-07T23:06:35.548390,23:06:35,9040.4,9040.4,3
2025-11-07T23:06:48.338540,23:06:48,9096.54,9096.54,3
2025-11-07T23:06:48.850151,23:06:48,9098.0,9098.0,3
2025-11-07T23:07:01.583300,23:07:01,9120.35,9120.35,3
2025-11-07T23:07:02.144884,23:07:02,9131.7,9131.7,3
2025-11-07T23:07:14.661296,23:07:14,9139.41,9139.41,3
2025-11-07T23:07:15.887418,23:07:15,9133.31,9133.31,3
2025-11-07T23:07:27.536294,23:07:27,9186.46,9186.46,3
2025-11-07T23:07:29.154136,23:07:29,9176.18,9176.18,3
2025-11-07T23:07:41.139962,23:07:41,9201.19,9201.19,3
2025-11-07T23:07:42.625486,23:07:42,9190.06,9190.06,3
2025-11-07T23:07:54.657434,23:07:54,9161.81,9161.81,3
2025-11-07T23:07:55.833732,23:07:55,9163.83,9163.83,3
2025-11-07T23:08:08.832880,23:08:08,9199.83,9199.83,3
2025-11-07T23:08:08.911931,23:08:08,9187.66,9187.66,3
2025-11-07T23:08:22.171118,23:08:22,8927.36,8927.36,3
2025-11-07T23:08:22.351433,23:08:22,8927.17,8927.17,3
2025-11-07T23:08:35.098338,23:08:35,8857.61,8857.61,3
2025-11-07T23:08:35.846334,23:08:35,8841.15,8841.15,3
2025-11-07T23:08:48.019770,23:08:48,8785.0,8785.0,3
2025-11-07T23:08:48.740640,23:08:48,8760.71,8760.71,3
2025-11-07T23:09:01.717682,23:09:01,8645.31,8645.31,3
2025-11-07T23:09:01.928634,23:09:01,8641.83,8641.83,3
2025-11-07T23:09:14.350238,23:09:14,8710.89,8710.89,3
2025-11-07T23:09:15.003206,23:09:15,8741.44,8741.44,3
2025-11-07T23:09:27.785087,23:09:27,8773.91,8773.91,3
2025-11-07T23:09:28.212442,23:09:28,8787.9,8787.9,3
2025-11-07T23:09:41.294852,23:09:41,8736.88,8736.88,3
2025-11-07T23:09:41.313718,23:09:41,8738.28,8738.28,3
2025-11-07T23:09:54.496170,23:09:54,8681.83,8681.83,3
2025-11-07T23:09:54.849610,23:09:54,8675.88,8675.88,3
2025-11-07T23:10:08.244437,23:10:08,8697.44,8697.44,3
2025-11-07T23:10:08.276207,23:10:08,8698.24,8698.24,3
2025-11-07T23:10:21.477332,23:10:21,8704.47,8704.47,3
2025-11-07T23:10:21.576653,23:10:21,8706.05,8706.05,3
2025-11-07T23:10:34.462775,23:10:34,8591.92,8591.92,3
2025-11-07T23:10:35.040265,23:10:35,8591.46,8591.46,3
2025-11-07T23:10:47.471585,23:10:47,8524.97,8524.97,3
2025-11-07T23:10:47.911501,23:10:47,8547.78,8547.78,3
2025-11-07T23:10:59.572317,23:10:59,8504.52,8504.52,3
2025-11-07T23:11:00.738486,23:11:00,8490.29,8490.29,3
2025-11-07T23:11:11.882015,23:11:11,8428.17,8428.17,3
2025-11-07T23:11:13.455757,23:11:13,8426.82,8426.82,3
2025-11-07T23:11:24.328440,23:11:24,8510.27,8510.27,3
2025-11-07T23:11:25.763301,23:11:25,8538.42,8538.42,3
2025-11-07T23:11:36.852402,23:11:36,8427.08,8427.08,3
2025-11-07T23:11:38.828617,23:11:38,8386.98,8386.98,3
2025-11-07T23:11:49.148924,23:11:49,8447.01,8447.01,3
2025-11-07T23:11:51.078744,23:11:51,8452.71,8452.71,3
2025-11-07T23:12:01.681822,23:12:01,8397.5,8397.5,3
2025-11-07T23:12:03.719552,23:12:03,8443.33,8443.33,3
2025-11-07T23:12:13.602423,23:12:13,8452.01,8452.01,3
2025-11-07T23:12:16.367289,23:12:16,8444.24,8444.24,3
2025-11-07T23:12:25.734300,23:12:25,8467.61,8467.61,3
2025-11-07T23:12:28.531076,23:12:28,8490.43,8490.43,3
2025-11-07T23:12:38.673256,23:12:38,8559.09,8559.09,3
2025-11-07T23:12:41.393824,23:12:41,8558.5,8558.5,3
2025-11-07T23:12:50.946710,23:12:50,8576.49,8576.49,3
2025-11-07T23:12:53.992129,23:12:53,8597.08,8597.08,3
2025-11-07T23:13:03.481363,23:13:03,8561.56,8561.56,3
2025-11-07T23:13:06.678160,23:13:06,8664.21,8664.21,3
2025-11-07T23:13:16.214720,23:13:16,8600.95,8600.95,3
2025-11-07T23:13:18.729412,23:13:18,8522.2,8522.2,3
2025-11-07T23:13:29.015565,23:13:29,8552.54,8552.54,3
2025-11-07T23:13:30.892788,23:13:30,8557.2,8557.2,3
2025-11-07T23:13:41.433242,23:13:41,8458.32,8458.32,3
2025-11-07T23:13:43.682441,23:13:43,8463.64,8463.64,3
2025-11-07T23:13:54.214456,23:13:54,8401.48,8401.48,3
2025-11-07T23:13:56.269991,23:13:56,8419.65,8419.65,3
2025-11-07T23:14:06.504193,23:14:06,8518.02,8518.02,3
2025-11-07T23:14:08.748026,23:14:08,8511.2,8511.2,3
2025-11-07T23:14:18.680874,23:14:18,8525.68,8525.68,3
2025-11-07T23:14:20.940974,23:14:20,8513.56,8513.56,3
2025-11-07T23:14:30.704171,23:14:30,8533.35,8533.35,3
2025-11-07T23:14:33.396226,23:14:33,8550.1,8550.1,3
2025-11-07T23:14:43.106765,23:14:43,8472.17,8472.17,3
2025-11-07T23:14:45.828700,23:14:45,8473.57,8473.57,3
2025-11-07T23:14:55.568832,23:14:55,8446.59,8446.59,3
2025-11-07T23:14:58.381054,23:14:58,8482.88,8482.88,3
2025-11-07T23:15:08.757946,23:15:08,8510.93,8510.93,3
2025-11-07T23:15:11.179604,23:15:11,8449.9,8449.9,3
2025-11-07T23:15:21.156445,23:15:21,8489.0,8489.0,3
2025-11-07T23:15:24.005405,23:15:24,8574.69,8574.69,3
2025-11-07T23:15:33.827645,23:15:33,8574.45,8574.45,3
2025-11-07T23:15:36.121558,23:15:36,8648.75,8648.75,3
2025-11-07T23:15:46.032284,23:15:46,8576.12,8576.12,3
2025-11-07T23:15:48.624351,23:15:48,8567.74,8567.74,3
2025-11-07T23:15:58.572879,23:15:58,8478.14,8478.14,3
2025-11-07T23:16:00.868580,23:16:00,8449.49,8449.49,3
2025-11-07T23:16:11.056178,23:16:11,8454.9,8454.9,3
2025-11-07T23:16:13.129995,23:16:13,8466.44,8466.44,3
2025-11-07T23:16:23.344814,23:16:23,8363.07,8363.07,3
2025-11-07T23:16:25.156042,23:16:25,8446.09,8446.09,3
2025-11-07T23:16:35.515944,23:16:35,8424.98,8424.98,3
2025-11-07T23:16:37.540102,23:16:37,8437.81,8437.81,3
2025-11-07T23:16:47.882477,23:16:47,8420.82,8420.82,3
2025-11-07T23:16:49.728207,23:16:49,8414.71,8414.71,3
2025-11-07T23:17:00.425087,23:17:00,8400.5,8400.5,3
2025-11-07T23:17:02.111027,23:17:02,8407.66,8407.66,3
2025-11-07T23:17:12.375089,23:17:12,8414.43,8414.43,3
2025-11-07T23:17:14.283189,23:17:14,8427.06,8427.06,3
2025-11-07T23:17:25.102858,23:17:25,8374.93,8374.93,3
2025-11-07T23:17:26.769734,23:17:26,8375.03,8375.03,3
2025-11-07T23:17:37.684430,23:17:37,8296.46,8296.46,3
2025-11-07T23:17:39.127807,23:17:39,8310.63,8310.63,3
2025-11-07T23:17:49.908457,23:17:49,8291.44,8291.44,3
2025-11-07T23:17:51.565809,23:17:51,8292.05,8292.05,3
2025-11-07T23:18:02.595150,23:18:02,8308.76,8308.76,3
2025-11-07T23:18:04.202627,23:18:04,8215.15,8215.15,3
2025-11-07T23:18:15.299077,23:18:15,8149.04,8149.04,3
2025-11-07T23:18:16.668957,23:18:16,8100.08,8100.08,3
2025-11-07T23:18:27.450969,23:18:27,8122.1,8122.1,3
2025-11-07T23:18:29.399811,23:18:29,8105.55,8105.55,3
2025-11-07T23:18:39.655324,23:18:39,8076.93,8076.93,3
2025-11-07T23:18:42.368406,23:18:42,8082.21,8082.21,3
2025-11-07T23:18:51.821514,23:18:51,8005.7,8005.7,3
2025-11-07T23:18:54.992581,23:18:54,8033.19,8033.19,3
2025-11-07T23:19:04.403097,23:19:04,7999.05,7999.05,3
2025-11-07T23:19:07.305984,23:19:07,8062.2,8062.2,3
2025-11-07T23:19:16.723329,23:19:16,8135.4,8135.4,3
2025-11-07T23:19:19.776846,23:19:19,8129.12,8129.12,3
2025-11-07T23:19:29.013775,23:19:29,8146.99,8146.99,3
2025-11-07T23:19:32.300310,23:19:32,8149.47,8149.47,3
2025-11-07T23:19:41.759677,23:19:41,8130.13,8130.13,3
2025-11-07T23:19:44.575493,23:19:44,8167.47,8167.47,3
2025-11-07T23:19:54.585118,23:19:54,8223.14,8223.14,3
2025-11-07T23:19:56.915428,23:19:56,8244.62,8244.62,3
2025-11-07T23:20:06.903026,23:20:06,8228.06,8228.06,3
2025-11-07T23:20:09.280571,23:20:09,8171.18,8171.18,3
2025-11-07T23:20:19.549178,23:20:19,8131.02,8131.02,3
2025-11-07T23:20:21.848934,23:20:21,8188.11,8188.11,3
2025-11-07T23:20:31.745757,23:20:31,8168.1,8168.1,3
2025-11-07T23:20:34.464662,23:20:34,8136.6,8136.6,3
2025-11-07T23:20:44.295037,23:20:44,8089.84,8089.84,3
2025-11-07T23:20:46.752148,23:20:46,8109.45,8109.45,3
2025-11-07T23:20:56.747557,23:20:56,8151.4,8151.4,3
2025-11-07T23:20:59.286022,23:20:59,8159.72,8159.72,3
2025-11-07T23:21:09.213756,23:21:09,8119.01,8119.01,3
2025-11-07T23:21:11.534361,23:21:11,8084.33,8084.33,3
2025-11-07T23:21:21.796202,23:21:21,8155.33,8155.33,3
2025-11-07T23:21:23.830705,23:21:23,8196.08,8196.08,3
2025-11-07T23:21:34.528512,23:21:34,8280.55,8280.55,3
2025-11-07T23:21:36.804850,23:21:36,8263.85,8263.85,3
2025-11-07T23:21:47.182955,23:21:47,8206.5,8206.5,3
2025-11-07T23:21:48.982975,23:21:48,8274.99,8274.99,3
2025-11-07T23:21:59.759166,23:21:59,8313.73,8313.73,3
2025-11-07T23:22:01.788383,23:22:01,8326.41,8326.41,3
2025-11-07T23:22:12.532091,23:22:12,8341.35,8341.35,3
2025-11-07T23:22:14.024382,23:22:14,8312.18,8312.18,3
2025-11-07T23:22:24.859993,23:22:24,8126.32,8126.32,3
2025-11-07T23:22:26.454773,23:22:26,8163.37,8163.37,3
2025-11-07T23:22:37.290653,23:22:37,8197.56,8197.56,3
2025-11-07T23:22:38.653537,23:22:38,8184.15,8184.15,3
2025-11-07T23:22:49.855981,23:22:49,8125.71,8125.71,3
2025-11-07T23:22:51.658781,23:22:51,8118.59,8118.59,3
2025-11-07T23:23:02.077417,23:23:02,8101.73,8101.73,3
2025-11-07T23:23:03.756416,23:23:03,8124.65,8124.65,3
2025-11-07T23:23:14.458900,23:23:14,8145.19,8145.19,3
2025-11-07T23:23:16.666674,23:23:16,8171.03,8171.03,3
2025-11-07T23:23:27.089440,23:23:27,8191.21,8191.21,3
2025-11-07T23:23:29.257348,23:23:29,8205.49,8205.49,3
2025-11-07T23:23:39.286564,23:23:39,8339.41,8339.41,3
2025-11-07T23:23:41.489190,23:23:41,8336.31,8336.31,3
2025-11-07T23:23:51.539256,23:23:51,8381.4,8381.4,3
2025-11-07T23:23:53.762849,23:23:53,8409.85,8409.85,3
2025-11-07T23:24:04.363984,23:24:04,8397.91,8397.91,3
2025-11-07T23:24:05.984360,23:24:05,8381.12,8381.12,3
2025-11-07T23:24:17.208716,23:24:17,8401.12,8401.12,3
2025-11-07T23:24:18.652155,23:24:18,8399.95,8399.95,3
2025-11-07T23:24:30.148175,23:24:30,8464.68,8464.68,3
2025-11-07T23:24:31.286914,23:24:31,8466.03,8466.03,3
2025-11-07T23:24:42.677844,23:24:42,8414.89,8414.89,3
2025-11-07T23:24:44.438788,23:24:44,8409.46,8409.46,3
2025-11-07T23:24:55.607951,23:24:55,8555.96,8555.96,3
2025-11-07T23:24:57.291090,23:24:57,8512.72,8512.72,3
2025-11-07T23:25:08.305524,23:25:08,8649.97,8649.97,3
2025-11-07T23:25:09.742676,23:25:09,8624.08,8624.08,3
2025-11-07T23:25:21.179448,23:25:21,8623.09,8623.09,3
2025-11-07T23:25:22.700756,23:25:22,8631.38,8631.38,3
2025-11-07T23:25:34.142126,23:25:34,8683.6,8683.6,3
2025-11-07T23:25:35.334862,23:25:35,8683.61,8683.61,3
2025-11-07T23:25:47.047600,23:25:47,8733.52,8733.52,3
2025-11-07T23:25:48.201141,23:25:48,8807.36,8807.36,3
2025-11-07T23:25:59.516801,23:25:59,8844.64,8844.64,3
2025-11-07T23:26:00.776434,23:26:00,8864.32,8864.32,3
2025-11-07T23:26:12.426696,23:26:12,8800.65,8800.65,3
2025-11-07T23:26:13.457614,23:26:13,8796.91,8796.91,3
2025-11-07T23:26:25.318890,23:26:25,8785.92,8785.92,3
2025-11-07T23:26:26.454722,23:26:26,8783.1,8783.1,3
2025-11-07T23:26:38.089486,23:26:38,8874.84,8874.84,3
2025-11-07T23:26:38.917244,23:26:38,8883.9,8883.9,3
2025-11-07T23:26:50.695578,23:26:50,8977.57,8977.57,3
2025-11-07T23:26:51.728949,23:26:51,8994.96,8994.96,3
2025-11-07T23:27:03.683830,23:27:03,8991.01,8991.01,3
2025-11-07T23:27:04.568416,23:27:04,9011.55,9011.55,3
2025-11-07T23:27:16.109370,23:27:16,9123.78,9123.78,3
2025-11-07T23:27:17.545966,23:27:17,9120.15,9120.15,3
2025-11-07T23:27:29.031248,23:27:29,9190.37,9190.37,3
2025-11-07T23:27:30.301352,23:27:30,9127.76,9127.76,3
2025-11-07T23:27:41.552696,23:27:41,9140.96,9140.96,3
2025-11-07T23:27:43.357352,23:27:43,9117.22,9117.22,3
2025-11-07T23:27:54.318859,23:27:54,8910.06,8910.06,3
2025-11-07T23:27:55.545231,23:27:55,8883.96,8883.96,3
2025-11-07T23:28:06.862342,23:28:06,8888.64,8888.64,3
2025-11-07T23:28:07.869609,23:28:07,8918.75,8918.75,3
2025-11-07T23:28:19.581658,23:28:19,8926.77,8926.77,3
2025-11-07T23:28:20.353973,23:28:20,8919.86,8919.86,3
2025-11-07T23:28:32.913494,23:28:32,8907.08,8907.08,3
2025-11-07T23:28:33.331404,23:28:33,8902.39,8902.39,3
2025-11-07T23:28:45.875991,23:28:45,8953.48,8953.48,3
2025-11-07T23:28:46.263375,23:28:46,8960.0,8960.0,3
2025-11-07T23:28:58.481796,23:28:58,8947.2,8947.2,3
2025-11-07T23:28:59.473353,23:28:59,8957.22,8957.22,3
2025-11-07T23:29:10.959575,23:29:10,9020.12,9020.12,3
2025-11-07T23:29:12.029044,23:29:12,9026.4,9026.4,3
2025-11-07T23:29:23.522224,23:29:23,9061.94,9061.94,3
2025-11-07T23:29:24.455525,23:29:24,9055.52,9055.52,3
2025-11-07T23:29:36.347567,23:29:36,9025.33,9025.33,3
2025-11-07T23:29:37.187961,23:29:37,9025.63,9025.63,3
2025-11-07T23:29:49.081222,23:29:49,9003.69,9003.69,3
2025-11-07T23:29:49.536248,23:29:49,9001.29,9001.29,3
2025-11-07T23:30:01.717748,23:30:01,9020.77,9020.77,3
2025-11-07T23:30:02.470849,23:30:02,9023.74,9023.74,3
2025-11-07T23:30:14.575884,23:30:14,8994.28,8994.28,3
2025-11-07T23:30:14.916248,23:30:14,8976.64,8976.64,3
2025-11-07T23:30:26.983330,23:30:26,9109.67,9109.67,3
2025-11-07T23:30:27.757937,23:30:27,9113.34,9113.34,3
2025-11-07T23:30:39.651142,23:30:39,9006.68,9006.68,3
2025-11-07T23:30:40.775304,23:30:40,9010.3,9010.3,3
2025-11-07T23:30:52.220460,23:30:52,8942.88,8942.88,3
2025-11-07T23:30:53.284054,23:30:53,8963.47,8963.47,3
2025-11-07T23:31:04.384342,23:31:04,9031.92,9031.92,3
2025-11-07T23:31:05.836933,23:31:05,9011.0,9011.0,3
2025-11-07T23:31:16.539078,23:31:16,9008.78,9008.78,3
2025-11-07T23:31:18.502373,23:31:18,8970.77,8970.77,3
2025-11-07T23:31:29.278655,23:31:29,9005.55,9005.55,3
2025-11-07T23:31:30.878616,23:31:30,9040.59,9040.59,3
2025-11-07T23:31:41.721263,23:31:41,9071.74,9071.74,3
2025-11-07T23:31:42.936222,23:31:42,9098.03,9098.03,3
2025-11-07T23:31:54.484664,23:31:54,9124.23,9124.23,3
2025-11-07T23:31:55.622631,23:31:55,9125.19,9125.19,3
2025-11-07T23:32:07.287517,23:32:07,9033.08,9033.08,3
2025-11-07T23:32:08.103320,23:32:08,9039.43,9039.43,3
2025-11-07T23:32:19.946934,23:32:19,9151.99,9151.99,3
2025-11-07T23:32:20.579842,23:32:20,9132.78,9132.78,3
2025-11-07T23:32:32.488714,23:32:32,9188.12,9188.12,3
2025-11-07T23:32:33.426809,23:32:33,9144.59,9144.59,3
2025-11-07T23:32:44.842183,23:32:44,9248.86,9248.86,3
2025-11-07T23:32:45.791706,23:32:45,9245.91,9245.91,3
2025-11-07T23:32:57.584917,23:32:57,9240.99,9240.99,3
2025-11-07T23:32:58.954766,23:32:58,9243.69,9243.69,3
2025-11-07T23:33:10.081207,23:33:10,9294.07,9294.07,3
2025-11-07T23:33:11.638994,23:33:11,9362.14,9362.14,3
2025-11-07T23:33:22.498778,23:33:22,9433.86,9433.86,3
2025-11-07T23:33:24.237588,23:33:24,9422.6,9422.6,3
2025-11-07T23:33:35.274076,23:33:35,9407.17,9407.17,3
2025-11-07T23:33:36.867452,23:33:36,9394.06,9394.06,3
2025-11-07T23:33:47.794814,23:33:47,9320.97,9320.97,3
2025-11-07T23:33:49.668552,23:33:49,9323.6,9323.6,3
2025-11-07T23:34:00.221965,23:34:00,9266.59,9266.59,3
2025-11-07T23:34:01.946630,23:34:01,9262.52,9262.52,3
2025-11-07T23:34:12.831576,23:34:12,9304.15,9304.15,3
2025-11-07T23:34:14.241504,23:34:14,9248.03,9248.03,3
2025-11-07T23:34:25.034001,23:34:25,9471.44,9471.44,3
2025-11-07T23:34:26.531359,23:34:26,9487.98,9487.98,3
2025-11-07T23:34:37.484330,23:34:37,9384.38,9384.38,3
2025-11-07T23:34:38.775860,23:34:38,9350.88,9350.88,3
2025-11-07T23:34:50.458520,23:34:50,9339.96,9339.96,3
2025-11-07T23:34:51.855144,23:34:51,9350.21,9350.21,3
2025-11-07T23:35:03.304245,23:35:03,9365.61,9365.61,3
2025-11-07T23:35:04.381392,23:35:04,9335.0,9335.0,3
2025-11-07T23:35:15.665995,23:35:15,9265.91,9265.91,3
2025-11-07T23:35:17.240859,23:35:17,9234.17,9234.17,3
2025-11-07T23:35:28.168855,23:35:28,9202.96,9202.96,3
2025-11-07T23:35:30.284648,23:35:30,9181.38,9181.38,3
2025-11-07T23:35:40.925448,23:35:40,9248.86,9248.86,3
2025-11-07T23:35:42.432786,23:35:42,9244.06,9244.06,3
2025-11-07T23:35:53.001738,23:35:53,9220.55,9220.55,3
2025-11-07T23:35:54.806696,23:35:54,9217.47,9217.47,3
2025-11-07T23:36:05.220027,23:36:05,9186.22,9186.22,3
2025-11-07T23:36:07.217376,23:36:07,9227.29,9227.29,3
2025-11-07T23:36:17.968256,23:36:17,9160.26,9160.26,3
2025-11-07T23:36:19.866874,23:36:19,9157.79,9157.79,3
2025-11-07T23:36:30.644744,23:36:30,9128.05,9128.05,3
2025-11-07T23:36:32.390572,23:36:32,9074.09,9074.09,3
2025-11-07T23:36:43.452312,23:36:43,9257.56,9257.56,3
2025-11-07T23:36:44.863506,23:36:44,9229.76,9229.76,3
2025-11-07T23:36:55.876934,23:36:55,9337.29,9337.29,3
2025-11-07T23:36:57.804674,23:36:57,9317.28,9317.28,3
2025-11-07T23:37:08.550256,23:37:08,9325.68,9325.68,3
2025-11-07T23:37:10.169736,23:37:10,9336.91,9336.91,3
2025-11-07T23:37:20.988218,23:37:20,9255.52,9255.52,3
2025-11-07T23:37:22.804470,23:37:22,9259.56,9259.56,3
2025-11-07T23:37:33.715404,23:37:33,9249.69,9249.69,3
2025-11-07T23:37:35.511248,23:37:35,9250.68,9250.68,3
2025-11-07T23:37:46.536594,23:37:46,9422.72,9422.72,3
2025-11-07T23:37:48.536215,23:37:48,9409.61,9409.61,3
2025-11-07T23:37:58.947248,23:37:58,9393.67,9393.67,3
2025-11-07T23:38:01.079798,23:38:01,9393.11,9393.11,3
2025-11-07T23:38:11.430305,23:38:11,9591.15,9591.15,3
2025-11-07T23:38:13.628752,23:38:13,9606.92,9606.92,3
2025-11-07T23:38:23.709941,23:38:23,9659.09,9659.09,3
2025-11-07T23:38:26.082672,23:38:26,9651.59,9651.59,3
2025-11-07T23:38:36.006479,23:38:36,9643.72,9643.72,3
2025-11-07T23:38:38.600967,23:38:38,9632.84,9632.84,3
2025-11-07T23:38:48.402321,23:38:48,9613.39,9613.39,3
2025-11-07T23:38:51.162538,23:38:51,9610.45,9610.45,3
2025-11-07T23:39:00.747024,23:39:00,9778.91,9778.91,3
2025-11-07T23:39:03.241856,23:39:03,9772.91,9772.91,3
2025-11-07T23:39:13.562300,23:39:13,9722.59,9722.59,3
2025-11-07T23:39:15.721294,23:39:15,9730.5,9730.5,3
2025-11-07T23:39:26.202149,23:39:26,9808.27,9808.27,3
2025-11-07T23:39:28.026097,23:39:28,9805.84,9805.84,3
2025-11-07T23:39:38.860136,23:39:38,9735.53,9735.53,3
2025-11-07T23:39:40.671370,23:39:40,9758.52,9758.52,3
2025-11-07T23:39:51.331208,23:39:51,9626.07,9626.07,3
2025-11-07T23:39:53.113409,23:39:53,9610.9,9610.9,3
2025-11-07T23:40:04.029942,23:40:04,9679.59,9679.59,3
2025-11-07T23:40:05.470352,23:40:05,9751.25,9751.25,3
2025-11-07T23:40:16.722231,23:40:16,9791.41,9791.41,3
2025-11-07T23:40:17.903175,23:40:17,9790.37,9790.37,3
2025-11-07T23:40:29.175762,23:40:29,9853.56,9853.56,3
2025-11-07T23:40:31.132162,23:40:31,9896.93,9896.93,3
2025-11-07T23:40:41.735093,23:40:41,9859.86,9859.86,3
2025-11-07T23:40:43.226991,23:40:43,9869.12,9869.12,3
2025-11-07T23:40:54.580334,23:40:54,9800.52,9800.52,3
2025-11-07T23:40:56.193977,23:40:56,9770.1,9770.1,3
2025-11-07T23:41:07.123856,23:41:07,9655.85,9655.85,3
2025-11-07T23:41:08.539952,23:41:08,9677.15,9677.15,3
2025-11-07T23:41:19.753434,23:41:19,9590.42,9590.42,3
2025-11-07T23:41:20.936625,23:41:20,9571.45,9571.45,3
2025-11-07T23:41:32.767835,23:41:32,9596.12,9596.12,3
2025-11-07T23:41:33.737677,23:41:33,9580.66,9580.66,3
2025-11-07T23:41:45.485603,23:41:45,9614.76,9614.76,3
2025-11-07T23:41:46.459714,23:41:46,9641.74,9641.74,3
2025-11-07T23:41:58.143411,23:41:58,9636.48,9636.48,3
2025-11-07T23:41:58.711640,23:41:58,9645.79,9645.79,3
2025-11-07T23:42:10.827236,23:42:10,9728.45,9728.45,3
2025-11-07T23:42:11.544696,23:42:11,9723.59,9723.59,3
2025-11-07T23:42:23.587394,23:42:23,9755.62,9755.62,3
2025-11-07T23:42:23.976656,23:42:23,9761.28,9761.28,3
2025-11-07T23:42:35.948536,23:42:35,9759.46,9759.46,3
2025-11-07T23:42:36.629650,23:42:36,9784.96,9784.96,3
2025-11-07T23:42:48.488748,23:42:48,9797.12,9797.12,3
2025-11-07T23:42:49.184649,23:42:49,9783.44,9783.44,3
2025-11-07T23:43:00.875608,23:43:00,9776.03,9776.03,3
2025-11-07T23:43:01.431757,23:43:01,9775.65,9775.65,3
2025-11-07T23:43:13.319263,23:43:13,9696.94,9696.94,3
2025-11-07T23:43:14.148528,23:43:14,9679.5,9679.5,3
2025-11-07T23:43:25.735446,23:43:25,9674.11,9674.11,3
2025-11-07T23:43:27.459477,23:43:27,9621.97,9621.97,3
2025-11-07T23:43:38.252136,23:43:38,9698.37,9698.37,3
2025-11-07T23:43:40.555152,23:43:40,9759.34,9759.34,3
2025-11-07T23:43:50.547596,23:43:50,9663.2,9663.2,3
2025-11-07T23:43:52.883347,23:43:52,9659.4,9659.4,3
2025-11-07T23:44:03.214084,23:44:03,9667.44,9667.44,3
2025-11-07T23:44:05.554838,23:44:05,9641.24,9641.24,3
2025-11-07T23:44:15.899854,23:44:15,9646.37,9646.37,3
2025-11-07T23:44:18.390236,23:44:18,9621.52,9621.52,3
2025-11-07T23:44:28.583143,23:44:28,9610.91,9610.91,3
2025-11-07T23:44:30.706843,23:44:30,9579.64,9579.64,3
2025-11-07T23:44:41.349317,23:44:41,9578.08,9578.08,3
2025-11-07T23:44:42.993834,23:44:42,9557.97,9557.97,3
2025-11-07T23:44:53.831984,23:44:53,9578.24,9578.24,3
2025-11-07T23:44:55.612301,23:44:55,9562.76,9562.76,3
2025-11-07T23:45:06.430010,23:45:06,9494.41,9494.41,3
2025-11-07T23:45:07.757843,23:45:07,9500.36,9500.36,3
2025-11-07T23:45:19.440124,23:45:19,9453.83,9453.83,3
2025-11-07T23:45:20.421896,23:45:20,9467.73,9467.73,3
2025-11-07T23:45:32.461521,23:45:32,9397.2,9397.2,3
2025-11-07T23:45:33.162019,23:45:33,9397.2,9397.2,3
2025-11-07T23:45:45.251044,23:45:45,9387.41,9387.41,3
2025-11-07T23:45:45.608758,23:45:45,9387.97,9387.97,3
2025-11-07T23:45:57.939471,23:45:57,9345.42,9345.42,3
2025-11-07T23:45:58.229339,23:45:58,9345.42,9345.42,3
2025-11-07T23:46:10.385589,23:46:10,9337.88,9337.88,3
2025-11-07T23:46:10.807517,23:46:10,9337.88,9337.88,3
2025-11-07T23:46:23.116883,23:46:23,9241.56,9241.56,3
2025-11-07T23:46:23.269363,23:46:23,9244.58,9244.58,3
2025-11-07T23:46:35.511736,23:46:35,9244.54,9244.54,3
2025-11-07T23:46:36.034536,23:46:36,9244.53,9244.53,3
2025-11-07T23:46:48.144510,23:46:48,9224.92,9224.92,3
2025-11-07T23:46:48.569216,23:46:48,9194.24,9194.24,3
2025-11-07T23:47:01.082085,23:47:01,9120.83,9120.83,3
2025-11-07T23:47:01.242078,23:47:01,9120.4,9120.4,3
2025-11-07T23:47:13.697633,23:47:13,9314.42,9314.42,3
2025-11-07T23:47:13.816823,23:47:13,9316.65,9316.65,3
2025-11-07T23:47:26.416117,23:47:26,9463.78,9463.78,3
2025-11-07T23:47:26.581982,23:47:26,9463.78,9463.78,3
2025-11-07T23:47:39.306779,23:47:39,9469.84,9469.84,3
2025-11-07T23:47:39.409339,23:47:39,9473.66,9473.66,3
2025-11-07T23:47:51.625413,23:47:51,9439.86,9439.86,3
2025-11-07T23:47:51.686642,23:47:51,9439.86,9439.86,3
2025-11-07T23:48:04.362334,23:48:04,9436.31,9436.31,3
2025-11-07T23:48:04.369498,23:48:04,9450.52,9450.52,3
2025-11-07T23:48:16.606637,23:48:16,9496.93,9496.93,3
2025-11-07T23:48:17.224508,23:48:17,9487.71,9487.71,3
2025-11-07T23:48:29.590559,23:48:29,9475.38,9475.38,3
2025-11-07T23:48:29.593714,23:48:29,9477.57,9477.57,3
2025-11-07T23:48:42.270342,23:48:42,9522.0,9522.0,3
2025-11-07T23:48:42.447138,23:48:42,9522.4,9522.4,3
2025-11-07T23:48:54.984779,23:48:54,9615.23,9615.23,3
2025-11-07T23:48:55.502917,23:48:55,9609.88,9609.88,3
2025-11-07T23:49:07.554049,23:49:07,9638.35,9638.35,3
2025-11-07T23:49:08.377787,23:49:08,9654.6,9654.6,3
2025-11-07T23:49:20.417514,23:49:20,9741.54,9741.54,3
2025-11-07T23:49:21.228050,23:49:21,9791.38,9791.38,3
2025-11-07T23:49:33.327218,23:49:33,9808.83,9808.83,3
2025-11-07T23:49:33.689157,23:49:33,9806.43,9806.43,3
2025-11-07T23:49:46.119206,23:49:46,9929.35,9929.35,3
2025-11-07T23:49:46.262816,23:49:46,9941.33,9941.33,3
2025-11-07T23:49:58.808552,23:49:58,9930.04,9930.04,3
2025-11-07T23:49:59.056060,23:49:59,9941.71,9941.71,3
2025-11-07T23:50:11.452289,23:50:11,10026.18,10026.18,3
2025-11-07T23:50:11.621139,23:50:11,10025.61,10025.61,3
2025-11-07T23:50:24.153138,23:50:24,9998.15,9998.15,3
2025-11-07T23:50:24.412783,23:50:24,9990.31,9990.31,3
2025-11-07T23:50:36.612097,23:50:36,9953.95,9953.95,3
2025-11-07T23:50:36.634153,23:50:36,9941.43,9941.43,3
2025-11-07T23:50:48.865202,23:50:48,9965.92,9965.92,3
2025-11-07T23:50:49.246921,23:50:49,9973.7,9973.7,3
2025-11-07T23:51:01.704166,23:51:01,9790.04,9790.04,3
2025-11-07T23:51:01.950432,23:51:01,9788.17,9788.17,3
2025-11-07T23:51:14.271875,23:51:14,9777.18,9777.18,3
2025-11-07T23:51:14.535938,23:51:14,9772.05,9772.05,3
2025-11-07T23:51:26.920882,23:51:26,9527.55,9527.55,3
2025-11-07T23:51:27.746185,23:51:27,9508.22,9508.22,3
2025-11-07T23:51:39.537854,23:51:39,9515.15,9515.15,3
2025-11-07T23:51:40.702787,23:51:40,9486.76,9486.76,3
2025-11-07T23:51:52.556483,23:51:52,9349.49,9349.49,3
2025-11-07T23:51:53.165503,23:51:53,9347.09,9347.09,3
2025-11-07T23:52:05.371460,23:52:05,9343.71,9343.71,3
2025-11-07T23:52:06.062192,23:52:06,9344.8,9344.8,3
2025-11-07T23:52:18.172686,23:52:18,9426.66,9426.66,3
2025-11-07T23:52:19.212205,23:52:19,9397.8,9397.8,3
2025-11-07T23:52:31.046085,23:52:31,9253.92,9253.92,3
2025-11-07T23:52:31.975537,23:52:31,9256.32,9256.32,3
2025-11-07T23:52:43.478607,23:52:43,9213.96,9213.96,3
2025-11-07T23:52:44.846992,23:52:44,9207.1,9207.1,3
2025-11-07T23:52:55.729787,23:52:55,9165.93,9165.93,3
2025-11-07T23:52:57.636560,23:52:57,9160.66,9160.66,3
2025-11-07T23:53:08.529537,23:53:08,9283.45,9283.45,3
2025-11-07T23:53:09.928932,23:53:09,9288.43,9288.43,3
2025-11-07T23:53:20.585996,23:53:20,9331.07,9331.07,3
2025-11-07T23:53:22.498776,23:53:22,9415.4,9415.4,3
2025-11-07T23:53:33.473201,23:53:33,9459.94,9459.94,3
2025-11-07T23:53:34.939594,23:53:34,9461.35,9461.35,3
2025-11-07T23:53:46.537769,23:53:46,9452.44,9452.44,3
2025-11-07T23:53:47.635773,23:53:47,9462.88,9462.88,3
2025-11-07T23:53:59.419666,23:53:59,9545.05,9545.05,3
2025-11-07T23:54:00.272921,23:54:00,9540.81,9540.81,3
2025-11-07T23:54:12.240373,23:54:12,9652.39,9652.39,3
2025-11-07T23:54:12.887036,23:54:12,9652.23,9652.23,3
2025-11-07T23:54:25.168918,23:54:25,9740.58,9740.58,3
2025-11-07T23:54:25.462242,23:54:25,9740.75,9740.75,3
2025-11-07T23:54:38.106681,23:54:38,9778.63,9778.63,3
2025-11-07T23:54:38.451320,23:54:38,9778.63,9778.63,3
2025-11-07T23:54:50.698648,23:54:50,9776.95,9776.95,3
2025-11-07T23:54:51.847977,23:54:51,9771.9,9771.9,3
2025-11-07T23:55:03.544777,23:55:03,9811.62,9811.62,3
2025-11-07T23:55:04.578012,23:55:04,9827.2,9827.2,3
2025-11-07T23:55:16.445328,23:55:16,9684.75,9684.75,3
2025-11-07T23:55:17.368230,23:55:17,9656.72,9656.72,3
2025-11-07T23:55:29.409214,23:55:29,9705.0,9705.0,3
2025-11-07T23:55:30.552197,23:55:30,9670.97,9670.97,3
2025-11-07T23:55:42.361181,23:55:42,9653.2,9653.2,3
2025-11-07T23:55:43.481434,23:55:43,9667.15,9667.15,3
2025-11-07T23:55:55.774471,23:55:55,9588.03,9588.03,3
2025-11-07T23:55:56.053285,23:55:56,9586.11,9586.11,3
2025-11-07T23:56:08.468795,23:56:08,9580.6,9580.6,3
2025-11-07T23:56:08.937788,23:56:08,9581.43,9581.43,3
2025-11-07T23:56:20.764329,23:56:20,9575.25,9575.25,3
2025-11-07T23:56:21.936592,23:56:21,9574.55,9574.55,3
2025-11-07T23:56:32.891303,23:56:32,9674.99,9674.99,3
2025-11-07T23:56:34.356137,23:56:34,9672.71,9672.71,3
2025-11-07T23:56:45.539225,23:56:45,9629.02,9629.02,3
2025-11-07T23:56:47.197424,23:56:47,9705.26,9705.26,3
2025-11-07T23:56:58.223990,23:56:58,9688.02,9688.02,3
2025-11-07T23:56:59.541747,23:56:59,9695.65,9695.65,3
2025-11-07T23:57:10.411848,23:57:10,9641.6,9641.6,3
2025-11-07T23:57:11.818223,23:57:11,9605.44,9605.44,3
2025-11-07T23:57:23.096146,23:57:23,9563.28,9563.28,3
2025-11-07T23:57:24.745104,23:57:24,9558.3,9558.3,3
2025-11-07T23:57:35.746267,23:57:35,9593.12,9593.12,3
2025-11-07T23:57:37.161585,23:57:37,9598.59,9598.59,3
2025-11-07T23:57:48.495626,23:57:48,9588.12,9588.12,3
2025-11-07T23:57:49.629398,23:57:49,9629.4,9629.4,3
2025-11-07T23:58:00.865790,23:58:00,9658.52,9658.52,3
2025-11-07T23:58:02.598876,23:58:02,9658.24,9658.24,3
2025-11-07T23:58:13.477940,23:58:13,9685.93,9685.93,3
2025-11-07T23:58:14.805841,23:58:14,9696.45,9696.45,3
2025-11-07T23:58:26.183403,23:58:26,9617.97,9617.97,3
2025-11-07T23:58:27.247806,23:58:27,9641.08,9641.08,3
2025-11-07T23:58:38.693448,23:58:38,9706.79,9706.79,3
2025-11-07T23:58:39.921624,23:58:39,9682.09,9682.09,3
2025-11-07T23:58:51.215594,23:58:51,9684.63,9684.63,3
2025-11-07T23:58:52.840939,23:58:52,9689.39,9689.39,3
2025-11-07T23:59:04.226037,23:59:04,9708.41,9708.41,3
2025-11-07T23:59:05.972167,23:59:05,9682.75,9682.75,3
2025-11-07T23:59:16.735442,23:59:16,9622.52,9622.52,3
2025-11-07T23:59:18.192600,23:59:18,9641.53,9641.53,3
2025-11-07T23:59:29.352614,23:59:29,9691.41,9691.41,3
2025-11-07T23:59:30.806074,23:59:30,9685.58,9685.58,3
2025-11-07T23:59:42.121294,23:59:42,9728.43,9728.43,3
2025-11-07T23:59:43.479275,23:59:43,9722.9,9722.9,3
2025-11-07T23:59:54.559002,23:59:54,9712.96,9712.96,3
2025-11-07T23:59:56.640294,23:59:56,9745.05,9745.05,3
