timestamp,time,total_pnl,unrealized_pnl,position_count
2025-11-12T00:00:12.475849,00:00:12,9611.54,9611.54,3
2025-11-12T00:00:25.810821,00:00:25,9651.3,9651.3,3
2025-11-12T00:00:39.270362,00:00:39,9674.71,9674.71,3
2025-11-12T00:00:52.686379,00:00:52,9712.76,9712.76,3
2025-11-12T00:01:05.678572,00:01:05,9769.13,9769.13,3
2025-11-12T00:01:19.244393,00:01:19,9762.87,9762.87,3
2025-11-12T00:01:32.289192,00:01:32,9748.56,9748.56,3
2025-11-12T00:01:44.757322,00:01:44,9763.16,9763.16,3
2025-11-12T00:01:57.313192,00:01:57,9764.45,9764.45,3
2025-11-12T00:02:10.069894,00:02:10,9701.41,9701.41,3
2025-11-12T00:02:22.628155,00:02:22,9727.8,9727.8,3
2025-11-12T00:02:35.323221,00:02:35,9718.26,9718.26,3
2025-11-12T00:02:47.834399,00:02:47,9627.12,9627.12,3
2025-11-12T00:03:00.044206,00:03:00,9647.42,9647.42,3
2025-11-12T00:03:12.530018,00:03:12,9713.32,9713.32,3
2025-11-12T00:03:25.460322,00:03:25,9751.3,9751.3,3
2025-11-12T00:03:38.130648,00:03:38,9697.38,9697.38,3
2025-11-12T00:03:50.731244,00:03:50,9667.57,9667.57,3
2025-11-12T00:04:03.262122,00:04:03,9666.07,9666.07,3
2025-11-12T00:04:15.756556,00:04:15,9724.16,9724.16,3
2025-11-12T00:04:28.540987,00:04:28,9648.21,9648.21,3
2025-11-12T00:04:41.333399,00:04:41,9610.61,9610.61,3
2025-11-12T00:04:54.201286,00:04:54,9668.07,9668.07,3
2025-11-12T00:05:06.769691,00:05:06,9702.34,9702.34,3
2025-11-12T00:05:19.505010,00:05:19,9674.35,9674.35,3
2025-11-12T00:05:32.254884,00:05:32,9675.14,9675.14,3
2025-11-12T00:05:44.714722,00:05:44,9672.07,9672.07,3
2025-11-12T00:05:57.591446,00:05:57,9666.26,9666.26,3
2025-11-12T00:06:10.442480,00:06:10,9586.35,9586.35,3
2025-11-12T00:06:22.770290,00:06:22,9537.47,9537.47,3
2025-11-12T00:06:34.910242,00:06:34,9434.13,9434.13,3
2025-11-12T00:06:47.515756,00:06:47,9374.22,9374.22,3
2025-11-12T00:06:59.884511,00:06:59,9382.42,9382.42,3
2025-11-12T00:07:12.448588,00:07:12,9333.22,9333.22,3
2025-11-12T00:07:25.261707,00:07:25,9442.86,9442.86,3
2025-11-12T00:07:38.044168,00:07:38,9375.77,9375.77,3
2025-11-12T00:07:50.514615,00:07:50,9352.12,9352.12,3
2025-11-12T00:08:02.781606,00:08:02,9346.45,9346.45,3
2025-11-12T00:08:15.563306,00:08:15,9349.31,9349.31,3
2025-11-12T00:08:28.281121,00:08:28,9344.51,9344.51,3
2025-11-12T00:08:40.700309,00:08:40,9379.48,9379.48,3
2025-11-12T00:08:53.476703,00:08:53,9311.86,9311.86,3
2025-11-12T00:09:06.155128,00:09:06,9281.6,9281.6,3
2025-11-12T00:09:18.670523,00:09:18,9221.13,9221.13,3
2025-11-12T00:09:31.156447,00:09:31,9224.23,9224.23,3
2025-11-12T00:09:43.676800,00:09:43,9271.64,9271.64,3
2025-11-12T00:09:56.164888,00:09:56,9318.93,9318.93,3
2025-11-12T00:10:08.322423,00:10:08,9352.57,9352.57,3
2025-11-12T00:10:21.024537,00:10:21,9374.62,9374.62,3
2025-11-12T00:10:33.725883,00:10:33,9395.29,9395.29,3
2025-11-12T00:10:46.134584,00:10:46,9402.16,9402.16,3
2025-11-12T00:10:58.789196,00:10:58,9387.47,9387.47,3
2025-11-12T00:11:11.358914,00:11:11,9418.67,9418.67,3
2025-11-12T00:11:24.250345,00:11:24,9456.39,9456.39,3
2025-11-12T00:11:36.785294,00:11:36,9447.63,9447.63,3
2025-11-12T00:11:49.475880,00:11:49,9441.52,9441.52,3
2025-11-12T00:12:02.137382,00:12:02,9485.14,9485.14,3
2025-11-12T00:12:14.703447,00:12:14,9470.46,9470.46,3
2025-11-12T00:12:27.521154,00:12:27,9437.74,9437.74,3
2025-11-12T00:12:40.258863,00:12:40,9410.5,9410.5,3
2025-11-12T00:12:52.602304,00:12:52,9377.44,9377.44,3
2025-11-12T00:13:04.719832,00:13:04,9233.32,9233.32,3
2025-11-12T00:13:17.489000,00:13:17,9219.12,9219.12,3
2025-11-12T00:13:30.335111,00:13:30,9186.92,9186.92,3
2025-11-12T00:13:42.630022,00:13:42,9168.03,9168.03,3
2025-11-12T00:13:55.559406,00:13:55,9150.44,9150.44,3
2025-11-12T00:14:07.856203,00:14:07,9132.42,9132.42,3
2025-11-12T00:14:20.796197,00:14:20,9132.0,9132.0,3
2025-11-12T00:14:34.024553,00:14:34,9142.17,9142.17,3
2025-11-12T00:14:47.258901,00:14:47,9166.72,9166.72,3
2025-11-12T00:14:59.968111,00:14:59,9187.91,9187.91,3
2025-11-12T00:15:13.059127,00:15:13,9227.16,9227.16,3
2025-11-12T00:15:26.204417,00:15:26,9252.91,9252.91,3
2025-11-12T00:15:39.705581,00:15:39,9290.7,9290.7,3
2025-11-12T00:15:53.525859,00:15:53,9289.45,9289.45,3
2025-11-12T00:16:06.550953,00:16:06,9332.51,9332.51,3
2025-11-12T00:16:19.648196,00:16:19,9420.04,9420.04,3
2025-11-12T00:16:33.200482,00:16:33,9396.04,9396.04,3
2025-11-12T00:16:46.397369,00:16:46,9268.54,9268.54,3
2025-11-12T00:16:59.340236,00:16:59,9306.33,9306.33,3
2025-11-12T00:17:11.825099,00:17:11,9279.4,9279.4,3
2025-11-12T00:17:23.997387,00:17:23,9320.16,9320.16,3
2025-11-12T00:17:36.499821,00:17:36,9326.37,9326.37,3
2025-11-12T00:17:48.674661,00:17:48,9350.4,9350.4,3
2025-11-12T00:18:01.282667,00:18:01,9349.0,9349.0,3
2025-11-12T00:18:13.758179,00:18:13,9350.6,9350.6,3
2025-11-12T00:18:26.613588,00:18:26,9421.78,9421.78,3
2025-11-12T00:18:39.589620,00:18:39,9418.32,9418.32,3
2025-11-12T00:18:52.189384,00:18:52,9587.82,9587.82,3
2025-11-12T00:19:04.457883,00:19:04,9579.92,9579.92,3
2025-11-12T00:19:16.572843,00:19:16,9606.59,9606.59,3
2025-11-12T00:19:28.681105,00:19:28,9656.95,9656.95,3
2025-11-12T00:19:41.138248,00:19:41,9692.67,9692.67,3
2025-11-12T00:19:53.536365,00:19:53,9868.11,9868.11,3
2025-11-12T00:20:05.866104,00:20:05,9879.1,9879.1,3
2025-11-12T00:20:18.266404,00:20:18,9833.64,9833.64,3
2025-11-12T00:20:30.623534,00:20:30,9762.03,9762.03,3
2025-11-12T00:20:43.014411,00:20:43,9783.42,9783.42,3
2025-11-12T00:20:55.487639,00:20:55,9804.41,9804.41,3
2025-11-12T00:21:08.434662,00:21:08,9813.67,9813.67,3
2025-11-12T00:21:21.511441,00:21:21,9803.34,9803.34,3
2025-11-12T00:21:33.769402,00:21:33,9801.43,9801.43,3
2025-11-12T00:21:46.551697,00:21:46,9868.91,9868.91,3
2025-11-12T00:21:59.184138,00:21:59,9894.84,9894.84,3
2025-11-12T00:22:11.690961,00:22:11,9908.71,9908.71,3
2025-11-12T00:22:24.461080,00:22:24,9883.38,9883.38,3
2025-11-12T00:22:37.436943,00:22:37,9883.81,9883.81,3
2025-11-12T00:22:50.268423,00:22:50,9899.46,9899.46,3
2025-11-12T00:23:02.777971,00:23:02,9881.54,9881.54,3
2025-11-12T00:23:15.614614,00:23:15,9811.07,9811.07,3
2025-11-12T00:23:28.290549,00:23:28,9780.45,9780.45,3
2025-11-12T00:23:41.192178,00:23:41,9832.6,9832.6,3
2025-11-12T00:23:54.147369,00:23:54,9818.84,9818.84,3
2025-11-12T00:24:06.218019,00:24:06,9786.14,9786.14,3
2025-11-12T00:24:18.522392,00:24:18,9736.25,9736.25,3
2025-11-12T00:24:30.606302,00:24:30,9743.24,9743.24,3
2025-11-12T00:24:43.086243,00:24:43,9729.41,9729.41,3
2025-11-12T00:24:55.632301,00:24:55,9761.34,9761.34,3
2025-11-12T00:25:08.014199,00:25:08,9771.95,9771.95,3
2025-11-12T00:25:20.564025,00:25:20,9847.27,9847.27,3
2025-11-12T00:25:33.337029,00:25:33,9841.72,9841.72,3
2025-11-12T00:25:45.791211,00:25:45,9840.94,9840.94,3
2025-11-12T00:25:58.423306,00:25:58,9824.48,9824.48,3
2025-11-12T00:26:11.309158,00:26:11,9781.8,9781.8,3
2025-11-12T00:26:23.696918,00:26:23,9723.8,9723.8,3
2025-11-12T00:26:36.440348,00:26:36,9710.66,9710.66,3
2025-11-12T00:26:49.313668,00:26:49,9779.09,9779.09,3
2025-11-12T00:27:02.195494,00:27:02,9777.08,9777.08,3
2025-11-12T00:27:15.167225,00:27:15,9766.31,9766.31,3
2025-11-12T00:27:27.653117,00:27:27,9804.51,9804.51,3
2025-11-12T00:27:40.218707,00:27:40,9758.55,9758.55,3
2025-11-12T00:27:52.605462,00:27:52,9737.77,9737.77,3
2025-11-12T00:28:04.812248,00:28:04,9723.38,9723.38,3
2025-11-12T00:28:17.397150,00:28:17,9711.78,9711.78,3
2025-11-12T00:28:29.642801,00:28:29,9758.83,9758.83,3
2025-11-12T00:28:42.388395,00:28:42,9750.22,9750.22,3
2025-11-12T00:28:55.269972,00:28:55,9739.43,9739.43,3
2025-11-12T00:29:07.685155,00:29:07,9780.2,9780.2,3
2025-11-12T00:29:20.486062,00:29:20,9761.42,9761.42,3
2025-11-12T00:29:33.284321,00:29:33,9723.02,9723.02,3
2025-11-12T00:29:46.205830,00:29:46,9714.47,9714.47,3
2025-11-12T00:29:58.778738,00:29:58,9683.38,9683.38,3
2025-11-12T00:30:11.465794,00:30:11,9655.19,9655.19,3
2025-11-12T00:30:24.095772,00:30:24,9635.92,9635.92,3
2025-11-12T00:30:36.774490,00:30:36,9570.83,9570.83,3
2025-11-12T00:30:49.316660,00:30:49,9372.78,9372.78,3
2025-11-12T00:31:01.862979,00:31:01,9332.27,9332.27,3
2025-11-12T00:31:14.383831,00:31:14,9279.94,9279.94,3
2025-11-12T00:31:26.724209,00:31:26,9324.59,9324.59,3
2025-11-12T00:31:39.364432,00:31:39,9306.77,9306.77,3
2025-11-12T00:31:52.368303,00:31:52,9287.1,9287.1,3
2025-11-12T00:32:05.013460,00:32:05,9224.47,9224.47,3
2025-11-12T00:32:17.285103,00:32:17,9319.04,9319.04,3
2025-11-12T00:32:29.233926,00:32:29,9241.53,9241.53,3
2025-11-12T00:32:41.707533,00:32:41,9301.64,9301.64,3
2025-11-12T00:32:54.141070,00:32:54,9340.73,9340.73,3
2025-11-12T00:33:06.215117,00:33:06,9321.75,9321.75,3
2025-11-12T00:33:18.713868,00:33:18,9287.82,9287.82,3
2025-11-12T00:33:31.417921,00:33:31,9429.7,9429.7,3
2025-11-12T00:33:43.624301,00:33:43,9435.83,9435.83,3
2025-11-12T00:33:56.524925,00:33:56,9431.95,9431.95,3
2025-11-12T00:34:09.278424,00:34:09,9349.87,9349.87,3
2025-11-12T00:34:21.607508,00:34:21,9354.85,9354.85,3
2025-11-12T00:34:34.563603,00:34:34,9378.43,9378.43,3
2025-11-12T00:34:47.335619,00:34:47,9411.93,9411.93,3
2025-11-12T00:34:59.837431,00:34:59,9415.9,9415.9,3
2025-11-12T00:35:12.093316,00:35:12,9452.71,9452.71,3
2025-11-12T00:35:24.365597,00:35:24,9371.75,9371.75,3
2025-11-12T00:35:36.848916,00:35:36,9365.52,9365.52,3
2025-11-12T00:35:49.639727,00:35:49,9355.81,9355.81,3
2025-11-12T00:36:02.281377,00:36:02,9298.28,9298.28,3
2025-11-12T00:36:14.655738,00:36:14,9258.42,9258.42,3
2025-11-12T00:36:26.669670,00:36:26,9311.81,9311.81,3
2025-11-12T00:36:39.440213,00:36:39,9319.12,9319.12,3
2025-11-12T00:36:51.743947,00:36:51,9309.3,9309.3,3
2025-11-12T00:37:03.970869,00:37:03,9309.47,9309.47,3
2025-11-12T00:37:16.424477,00:37:16,9266.25,9266.25,3
2025-11-12T00:37:29.117691,00:37:29,9266.82,9266.82,3
2025-11-12T00:37:41.697220,00:37:41,9225.53,9225.53,3
2025-11-12T00:37:54.355084,00:37:54,9251.47,9251.47,3
2025-11-12T00:38:06.469375,00:38:06,9207.88,9207.88,3
2025-11-12T00:38:19.145894,00:38:19,9058.08,9058.08,3
2025-11-12T00:38:31.737966,00:38:31,8943.12,8943.12,3
2025-11-12T00:38:44.126284,00:38:44,9010.2,9010.2,3
2025-11-12T00:38:56.696840,00:38:56,9069.4,9069.4,3
2025-11-12T00:39:09.405049,00:39:09,9152.45,9152.45,3
2025-11-12T00:39:22.204018,00:39:22,9188.88,9188.88,3
2025-11-12T00:39:34.724145,00:39:34,9300.19,9300.19,3
2025-11-12T00:39:47.433279,00:39:47,9366.74,9366.74,3
2025-11-12T00:40:00.225269,00:40:00,9288.46,9288.46,3
2025-11-12T00:40:12.660290,00:40:12,9276.9,9276.9,3
2025-11-12T00:40:25.550078,00:40:25,9204.94,9204.94,3
2025-11-12T00:40:38.382799,00:40:38,9205.74,9205.74,3
2025-11-12T00:40:50.743609,00:40:50,9176.06,9176.06,3
2025-11-12T00:41:03.076010,00:41:03,9194.61,9194.61,3
2025-11-12T00:41:15.389293,00:41:15,9201.82,9201.82,3
2025-11-12T00:41:27.554585,00:41:27,9216.18,9216.18,3
2025-11-12T00:41:40.104650,00:41:40,9202.77,9202.77,3
2025-11-12T00:41:52.556840,00:41:52,9242.7,9242.7,3
2025-11-12T00:42:05.250879,00:42:05,9212.98,9212.98,3
2025-11-12T00:42:17.542297,00:42:17,9211.42,9211.42,3
2025-11-12T00:42:30.052179,00:42:30,9253.78,9253.78,3
2025-11-12T00:42:43.103685,00:42:43,9353.27,9353.27,3
2025-11-12T00:42:55.695159,00:42:55,9347.89,9347.89,3
2025-11-12T00:43:08.516495,00:43:08,9275.31,9275.31,3
2025-11-12T00:43:21.124880,00:43:21,9244.75,9244.75,3
2025-11-12T00:43:33.677540,00:43:33,9225.9,9225.9,3
2025-11-12T00:43:46.264548,00:43:46,9165.76,9165.76,3
2025-11-12T00:43:58.722660,00:43:58,9185.56,9185.56,3
2025-11-12T00:44:11.510269,00:44:11,9215.42,9215.42,3
2025-11-12T00:44:24.175511,00:44:24,9266.21,9266.21,3
2025-11-12T00:44:36.567359,00:44:36,9259.79,9259.79,3
2025-11-12T00:44:49.162936,00:44:49,9224.16,9224.16,3
2025-11-12T00:45:01.848815,00:45:01,9220.97,9220.97,3
2025-11-12T00:45:14.293565,00:45:14,9287.27,9287.27,3
2025-11-12T00:45:26.671021,00:45:26,9382.59,9382.59,3
2025-11-12T00:45:39.081421,00:45:39,9352.05,9352.05,3
2025-11-12T00:45:51.505222,00:45:51,9336.89,9336.89,3
2025-11-12T00:46:04.217150,00:46:04,9359.45,9359.45,3
2025-11-12T00:46:16.543517,00:46:16,9489.37,9489.37,3
2025-11-12T00:46:29.467052,00:46:29,9543.96,9543.96,3
2025-11-12T00:46:42.432750,00:46:42,9531.45,9531.45,3
2025-11-12T00:46:54.901945,00:46:54,9507.19,9507.19,3
2025-11-12T00:47:07.629672,00:47:07,9507.94,9507.94,3
2025-11-12T00:47:20.144926,00:47:20,9514.96,9514.96,3
2025-11-12T00:47:32.479512,00:47:32,9526.1,9526.1,3
2025-11-12T00:47:45.320450,00:47:45,9507.09,9507.09,3
2025-11-12T00:47:57.671223,00:47:57,9466.0,9466.0,3
2025-11-12T00:48:10.486666,00:48:10,9483.36,9483.36,3
2025-11-12T00:48:22.713104,00:48:22,9520.16,9520.16,3
2025-11-12T00:48:35.224660,00:48:35,9543.12,9543.12,3
2025-11-12T00:48:47.758279,00:48:47,9550.78,9550.78,3
2025-11-12T00:49:00.380554,00:49:00,9545.31,9545.31,3
2025-11-12T00:49:12.672951,00:49:12,9544.79,9544.79,3
2025-11-12T00:49:25.522845,00:49:25,9494.97,9494.97,3
2025-11-12T00:49:38.147811,00:49:38,9452.28,9452.28,3
2025-11-12T00:49:50.445510,00:49:50,9395.3,9395.3,3
2025-11-12T00:50:02.574767,00:50:02,9421.92,9421.92,3
2025-11-12T00:50:15.372225,00:50:15,9474.99,9474.99,3
2025-11-12T00:50:28.082143,00:50:28,9520.45,9520.45,3
2025-11-12T00:50:40.368679,00:50:40,9571.78,9571.78,3
2025-11-12T00:50:52.765738,00:50:52,9562.04,9562.04,3
2025-11-12T00:51:05.194943,00:51:05,9576.77,9576.77,3
2025-11-12T00:51:17.432628,00:51:17,9508.75,9508.75,3
2025-11-12T00:51:30.102362,00:51:30,9489.8,9489.8,3
2025-11-12T00:51:42.680540,00:51:42,9448.23,9448.23,3
2025-11-12T00:51:55.350770,00:51:55,9430.24,9430.24,3
2025-11-12T00:52:07.563072,00:52:07,9417.78,9417.78,3
2025-11-12T00:52:19.793609,00:52:19,9477.34,9477.34,3
2025-11-12T00:52:32.318042,00:52:32,9510.59,9510.59,3
2025-11-12T00:52:44.676641,00:52:44,9488.27,9488.27,3
2025-11-12T00:52:57.256384,00:52:57,9491.08,9491.08,3
2025-11-12T00:53:09.621092,00:53:09,9419.4,9419.4,3
2025-11-12T00:53:22.347611,00:53:22,9447.25,9447.25,3
2025-11-12T00:53:34.660932,00:53:34,9412.28,9412.28,3
2025-11-12T00:53:47.251196,00:53:47,9437.44,9437.44,3
2025-11-12T00:53:59.802636,00:53:59,9437.93,9437.93,3
2025-11-12T00:54:12.499478,00:54:12,9477.42,9477.42,3
2025-11-12T00:54:25.390373,00:54:25,9518.54,9518.54,3
2025-11-12T00:54:38.337683,00:54:38,9598.14,9598.14,3
2025-11-12T00:54:50.963846,00:54:50,9570.7,9570.7,3
2025-11-12T00:55:03.389925,00:55:03,9553.23,9553.23,3
2025-11-12T00:55:16.289503,00:55:16,9522.05,9522.05,3
2025-11-12T00:55:28.928002,00:55:28,9489.2,9489.2,3
2025-11-12T00:55:41.467055,00:55:41,9481.02,9481.02,3
2025-11-12T00:55:54.190940,00:55:54,9512.63,9512.63,3
2025-11-12T00:56:06.270360,00:56:06,9530.05,9530.05,3
2025-11-12T00:56:18.692264,00:56:18,9567.6,9567.6,3
2025-11-12T00:56:31.260772,00:56:31,9605.06,9605.06,3
2025-11-12T00:56:43.783457,00:56:43,9614.05,9614.05,3
2025-11-12T00:56:56.357760,00:56:56,9613.42,9613.42,3
2025-11-12T00:57:08.590772,00:57:08,9644.92,9644.92,3
2025-11-12T00:57:21.120400,00:57:21,9651.54,9651.54,3
2025-11-12T00:57:33.291489,00:57:33,9695.06,9695.06,3
2025-11-12T00:57:45.856942,00:57:45,9751.51,9751.51,3
2025-11-12T00:57:58.125866,00:57:58,9716.95,9716.95,3
2025-11-12T00:58:10.426267,00:58:10,9693.36,9693.36,3
2025-11-12T00:58:22.740601,00:58:22,9697.89,9697.89,3
2025-11-12T00:58:35.455253,00:58:35,9649.22,9649.22,3
2025-11-12T00:58:48.299231,00:58:48,9653.53,9653.53,3
2025-11-12T00:59:00.795681,00:59:00,9650.54,9650.54,3
2025-11-12T00:59:13.193649,00:59:13,9696.78,9696.78,3
2025-11-12T00:59:25.313994,00:59:25,9720.8,9720.8,3
2025-11-12T00:59:37.601908,00:59:37,9730.91,9730.91,3
2025-11-12T00:59:49.631419,00:59:49,9767.49,9767.49,3
2025-11-12T01:00:02.306570,01:00:02,9756.86,9756.86,3
2025-11-12T01:00:14.565396,01:00:14,9812.85,9812.85,3
2025-11-12T01:00:27.234178,01:00:27,9823.75,9823.75,3
2025-11-12T01:00:39.635158,01:00:39,9780.13,9780.13,3
2025-11-12T01:00:51.572020,01:00:51,9774.72,9774.72,3
2025-11-12T01:01:03.801281,01:01:03,9779.02,9779.02,3
2025-11-12T01:01:16.111438,01:01:16,9813.28,9813.28,3
2025-11-12T01:01:28.458942,01:01:28,9841.87,9841.87,3
2025-11-12T01:01:40.915884,01:01:40,9828.46,9828.46,3
2025-11-12T01:01:53.377814,01:01:53,9793.15,9793.15,3
2025-11-12T01:02:05.405859,01:02:05,9762.7,9762.7,3
2025-11-12T01:02:18.203244,01:02:18,9705.49,9705.49,3
2025-11-12T01:02:30.860742,01:02:30,9724.74,9724.74,3
2025-11-12T01:02:43.413974,01:02:43,9702.97,9702.97,3
2025-11-12T01:02:55.954618,01:02:55,9625.74,9625.74,3
2025-11-12T01:03:08.041622,01:03:08,9673.61,9673.61,3
2025-11-12T01:03:20.422177,01:03:20,9668.94,9668.94,3
2025-11-12T01:03:32.714441,01:03:32,9685.85,9685.85,3
2025-11-12T01:03:45.345492,01:03:45,9679.83,9679.83,3
2025-11-12T01:03:58.002727,01:03:58,9707.48,9707.48,3
2025-11-12T01:04:10.487570,01:04:10,9723.56,9723.56,3
2025-11-12T01:04:22.802839,01:04:22,9688.41,9688.41,3
2025-11-12T01:04:35.530268,01:04:35,9630.97,9630.97,3
2025-11-12T01:04:47.955738,01:04:47,9578.26,9578.26,3
2025-11-12T01:05:00.447624,01:05:00,9550.17,9550.17,3
2025-11-12T01:05:12.640951,01:05:12,9533.35,9533.35,3
2025-11-12T01:05:24.631198,01:05:24,9426.66,9426.66,3
2025-11-12T01:05:37.197739,01:05:37,9438.16,9438.16,3
2025-11-12T01:05:49.218661,01:05:49,9417.45,9417.45,3
2025-11-12T01:06:01.538505,01:06:01,9446.8,9446.8,3
2025-11-12T01:06:13.777088,01:06:13,9430.79,9430.79,3
2025-11-12T01:06:25.671219,01:06:25,9441.44,9441.44,3
2025-11-12T01:06:38.561444,01:06:38,9439.29,9439.29,3
2025-11-12T01:06:50.709497,01:06:50,9465.54,9465.54,3
2025-11-12T01:07:03.319059,01:07:03,9467.79,9467.79,3
2025-11-12T01:07:15.451585,01:07:15,9454.92,9454.92,3
2025-11-12T01:07:27.897035,01:07:27,9414.87,9414.87,3
2025-11-12T01:07:40.350310,01:07:40,9415.35,9415.35,3
2025-11-12T01:07:52.782289,01:07:52,9443.13,9443.13,3
2025-11-12T01:08:05.265858,01:08:05,9378.98,9378.98,3
2025-11-12T01:08:17.479703,01:08:17,9367.61,9367.61,3
2025-11-12T01:08:29.606853,01:08:29,9348.84,9348.84,3
2025-11-12T01:08:42.657465,01:08:42,9317.06,9317.06,3
2025-11-12T01:08:55.588691,01:08:55,9288.28,9288.28,3
2025-11-12T01:09:08.225309,01:09:08,9335.81,9335.81,3
2025-11-12T01:09:21.160079,01:09:21,9364.13,9364.13,3
2025-11-12T01:09:33.517391,01:09:33,9373.39,9373.39,3
2025-11-12T01:09:46.108352,01:09:46,9366.53,9366.53,3
2025-11-12T01:09:58.322975,01:09:58,9365.53,9365.53,3
2025-11-12T01:10:10.735299,01:10:10,9380.19,9380.19,3
2025-11-12T01:10:23.534695,01:10:23,9444.91,9444.91,3
2025-11-12T01:10:35.610689,01:10:35,9423.24,9423.24,3
2025-11-12T01:10:48.034299,01:10:48,9424.54,9424.54,3
2025-11-12T01:11:00.586400,01:11:00,9409.47,9409.47,3
2025-11-12T01:11:12.947372,01:11:12,9419.04,9419.04,3
2025-11-12T01:11:25.536430,01:11:25,9434.8,9434.8,3
2025-11-12T01:11:38.321726,01:11:38,9424.49,9424.49,3
2025-11-12T01:11:51.332733,01:11:51,9358.71,9358.71,3
2025-11-12T01:12:03.803678,01:12:03,9350.34,9350.34,3
2025-11-12T01:12:16.626825,01:12:16,9316.45,9316.45,3
2025-11-12T01:12:29.149484,01:12:29,9225.79,9225.79,3
2025-11-12T01:12:41.743148,01:12:41,9169.34,9169.34,3
2025-11-12T01:12:54.470355,01:12:54,9193.84,9193.84,3
2025-11-12T01:13:07.169044,01:13:07,9177.66,9177.66,3
2025-11-12T01:13:19.696757,01:13:19,9219.19,9219.19,3
2025-11-12T01:13:32.506184,01:13:32,9158.05,9158.05,3
2025-11-12T01:13:45.685961,01:13:45,9193.42,9193.42,3
2025-11-12T01:13:59.171724,01:13:59,9220.03,9220.03,3
2025-11-12T01:14:12.682220,01:14:12,9279.79,9279.79,3
2025-11-12T01:14:25.644074,01:14:25,9296.65,9296.65,3
2025-11-12T01:14:38.217998,01:14:38,9275.99,9275.99,3
2025-11-12T01:14:51.365417,01:14:51,9274.02,9274.02,3
2025-11-12T01:15:04.630597,01:15:04,9274.69,9274.69,3
2025-11-12T01:15:17.665455,01:15:17,9200.88,9200.88,3
2025-11-12T01:15:31.456272,01:15:31,9210.89,9210.89,3
2025-11-12T01:15:44.587466,01:15:44,9267.97,9267.97,3
2025-11-12T01:15:58.134307,01:15:58,9261.96,9261.96,3
2025-11-12T01:16:11.257583,01:16:11,9219.22,9219.22,3
2025-11-12T01:16:24.508975,01:16:24,9394.55,9394.55,3
2025-11-12T01:16:37.563604,01:16:37,9355.39,9355.39,3
2025-11-12T01:16:50.114637,01:16:50,9248.26,9248.26,3
2025-11-12T01:17:03.240510,01:17:03,9262.95,9262.95,3
2025-11-12T01:17:16.649636,01:17:16,9319.33,9319.33,3
2025-11-12T01:17:29.222718,01:17:29,9443.65,9443.65,3
2025-11-12T01:17:42.430127,01:17:42,9447.5,9447.5,3
2025-11-12T01:17:55.606840,01:17:55,9376.08,9376.08,3
2025-11-12T01:18:09.090556,01:18:09,9483.35,9483.35,3
2025-11-12T01:18:22.142922,01:18:22,9521.2,9521.2,3
2025-11-12T01:18:35.603808,01:18:35,9501.54,9501.54,3
2025-11-12T01:18:48.523848,01:18:48,9560.45,9560.45,3
2025-11-12T01:19:01.877989,01:19:01,9582.27,9582.27,3
2025-11-12T01:19:15.119990,01:19:15,9516.12,9516.12,3
2025-11-12T01:19:28.454481,01:19:28,9512.04,9512.04,3
2025-11-12T01:19:41.693040,01:19:41,9543.85,9543.85,3
2025-11-12T01:19:54.461678,01:19:54,9558.32,9558.32,3
2025-11-12T01:20:07.679720,01:20:07,9518.77,9518.77,3
2025-11-12T01:20:20.520375,01:20:20,9498.54,9498.54,3
2025-11-12T01:20:33.653035,01:20:33,9481.64,9481.64,3
2025-11-12T01:20:47.077660,01:20:47,9527.32,9527.32,3
2025-11-12T01:21:00.421930,01:21:00,9509.08,9509.08,3
2025-11-12T01:21:13.507749,01:21:13,9507.5,9507.5,3
2025-11-12T01:21:26.255766,01:21:26,9492.21,9492.21,3
2025-11-12T01:21:39.124476,01:21:39,9462.55,9462.55,3
2025-11-12T01:21:52.376272,01:21:52,9437.07,9437.07,3
2025-11-12T01:22:05.233341,01:22:05,9395.55,9395.55,3
2025-11-12T01:22:18.199597,01:22:18,9345.76,9345.76,3
2025-11-12T01:22:31.352540,01:22:31,9358.98,9358.98,3
2025-11-12T01:22:44.641381,01:22:44,9366.58,9366.58,3
2025-11-12T01:22:57.543664,01:22:57,9368.63,9368.63,3
2025-11-12T01:23:10.401653,01:23:10,9439.14,9439.14,3
2025-11-12T01:23:23.458828,01:23:23,9507.63,9507.63,3
2025-11-12T01:23:37.182431,01:23:37,9475.27,9475.27,3
2025-11-12T01:23:50.456063,01:23:50,9406.37,9406.37,3
2025-11-12T01:24:03.383033,01:24:03,9325.37,9325.37,3
2025-11-12T01:24:16.581662,01:24:16,9302.12,9302.12,3
2025-11-12T01:24:29.671203,01:24:29,9301.68,9301.68,3
2025-11-12T01:24:42.617832,01:24:42,9332.46,9332.46,3
2025-11-12T01:24:55.891774,01:24:55,9330.82,9330.82,3
2025-11-12T01:25:09.258915,01:25:09,9310.9,9310.9,3
2025-11-12T01:25:22.177602,01:25:22,9321.07,9321.07,3
2025-11-12T01:25:35.737966,01:25:35,9346.28,9346.28,3
2025-11-12T01:25:49.004309,01:25:49,9322.47,9322.47,3
2025-11-12T01:26:02.186443,01:26:02,9300.08,9300.08,3
2025-11-12T01:26:15.015099,01:26:15,9304.06,9304.06,3
2025-11-12T01:26:27.915156,01:26:27,9279.12,9279.12,3
2025-11-12T01:26:41.601214,01:26:41,9307.04,9307.04,3
2025-11-12T01:26:54.850787,01:26:54,9307.84,9307.84,3
2025-11-12T01:27:08.210167,01:27:08,9275.91,9275.91,3
2025-11-12T01:27:21.633829,01:27:21,9239.8,9239.8,3
2025-11-12T01:27:34.651737,01:27:34,9209.72,9209.72,3
2025-11-12T01:27:47.604815,01:27:47,9218.32,9218.32,3
2025-11-12T01:28:01.298434,01:28:01,9184.55,9184.55,3
2025-11-12T01:28:14.789272,01:28:14,9059.69,9059.69,3
2025-11-12T01:28:28.381576,01:28:28,8990.48,8990.48,3
2025-11-12T01:28:41.573369,01:28:41,8871.3,8871.3,3
2025-11-12T01:28:54.750048,01:28:54,8885.72,8885.72,3
2025-11-12T01:29:08.038005,01:29:08,8897.47,8897.47,3
2025-11-12T01:29:21.450234,01:29:21,8889.16,8889.16,3
2025-11-12T01:29:34.763762,01:29:34,8897.91,8897.91,3
2025-11-12T01:29:48.152746,01:29:48,8906.8,8906.8,3
2025-11-12T01:30:01.573571,01:30:01,8888.92,8888.92,3
2025-11-12T01:30:14.558011,01:30:14,8825.83,8825.83,3
2025-11-12T01:30:28.151088,01:30:28,8811.39,8811.39,3
2025-11-12T01:30:41.268939,01:30:41,8809.47,8809.47,3
2025-11-12T01:30:54.536952,01:30:54,8736.03,8736.03,3
2025-11-12T01:31:08.021643,01:31:08,8708.57,8708.57,3
2025-11-12T01:31:21.662742,01:31:21,8720.32,8720.32,3
2025-11-12T01:31:34.709474,01:31:34,8692.72,8692.72,3
2025-11-12T01:31:48.363370,01:31:48,8740.2,8740.2,3
2025-11-12T01:32:01.613146,01:32:01,8708.53,8708.53,3
2025-11-12T01:32:14.386630,01:32:14,8652.32,8652.32,3
2025-11-12T01:32:27.428899,01:32:27,8656.05,8656.05,3
2025-11-12T01:32:40.868131,01:32:40,8631.55,8631.55,3
2025-11-12T01:32:53.358993,01:32:53,8618.85,8618.85,3
2025-11-12T01:33:06.850440,01:33:06,8564.24,8564.24,3
2025-11-12T01:33:20.579467,01:33:20,8663.91,8663.91,3
2025-11-12T01:33:33.737760,01:33:33,8770.68,8770.68,3
2025-11-12T01:33:46.925776,01:33:46,8776.87,8776.87,3
2025-11-12T01:33:59.886859,01:33:59,8748.9,8748.9,3
2025-11-12T01:34:12.779318,01:34:12,8754.33,8754.33,3
2025-11-12T01:34:25.834231,01:34:25,8777.09,8777.09,3
2025-11-12T01:34:38.799242,01:34:38,8715.32,8715.32,3
2025-11-12T01:34:52.175418,01:34:52,8690.45,8690.45,3
2025-11-12T01:35:04.939836,01:35:04,8670.45,8670.45,3
2025-11-12T01:35:17.691032,01:35:17,8699.82,8699.82,3
2025-11-12T01:35:30.840395,01:35:30,8694.9,8694.9,3
2025-11-12T01:35:44.262392,01:35:44,8636.67,8636.67,3
2025-11-12T01:35:57.224957,01:35:57,8628.08,8628.08,3
2025-11-12T01:36:10.121352,01:36:10,8632.07,8632.07,3
2025-11-12T01:36:23.429936,01:36:23,8626.17,8626.17,3
2025-11-12T01:36:36.651189,01:36:36,8640.93,8640.93,3
2025-11-12T01:36:49.490245,01:36:49,8688.62,8688.62,3
2025-11-12T01:37:02.888785,01:37:02,8629.88,8629.88,3
2025-11-12T01:37:16.279867,01:37:16,8608.8,8608.8,3
2025-11-12T01:37:29.258787,01:37:29,8547.04,8547.04,3
2025-11-12T01:37:42.503245,01:37:42,8502.82,8502.82,3
2025-11-12T01:37:55.467420,01:37:55,8448.42,8448.42,3
2025-11-12T01:38:08.439077,01:38:08,8472.27,8472.27,3
2025-11-12T01:38:21.636267,01:38:21,8438.53,8438.53,3
2025-11-12T01:38:34.666839,01:38:34,8427.62,8427.62,3
2025-11-12T01:38:47.491824,01:38:47,8368.46,8368.46,3
2025-11-12T01:39:00.794726,01:39:00,8367.76,8367.76,3
2025-11-12T01:39:14.365808,01:39:14,8348.95,8348.95,3
2025-11-12T01:39:27.257501,01:39:27,8226.53,8226.53,3
2025-11-12T01:39:40.293681,01:39:40,8389.03,8389.03,3
2025-11-12T01:39:53.197254,01:39:53,8373.12,8373.12,3
2025-11-12T01:40:06.437769,01:40:06,8373.44,8373.44,3
2025-11-12T01:40:19.111004,01:40:19,8444.59,8444.59,3
2025-11-12T01:40:32.145147,01:40:32,8361.45,8361.45,3
2025-11-12T01:40:45.449196,01:40:45,8341.06,8341.06,3
2025-11-12T01:40:58.380194,01:40:58,8317.69,8317.69,3
2025-11-12T01:41:11.590339,01:41:11,8231.28,8231.28,3
2025-11-12T01:41:24.688999,01:41:24,8391.21,8391.21,3
2025-11-12T01:41:37.844734,01:41:37,8521.93,8521.93,3
2025-11-12T01:41:51.312531,01:41:51,8497.45,8497.45,3
2025-11-12T01:42:04.239988,01:42:04,8566.46,8566.46,3
2025-11-12T01:42:17.209053,01:42:17,8688.73,8688.73,3
2025-11-12T01:42:30.188842,01:42:30,8728.85,8728.85,3
2025-11-12T01:42:42.755761,01:42:42,8658.51,8658.51,3
2025-11-12T01:42:55.811128,01:42:55,8591.34,8591.34,3
2025-11-12T01:43:08.688451,01:43:08,8592.71,8592.71,3
2025-11-12T01:43:21.763133,01:43:21,8522.72,8522.72,3
2025-11-12T01:43:34.532765,01:43:34,8506.69,8506.69,3
2025-11-12T01:43:46.971357,01:43:46,8534.17,8534.17,3
2025-11-12T01:44:00.096009,01:44:00,8581.99,8581.99,3
2025-11-12T01:44:13.570679,01:44:13,8626.0,8626.0,3
2025-11-12T01:44:26.977709,01:44:26,8641.3,8641.3,3
2025-11-12T01:44:40.373594,01:44:40,8682.78,8682.78,3
2025-11-12T01:44:53.358934,01:44:53,8707.23,8707.23,3
2025-11-12T01:45:06.261242,01:45:06,8774.18,8774.18,3
2025-11-12T01:45:19.427633,01:45:19,8945.05,8945.05,3
2025-11-12T01:45:32.668066,01:45:32,8940.27,8940.27,3
2025-11-12T01:45:45.855350,01:45:45,8888.88,8888.88,3
2025-11-12T01:45:59.343985,01:45:59,8868.48,8868.48,3
2025-11-12T01:46:12.701941,01:46:12,8903.27,8903.27,3
2025-11-12T01:46:25.694809,01:46:25,8914.57,8914.57,3
2025-11-12T01:46:38.660753,01:46:38,8790.77,8790.77,3
2025-11-12T01:46:52.301254,01:46:52,8694.54,8694.54,3
2025-11-12T01:47:05.345306,01:47:05,8715.64,8715.64,3
2025-11-12T01:47:18.420824,01:47:18,8756.93,8756.93,3
2025-11-12T01:47:32.104592,01:47:32,8730.66,8730.66,3
2025-11-12T01:47:45.601823,01:47:45,8766.38,8766.38,3
2025-11-12T01:47:58.761972,01:47:58,8807.81,8807.81,3
2025-11-12T01:48:12.464365,01:48:12,8822.57,8822.57,3
2025-11-12T01:48:25.426619,01:48:25,8894.51,8894.51,3
2025-11-12T01:48:37.856898,01:48:37,8924.03,8924.03,3
2025-11-12T01:48:50.805413,01:48:50,8965.45,8965.45,3
2025-11-12T01:49:04.312546,01:49:04,8910.93,8910.93,3
2025-11-12T01:49:17.385404,01:49:17,8912.48,8912.48,3
2025-11-12T01:49:30.247770,01:49:30,8947.94,8947.94,3
2025-11-12T01:49:43.125450,01:49:43,8973.16,8973.16,3
2025-11-12T01:49:56.429355,01:49:56,9002.29,9002.29,3
2025-11-12T01:50:09.596635,01:50:09,9085.89,9085.89,3
2025-11-12T01:50:22.724344,01:50:22,9161.96,9161.96,3
2025-11-12T01:50:35.898144,01:50:35,9158.62,9158.62,3
2025-11-12T01:50:48.882857,01:50:48,9181.44,9181.44,3
2025-11-12T01:51:02.351310,01:51:02,9192.12,9192.12,3
2025-11-12T01:51:15.201945,01:51:15,9213.72,9213.72,3
2025-11-12T01:51:28.196463,01:51:28,9199.4,9199.4,3
2025-11-12T01:51:41.425028,01:51:41,9248.97,9248.97,3
2025-11-12T01:51:54.461830,01:51:54,9245.8,9245.8,3
2025-11-12T01:52:07.529180,01:52:07,9239.17,9239.17,3
2025-11-12T01:52:20.377066,01:52:20,9228.9,9228.9,3
2025-11-12T01:52:33.376858,01:52:33,9198.35,9198.35,3
2025-11-12T01:52:46.723369,01:52:46,9177.49,9177.49,3
2025-11-12T01:52:59.585087,01:52:59,9166.48,9166.48,3
2025-11-12T01:53:12.583990,01:53:12,9216.62,9216.62,3
2025-11-12T01:53:26.090883,01:53:26,9235.81,9235.81,3
2025-11-12T01:53:39.625851,01:53:39,9240.25,9240.25,3
2025-11-12T01:53:52.055814,01:53:52,9255.98,9255.98,3
2025-11-12T01:54:05.113615,01:54:05,9182.64,9182.64,3
2025-11-12T01:54:18.597997,01:54:18,9208.59,9208.59,3
2025-11-12T01:54:31.328958,01:54:31,9240.79,9240.79,3
2025-11-12T01:54:44.634223,01:54:44,9227.86,9227.86,3
2025-11-12T01:54:57.728883,01:54:57,9240.6,9240.6,3
2025-11-12T01:55:11.018180,01:55:11,9220.51,9220.51,3
2025-11-12T01:55:24.208088,01:55:24,9181.77,9181.77,3
2025-11-12T01:55:36.838168,01:55:36,9190.55,9190.55,3
2025-11-12T01:55:50.384795,01:55:50,9112.04,9112.04,3
2025-11-12T01:56:03.603633,01:56:03,9091.26,9091.26,3
2025-11-12T01:56:16.412851,01:56:16,8977.97,8977.97,3
2025-11-12T01:56:29.571404,01:56:29,8889.57,8889.57,3
2025-11-12T01:56:42.864117,01:56:42,8865.55,8865.55,3
2025-11-12T01:56:55.998510,01:56:55,8840.76,8840.76,3
2025-11-12T01:57:09.414496,01:57:09,8754.22,8754.22,3
2025-11-12T01:57:22.710664,01:57:22,8733.46,8733.46,3
2025-11-12T01:57:35.998495,01:57:35,8801.1,8801.1,3
2025-11-12T01:57:49.033457,01:57:49,8862.02,8862.02,3
2025-11-12T01:58:02.006796,01:58:02,8809.31,8809.31,3
2025-11-12T01:58:15.419193,01:58:15,8678.64,8678.64,3
2025-11-12T01:58:28.442466,01:58:28,8618.85,8618.85,3
2025-11-12T01:58:41.678201,01:58:41,8567.56,8567.56,3
2025-11-12T01:58:55.211748,01:58:55,8596.67,8596.67,3
2025-11-12T01:59:08.426864,01:59:08,8630.36,8630.36,3
2025-11-12T01:59:21.495799,01:59:21,8636.03,8636.03,3
2025-11-12T01:59:34.831101,01:59:34,8591.34,8591.34,3
2025-11-12T01:59:48.344239,01:59:48,8588.05,8588.05,3
2025-11-12T02:00:01.440383,02:00:01,8560.56,8560.56,3
2025-11-12T02:00:14.610818,02:00:14,8509.65,8509.65,3
2025-11-12T02:00:26.899648,02:00:26,8471.81,8471.81,3
2025-11-12T02:00:39.805832,02:00:39,8444.44,8444.44,3
2025-11-12T02:00:53.252658,02:00:53,8416.48,8416.48,3
2025-11-12T02:01:06.255026,02:01:06,8417.59,8417.59,3
2025-11-12T02:01:19.604602,02:01:19,8357.26,8357.26,3
2025-11-12T02:01:32.738825,02:01:32,8263.57,8263.57,3
2025-11-12T02:01:45.786818,02:01:45,8327.29,8327.29,3
2025-11-12T02:01:59.384036,02:01:59,8261.06,8261.06,3
2025-11-12T02:02:12.828078,02:02:12,8279.2,8279.2,3
2025-11-12T02:02:26.111921,02:02:26,8315.7,8315.7,3
2025-11-12T02:02:39.458495,02:02:39,8336.68,8336.68,3
2025-11-12T02:02:52.656815,02:02:52,8306.69,8306.69,3
2025-11-12T02:03:05.186485,02:03:05,8258.28,8258.28,3
2025-11-12T02:03:18.635821,02:03:18,8283.2,8283.2,3
2025-11-12T02:03:32.026501,02:03:32,8290.24,8290.24,3
2025-11-12T02:03:45.484139,02:03:45,8178.61,8178.61,3
2025-11-12T02:03:58.377769,02:03:58,8206.96,8206.96,3
2025-11-12T02:04:11.619708,02:04:11,8079.41,8079.41,3
2025-11-12T02:04:25.205330,02:04:25,8035.71,8035.71,3
2025-11-12T02:04:38.656091,02:04:38,8052.34,8052.34,3
2025-11-12T02:04:51.940876,02:04:51,8050.98,8050.98,3
2025-11-12T02:05:05.216007,02:05:05,8034.06,8034.06,3
2025-11-12T02:05:18.039742,02:05:18,8071.59,8071.59,3
2025-11-12T02:05:30.861766,02:05:30,8016.27,8016.27,3
2025-11-12T02:05:43.975532,02:05:43,8087.39,8087.39,3
2025-11-12T02:05:57.285355,02:05:57,8053.53,8053.53,3
2025-11-12T02:06:10.629964,02:06:10,8042.93,8042.93,3
2025-11-12T02:06:23.314890,02:06:23,7963.97,7963.97,3
2025-11-12T02:06:36.414036,02:06:36,7982.98,7982.98,3
2025-11-12T02:06:49.409092,02:06:49,8100.9,8100.9,3
2025-11-12T02:07:02.276400,02:07:02,8086.14,8086.14,3
2025-11-12T02:07:15.495741,02:07:15,8187.58,8187.58,3
2025-11-12T02:07:29.075077,02:07:29,8302.59,8302.59,3
2025-11-12T02:07:42.446967,02:07:42,8271.2,8271.2,3
2025-11-12T02:07:55.582354,02:07:55,8198.29,8198.29,3
2025-11-12T02:08:09.226152,02:08:09,8248.56,8248.56,3
2025-11-12T02:08:22.248782,02:08:22,8203.88,8203.88,3
2025-11-12T02:08:35.400590,02:08:35,8156.51,8156.51,3
2025-11-12T02:08:48.694887,02:08:48,8065.78,8065.78,3
2025-11-12T02:09:01.780527,02:09:01,8008.12,8008.12,3
2025-11-12T02:09:15.127348,02:09:15,8016.66,8016.66,3
2025-11-12T02:09:28.482360,02:09:28,8056.1,8056.1,3
2025-11-12T02:09:41.714646,02:09:41,8113.49,8113.49,3
2025-11-12T02:09:55.177952,02:09:55,8111.97,8111.97,3
2025-11-12T02:10:08.182422,02:10:08,8150.46,8150.46,3
2025-11-12T02:10:21.459124,02:10:21,8204.14,8204.14,3
2025-11-12T02:10:34.554760,02:10:34,8269.71,8269.71,3
2025-11-12T02:10:47.723128,02:10:47,8229.55,8229.55,3
2025-11-12T02:11:01.330278,02:11:01,8212.51,8212.51,3
2025-11-12T02:11:14.596561,02:11:14,8168.49,8168.49,3
2025-11-12T02:11:28.237737,02:11:28,8137.66,8137.66,3
2025-11-12T02:11:41.597335,02:11:41,8174.08,8174.08,3
2025-11-12T02:11:54.610959,02:11:54,8076.57,8076.57,3
2025-11-12T02:12:07.683444,02:12:07,8016.82,8016.82,3
2025-11-12T02:12:21.157680,02:12:21,8023.01,8023.01,3
2025-11-12T02:12:34.554108,02:12:34,8003.66,8003.66,3
2025-11-12T02:12:47.698321,02:12:47,8068.16,8068.16,3
2025-11-12T02:13:00.795243,02:13:00,8095.77,8095.77,3
2025-11-12T02:13:14.317090,02:13:14,8144.95,8144.95,3
2025-11-12T02:13:27.713918,02:13:27,8178.75,8178.75,3
2025-11-12T02:13:41.185636,02:13:41,8168.9,8168.9,3
2025-11-12T02:13:54.334967,02:13:54,8192.28,8192.28,3
2025-11-12T02:14:07.414237,02:14:07,8194.03,8194.03,3
2025-11-12T02:14:21.311712,02:14:21,8138.55,8138.55,3
2025-11-12T02:14:34.421922,02:14:34,8188.52,8188.52,3
2025-11-12T02:14:47.410203,02:14:47,8164.78,8164.78,3
2025-11-12T02:15:00.529386,02:15:00,8110.66,8110.66,3
2025-11-12T02:15:13.662506,02:15:13,8157.18,8157.18,3
2025-11-12T02:15:26.705900,02:15:26,8181.8,8181.8,3
2025-11-12T02:15:39.541995,02:15:39,8178.58,8178.58,3
2025-11-12T02:15:53.161465,02:15:53,8142.49,8142.49,3
2025-11-12T02:16:06.390265,02:16:06,8106.41,8106.41,3
2025-11-12T02:16:20.405294,02:16:20,8002.78,8002.78,3
2025-11-12T02:16:33.312368,02:16:33,8072.44,8072.44,3
2025-11-12T02:16:46.675305,02:16:46,8164.59,8164.59,3
2025-11-12T02:16:59.629453,02:16:59,8104.8,8104.8,3
2025-11-12T02:17:12.573584,02:17:12,8039.56,8039.56,3
2025-11-12T02:17:26.144502,02:17:26,8096.43,8096.43,3
2025-11-12T02:17:39.425586,02:17:39,8251.8,8251.8,3
2025-11-12T02:17:52.483990,02:17:52,8187.0,8187.0,3
2025-11-12T02:18:05.609501,02:18:05,8116.69,8116.69,3
2025-11-12T02:18:18.962438,02:18:18,8090.4,8090.4,3
2025-11-12T02:18:31.823031,02:18:31,8192.44,8192.44,3
2025-11-12T02:18:44.735333,02:18:44,8253.97,8253.97,3
2025-11-12T02:18:58.060845,02:18:58,8246.83,8246.83,3
2025-11-12T02:19:11.326145,02:19:11,8257.61,8257.61,3
2025-11-12T02:19:24.715332,02:19:24,8240.12,8240.12,3
2025-11-12T02:19:37.693167,02:19:37,8181.33,8181.33,3
2025-11-12T02:19:50.853171,02:19:50,8242.97,8242.97,3
2025-11-12T02:20:04.371068,02:20:04,8129.13,8129.13,3
2025-11-12T02:20:16.804467,02:20:16,8102.3,8102.3,3
2025-11-12T02:20:30.318315,02:20:30,8228.15,8228.15,3
2025-11-12T02:20:43.387851,02:20:43,8209.96,8209.96,3
2025-11-12T02:20:56.680421,02:20:56,8115.86,8115.86,3
2025-11-12T02:21:09.941825,02:21:09,8163.71,8163.71,3
2025-11-12T02:21:23.112930,02:21:23,8050.33,8050.33,3
2025-11-12T02:21:36.392142,02:21:36,8061.6,8061.6,3
2025-11-12T02:21:49.553325,02:21:49,8070.03,8070.03,3
2025-11-12T02:22:02.963870,02:22:02,8060.24,8060.24,3
2025-11-12T02:22:16.779538,02:22:16,8028.0,8028.0,3
2025-11-12T02:22:29.809887,02:22:29,8025.19,8025.19,3
2025-11-12T02:22:43.288410,02:22:43,8075.77,8075.77,3
2025-11-12T02:22:56.582274,02:22:56,8118.64,8118.64,3
2025-11-12T02:23:09.607023,02:23:09,8122.97,8122.97,3
2025-11-12T02:23:22.287547,02:23:22,8099.4,8099.4,3
2025-11-12T02:23:35.333640,02:23:35,8098.51,8098.51,3
2025-11-12T02:23:48.434268,02:23:48,8046.09,8046.09,3
2025-11-12T02:24:01.687531,02:24:01,7977.94,7977.94,3
2025-11-12T02:24:14.972414,02:24:14,8044.34,8044.34,3
2025-11-12T02:24:28.332718,02:24:28,8064.9,8064.9,3
2025-11-12T02:24:41.753521,02:24:41,8135.09,8135.09,3
2025-11-12T02:24:54.771691,02:24:54,8199.55,8199.55,3
2025-11-12T02:25:07.725183,02:25:07,8199.57,8199.57,3
2025-11-12T02:25:20.856222,02:25:20,8267.59,8267.59,3
2025-11-12T02:25:33.812040,02:25:33,8173.65,8173.65,3
2025-11-12T02:25:47.623455,02:25:47,8191.16,8191.16,3
2025-11-12T02:26:00.919224,02:26:00,8152.67,8152.67,3
2025-11-12T02:26:13.600730,02:26:13,8236.22,8236.22,3
2025-11-12T02:26:27.258968,02:26:27,8296.68,8296.68,3
2025-11-12T02:26:40.447149,02:26:40,8280.75,8280.75,3
2025-11-12T02:26:53.414018,02:26:53,8261.77,8261.77,3
2025-11-12T02:27:07.024739,02:27:07,8224.35,8224.35,3
2025-11-12T02:27:20.421321,02:27:20,8183.66,8183.66,3
2025-11-12T02:27:33.539339,02:27:33,8143.24,8143.24,3
2025-11-12T02:27:46.647742,02:27:46,8172.48,8172.48,3
2025-11-12T02:27:59.692969,02:27:59,8205.14,8205.14,3
2025-11-12T02:28:12.212195,02:28:12,8187.58,8187.58,3
2025-11-12T02:28:24.660797,02:28:24,8143.65,8143.65,3
2025-11-12T02:28:37.763800,02:28:37,8185.76,8185.76,3
2025-11-12T02:28:50.516395,02:28:50,8148.72,8148.72,3
2025-11-12T02:29:03.949812,02:29:03,8173.29,8173.29,3
2025-11-12T02:29:17.253495,02:29:17,8059.05,8059.05,3
2025-11-12T02:29:30.548356,02:29:30,8088.9,8088.9,3
2025-11-12T02:29:43.571587,02:29:43,8099.94,8099.94,3
2025-11-12T02:29:56.708383,02:29:56,8165.25,8165.25,3
2025-11-12T02:30:09.717492,02:30:09,8309.91,8309.91,3
2025-11-12T02:30:22.898642,02:30:22,8231.04,8231.04,3
2025-11-12T02:30:36.190345,02:30:36,8212.05,8212.05,3
2025-11-12T02:30:49.298087,02:30:49,8292.57,8292.57,3
2025-11-12T02:31:02.305695,02:31:02,8310.57,8310.57,3
2025-11-12T02:31:15.675415,02:31:15,8294.04,8294.04,3
2025-11-12T02:31:28.825920,02:31:28,8142.14,8142.14,3
2025-11-12T02:31:42.053695,02:31:42,8059.16,8059.16,3
2025-11-12T02:31:55.303415,02:31:55,8015.59,8015.59,3
2025-11-12T02:32:08.136665,02:32:08,7919.93,7919.93,3
2025-11-12T02:32:21.624145,02:32:21,7928.76,7928.76,3
2025-11-12T02:32:35.290495,02:32:35,8002.79,8002.79,3
2025-11-12T02:32:47.702939,02:32:47,7891.31,7891.31,3
2025-11-12T02:33:00.770640,02:33:00,7933.37,7933.37,3
2025-11-12T02:33:14.042487,02:33:14,7959.45,7959.45,3
2025-11-12T02:33:27.302745,02:33:27,7845.21,7845.21,3
2025-11-12T02:33:40.306648,02:33:40,7914.9,7914.9,3
2025-11-12T02:33:53.214848,02:33:53,7996.22,7996.22,3
2025-11-12T02:34:06.204094,02:34:06,7968.83,7968.83,3
2025-11-12T02:34:19.419549,02:34:19,8058.62,8058.62,3
2025-11-12T02:34:32.069596,02:34:32,8171.08,8171.08,3
2025-11-12T02:34:45.142414,02:34:45,8118.88,8118.88,3
2025-11-12T02:34:58.616871,02:34:58,8090.2,8090.2,3
2025-11-12T02:35:11.559241,02:35:11,8110.94,8110.94,3
2025-11-12T02:35:25.231951,02:35:25,8019.7,8019.7,3
2025-11-12T02:35:38.378724,02:35:38,7989.87,7989.87,3
2025-11-12T02:35:51.643862,02:35:51,8011.62,8011.62,3
2025-11-12T02:36:04.614729,02:36:04,7975.99,7975.99,3
2025-11-12T02:36:17.897762,02:36:17,7952.91,7952.91,3
2025-11-12T02:36:30.836889,02:36:30,7933.27,7933.27,3
2025-11-12T02:36:44.734964,02:36:44,7913.64,7913.64,3
2025-11-12T02:36:58.163661,02:36:58,7894.21,7894.21,3
2025-11-12T02:37:11.415562,02:37:11,7908.57,7908.57,3
2025-11-12T02:37:24.626405,02:37:24,7931.28,7931.28,3
2025-11-12T02:37:37.714850,02:37:37,7935.83,7935.83,3
2025-11-12T02:37:51.242825,02:37:51,7988.63,7988.63,3
2025-11-12T02:38:04.455176,02:38:04,7918.79,7918.79,3
2025-11-12T02:38:18.107561,02:38:18,7982.29,7982.29,3
2025-11-12T02:38:31.631819,02:38:31,7977.18,7977.18,3
2025-11-12T02:38:44.793656,02:38:44,8028.3,8028.3,3
2025-11-12T02:38:58.390020,02:38:58,8072.27,8072.27,3
2025-11-12T02:39:11.582220,02:39:11,8326.84,8326.84,3
2025-11-12T02:39:25.456140,02:39:25,8362.1,8362.1,3
2025-11-12T02:39:38.410621,02:39:38,8310.33,8310.33,3
2025-11-12T02:39:51.751426,02:39:51,8317.07,8317.07,3
2025-11-12T02:40:05.393665,02:40:05,8326.6,8326.6,3
2025-11-12T02:40:18.498437,02:40:18,8400.51,8400.51,3
2025-11-12T02:40:31.619211,02:40:31,8489.0,8489.0,3
2025-11-12T02:40:44.561881,02:40:44,8566.33,8566.33,3
2025-11-12T02:40:57.715961,02:40:57,8576.44,8576.44,3
2025-11-12T02:41:11.428459,02:41:11,8612.49,8612.49,3
2025-11-12T02:41:24.722467,02:41:24,8724.58,8724.58,3
2025-11-12T02:41:38.393697,02:41:38,8722.76,8722.76,3
2025-11-12T02:41:51.532743,02:41:51,8722.92,8722.92,3
2025-11-12T02:42:04.269696,02:42:04,8691.74,8691.74,3
2025-11-12T02:42:17.300416,02:42:17,8558.09,8558.09,3
2025-11-12T02:42:30.458044,02:42:30,8502.68,8502.68,3
2025-11-12T02:42:43.734888,02:42:43,8466.32,8466.32,3
2025-11-12T02:42:57.336972,02:42:57,8477.66,8477.66,3
2025-11-12T02:43:10.709879,02:43:10,8524.11,8524.11,3
2025-11-12T02:43:23.652208,02:43:23,8498.95,8498.95,3
2025-11-12T02:43:37.139347,02:43:37,8462.82,8462.82,3
2025-11-12T02:43:50.522387,02:43:50,8493.61,8493.61,3
2025-11-12T02:44:03.758961,02:44:03,8495.06,8495.06,3
2025-11-12T02:44:17.154175,02:44:17,8606.23,8606.23,3
2025-11-12T02:44:30.436481,02:44:30,8547.11,8547.11,3
2025-11-12T02:44:43.746324,02:44:43,8518.07,8518.07,3
2025-11-12T02:44:57.501447,02:44:57,8548.99,8548.99,3
2025-11-12T02:45:10.266073,02:45:10,8555.29,8555.29,3
2025-11-12T02:45:23.143804,02:45:23,8652.15,8652.15,3
2025-11-12T02:45:36.926407,02:45:36,8690.6,8690.6,3
2025-11-12T02:45:50.786358,02:45:50,8638.31,8638.31,3
2025-11-12T02:46:03.871699,02:46:03,8624.64,8624.64,3
2025-11-12T02:46:16.698517,02:46:16,8591.65,8591.65,3
2025-11-12T02:46:29.570940,02:46:29,8582.64,8582.64,3
2025-11-12T02:46:42.708972,02:46:42,8546.24,8546.24,3
2025-11-12T02:46:56.379024,02:46:56,8453.69,8453.69,3
2025-11-12T02:47:09.363583,02:47:09,8387.61,8387.61,3
2025-11-12T02:47:22.491563,02:47:22,8389.71,8389.71,3
2025-11-12T02:47:35.752604,02:47:35,8447.1,8447.1,3
2025-11-12T02:47:49.432646,02:47:49,8382.97,8382.97,3
2025-11-12T02:48:02.354721,02:48:02,8353.78,8353.78,3
2025-11-12T02:48:15.592855,02:48:15,8333.91,8333.91,3
2025-11-12T02:48:29.115154,02:48:29,8329.17,8329.17,3
2025-11-12T02:48:42.197012,02:48:42,8382.33,8382.33,3
2025-11-12T02:48:55.498390,02:48:55,8402.71,8402.71,3
2025-11-12T02:49:08.535516,02:49:08,8426.33,8426.33,3
2025-11-12T02:49:21.681048,02:49:21,8432.76,8432.76,3
2025-11-12T02:49:35.221895,02:49:35,8486.6,8486.6,3
2025-11-12T02:49:48.371900,02:49:48,8422.02,8422.02,3
2025-11-12T02:50:01.309682,02:50:01,8388.74,8388.74,3
2025-11-12T02:50:14.831793,02:50:14,8412.62,8412.62,3
2025-11-12T02:50:28.263242,02:50:28,8459.37,8459.37,3
2025-11-12T02:50:41.324741,02:50:41,8459.68,8459.68,3
2025-11-12T02:50:54.181596,02:50:54,8465.63,8465.63,3
2025-11-12T02:51:06.627093,02:51:06,8475.33,8475.33,3
2025-11-12T02:51:20.142637,02:51:20,8479.42,8479.42,3
2025-11-12T02:51:33.387972,02:51:33,8479.71,8479.71,3
2025-11-12T02:51:46.403637,02:51:46,8478.85,8478.85,3
2025-11-12T02:51:59.644846,02:51:59,8458.38,8458.38,3
2025-11-12T02:52:12.749661,02:52:12,8410.44,8410.44,3
2025-11-12T02:52:25.738506,02:52:25,8401.25,8401.25,3
2025-11-12T02:52:39.296322,02:52:39,8411.34,8411.34,3
2025-11-12T02:52:53.112577,02:52:53,8424.45,8424.45,3
2025-11-12T02:53:06.425780,02:53:06,8375.07,8375.07,3
2025-11-12T02:53:19.558769,02:53:19,8368.13,8368.13,3
2025-11-12T02:53:33.013145,02:53:33,8369.66,8369.66,3
2025-11-12T02:53:46.177955,02:53:46,8401.39,8401.39,3
2025-11-12T02:53:59.456244,02:53:59,8405.09,8405.09,3
2025-11-12T02:54:12.757676,02:54:12,8391.14,8391.14,3
2025-11-12T02:54:25.621919,02:54:25,8411.93,8411.93,3
2025-11-12T02:54:38.848231,02:54:38,8413.89,8413.89,3
2025-11-12T02:54:52.356429,02:54:52,8415.52,8415.52,3
2025-11-12T02:55:05.269933,02:55:05,8377.86,8377.86,3
2025-11-12T02:55:18.495477,02:55:18,8369.66,8369.66,3
2025-11-12T02:55:31.749475,02:55:31,8249.64,8249.64,3
2025-11-12T02:55:45.411875,02:55:45,8213.42,8213.42,3
2025-11-12T02:55:58.515672,02:55:58,8167.42,8167.42,3
2025-11-12T02:56:11.237686,02:56:11,8113.95,8113.95,3
2025-11-12T02:56:24.572218,02:56:24,8138.2,8138.2,3
2025-11-12T02:56:37.641692,02:56:37,8196.54,8196.54,3
2025-11-12T02:56:50.592474,02:56:50,8232.74,8232.74,3
2025-11-12T02:57:03.613149,02:57:03,8247.9,8247.9,3
2025-11-12T02:57:16.696434,02:57:16,8251.52,8251.52,3
2025-11-12T02:57:29.682006,02:57:29,8262.09,8262.09,3
2025-11-12T02:57:43.011986,02:57:43,8265.52,8265.52,3
2025-11-12T02:57:56.519862,02:57:56,8276.42,8276.42,3
2025-11-12T02:58:09.581823,02:58:09,8274.41,8274.41,3
2025-11-12T02:58:22.891509,02:58:22,8288.14,8288.14,3
2025-11-12T02:58:36.516072,02:58:36,8286.14,8286.14,3
2025-11-12T02:58:49.724234,02:58:49,8258.98,8258.98,3
2025-11-12T02:59:02.812990,02:59:02,8251.95,8251.95,3
2025-11-12T02:59:16.334391,02:59:16,8255.81,8255.81,3
2025-11-12T02:59:29.461486,02:59:29,8233.25,8233.25,3
2025-11-12T02:59:42.494994,02:59:42,8161.65,8161.65,3
2025-11-12T02:59:55.704216,02:59:55,8149.66,8149.66,3
2025-11-12T03:00:09.327976,03:00:09,8147.62,8147.62,3
2025-11-12T03:00:22.634439,03:00:22,8142.88,8142.88,3
2025-11-12T03:00:36.350340,03:00:36,8041.66,8041.66,3
2025-11-12T03:00:49.473377,03:00:49,8056.12,8056.12,3
2025-11-12T03:01:02.783423,03:01:02,8021.97,8021.97,3
2025-11-12T03:01:16.391204,03:01:16,7934.8,7934.8,3
2025-11-12T03:01:29.231498,03:01:29,7931.29,7931.29,3
2025-11-12T03:01:42.157459,03:01:42,7960.09,7960.09,3
2025-11-12T03:01:55.547250,03:01:55,7922.05,7922.05,3
2025-11-12T03:02:08.840002,03:02:08,7923.69,7923.69,3
2025-11-12T03:02:22.188986,03:02:22,7937.0,7937.0,3
2025-11-12T03:02:35.011781,03:02:35,7932.73,7932.73,3
2025-11-12T03:02:47.660901,03:02:47,7910.28,7910.28,3
2025-11-12T03:03:00.703991,03:03:00,7871.18,7871.18,3
2025-11-12T03:03:13.271874,03:03:13,7938.83,7938.83,3
2025-11-12T03:03:26.236438,03:03:26,7919.78,7919.78,3
2025-11-12T03:03:39.483702,03:03:39,7954.8,7954.8,3
2025-11-12T03:03:52.772099,03:03:52,7910.32,7910.32,3
2025-11-12T03:04:05.869441,03:04:05,7965.17,7965.17,3
2025-11-12T03:04:18.205029,03:04:18,7905.83,7905.83,3
2025-11-12T03:04:31.414738,03:04:31,8023.88,8023.88,3
2025-11-12T03:04:44.808295,03:04:44,8013.28,8013.28,3
2025-11-12T03:04:58.071438,03:04:58,7890.32,7890.32,3
2025-11-12T03:05:11.189857,03:05:11,7866.09,7866.09,3
2025-11-12T03:05:24.502181,03:05:24,7850.49,7850.49,3
2025-11-12T03:05:37.395783,03:05:37,7848.62,7848.62,3
2025-11-12T03:05:50.383609,03:05:50,7894.95,7894.95,3
2025-11-12T03:06:03.470482,03:06:03,7879.7,7879.7,3
2025-11-12T03:06:17.146271,03:06:17,7839.51,7839.51,3
2025-11-12T03:06:29.731224,03:06:29,7685.07,7685.07,3
2025-11-12T03:06:43.577907,03:06:43,7805.34,7805.34,3
2025-11-12T03:06:56.419727,03:06:56,7852.99,7852.99,3
2025-11-12T03:07:09.804545,03:07:09,8008.8,8008.8,3
2025-11-12T03:07:22.871035,03:07:22,7883.92,7883.92,3
2025-11-12T03:07:35.706978,03:07:35,7880.4,7880.4,3
2025-11-12T03:07:48.678747,03:07:48,7794.91,7794.91,3
2025-11-12T03:08:01.457866,03:08:01,7732.61,7732.61,3
2025-11-12T03:08:14.671459,03:08:14,7729.7,7729.7,3
2025-11-12T03:08:28.383413,03:08:28,7726.83,7726.83,3
2025-11-12T03:08:41.397712,03:08:41,7786.4,7786.4,3
2025-11-12T03:08:54.607169,03:08:54,7639.16,7639.16,3
2025-11-12T03:09:07.596485,03:09:07,7747.65,7747.65,3
2025-11-12T03:09:20.621911,03:09:20,7639.14,7639.14,3
2025-11-12T03:09:34.006654,03:09:34,7593.74,7593.74,3
2025-11-12T03:09:47.473090,03:09:47,7587.41,7587.41,3
2025-11-12T03:10:00.943879,03:10:00,7599.42,7599.42,3
2025-11-12T03:10:14.477792,03:10:14,7633.85,7633.85,3
2025-11-12T03:10:27.989080,03:10:27,7601.15,7601.15,3
2025-11-12T03:10:41.114487,03:10:41,7643.47,7643.47,3
2025-11-12T03:10:54.183973,03:10:54,7665.35,7665.35,3
2025-11-12T03:11:07.215358,03:11:07,7633.64,7633.64,3
2025-11-12T03:11:20.741215,03:11:20,7623.49,7623.49,3
2025-11-12T03:11:33.641500,03:11:33,7736.51,7736.51,3
2025-11-12T03:11:46.156022,03:11:46,7621.94,7621.94,3
2025-11-12T03:11:59.258597,03:11:59,7612.99,7612.99,3
2025-11-12T03:12:12.605405,03:12:12,7655.17,7655.17,3
2025-11-12T03:12:25.647198,03:12:25,7644.09,7644.09,3
2025-11-12T03:12:38.734266,03:12:38,7675.14,7675.14,3
2025-11-12T03:12:51.486661,03:12:51,7650.21,7650.21,3
2025-11-12T03:13:04.897985,03:13:04,7641.7,7641.7,3
2025-11-12T03:13:18.559327,03:13:18,7629.89,7629.89,3
2025-11-12T03:13:32.509795,03:13:32,7586.44,7586.44,3
2025-11-12T03:13:45.537148,03:13:45,7583.74,7583.74,3
2025-11-12T03:13:58.718567,03:13:58,7637.79,7637.79,3
2025-11-12T03:14:11.814410,03:14:11,7662.53,7662.53,3
2025-11-12T03:14:25.263989,03:14:25,7641.58,7641.58,3
2025-11-12T03:14:37.893495,03:14:37,7638.28,7638.28,3
2025-11-12T03:14:50.663655,03:14:50,7702.04,7702.04,3
2025-11-12T03:15:04.225681,03:15:04,7756.98,7756.98,3
2025-11-12T03:15:17.141496,03:15:17,7784.78,7784.78,3
2025-11-12T03:15:29.996132,03:15:29,7841.84,7841.84,3
2025-11-12T03:15:43.170573,03:15:43,7869.29,7869.29,3
2025-11-12T03:15:56.347581,03:15:56,7746.53,7746.53,3
2025-11-12T03:16:09.383624,03:16:09,7719.66,7719.66,3
2025-11-12T03:16:22.671083,03:16:22,7753.79,7753.79,3
2025-11-12T03:16:35.915820,03:16:35,7687.85,7687.85,3
2025-11-12T03:16:49.592928,03:16:49,7695.61,7695.61,3
2025-11-12T03:17:02.680487,03:17:02,7700.78,7700.78,3
2025-11-12T03:17:15.573951,03:17:15,7744.24,7744.24,3
2025-11-12T03:17:28.818275,03:17:28,7782.52,7782.52,3
2025-11-12T03:17:41.860980,03:17:41,7789.44,7789.44,3
2025-11-12T03:17:55.250353,03:17:55,7775.74,7775.74,3
2025-11-12T03:18:08.461830,03:18:08,7741.93,7741.93,3
2025-11-12T03:18:21.388934,03:18:21,7746.58,7746.58,3
2025-11-12T03:18:35.028238,03:18:35,7774.65,7774.65,3
2025-11-12T03:18:47.860777,03:18:47,7746.68,7746.68,3
2025-11-12T03:19:01.693346,03:19:01,7741.32,7741.32,3
2025-11-12T03:19:15.230110,03:19:15,7732.19,7732.19,3
2025-11-12T03:19:28.764745,03:19:28,7758.52,7758.52,3
2025-11-12T03:19:42.268495,03:19:42,7719.69,7719.69,3
2025-11-12T03:19:55.326765,03:19:55,7662.52,7662.52,3
2025-11-12T03:20:08.455554,03:20:08,7739.73,7739.73,3
2025-11-12T03:20:21.655075,03:20:21,7737.4,7737.4,3
2025-11-12T03:20:34.661960,03:20:34,7691.05,7691.05,3
2025-11-12T03:20:47.493138,03:20:47,7679.2,7679.2,3
2025-11-12T03:21:01.357420,03:21:01,7654.04,7654.04,3
2025-11-12T03:21:14.606548,03:21:14,7652.93,7652.93,3
2025-11-12T03:21:27.700809,03:21:27,7643.91,7643.91,3
2025-11-12T03:21:40.413699,03:21:40,7633.54,7633.54,3
2025-11-12T03:21:53.921549,03:21:53,7611.63,7611.63,3
2025-11-12T03:22:06.895989,03:22:06,7629.18,7629.18,3
2025-11-12T03:22:20.414957,03:22:20,7638.52,7638.52,3
2025-11-12T03:22:33.807518,03:22:33,7642.16,7642.16,3
2025-11-12T03:22:47.140935,03:22:47,7676.27,7676.27,3
2025-11-12T03:23:00.362614,03:23:00,7887.98,7887.98,3
2025-11-12T03:23:13.687634,03:23:13,7879.64,7879.64,3
2025-11-12T03:23:26.697384,03:23:26,8117.07,8117.07,3
2025-11-12T03:23:39.772508,03:23:39,8135.16,8135.16,3
2025-11-12T03:23:53.104826,03:23:53,8084.36,8084.36,3
2025-11-12T03:24:05.783603,03:24:05,8061.62,8061.62,3
2025-11-12T03:24:18.782792,03:24:18,8130.93,8130.93,3
2025-11-12T03:24:31.408744,03:24:31,8159.46,8159.46,3
2025-11-12T03:24:44.756452,03:24:44,8127.35,8127.35,3
2025-11-12T03:24:58.395496,03:24:58,8107.99,8107.99,3
2025-11-12T03:25:11.501286,03:25:11,8108.22,8108.22,3
2025-11-12T03:25:24.770976,03:25:24,8138.96,8138.96,3
2025-11-12T03:25:38.164098,03:25:38,8145.67,8145.67,3
2025-11-12T03:25:51.192568,03:25:51,8181.79,8181.79,3
2025-11-12T03:26:04.116799,03:26:04,8170.11,8170.11,3
2025-11-12T03:26:17.353970,03:26:17,8152.46,8152.46,3
2025-11-12T03:26:30.271344,03:26:30,8110.03,8110.03,3
2025-11-12T03:26:43.528488,03:26:43,8161.75,8161.75,3
2025-11-12T03:26:56.815983,03:26:56,8202.74,8202.74,3
2025-11-12T03:27:10.122112,03:27:10,8280.6,8280.6,3
2025-11-12T03:27:23.466257,03:27:23,8339.84,8339.84,3
2025-11-12T03:27:36.829634,03:27:36,8359.82,8359.82,3
2025-11-12T03:27:49.952231,03:27:49,8320.72,8320.72,3
2025-11-12T03:28:03.083467,03:28:03,8206.79,8206.79,3
2025-11-12T03:28:16.184076,03:28:16,8082.87,8082.87,3
2025-11-12T03:28:28.671980,03:28:28,8137.42,8137.42,3
2025-11-12T03:28:41.696717,03:28:41,8144.81,8144.81,3
2025-11-12T03:28:54.626072,03:28:54,8158.37,8158.37,3
2025-11-12T03:29:07.653809,03:29:07,8169.9,8169.9,3
2025-11-12T03:29:20.503428,03:29:20,8145.87,8145.87,3
2025-11-12T03:29:33.835953,03:29:33,8024.61,8024.61,3
2025-11-12T03:29:47.442128,03:29:47,7973.42,7973.42,3
2025-11-12T03:30:00.845380,03:30:00,7960.03,7960.03,3
2025-11-12T03:30:14.343082,03:30:14,7866.82,7866.82,3
2025-11-12T03:30:28.071475,03:30:28,7819.39,7819.39,3
2025-11-12T03:30:41.231413,03:30:41,7772.23,7772.23,3
2025-11-12T03:30:54.525029,03:30:54,7726.98,7726.98,3
2025-11-12T03:31:07.683065,03:31:07,7753.7,7753.7,3
2025-11-12T03:31:20.592412,03:31:20,7697.38,7697.38,3
2025-11-12T03:31:33.798285,03:31:33,7705.5,7705.5,3
2025-11-12T03:31:47.077305,03:31:47,7738.21,7738.21,3
2025-11-12T03:32:00.264907,03:32:00,7771.5,7771.5,3
2025-11-12T03:32:13.478569,03:32:13,7760.84,7760.84,3
2025-11-12T03:32:26.452589,03:32:26,7764.27,7764.27,3
2025-11-12T03:32:40.166069,03:32:40,7771.19,7771.19,3
2025-11-12T03:32:53.386796,03:32:53,7772.11,7772.11,3
2025-11-12T03:33:06.442712,03:33:06,7791.74,7791.74,3
2025-11-12T03:33:19.369323,03:33:19,7910.76,7910.76,3
2025-11-12T03:33:32.514632,03:33:32,7899.55,7899.55,3
2025-11-12T03:33:45.624417,03:33:45,7921.95,7921.95,3
2025-11-12T03:33:59.086326,03:33:59,7947.43,7947.43,3
2025-11-12T03:34:12.200887,03:34:12,7927.95,7927.95,3
2025-11-12T03:34:24.870272,03:34:24,7928.85,7928.85,3
2025-11-12T03:34:37.931532,03:34:37,7907.97,7907.97,3
2025-11-12T03:34:50.701291,03:34:50,7926.44,7926.44,3
2025-11-12T03:35:03.753246,03:35:03,7953.05,7953.05,3
2025-11-12T03:35:16.660196,03:35:16,7938.17,7938.17,3
2025-11-12T03:35:29.476648,03:35:29,7995.46,7995.46,3
2025-11-12T03:35:42.272636,03:35:42,8007.86,8007.86,3
2025-11-12T03:35:55.734174,03:35:55,8038.67,8038.67,3
2025-11-12T03:36:08.427730,03:36:08,8047.38,8047.38,3
2025-11-12T03:36:21.442125,03:36:21,7935.85,7935.85,3
2025-11-12T03:36:34.481927,03:36:34,7999.43,7999.43,3
2025-11-12T03:36:47.472900,03:36:47,8011.89,8011.89,3
2025-11-12T03:37:00.243898,03:37:00,8000.79,8000.79,3
2025-11-12T03:37:13.333602,03:37:13,8011.08,8011.08,3
2025-11-12T03:37:25.995153,03:37:25,7973.84,7973.84,3
2025-11-12T03:37:39.490078,03:37:39,7980.16,7980.16,3
2025-11-12T03:37:52.159057,03:37:52,7975.58,7975.58,3
2025-11-12T03:38:05.501672,03:38:05,7956.7,7956.7,3
2025-11-12T03:38:19.180151,03:38:19,7883.25,7883.25,3
2025-11-12T03:38:32.406558,03:38:32,7880.28,7880.28,3
2025-11-12T03:38:46.357901,03:38:46,7884.41,7884.41,3
2025-11-12T03:38:59.521988,03:38:59,7875.93,7875.93,3
2025-11-12T03:39:12.782610,03:39:12,7971.12,7971.12,3
2025-11-12T03:39:25.698439,03:39:25,7963.38,7963.38,3
2025-11-12T03:39:38.519422,03:39:38,7965.15,7965.15,3
2025-11-12T03:39:51.296153,03:39:51,7968.08,7968.08,3
2025-11-12T03:40:03.866568,03:40:03,7981.55,7981.55,3
2025-11-12T03:40:17.038641,03:40:17,8031.07,8031.07,3
2025-11-12T03:40:30.206885,03:40:30,8047.52,8047.52,3
2025-11-12T03:40:43.675338,03:40:43,8100.29,8100.29,3
2025-11-12T03:40:56.295648,03:40:56,8182.18,8182.18,3
2025-11-12T03:41:09.910860,03:41:09,8210.35,8210.35,3
2025-11-12T03:41:23.123808,03:41:23,8294.09,8294.09,3
2025-11-12T03:41:36.452102,03:41:36,8353.4,8353.4,3
2025-11-12T03:41:49.770051,03:41:49,8381.63,8381.63,3
2025-11-12T03:42:03.335579,03:42:03,8418.66,8418.66,3
2025-11-12T03:42:16.554266,03:42:16,8364.65,8364.65,3
2025-11-12T03:42:29.495777,03:42:29,8333.59,8333.59,3
2025-11-12T03:42:42.759140,03:42:42,8390.02,8390.02,3
2025-11-12T03:42:56.389536,03:42:56,8450.61,8450.61,3
2025-11-12T03:43:09.826533,03:43:09,8436.12,8436.12,3
2025-11-12T03:43:23.323602,03:43:23,8417.58,8417.58,3
2025-11-12T03:43:36.664655,03:43:36,8430.77,8430.77,3
2025-11-12T03:43:49.864357,03:43:49,8407.09,8407.09,3
2025-11-12T03:44:03.429552,03:44:03,8373.04,8373.04,3
2025-11-12T03:44:16.446888,03:44:16,8389.95,8389.95,3
2025-11-12T03:44:29.425693,03:44:29,8363.26,8363.26,3
2025-11-12T03:44:42.541998,03:44:42,8387.62,8387.62,3
2025-11-12T03:44:55.972244,03:44:55,8379.54,8379.54,3
2025-11-12T03:45:09.363564,03:45:09,8280.69,8280.69,3
2025-11-12T03:45:22.391580,03:45:22,8232.09,8232.09,3
2025-11-12T03:45:35.862879,03:45:35,8180.9,8180.9,3
2025-11-12T03:45:49.179143,03:45:49,8131.28,8131.28,3
2025-11-12T03:46:02.510156,03:46:02,8071.73,8071.73,3
2025-11-12T03:46:15.862513,03:46:15,8061.82,8061.82,3
2025-11-12T03:46:29.320449,03:46:29,8086.91,8086.91,3
2025-11-12T03:46:42.698141,03:46:42,8218.81,8218.81,3
2025-11-12T03:46:55.671352,03:46:55,8243.22,8243.22,3
2025-11-12T03:47:08.247127,03:47:08,8246.02,8246.02,3
2025-11-12T03:47:21.276431,03:47:21,8225.38,8225.38,3
2025-11-12T03:47:34.480816,03:47:34,8184.15,8184.15,3
2025-11-12T03:47:47.255548,03:47:47,8173.23,8173.23,3
2025-11-12T03:47:59.960454,03:47:59,8238.09,8238.09,3
2025-11-12T03:48:13.598374,03:48:13,8186.87,8186.87,3
2025-11-12T03:48:26.621056,03:48:26,8263.73,8263.73,3
2025-11-12T03:48:39.479479,03:48:39,8304.17,8304.17,3
2025-11-12T03:48:52.475017,03:48:52,8301.26,8301.26,3
2025-11-12T03:49:05.634136,03:49:05,8243.66,8243.66,3
2025-11-12T03:49:18.736638,03:49:18,8285.59,8285.59,3
2025-11-12T03:49:31.684983,03:49:31,8227.89,8227.89,3
2025-11-12T03:49:45.118462,03:49:45,8226.98,8226.98,3
2025-11-12T03:49:58.358305,03:49:58,8447.1,8447.1,3
2025-11-12T03:50:11.816955,03:50:11,8488.49,8488.49,3
2025-11-12T03:50:24.545287,03:50:24,8439.45,8439.45,3
2025-11-12T03:50:37.726620,03:50:37,8392.5,8392.5,3
2025-11-12T03:50:50.713871,03:50:50,8370.61,8370.61,3
2025-11-12T03:51:03.737107,03:51:03,8392.52,8392.52,3
2025-11-12T03:51:17.294941,03:51:17,8430.11,8430.11,3
2025-11-12T03:51:30.728018,03:51:30,8372.81,8372.81,3
2025-11-12T03:51:44.626933,03:51:44,8333.84,8333.84,3
2025-11-12T03:51:58.076147,03:51:58,8357.83,8357.83,3
2025-11-12T03:52:11.302101,03:52:11,8447.04,8447.04,3
2025-11-12T03:52:24.476745,03:52:24,8504.92,8504.92,3
2025-11-12T03:52:37.457539,03:52:37,8474.05,8474.05,3
2025-11-12T03:52:50.624919,03:52:50,8491.95,8491.95,3
2025-11-12T03:53:03.654344,03:53:03,8488.04,8488.04,3
2025-11-12T03:53:17.145530,03:53:17,8575.22,8575.22,3
2025-11-12T03:53:30.716676,03:53:30,8551.59,8551.59,3
2025-11-12T03:53:44.114303,03:53:44,8581.41,8581.41,3
2025-11-12T03:53:57.592353,03:53:57,8554.66,8554.66,3
2025-11-12T03:54:10.859563,03:54:10,8546.26,8546.26,3
2025-11-12T03:54:24.568662,03:54:24,8609.52,8609.52,3
2025-11-12T03:54:37.718432,03:54:37,8611.39,8611.39,3
2025-11-12T03:54:50.757700,03:54:50,8644.19,8644.19,3
2025-11-12T03:55:04.433172,03:55:04,8631.41,8631.41,3
2025-11-12T03:55:17.596332,03:55:17,8516.91,8516.91,3
2025-11-12T03:55:30.890670,03:55:30,8529.56,8529.56,3
2025-11-12T03:55:44.324744,03:55:44,8502.42,8502.42,3
2025-11-12T03:55:57.766379,03:55:57,8488.14,8488.14,3
2025-11-12T03:56:11.236823,03:56:11,8495.76,8495.76,3
2025-11-12T03:56:24.750826,03:56:24,8500.23,8500.23,3
2025-11-12T03:56:38.251029,03:56:38,8459.67,8459.67,3
2025-11-12T03:56:51.793308,03:56:51,8420.78,8420.78,3
2025-11-12T03:57:05.514313,03:57:05,8363.44,8363.44,3
2025-11-12T03:57:18.394385,03:57:18,8482.79,8482.79,3
2025-11-12T03:57:32.439459,03:57:32,8599.37,8599.37,3
2025-11-12T03:57:45.604104,03:57:45,8598.01,8598.01,3
2025-11-12T03:57:58.770637,03:57:58,8612.33,8612.33,3
2025-11-12T03:58:12.231473,03:58:12,8647.98,8647.98,3
2025-11-12T03:58:25.500113,03:58:25,8662.62,8662.62,3
2025-11-12T03:58:38.815351,03:58:38,8673.74,8673.74,3
2025-11-12T03:58:52.420443,03:58:52,8666.27,8666.27,3
2025-11-12T03:59:05.634528,03:59:05,8628.9,8628.9,3
2025-11-12T03:59:19.028555,03:59:19,8598.52,8598.52,3
2025-11-12T03:59:32.507630,03:59:32,8657.24,8657.24,3
2025-11-12T03:59:45.698901,03:59:45,8654.93,8654.93,3
2025-11-12T03:59:58.626317,03:59:58,8609.48,8609.48,3
2025-11-12T04:00:12.228157,04:00:12,8652.55,8652.55,3
2025-11-12T04:00:25.341685,04:00:25,8615.34,8615.34,3
2025-11-12T04:00:38.637040,04:00:38,8618.03,8618.03,3
2025-11-12T04:00:51.791228,04:00:51,8616.98,8616.98,3
2025-11-12T04:01:04.624776,04:01:04,8598.04,8598.04,3
2025-11-12T04:01:17.678844,04:01:17,8627.25,8627.25,3
2025-11-12T04:01:31.023998,04:01:31,8622.16,8622.16,3
2025-11-12T04:01:44.239093,04:01:44,8559.6,8559.6,3
2025-11-12T04:01:57.693855,04:01:57,8489.86,8489.86,3
2025-11-12T04:02:11.462521,04:02:11,8483.77,8483.77,3
2025-11-12T04:02:24.576519,04:02:24,8560.97,8560.97,3
2025-11-12T04:02:37.692715,04:02:37,8544.3,8544.3,3
2025-11-12T04:02:50.693297,04:02:50,8550.05,8550.05,3
2025-11-12T04:03:03.627985,04:03:03,8561.01,8561.01,3
2025-11-12T04:03:16.722549,04:03:16,8636.28,8636.28,3
2025-11-12T04:03:29.750069,04:03:29,8677.89,8677.89,3
2025-11-12T04:03:42.817323,04:03:42,8690.39,8690.39,3
2025-11-12T04:03:55.673116,04:03:55,8713.21,8713.21,3
2025-11-12T04:04:08.864647,04:04:08,8735.16,8735.16,3
2025-11-12T04:04:21.716957,04:04:21,8725.9,8725.9,3
2025-11-12T04:04:34.814140,04:04:34,8730.51,8730.51,3
2025-11-12T04:04:47.635067,04:04:47,8719.76,8719.76,3
2025-11-12T04:05:00.623106,04:05:00,8707.99,8707.99,3
2025-11-12T04:05:13.621819,04:05:13,8806.5,8806.5,3
2025-11-12T04:05:27.270920,04:05:27,8718.26,8718.26,3
2025-11-12T04:05:40.200983,04:05:40,8788.19,8788.19,3
2025-11-12T04:05:53.530022,04:05:53,8730.29,8730.29,3
2025-11-12T04:06:06.637723,04:06:06,8740.39,8740.39,3
2025-11-12T04:06:19.375468,04:06:19,8775.99,8775.99,3
2025-11-12T04:06:32.336864,04:06:32,8813.38,8813.38,3
2025-11-12T04:06:45.478507,04:06:45,8813.04,8813.04,3
2025-11-12T04:06:58.458553,04:06:58,8780.15,8780.15,3
2025-11-12T04:07:11.865287,04:07:11,8755.66,8755.66,3
2025-11-12T04:07:25.224078,04:07:25,8801.57,8801.57,3
2025-11-12T04:07:38.369698,04:07:38,8788.29,8788.29,3
2025-11-12T04:07:51.489323,04:07:51,8775.07,8775.07,3
2025-11-12T04:08:04.805437,04:08:04,8741.83,8741.83,3
2025-11-12T04:08:18.203726,04:08:18,8736.08,8736.08,3
2025-11-12T04:08:31.427168,04:08:31,8767.79,8767.79,3
2025-11-12T04:08:44.493698,04:08:44,8821.2,8821.2,3
2025-11-12T04:08:58.014683,04:08:58,8806.4,8806.4,3
2025-11-12T04:09:11.230721,04:09:11,8797.64,8797.64,3
2025-11-12T04:09:24.424271,04:09:24,8805.35,8805.35,3
2025-11-12T04:09:37.690922,04:09:37,8830.11,8830.11,3
2025-11-12T04:09:50.989455,04:09:50,8827.01,8827.01,3
2025-11-12T04:10:03.351378,04:10:03,8757.0,8757.0,3
2025-11-12T04:10:16.579390,04:10:16,8682.23,8682.23,3
2025-11-12T04:10:30.229568,04:10:30,8690.55,8690.55,3
2025-11-12T04:10:43.181207,04:10:43,8684.38,8684.38,3
2025-11-12T04:10:56.246867,04:10:56,8682.65,8682.65,3
2025-11-12T04:11:09.210979,04:11:09,8668.31,8668.31,3
2025-11-12T04:11:22.189884,04:11:22,8679.92,8679.92,3
2025-11-12T04:11:35.428627,04:11:35,8750.68,8750.68,3
2025-11-12T04:11:48.249930,04:11:48,8757.86,8757.86,3
2025-11-12T04:12:01.394881,04:12:01,8765.95,8765.95,3
2025-11-12T04:12:14.502669,04:12:14,8777.13,8777.13,3
2025-11-12T04:12:27.763388,04:12:27,8793.72,8793.72,3
2025-11-12T04:12:41.369863,04:12:41,8814.36,8814.36,3
2025-11-12T04:12:54.948240,04:12:54,8814.25,8814.25,3
2025-11-12T04:13:07.987978,04:13:07,8800.63,8800.63,3
2025-11-12T04:13:21.565332,04:13:21,8795.73,8795.73,3
2025-11-12T04:13:34.690482,04:13:34,8786.78,8786.78,3
2025-11-12T04:13:47.813017,04:13:47,8766.82,8766.82,3
2025-11-12T04:14:01.171197,04:14:01,8723.79,8723.79,3
2025-11-12T04:14:14.373969,04:14:14,8740.35,8740.35,3
2025-11-12T04:14:27.631908,04:14:27,8769.52,8769.52,3
2025-11-12T04:14:40.668462,04:14:40,8765.96,8765.96,3
2025-11-12T04:14:53.614164,04:14:53,8757.1,8757.1,3
2025-11-12T04:15:06.776995,04:15:06,8757.6,8757.6,3
2025-11-12T04:15:19.539069,04:15:19,8762.76,8762.76,3
2025-11-12T04:15:32.715281,04:15:32,8756.66,8756.66,3
2025-11-12T04:15:45.608134,04:15:45,8743.22,8743.22,3
2025-11-12T04:15:58.550323,04:15:58,8681.43,8681.43,3
2025-11-12T04:16:11.685151,04:16:11,8671.95,8671.95,3
2025-11-12T04:16:24.667039,04:16:24,8576.88,8576.88,3
2025-11-12T04:16:38.652542,04:16:38,8571.17,8571.17,3
2025-11-12T04:16:51.633813,04:16:51,8559.63,8559.63,3
2025-11-12T04:17:04.354618,04:17:04,8551.37,8551.37,3
2025-11-12T04:17:17.585074,04:17:17,8596.57,8596.57,3
2025-11-12T04:17:30.662150,04:17:30,8626.84,8626.84,3
2025-11-12T04:17:43.762877,04:17:43,8648.14,8648.14,3
2025-11-12T04:17:57.135402,04:17:57,8674.0,8674.0,3
2025-11-12T04:18:10.364607,04:18:10,8704.14,8704.14,3
2025-11-12T04:18:23.442497,04:18:23,8715.11,8715.11,3
2025-11-12T04:18:36.116019,04:18:36,8729.57,8729.57,3
2025-11-12T04:18:49.386462,04:18:49,8742.76,8742.76,3
2025-11-12T04:19:02.153878,04:19:02,8731.39,8731.39,3
2025-11-12T04:19:15.590457,04:19:15,8718.38,8718.38,3
2025-11-12T04:19:28.869467,04:19:28,8700.45,8700.45,3
2025-11-12T04:19:41.869472,04:19:41,8693.28,8693.28,3
2025-11-12T04:19:54.859684,04:19:54,8686.21,8686.21,3
2025-11-12T04:20:07.682588,04:20:07,8681.58,8681.58,3
2025-11-12T04:20:20.691065,04:20:20,8700.69,8700.69,3
2025-11-12T04:20:34.281744,04:20:34,8736.17,8736.17,3
2025-11-12T04:20:47.398384,04:20:47,8818.86,8818.86,3
2025-11-12T04:21:00.517726,04:21:00,8841.68,8841.68,3
2025-11-12T04:21:13.604768,04:21:13,8875.93,8875.93,3
2025-11-12T04:21:26.324418,04:21:26,8935.99,8935.99,3
2025-11-12T04:21:39.487644,04:21:39,8976.1,8976.1,3
2025-11-12T04:21:52.567879,04:21:52,8976.07,8976.07,3
2025-11-12T04:22:05.826367,04:22:05,8937.9,8937.9,3
2025-11-12T04:22:19.397340,04:22:19,8915.48,8915.48,3
2025-11-12T04:22:32.207051,04:22:32,8885.62,8885.62,3
2025-11-12T04:22:45.153364,04:22:45,8861.61,8861.61,3
2025-11-12T04:22:57.976106,04:22:57,8847.98,8847.98,3
2025-11-12T04:23:10.739854,04:23:10,8854.17,8854.17,3
2025-11-12T04:23:24.186327,04:23:24,8915.61,8915.61,3
2025-11-12T04:23:37.572943,04:23:37,8910.19,8910.19,3
2025-11-12T04:23:50.556066,04:23:50,8920.47,8920.47,3
2025-11-12T04:24:03.663866,04:24:03,8893.16,8893.16,3
2025-11-12T04:24:16.478375,04:24:16,8874.7,8874.7,3
2025-11-12T04:24:29.191378,04:24:29,8876.39,8876.39,3
2025-11-12T04:24:42.063967,04:24:42,8890.33,8890.33,3
2025-11-12T04:24:55.518443,04:24:55,8923.9,8923.9,3
2025-11-12T04:25:08.429038,04:25:08,8922.2,8922.2,3
2025-11-12T04:25:21.676543,04:25:21,8939.79,8939.79,3
2025-11-12T04:25:34.682584,04:25:34,8958.63,8958.63,3
2025-11-12T04:25:47.648205,04:25:47,8983.16,8983.16,3
2025-11-12T04:26:00.598325,04:26:00,8968.44,8968.44,3
2025-11-12T04:26:13.632700,04:26:13,8966.09,8966.09,3
2025-11-12T04:26:26.786117,04:26:26,8954.43,8954.43,3
2025-11-12T04:26:40.051880,04:26:40,8881.68,8881.68,3
2025-11-12T04:26:53.557307,04:26:53,8816.15,8816.15,3
2025-11-12T04:27:06.600982,04:27:06,8784.97,8784.97,3
2025-11-12T04:27:20.184900,04:27:20,8710.32,8710.32,3
2025-11-12T04:27:33.374247,04:27:33,8634.24,8634.24,3
2025-11-12T04:27:47.294389,04:27:47,8642.07,8642.07,3
2025-11-12T04:28:00.471503,04:28:00,8637.43,8637.43,3
2025-11-12T04:28:13.664774,04:28:13,8668.01,8668.01,3
2025-11-12T04:28:26.664697,04:28:26,8710.13,8710.13,3
2025-11-12T04:28:39.587349,04:28:39,8747.33,8747.33,3
2025-11-12T04:28:52.618701,04:28:52,8758.3,8758.3,3
2025-11-12T04:29:06.295094,04:29:06,8664.69,8664.69,3
2025-11-12T04:29:19.459825,04:29:19,8766.78,8766.78,3
2025-11-12T04:29:32.883616,04:29:32,8761.12,8761.12,3
2025-11-12T04:29:46.212390,04:29:46,8759.31,8759.31,3
2025-11-12T04:29:59.438161,04:29:59,8730.95,8730.95,3
2025-11-12T04:30:12.633967,04:30:12,8676.75,8676.75,3
2025-11-12T04:30:26.164448,04:30:26,8578.53,8578.53,3
2025-11-12T04:30:39.531635,04:30:39,8545.6,8545.6,3
2025-11-12T04:30:52.713230,04:30:52,8603.54,8603.54,3
2025-11-12T04:31:05.493955,04:31:05,8607.83,8607.83,3
2025-11-12T04:31:18.625168,04:31:18,8479.96,8479.96,3
2025-11-12T04:31:32.118384,04:31:32,8467.51,8467.51,3
2025-11-12T04:31:45.624043,04:31:45,8423.53,8423.53,3
2025-11-12T04:31:58.625395,04:31:58,8413.27,8413.27,3
2025-11-12T04:32:11.523481,04:32:11,8340.95,8340.95,3
2025-11-12T04:32:24.665179,04:32:24,8264.6,8264.6,3
2025-11-12T04:32:38.377410,04:32:38,8332.2,8332.2,3
2025-11-12T04:32:51.268526,04:32:51,8341.16,8341.16,3
2025-11-12T04:33:03.884676,04:33:03,8261.1,8261.1,3
2025-11-12T04:33:17.046688,04:33:17,8303.57,8303.57,3
2025-11-12T04:33:30.331686,04:33:30,8344.19,8344.19,3
2025-11-12T04:33:43.653699,04:33:43,8268.9,8268.9,3
2025-11-12T04:33:56.649189,04:33:56,8316.64,8316.64,3
2025-11-12T04:34:09.632817,04:34:09,8257.75,8257.75,3
2025-11-12T04:34:22.443924,04:34:22,8206.12,8206.12,3
2025-11-12T04:34:35.268021,04:34:35,8194.57,8194.57,3
2025-11-12T04:34:48.277667,04:34:48,8256.28,8256.28,3
2025-11-12T04:35:01.311612,04:35:01,8279.34,8279.34,3
2025-11-12T04:35:14.404018,04:35:14,8247.6,8247.6,3
2025-11-12T04:35:27.429339,04:35:27,8303.74,8303.74,3
2025-11-12T04:35:40.930400,04:35:40,8393.26,8393.26,3
2025-11-12T04:35:54.259858,04:35:54,8375.67,8375.67,3
2025-11-12T04:36:07.481345,04:36:07,8198.11,8198.11,3
2025-11-12T04:36:20.613049,04:36:20,8220.81,8220.81,3
2025-11-12T04:36:34.303196,04:36:34,8303.81,8303.81,3
2025-11-12T04:36:47.508586,04:36:47,8345.67,8345.67,3
2025-11-12T04:37:00.255853,04:37:00,8372.01,8372.01,3
2025-11-12T04:37:13.503668,04:37:13,8341.86,8341.86,3
2025-11-12T04:37:26.416209,04:37:26,8429.04,8429.04,3
2025-11-12T04:37:39.412621,04:37:39,8475.12,8475.12,3
2025-11-12T04:37:52.652961,04:37:52,8495.4,8495.4,3
2025-11-12T04:38:05.569436,04:38:05,8442.55,8442.55,3
2025-11-12T04:38:18.658559,04:38:18,8491.23,8491.23,3
2025-11-12T04:38:31.719355,04:38:31,8507.83,8507.83,3
2025-11-12T04:38:44.702935,04:38:44,8409.27,8409.27,3
2025-11-12T04:38:58.588646,04:38:58,8411.0,8411.0,3
2025-11-12T04:39:12.234382,04:39:12,8309.93,8309.93,3
2025-11-12T04:39:25.233201,04:39:25,8288.31,8288.31,3
2025-11-12T04:39:38.423922,04:39:38,8258.8,8258.8,3
2025-11-12T04:39:51.366009,04:39:51,8245.23,8245.23,3
2025-11-12T04:40:04.720519,04:40:04,8233.62,8233.62,3
2025-11-12T04:40:18.448765,04:40:18,8357.84,8357.84,3
2025-11-12T04:40:32.399364,04:40:32,8373.39,8373.39,3
2025-11-12T04:40:45.805806,04:40:45,8378.27,8378.27,3
2025-11-12T04:40:59.281425,04:40:59,8424.62,8424.62,3
2025-11-12T04:41:13.231075,04:41:13,8445.87,8445.87,3
2025-11-12T04:41:27.067880,04:41:27,8461.5,8461.5,3
2025-11-12T04:41:40.397647,04:41:40,8468.85,8468.85,3
2025-11-12T04:41:53.580813,04:41:53,8431.46,8431.46,3
2025-11-12T04:42:06.689299,04:42:06,8445.52,8445.52,3
2025-11-12T04:42:19.864857,04:42:19,8436.32,8436.32,3
2025-11-12T04:42:33.547550,04:42:33,8441.35,8441.35,3
2025-11-12T04:42:46.716686,04:42:46,8431.55,8431.55,3
2025-11-12T04:42:59.689434,04:42:59,8426.52,8426.52,3
2025-11-12T04:43:12.787867,04:43:12,8363.06,8363.06,3
2025-11-12T04:43:26.050960,04:43:26,8335.72,8335.72,3
2025-11-12T04:43:38.933533,04:43:38,8318.67,8318.67,3
2025-11-12T04:43:51.674413,04:43:51,8336.45,8336.45,3
2025-11-12T04:44:04.381296,04:44:04,8348.07,8348.07,3
2025-11-12T04:44:18.124298,04:44:18,8369.16,8369.16,3
2025-11-12T04:44:31.408158,04:44:31,8427.84,8427.84,3
2025-11-12T04:44:44.527397,04:44:44,8465.7,8465.7,3
2025-11-12T04:44:57.908152,04:44:57,8415.95,8415.95,3
2025-11-12T04:45:11.557455,04:45:11,8468.24,8468.24,3
2025-11-12T04:45:24.748220,04:45:24,8481.8,8481.8,3
2025-11-12T04:45:38.134662,04:45:38,8491.77,8491.77,3
2025-11-12T04:45:50.919570,04:45:50,8542.49,8542.49,3
2025-11-12T04:46:04.518573,04:46:04,8597.48,8597.48,3
2025-11-12T04:46:18.004627,04:46:18,8691.07,8691.07,3
2025-11-12T04:46:30.695071,04:46:30,8655.65,8655.65,3
2025-11-12T04:46:44.096927,04:46:44,8670.82,8670.82,3
2025-11-12T04:46:57.502881,04:46:57,8693.79,8693.79,3
2025-11-12T04:47:10.889364,04:47:10,8709.86,8709.86,3
2025-11-12T04:47:24.436000,04:47:24,8805.92,8805.92,3
2025-11-12T04:47:37.562299,04:47:37,8760.61,8760.61,3
2025-11-12T04:47:51.251474,04:47:51,8825.27,8825.27,3
2025-11-12T04:48:04.686860,04:48:04,8854.36,8854.36,3
2025-11-12T04:48:18.149277,04:48:18,8821.02,8821.02,3
2025-11-12T04:48:31.186794,04:48:31,8866.4,8866.4,3
2025-11-12T04:48:44.481222,04:48:44,8854.18,8854.18,3
2025-11-12T04:48:57.404576,04:48:57,8846.74,8846.74,3
2025-11-12T04:49:10.924715,04:49:10,8848.7,8848.7,3
2025-11-12T04:49:24.337432,04:49:24,8905.44,8905.44,3
2025-11-12T04:49:37.777005,04:49:37,8892.23,8892.23,3
2025-11-12T04:49:51.582266,04:49:51,8950.5,8950.5,3
2025-11-12T04:50:04.254724,04:50:04,8917.08,8917.08,3
2025-11-12T04:50:17.485491,04:50:17,8938.68,8938.68,3
2025-11-12T04:50:31.160416,04:50:31,8937.29,8937.29,3
2025-11-12T04:50:44.065830,04:50:44,8970.16,8970.16,3
2025-11-12T04:50:57.156401,04:50:57,8950.45,8950.45,3
2025-11-12T04:51:11.237158,04:51:11,9002.5,9002.5,3
2025-11-12T04:51:24.649161,04:51:24,9014.11,9014.11,3
2025-11-12T04:51:37.479759,04:51:37,8986.45,8986.45,3
2025-11-12T04:51:50.929609,04:51:50,9005.07,9005.07,3
2025-11-12T04:52:04.268438,04:52:04,8926.26,8926.26,3
2025-11-12T04:52:17.312516,04:52:17,8937.54,8937.54,3
2025-11-12T04:52:30.868295,04:52:30,8940.79,8940.79,3
2025-11-12T04:52:43.822834,04:52:43,8925.32,8925.32,3
2025-11-12T04:52:56.894812,04:52:56,8904.47,8904.47,3
2025-11-12T04:53:10.195376,04:53:10,8911.98,8911.98,3
2025-11-12T04:53:22.920028,04:53:22,8938.93,8938.93,3
2025-11-12T04:53:36.346634,04:53:36,8918.02,8918.02,3
2025-11-12T04:53:49.590398,04:53:49,8924.78,8924.78,3
2025-11-12T04:54:02.951081,04:54:02,8916.39,8916.39,3
2025-11-12T04:54:16.698721,04:54:16,8851.04,8851.04,3
2025-11-12T04:54:29.739279,04:54:29,8913.49,8913.49,3
2025-11-12T04:54:43.249120,04:54:43,8898.35,8898.35,3
2025-11-12T04:54:56.644619,04:54:56,8890.14,8890.14,3
2025-11-12T04:55:10.446099,04:55:10,8785.06,8785.06,3
2025-11-12T04:55:23.951531,04:55:23,8748.01,8748.01,3
2025-11-12T04:55:36.670065,04:55:36,8776.83,8776.83,3
2025-11-12T04:55:50.442886,04:55:50,8777.0,8777.0,3
2025-11-12T04:56:03.277832,04:56:03,8800.4,8800.4,3
2025-11-12T04:56:16.535947,04:56:16,8771.0,8771.0,3
2025-11-12T04:56:29.453098,04:56:29,8803.3,8803.3,3
2025-11-12T04:56:42.963426,04:56:42,8791.21,8791.21,3
2025-11-12T04:56:56.290083,04:56:56,8756.48,8756.48,3
2025-11-12T04:57:08.789566,04:57:08,9007.33,9007.33,3
2025-11-12T04:57:22.034040,04:57:22,9037.97,9037.97,3
2025-11-12T04:57:34.788975,04:57:34,8978.67,8978.67,3
2025-11-12T04:57:47.802374,04:57:47,9030.15,9030.15,3
2025-11-12T04:58:00.698672,04:58:00,9041.99,9041.99,3
2025-11-12T04:58:14.366466,04:58:14,9075.3,9075.3,3
2025-11-12T04:58:27.633938,04:58:27,9103.44,9103.44,3
2025-11-12T04:58:40.348060,04:58:40,9042.21,9042.21,3
2025-11-12T04:58:52.922334,04:58:52,8948.44,8948.44,3
2025-11-12T04:59:06.392704,04:59:06,9022.38,9022.38,3
2025-11-12T04:59:19.491095,04:59:19,9003.21,9003.21,3
2025-11-12T04:59:32.182654,04:59:32,8976.8,8976.8,3
2025-11-12T04:59:45.049478,04:59:45,8947.04,8947.04,3
2025-11-12T04:59:57.791488,04:59:57,8931.57,8931.57,3
2025-11-12T05:00:10.978367,05:00:10,8884.59,8884.59,3
2025-11-12T05:00:24.201670,05:00:24,8766.58,8766.58,3
2025-11-12T05:00:37.347465,05:00:37,8733.61,8733.61,3
2025-11-12T05:00:50.570033,05:00:50,8691.24,8691.24,3
2025-11-12T05:01:03.203244,05:01:03,8678.83,8678.83,3
2025-11-12T05:01:16.340797,05:01:16,8631.41,8631.41,3
2025-11-12T05:01:29.488610,05:01:29,8597.99,8597.99,3
2025-11-12T05:01:42.638680,05:01:42,8597.8,8597.8,3
2025-11-12T05:01:55.597820,05:01:55,8553.72,8553.72,3
2025-11-12T05:02:08.840087,05:02:08,8618.17,8618.17,3
2025-11-12T05:02:22.282423,05:02:22,8647.33,8647.33,3
2025-11-12T05:02:35.268579,05:02:35,8646.69,8646.69,3
2025-11-12T05:02:48.279615,05:02:48,8681.75,8681.75,3
2025-11-12T05:03:00.741899,05:03:00,8675.15,8675.15,3
2025-11-12T05:03:13.707159,05:03:13,8666.29,8666.29,3
2025-11-12T05:03:26.589753,05:03:26,8665.46,8665.46,3
2025-11-12T05:03:39.708096,05:03:39,8654.52,8654.52,3
2025-11-12T05:03:53.187575,05:03:53,8646.87,8646.87,3
2025-11-12T05:04:05.974033,05:04:05,8537.71,8537.71,3
2025-11-12T05:04:18.762633,05:04:18,8603.69,8603.69,3
2025-11-12T05:04:32.333255,05:04:32,8563.88,8563.88,3
2025-11-12T05:04:45.747034,05:04:45,8671.34,8671.34,3
2025-11-12T05:04:58.885147,05:04:58,8609.53,8609.53,3
2025-11-12T05:05:11.501481,05:05:11,8503.77,8503.77,3
2025-11-12T05:05:24.238839,05:05:24,8537.45,8537.45,3
2025-11-12T05:05:37.011475,05:05:37,8514.2,8514.2,3
2025-11-12T05:05:50.084457,05:05:50,8499.0,8499.0,3
2025-11-12T05:06:03.228562,05:06:03,8442.43,8442.43,3
2025-11-12T05:06:16.230218,05:06:16,8398.3,8398.3,3
2025-11-12T05:06:29.279109,05:06:29,8460.5,8460.5,3
2025-11-12T05:06:42.645863,05:06:42,8480.66,8480.66,3
2025-11-12T05:06:55.463305,05:06:55,8504.51,8504.51,3
2025-11-12T05:07:08.625629,05:07:08,8422.03,8422.03,3
2025-11-12T05:07:21.667994,05:07:21,8527.83,8527.83,3
2025-11-12T05:07:34.563561,05:07:34,8516.19,8516.19,3
2025-11-12T05:07:47.834415,05:07:47,8573.51,8573.51,3
2025-11-12T05:08:00.530357,05:08:00,8568.98,8568.98,3
2025-11-12T05:08:13.325333,05:08:13,8579.02,8579.02,3
2025-11-12T05:08:26.591862,05:08:26,8644.54,8644.54,3
2025-11-12T05:08:39.682261,05:08:39,8653.37,8653.37,3
2025-11-12T05:08:52.546159,05:08:52,8705.49,8705.49,3
2025-11-12T05:09:05.575406,05:09:05,8661.21,8661.21,3
2025-11-12T05:09:18.440190,05:09:18,8642.04,8642.04,3
2025-11-12T05:09:31.940443,05:09:31,8664.08,8664.08,3
2025-11-12T05:09:44.733009,05:09:44,8702.28,8702.28,3
2025-11-12T05:09:57.616638,05:09:57,8647.54,8647.54,3
2025-11-12T05:10:10.769958,05:10:10,8667.99,8667.99,3
2025-11-12T05:10:23.545980,05:10:23,8760.9,8760.9,3
2025-11-12T05:10:36.482570,05:10:36,8769.27,8769.27,3
2025-11-12T05:10:49.236549,05:10:49,8780.37,8780.37,3
2025-11-12T05:11:02.448946,05:11:02,8795.9,8795.9,3
2025-11-12T05:11:15.375601,05:11:15,8777.75,8777.75,3
2025-11-12T05:11:28.539510,05:11:28,8836.75,8836.75,3
2025-11-12T05:11:41.511570,05:11:41,8819.18,8819.18,3
2025-11-12T05:11:54.679497,05:11:54,8826.36,8826.36,3
2025-11-12T05:12:07.175998,05:12:07,8849.75,8849.75,3
2025-11-12T05:12:19.800472,05:12:19,8835.09,8835.09,3
2025-11-12T05:12:32.510775,05:12:32,8821.21,8821.21,3
2025-11-12T05:12:45.458399,05:12:45,8786.34,8786.34,3
2025-11-12T05:12:58.575391,05:12:58,8767.36,8767.36,3
2025-11-12T05:13:11.707641,05:13:11,8766.19,8766.19,3
2025-11-12T05:13:24.584175,05:13:24,8797.43,8797.43,3
2025-11-12T05:13:37.744353,05:13:37,8775.56,8775.56,3
2025-11-12T05:13:51.073816,05:13:51,8755.92,8755.92,3
2025-11-12T05:14:04.382944,05:14:04,8727.27,8727.27,3
2025-11-12T05:14:17.151439,05:14:17,8785.76,8785.76,3
2025-11-12T05:14:30.777733,05:14:30,8777.47,8777.47,3
2025-11-12T05:14:43.866654,05:14:43,8740.09,8740.09,3
2025-11-12T05:14:56.910951,05:14:56,8744.5,8744.5,3
2025-11-12T05:15:09.748144,05:15:09,8761.55,8761.55,3
2025-11-12T05:15:22.539792,05:15:22,8789.99,8789.99,3
2025-11-12T05:15:35.600829,05:15:35,8817.36,8817.36,3
2025-11-12T05:15:48.342530,05:15:48,8801.67,8801.67,3
2025-11-12T05:16:01.255437,05:16:01,8780.07,8780.07,3
2025-11-12T05:16:13.882169,05:16:13,8790.87,8790.87,3
2025-11-12T05:16:26.763347,05:16:26,8805.09,8805.09,3
2025-11-12T05:16:39.884125,05:16:39,8750.21,8750.21,3
2025-11-12T05:16:53.301912,05:16:53,8751.55,8751.55,3
2025-11-12T05:17:06.603536,05:17:06,8675.03,8675.03,3
2025-11-12T05:17:19.397038,05:17:19,8766.53,8766.53,3
2025-11-12T05:17:32.451554,05:17:32,8721.09,8721.09,3
2025-11-12T05:17:45.266343,05:17:45,8737.89,8737.89,3
2025-11-12T05:17:57.969748,05:17:57,8578.13,8578.13,3
2025-11-12T05:18:11.155757,05:18:11,8489.3,8489.3,3
2025-11-12T05:18:24.371822,05:18:24,8580.6,8580.6,3
2025-11-12T05:18:37.728669,05:18:37,8563.75,8563.75,3
2025-11-12T05:18:50.682686,05:18:50,8671.48,8671.48,3
2025-11-12T05:19:03.560276,05:19:03,8715.5,8715.5,3
2025-11-12T05:19:16.840937,05:19:16,8774.5,8774.5,3
2025-11-12T05:19:29.681890,05:19:29,8778.89,8778.89,3
2025-11-12T05:19:42.285103,05:19:42,8774.54,8774.54,3
2025-11-12T05:19:55.252867,05:19:55,8810.93,8810.93,3
2025-11-12T05:20:08.096906,05:20:08,8855.26,8855.26,3
2025-11-12T05:20:21.023741,05:20:21,8768.91,8768.91,3
2025-11-12T05:20:33.627636,05:20:33,8782.53,8782.53,3
2025-11-12T05:20:46.516224,05:20:46,8739.46,8739.46,3
2025-11-12T05:20:59.251160,05:20:59,8687.56,8687.56,3
2025-11-12T05:21:12.265935,05:21:12,8569.16,8569.16,3
2025-11-12T05:21:24.817290,05:21:24,8550.88,8550.88,3
2025-11-12T05:21:37.538991,05:21:37,8589.54,8589.54,3
2025-11-12T05:21:50.143054,05:21:50,8628.99,8628.99,3
2025-11-12T05:22:02.651993,05:22:02,8633.13,8633.13,3
2025-11-12T05:22:15.677955,05:22:15,8729.1,8729.1,3
2025-11-12T05:22:28.716963,05:22:28,8759.88,8759.88,3
2025-11-12T05:22:42.020074,05:22:42,8758.0,8758.0,3
2025-11-12T05:22:54.962339,05:22:54,8750.13,8750.13,3
2025-11-12T05:23:07.659186,05:23:07,8662.33,8662.33,3
2025-11-12T05:23:20.613968,05:23:20,8626.17,8626.17,3
2025-11-12T05:23:33.406117,05:23:33,8617.67,8617.67,3
2025-11-12T05:23:46.622696,05:23:46,8601.47,8601.47,3
2025-11-12T05:24:00.005794,05:24:00,8703.53,8703.53,3
2025-11-12T05:24:12.565601,05:24:12,8684.13,8684.13,3
2025-11-12T05:24:25.213861,05:24:25,8683.53,8683.53,3
2025-11-12T05:24:38.316187,05:24:38,8732.8,8732.8,3
2025-11-12T05:24:51.143595,05:24:51,8717.08,8717.08,3
2025-11-12T05:25:04.361033,05:25:04,8725.88,8725.88,3
2025-11-12T05:25:17.729451,05:25:17,8781.83,8781.83,3
2025-11-12T05:25:30.492345,05:25:30,8859.11,8859.11,3
2025-11-12T05:25:43.698900,05:25:43,8904.98,8904.98,3
2025-11-12T05:25:56.652265,05:25:56,8941.16,8941.16,3
2025-11-12T05:26:09.803679,05:26:09,8951.7,8951.7,3
2025-11-12T05:26:23.435051,05:26:23,8981.53,8981.53,3
2025-11-12T05:26:36.643320,05:26:36,8888.88,8888.88,3
2025-11-12T05:26:49.683495,05:26:49,8863.09,8863.09,3
2025-11-12T05:27:02.548843,05:27:02,8842.48,8842.48,3
2025-11-12T05:27:15.681570,05:27:15,8867.48,8867.48,3
2025-11-12T05:27:28.596105,05:27:28,8880.38,8880.38,3
2025-11-12T05:27:41.196668,05:27:41,8868.63,8868.63,3
2025-11-12T05:27:53.710873,05:27:53,8866.97,8866.97,3
2025-11-12T05:28:06.624544,05:28:06,8846.91,8846.91,3
2025-11-12T05:28:19.588130,05:28:19,8822.66,8822.66,3
2025-11-12T05:28:32.542375,05:28:32,8819.3,8819.3,3
2025-11-12T05:28:45.800052,05:28:45,8761.27,8761.27,3
2025-11-12T05:28:58.682390,05:28:58,8771.85,8771.85,3
2025-11-12T05:29:11.396724,05:29:11,8798.37,8798.37,3
2025-11-12T05:29:24.275268,05:29:24,8828.68,8828.68,3
2025-11-12T05:29:37.063555,05:29:37,8815.46,8815.46,3
2025-11-12T05:29:50.035632,05:29:50,8811.56,8811.56,3
2025-11-12T05:30:03.498456,05:30:03,8829.43,8829.43,3
2025-11-12T05:30:16.989221,05:30:16,8841.56,8841.56,3
2025-11-12T05:30:29.780961,05:30:29,8872.92,8872.92,3
2025-11-12T05:30:42.252473,05:30:42,8932.55,8932.55,3
2025-11-12T05:30:55.485459,05:30:55,8958.9,8958.9,3
2025-11-12T05:31:08.183487,05:31:08,9046.55,9046.55,3
2025-11-12T05:31:21.604216,05:31:21,9112.35,9112.35,3
2025-11-12T05:31:34.327480,05:31:34,9112.71,9112.71,3
2025-11-12T05:31:47.619252,05:31:47,9090.67,9090.67,3
2025-11-12T05:32:00.110439,05:32:00,9063.92,9063.92,3
2025-11-12T05:32:12.777123,05:32:12,9079.76,9079.76,3
2025-11-12T05:32:25.749238,05:32:25,9288.96,9288.96,3
2025-11-12T05:32:38.522335,05:32:38,9208.2,9208.2,3
2025-11-12T05:32:51.250817,05:32:51,9199.54,9199.54,3
2025-11-12T05:33:04.169876,05:33:04,9156.93,9156.93,3
2025-11-12T05:33:17.646127,05:33:17,9111.68,9111.68,3
2025-11-12T05:33:30.443269,05:33:30,9055.48,9055.48,3
2025-11-12T05:33:43.554731,05:33:43,9116.47,9116.47,3
2025-11-12T05:33:56.595459,05:33:56,9069.04,9069.04,3
2025-11-12T05:34:09.466903,05:34:09,9071.57,9071.57,3
2025-11-12T05:34:22.614140,05:34:22,9073.03,9073.03,3
2025-11-12T05:34:35.199046,05:34:35,9126.51,9126.51,3
2025-11-12T05:34:47.930679,05:34:47,9095.06,9095.06,3
2025-11-12T05:35:00.823803,05:35:00,9146.02,9146.02,3
2025-11-12T05:35:13.535403,05:35:13,9100.85,9100.85,3
2025-11-12T05:35:26.434630,05:35:26,9049.82,9049.82,3
2025-11-12T05:35:39.106398,05:35:39,9044.67,9044.67,3
2025-11-12T05:35:52.261165,05:35:52,9114.75,9114.75,3
2025-11-12T05:36:05.396397,05:36:05,9046.69,9046.69,3
2025-11-12T05:36:18.390778,05:36:18,9047.67,9047.67,3
2025-11-12T05:36:31.200330,05:36:31,9107.64,9107.64,3
2025-11-12T05:36:44.454751,05:36:44,9092.38,9092.38,3
2025-11-12T05:36:57.690242,05:36:57,9088.18,9088.18,3
2025-11-12T05:37:10.334008,05:37:10,9019.06,9019.06,3
2025-11-12T05:37:23.453536,05:37:23,9020.82,9020.82,3
2025-11-12T05:37:36.856577,05:37:36,9159.47,9159.47,3
2025-11-12T05:37:49.778983,05:37:49,9154.93,9154.93,3
2025-11-12T05:38:02.217947,05:38:02,9131.08,9131.08,3
2025-11-12T05:38:15.329071,05:38:15,9053.39,9053.39,3
2025-11-12T05:38:28.291811,05:38:28,9126.83,9126.83,3
2025-11-12T05:38:41.304674,05:38:41,9143.67,9143.67,3
2025-11-12T05:38:54.247841,05:38:54,9123.22,9123.22,3
2025-11-12T05:39:07.128014,05:39:07,9080.2,9080.2,3
2025-11-12T05:39:20.314263,05:39:20,9081.36,9081.36,3
2025-11-12T05:39:33.453429,05:39:33,9083.57,9083.57,3
2025-11-12T05:39:46.511888,05:39:46,9054.91,9054.91,3
2025-11-12T05:39:59.170515,05:39:59,9040.01,9040.01,3
2025-11-12T05:40:12.353838,05:40:12,8977.36,8977.36,3
2025-11-12T05:40:25.386297,05:40:25,9007.56,9007.56,3
2025-11-12T05:40:38.482760,05:40:38,8941.13,8941.13,3
2025-11-12T05:40:51.714084,05:40:51,8878.15,8878.15,3
2025-11-12T05:41:04.771234,05:41:04,8853.98,8853.98,3
2025-11-12T05:41:17.900357,05:41:17,8816.58,8816.58,3
2025-11-12T05:41:30.787305,05:41:30,8751.41,8751.41,3
2025-11-12T05:41:43.964683,05:41:43,8719.61,8719.61,3
2025-11-12T05:41:57.198050,05:41:57,8733.23,8733.23,3
2025-11-12T05:42:10.136917,05:42:10,8639.93,8639.93,3
2025-11-12T05:42:23.124348,05:42:23,8533.36,8533.36,3
2025-11-12T05:42:36.317989,05:42:36,8486.74,8486.74,3
2025-11-12T05:42:49.382463,05:42:49,8394.2,8394.2,3
2025-11-12T05:43:02.685954,05:43:02,8523.49,8523.49,3
2025-11-12T05:43:15.861643,05:43:15,8553.56,8553.56,3
2025-11-12T05:43:28.866546,05:43:28,8586.64,8586.64,3
2025-11-12T05:43:42.224244,05:43:42,8628.08,8628.08,3
2025-11-12T05:43:54.882557,05:43:54,8768.26,8768.26,3
2025-11-12T05:44:08.527059,05:44:08,8755.65,8755.65,3
2025-11-12T05:44:21.677952,05:44:21,8724.15,8724.15,3
2025-11-12T05:44:34.951461,05:44:34,8725.6,8725.6,3
2025-11-12T05:44:47.954839,05:44:47,8644.58,8644.58,3
2025-11-12T05:45:00.737732,05:45:00,8576.69,8576.69,3
2025-11-12T05:45:14.251863,05:45:14,8577.99,8577.99,3
2025-11-12T05:45:27.329871,05:45:27,8688.52,8688.52,3
2025-11-12T05:45:40.390205,05:45:40,8851.5,8851.5,3
2025-11-12T05:45:53.290902,05:45:53,8773.85,8773.85,3
2025-11-12T05:46:06.163670,05:46:06,8778.56,8778.56,3
2025-11-12T05:46:19.651089,05:46:19,8763.03,8763.03,3
2025-11-12T05:46:32.776277,05:46:32,8568.11,8568.11,3
2025-11-12T05:46:45.847335,05:46:45,8725.33,8725.33,3
2025-11-12T05:46:58.539919,05:46:58,8662.92,8662.92,3
2025-11-12T05:47:11.925393,05:47:11,8741.89,8741.89,3
2025-11-12T05:47:24.453030,05:47:24,8799.51,8799.51,3
2025-11-12T05:47:37.681591,05:47:37,8814.11,8814.11,3
2025-11-12T05:47:50.388600,05:47:50,8892.75,8892.75,3
2025-11-12T05:48:03.721932,05:48:03,8930.35,8930.35,3
2025-11-12T05:48:17.102353,05:48:17,9078.18,9078.18,3
2025-11-12T05:48:29.863312,05:48:29,9190.56,9190.56,3
2025-11-12T05:48:42.907111,05:48:42,9170.19,9170.19,3
2025-11-12T05:48:55.708860,05:48:55,9123.03,9123.03,3
2025-11-12T05:49:08.751257,05:49:08,9165.79,9165.79,3
2025-11-12T05:49:21.748244,05:49:21,9159.32,9159.32,3
2025-11-12T05:49:34.121511,05:49:34,9126.46,9126.46,3
2025-11-12T05:49:47.048251,05:49:47,9090.85,9090.85,3
2025-11-12T05:50:00.288015,05:50:00,9105.82,9105.82,3
2025-11-12T05:50:13.302856,05:50:13,9130.8,9130.8,3
2025-11-12T05:50:25.911100,05:50:25,9136.61,9136.61,3
2025-11-12T05:50:39.344197,05:50:39,9084.48,9084.48,3
2025-11-12T05:50:52.031129,05:50:52,8997.68,8997.68,3
2025-11-12T05:51:04.726807,05:51:04,8963.68,8963.68,3
2025-11-12T05:51:18.147903,05:51:18,8926.5,8926.5,3
2025-11-12T05:51:31.225133,05:51:31,8862.32,8862.32,3
2025-11-12T05:51:43.858104,05:51:43,8799.45,8799.45,3
2025-11-12T05:51:56.884480,05:51:56,8817.1,8817.1,3
2025-11-12T05:52:10.099835,05:52:10,8875.83,8875.83,3
2025-11-12T05:52:23.143735,05:52:23,9009.49,9009.49,3
2025-11-12T05:52:36.237438,05:52:36,8929.7,8929.7,3
2025-11-12T05:52:49.131831,05:52:49,9012.09,9012.09,3
2025-11-12T05:53:02.019413,05:53:02,9012.38,9012.38,3
2025-11-12T05:53:14.716701,05:53:14,9027.26,9027.26,3
2025-11-12T05:53:27.360357,05:53:27,8984.24,8984.24,3
2025-11-12T05:53:40.358354,05:53:40,9048.22,9048.22,3
2025-11-12T05:53:53.857393,05:53:53,9044.02,9044.02,3
2025-11-12T05:54:06.262361,05:54:06,8997.67,8997.67,3
2025-11-12T05:54:19.478724,05:54:19,8970.27,8970.27,3
2025-11-12T05:54:32.487399,05:54:32,9018.96,9018.96,3
2025-11-12T05:54:45.003426,05:54:45,9019.39,9019.39,3
2025-11-12T05:54:58.042541,05:54:58,9000.75,9000.75,3
2025-11-12T05:55:11.055269,05:55:11,8933.72,8933.72,3
2025-11-12T05:55:24.349270,05:55:24,8959.78,8959.78,3
2025-11-12T05:55:37.595316,05:55:37,8939.03,8939.03,3
2025-11-12T05:55:50.673349,05:55:50,8914.68,8914.68,3
2025-11-12T05:56:03.911249,05:56:03,8907.13,8907.13,3
2025-11-12T05:56:16.706570,05:56:16,8980.3,8980.3,3
2025-11-12T05:56:29.632440,05:56:29,9039.99,9039.99,3
2025-11-12T05:56:42.863931,05:56:42,8984.5,8984.5,3
2025-11-12T05:56:56.123620,05:56:56,8972.1,8972.1,3
2025-11-12T05:57:08.807733,05:57:08,8895.49,8895.49,3
2025-11-12T05:57:21.868634,05:57:21,8836.8,8836.8,3
2025-11-12T05:57:34.820608,05:57:34,8798.15,8798.15,3
2025-11-12T05:57:47.491026,05:57:47,8718.09,8718.09,3
2025-11-12T05:58:00.559670,05:58:00,8729.27,8729.27,3
2025-11-12T05:58:13.205106,05:58:13,8797.45,8797.45,3
2025-11-12T05:58:26.062616,05:58:26,8810.9,8810.9,3
2025-11-12T05:58:38.947401,05:58:38,8764.33,8764.33,3
2025-11-12T05:58:52.530230,05:58:52,8793.02,8793.02,3
2025-11-12T05:59:05.117489,05:59:05,8757.64,8757.64,3
2025-11-12T05:59:18.133458,05:59:18,8783.15,8783.15,3
2025-11-12T05:59:30.724829,05:59:30,8810.47,8810.47,3
2025-11-12T05:59:43.648845,05:59:43,8816.92,8816.92,3
2025-11-12T05:59:57.363052,05:59:57,8886.46,8886.46,3
2025-11-12T06:00:10.696704,06:00:10,8845.68,8845.68,3
2025-11-12T06:00:23.658736,06:00:23,8848.57,8848.57,3
2025-11-12T06:00:36.133866,06:00:36,8855.45,8855.45,3
2025-11-12T06:00:49.258138,06:00:49,8866.43,8866.43,3
2025-11-12T06:01:02.110213,06:01:02,8828.64,8828.64,3
2025-11-12T06:01:14.788600,06:01:14,8799.45,8799.45,3
2025-11-12T06:01:27.336349,06:01:27,8781.37,8781.37,3
2025-11-12T06:01:40.202155,06:01:40,8797.17,8797.17,3
2025-11-12T06:01:53.466660,06:01:53,8749.19,8749.19,3
2025-11-12T06:02:06.869633,06:02:06,8744.83,8744.83,3
2025-11-12T06:02:20.254818,06:02:20,8917.69,8917.69,3
2025-11-12T06:02:33.199895,06:02:33,8952.75,8952.75,3
2025-11-12T06:02:46.275853,06:02:46,8788.56,8788.56,3
2025-11-12T06:02:59.302123,06:02:59,8772.88,8772.88,3
2025-11-12T06:03:11.968213,06:03:11,8761.45,8761.45,3
2025-11-12T06:03:25.183397,06:03:25,8881.62,8881.62,3
2025-11-12T06:03:38.349989,06:03:38,8764.1,8764.1,3
2025-11-12T06:03:50.768991,06:03:50,8721.02,8721.02,3
2025-11-12T06:04:03.743026,06:04:03,8646.1,8646.1,3
2025-11-12T06:04:16.758119,06:04:16,8605.29,8605.29,3
2025-11-12T06:04:29.456705,06:04:29,8539.68,8539.68,3
2025-11-12T06:04:42.008281,06:04:42,8545.44,8545.44,3
2025-11-12T06:04:54.849002,06:04:54,8704.12,8704.12,3
2025-11-12T06:05:07.563495,06:05:07,8667.6,8667.6,3
2025-11-12T06:05:20.226914,06:05:20,8626.8,8626.8,3
2025-11-12T06:05:33.520113,06:05:33,8534.69,8534.69,3
2025-11-12T06:05:46.526292,06:05:46,8514.96,8514.96,3
2025-11-12T06:05:59.643813,06:05:59,8610.52,8610.52,3
2025-11-12T06:06:12.704449,06:06:12,8542.08,8542.08,3
2025-11-12T06:06:26.305986,06:06:26,8577.91,8577.91,3
2025-11-12T06:06:39.275246,06:06:39,8661.0,8661.0,3
2025-11-12T06:06:52.124522,06:06:52,8686.96,8686.96,3
2025-11-12T06:07:05.259212,06:07:05,8737.07,8737.07,3
2025-11-12T06:07:18.625869,06:07:18,8719.75,8719.75,3
2025-11-12T06:07:31.588046,06:07:31,8767.23,8767.23,3
2025-11-12T06:07:44.750664,06:07:44,8795.2,8795.2,3
2025-11-12T06:07:57.546903,06:07:57,8813.15,8813.15,3
2025-11-12T06:08:10.551064,06:08:10,8856.17,8856.17,3
2025-11-12T06:08:23.420837,06:08:23,8921.05,8921.05,3
2025-11-12T06:08:36.399009,06:08:36,8850.55,8850.55,3
2025-11-12T06:08:49.432240,06:08:49,8735.39,8735.39,3
2025-11-12T06:09:02.457965,06:09:02,8732.91,8732.91,3
2025-11-12T06:09:15.425485,06:09:15,8649.03,8649.03,3
2025-11-12T06:09:28.094449,06:09:28,8543.58,8543.58,3
2025-11-12T06:09:41.103384,06:09:41,8519.81,8519.81,3
2025-11-12T06:09:54.159820,06:09:54,8569.04,8569.04,3
2025-11-12T06:10:07.422571,06:10:07,8570.28,8570.28,3
2025-11-12T06:10:20.521163,06:10:20,8565.2,8565.2,3
2025-11-12T06:10:33.455068,06:10:33,8665.47,8665.47,3
2025-11-12T06:10:46.311795,06:10:46,8529.05,8529.05,3
2025-11-12T06:10:59.214352,06:10:59,8500.75,8500.75,3
2025-11-12T06:11:11.891247,06:11:11,8500.53,8500.53,3
2025-11-12T06:11:24.764952,06:11:24,8609.05,8609.05,3
2025-11-12T06:11:37.843597,06:11:37,8627.32,8627.32,3
2025-11-12T06:11:50.858887,06:11:50,8648.09,8648.09,3
2025-11-12T06:12:03.575752,06:12:03,8590.44,8590.44,3
2025-11-12T06:12:16.506840,06:12:16,8553.63,8553.63,3
2025-11-12T06:12:29.243637,06:12:29,8526.9,8526.9,3
2025-11-12T06:12:41.936931,06:12:41,8552.95,8552.95,3
2025-11-12T06:12:55.162836,06:12:55,8573.39,8573.39,3
2025-11-12T06:13:08.343048,06:13:08,8592.77,8592.77,3
2025-11-12T06:13:21.379187,06:13:21,8671.59,8671.59,3
2025-11-12T06:13:34.331630,06:13:34,8634.88,8634.88,3
2025-11-12T06:13:47.666754,06:13:47,8645.98,8645.98,3
2025-11-12T06:14:00.832021,06:14:00,8673.47,8673.47,3
2025-11-12T06:14:13.891770,06:14:13,8689.81,8689.81,3
2025-11-12T06:14:26.457531,06:14:26,8663.74,8663.74,3
2025-11-12T06:14:39.021125,06:14:39,8767.5,8767.5,3
2025-11-12T06:14:52.489397,06:14:52,8726.47,8726.47,3
2025-11-12T06:15:05.567719,06:15:05,8825.31,8825.31,3
2025-11-12T06:15:18.270741,06:15:18,8798.38,8798.38,3
2025-11-12T06:15:31.424810,06:15:31,8823.16,8823.16,3
2025-11-12T06:15:44.351411,06:15:44,8770.5,8770.5,3
2025-11-12T06:15:57.439177,06:15:57,8692.44,8692.44,3
2025-11-12T06:16:10.221548,06:16:10,8662.0,8662.0,3
2025-11-12T06:16:23.062024,06:16:23,8706.61,8706.61,3
2025-11-12T06:16:36.156489,06:16:36,8756.48,8756.48,3
2025-11-12T06:16:49.467449,06:16:49,8818.25,8818.25,3
2025-11-12T06:17:02.690461,06:17:02,8845.02,8845.02,3
2025-11-12T06:17:15.664441,06:17:15,8796.21,8796.21,3
2025-11-12T06:17:29.417959,06:17:29,8798.85,8798.85,3
2025-11-12T06:17:42.586705,06:17:42,8792.82,8792.82,3
2025-11-12T06:17:55.821511,06:17:55,8760.21,8760.21,3
2025-11-12T06:18:09.024091,06:18:09,8763.29,8763.29,3
2025-11-12T06:18:22.171162,06:18:22,8706.18,8706.18,3
2025-11-12T06:18:35.419022,06:18:35,8747.79,8747.79,3
2025-11-12T06:18:48.609612,06:18:48,8777.73,8777.73,3
2025-11-12T06:19:02.241600,06:19:02,8852.55,8852.55,3
2025-11-12T06:19:15.130828,06:19:15,8862.5,8862.5,3
2025-11-12T06:19:28.369871,06:19:28,8839.06,8839.06,3
2025-11-12T06:19:41.089436,06:19:41,8845.1,8845.1,3
2025-11-12T06:19:54.152825,06:19:54,8777.22,8777.22,3
2025-11-12T06:20:07.309024,06:20:07,8832.52,8832.52,3
2025-11-12T06:20:20.623849,06:20:20,8811.32,8811.32,3
2025-11-12T06:20:33.868284,06:20:33,8813.56,8813.56,3
2025-11-12T06:20:47.202747,06:20:47,8759.64,8759.64,3
2025-11-12T06:21:00.105332,06:21:00,8756.29,8756.29,3
2025-11-12T06:21:13.340665,06:21:13,8755.32,8755.32,3
2025-11-12T06:21:26.410095,06:21:26,8730.21,8730.21,3
2025-11-12T06:21:39.433966,06:21:39,8710.36,8710.36,3
2025-11-12T06:21:52.399151,06:21:52,8642.69,8642.69,3
2025-11-12T06:22:05.498587,06:22:05,8581.25,8581.25,3
2025-11-12T06:22:18.710503,06:22:18,8558.03,8558.03,3
2025-11-12T06:22:31.771066,06:22:31,8558.65,8558.65,3
2025-11-12T06:22:45.234993,06:22:45,8482.28,8482.28,3
2025-11-12T06:22:58.249790,06:22:58,8512.59,8512.59,3
2025-11-12T06:23:11.441615,06:23:11,8501.14,8501.14,3
2025-11-12T06:23:24.801538,06:23:24,8479.19,8479.19,3
2025-11-12T06:23:37.775769,06:23:37,8480.64,8480.64,3
2025-11-12T06:23:50.709107,06:23:50,8496.84,8496.84,3
2025-11-12T06:24:03.333842,06:24:03,8508.94,8508.94,3
2025-11-12T06:24:16.349267,06:24:16,8596.78,8596.78,3
2025-11-12T06:24:29.261051,06:24:29,8629.4,8629.4,3
2025-11-12T06:24:42.027771,06:24:42,8661.09,8661.09,3
2025-11-12T06:24:54.468175,06:24:54,8665.64,8665.64,3
2025-11-12T06:25:07.448339,06:25:07,8566.25,8566.25,3
2025-11-12T06:25:20.725479,06:25:20,8649.66,8649.66,3
2025-11-12T06:25:33.543606,06:25:33,8690.82,8690.82,3
2025-11-12T06:25:46.827182,06:25:46,8776.51,8776.51,3
2025-11-12T06:26:00.090790,06:26:00,8797.07,8797.07,3
2025-11-12T06:26:12.900011,06:26:12,8908.46,8908.46,3
2025-11-12T06:26:26.013328,06:26:26,8979.67,8979.67,3
2025-11-12T06:26:38.804600,06:26:38,8957.94,8957.94,3
2025-11-12T06:26:51.545976,06:26:51,8997.11,8997.11,3
2025-11-12T06:27:04.271289,06:27:04,8958.21,8958.21,3
2025-11-12T06:27:17.380560,06:27:17,8892.44,8892.44,3
2025-11-12T06:27:30.230664,06:27:30,8858.17,8858.17,3
2025-11-12T06:27:43.102214,06:27:43,8928.81,8928.81,3
2025-11-12T06:27:55.934418,06:27:55,8953.65,8953.65,3
2025-11-12T06:28:08.776108,06:28:08,8941.95,8941.95,3
2025-11-12T06:28:21.821101,06:28:21,8898.28,8898.28,3
2025-11-12T06:28:34.816577,06:28:34,8813.78,8813.78,3
2025-11-12T06:28:47.630330,06:28:47,8671.29,8671.29,3
2025-11-12T06:29:00.573951,06:29:00,8611.17,8611.17,3
2025-11-12T06:29:13.537074,06:29:13,8484.26,8484.26,3
2025-11-12T06:29:26.405284,06:29:26,8496.21,8496.21,3
2025-11-12T06:29:40.136181,06:29:40,8478.69,8478.69,3
2025-11-12T06:29:53.308430,06:29:53,8547.34,8547.34,3
2025-11-12T06:30:06.719088,06:30:06,8571.43,8571.43,3
2025-11-12T06:30:19.578323,06:30:19,8562.69,8562.69,3
2025-11-12T06:30:32.985730,06:30:32,8517.74,8517.74,3
2025-11-12T06:30:45.929310,06:30:45,8574.96,8574.96,3
2025-11-12T06:30:58.898667,06:30:58,8582.29,8582.29,3
2025-11-12T06:31:12.181904,06:31:12,8550.39,8550.39,3
2025-11-12T06:31:24.781858,06:31:24,8596.84,8596.84,3
2025-11-12T06:31:38.133633,06:31:38,8575.21,8575.21,3
2025-11-12T06:31:51.117895,06:31:51,8599.31,8599.31,3
2025-11-12T06:32:03.895687,06:32:03,8682.61,8682.61,3
2025-11-12T06:32:16.603304,06:32:16,8670.49,8670.49,3
2025-11-12T06:32:29.481984,06:32:29,8682.25,8682.25,3
2025-11-12T06:32:42.561145,06:32:42,8678.47,8678.47,3
2025-11-12T06:32:55.872795,06:32:55,8666.63,8666.63,3
2025-11-12T06:33:08.742850,06:33:08,8654.66,8654.66,3
2025-11-12T06:33:21.438849,06:33:21,8647.47,8647.47,3
2025-11-12T06:33:34.474468,06:33:34,8695.87,8695.87,3
2025-11-12T06:33:47.134077,06:33:47,8622.27,8622.27,3
2025-11-12T06:33:59.946733,06:33:59,8501.41,8501.41,3
2025-11-12T06:34:13.105083,06:34:13,8380.7,8380.7,3
2025-11-12T06:34:26.625798,06:34:26,8256.06,8256.06,3
2025-11-12T06:34:39.148558,06:34:39,8175.34,8175.34,3
2025-11-12T06:34:51.952954,06:34:51,8357.18,8357.18,3
2025-11-12T06:35:04.992649,06:35:04,8346.01,8346.01,3
2025-11-12T06:35:18.258315,06:35:18,8392.49,8392.49,3
2025-11-12T06:35:31.476424,06:35:31,8538.6,8538.6,3
2025-11-12T06:35:44.293282,06:35:44,8583.53,8583.53,3
2025-11-12T06:35:57.603477,06:35:57,8681.26,8681.26,3
2025-11-12T06:36:10.599266,06:36:10,8727.57,8727.57,3
2025-11-12T06:36:23.817851,06:36:23,8766.8,8766.8,3
2025-11-12T06:36:36.695880,06:36:36,8799.17,8799.17,3
2025-11-12T06:36:49.906354,06:36:49,8858.17,8858.17,3
2025-11-12T06:37:02.703387,06:37:02,8720.87,8720.87,3
2025-11-12T06:37:15.580145,06:37:15,8684.07,8684.07,3
2025-11-12T06:37:28.787567,06:37:28,8707.85,8707.85,3
2025-11-12T06:37:41.665209,06:37:41,8806.67,8806.67,3
2025-11-12T06:37:54.578320,06:37:54,8879.03,8879.03,3
2025-11-12T06:38:07.494246,06:38:07,8930.42,8930.42,3
2025-11-12T06:38:20.446195,06:38:20,8954.58,8954.58,3
2025-11-12T06:38:33.366208,06:38:33,8900.59,8900.59,3
2025-11-12T06:38:46.279653,06:38:46,8906.7,8906.7,3
2025-11-12T06:38:59.006208,06:38:59,8894.58,8894.58,3
2025-11-12T06:39:11.817947,06:39:11,8930.97,8930.97,3
2025-11-12T06:39:24.877307,06:39:24,8883.18,8883.18,3
2025-11-12T06:39:38.144244,06:39:38,8922.55,8922.55,3
2025-11-12T06:39:51.429272,06:39:51,8854.9,8854.9,3
2025-11-12T06:40:04.279424,06:40:04,9035.92,9035.92,3
2025-11-12T06:40:17.453662,06:40:17,9035.62,9035.62,3
2025-11-12T06:40:30.489970,06:40:30,9028.11,9028.11,3
2025-11-12T06:40:43.600005,06:40:43,9093.52,9093.52,3
2025-11-12T06:40:56.711749,06:40:56,9004.46,9004.46,3
2025-11-12T06:41:09.236944,06:41:09,8976.89,8976.89,3
2025-11-12T06:41:21.722625,06:41:21,8924.22,8924.22,3
2025-11-12T06:41:35.122440,06:41:35,8879.14,8879.14,3
2025-11-12T06:41:48.247570,06:41:48,8861.15,8861.15,3
2025-11-12T06:42:01.385782,06:42:01,8794.0,8794.0,3
2025-11-12T06:42:14.387886,06:42:14,8839.36,8839.36,3
2025-11-12T06:42:27.349423,06:42:27,8904.76,8904.76,3
2025-11-12T06:42:40.079096,06:42:40,8933.01,8933.01,3
2025-11-12T06:42:52.485873,06:42:52,8931.41,8931.41,3
2025-11-12T06:43:05.664540,06:43:05,9025.73,9025.73,3
2025-11-12T06:43:18.316279,06:43:18,9032.12,9032.12,3
2025-11-12T06:43:31.252183,06:43:31,9122.77,9122.77,3
2025-11-12T06:43:43.751188,06:43:43,9066.39,9066.39,3
2025-11-12T06:43:56.977678,06:43:56,9109.12,9109.12,3
2025-11-12T06:44:09.811743,06:44:09,9146.86,9146.86,3
2025-11-12T06:44:22.696992,06:44:22,9239.25,9239.25,3
2025-11-12T06:44:35.718739,06:44:35,9252.18,9252.18,3
2025-11-12T06:44:49.360950,06:44:49,9202.23,9202.23,3
2025-11-12T06:45:02.421921,06:45:02,9121.66,9121.66,3
2025-11-12T06:45:15.175211,06:45:15,9146.87,9146.87,3
2025-11-12T06:45:27.766958,06:45:27,9213.15,9213.15,3
2025-11-12T06:45:40.865346,06:45:40,9260.97,9260.97,3
2025-11-12T06:45:53.542624,06:45:53,9249.41,9249.41,3
2025-11-12T06:46:06.272703,06:46:06,9215.06,9215.06,3
2025-11-12T06:46:19.447605,06:46:19,9057.65,9057.65,3
2025-11-12T06:46:32.420624,06:46:32,9194.69,9194.69,3
2025-11-12T06:46:45.370243,06:46:45,9254.74,9254.74,3
2025-11-12T06:46:58.754111,06:46:58,9154.24,9154.24,3
2025-11-12T06:47:11.681557,06:47:11,9228.8,9228.8,3
2025-11-12T06:47:24.817823,06:47:24,9206.94,9206.94,3
2025-11-12T06:47:38.101922,06:47:38,9242.67,9242.67,3
2025-11-12T06:47:50.748869,06:47:50,9207.63,9207.63,3
2025-11-12T06:48:03.563869,06:48:03,9234.59,9234.59,3
2025-11-12T06:48:16.221883,06:48:16,9191.78,9191.78,3
2025-11-12T06:48:29.560815,06:48:29,9256.85,9256.85,3
2025-11-12T06:48:42.736478,06:48:42,9287.05,9287.05,3
2025-11-12T06:48:55.572302,06:48:55,9243.13,9243.13,3
2025-11-12T06:49:08.337351,06:49:08,9237.84,9237.84,3
2025-11-12T06:49:21.607188,06:49:21,9220.07,9220.07,3
2025-11-12T06:49:34.466977,06:49:34,9281.1,9281.1,3
2025-11-12T06:49:47.368191,06:49:47,9236.42,9236.42,3
2025-11-12T06:50:00.540335,06:50:00,9211.94,9211.94,3
2025-11-12T06:50:13.402728,06:50:13,9102.53,9102.53,3
2025-11-12T06:50:26.652401,06:50:26,9108.2,9108.2,3
2025-11-12T06:50:39.574826,06:50:39,9084.12,9084.12,3
2025-11-12T06:50:52.442188,06:50:52,9084.35,9084.35,3
2025-11-12T06:51:05.580362,06:51:05,9116.21,9116.21,3
2025-11-12T06:51:18.495492,06:51:18,9143.93,9143.93,3
2025-11-12T06:51:31.247404,06:51:31,9136.91,9136.91,3
2025-11-12T06:51:44.431729,06:51:44,9134.9,9134.9,3
2025-11-12T06:51:57.433891,06:51:57,9140.45,9140.45,3
2025-11-12T06:52:10.229734,06:52:10,9131.92,9131.92,3
2025-11-12T06:52:23.244340,06:52:23,9212.52,9212.52,3
2025-11-12T06:52:36.569965,06:52:36,9221.51,9221.51,3
2025-11-12T06:52:50.133125,06:52:50,9226.05,9226.05,3
2025-11-12T06:53:03.162442,06:53:03,9047.97,9047.97,3
2025-11-12T06:53:16.205205,06:53:16,9065.9,9065.9,3
2025-11-12T06:53:29.481958,06:53:29,9060.19,9060.19,3
2025-11-12T06:53:42.717055,06:53:42,9048.89,9048.89,3
2025-11-12T06:53:55.750961,06:53:55,8980.84,8980.84,3
2025-11-12T06:54:08.733961,06:54:08,8979.12,8979.12,3
2025-11-12T06:54:21.356953,06:54:21,8931.43,8931.43,3
2025-11-12T06:54:34.846740,06:54:34,8853.32,8853.32,3
2025-11-12T06:54:47.512297,06:54:47,8855.61,8855.61,3
2025-11-12T06:55:00.798780,06:55:00,8867.29,8867.29,3
2025-11-12T06:55:13.751846,06:55:13,8817.97,8817.97,3
2025-11-12T06:55:26.787504,06:55:26,8781.88,8781.88,3
2025-11-12T06:55:39.807520,06:55:39,8803.76,8803.76,3
2025-11-12T06:55:53.578109,06:55:53,8899.91,8899.91,3
2025-11-12T06:56:06.557841,06:56:06,8849.01,8849.01,3
2025-11-12T06:56:19.252481,06:56:19,8902.1,8902.1,3
2025-11-12T06:56:32.343914,06:56:32,8829.13,8829.13,3
2025-11-12T06:56:45.103723,06:56:45,8831.93,8831.93,3
2025-11-12T06:56:58.392586,06:56:58,8825.44,8825.44,3
2025-11-12T06:57:11.667390,06:57:11,8922.45,8922.45,3
2025-11-12T06:57:24.880151,06:57:24,9001.63,9001.63,3
2025-11-12T06:57:37.513697,06:57:37,9005.29,9005.29,3
2025-11-12T06:57:50.321350,06:57:50,9023.97,9023.97,3
2025-11-12T06:58:03.600886,06:58:03,9080.44,9080.44,3
2025-11-12T06:58:16.645375,06:58:16,9080.91,9080.91,3
2025-11-12T06:58:29.813838,06:58:29,9090.31,9090.31,3
2025-11-12T06:58:43.329539,06:58:43,9081.59,9081.59,3
2025-11-12T06:58:56.048640,06:58:56,9025.25,9025.25,3
2025-11-12T06:59:09.297065,06:59:09,9028.67,9028.67,3
2025-11-12T06:59:22.809517,06:59:22,9025.08,9025.08,3
2025-11-12T06:59:35.028769,06:59:35,9062.25,9062.25,3
2025-11-12T06:59:47.187286,06:59:47,9030.41,9030.41,3
2025-11-12T06:59:59.718050,06:59:59,9073.16,9073.16,3
2025-11-12T07:00:12.132989,07:00:12,9139.81,9139.81,3
2025-11-12T07:00:24.602855,07:00:24,9169.08,9169.08,3
2025-11-12T07:00:36.812541,07:00:36,9128.65,9128.65,3
2025-11-12T07:00:49.025322,07:00:49,9152.57,9152.57,3
2025-11-12T07:01:01.678382,07:01:01,9080.64,9080.64,3
2025-11-12T07:01:13.865208,07:01:13,9121.37,9121.37,3
2025-11-12T07:01:26.481658,07:01:26,9135.73,9135.73,3
2025-11-12T07:01:38.674527,07:01:38,9108.9,9108.9,3
2025-11-12T07:01:51.516609,07:01:51,9034.23,9034.23,3
2025-11-12T07:02:03.738297,07:02:03,9066.2,9066.2,3
2025-11-12T07:02:16.185290,07:02:16,9115.98,9115.98,3
2025-11-12T07:02:28.511611,07:02:28,9107.47,9107.47,3
2025-11-12T07:02:40.988860,07:02:40,9032.67,9032.67,3
2025-11-12T07:02:53.224428,07:02:53,8991.53,8991.53,3
2025-11-12T07:03:05.462028,07:03:05,8944.58,8944.58,3
2025-11-12T07:03:17.880884,07:03:17,8940.16,8940.16,3
2025-11-12T07:03:30.081081,07:03:30,9036.24,9036.24,3
2025-11-12T07:03:42.493394,07:03:42,9044.97,9044.97,3
2025-11-12T07:03:54.710205,07:03:54,9025.16,9025.16,3
2025-11-12T07:04:07.458987,07:04:07,9077.67,9077.67,3
2025-11-12T07:04:20.122700,07:04:20,9037.91,9037.91,3
2025-11-12T07:04:32.508872,07:04:32,9104.81,9104.81,3
2025-11-12T07:04:45.046223,07:04:45,9143.62,9143.62,3
2025-11-12T07:04:57.537020,07:04:57,9136.72,9136.72,3
2025-11-12T07:05:09.961642,07:05:09,9129.68,9129.68,3
2025-11-12T07:05:22.747263,07:05:22,9172.33,9172.33,3
2025-11-12T07:05:35.054659,07:05:35,9205.48,9205.48,3
2025-11-12T07:05:47.523448,07:05:47,9274.95,9274.95,3
2025-11-12T07:06:00.413922,07:06:00,9231.93,9231.93,3
2025-11-12T07:06:12.843062,07:06:12,9288.85,9288.85,3
2025-11-12T07:06:25.288938,07:06:25,9195.84,9195.84,3
2025-11-12T07:06:37.773349,07:06:37,9237.15,9237.15,3
2025-11-12T07:06:50.279221,07:06:50,9292.01,9292.01,3
2025-11-12T07:07:02.562094,07:07:02,9275.39,9275.39,3
2025-11-12T07:07:15.363319,07:07:15,9209.45,9209.45,3
2025-11-12T07:07:27.860183,07:07:27,9171.9,9171.9,3
2025-11-12T07:07:40.411025,07:07:40,9065.76,9065.76,3
2025-11-12T07:07:52.816791,07:07:52,9054.3,9054.3,3
2025-11-12T07:08:05.246924,07:08:05,9081.84,9081.84,3
2025-11-12T07:08:17.899827,07:08:17,9092.27,9092.27,3
2025-11-12T07:08:30.359630,07:08:30,9102.03,9102.03,3
2025-11-12T07:08:42.961313,07:08:42,9137.66,9137.66,3
2025-11-12T07:08:55.770196,07:08:55,9144.08,9144.08,3
2025-11-12T07:09:08.451168,07:09:08,9181.39,9181.39,3
2025-11-12T07:09:21.022714,07:09:21,9166.45,9166.45,3
2025-11-12T07:09:34.110703,07:09:34,9235.09,9235.09,3
2025-11-12T07:09:47.770401,07:09:47,9213.42,9213.42,3
2025-11-12T07:10:00.930530,07:10:00,9167.2,9167.2,3
2025-11-12T07:10:14.157638,07:10:14,9214.14,9214.14,3
2025-11-12T07:10:27.636276,07:10:27,9201.84,9201.84,3
2025-11-12T07:10:41.573352,07:10:41,9143.71,9143.71,3
2025-11-12T07:10:54.999712,07:10:54,9181.59,9181.59,3
2025-11-12T07:11:08.101306,07:11:08,9212.78,9212.78,3
2025-11-12T07:11:21.384368,07:11:21,9169.64,9169.64,3
2025-11-12T07:11:34.709311,07:11:34,9250.68,9250.68,3
2025-11-12T07:11:48.219005,07:11:48,9260.35,9260.35,3
2025-11-12T07:12:01.296495,07:12:01,9268.02,9268.02,3
2025-11-12T07:12:14.827581,07:12:14,9302.63,9302.63,3
2025-11-12T07:12:27.834019,07:12:27,9275.36,9275.36,3
2025-11-12T07:12:41.372966,07:12:41,9214.46,9214.46,3
2025-11-12T07:12:54.529548,07:12:54,9191.67,9191.67,3
2025-11-12T07:13:08.191499,07:13:08,9215.04,9215.04,3
2025-11-12T07:13:21.375769,07:13:21,9194.51,9194.51,3
2025-11-12T07:13:34.614337,07:13:34,9196.77,9196.77,3
2025-11-12T07:13:48.041452,07:13:48,9159.19,9159.19,3
2025-11-12T07:14:01.224312,07:14:01,9140.04,9140.04,3
2025-11-12T07:14:14.617267,07:14:14,9100.23,9100.23,3
2025-11-12T07:14:28.277486,07:14:28,9076.19,9076.19,3
2025-11-12T07:14:41.527562,07:14:41,9056.08,9056.08,3
2025-11-12T07:14:54.928120,07:14:54,9046.71,9046.71,3
2025-11-12T07:15:08.401086,07:15:08,9057.88,9057.88,3
2025-11-12T07:15:21.684176,07:15:21,9064.1,9064.1,3
2025-11-12T07:15:35.074632,07:15:35,9010.59,9010.59,3
2025-11-12T07:15:48.327453,07:15:48,9047.37,9047.37,3
2025-11-12T07:16:01.097005,07:16:01,9066.0,9066.0,3
2025-11-12T07:16:14.203021,07:16:14,9097.93,9097.93,3
2025-11-12T07:16:27.432058,07:16:27,9076.65,9076.65,3
2025-11-12T07:16:40.577531,07:16:40,9081.55,9081.55,3
2025-11-12T07:16:53.924750,07:16:53,9086.91,9086.91,3
2025-11-12T07:17:07.365938,07:17:07,9084.94,9084.94,3
2025-11-12T07:17:20.946191,07:17:20,9081.73,9081.73,3
2025-11-12T07:17:34.003205,07:17:34,9153.24,9153.24,3
2025-11-12T07:17:46.906018,07:17:46,9219.66,9219.66,3
2025-11-12T07:18:00.326352,07:18:00,9233.69,9233.69,3
2025-11-12T07:18:13.290364,07:18:13,9222.88,9222.88,3
2025-11-12T07:18:26.952612,07:18:26,9270.33,9270.33,3
2025-11-12T07:18:40.427655,07:18:40,9296.21,9296.21,3
2025-11-12T07:18:53.457846,07:18:53,9305.99,9305.99,3
2025-11-12T07:19:06.169980,07:19:06,9397.19,9397.19,3
2025-11-12T07:19:19.411526,07:19:19,9393.52,9393.52,3
2025-11-12T07:19:32.650824,07:19:32,9299.78,9299.78,3
2025-11-12T07:19:45.672604,07:19:45,9333.06,9333.06,3
2025-11-12T07:19:59.306892,07:19:59,9344.14,9344.14,3
2025-11-12T07:20:12.753721,07:20:12,9349.37,9349.37,3
2025-11-12T07:20:25.904608,07:20:25,9354.98,9354.98,3
2025-11-12T07:20:39.009689,07:20:39,9390.22,9390.22,3
2025-11-12T07:20:51.726927,07:20:51,9300.98,9300.98,3
2025-11-12T07:21:04.692378,07:21:04,9230.74,9230.74,3
2025-11-12T07:21:17.952997,07:21:17,9279.13,9279.13,3
2025-11-12T07:21:31.254758,07:21:31,9250.27,9250.27,3
2025-11-12T07:21:44.504712,07:21:44,9164.7,9164.7,3
2025-11-12T07:21:57.153259,07:21:57,9215.79,9215.79,3
2025-11-12T07:22:10.268084,07:22:10,9311.44,9311.44,3
2025-11-12T07:22:23.614096,07:22:23,9297.46,9297.46,3
2025-11-12T07:22:36.580415,07:22:36,9269.32,9269.32,3
2025-11-12T07:22:49.414722,07:22:49,9297.34,9297.34,3
2025-11-12T07:23:02.287214,07:23:02,9330.32,9330.32,3
2025-11-12T07:23:15.532169,07:23:15,9325.86,9325.86,3
2025-11-12T07:23:28.468536,07:23:28,9356.17,9356.17,3
2025-11-12T07:23:41.589029,07:23:41,9302.46,9302.46,3
2025-11-12T07:23:55.454971,07:23:55,9341.29,9341.29,3
2025-11-12T07:24:09.391515,07:24:09,9358.0,9358.0,3
2025-11-12T07:24:22.845796,07:24:22,9408.8,9408.8,3
2025-11-12T07:24:36.070070,07:24:36,9459.81,9459.81,3
2025-11-12T07:24:49.288723,07:24:49,9424.35,9424.35,3
2025-11-12T07:25:03.015785,07:25:03,9406.95,9406.95,3
2025-11-12T07:25:16.725412,07:25:16,9372.45,9372.45,3
2025-11-12T07:25:29.994746,07:25:29,9404.77,9404.77,3
2025-11-12T07:25:43.246139,07:25:43,9407.85,9407.85,3
2025-11-12T07:25:55.980941,07:25:55,9409.79,9409.79,3
2025-11-12T07:26:09.511616,07:26:09,9410.59,9410.59,3
2025-11-12T07:26:22.718824,07:26:22,9372.53,9372.53,3
2025-11-12T07:26:35.743427,07:26:35,9328.45,9328.45,3
2025-11-12T07:26:49.073847,07:26:49,9347.6,9347.6,3
2025-11-12T07:27:02.413688,07:27:02,9356.93,9356.93,3
2025-11-12T07:27:15.727216,07:27:15,9342.71,9342.71,3
2025-11-12T07:27:29.032237,07:27:29,9290.75,9290.75,3
2025-11-12T07:27:42.071539,07:27:42,9260.87,9260.87,3
2025-11-12T07:27:55.546570,07:27:55,9221.81,9221.81,3
2025-11-12T07:28:09.203195,07:28:09,9174.73,9174.73,3
2025-11-12T07:28:22.578173,07:28:22,9128.06,9128.06,3
2025-11-12T07:28:35.929236,07:28:35,9155.71,9155.71,3
2025-11-12T07:28:49.241552,07:28:49,9184.91,9184.91,3
2025-11-12T07:29:02.544575,07:29:02,9169.91,9169.91,3
2025-11-12T07:29:16.337281,07:29:16,9282.26,9282.26,3
2025-11-12T07:29:29.580455,07:29:29,9262.85,9262.85,3
2025-11-12T07:29:43.050015,07:29:43,9252.84,9252.84,3
2025-11-12T07:29:56.203704,07:29:56,9252.07,9252.07,3
2025-11-12T07:30:09.735278,07:30:09,9253.69,9253.69,3
2025-11-12T07:30:23.430267,07:30:23,9302.8,9302.8,3
2025-11-12T07:30:36.471638,07:30:36,9347.34,9347.34,3
2025-11-12T07:30:50.023265,07:30:50,9407.08,9407.08,3
2025-11-12T07:31:03.220160,07:31:03,9397.87,9397.87,3
2025-11-12T07:31:16.243460,07:31:16,9380.93,9380.93,3
2025-11-12T07:31:29.368949,07:31:29,9415.93,9415.93,3
2025-11-12T07:31:42.789112,07:31:42,9398.89,9398.89,3
2025-11-12T07:31:55.651722,07:31:55,9289.02,9289.02,3
2025-11-12T07:32:09.007150,07:32:09,9217.13,9217.13,3
2025-11-12T07:32:22.457620,07:32:22,9189.09,9189.09,3
2025-11-12T07:32:35.438970,07:32:35,9243.77,9243.77,3
2025-11-12T07:32:48.641412,07:32:48,9240.92,9240.92,3
2025-11-12T07:33:01.337754,07:33:01,9234.69,9234.69,3
2025-11-12T07:33:14.790623,07:33:14,9264.7,9264.7,3
2025-11-12T07:33:28.523548,07:33:28,9222.87,9222.87,3
2025-11-12T07:33:42.637590,07:33:42,9206.12,9206.12,3
2025-11-12T07:33:56.358453,07:33:56,9203.68,9203.68,3
2025-11-12T07:34:09.191180,07:34:09,9161.71,9161.71,3
2025-11-12T07:34:22.621445,07:34:22,9131.52,9131.52,3
2025-11-12T07:34:36.316156,07:34:36,9141.22,9141.22,3
2025-11-12T07:34:49.557366,07:34:49,9133.64,9133.64,3
2025-11-12T07:35:02.587421,07:35:02,9152.93,9152.93,3
2025-11-12T07:35:16.030212,07:35:16,9257.48,9257.48,3
2025-11-12T07:35:29.195898,07:35:29,9256.34,9256.34,3
2025-11-12T07:35:42.702414,07:35:42,9238.5,9238.5,3
2025-11-12T07:35:55.706697,07:35:55,9270.04,9270.04,3
2025-11-12T07:36:08.663521,07:36:08,9269.46,9269.46,3
2025-11-12T07:36:21.778162,07:36:21,9266.98,9266.98,3
2025-11-12T07:36:34.673844,07:36:34,9259.75,9259.75,3
2025-11-12T07:36:48.423769,07:36:48,9303.75,9303.75,3
2025-11-12T07:37:01.800948,07:37:01,9298.46,9298.46,3
2025-11-12T07:37:15.139608,07:37:15,9230.37,9230.37,3
2025-11-12T07:37:28.236780,07:37:28,9167.22,9167.22,3
2025-11-12T07:37:41.934576,07:37:41,9235.56,9235.56,3
2025-11-12T07:37:55.559850,07:37:55,9270.75,9270.75,3
2025-11-12T07:38:09.170069,07:38:09,9354.63,9354.63,3
2025-11-12T07:38:22.288784,07:38:22,9351.3,9351.3,3
2025-11-12T07:38:35.027918,07:38:35,9297.72,9297.72,3
2025-11-12T07:38:47.835444,07:38:47,9251.88,9251.88,3
2025-11-12T07:39:00.282627,07:39:00,9312.31,9312.31,3
2025-11-12T07:39:12.352271,07:39:12,9398.26,9398.26,3
2025-11-12T07:39:24.576193,07:39:24,9386.6,9386.6,3
2025-11-12T07:39:36.800280,07:39:36,9454.36,9454.36,3
2025-11-12T07:39:48.991236,07:39:48,9398.81,9398.81,3
2025-11-12T07:40:01.486242,07:40:01,9356.95,9356.95,3
2025-11-12T07:40:13.841653,07:40:13,9376.85,9376.85,3
2025-11-12T07:40:26.589483,07:40:26,9374.87,9374.87,3
2025-11-12T07:40:39.220163,07:40:39,9364.61,9364.61,3
2025-11-12T07:40:51.578439,07:40:51,9354.22,9354.22,3
2025-11-12T07:41:04.004230,07:41:04,9363.23,9363.23,3
2025-11-12T07:41:16.625740,07:41:16,9322.84,9322.84,3
2025-11-12T07:41:29.432520,07:41:29,9402.95,9402.95,3
2025-11-12T07:41:41.687276,07:41:41,9390.73,9390.73,3
2025-11-12T07:41:54.464779,07:41:54,9365.01,9365.01,3
2025-11-12T07:42:06.783876,07:42:06,9379.61,9379.61,3
2025-11-12T07:42:18.941215,07:42:18,9412.21,9412.21,3
2025-11-12T07:42:31.199923,07:42:31,9426.26,9426.26,3
2025-11-12T07:42:43.697463,07:42:43,9463.1,9463.1,3
2025-11-12T07:42:56.238952,07:42:56,9482.08,9482.08,3
2025-11-12T07:43:08.566319,07:43:08,9496.23,9496.23,3
2025-11-12T07:43:20.710677,07:43:20,9476.03,9476.03,3
2025-11-12T07:43:32.907177,07:43:32,9466.42,9466.42,3
2025-11-12T07:43:45.401129,07:43:45,9477.81,9477.81,3
2025-11-12T07:43:57.971434,07:43:57,9455.65,9455.65,3
2025-11-12T07:44:10.301336,07:44:10,9448.92,9448.92,3
2025-11-12T07:44:22.698579,07:44:22,9487.92,9487.92,3
2025-11-12T07:44:35.089823,07:44:35,9477.56,9477.56,3
2025-11-12T07:44:47.461496,07:44:47,9479.81,9479.81,3
2025-11-12T07:44:59.671829,07:44:59,9482.11,9482.11,3
2025-11-12T07:45:11.786491,07:45:11,9504.34,9504.34,3
2025-11-12T07:45:24.070243,07:45:24,9491.03,9491.03,3
2025-11-12T07:45:36.466101,07:45:36,9494.4,9494.4,3
2025-11-12T07:45:48.752917,07:45:48,9499.59,9499.59,3
2025-11-12T07:46:01.180242,07:46:01,9512.14,9512.14,3
2025-11-12T07:46:14.152603,07:46:14,9559.73,9559.73,3
2025-11-12T07:46:26.552754,07:46:26,9598.37,9598.37,3
2025-11-12T07:46:39.032510,07:46:39,9628.92,9628.92,3
2025-11-12T07:46:51.330633,07:46:51,9660.05,9660.05,3
2025-11-12T07:47:03.690811,07:47:03,9541.79,9541.79,3
2025-11-12T07:47:16.169012,07:47:16,9556.4,9556.4,3
2025-11-12T07:47:28.249092,07:47:28,9534.65,9534.65,3
2025-11-12T07:47:40.681746,07:47:40,9590.0,9590.0,3
2025-11-12T07:47:52.996885,07:47:52,9604.8,9604.8,3
2025-11-12T07:48:05.321766,07:48:05,9616.39,9616.39,3
2025-11-12T07:48:17.689932,07:48:17,9606.72,9606.72,3
2025-11-12T07:48:30.365047,07:48:30,9587.28,9587.28,3
2025-11-12T07:48:42.889180,07:48:42,9579.0,9579.0,3
2025-11-12T07:48:55.291637,07:48:55,9638.54,9638.54,3
2025-11-12T07:49:07.671864,07:49:07,9602.34,9602.34,3
2025-11-12T07:49:19.907648,07:49:19,9582.98,9582.98,3
2025-11-12T07:49:32.262057,07:49:32,9579.37,9579.37,3
2025-11-12T07:49:44.665360,07:49:44,9587.51,9587.51,3
2025-11-12T07:49:57.219449,07:49:57,9632.34,9632.34,3
2025-11-12T07:50:09.599731,07:50:09,9503.73,9503.73,3
2025-11-12T07:50:22.218328,07:50:22,9388.36,9388.36,3
2025-11-12T07:50:35.034623,07:50:35,9376.39,9376.39,3
2025-11-12T07:50:47.601512,07:50:47,9332.39,9332.39,3
2025-11-12T07:51:00.044371,07:51:00,9321.46,9321.46,3
2025-11-12T07:51:12.371268,07:51:12,9310.88,9310.88,3
2025-11-12T07:51:25.135680,07:51:25,9353.2,9353.2,3
2025-11-12T07:51:37.786701,07:51:37,9384.22,9384.22,3
2025-11-12T07:51:50.557765,07:51:50,9357.96,9357.96,3
2025-11-12T07:52:03.156094,07:52:03,9354.68,9354.68,3
2025-11-12T07:52:15.852826,07:52:15,9428.62,9428.62,3
2025-11-12T07:52:28.344636,07:52:28,9473.94,9473.94,3
2025-11-12T07:52:41.283552,07:52:41,9528.95,9528.95,3
2025-11-12T07:52:54.218301,07:52:54,9545.5,9545.5,3
2025-11-12T07:53:07.146311,07:53:07,9576.67,9576.67,3
2025-11-12T07:53:20.201937,07:53:20,9590.55,9590.55,3
2025-11-12T07:53:32.572139,07:53:32,9536.04,9536.04,3
2025-11-12T07:53:46.008576,07:53:46,9479.05,9479.05,3
2025-11-12T07:53:59.386090,07:53:59,9426.88,9426.88,3
2025-11-12T07:54:12.575947,07:54:12,9504.48,9504.48,3
2025-11-12T07:54:25.856688,07:54:25,9544.05,9544.05,3
2025-11-12T07:54:38.845361,07:54:38,9559.45,9559.45,3
2025-11-12T07:54:52.166331,07:54:52,9589.63,9589.63,3
2025-11-12T07:55:05.286022,07:55:05,9556.51,9556.51,3
2025-11-12T07:55:18.074216,07:55:18,9530.72,9530.72,3
2025-11-12T07:55:31.510816,07:55:31,9502.27,9502.27,3
2025-11-12T07:55:44.991690,07:55:44,9540.41,9540.41,3
2025-11-12T07:55:58.539537,07:55:58,9512.22,9512.22,3
2025-11-12T07:56:11.799750,07:56:11,9457.63,9457.63,3
2025-11-12T07:56:25.354315,07:56:25,9479.17,9479.17,3
2025-11-12T07:56:37.710485,07:56:37,9448.54,9448.54,3
2025-11-12T07:56:50.104453,07:56:50,9444.06,9444.06,3
2025-11-12T07:57:02.886091,07:57:02,9404.37,9404.37,3
2025-11-12T07:57:15.380039,07:57:15,9433.15,9433.15,3
2025-11-12T07:57:27.866814,07:57:27,9400.16,9400.16,3
2025-11-12T07:57:40.220934,07:57:40,9452.24,9452.24,3
2025-11-12T07:57:52.655335,07:57:52,9427.73,9427.73,3
2025-11-12T07:58:05.227127,07:58:05,9420.18,9420.18,3
2025-11-12T07:58:17.735765,07:58:17,9396.3,9396.3,3
2025-11-12T07:58:29.894529,07:58:29,9402.09,9402.09,3
2025-11-12T07:58:42.436031,07:58:42,9406.59,9406.59,3
2025-11-12T07:58:54.703035,07:58:54,9401.96,9401.96,3
2025-11-12T07:59:07.198277,07:59:07,9377.44,9377.44,3
2025-11-12T07:59:20.020663,07:59:20,9344.37,9344.37,3
2025-11-12T07:59:32.355557,07:59:32,9434.93,9434.93,3
2025-11-12T07:59:44.743793,07:59:44,9471.45,9471.45,3
2025-11-12T07:59:57.388640,07:59:57,9496.85,9496.85,3
2025-11-12T08:00:09.676359,08:00:09,9474.94,9474.94,3
2025-11-12T08:00:21.908409,08:00:21,9474.51,9474.51,3
2025-11-12T08:00:34.473732,08:00:34,9440.56,9440.56,3
2025-11-12T08:00:47.281749,08:00:47,9416.48,9416.48,3
2025-11-12T08:00:59.744156,08:00:59,9370.43,9370.43,3
2025-11-12T08:01:12.213536,08:01:12,9291.84,9291.84,3
2025-11-12T08:01:24.733695,08:01:24,9311.79,9311.79,3
2025-11-12T08:01:37.662312,08:01:37,9230.88,9230.88,3
2025-11-12T08:01:49.962087,08:01:49,9232.2,9232.2,3
2025-11-12T08:02:02.470809,08:02:02,9245.37,9245.37,3
2025-11-12T08:02:15.397237,08:02:15,8938.47,8938.47,3
2025-11-12T08:02:27.809491,08:02:27,8891.79,8891.79,3
2025-11-12T08:02:40.337158,08:02:40,8876.75,8876.75,3
2025-11-12T08:02:53.235469,08:02:53,8898.84,8898.84,3
2025-11-12T08:03:05.897565,08:03:05,8885.65,8885.65,3
2025-11-12T08:03:18.659009,08:03:18,8848.95,8848.95,3
2025-11-12T08:03:31.023817,08:03:31,8873.74,8873.74,3
2025-11-12T08:03:43.757510,08:03:43,8784.1,8784.1,3
2025-11-12T08:03:56.625025,08:03:56,8806.14,8806.14,3
2025-11-12T08:04:09.406803,08:04:09,8913.11,8913.11,3
2025-11-12T08:04:22.222778,08:04:22,8941.93,8941.93,3
2025-11-12T08:04:35.167765,08:04:35,8990.35,8990.35,3
2025-11-12T08:04:47.932365,08:04:47,8963.44,8963.44,3
2025-11-12T08:05:00.538289,08:05:00,9002.18,9002.18,3
2025-11-12T08:05:13.483237,08:05:13,8998.59,8998.59,3
2025-11-12T08:05:26.074891,08:05:26,8973.3,8973.3,3
2025-11-12T08:05:38.545164,08:05:38,8938.79,8938.79,3
2025-11-12T08:05:51.264004,08:05:51,8904.96,8904.96,3
2025-11-12T08:06:03.718390,08:06:03,8931.55,8931.55,3
2025-11-12T08:06:16.523441,08:06:16,8906.03,8906.03,3
2025-11-12T08:06:28.952571,08:06:28,8928.65,8928.65,3
2025-11-12T08:06:41.226501,08:06:41,8940.28,8940.28,3
2025-11-12T08:06:53.636418,08:06:53,8930.7,8930.7,3
2025-11-12T08:07:06.266518,08:07:06,8888.55,8888.55,3
2025-11-12T08:07:18.964945,08:07:18,8911.08,8911.08,3
2025-11-12T08:07:31.218310,08:07:31,8884.41,8884.41,3
2025-11-12T08:07:43.548613,08:07:43,8949.0,8949.0,3
2025-11-12T08:07:56.352567,08:07:56,9042.44,9042.44,3
2025-11-12T08:08:09.321429,08:08:09,9058.46,9058.46,3
2025-11-12T08:08:22.363811,08:08:22,9065.43,9065.43,3
2025-11-12T08:08:35.112363,08:08:35,9090.65,9090.65,3
2025-11-12T08:08:47.747161,08:08:47,9173.11,9173.11,3
2025-11-12T08:09:00.518215,08:09:00,9183.1,9183.1,3
2025-11-12T08:09:13.351978,08:09:13,9216.57,9216.57,3
2025-11-12T08:09:25.713458,08:09:25,9223.7,9223.7,3
2025-11-12T08:09:38.104384,08:09:38,9166.42,9166.42,3
2025-11-12T08:09:50.318890,08:09:50,9100.66,9100.66,3
2025-11-12T08:10:02.615163,08:10:02,9068.59,9068.59,3
2025-11-12T08:10:14.671113,08:10:14,9009.64,9009.64,3
2025-11-12T08:10:27.454481,08:10:27,9057.8,9057.8,3
2025-11-12T08:10:39.928938,08:10:39,8998.87,8998.87,3
2025-11-12T08:10:52.677297,08:10:52,9003.37,9003.37,3
2025-11-12T08:11:05.186822,08:11:05,8977.21,8977.21,3
2025-11-12T08:11:17.721312,08:11:17,8951.24,8951.24,3
2025-11-12T08:11:30.148830,08:11:30,8944.41,8944.41,3
2025-11-12T08:11:42.649512,08:11:42,8976.29,8976.29,3
2025-11-12T08:11:54.846852,08:11:54,9011.65,9011.65,3
2025-11-12T08:12:07.412391,08:12:07,8982.67,8982.67,3
2025-11-12T08:12:20.037772,08:12:20,8948.06,8948.06,3
2025-11-12T08:12:33.188987,08:12:33,8950.58,8950.58,3
2025-11-12T08:12:45.733142,08:12:45,8913.33,8913.33,3
2025-11-12T08:12:58.419649,08:12:58,8898.3,8898.3,3
2025-11-12T08:13:10.937866,08:13:10,8854.32,8854.32,3
2025-11-12T08:13:23.348124,08:13:23,8822.14,8822.14,3
2025-11-12T08:13:35.792817,08:13:35,8828.89,8828.89,3
2025-11-12T08:13:48.605900,08:13:48,8851.04,8851.04,3
2025-11-12T08:14:01.596548,08:14:01,8826.36,8826.36,3
2025-11-12T08:14:14.073485,08:14:14,8810.37,8810.37,3
2025-11-12T08:14:26.470698,08:14:26,8788.53,8788.53,3
2025-11-12T08:14:39.736421,08:14:39,8783.16,8783.16,3
2025-11-12T08:14:52.735763,08:14:52,8849.12,8849.12,3
2025-11-12T08:15:05.165668,08:15:05,8899.68,8899.68,3
2025-11-12T08:15:17.637692,08:15:17,9003.11,9003.11,3
2025-11-12T08:15:29.901608,08:15:29,8914.28,8914.28,3
2025-11-12T08:15:42.579650,08:15:42,8997.72,8997.72,3
2025-11-12T08:15:55.132978,08:15:55,9034.25,9034.25,3
2025-11-12T08:16:07.846214,08:16:07,9029.61,9029.61,3
2025-11-12T08:16:20.220230,08:16:20,9018.93,9018.93,3
2025-11-12T08:16:32.675035,08:16:32,8952.08,8952.08,3
2025-11-12T08:16:45.561921,08:16:45,8905.23,8905.23,3
2025-11-12T08:16:58.333875,08:16:58,8857.84,8857.84,3
2025-11-12T08:17:10.840536,08:17:10,8844.78,8844.78,3
2025-11-12T08:17:23.511942,08:17:23,8912.06,8912.06,3
2025-11-12T08:17:36.196729,08:17:36,8904.7,8904.7,3
2025-11-12T08:17:48.723024,08:17:48,8891.73,8891.73,3
2025-11-12T08:18:01.041686,08:18:01,8853.32,8853.32,3
2025-11-12T08:18:13.269338,08:18:13,8813.04,8813.04,3
2025-11-12T08:18:25.572773,08:18:25,8846.46,8846.46,3
2025-11-12T08:18:38.168793,08:18:38,8918.88,8918.88,3
2025-11-12T08:18:50.862675,08:18:50,8911.16,8911.16,3
2025-11-12T08:19:03.620266,08:19:03,8924.16,8924.16,3
2025-11-12T08:19:16.319104,08:19:16,8952.49,8952.49,3
2025-11-12T08:19:28.443645,08:19:28,8938.52,8938.52,3
2025-11-12T08:19:40.687771,08:19:40,8957.21,8957.21,3
2025-11-12T08:19:52.821104,08:19:52,8930.16,8930.16,3
2025-11-12T08:20:05.258233,08:20:05,8883.16,8883.16,3
2025-11-12T08:20:18.075920,08:20:18,8852.43,8852.43,3
2025-11-12T08:20:30.517696,08:20:30,8903.62,8903.62,3
2025-11-12T08:20:42.784608,08:20:42,8860.11,8860.11,3
2025-11-12T08:20:55.213932,08:20:55,8836.66,8836.66,3
2025-11-12T08:21:07.683738,08:21:07,8856.81,8856.81,3
2025-11-12T08:21:20.318563,08:21:20,8860.03,8860.03,3
2025-11-12T08:21:33.242365,08:21:33,8853.05,8853.05,3
2025-11-12T08:21:45.799393,08:21:45,8886.6,8886.6,3
2025-11-12T08:21:58.278638,08:21:58,8939.23,8939.23,3
2025-11-12T08:22:10.782865,08:22:10,9001.28,9001.28,3
2025-11-12T08:22:23.439740,08:22:23,9022.79,9022.79,3
2025-11-12T08:22:36.541047,08:22:36,9045.84,9045.84,3
2025-11-12T08:22:49.235115,08:22:49,9061.36,9061.36,3
2025-11-12T08:23:01.724400,08:23:01,9067.32,9067.32,3
2025-11-12T08:23:14.364433,08:23:14,9113.96,9113.96,3
2025-11-12T08:23:27.048637,08:23:27,9190.86,9190.86,3
2025-11-12T08:23:39.552511,08:23:39,9233.9,9233.9,3
2025-11-12T08:23:51.749321,08:23:51,9196.23,9196.23,3
2025-11-12T08:24:03.964192,08:24:03,9188.9,9188.9,3
2025-11-12T08:24:16.632447,08:24:16,9173.44,9173.44,3
2025-11-12T08:24:29.284183,08:24:29,9194.83,9194.83,3
2025-11-12T08:24:41.909351,08:24:41,9250.5,9250.5,3
2025-11-12T08:24:54.340209,08:24:54,9258.95,9258.95,3
2025-11-12T08:25:06.659102,08:25:06,9280.53,9280.53,3
2025-11-12T08:25:19.346072,08:25:19,9314.12,9314.12,3
2025-11-12T08:25:31.692624,08:25:31,9254.02,9254.02,3
2025-11-12T08:25:44.188183,08:25:44,9273.22,9273.22,3
2025-11-12T08:25:56.327323,08:25:56,9268.42,9268.42,3
2025-11-12T08:26:08.693580,08:26:08,9267.02,9267.02,3
2025-11-12T08:26:20.937760,08:26:20,9238.17,9238.17,3
2025-11-12T08:26:33.283213,08:26:33,9208.05,9208.05,3
2025-11-12T08:26:46.183021,08:26:46,9150.12,9150.12,3
2025-11-12T08:26:58.389702,08:26:58,9129.57,9129.57,3
2025-11-12T08:27:10.896056,08:27:10,9042.69,9042.69,3
2025-11-12T08:27:23.274451,08:27:23,9092.53,9092.53,3
2025-11-12T08:27:35.391336,08:27:35,9084.75,9084.75,3
2025-11-12T08:27:47.823551,08:27:47,9115.46,9115.46,3
2025-11-12T08:28:00.365855,08:28:00,9172.03,9172.03,3
2025-11-12T08:28:13.243738,08:28:13,9204.38,9204.38,3
2025-11-12T08:28:25.461351,08:28:25,9234.55,9234.55,3
2025-11-12T08:28:37.877168,08:28:37,9228.15,9228.15,3
2025-11-12T08:28:50.208298,08:28:50,9226.2,9226.2,3
2025-11-12T08:29:02.577545,08:29:02,9277.7,9277.7,3
2025-11-12T08:29:15.281806,08:29:15,9299.08,9299.08,3
2025-11-12T08:29:28.130670,08:29:28,9242.12,9242.12,3
2025-11-12T08:29:40.671713,08:29:40,9235.05,9235.05,3
2025-11-12T08:29:53.107892,08:29:53,9229.83,9229.83,3
2025-11-12T08:30:05.275443,08:30:05,9191.44,9191.44,3
2025-11-12T08:30:17.812943,08:30:17,9163.35,9163.35,3
2025-11-12T08:30:30.116128,08:30:30,9116.68,9116.68,3
2025-11-12T08:30:42.204055,08:30:42,9149.35,9149.35,3
2025-11-12T08:30:54.873677,08:30:54,9174.8,9174.8,3
2025-11-12T08:31:06.942433,08:31:06,9276.91,9276.91,3
2025-11-12T08:31:19.646687,08:31:19,9286.41,9286.41,3
2025-11-12T08:31:31.650576,08:31:31,9307.18,9307.18,3
2025-11-12T08:31:43.841380,08:31:43,9304.23,9304.23,3
2025-11-12T08:31:56.420887,08:31:56,9318.91,9318.91,3
2025-11-12T08:32:08.728382,08:32:08,9337.61,9337.61,3
2025-11-12T08:32:21.442345,08:32:21,9356.54,9356.54,3
2025-11-12T08:32:33.678314,08:32:33,9353.27,9353.27,3
2025-11-12T08:32:46.242046,08:32:46,9217.83,9217.83,3
2025-11-12T08:32:58.337145,08:32:58,9222.17,9222.17,3
2025-11-12T08:33:10.642816,08:33:10,9229.57,9229.57,3
2025-11-12T08:33:23.235745,08:33:23,9231.53,9231.53,3
2025-11-12T08:33:35.439129,08:33:35,9235.96,9235.96,3
2025-11-12T08:33:47.728330,08:33:47,9272.15,9272.15,3
2025-11-12T08:34:00.184485,08:34:00,9262.98,9262.98,3
2025-11-12T08:34:12.438430,08:34:12,9337.75,9337.75,3
2025-11-12T08:34:24.684032,08:34:24,9292.96,9292.96,3
2025-11-12T08:34:36.667127,08:34:36,9304.98,9304.98,3
2025-11-12T08:34:49.244022,08:34:49,9329.93,9329.93,3
2025-11-12T08:35:01.741228,08:35:01,9336.83,9336.83,3
2025-11-12T08:35:14.603515,08:35:14,9288.3,9288.3,3
2025-11-12T08:35:27.029510,08:35:27,9245.55,9245.55,3
2025-11-12T08:35:39.459324,08:35:39,9311.73,9311.73,3
2025-11-12T08:35:51.880127,08:35:51,9293.75,9293.75,3
2025-11-12T08:36:04.177099,08:36:04,9284.59,9284.59,3
2025-11-12T08:36:16.764697,08:36:16,9309.07,9309.07,3
2025-11-12T08:36:29.428063,08:36:29,9334.12,9334.12,3
2025-11-12T08:36:42.193434,08:36:42,9359.72,9359.72,3
2025-11-12T08:36:54.816458,08:36:54,9345.96,9345.96,3
2025-11-12T08:37:07.378152,08:37:07,9321.45,9321.45,3
2025-11-12T08:37:19.547872,08:37:19,9361.47,9361.47,3
2025-11-12T08:37:31.692713,08:37:31,9362.69,9362.69,3
2025-11-12T08:37:44.031456,08:37:44,9359.72,9359.72,3
2025-11-12T08:37:56.235278,08:37:56,9341.5,9341.5,3
2025-11-12T08:38:08.509076,08:38:08,9350.16,9350.16,3
2025-11-12T08:38:21.350683,08:38:21,9380.11,9380.11,3
2025-11-12T08:38:33.628459,08:38:33,9379.17,9379.17,3
2025-11-12T08:38:46.573195,08:38:46,9371.75,9371.75,3
2025-11-12T08:38:59.183719,08:38:59,9369.25,9369.25,3
2025-11-12T08:39:11.639202,08:39:11,9373.73,9373.73,3
2025-11-12T08:39:24.039487,08:39:24,9383.14,9383.14,3
2025-11-12T08:39:36.298447,08:39:36,9387.36,9387.36,3
2025-11-12T08:39:49.231807,08:39:49,9372.84,9372.84,3
2025-11-12T08:40:01.829117,08:40:01,9369.64,9369.64,3
2025-11-12T08:40:14.990809,08:40:14,9375.4,9375.4,3
2025-11-12T08:40:27.778057,08:40:27,9363.56,9363.56,3
2025-11-12T08:40:40.529634,08:40:40,9350.07,9350.07,3
2025-11-12T08:40:53.166058,08:40:53,9355.58,9355.58,3
2025-11-12T08:41:05.559686,08:41:05,9284.91,9284.91,3
2025-11-12T08:41:18.023187,08:41:18,9247.83,9247.83,3
2025-11-12T08:41:30.708352,08:41:30,9252.49,9252.49,3
2025-11-12T08:41:43.399444,08:41:43,9330.59,9330.59,3
2025-11-12T08:41:56.805580,08:41:56,9299.1,9299.1,3
2025-11-12T08:42:10.471941,08:42:10,9303.46,9303.46,3
2025-11-12T08:42:24.216841,08:42:24,9299.2,9299.2,3
2025-11-12T08:42:37.502828,08:42:37,9353.86,9353.86,3
2025-11-12T08:42:50.679991,08:42:50,9343.03,9343.03,3
2025-11-12T08:43:04.615398,08:43:04,9319.11,9319.11,3
2025-11-12T08:43:17.771226,08:43:17,9256.13,9256.13,3
2025-11-12T08:43:31.294019,08:43:31,9385.14,9385.14,3
2025-11-12T08:43:44.407769,08:43:44,9390.51,9390.51,3
2025-11-12T08:43:58.126308,08:43:58,9384.62,9384.62,3
2025-11-12T08:44:11.422784,08:44:11,9387.96,9387.96,3
2025-11-12T08:44:24.454521,08:44:24,9391.44,9391.44,3
2025-11-12T08:44:37.037895,08:44:37,9391.36,9391.36,3
2025-11-12T08:44:49.079140,08:44:49,9384.28,9384.28,3
2025-11-12T08:45:01.335531,08:45:01,9399.48,9399.48,3
2025-11-12T08:45:13.605842,08:45:13,9415.93,9415.93,3
2025-11-12T08:45:25.673703,08:45:25,9385.26,9385.26,3
2025-11-12T08:45:37.955848,08:45:37,9408.71,9408.71,3
2025-11-12T08:45:50.457612,08:45:50,9437.13,9437.13,3
2025-11-12T08:46:02.636589,08:46:02,9437.38,9437.38,3
2025-11-12T08:46:15.295284,08:46:15,9414.71,9414.71,3
2025-11-12T08:46:28.122823,08:46:28,9427.44,9427.44,3
2025-11-12T08:46:40.312502,08:46:40,9485.18,9485.18,3
2025-11-12T08:46:53.280530,08:46:53,9506.52,9506.52,3
2025-11-12T08:47:05.727042,08:47:05,9529.5,9529.5,3
2025-11-12T08:47:17.899076,08:47:17,9488.17,9488.17,3
2025-11-12T08:47:30.492727,08:47:30,9435.35,9435.35,3
2025-11-12T08:47:43.134363,08:47:43,9420.47,9420.47,3
2025-11-12T08:47:55.795447,08:47:55,9512.58,9512.58,3
2025-11-12T08:48:08.118194,08:48:08,9540.4,9540.4,3
2025-11-12T08:48:20.593230,08:48:20,9553.8,9553.8,3
2025-11-12T08:48:32.836612,08:48:32,9524.04,9524.04,3
2025-11-12T08:48:45.040020,08:48:45,9561.3,9561.3,3
2025-11-12T08:48:57.308313,08:48:57,9548.34,9548.34,3
2025-11-12T08:49:09.650953,08:49:09,9567.99,9567.99,3
2025-11-12T08:49:22.558085,08:49:22,9553.96,9553.96,3
2025-11-12T08:49:34.732362,08:49:34,9571.34,9571.34,3
2025-11-12T08:49:47.384893,08:49:47,9624.0,9624.0,3
2025-11-12T08:49:59.599237,08:49:59,9611.11,9611.11,3
2025-11-12T08:50:11.827159,08:50:11,9620.91,9620.91,3
2025-11-12T08:50:24.317405,08:50:24,9625.15,9625.15,3
2025-11-12T08:50:36.807538,08:50:36,9657.78,9657.78,3
2025-11-12T08:50:49.296098,08:50:49,9668.25,9668.25,3
2025-11-12T08:51:01.860732,08:51:01,9669.36,9669.36,3
2025-11-12T08:51:14.613519,08:51:14,9672.24,9672.24,3
2025-11-12T08:51:27.606559,08:51:27,9722.7,9722.7,3
2025-11-12T08:51:40.249589,08:51:40,9737.01,9737.01,3
2025-11-12T08:51:52.577764,08:51:52,9746.68,9746.68,3
2025-11-12T08:52:05.163782,08:52:05,9745.39,9745.39,3
2025-11-12T08:52:17.195303,08:52:17,9739.27,9739.27,3
2025-11-12T08:52:29.485099,08:52:29,9754.61,9754.61,3
2025-11-12T08:52:41.660283,08:52:41,9709.12,9709.12,3
2025-11-12T08:52:53.999262,08:52:53,9697.88,9697.88,3
2025-11-12T08:53:06.553028,08:53:06,9704.46,9704.46,3
2025-11-12T08:53:18.705289,08:53:18,9714.26,9714.26,3
2025-11-12T08:53:31.254474,08:53:31,9736.85,9736.85,3
2025-11-12T08:53:44.142632,08:53:44,9736.98,9736.98,3
2025-11-12T08:53:56.604246,08:53:56,9738.72,9738.72,3
2025-11-12T08:54:08.704201,08:54:08,9784.32,9784.32,3
2025-11-12T08:54:20.839403,08:54:20,9804.04,9804.04,3
2025-11-12T08:54:33.293356,08:54:33,9808.21,9808.21,3
2025-11-12T08:54:45.480579,08:54:45,9808.61,9808.61,3
2025-11-12T08:54:57.857566,08:54:57,9793.92,9793.92,3
2025-11-12T08:55:10.320823,08:55:10,9746.09,9746.09,3
2025-11-12T08:55:22.998667,08:55:22,9758.83,9758.83,3
2025-11-12T08:55:35.314559,08:55:35,9728.91,9728.91,3
2025-11-12T08:55:47.845402,08:55:47,9734.61,9734.61,3
2025-11-12T08:56:00.326838,08:56:00,9737.52,9737.52,3
2025-11-12T08:56:12.544489,08:56:12,9714.3,9714.3,3
2025-11-12T08:56:25.381263,08:56:25,9716.11,9716.11,3
2025-11-12T08:56:37.773298,08:56:37,9723.21,9723.21,3
2025-11-12T08:56:50.112594,08:56:50,9727.43,9727.43,3
2025-11-12T08:57:02.555459,08:57:02,9726.66,9726.66,3
2025-11-12T08:57:14.796852,08:57:14,9723.14,9723.14,3
2025-11-12T08:57:26.818315,08:57:26,9677.59,9677.59,3
2025-11-12T08:57:39.603944,08:57:39,9677.61,9677.61,3
2025-11-12T08:57:52.364475,08:57:52,9670.64,9670.64,3
2025-11-12T08:58:05.416682,08:58:05,9605.07,9605.07,3
2025-11-12T08:58:17.518511,08:58:17,9632.94,9632.94,3
2025-11-12T08:58:29.825091,08:58:29,9633.71,9633.71,3
2025-11-12T08:58:42.734630,08:58:42,9636.57,9636.57,3
2025-11-12T08:58:55.600829,08:58:55,9578.02,9578.02,3
2025-11-12T08:59:08.074937,08:59:08,9613.18,9613.18,3
2025-11-12T08:59:20.578529,08:59:20,9627.99,9627.99,3
2025-11-12T08:59:32.984344,08:59:32,9643.97,9643.97,3
2025-11-12T08:59:45.406457,08:59:45,9643.97,9643.97,3
2025-11-12T08:59:58.242353,08:59:58,9673.99,9673.99,3
2025-11-12T09:00:10.834995,09:00:10,9700.7,9700.7,3
2025-11-12T09:00:23.267625,09:00:23,9690.49,9690.49,3
2025-11-12T09:00:35.538894,09:00:35,9690.43,9690.43,3
2025-11-12T09:00:48.058793,09:00:48,9708.42,9708.42,3
2025-11-12T09:01:00.987078,09:01:00,9660.41,9660.41,3
2025-11-12T09:01:13.231584,09:01:13,9664.73,9664.73,3
2025-11-12T09:01:26.002816,09:01:26,9668.34,9668.34,3
2025-11-12T09:01:38.372132,09:01:38,9692.44,9692.44,3
2025-11-12T09:01:50.782506,09:01:50,9696.6,9696.6,3
2025-11-12T09:02:02.985620,09:02:02,9694.99,9694.99,3
2025-11-12T09:02:15.726903,09:02:15,9694.04,9694.04,3
2025-11-12T09:02:28.192539,09:02:28,9739.98,9739.98,3
2025-11-12T09:02:40.761255,09:02:40,9773.73,9773.73,3
2025-11-12T09:02:53.563391,09:02:53,9763.41,9763.41,3
2025-11-12T09:03:06.185146,09:03:06,9759.32,9759.32,3
2025-11-12T09:03:18.819791,09:03:18,9761.92,9761.92,3
2025-11-12T09:03:31.334393,09:03:31,9763.83,9763.83,3
2025-11-12T09:03:44.938979,09:03:44,9778.9,9778.9,3
2025-11-12T09:03:58.667724,09:03:58,9765.27,9765.27,3
2025-11-12T09:04:12.247676,09:04:12,9614.41,9614.41,3
2025-11-12T09:04:25.631222,09:04:25,9674.5,9674.5,3
2025-11-12T09:04:39.148042,09:04:39,9730.3,9730.3,3
2025-11-12T09:04:52.740443,09:04:52,9753.46,9753.46,3
2025-11-12T09:05:06.194942,09:05:06,9756.93,9756.93,3
2025-11-12T09:05:20.025104,09:05:20,9739.81,9739.81,3
2025-11-12T09:05:33.704788,09:05:33,9715.02,9715.02,3
2025-11-12T09:05:47.402276,09:05:47,9687.48,9687.48,3
2025-11-12T09:06:00.777908,09:06:00,9681.99,9681.99,3
2025-11-12T09:06:14.285614,09:06:14,9687.1,9687.1,3
2025-11-12T09:06:27.530216,09:06:27,9722.35,9722.35,3
2025-11-12T09:06:40.392956,09:06:40,9738.69,9738.69,3
2025-11-12T09:06:53.747493,09:06:53,9749.14,9749.14,3
2025-11-12T09:07:07.416216,09:07:07,9691.74,9691.74,3
2025-11-12T09:07:20.832973,09:07:20,9692.74,9692.74,3
2025-11-12T09:07:34.364028,09:07:34,9682.81,9682.81,3
2025-11-12T09:07:47.993790,09:07:47,9708.88,9708.88,3
2025-11-12T09:08:01.104675,09:08:01,9737.55,9737.55,3
2025-11-12T09:08:14.138682,09:08:14,9710.97,9710.97,3
2025-11-12T09:08:27.185122,09:08:27,9712.45,9712.45,3
2025-11-12T09:08:40.262599,09:08:40,9735.56,9735.56,3
2025-11-12T09:08:53.611735,09:08:53,9697.84,9697.84,3
2025-11-12T09:09:06.734597,09:09:06,9681.97,9681.97,3
2025-11-12T09:09:19.855651,09:09:19,9666.1,9666.1,3
2025-11-12T09:09:33.051141,09:09:33,9664.53,9664.53,3
2025-11-12T09:09:46.268206,09:09:46,9728.78,9728.78,3
2025-11-12T09:09:59.073007,09:09:59,9699.0,9699.0,3
2025-11-12T09:10:12.607674,09:10:12,9731.02,9731.02,3
2025-11-12T09:10:26.301573,09:10:26,9740.99,9740.99,3
2025-11-12T09:10:39.682887,09:10:39,9768.41,9768.41,3
2025-11-12T09:10:52.878201,09:10:52,9772.29,9772.29,3
2025-11-12T09:11:06.312789,09:11:06,9736.32,9736.32,3
2025-11-12T09:11:19.803264,09:11:19,9768.91,9768.91,3
2025-11-12T09:11:32.851557,09:11:32,9766.77,9766.77,3
2025-11-12T09:11:46.042147,09:11:46,9750.1,9750.1,3
2025-11-12T09:11:59.090039,09:11:59,9751.99,9751.99,3
2025-11-12T09:12:12.577593,09:12:12,9736.38,9736.38,3
2025-11-12T09:12:25.760761,09:12:25,9737.31,9737.31,3
2025-11-12T09:12:39.562764,09:12:39,9729.65,9729.65,3
2025-11-12T09:12:53.230282,09:12:53,9671.06,9671.06,3
2025-11-12T09:13:06.304877,09:13:06,9659.48,9659.48,3
2025-11-12T09:13:19.297659,09:13:19,9692.84,9692.84,3
2025-11-12T09:13:32.638143,09:13:32,9720.53,9720.53,3
2025-11-12T09:13:46.173450,09:13:46,9745.9,9745.9,3
2025-11-12T09:13:59.970051,09:13:59,9748.45,9748.45,3
2025-11-12T09:14:13.627099,09:14:13,9766.54,9766.54,3
2025-11-12T09:14:27.052470,09:14:27,9762.02,9762.02,3
2025-11-12T09:14:40.754753,09:14:40,9744.75,9744.75,3
2025-11-12T09:14:53.960409,09:14:53,9757.35,9757.35,3
2025-11-12T09:15:06.758702,09:15:06,9732.24,9732.24,3
2025-11-12T09:15:20.280471,09:15:20,9767.37,9767.37,3
2025-11-12T09:15:33.583740,09:15:33,9785.67,9785.67,3
2025-11-12T09:15:47.244349,09:15:47,9777.37,9777.37,3
2025-11-12T09:16:00.376369,09:16:00,9770.11,9770.11,3
2025-11-12T09:16:14.088448,09:16:14,9790.62,9790.62,3
2025-11-12T09:16:27.242392,09:16:27,9795.51,9795.51,3
2025-11-12T09:16:40.088116,09:16:40,9795.44,9795.44,3
2025-11-12T09:16:53.828766,09:16:53,9794.39,9794.39,3
2025-11-12T09:17:07.360603,09:17:07,9777.15,9777.15,3
2025-11-12T09:17:20.628704,09:17:20,9732.34,9732.34,3
2025-11-12T09:17:33.826457,09:17:33,9734.75,9734.75,3
2025-11-12T09:17:47.345601,09:17:47,9758.85,9758.85,3
2025-11-12T09:18:00.983082,09:18:00,9761.72,9761.72,3
2025-11-12T09:18:14.065783,09:18:14,9802.53,9802.53,3
2025-11-12T09:18:27.411195,09:18:27,9811.6,9811.6,3
2025-11-12T09:18:40.524751,09:18:40,9829.86,9829.86,3
2025-11-12T09:18:53.808309,09:18:53,9847.46,9847.46,3
2025-11-12T09:19:06.901955,09:19:06,9849.43,9849.43,3
2025-11-12T09:19:20.089788,09:19:20,9839.81,9839.81,3
2025-11-12T09:19:33.293643,09:19:33,9819.43,9819.43,3
2025-11-12T09:19:46.586877,09:19:46,9821.59,9821.59,3
2025-11-12T09:19:59.560784,09:19:59,9841.81,9841.81,3
2025-11-12T09:20:12.676308,09:20:12,9896.36,9896.36,3
2025-11-12T09:20:26.348415,09:20:26,9882.79,9882.79,3
2025-11-12T09:20:40.241866,09:20:40,9911.98,9911.98,3
2025-11-12T09:20:53.449457,09:20:53,9920.56,9920.56,3
2025-11-12T09:21:06.459908,09:21:06,9919.66,9919.66,3
2025-11-12T09:21:19.667890,09:21:19,9891.61,9891.61,3
2025-11-12T09:21:32.665504,09:21:32,9885.17,9885.17,3
2025-11-12T09:21:46.264300,09:21:46,9832.55,9832.55,3
2025-11-12T09:21:59.526771,09:21:59,9780.6,9780.6,3
2025-11-12T09:22:12.404551,09:22:12,9738.0,9738.0,3
2025-11-12T09:22:25.602261,09:22:25,9741.18,9741.18,3
2025-11-12T09:22:38.954834,09:22:38,9743.34,9743.34,3
2025-11-12T09:22:51.805400,09:22:51,9763.57,9763.57,3
2025-11-12T09:23:05.114403,09:23:05,9803.51,9803.51,3
2025-11-12T09:23:18.599426,09:23:18,9841.25,9841.25,3
2025-11-12T09:23:32.379598,09:23:32,9835.48,9835.48,3
2025-11-12T09:23:46.396605,09:23:46,9862.35,9862.35,3
2025-11-12T09:23:58.646057,09:23:58,9821.2,9821.2,3
2025-11-12T09:24:11.426769,09:24:11,9819.0,9819.0,3
2025-11-12T09:24:24.097525,09:24:24,9792.43,9792.43,3
2025-11-12T09:24:36.540301,09:24:36,9795.93,9795.93,3
2025-11-12T09:24:49.432455,09:24:49,9850.21,9850.21,3
2025-11-12T09:25:02.358601,09:25:02,9850.12,9850.12,3
2025-11-12T09:25:14.717683,09:25:14,9836.29,9836.29,3
2025-11-12T09:25:27.311398,09:25:27,9806.49,9806.49,3
2025-11-12T09:25:39.728036,09:25:39,9806.13,9806.13,3
2025-11-12T09:25:51.888095,09:25:51,9732.39,9732.39,3
2025-11-12T09:26:04.324408,09:26:04,9727.82,9727.82,3
2025-11-12T09:26:16.832322,09:26:16,9728.45,9728.45,3
2025-11-12T09:26:28.967837,09:26:28,9719.93,9719.93,3
2025-11-12T09:26:41.129693,09:26:41,9649.02,9649.02,3
2025-11-12T09:26:53.360665,09:26:53,9662.15,9662.15,3
2025-11-12T09:27:05.618718,09:27:05,9607.31,9607.31,3
2025-11-12T09:27:18.051616,09:27:18,9597.38,9597.38,3
2025-11-12T09:27:30.140685,09:27:30,9632.9,9632.9,3
2025-11-12T09:27:42.399315,09:27:42,9589.17,9589.17,3
2025-11-12T09:27:55.456969,09:27:55,9624.2,9624.2,3
2025-11-12T09:28:08.373877,09:28:08,9662.51,9662.51,3
2025-11-12T09:28:21.412001,09:28:21,9667.8,9667.8,3
2025-11-12T09:28:34.002424,09:28:34,9637.51,9637.51,3
2025-11-12T09:28:46.727070,09:28:46,9637.1,9637.1,3
2025-11-12T09:28:59.013051,09:28:59,9626.57,9626.57,3
2025-11-12T09:29:11.303784,09:29:11,9593.86,9593.86,3
2025-11-12T09:29:23.658933,09:29:23,9619.52,9619.52,3
2025-11-12T09:29:35.868214,09:29:35,9670.87,9670.87,3
2025-11-12T09:29:48.270715,09:29:48,9679.1,9679.1,3
2025-11-12T09:30:00.599399,09:30:00,9684.31,9684.31,3
2025-11-12T09:30:12.919206,09:30:12,9720.18,9720.18,3
2025-11-12T09:30:25.240794,09:30:25,9711.32,9711.32,3
2025-11-12T09:30:37.835746,09:30:37,9707.0,9707.0,3
2025-11-12T09:30:50.105583,09:30:50,9685.64,9685.64,3
2025-11-12T09:31:02.424514,09:31:02,9625.17,9625.17,3
2025-11-12T09:31:14.520861,09:31:14,9603.66,9603.66,3
2025-11-12T09:31:27.173092,09:31:27,9601.4,9601.4,3
2025-11-12T09:31:39.815439,09:31:39,9575.15,9575.15,3
2025-11-12T09:31:52.384539,09:31:52,9554.44,9554.44,3
2025-11-12T09:32:04.655981,09:32:04,9562.6,9562.6,3
2025-11-12T09:32:16.983678,09:32:16,9578.05,9578.05,3
2025-11-12T09:32:29.452282,09:32:29,9587.88,9587.88,3
2025-11-12T09:32:41.682533,09:32:41,9568.8,9568.8,3
2025-11-12T09:32:53.944946,09:32:53,9570.23,9570.23,3
2025-11-12T09:33:06.481591,09:33:06,9596.91,9596.91,3
2025-11-12T09:33:18.714036,09:33:18,9567.36,9567.36,3
2025-11-12T09:33:31.402608,09:33:31,9592.11,9592.11,3
2025-11-12T09:33:43.746169,09:33:43,9600.66,9600.66,3
2025-11-12T09:33:56.207235,09:33:56,9620.1,9620.1,3
2025-11-12T09:34:08.691982,09:34:08,9688.51,9688.51,3
2025-11-12T09:34:21.129361,09:34:21,9680.81,9680.81,3
2025-11-12T09:34:33.451148,09:34:33,9645.37,9645.37,3
2025-11-12T09:34:45.723045,09:34:45,9648.92,9648.92,3
2025-11-12T09:34:58.364903,09:34:58,9637.74,9637.74,3
2025-11-12T09:35:10.686236,09:35:10,9639.11,9639.11,3
2025-11-12T09:35:22.875270,09:35:22,9630.22,9630.22,3
2025-11-12T09:35:35.061898,09:35:35,9624.65,9624.65,3
2025-11-12T09:35:47.566684,09:35:47,9627.79,9627.79,3
2025-11-12T09:36:00.231944,09:36:00,9578.06,9578.06,3
2025-11-12T09:36:12.701649,09:36:12,9532.02,9532.02,3
2025-11-12T09:36:24.943595,09:36:24,9530.74,9530.74,3
2025-11-12T09:36:37.375105,09:36:37,9530.54,9530.54,3
2025-11-12T09:36:49.709209,09:36:49,9529.58,9529.58,3
2025-11-12T09:37:02.391823,09:37:02,9566.76,9566.76,3
2025-11-12T09:37:14.638071,09:37:14,9623.6,9623.6,3
2025-11-12T09:37:27.020671,09:37:27,9654.55,9654.55,3
2025-11-12T09:37:39.596878,09:37:39,9689.64,9689.64,3
2025-11-12T09:37:51.761422,09:37:51,9716.81,9716.81,3
2025-11-12T09:38:04.101818,09:38:04,9717.61,9717.61,3
2025-11-12T09:38:16.463956,09:38:16,9800.14,9800.14,3
2025-11-12T09:38:29.407434,09:38:29,9818.55,9818.55,3
2025-11-12T09:38:42.012953,09:38:42,9848.77,9848.77,3
2025-11-12T09:38:54.694423,09:38:54,9833.59,9833.59,3
2025-11-12T09:39:07.728369,09:39:07,9763.03,9763.03,3
2025-11-12T09:39:20.047226,09:39:20,9733.3,9733.3,3
2025-11-12T09:39:32.599379,09:39:32,9739.25,9739.25,3
2025-11-12T09:39:44.965425,09:39:44,9781.39,9781.39,3
2025-11-12T09:39:57.207930,09:39:57,9755.46,9755.46,3
2025-11-12T09:40:09.619464,09:40:09,9768.15,9768.15,3
2025-11-12T09:40:22.309772,09:40:22,9746.84,9746.84,3
2025-11-12T09:40:34.923023,09:40:34,9747.46,9747.46,3
2025-11-12T09:40:47.298815,09:40:47,9793.08,9793.08,3
2025-11-12T09:41:00.332158,09:41:00,9786.15,9786.15,3
2025-11-12T09:41:12.626250,09:41:12,9733.65,9733.65,3
2025-11-12T09:41:25.319295,09:41:25,9733.24,9733.24,3
2025-11-12T09:41:37.579664,09:41:37,9729.9,9729.9,3
2025-11-12T09:41:50.349614,09:41:50,9703.06,9703.06,3
2025-11-12T09:42:02.522332,09:42:02,9712.59,9712.59,3
2025-11-12T09:42:15.007762,09:42:15,9743.78,9743.78,3
2025-11-12T09:42:27.184741,09:42:27,9745.01,9745.01,3
2025-11-12T09:42:39.422676,09:42:39,9771.42,9771.42,3
2025-11-12T09:42:51.444004,09:42:51,9773.13,9773.13,3
2025-11-12T09:43:04.336652,09:43:04,9740.11,9740.11,3
2025-11-12T09:43:16.750678,09:43:16,9762.09,9762.09,3
2025-11-12T09:43:29.186032,09:43:29,9775.77,9775.77,3
2025-11-12T09:43:41.708121,09:43:41,9769.93,9769.93,3
2025-11-12T09:43:54.414991,09:43:54,9779.81,9779.81,3
2025-11-12T09:44:07.075458,09:44:07,9778.13,9778.13,3
2025-11-12T09:44:19.249976,09:44:19,9807.35,9807.35,3
2025-11-12T09:44:31.795336,09:44:31,9828.53,9828.53,3
2025-11-12T09:44:44.581230,09:44:44,9826.95,9826.95,3
2025-11-12T09:44:57.144739,09:44:57,9873.5,9873.5,3
2025-11-12T09:45:09.407884,09:45:09,9881.54,9881.54,3
2025-11-12T09:45:21.571662,09:45:21,9879.17,9879.17,3
2025-11-12T09:45:34.367541,09:45:34,9861.09,9861.09,3
2025-11-12T09:45:47.140717,09:45:47,9854.61,9854.61,3
2025-11-12T09:45:59.566274,09:45:59,9873.71,9873.71,3
2025-11-12T09:46:11.559877,09:46:11,9882.83,9882.83,3
2025-11-12T09:46:23.556260,09:46:23,9879.53,9879.53,3
2025-11-12T09:46:35.741497,09:46:35,9888.98,9888.98,3
2025-11-12T09:46:48.309893,09:46:48,9880.52,9880.52,3
2025-11-12T09:47:00.823493,09:47:00,9877.0,9877.0,3
2025-11-12T09:47:13.550751,09:47:13,9856.07,9856.07,3
2025-11-12T09:47:25.839244,09:47:25,9849.02,9849.02,3
2025-11-12T09:47:38.103771,09:47:38,9843.82,9843.82,3
2025-11-12T09:47:50.519823,09:47:50,9835.45,9835.45,3
2025-11-12T09:48:03.112663,09:48:03,9847.49,9847.49,3
2025-11-12T09:48:15.215490,09:48:15,9836.56,9836.56,3
2025-11-12T09:48:28.255060,09:48:28,9825.67,9825.67,3
2025-11-12T09:48:40.591928,09:48:40,9816.61,9816.61,3
2025-11-12T09:48:52.787125,09:48:52,9823.06,9823.06,3
2025-11-12T09:49:05.151134,09:49:05,9812.9,9812.9,3
2025-11-12T09:49:17.513718,09:49:17,9813.36,9813.36,3
2025-11-12T09:49:29.815299,09:49:29,9783.03,9783.03,3
2025-11-12T09:49:42.240831,09:49:42,9765.35,9765.35,3
2025-11-12T09:49:54.800432,09:49:54,9768.89,9768.89,3
2025-11-12T09:50:06.982295,09:50:06,9769.39,9769.39,3
2025-11-12T09:50:19.392100,09:50:19,9741.98,9741.98,3
2025-11-12T09:50:32.266869,09:50:32,9751.33,9751.33,3
2025-11-12T09:50:45.085913,09:50:45,9755.22,9755.22,3
2025-11-12T09:50:57.726319,09:50:57,9759.04,9759.04,3
2025-11-12T09:51:10.500021,09:51:10,9760.68,9760.68,3
2025-11-12T09:51:23.045599,09:51:23,9759.4,9759.4,3
2025-11-12T09:51:35.667576,09:51:35,9755.84,9755.84,3
2025-11-12T09:51:48.178549,09:51:48,9755.13,9755.13,3
2025-11-12T09:52:00.639790,09:52:00,9754.09,9754.09,3
2025-11-12T09:52:13.274673,09:52:13,9736.81,9736.81,3
2025-11-12T09:52:25.499311,09:52:25,9728.97,9728.97,3
2025-11-12T09:52:37.785153,09:52:37,9718.7,9718.7,3
2025-11-12T09:52:50.019369,09:52:50,9705.75,9705.75,3
2025-11-12T09:53:02.234271,09:53:02,9711.17,9711.17,3
2025-11-12T09:53:14.498868,09:53:14,9664.55,9664.55,3
2025-11-12T09:53:26.728233,09:53:26,9617.69,9617.69,3
2025-11-12T09:53:39.377768,09:53:39,9591.15,9591.15,3
2025-11-12T09:53:51.670890,09:53:51,9591.59,9591.59,3
2025-11-12T09:54:04.213898,09:54:04,9594.25,9594.25,3
2025-11-12T09:54:16.425953,09:54:16,9571.93,9571.93,3
2025-11-12T09:54:28.653434,09:54:28,9572.43,9572.43,3
2025-11-12T09:54:40.987971,09:54:40,9633.25,9633.25,3
2025-11-12T09:54:53.351310,09:54:53,9720.85,9720.85,3
2025-11-12T09:55:05.507900,09:55:05,9728.65,9728.65,3
2025-11-12T09:55:17.751789,09:55:17,9672.84,9672.84,3
2025-11-12T09:55:29.869344,09:55:29,9674.75,9674.75,3
2025-11-12T09:55:42.215340,09:55:42,9676.2,9676.2,3
2025-11-12T09:55:54.829690,09:55:54,9669.59,9669.59,3
2025-11-12T09:56:07.114955,09:56:07,9676.17,9676.17,3
2025-11-12T09:56:19.342457,09:56:19,9618.17,9618.17,3
2025-11-12T09:56:31.566004,09:56:31,9615.91,9615.91,3
2025-11-12T09:56:43.661210,09:56:43,9633.12,9633.12,3
2025-11-12T09:56:55.722423,09:56:55,9612.42,9612.42,3
2025-11-12T09:57:08.104461,09:57:08,9609.81,9609.81,3
2025-11-12T09:57:21.286313,09:57:21,9609.99,9609.99,3
2025-11-12T09:57:33.545744,09:57:33,9575.08,9575.08,3
2025-11-12T09:57:45.790118,09:57:45,9573.1,9573.1,3
2025-11-12T09:57:58.032248,09:57:58,9534.81,9534.81,3
2025-11-12T09:58:10.086980,09:58:10,9519.43,9519.43,3
2025-11-12T09:58:22.434281,09:58:22,9499.0,9499.0,3
2025-11-12T09:58:34.792581,09:58:34,9518.82,9518.82,3
2025-11-12T09:58:46.825316,09:58:46,9526.28,9526.28,3
2025-11-12T09:58:58.879932,09:58:58,9525.97,9525.97,3
2025-11-12T09:59:11.032312,09:59:11,9503.77,9503.77,3
2025-11-12T09:59:23.585963,09:59:23,9505.94,9505.94,3
2025-11-12T09:59:36.187365,09:59:36,9498.01,9498.01,3
2025-11-12T09:59:49.177320,09:59:49,9485.89,9485.89,3
2025-11-12T10:00:01.421413,10:00:01,9500.07,9500.07,3
2025-11-12T10:00:13.587213,10:00:13,9493.91,9493.91,3
2025-11-12T10:00:25.677866,10:00:25,9493.25,9493.25,3
2025-11-12T10:00:38.157825,10:00:38,9481.08,9481.08,3
2025-11-12T10:00:50.605454,10:00:50,9475.04,9475.04,3
2025-11-12T10:01:02.718853,10:01:02,9467.02,9467.02,3
2025-11-12T10:01:15.617539,10:01:15,9465.92,9465.92,3
2025-11-12T10:01:27.897785,10:01:27,9464.2,9464.2,3
2025-11-12T10:01:40.389177,10:01:40,9497.77,9497.77,3
2025-11-12T10:01:53.344558,10:01:53,9497.23,9497.23,3
2025-11-12T10:02:05.619384,10:02:05,9503.2,9503.2,3
2025-11-12T10:02:17.912278,10:02:17,9537.23,9537.23,3
2025-11-12T10:02:30.160052,10:02:30,9540.36,9540.36,3
2025-11-12T10:02:42.163329,10:02:42,9541.94,9541.94,3
2025-11-12T10:02:54.418117,10:02:54,9542.17,9542.17,3
2025-11-12T10:03:06.562319,10:03:06,9537.12,9537.12,3
2025-11-12T10:03:18.857742,10:03:18,9492.46,9492.46,3
2025-11-12T10:03:30.962114,10:03:30,9500.42,9500.42,3
2025-11-12T10:03:43.397326,10:03:43,9497.6,9497.6,3
2025-11-12T10:03:55.715630,10:03:55,9523.86,9523.86,3
2025-11-12T10:04:07.930140,10:04:07,9473.91,9473.91,3
2025-11-12T10:04:20.454548,10:04:20,9470.4,9470.4,3
2025-11-12T10:04:32.789765,10:04:32,9471.03,9471.03,3
2025-11-12T10:04:45.047485,10:04:45,9470.82,9470.82,3
2025-11-12T10:04:57.241756,10:04:57,9426.35,9426.35,3
2025-11-12T10:05:09.786175,10:05:09,9404.76,9404.76,3
2025-11-12T10:05:22.093418,10:05:22,9392.29,9392.29,3
2025-11-12T10:05:34.325957,10:05:34,9378.73,9378.73,3
2025-11-12T10:05:46.768547,10:05:46,9465.37,9465.37,3
2025-11-12T10:05:59.330097,10:05:59,9388.59,9388.59,3
2025-11-12T10:06:12.023904,10:06:12,9395.38,9395.38,3
2025-11-12T10:06:24.532113,10:06:24,9390.03,9390.03,3
2025-11-12T10:06:36.854990,10:06:36,9304.49,9304.49,3
2025-11-12T10:06:49.351263,10:06:49,9276.12,9276.12,3
2025-11-12T10:07:01.835993,10:07:01,9267.93,9267.93,3
2025-11-12T10:07:13.945384,10:07:13,9297.2,9297.2,3
2025-11-12T10:07:26.623302,10:07:26,9313.73,9313.73,3
2025-11-12T10:07:39.316290,10:07:39,9319.45,9319.45,3
2025-11-12T10:07:51.636767,10:07:51,9362.76,9362.76,3
2025-11-12T10:08:03.897410,10:08:03,9405.63,9405.63,3
2025-11-12T10:08:16.414964,10:08:16,9458.33,9458.33,3
2025-11-12T10:08:28.642863,10:08:28,9466.19,9466.19,3
2025-11-12T10:08:40.603091,10:08:40,9451.8,9451.8,3
2025-11-12T10:08:52.976805,10:08:52,9451.03,9451.03,3
2025-11-12T10:09:05.299467,10:09:05,9392.56,9392.56,3
2025-11-12T10:09:17.493296,10:09:17,9371.87,9371.87,3
2025-11-12T10:09:29.572026,10:09:29,9337.26,9337.26,3
2025-11-12T10:09:42.309062,10:09:42,9388.14,9388.14,3
2025-11-12T10:09:54.551982,10:09:54,9348.38,9348.38,3
2025-11-12T10:10:06.759049,10:10:06,9379.6,9379.6,3
2025-11-12T10:10:18.956167,10:10:18,9379.38,9379.38,3
2025-11-12T10:10:31.669863,10:10:31,9356.23,9356.23,3
2025-11-12T10:10:44.269113,10:10:44,9348.03,9348.03,3
2025-11-12T10:10:56.548741,10:10:56,9348.37,9348.37,3
2025-11-12T10:11:08.751832,10:11:08,9344.78,9344.78,3
2025-11-12T10:11:20.844098,10:11:20,9319.01,9319.01,3
2025-11-12T10:11:33.635733,10:11:33,9313.07,9313.07,3
2025-11-12T10:11:45.830589,10:11:45,9309.94,9309.94,3
2025-11-12T10:11:58.258266,10:11:58,9309.97,9309.97,3
2025-11-12T10:12:10.695538,10:12:10,9308.46,9308.46,3
2025-11-12T10:12:23.448654,10:12:23,9308.1,9308.1,3
2025-11-12T10:12:35.981881,10:12:35,9259.81,9259.81,3
2025-11-12T10:12:48.245250,10:12:48,9255.32,9255.32,3
2025-11-12T10:13:00.401450,10:13:00,9250.98,9250.98,3
2025-11-12T10:13:12.808689,10:13:12,9250.58,9250.58,3
2025-11-12T10:13:25.400019,10:13:25,9222.23,9222.23,3
2025-11-12T10:13:37.691928,10:13:37,9210.22,9210.22,3
2025-11-12T10:13:49.986079,10:13:49,9229.25,9229.25,3
2025-11-12T10:14:02.560178,10:14:02,9217.2,9217.2,3
2025-11-12T10:14:15.036860,10:14:15,9201.25,9201.25,3
2025-11-12T10:14:27.176977,10:14:27,9162.8,9162.8,3
2025-11-12T10:14:39.682935,10:14:39,9167.69,9167.69,3
2025-11-12T10:14:52.185340,10:14:52,9167.99,9167.99,3
2025-11-12T10:15:05.238076,10:15:05,9247.48,9247.48,3
2025-11-12T10:15:18.042926,10:15:18,9245.96,9245.96,3
2025-11-12T10:15:31.382880,10:15:31,9200.1,9200.1,3
2025-11-12T10:15:44.248629,10:15:44,9185.7,9185.7,3
2025-11-12T10:15:57.280115,10:15:57,9206.64,9206.64,3
2025-11-12T10:16:10.653554,10:16:10,9258.34,9258.34,3
2025-11-12T10:16:23.854423,10:16:23,9256.03,9256.03,3
2025-11-12T10:16:36.930800,10:16:36,9272.64,9272.64,3
2025-11-12T10:16:49.098829,10:16:49,9275.76,9275.76,3
2025-11-12T10:17:01.257782,10:17:01,9331.0,9331.0,3
2025-11-12T10:17:14.213637,10:17:14,9346.58,9346.58,3
2025-11-12T10:17:27.078451,10:17:27,9372.89,9372.89,3
2025-11-12T10:17:39.823604,10:17:39,9386.27,9386.27,3
2025-11-12T10:17:51.835958,10:17:51,9394.85,9394.85,3
2025-11-12T10:18:04.649581,10:18:04,9453.9,9453.9,3
2025-11-12T10:18:16.587721,10:18:16,9402.03,9402.03,3
2025-11-12T10:18:28.729264,10:18:28,9402.35,9402.35,3
2025-11-12T10:18:41.001399,10:18:41,9418.41,9418.41,3
2025-11-12T10:18:53.170182,10:18:53,9415.66,9415.66,3
2025-11-12T10:19:05.493195,10:19:05,9435.64,9435.64,3
2025-11-12T10:19:17.814800,10:19:17,9440.88,9440.88,3
2025-11-12T10:19:30.115859,10:19:30,9440.96,9440.96,3
2025-11-12T10:19:42.374879,10:19:42,9428.81,9428.81,3
2025-11-12T10:19:54.828160,10:19:54,9415.1,9415.1,3
2025-11-12T10:20:07.032676,10:20:07,9448.6,9448.6,3
2025-11-12T10:20:19.591378,10:20:19,9422.11,9422.11,3
2025-11-12T10:20:31.798026,10:20:31,9423.4,9423.4,3
2025-11-12T10:20:44.185564,10:20:44,9363.76,9363.76,3
2025-11-12T10:20:56.824255,10:20:56,9283.47,9283.47,3
2025-11-12T10:21:08.933922,10:21:08,9352.1,9352.1,3
2025-11-12T10:21:20.991508,10:21:20,9371.21,9371.21,3
2025-11-12T10:21:33.544925,10:21:33,9321.56,9321.56,3
2025-11-12T10:21:46.137055,10:21:46,9356.95,9356.95,3
2025-11-12T10:21:58.651192,10:21:58,9368.62,9368.62,3
2025-11-12T10:22:10.998671,10:22:10,9361.71,9361.71,3
2025-11-12T10:22:23.014714,10:22:23,9322.36,9322.36,3
2025-11-12T10:22:35.218994,10:22:35,9303.5,9303.5,3
2025-11-12T10:22:47.812532,10:22:47,9359.97,9359.97,3
2025-11-12T10:23:00.253297,10:23:00,9399.63,9399.63,3
2025-11-12T10:23:13.059095,10:23:13,9374.54,9374.54,3
2025-11-12T10:23:25.717276,10:23:25,9412.24,9412.24,3
2025-11-12T10:23:38.464845,10:23:38,9439.94,9439.94,3
2025-11-12T10:23:50.652209,10:23:50,9391.47,9391.47,3
2025-11-12T10:24:02.915541,10:24:02,9419.1,9419.1,3
2025-11-12T10:24:15.264151,10:24:15,9448.95,9448.95,3
2025-11-12T10:24:27.532550,10:24:27,9412.09,9412.09,3
2025-11-12T10:24:39.855161,10:24:39,9410.41,9410.41,3
2025-11-12T10:24:52.064569,10:24:52,9390.91,9390.91,3
2025-11-12T10:25:04.387693,10:25:04,9381.54,9381.54,3
2025-11-12T10:25:16.781362,10:25:16,9381.95,9381.95,3
2025-11-12T10:25:29.109337,10:25:29,9389.18,9389.18,3
2025-11-12T10:25:41.897571,10:25:41,9391.94,9391.94,3
2025-11-12T10:25:54.142627,10:25:54,9396.96,9396.96,3
2025-11-12T10:26:06.451964,10:26:06,9402.53,9402.53,3
2025-11-12T10:26:18.710470,10:26:18,9401.4,9401.4,3
2025-11-12T10:26:30.859310,10:26:30,9399.37,9399.37,3
2025-11-12T10:26:43.216908,10:26:43,9388.63,9388.63,3
2025-11-12T10:26:55.546966,10:26:55,9375.64,9375.64,3
2025-11-12T10:27:07.781480,10:27:07,9369.55,9369.55,3
2025-11-12T10:27:20.099793,10:27:20,9360.88,9360.88,3
2025-11-12T10:27:32.253177,10:27:32,9351.92,9351.92,3
2025-11-12T10:27:44.709797,10:27:44,9390.4,9390.4,3
2025-11-12T10:27:56.997741,10:27:56,9440.39,9440.39,3
2025-11-12T10:28:09.440268,10:28:09,9456.9,9456.9,3
2025-11-12T10:28:21.663588,10:28:21,9443.62,9443.62,3
2025-11-12T10:28:33.967706,10:28:33,9443.03,9443.03,3
2025-11-12T10:28:46.222478,10:28:46,9467.05,9467.05,3
2025-11-12T10:28:58.524434,10:28:58,9507.72,9507.72,3
2025-11-12T10:29:10.575386,10:29:10,9523.58,9523.58,3
2025-11-12T10:29:23.148304,10:29:23,9517.8,9517.8,3
2025-11-12T10:29:35.538706,10:29:35,9539.7,9539.7,3
2025-11-12T10:29:47.853752,10:29:47,9535.24,9535.24,3
2025-11-12T10:30:00.186016,10:30:00,9538.65,9538.65,3
2025-11-12T10:30:12.863907,10:30:12,9597.85,9597.85,3
2025-11-12T10:30:25.272944,10:30:25,9675.69,9675.69,3
2025-11-12T10:30:37.588749,10:30:37,9661.59,9661.59,3
2025-11-12T10:30:50.041944,10:30:50,9650.0,9650.0,3
2025-11-12T10:31:02.261357,10:31:02,9645.16,9645.16,3
2025-11-12T10:31:14.521336,10:31:14,9562.93,9562.93,3
2025-11-12T10:31:26.646763,10:31:26,9615.97,9615.97,3
2025-11-12T10:31:38.829586,10:31:38,9639.42,9639.42,3
2025-11-12T10:31:51.355033,10:31:51,9635.2,9635.2,3
2025-11-12T10:32:03.684626,10:32:03,9651.62,9651.62,3
2025-11-12T10:32:16.371825,10:32:16,9648.18,9648.18,3
2025-11-12T10:32:28.512910,10:32:28,9642.67,9642.67,3
2025-11-12T10:32:40.684846,10:32:40,9628.24,9628.24,3
2025-11-12T10:32:52.884116,10:32:52,9635.11,9635.11,3
2025-11-12T10:33:05.163208,10:33:05,9629.11,9629.11,3
2025-11-12T10:33:17.368799,10:33:17,9661.25,9661.25,3
2025-11-12T10:33:29.377677,10:33:29,9656.42,9656.42,3
2025-11-12T10:33:41.845520,10:33:41,9678.4,9678.4,3
2025-11-12T10:33:53.943781,10:33:53,9670.78,9670.78,3
2025-11-12T10:34:06.262908,10:34:06,9649.47,9649.47,3
2025-11-12T10:34:18.686483,10:34:18,9653.65,9653.65,3
2025-11-12T10:34:30.754753,10:34:30,9651.17,9651.17,3
2025-11-12T10:34:42.916124,10:34:42,9631.41,9631.41,3
2025-11-12T10:34:55.030371,10:34:55,9588.74,9588.74,3
2025-11-12T10:35:07.243954,10:35:07,9634.29,9634.29,3
2025-11-12T10:35:19.417903,10:35:19,9613.92,9613.92,3
2025-11-12T10:35:31.392517,10:35:31,9623.97,9623.97,3
2025-11-12T10:35:43.494458,10:35:43,9612.67,9612.67,3
2025-11-12T10:35:55.848609,10:35:55,9641.48,9641.48,3
2025-11-12T10:36:07.981055,10:36:07,9655.76,9655.76,3
2025-11-12T10:36:19.896643,10:36:19,9660.32,9660.32,3
2025-11-12T10:36:31.850821,10:36:31,9664.34,9664.34,3
2025-11-12T10:36:44.286466,10:36:44,9681.55,9681.55,3
2025-11-12T10:36:56.450242,10:36:56,9684.53,9684.53,3
2025-11-12T10:37:08.656012,10:37:08,9724.05,9724.05,3
2025-11-12T10:37:21.000801,10:37:21,9718.75,9718.75,3
2025-11-12T10:37:33.174156,10:37:33,9707.02,9707.02,3
2025-11-12T10:37:45.344466,10:37:45,9726.57,9726.57,3
2025-11-12T10:37:57.676452,10:37:57,9692.44,9692.44,3
2025-11-12T10:38:09.760562,10:38:09,9709.15,9709.15,3
2025-11-12T10:38:22.073666,10:38:22,9676.81,9676.81,3
2025-11-12T10:38:34.197619,10:38:34,9677.61,9677.61,3
2025-11-12T10:38:46.790441,10:38:46,9691.41,9691.41,3
2025-11-12T10:38:58.756859,10:38:58,9686.74,9686.74,3
2025-11-12T10:39:10.965992,10:39:10,9692.74,9692.74,3
2025-11-12T10:39:23.065402,10:39:23,9692.61,9692.61,3
2025-11-12T10:39:35.667870,10:39:35,9640.08,9640.08,3
2025-11-12T10:39:47.865771,10:39:47,9606.4,9606.4,3
2025-11-12T10:40:00.108611,10:40:00,9593.5,9593.5,3
2025-11-12T10:40:12.635273,10:40:12,9631.6,9631.6,3
2025-11-12T10:40:24.778314,10:40:24,9644.04,9644.04,3
2025-11-12T10:40:37.041185,10:40:37,9655.53,9655.53,3
2025-11-12T10:40:49.306191,10:40:49,9689.43,9689.43,3
2025-11-12T10:41:01.497860,10:41:01,9739.35,9739.35,3
2025-11-12T10:41:13.660711,10:41:13,9793.16,9793.16,3
2025-11-12T10:41:26.019543,10:41:26,9789.64,9789.64,3
2025-11-12T10:41:38.616147,10:41:38,9795.27,9795.27,3
2025-11-12T10:41:51.118841,10:41:51,9801.01,9801.01,3
2025-11-12T10:42:03.484976,10:42:03,9807.04,9807.04,3
2025-11-12T10:42:15.772117,10:42:15,9811.52,9811.52,3
2025-11-12T10:42:27.970455,10:42:27,9833.74,9833.74,3
2025-11-12T10:42:40.318431,10:42:40,9817.98,9817.98,3
2025-11-12T10:42:52.595940,10:42:52,9777.01,9777.01,3
2025-11-12T10:43:04.807725,10:43:04,9717.61,9717.61,3
2025-11-12T10:43:16.956197,10:43:16,9681.22,9681.22,3
2025-11-12T10:43:29.191043,10:43:29,9652.43,9652.43,3
2025-11-12T10:43:41.671081,10:43:41,9675.55,9675.55,3
2025-11-12T10:43:54.014296,10:43:54,9675.58,9675.58,3
2025-11-12T10:44:06.298461,10:44:06,9673.99,9673.99,3
2025-11-12T10:44:18.658100,10:44:18,9696.28,9696.28,3
2025-11-12T10:44:30.931449,10:44:30,9708.29,9708.29,3
2025-11-12T10:44:43.186330,10:44:43,9698.23,9698.23,3
2025-11-12T10:44:55.415352,10:44:55,9651.94,9651.94,3
2025-11-12T10:45:07.712444,10:45:07,9593.74,9593.74,3
2025-11-12T10:45:19.919551,10:45:19,9588.7,9588.7,3
2025-11-12T10:45:31.944313,10:45:31,9674.3,9674.3,3
2025-11-12T10:45:44.272474,10:45:44,9678.34,9678.34,3
2025-11-12T10:45:56.385930,10:45:56,9668.61,9668.61,3
2025-11-12T10:46:08.866614,10:46:08,9691.61,9691.61,3
2025-11-12T10:46:21.313786,10:46:21,9707.64,9707.64,3
2025-11-12T10:46:33.923237,10:46:33,9702.64,9702.64,3
2025-11-12T10:46:45.961336,10:46:45,9711.78,9711.78,3
2025-11-12T10:46:58.425288,10:46:58,9725.43,9725.43,3
2025-11-12T10:47:11.058106,10:47:11,9756.72,9756.72,3
2025-11-12T10:47:23.777980,10:47:23,9754.56,9754.56,3
2025-11-12T10:47:35.931517,10:47:35,9751.24,9751.24,3
2025-11-12T10:47:48.601944,10:47:48,9745.66,9745.66,3
2025-11-12T10:48:00.703668,10:48:00,9728.55,9728.55,3
2025-11-12T10:48:12.752011,10:48:12,9771.07,9771.07,3
2025-11-12T10:48:24.866733,10:48:24,9753.48,9753.48,3
2025-11-12T10:48:37.349072,10:48:37,9760.07,9760.07,3
2025-11-12T10:48:50.108829,10:48:50,9790.42,9790.42,3
2025-11-12T10:49:02.241935,10:49:02,9797.5,9797.5,3
2025-11-12T10:49:14.765751,10:49:14,9812.19,9812.19,3
2025-11-12T10:49:26.876662,10:49:26,9825.03,9825.03,3
2025-11-12T10:49:39.230533,10:49:39,9828.54,9828.54,3
2025-11-12T10:49:51.662932,10:49:51,9835.6,9835.6,3
2025-11-12T10:50:04.071755,10:50:04,9839.96,9839.96,3
2025-11-12T10:50:16.239061,10:50:16,9835.98,9835.98,3
2025-11-12T10:50:28.628801,10:50:28,9812.27,9812.27,3
2025-11-12T10:50:41.075704,10:50:41,9749.4,9749.4,3
2025-11-12T10:50:53.298983,10:50:53,9790.92,9790.92,3
2025-11-12T10:51:05.584967,10:51:05,9784.07,9784.07,3
2025-11-12T10:51:17.557829,10:51:17,9806.81,9806.81,3
2025-11-12T10:51:29.636352,10:51:29,9805.32,9805.32,3
2025-11-12T10:51:41.693952,10:51:41,9858.47,9858.47,3
2025-11-12T10:51:53.955349,10:51:53,9844.82,9844.82,3
2025-11-12T10:52:06.301503,10:52:06,9841.71,9841.71,3
2025-11-12T10:52:18.953438,10:52:18,9797.82,9797.82,3
2025-11-12T10:52:31.050736,10:52:31,9807.48,9807.48,3
2025-11-12T10:52:43.546408,10:52:43,9825.36,9825.36,3
2025-11-12T10:52:56.254192,10:52:56,9829.71,9829.71,3
2025-11-12T10:53:08.760332,10:53:08,9810.61,9810.61,3
2025-11-12T10:53:20.923708,10:53:20,9844.17,9844.17,3
2025-11-12T10:53:33.513879,10:53:33,9890.04,9890.04,3
2025-11-12T10:53:46.159567,10:53:46,9895.25,9895.25,3
2025-11-12T10:53:58.382143,10:53:58,9907.42,9907.42,3
2025-11-12T10:54:10.480812,10:54:10,9926.54,9926.54,3
2025-11-12T10:54:22.728799,10:54:22,9928.0,9928.0,3
2025-11-12T10:54:35.106799,10:54:35,9920.22,9920.22,3
2025-11-12T10:54:47.188353,10:54:47,9926.05,9926.05,3
2025-11-12T10:54:59.408763,10:54:59,9899.35,9899.35,3
2025-11-12T10:55:12.047549,10:55:12,9922.79,9922.79,3
2025-11-12T10:55:24.683690,10:55:24,9914.57,9914.57,3
2025-11-12T10:55:36.923420,10:55:36,9905.96,9905.96,3
2025-11-12T10:55:49.116617,10:55:49,9892.63,9892.63,3
2025-11-12T10:56:01.646943,10:56:01,9883.83,9883.83,3
2025-11-12T10:56:13.954575,10:56:13,9760.68,9760.68,3
2025-11-12T10:56:26.166370,10:56:26,9756.6,9756.6,3
2025-11-12T10:56:38.380124,10:56:38,9752.24,9752.24,3
2025-11-12T10:56:50.477575,10:56:50,9748.55,9748.55,3
2025-11-12T10:57:02.441178,10:57:02,9692.74,9692.74,3
2025-11-12T10:57:14.708174,10:57:14,9662.0,9662.0,3
2025-11-12T10:57:27.430794,10:57:27,9672.62,9672.62,3
2025-11-12T10:57:39.804093,10:57:39,9651.39,9651.39,3
2025-11-12T10:57:52.150307,10:57:52,9631.13,9631.13,3
2025-11-12T10:58:04.392928,10:58:04,9696.67,9696.67,3
2025-11-12T10:58:16.600004,10:58:16,9757.82,9757.82,3
2025-11-12T10:58:28.658954,10:58:28,9763.9,9763.9,3
2025-11-12T10:58:41.166870,10:58:41,9802.52,9802.52,3
2025-11-12T10:58:53.659224,10:58:53,9806.1,9806.1,3
2025-11-12T10:59:06.244972,10:59:06,9808.58,9808.58,3
2025-11-12T10:59:18.420625,10:59:18,9809.81,9809.81,3
2025-11-12T10:59:30.581382,10:59:30,9809.15,9809.15,3
2025-11-12T10:59:42.800445,10:59:42,9800.04,9800.04,3
2025-11-12T10:59:55.101303,10:59:55,9778.56,9778.56,3
2025-11-12T11:00:07.155258,11:00:07,9755.79,9755.79,3
2025-11-12T11:00:19.411390,11:00:19,9782.98,9782.98,3
2025-11-12T11:00:31.518034,11:00:31,9801.39,9801.39,3
2025-11-12T11:00:43.989057,11:00:43,9804.2,9804.2,3
2025-11-12T11:00:56.351178,11:00:56,9781.18,9781.18,3
2025-11-12T11:01:08.606600,11:01:08,9746.94,9746.94,3
2025-11-12T11:01:20.939112,11:01:20,9705.34,9705.34,3
2025-11-12T11:01:33.216128,11:01:33,9722.26,9722.26,3
2025-11-12T11:01:45.465697,11:01:45,9724.97,9724.97,3
2025-11-12T11:01:57.615373,11:01:57,9698.52,9698.52,3
2025-11-12T11:02:09.977183,11:02:09,9725.04,9725.04,3
2025-11-12T11:02:22.095181,11:02:22,9712.16,9712.16,3
2025-11-12T11:02:34.351874,11:02:34,9710.24,9710.24,3
2025-11-12T11:02:46.396168,11:02:46,9711.04,9711.04,3
2025-11-12T11:02:58.611072,11:02:58,9688.75,9688.75,3
2025-11-12T11:03:10.666625,11:03:10,9657.62,9657.62,3
2025-11-12T11:03:22.729351,11:03:22,9665.61,9665.61,3
2025-11-12T11:03:34.774170,11:03:34,9648.53,9648.53,3
2025-11-12T11:03:47.042782,11:03:47,9683.44,9683.44,3
2025-11-12T11:03:59.422721,11:03:59,9665.23,9665.23,3
2025-11-12T11:04:11.586233,11:04:11,9672.72,9672.72,3
2025-11-12T11:04:23.962232,11:04:23,9697.65,9697.65,3
2025-11-12T11:04:36.088984,11:04:36,9710.7,9710.7,3
2025-11-12T11:04:48.224261,11:04:48,9773.49,9773.49,3
2025-11-12T11:05:00.710371,11:05:00,9751.37,9751.37,3
2025-11-12T11:05:12.899621,11:05:12,9693.09,9693.09,3
2025-11-12T11:05:25.122692,11:05:25,9689.16,9689.16,3
2025-11-12T11:05:37.238000,11:05:37,9684.1,9684.1,3
2025-11-12T11:05:49.533776,11:05:49,9644.82,9644.82,3
2025-11-12T11:06:02.329418,11:06:02,9617.77,9617.77,3
2025-11-12T11:06:14.750818,11:06:14,9615.98,9615.98,3
2025-11-12T11:06:26.963631,11:06:26,9623.67,9623.67,3
2025-11-12T11:06:39.317167,11:06:39,9678.12,9678.12,3
2025-11-12T11:06:51.482917,11:06:51,9691.45,9691.45,3
2025-11-12T11:07:03.557197,11:07:03,9690.04,9690.04,3
2025-11-12T11:07:16.009349,11:07:16,9702.31,9702.31,3
2025-11-12T11:07:28.155191,11:07:28,9670.93,9670.93,3
2025-11-12T11:07:40.851803,11:07:40,9660.89,9660.89,3
2025-11-12T11:07:53.844826,11:07:53,9680.27,9680.27,3
2025-11-12T11:08:07.174682,11:08:07,9679.2,9679.2,3
2025-11-12T11:08:20.401482,11:08:20,9678.11,9678.11,3
2025-11-12T11:08:33.623876,11:08:33,9646.64,9646.64,3
2025-11-12T11:08:46.103250,11:08:46,9651.38,9651.38,3
2025-11-12T11:08:58.092251,11:08:58,9654.34,9654.34,3
2025-11-12T11:09:10.128783,11:09:10,9664.74,9664.74,3
2025-11-12T11:09:22.326103,11:09:22,9747.94,9747.94,3
2025-11-12T11:09:34.387623,11:09:34,9776.89,9776.89,3
2025-11-12T11:09:46.890547,11:09:46,9774.01,9774.01,3
2025-11-12T11:09:59.521502,11:09:59,9795.44,9795.44,3
2025-11-12T11:10:12.200806,11:10:12,9769.12,9769.12,3
2025-11-12T11:10:24.873929,11:10:24,9718.77,9718.77,3
2025-11-12T11:10:37.113261,11:10:37,9685.39,9685.39,3
2025-11-12T11:10:49.222048,11:10:49,9684.27,9684.27,3
2025-11-12T11:11:01.267572,11:11:01,9657.4,9657.4,3
2025-11-12T11:11:13.454156,11:11:13,9636.56,9636.56,3
2025-11-12T11:11:25.966312,11:11:25,9629.94,9629.94,3
2025-11-12T11:11:38.161227,11:11:38,9657.51,9657.51,3
2025-11-12T11:11:50.626278,11:11:50,9661.6,9661.6,3
2025-11-12T11:12:03.029698,11:12:03,9649.05,9649.05,3
2025-11-12T11:12:15.249096,11:12:15,9669.71,9669.71,3
2025-11-12T11:12:27.465145,11:12:27,9672.42,9672.42,3
2025-11-12T11:12:39.813031,11:12:39,9677.07,9677.07,3
2025-11-12T11:12:52.128363,11:12:52,9731.98,9731.98,3
2025-11-12T11:13:04.549509,11:13:04,9695.06,9695.06,3
2025-11-12T11:13:16.736815,11:13:16,9693.67,9693.67,3
2025-11-12T11:13:28.874894,11:13:28,9694.82,9694.82,3
2025-11-12T11:13:41.038270,11:13:41,9723.29,9723.29,3
2025-11-12T11:13:53.282710,11:13:53,9730.63,9730.63,3
2025-11-12T11:14:05.591892,11:14:05,9732.19,9732.19,3
2025-11-12T11:14:17.895510,11:14:17,9781.27,9781.27,3
2025-11-12T11:14:30.348813,11:14:30,9759.79,9759.79,3
2025-11-12T11:14:42.405723,11:14:42,9814.79,9814.79,3
2025-11-12T11:14:55.001644,11:14:55,9875.44,9875.44,3
2025-11-12T11:15:07.387025,11:15:07,9882.67,9882.67,3
2025-11-12T11:15:19.644483,11:15:19,9893.21,9893.21,3
2025-11-12T11:15:31.838583,11:15:31,9872.55,9872.55,3
2025-11-12T11:15:44.000601,11:15:44,9878.53,9878.53,3
2025-11-12T11:15:56.433078,11:15:56,9860.09,9860.09,3
2025-11-12T11:16:08.658104,11:16:08,9834.48,9834.48,3
2025-11-12T11:16:20.888217,11:16:20,9802.47,9802.47,3
2025-11-12T11:16:33.477499,11:16:33,9749.8,9749.8,3
2025-11-12T11:16:45.626458,11:16:45,9737.61,9737.61,3
2025-11-12T11:16:58.187458,11:16:58,9718.36,9718.36,3
2025-11-12T11:17:10.725855,11:17:10,9745.12,9745.12,3
2025-11-12T11:17:23.056920,11:17:23,9711.38,9711.38,3
2025-11-12T11:17:35.348713,11:17:35,9711.95,9711.95,3
2025-11-12T11:17:47.732109,11:17:47,9736.79,9736.79,3
2025-11-12T11:17:59.812641,11:17:59,9738.87,9738.87,3
2025-11-12T11:18:11.954288,11:18:11,9738.14,9738.14,3
2025-11-12T11:18:24.441292,11:18:24,9737.77,9737.77,3
2025-11-12T11:18:36.542969,11:18:36,9792.11,9792.11,3
2025-11-12T11:18:48.852111,11:18:48,9814.45,9814.45,3
2025-11-12T11:19:01.035742,11:19:01,9803.14,9803.14,3
2025-11-12T11:19:13.346482,11:19:13,9792.43,9792.43,3
2025-11-12T11:19:25.873469,11:19:25,9789.49,9789.49,3
2025-11-12T11:19:38.228610,11:19:38,9777.58,9777.58,3
2025-11-12T11:19:50.398117,11:19:50,9782.57,9782.57,3
2025-11-12T11:20:02.426541,11:20:02,9757.08,9757.08,3
2025-11-12T11:20:14.649479,11:20:14,9776.84,9776.84,3
2025-11-12T11:20:26.935397,11:20:26,9807.1,9807.1,3
2025-11-12T11:20:39.275590,11:20:39,9864.45,9864.45,3
2025-11-12T11:20:51.493538,11:20:51,9883.81,9883.81,3
2025-11-12T11:21:03.715774,11:21:03,9894.01,9894.01,3
2025-11-12T11:21:15.837340,11:21:15,9880.35,9880.35,3
2025-11-12T11:21:27.816069,11:21:27,9893.84,9893.84,3
2025-11-12T11:21:40.428876,11:21:40,9921.88,9921.88,3
2025-11-12T11:21:52.904267,11:21:52,9950.75,9950.75,3
2025-11-12T11:22:04.943339,11:22:04,9947.18,9947.18,3
2025-11-12T11:22:17.105032,11:22:17,9940.17,9940.17,3
2025-11-12T11:22:29.335985,11:22:29,9960.83,9960.83,3
2025-11-12T11:22:41.518801,11:22:41,9956.36,9956.36,3
2025-11-12T11:22:54.236399,11:22:54,9948.58,9948.58,3
2025-11-12T11:23:06.478197,11:23:06,9974.59,9974.59,3
2025-11-12T11:23:18.793631,11:23:18,10012.42,10012.42,3
2025-11-12T11:23:31.007509,11:23:31,10022.13,10022.13,3
2025-11-12T11:23:43.227755,11:23:43,10053.51,10053.51,3
2025-11-12T11:23:55.333776,11:23:55,10003.4,10003.4,3
2025-11-12T11:24:07.846767,11:24:07,10006.73,10006.73,3
2025-11-12T11:24:20.143494,11:24:20,9991.34,9991.34,3
2025-11-12T11:24:32.548000,11:24:32,9921.66,9921.66,3
2025-11-12T11:24:44.890635,11:24:44,9880.46,9880.46,3
2025-11-12T11:24:56.880697,11:24:56,9886.24,9886.24,3
2025-11-12T11:25:09.206924,11:25:09,9856.34,9856.34,3
2025-11-12T11:25:21.724317,11:25:21,9853.16,9853.16,3
2025-11-12T11:25:34.123471,11:25:34,9884.22,9884.22,3
2025-11-12T11:25:46.454357,11:25:46,9869.21,9869.21,3
2025-11-12T11:25:58.739559,11:25:58,9830.1,9830.1,3
2025-11-12T11:26:10.747455,11:26:10,9826.65,9826.65,3
2025-11-12T11:26:23.224813,11:26:23,9806.51,9806.51,3
2025-11-12T11:26:35.853796,11:26:35,9804.2,9804.2,3
2025-11-12T11:26:48.044982,11:26:48,9796.67,9796.67,3
2025-11-12T11:27:00.233711,11:27:00,9856.15,9856.15,3
2025-11-12T11:27:12.734297,11:27:12,9842.7,9842.7,3
2025-11-12T11:27:24.973525,11:27:24,9819.41,9819.41,3
2025-11-12T11:27:37.299262,11:27:37,9853.61,9853.61,3
2025-11-12T11:27:49.633631,11:27:49,9854.77,9854.77,3
2025-11-12T11:28:01.896515,11:28:01,9863.28,9863.28,3
2025-11-12T11:28:13.975952,11:28:13,9866.6,9866.6,3
2025-11-12T11:28:26.249325,11:28:26,9839.27,9839.27,3
2025-11-12T11:28:38.670994,11:28:38,9842.01,9842.01,3
2025-11-12T11:28:50.645495,11:28:50,9863.89,9863.89,3
2025-11-12T11:29:03.035726,11:29:03,9911.47,9911.47,3
2025-11-12T11:29:15.361742,11:29:15,9894.43,9894.43,3
2025-11-12T11:29:27.419336,11:29:27,9910.26,9910.26,3
2025-11-12T11:29:39.903524,11:29:39,9900.97,9900.97,3
2025-11-12T11:29:52.123349,11:29:52,9917.27,9917.27,3
2025-11-12T11:30:04.340549,11:30:04,9916.48,9916.48,3
2025-11-12T11:30:16.792524,11:30:16,9858.88,9858.88,3
2025-11-12T11:30:29.520806,11:30:29,9876.79,9876.79,3
2025-11-12T11:30:42.356188,11:30:42,9873.67,9873.67,3
2025-11-12T11:30:55.175460,11:30:55,9893.85,9893.85,3
2025-11-12T11:31:08.070202,11:31:08,9896.69,9896.69,3
2025-11-12T11:31:21.360282,11:31:21,9904.14,9904.14,3
2025-11-12T11:31:34.560001,11:31:34,9865.03,9865.03,3
2025-11-12T11:31:46.799188,11:31:46,9917.23,9917.23,3
2025-11-12T11:31:59.170696,11:31:59,9903.46,9903.46,3
2025-11-12T11:32:11.707082,11:32:11,9898.48,9898.48,3
2025-11-12T11:32:23.813138,11:32:23,9898.7,9898.7,3
2025-11-12T11:32:36.274552,11:32:36,9914.59,9914.59,3
2025-11-12T11:32:48.602719,11:32:48,9922.55,9922.55,3
2025-11-12T11:33:01.163682,11:33:01,9920.12,9920.12,3
2025-11-12T11:33:13.781185,11:33:13,9994.48,9994.48,3
2025-11-12T11:33:26.029865,11:33:26,10036.94,10036.94,3
2025-11-12T11:33:38.316941,11:33:38,10030.75,10030.75,3
2025-11-12T11:33:50.643311,11:33:50,10017.38,10017.38,3
2025-11-12T11:34:03.019733,11:34:03,10009.66,10009.66,3
2025-11-12T11:34:15.369314,11:34:15,9996.72,9996.72,3
2025-11-12T11:34:27.702809,11:34:27,9992.88,9992.88,3
2025-11-12T11:34:40.127519,11:34:40,10003.42,10003.42,3
2025-11-12T11:34:52.569082,11:34:52,9998.54,9998.54,3
2025-11-12T11:35:04.898661,11:35:04,9992.7,9992.7,3
2025-11-12T11:35:17.384274,11:35:17,9999.7,9999.7,3
2025-11-12T11:35:29.598656,11:35:29,9984.24,9984.24,3
2025-11-12T11:35:41.705237,11:35:41,9967.24,9967.24,3
2025-11-12T11:35:53.824998,11:35:53,9966.09,9966.09,3
2025-11-12T11:36:06.038723,11:36:06,9951.49,9951.49,3
2025-11-12T11:36:18.146736,11:36:18,9971.8,9971.8,3
2025-11-12T11:36:30.358135,11:36:30,9974.19,9974.19,3
2025-11-12T11:36:42.415979,11:36:42,9957.5,9957.5,3
2025-11-12T11:36:54.499030,11:36:54,9957.93,9957.93,3
2025-11-12T11:37:06.695486,11:37:06,9918.95,9918.95,3
2025-11-12T11:37:19.204996,11:37:19,9919.76,9919.76,3
2025-11-12T11:37:31.431687,11:37:31,9940.86,9940.86,3
2025-11-12T11:37:43.635000,11:37:43,9962.36,9962.36,3
2025-11-12T11:37:56.118736,11:37:56,10063.75,10063.75,3
2025-11-12T11:38:08.502639,11:38:08,10008.12,10008.12,3
2025-11-12T11:38:20.835279,11:38:20,9977.33,9977.33,3
2025-11-12T11:38:33.229736,11:38:33,10018.32,10018.32,3
2025-11-12T11:38:45.784036,11:38:45,10050.43,10050.43,3
2025-11-12T11:38:57.810284,11:38:57,10063.31,10063.31,3
2025-11-12T11:39:10.492201,11:39:10,10108.46,10108.46,3
2025-11-12T11:39:23.077088,11:39:23,10132.05,10132.05,3
2025-11-12T11:39:35.288635,11:39:35,10139.01,10139.01,3
2025-11-12T11:39:47.523647,11:39:47,10161.77,10161.77,3
2025-11-12T11:39:59.800139,11:39:59,10146.14,10146.14,3
2025-11-12T11:40:11.847734,11:40:11,10115.49,10115.49,3
2025-11-12T11:40:24.157891,11:40:24,10104.61,10104.61,3
2025-11-12T11:40:36.142586,11:40:36,10057.99,10057.99,3
2025-11-12T11:40:48.301254,11:40:48,9954.57,9954.57,3
2025-11-12T11:41:00.685487,11:41:00,9948.81,9948.81,3
2025-11-12T11:41:12.809452,11:41:12,9935.11,9935.11,3
2025-11-12T11:41:25.145100,11:41:25,9952.51,9952.51,3
2025-11-12T11:41:37.529269,11:41:37,10023.93,10023.93,3
2025-11-12T11:41:49.832975,11:41:49,10060.66,10060.66,3
2025-11-12T11:42:01.967989,11:42:01,10105.27,10105.27,3
2025-11-12T11:42:13.938438,11:42:13,10143.23,10143.23,3
2025-11-12T11:42:26.198958,11:42:26,10152.76,10152.76,3
2025-11-12T11:42:38.137560,11:42:38,10206.72,10206.72,3
2025-11-12T11:42:50.330887,11:42:50,10211.22,10211.22,3
2025-11-12T11:43:02.902172,11:43:02,10250.32,10250.32,3
2025-11-12T11:43:15.375213,11:43:15,10267.25,10267.25,3
2025-11-12T11:43:28.447269,11:43:28,10235.15,10235.15,3
2025-11-12T11:43:40.519642,11:43:40,10247.13,10247.13,3
2025-11-12T11:43:52.580916,11:43:52,10210.15,10210.15,3
2025-11-12T11:44:04.722643,11:44:04,10208.66,10208.66,3
2025-11-12T11:44:17.075776,11:44:17,10166.69,10166.69,3
2025-11-12T11:44:29.173978,11:44:29,10138.38,10138.38,3
2025-11-12T11:44:41.347830,11:44:41,10143.55,10143.55,3
2025-11-12T11:44:53.980624,11:44:53,10125.58,10125.58,3
2025-11-12T11:45:06.610611,11:45:06,10163.12,10163.12,3
2025-11-12T11:45:18.864234,11:45:18,10118.84,10118.84,3
2025-11-12T11:45:31.335967,11:45:31,10146.18,10146.18,3
2025-11-12T11:45:43.614587,11:45:43,10117.44,10117.44,3
2025-11-12T11:45:56.007004,11:45:56,10122.07,10122.07,3
2025-11-12T11:46:08.260947,11:46:08,10088.78,10088.78,3
2025-11-12T11:46:20.457548,11:46:20,10076.75,10076.75,3
2025-11-12T11:46:32.974560,11:46:32,10055.27,10055.27,3
2025-11-12T11:46:45.422017,11:46:45,10078.51,10078.51,3
2025-11-12T11:46:57.649317,11:46:57,10083.14,10083.14,3
2025-11-12T11:47:10.307962,11:47:10,10082.18,10082.18,3
2025-11-12T11:47:22.633649,11:47:22,10087.36,10087.36,3
2025-11-12T11:47:34.932936,11:47:34,10126.58,10126.58,3
2025-11-12T11:47:47.156390,11:47:47,10103.74,10103.74,3
2025-11-12T11:47:59.551810,11:47:59,10109.07,10109.07,3
2025-11-12T11:48:11.636705,11:48:11,10174.73,10174.73,3
2025-11-12T11:48:23.626204,11:48:23,10236.0,10236.0,3
2025-11-12T11:48:35.637421,11:48:35,10204.37,10204.37,3
2025-11-12T11:48:47.666751,11:48:47,10219.74,10219.74,3
2025-11-12T11:48:59.738237,11:48:59,10269.5,10269.5,3
2025-11-12T11:49:12.244081,11:49:12,10275.79,10275.79,3
2025-11-12T11:49:24.595138,11:49:24,10277.59,10277.59,3
2025-11-12T11:49:36.667715,11:49:36,10315.32,10315.32,3
2025-11-12T11:49:48.945609,11:49:48,10375.8,10375.8,3
2025-11-12T11:50:01.264263,11:50:01,10339.48,10339.48,3
2025-11-12T11:50:13.503782,11:50:13,10360.83,10360.83,3
2025-11-12T11:50:25.833053,11:50:25,10362.47,10362.47,3
2025-11-12T11:50:38.118038,11:50:38,10365.36,10365.36,3
2025-11-12T11:50:50.376182,11:50:50,10286.65,10286.65,3
2025-11-12T11:51:02.620404,11:51:02,10206.76,10206.76,3
2025-11-12T11:51:14.943391,11:51:14,10253.68,10253.68,3
2025-11-12T11:51:27.111371,11:51:27,10237.68,10237.68,3
2025-11-12T11:51:39.322330,11:51:39,10222.14,10222.14,3
2025-11-12T11:51:52.456690,11:51:52,10209.14,10209.14,3
2025-11-12T11:52:04.869825,11:52:04,10209.37,10209.37,3
2025-11-12T11:52:17.236012,11:52:17,10139.09,10139.09,3
2025-11-12T11:52:29.381022,11:52:29,10108.88,10108.88,3
2025-11-12T11:52:42.430996,11:52:42,10151.16,10151.16,3
2025-11-12T11:52:54.649118,11:52:54,10175.33,10175.33,3
2025-11-12T11:53:07.164138,11:53:07,10182.62,10182.62,3
2025-11-12T11:53:19.372171,11:53:19,10185.2,10185.2,3
2025-11-12T11:53:31.725385,11:53:31,10251.72,10251.72,3
2025-11-12T11:53:43.782473,11:53:43,10279.8,10279.8,3
2025-11-12T11:53:55.974901,11:53:55,10321.73,10321.73,3
2025-11-12T11:54:08.420285,11:54:08,10245.27,10245.27,3
2025-11-12T11:54:20.537135,11:54:20,10248.13,10248.13,3
2025-11-12T11:54:33.421943,11:54:33,10251.92,10251.92,3
2025-11-12T11:54:46.049138,11:54:46,10264.86,10264.86,3
2025-11-12T11:54:58.323223,11:54:58,10285.7,10285.7,3
2025-11-12T11:55:10.331164,11:55:10,10291.41,10291.41,3
2025-11-12T11:55:22.538269,11:55:22,10287.23,10287.23,3
2025-11-12T11:55:34.909519,11:55:34,10286.3,10286.3,3
2025-11-12T11:55:47.032560,11:55:47,10288.13,10288.13,3
2025-11-12T11:55:59.391270,11:55:59,10268.87,10268.87,3
2025-11-12T11:56:11.266755,11:56:11,10264.63,10264.63,3
2025-11-12T11:56:23.542066,11:56:23,10231.29,10231.29,3
2025-11-12T11:56:35.803650,11:56:35,10267.07,10267.07,3
2025-11-12T11:56:48.053653,11:56:48,10265.19,10265.19,3
2025-11-12T11:57:00.320800,11:57:00,10231.17,10231.17,3
2025-11-12T11:57:12.476906,11:57:12,10230.53,10230.53,3
2025-11-12T11:57:24.350244,11:57:24,10231.25,10231.25,3
2025-11-12T11:57:36.444660,11:57:36,10261.86,10261.86,3
2025-11-12T11:57:48.832591,11:57:48,10293.61,10293.61,3
2025-11-12T11:58:01.069503,11:58:01,10283.43,10283.43,3
2025-11-12T11:58:13.223428,11:58:13,10244.63,10244.63,3
2025-11-12T11:58:25.473710,11:58:25,10230.49,10230.49,3
2025-11-12T11:58:37.729967,11:58:37,10250.97,10250.97,3
2025-11-12T11:58:50.124660,11:58:50,10254.92,10254.92,3
2025-11-12T11:59:02.194278,11:59:02,10251.63,10251.63,3
2025-11-12T11:59:14.537126,11:59:14,10256.32,10256.32,3
2025-11-12T11:59:27.006399,11:59:27,10262.27,10262.27,3
2025-11-12T11:59:39.372615,11:59:39,10264.83,10264.83,3
2025-11-12T11:59:51.670407,11:59:51,10254.98,10254.98,3
2025-11-12T12:00:04.155196,12:00:04,10220.86,10220.86,3
2025-11-12T12:00:16.245948,12:00:16,10239.69,10239.69,3
2025-11-12T12:00:28.288967,12:00:28,10237.32,10237.32,3
2025-11-12T12:00:40.490341,12:00:40,10268.09,10268.09,3
2025-11-12T12:00:53.063110,12:00:53,10286.82,10286.82,3
2025-11-12T12:01:05.336623,12:01:05,10282.28,10282.28,3
2025-11-12T12:01:17.903260,12:01:17,10266.91,10266.91,3
2025-11-12T12:01:29.967251,12:01:29,10267.2,10267.2,3
2025-11-12T12:01:42.326371,12:01:42,10266.47,10266.47,3
2025-11-12T12:01:54.905213,12:01:54,10265.09,10265.09,3
2025-11-12T12:02:07.137090,12:02:07,10263.65,10263.65,3
2025-11-12T12:02:19.516915,12:02:19,10265.0,10265.0,3
2025-11-12T12:02:31.695152,12:02:31,10206.72,10206.72,3
2025-11-12T12:02:44.370474,12:02:44,10220.86,10220.86,3
2025-11-12T12:02:56.934393,12:02:56,10225.45,10225.45,3
2025-11-12T12:03:09.687317,12:03:09,10260.32,10260.32,3
2025-11-12T12:03:22.105635,12:03:22,10261.52,10261.52,3
2025-11-12T12:03:34.401202,12:03:34,10237.19,10237.19,3
2025-11-12T12:03:46.741552,12:03:46,10232.79,10232.79,3
2025-11-12T12:03:59.096969,12:03:59,10240.04,10240.04,3
2025-11-12T12:04:11.253969,12:04:11,10257.39,10257.39,3
2025-11-12T12:04:23.551471,12:04:23,10246.55,10246.55,3
2025-11-12T12:04:35.985132,12:04:35,10262.9,10262.9,3
2025-11-12T12:04:48.118829,12:04:48,10260.99,10260.99,3
2025-11-12T12:05:00.172923,12:05:00,10255.0,10255.0,3
2025-11-12T12:05:12.428219,12:05:12,10254.37,10254.37,3
2025-11-12T12:05:24.881745,12:05:24,10291.38,10291.38,3
2025-11-12T12:05:37.099310,12:05:37,10280.99,10280.99,3
2025-11-12T12:05:49.406987,12:05:49,10276.51,10276.51,3
2025-11-12T12:06:01.741253,12:06:01,10281.07,10281.07,3
2025-11-12T12:06:13.872920,12:06:13,10277.84,10277.84,3
2025-11-12T12:06:26.220814,12:06:26,10263.97,10263.97,3
2025-11-12T12:06:38.587143,12:06:38,10312.59,10312.59,3
2025-11-12T12:06:50.875360,12:06:50,10342.05,10342.05,3
2025-11-12T12:07:03.091377,12:07:03,10339.37,10339.37,3
2025-11-12T12:07:15.491311,12:07:15,10344.52,10344.52,3
2025-11-12T12:07:27.598688,12:07:27,10347.54,10347.54,3
2025-11-12T12:07:39.865361,12:07:39,10331.3,10331.3,3
2025-11-12T12:07:51.982895,12:07:51,10312.63,10312.63,3
2025-11-12T12:08:04.136355,12:08:04,10265.04,10265.04,3
2025-11-12T12:08:16.826799,12:08:16,10233.15,10233.15,3
2025-11-12T12:08:29.025569,12:08:29,10254.48,10254.48,3
2025-11-12T12:08:41.254772,12:08:41,10203.93,10203.93,3
2025-11-12T12:08:53.577858,12:08:53,10201.18,10201.18,3
2025-11-12T12:09:05.927228,12:09:05,10208.96,10208.96,3
2025-11-12T12:09:17.924743,12:09:17,10200.48,10200.48,3
2025-11-12T12:09:30.478685,12:09:30,10192.06,10192.06,3
2025-11-12T12:09:42.809270,12:09:42,10180.01,10180.01,3
2025-11-12T12:09:55.149394,12:09:55,10146.52,10146.52,3
2025-11-12T12:10:07.405194,12:10:07,10125.48,10125.48,3
2025-11-12T12:10:19.782859,12:10:19,10067.69,10067.69,3
2025-11-12T12:10:32.078594,12:10:32,10024.24,10024.24,3
2025-11-12T12:10:44.204052,12:10:44,10056.29,10056.29,3
2025-11-12T12:10:56.914564,12:10:56,10057.01,10057.01,3
2025-11-12T12:11:09.329750,12:11:09,10056.72,10056.72,3
2025-11-12T12:11:21.657083,12:11:21,10079.58,10079.58,3
2025-11-12T12:11:33.748990,12:11:33,10071.98,10071.98,3
2025-11-12T12:11:46.079366,12:11:46,10046.58,10046.58,3
2025-11-12T12:11:58.202608,12:11:58,10111.77,10111.77,3
2025-11-12T12:12:10.516622,12:12:10,10107.5,10107.5,3
2025-11-12T12:12:22.991079,12:12:22,10082.0,10082.0,3
2025-11-12T12:12:35.293347,12:12:35,10089.35,10089.35,3
2025-11-12T12:12:47.667176,12:12:47,10080.28,10080.28,3
2025-11-12T12:13:00.256802,12:13:00,10108.2,10108.2,3
2025-11-12T12:13:12.666687,12:13:12,10135.58,10135.58,3
2025-11-12T12:13:24.926647,12:13:24,10119.78,10119.78,3
2025-11-12T12:13:37.158729,12:13:37,10124.15,10124.15,3
2025-11-12T12:13:49.288334,12:13:49,10122.5,10122.5,3
2025-11-12T12:14:01.666874,12:14:01,10145.54,10145.54,3
2025-11-12T12:14:13.990323,12:14:13,10144.66,10144.66,3
2025-11-12T12:14:26.161807,12:14:26,10097.95,10097.95,3
2025-11-12T12:14:38.388931,12:14:38,10079.27,10079.27,3
2025-11-12T12:14:50.558750,12:14:50,10066.35,10066.35,3
2025-11-12T12:15:02.922533,12:15:02,10060.75,10060.75,3
2025-11-12T12:15:15.265478,12:15:15,10050.47,10050.47,3
2025-11-12T12:15:27.655194,12:15:27,10046.2,10046.2,3
2025-11-12T12:15:39.734564,12:15:39,10040.62,10040.62,3
2025-11-12T12:15:52.109085,12:15:52,10041.61,10041.61,3
2025-11-12T12:16:04.599884,12:16:04,10043.76,10043.76,3
2025-11-12T12:16:16.809730,12:16:16,10046.58,10046.58,3
2025-11-12T12:16:29.016875,12:16:29,10046.16,10046.16,3
2025-11-12T12:16:41.558862,12:16:41,10044.75,10044.75,3
2025-11-12T12:16:53.853751,12:16:53,10080.42,10080.42,3
2025-11-12T12:17:06.286139,12:17:06,10064.38,10064.38,3
2025-11-12T12:17:18.909633,12:17:18,10061.71,10061.71,3
2025-11-12T12:17:31.279518,12:17:31,10059.84,10059.84,3
2025-11-12T12:17:43.549866,12:17:43,10058.88,10058.88,3
2025-11-12T12:17:55.549569,12:17:55,10071.41,10071.41,3
2025-11-12T12:18:07.694234,12:18:07,9996.92,9996.92,3
2025-11-12T12:18:20.304819,12:18:20,9982.9,9982.9,3
2025-11-12T12:18:32.539041,12:18:32,9968.79,9968.79,3
2025-11-12T12:18:44.998255,12:18:44,9983.28,9983.28,3
2025-11-12T12:18:57.348900,12:18:57,9967.32,9967.32,3
2025-11-12T12:19:09.524831,12:19:09,10006.18,10006.18,3
2025-11-12T12:19:21.864789,12:19:21,10017.94,10017.94,3
2025-11-12T12:19:33.963564,12:19:33,10075.6,10075.6,3
2025-11-12T12:19:46.128765,12:19:46,10092.58,10092.58,3
2025-11-12T12:19:58.278143,12:19:58,10101.91,10101.91,3
2025-11-12T12:20:10.801525,12:20:10,10113.84,10113.84,3
2025-11-12T12:20:22.927260,12:20:22,10129.95,10129.95,3
2025-11-12T12:20:35.199358,12:20:35,10110.76,10110.76,3
2025-11-12T12:20:47.798182,12:20:47,10105.29,10105.29,3
2025-11-12T12:21:00.344367,12:21:00,10103.39,10103.39,3
2025-11-12T12:21:12.875144,12:21:12,10076.79,10076.79,3
2025-11-12T12:21:25.452464,12:21:25,10074.55,10074.55,3
2025-11-12T12:21:37.796557,12:21:37,10082.14,10082.14,3
2025-11-12T12:21:50.157885,12:21:50,10085.78,10085.78,3
2025-11-12T12:22:02.416686,12:22:02,10093.37,10093.37,3
2025-11-12T12:22:14.614388,12:22:14,10082.16,10082.16,3
2025-11-12T12:22:27.079496,12:22:27,10079.24,10079.24,3
2025-11-12T12:22:39.497001,12:22:39,10116.64,10116.64,3
2025-11-12T12:22:52.185015,12:22:52,10116.1,10116.1,3
2025-11-12T12:23:04.500177,12:23:04,10153.09,10153.09,3
2025-11-12T12:23:16.603262,12:23:16,10168.97,10168.97,3
2025-11-12T12:23:29.409062,12:23:29,10190.42,10190.42,3
2025-11-12T12:23:41.569321,12:23:41,10174.85,10174.85,3
2025-11-12T12:23:54.114828,12:23:54,10176.56,10176.56,3
2025-11-12T12:24:06.440319,12:24:06,10203.78,10203.78,3
2025-11-12T12:24:18.722568,12:24:18,10180.86,10180.86,3
2025-11-12T12:24:31.009903,12:24:31,10177.21,10177.21,3
2025-11-12T12:24:43.313093,12:24:43,10171.59,10171.59,3
2025-11-12T12:24:55.410706,12:24:55,10170.65,10170.65,3
2025-11-12T12:25:08.082612,12:25:08,10053.26,10053.26,3
2025-11-12T12:25:20.968841,12:25:20,10027.66,10027.66,3
2025-11-12T12:25:33.688280,12:25:33,10029.47,10029.47,3
2025-11-12T12:25:46.907573,12:25:46,10032.26,10032.26,3
2025-11-12T12:25:59.673710,12:25:59,10028.75,10028.75,3
2025-11-12T12:26:12.331894,12:26:12,10060.1,10060.1,3
2025-11-12T12:26:24.610180,12:26:24,10050.96,10050.96,3
2025-11-12T12:26:37.161422,12:26:37,10055.76,10055.76,3
2025-11-12T12:26:49.209713,12:26:49,10026.27,10026.27,3
2025-11-12T12:27:01.465229,12:27:01,10017.44,10017.44,3
2025-11-12T12:27:13.690318,12:27:13,10011.49,10011.49,3
2025-11-12T12:27:26.315923,12:27:26,10014.86,10014.86,3
2025-11-12T12:27:38.835748,12:27:38,10007.77,10007.77,3
2025-11-12T12:27:51.130078,12:27:51,9990.72,9990.72,3
2025-11-12T12:28:03.381791,12:28:03,9988.25,9988.25,3
2025-11-12T12:28:15.677760,12:28:15,9962.29,9962.29,3
2025-11-12T12:28:28.288978,12:28:28,9954.42,9954.42,3
2025-11-12T12:28:40.759184,12:28:40,9972.25,9972.25,3
2025-11-12T12:28:53.254306,12:28:53,9970.06,9970.06,3
2025-11-12T12:29:05.724499,12:29:05,10017.0,10017.0,3
2025-11-12T12:29:18.337577,12:29:18,10017.63,10017.63,3
2025-11-12T12:29:30.408398,12:29:30,10018.43,10018.43,3
2025-11-12T12:29:42.703537,12:29:42,9983.16,9983.16,3
2025-11-12T12:29:55.313483,12:29:55,9972.44,9972.44,3
2025-11-12T12:30:08.189240,12:30:08,9960.16,9960.16,3
2025-11-12T12:30:20.652535,12:30:20,9964.69,9964.69,3
2025-11-12T12:30:33.026831,12:30:33,9956.32,9956.32,3
2025-11-12T12:30:45.259042,12:30:45,9994.33,9994.33,3
2025-11-12T12:30:57.465988,12:30:57,9959.97,9959.97,3
2025-11-12T12:31:09.677497,12:31:09,9942.19,9942.19,3
2025-11-12T12:31:22.095724,12:31:22,9959.2,9959.2,3
2025-11-12T12:31:34.463302,12:31:34,9990.58,9990.58,3
2025-11-12T12:31:46.565013,12:31:46,9970.31,9970.31,3
2025-11-12T12:31:58.876750,12:31:58,9962.48,9962.48,3
2025-11-12T12:32:11.270874,12:32:11,9967.86,9967.86,3
2025-11-12T12:32:23.508229,12:32:23,9983.55,9983.55,3
2025-11-12T12:32:35.742325,12:32:35,10029.4,10029.4,3
2025-11-12T12:32:48.187544,12:32:48,10013.53,10013.53,3
2025-11-12T12:33:00.513934,12:33:00,10014.53,10014.53,3
2025-11-12T12:33:12.882125,12:33:12,9977.47,9977.47,3
2025-11-12T12:33:25.591955,12:33:25,9978.8,9978.8,3
2025-11-12T12:33:38.329862,12:33:38,9976.77,9976.77,3
2025-11-12T12:33:50.878535,12:33:50,9933.29,9933.29,3
2025-11-12T12:34:03.381800,12:34:03,9951.68,9951.68,3
2025-11-12T12:34:15.612511,12:34:15,9959.63,9959.63,3
2025-11-12T12:34:27.777532,12:34:27,9950.53,9950.53,3
2025-11-12T12:34:40.139228,12:34:40,9953.15,9953.15,3
2025-11-12T12:34:52.645231,12:34:52,9957.56,9957.56,3
2025-11-12T12:35:04.819227,12:35:04,9939.8,9939.8,3
2025-11-12T12:35:17.392600,12:35:17,9936.81,9936.81,3
2025-11-12T12:35:29.649570,12:35:29,9945.38,9945.38,3
2025-11-12T12:35:42.001906,12:35:42,10019.5,10019.5,3
2025-11-12T12:35:54.400500,12:35:54,10015.45,10015.45,3
2025-11-12T12:36:06.876472,12:36:06,10011.55,10011.55,3
2025-11-12T12:36:19.274614,12:36:19,10011.64,10011.64,3
2025-11-12T12:36:31.926035,12:36:31,10008.78,10008.78,3
2025-11-12T12:36:44.175511,12:36:44,10008.05,10008.05,3
2025-11-12T12:36:56.771019,12:36:56,10009.01,10009.01,3
2025-11-12T12:37:09.673011,12:37:09,10002.82,10002.82,3
2025-11-12T12:37:22.059329,12:37:22,10009.06,10009.06,3
2025-11-12T12:37:34.368100,12:37:34,10013.83,10013.83,3
2025-11-12T12:37:46.757757,12:37:46,10061.49,10061.49,3
2025-11-12T12:37:58.743889,12:37:58,10065.63,10065.63,3
2025-11-12T12:38:10.856893,12:38:10,10059.93,10059.93,3
2025-11-12T12:38:23.032828,12:38:23,10078.68,10078.68,3
2025-11-12T12:38:35.252153,12:38:35,10104.97,10104.97,3
2025-11-12T12:38:47.524767,12:38:47,10125.96,10125.96,3
2025-11-12T12:38:59.684970,12:38:59,10157.13,10157.13,3
2025-11-12T12:39:11.776261,12:39:11,10206.8,10206.8,3
2025-11-12T12:39:24.109069,12:39:24,10252.65,10252.65,3
2025-11-12T12:39:36.416517,12:39:36,10269.03,10269.03,3
2025-11-12T12:39:48.960485,12:39:48,10252.62,10252.62,3
2025-11-12T12:40:01.455989,12:40:01,10237.72,10237.72,3
2025-11-12T12:40:13.872608,12:40:13,10246.67,10246.67,3
2025-11-12T12:40:25.934849,12:40:25,10188.39,10188.39,3
2025-11-12T12:40:38.185693,12:40:38,10188.51,10188.51,3
2025-11-12T12:40:50.584397,12:40:50,10246.2,10246.2,3
2025-11-12T12:41:02.634782,12:41:02,10241.66,10241.66,3
2025-11-12T12:41:15.054524,12:41:15,10259.98,10259.98,3
2025-11-12T12:41:27.544773,12:41:27,10269.38,10269.38,3
2025-11-12T12:41:39.868405,12:41:39,10273.57,10273.57,3
2025-11-12T12:41:52.022071,12:41:52,10279.03,10279.03,3
2025-11-12T12:42:04.279624,12:42:04,10269.7,10269.7,3
2025-11-12T12:42:16.576975,12:42:16,10265.68,10265.68,3
2025-11-12T12:42:28.791810,12:42:28,10258.94,10258.94,3
2025-11-12T12:42:41.118845,12:42:41,10260.57,10260.57,3
2025-11-12T12:42:53.646095,12:42:53,10253.18,10253.18,3
2025-11-12T12:43:05.844279,12:43:05,10239.36,10239.36,3
2025-11-12T12:43:18.304957,12:43:18,10260.36,10260.36,3
2025-11-12T12:43:30.304210,12:43:30,10230.97,10230.97,3
2025-11-12T12:43:42.380848,12:43:42,10237.4,10237.4,3
2025-11-12T12:43:54.747046,12:43:54,10232.71,10232.71,3
2025-11-12T12:44:06.914898,12:44:06,10247.02,10247.02,3
2025-11-12T12:44:19.069253,12:44:19,10252.61,10252.61,3
2025-11-12T12:44:31.540305,12:44:31,10219.65,10219.65,3
2025-11-12T12:44:43.784690,12:44:43,10225.04,10225.04,3
2025-11-12T12:44:56.122282,12:44:56,10224.29,10224.29,3
2025-11-12T12:45:08.543996,12:45:08,10238.61,10238.61,3
2025-11-12T12:45:20.924866,12:45:20,10270.97,10270.97,3
2025-11-12T12:45:33.381632,12:45:33,10284.24,10284.24,3
2025-11-12T12:45:45.644047,12:45:45,10282.24,10282.24,3
2025-11-12T12:45:58.274041,12:45:58,10283.58,10283.58,3
2025-11-12T12:46:10.849701,12:46:10,10278.98,10278.98,3
2025-11-12T12:46:23.303623,12:46:23,10297.21,10297.21,3
2025-11-12T12:46:35.352012,12:46:35,10274.94,10274.94,3
2025-11-12T12:46:47.562857,12:46:47,10232.83,10232.83,3
2025-11-12T12:47:00.200067,12:47:00,10235.72,10235.72,3
2025-11-12T12:47:12.802405,12:47:12,10230.2,10230.2,3
2025-11-12T12:47:25.138256,12:47:25,10226.5,10226.5,3
2025-11-12T12:47:37.347041,12:47:37,10207.0,10207.0,3
2025-11-12T12:47:50.027005,12:47:50,10201.51,10201.51,3
2025-11-12T12:48:02.617269,12:48:02,10144.89,10144.89,3
2025-11-12T12:48:14.630489,12:48:14,10171.24,10171.24,3
2025-11-12T12:48:27.429442,12:48:27,10168.52,10168.52,3
2025-11-12T12:48:39.812008,12:48:39,10183.99,10183.99,3
2025-11-12T12:48:52.413715,12:48:52,10186.5,10186.5,3
2025-11-12T12:49:04.740435,12:49:04,10136.11,10136.11,3
2025-11-12T12:49:17.278267,12:49:17,10076.58,10076.58,3
2025-11-12T12:49:30.010128,12:49:30,10077.74,10077.74,3
2025-11-12T12:49:42.198612,12:49:42,10101.89,10101.89,3
2025-11-12T12:49:54.563245,12:49:54,10153.74,10153.74,3
2025-11-12T12:50:06.647043,12:50:06,10165.11,10165.11,3
2025-11-12T12:50:19.135241,12:50:19,10165.47,10165.47,3
2025-11-12T12:50:31.857265,12:50:31,10167.0,10167.0,3
2025-11-12T12:50:44.149329,12:50:44,10153.53,10153.53,3
2025-11-12T12:50:56.466893,12:50:56,10185.39,10185.39,3
2025-11-12T12:51:08.495705,12:51:08,10179.37,10179.37,3
2025-11-12T12:51:21.001468,12:51:21,10174.58,10174.58,3
2025-11-12T12:51:33.559773,12:51:33,10177.66,10177.66,3
2025-11-12T12:51:45.801685,12:51:45,10178.7,10178.7,3
2025-11-12T12:51:58.039565,12:51:58,10175.6,10175.6,3
2025-11-12T12:52:10.134497,12:52:10,10199.55,10199.55,3
2025-11-12T12:52:22.412111,12:52:22,10201.86,10201.86,3
2025-11-12T12:52:35.153990,12:52:35,10175.75,10175.75,3
2025-11-12T12:52:47.431612,12:52:47,10174.78,10174.78,3
2025-11-12T12:52:59.760976,12:52:59,10175.62,10175.62,3
2025-11-12T12:53:12.201204,12:53:12,10159.87,10159.87,3
2025-11-12T12:53:24.954213,12:53:24,10149.63,10149.63,3
2025-11-12T12:53:37.154700,12:53:37,10150.44,10150.44,3
2025-11-12T12:53:49.382089,12:53:49,10162.11,10162.11,3
2025-11-12T12:54:01.782529,12:54:01,10169.1,10169.1,3
2025-11-12T12:54:14.332512,12:54:14,10190.27,10190.27,3
2025-11-12T12:54:26.774261,12:54:26,10164.48,10164.48,3
2025-11-12T12:54:38.933444,12:54:38,10157.45,10157.45,3
2025-11-12T12:54:51.389713,12:54:51,10158.41,10158.41,3
2025-11-12T12:55:03.899157,12:55:03,10131.26,10131.26,3
2025-11-12T12:55:16.070376,12:55:16,10127.73,10127.73,3
2025-11-12T12:55:28.522032,12:55:28,10134.24,10134.24,3
2025-11-12T12:55:40.778262,12:55:40,10133.53,10133.53,3
2025-11-12T12:55:52.785865,12:55:52,10139.26,10139.26,3
2025-11-12T12:56:04.979263,12:56:04,10146.78,10146.78,3
2025-11-12T12:56:17.172840,12:56:17,10183.43,10183.43,3
2025-11-12T12:56:29.416685,12:56:29,10169.01,10169.01,3
2025-11-12T12:56:41.662909,12:56:41,10200.34,10200.34,3
2025-11-12T12:56:53.885648,12:56:53,10189.33,10189.33,3
2025-11-12T12:57:05.777954,12:57:05,10148.99,10148.99,3
2025-11-12T12:57:18.299843,12:57:18,10144.86,10144.86,3
2025-11-12T12:57:30.729628,12:57:30,10131.79,10131.79,3
2025-11-12T12:57:43.012887,12:57:43,10132.56,10132.56,3
2025-11-12T12:57:55.969900,12:57:55,10135.97,10135.97,3
2025-11-12T12:58:08.111189,12:58:08,10138.68,10138.68,3
2025-11-12T12:58:20.340650,12:58:20,10143.49,10143.49,3
2025-11-12T12:58:32.660211,12:58:32,10129.09,10129.09,3
2025-11-12T12:58:44.900527,12:58:44,10132.55,10132.55,3
2025-11-12T12:58:57.540414,12:58:57,10116.94,10116.94,3
2025-11-12T12:59:09.793436,12:59:09,10115.39,10115.39,3
2025-11-12T12:59:21.897508,12:59:21,10126.07,10126.07,3
2025-11-12T12:59:33.865707,12:59:33,10126.63,10126.63,3
2025-11-12T12:59:46.464750,12:59:46,10134.19,10134.19,3
2025-11-12T12:59:58.596788,12:59:58,10133.11,10133.11,3
2025-11-12T13:00:11.075759,13:00:11,10130.27,10130.27,3
2025-11-12T13:00:23.293551,13:00:23,10111.22,10111.22,3
2025-11-12T13:00:35.451316,13:00:35,10114.2,10114.2,3
2025-11-12T13:00:47.715991,13:00:47,10112.95,10112.95,3
2025-11-12T13:01:00.363786,13:01:00,10142.56,10142.56,3
2025-11-12T13:01:12.594891,13:01:12,10109.88,10109.88,3
2025-11-12T13:01:24.988629,13:01:24,10112.5,10112.5,3
2025-11-12T13:01:37.183702,13:01:37,10095.15,10095.15,3
2025-11-12T13:01:49.522549,13:01:49,10030.06,10030.06,3
2025-11-12T13:02:02.047814,13:02:02,10067.18,10067.18,3
2025-11-12T13:02:14.327540,13:02:14,10063.3,10063.3,3
2025-11-12T13:02:26.612039,13:02:26,10123.67,10123.67,3
2025-11-12T13:02:38.712371,13:02:38,10157.91,10157.91,3
2025-11-12T13:02:51.169222,13:02:51,10178.41,10178.41,3
2025-11-12T13:03:03.524888,13:03:03,10199.6,10199.6,3
2025-11-12T13:03:15.766951,13:03:15,10226.18,10226.18,3
2025-11-12T13:03:28.178096,13:03:28,10256.92,10256.92,3
2025-11-12T13:03:40.471565,13:03:40,10255.55,10255.55,3
2025-11-12T13:03:52.393864,13:03:52,10262.3,10262.3,3
2025-11-12T13:04:04.841291,13:04:04,10187.28,10187.28,3
2025-11-12T13:04:17.421462,13:04:17,10152.9,10152.9,3
2025-11-12T13:04:29.688456,13:04:29,10145.41,10145.41,3
2025-11-12T13:04:41.932550,13:04:41,10136.27,10136.27,3
2025-11-12T13:04:54.154453,13:04:54,10150.19,10150.19,3
2025-11-12T13:05:06.418833,13:05:06,10151.33,10151.33,3
2025-11-12T13:05:18.734434,13:05:18,10178.86,10178.86,3
2025-11-12T13:05:31.027684,13:05:31,10169.29,10169.29,3
2025-11-12T13:05:43.632381,13:05:43,10149.57,10149.57,3
2025-11-12T13:05:55.825855,13:05:55,10178.25,10178.25,3
2025-11-12T13:06:08.214496,13:06:08,10136.54,10136.54,3
2025-11-12T13:06:20.392414,13:06:20,10140.56,10140.56,3
2025-11-12T13:06:32.644854,13:06:32,10143.16,10143.16,3
2025-11-12T13:06:45.265315,13:06:45,10164.82,10164.82,3
2025-11-12T13:06:58.553569,13:06:58,10181.47,10181.47,3
2025-11-12T13:07:11.519809,13:07:11,10175.7,10175.7,3
2025-11-12T13:07:24.416431,13:07:24,10191.2,10191.2,3
2025-11-12T13:07:37.465120,13:07:37,10198.24,10198.24,3
2025-11-12T13:07:50.588484,13:07:50,10212.09,10212.09,3
2025-11-12T13:08:03.710452,13:08:03,10235.37,10235.37,3
2025-11-12T13:08:16.740137,13:08:16,10264.77,10264.77,3
2025-11-12T13:08:29.598700,13:08:29,10251.79,10251.79,3
2025-11-12T13:08:42.914722,13:08:42,10256.49,10256.49,3
2025-11-12T13:08:55.479106,13:08:55,10217.11,10217.11,3
2025-11-12T13:09:08.610611,13:09:08,10252.89,10252.89,3
2025-11-12T13:09:21.700159,13:09:21,10266.14,10266.14,3
2025-11-12T13:09:34.560284,13:09:34,10277.07,10277.07,3
2025-11-12T13:09:47.608633,13:09:47,10292.41,10292.41,3
2025-11-12T13:10:01.024707,13:10:01,10268.21,10268.21,3
2025-11-12T13:10:14.202681,13:10:14,10258.89,10258.89,3
2025-11-12T13:10:26.841525,13:10:26,10233.73,10233.73,3
2025-11-12T13:10:39.882558,13:10:39,10230.92,10230.92,3
2025-11-12T13:10:53.066564,13:10:53,10210.29,10210.29,3
2025-11-12T13:11:06.088776,13:11:06,10198.08,10198.08,3
2025-11-12T13:11:19.241901,13:11:19,10170.0,10170.0,3
2025-11-12T13:11:32.311716,13:11:32,10195.25,10195.25,3
2025-11-12T13:11:45.508685,13:11:45,10205.7,10205.7,3
2025-11-12T13:11:58.075049,13:11:58,10207.61,10207.61,3
2025-11-12T13:12:11.223395,13:12:11,10206.7,10206.7,3
2025-11-12T13:12:24.280058,13:12:24,10184.23,10184.23,3
2025-11-12T13:12:37.623680,13:12:37,10170.28,10170.28,3
2025-11-12T13:12:50.964230,13:12:50,10178.12,10178.12,3
2025-11-12T13:13:03.978806,13:13:03,10199.84,10199.84,3
2025-11-12T13:13:16.804113,13:13:16,10198.13,10198.13,3
2025-11-12T13:13:30.280500,13:13:30,10201.13,10201.13,3
2025-11-12T13:13:43.451255,13:13:43,10129.2,10129.2,3
2025-11-12T13:13:56.477223,13:13:56,10116.0,10116.0,3
2025-11-12T13:14:09.556624,13:14:09,10113.69,10113.69,3
2025-11-12T13:14:22.679235,13:14:22,10113.82,10113.82,3
2025-11-12T13:14:35.663504,13:14:35,10109.21,10109.21,3
2025-11-12T13:14:48.516813,13:14:48,10061.52,10061.52,3
2025-11-12T13:15:01.399264,13:15:01,10059.72,10059.72,3
2025-11-12T13:15:14.518938,13:15:14,10030.37,10030.37,3
2025-11-12T13:15:28.362156,13:15:28,10016.81,10016.81,3
2025-11-12T13:15:41.658988,13:15:41,9935.39,9935.39,3
2025-11-12T13:15:54.993741,13:15:54,9936.21,9936.21,3
2025-11-12T13:16:08.084754,13:16:08,9937.36,9937.36,3
2025-11-12T13:16:21.472997,13:16:21,9896.96,9896.96,3
2025-11-12T13:16:34.477469,13:16:34,9882.71,9882.71,3
2025-11-12T13:16:47.666312,13:16:47,9890.01,9890.01,3
2025-11-12T13:17:00.830395,13:17:00,9872.6,9872.6,3
2025-11-12T13:17:13.882074,13:17:13,9900.56,9900.56,3
2025-11-12T13:17:26.812914,13:17:26,9912.38,9912.38,3
2025-11-12T13:17:39.735305,13:17:39,9926.87,9926.87,3
2025-11-12T13:17:52.734860,13:17:52,9900.07,9900.07,3
2025-11-12T13:18:05.684877,13:18:05,9902.09,9902.09,3
2025-11-12T13:18:18.738353,13:18:18,9886.61,9886.61,3
2025-11-12T13:18:31.784617,13:18:31,9894.68,9894.68,3
2025-11-12T13:18:44.947016,13:18:44,9867.38,9867.38,3
2025-11-12T13:18:58.317166,13:18:58,9860.05,9860.05,3
2025-11-12T13:19:11.277269,13:19:11,9869.74,9869.74,3
2025-11-12T13:19:24.133772,13:19:24,9875.85,9875.85,3
2025-11-12T13:19:36.843795,13:19:36,9876.62,9876.62,3
2025-11-12T13:19:49.842768,13:19:49,9870.48,9870.48,3
2025-11-12T13:20:02.721531,13:20:02,9873.39,9873.39,3
2025-11-12T13:20:15.857144,13:20:15,9874.56,9874.56,3
2025-11-12T13:20:28.935255,13:20:28,9874.98,9874.98,3
2025-11-12T13:20:42.108505,13:20:42,9885.3,9885.3,3
2025-11-12T13:20:55.088787,13:20:55,9889.71,9889.71,3
2025-11-12T13:21:07.984170,13:21:07,9935.21,9935.21,3
2025-11-12T13:21:20.856585,13:21:20,9944.0,9944.0,3
2025-11-12T13:21:33.922590,13:21:33,9944.35,9944.35,3
2025-11-12T13:21:46.597058,13:21:46,9940.76,9940.76,3
2025-11-12T13:21:59.209823,13:21:59,9944.47,9944.47,3
2025-11-12T13:22:12.331383,13:22:12,9942.09,9942.09,3
2025-11-12T13:22:25.309353,13:22:25,9849.6,9849.6,3
2025-11-12T13:22:38.487387,13:22:38,9861.02,9861.02,3
2025-11-12T13:22:51.603633,13:22:51,9828.26,9828.26,3
2025-11-12T13:23:04.469778,13:23:04,9818.75,9818.75,3
2025-11-12T13:23:17.331941,13:23:17,9713.22,9713.22,3
2025-11-12T13:23:30.527470,13:23:30,9772.19,9772.19,3
2025-11-12T13:23:43.591718,13:23:43,9804.54,9804.54,3
2025-11-12T13:23:56.408760,13:23:56,9829.53,9829.53,3
2025-11-12T13:24:09.461495,13:24:09,9819.23,9819.23,3
2025-11-12T13:24:22.632446,13:24:22,9794.15,9794.15,3
2025-11-12T13:24:35.313408,13:24:35,9830.78,9830.78,3
2025-11-12T13:24:48.303508,13:24:48,9863.56,9863.56,3
2025-11-12T13:25:01.231757,13:25:01,9877.44,9877.44,3
2025-11-12T13:25:14.344487,13:25:14,9888.67,9888.67,3
2025-11-12T13:25:27.099267,13:25:27,9897.35,9897.35,3
2025-11-12T13:25:40.067382,13:25:40,9845.42,9845.42,3
2025-11-12T13:25:53.133828,13:25:53,9702.58,9702.58,3
2025-11-12T13:26:05.938399,13:26:05,9697.38,9697.38,3
2025-11-12T13:26:19.276231,13:26:19,9682.71,9682.71,3
2025-11-12T13:26:32.320179,13:26:32,9607.61,9607.61,3
2025-11-12T13:26:45.533046,13:26:45,9635.08,9635.08,3
2025-11-12T13:26:58.220645,13:26:58,9622.13,9622.13,3
2025-11-12T13:27:11.378731,13:27:11,9533.82,9533.82,3
2025-11-12T13:27:25.169833,13:27:25,9467.22,9467.22,3
2025-11-12T13:27:38.284509,13:27:38,9451.46,9451.46,3
2025-11-12T13:27:51.594929,13:27:51,9461.93,9461.93,3
2025-11-12T13:28:04.729344,13:28:04,9435.86,9435.86,3
2025-11-12T13:28:17.809921,13:28:17,9457.05,9457.05,3
2025-11-12T13:28:30.765655,13:28:30,9567.55,9567.55,3
2025-11-12T13:28:43.733230,13:28:43,9526.88,9526.88,3
2025-11-12T13:28:56.637259,13:28:56,9520.69,9520.69,3
2025-11-12T13:29:09.204438,13:29:09,9458.34,9458.34,3
2025-11-12T13:29:22.276772,13:29:22,9479.87,9479.87,3
2025-11-12T13:29:35.425893,13:29:35,9503.79,9503.79,3
2025-11-12T13:29:48.330572,13:29:48,9495.6,9495.6,3
2025-11-12T13:30:01.717506,13:30:01,9495.7,9495.7,3
2025-11-12T13:30:14.495439,13:30:14,9568.54,9568.54,3
2025-11-12T13:30:27.667032,13:30:27,9598.83,9598.83,3
2025-11-12T13:30:40.886134,13:30:40,9584.13,9584.13,3
2025-11-12T13:30:53.921183,13:30:53,9576.28,9576.28,3
2025-11-12T13:31:07.326170,13:31:07,9543.55,9543.55,3
2025-11-12T13:31:20.693456,13:31:20,9600.09,9600.09,3
2025-11-12T13:31:33.948194,13:31:33,9594.89,9594.89,3
2025-11-12T13:31:47.647242,13:31:47,9576.75,9576.75,3
2025-11-12T13:32:00.878798,13:32:00,9550.52,9550.52,3
2025-11-12T13:32:14.645125,13:32:14,9558.83,9558.83,3
2025-11-12T13:32:28.262522,13:32:28,9579.13,9579.13,3
2025-11-12T13:32:41.651704,13:32:41,9558.75,9558.75,3
2025-11-12T13:32:54.689465,13:32:54,9618.06,9618.06,3
2025-11-12T13:33:07.846779,13:33:07,9581.57,9581.57,3
2025-11-12T13:33:21.141848,13:33:21,9574.12,9574.12,3
2025-11-12T13:33:34.478592,13:33:34,9615.44,9615.44,3
2025-11-12T13:33:47.681108,13:33:47,9633.26,9633.26,3
2025-11-12T13:34:01.233883,13:34:01,9644.28,9644.28,3
2025-11-12T13:34:14.479043,13:34:14,9646.35,9646.35,3
2025-11-12T13:34:27.457845,13:34:27,9651.79,9651.79,3
2025-11-12T13:34:40.237794,13:34:40,9661.61,9661.61,3
2025-11-12T13:34:53.646707,13:34:53,9682.59,9682.59,3
2025-11-12T13:35:07.200315,13:35:07,9676.24,9676.24,3
2025-11-12T13:35:20.546257,13:35:20,9709.98,9709.98,3
2025-11-12T13:35:34.099214,13:35:34,9801.88,9801.88,3
2025-11-12T13:35:47.604061,13:35:47,9790.72,9790.72,3
2025-11-12T13:36:00.886258,13:36:00,9711.14,9711.14,3
2025-11-12T13:36:14.585245,13:36:14,9760.38,9760.38,3
2025-11-12T13:36:28.253824,13:36:28,9808.53,9808.53,3
2025-11-12T13:36:41.474186,13:36:41,9814.27,9814.27,3
2025-11-12T13:36:54.608630,13:36:54,9771.02,9771.02,3
2025-11-12T13:37:07.770772,13:37:07,9810.75,9810.75,3
2025-11-12T13:37:20.661192,13:37:20,9838.69,9838.69,3
2025-11-12T13:37:34.441785,13:37:34,9821.84,9821.84,3
2025-11-12T13:37:48.391378,13:37:48,9847.91,9847.91,3
2025-11-12T13:38:01.657387,13:38:01,9835.26,9835.26,3
2025-11-12T13:38:14.804742,13:38:14,9786.28,9786.28,3
2025-11-12T13:38:28.113436,13:38:28,9727.0,9727.0,3
2025-11-12T13:38:41.267247,13:38:41,9669.66,9669.66,3
2025-11-12T13:38:54.370766,13:38:54,9683.88,9683.88,3
2025-11-12T13:39:07.377906,13:39:07,9741.45,9741.45,3
2025-11-12T13:39:20.972710,13:39:20,9731.57,9731.57,3
2025-11-12T13:39:34.344497,13:39:34,9719.61,9719.61,3
2025-11-12T13:39:47.520592,13:39:47,9747.08,9747.08,3
2025-11-12T13:40:00.716612,13:40:00,9778.67,9778.67,3
2025-11-12T13:40:14.102491,13:40:14,9798.08,9798.08,3
2025-11-12T13:40:27.094821,13:40:27,9802.85,9802.85,3
2025-11-12T13:40:40.468435,13:40:40,9843.32,9843.32,3
2025-11-12T13:40:54.137344,13:40:54,9849.65,9849.65,3
2025-11-12T13:41:07.559177,13:41:07,9853.0,9853.0,3
2025-11-12T13:41:20.684991,13:41:20,9906.83,9906.83,3
2025-11-12T13:41:34.218219,13:41:34,9912.51,9912.51,3
2025-11-12T13:41:47.291973,13:41:47,9934.5,9934.5,3
2025-11-12T13:42:00.908175,13:42:00,9942.35,9942.35,3
2025-11-12T13:42:14.573484,13:42:14,9935.04,9935.04,3
2025-11-12T13:42:28.264168,13:42:28,9927.49,9927.49,3
2025-11-12T13:42:41.448056,13:42:41,9940.16,9940.16,3
2025-11-12T13:42:54.732551,13:42:54,9950.78,9950.78,3
2025-11-12T13:43:08.009296,13:43:08,9934.9,9934.9,3
2025-11-12T13:43:21.434831,13:43:21,9931.23,9931.23,3
2025-11-12T13:43:34.409497,13:43:34,9921.4,9921.4,3
2025-11-12T13:43:47.243237,13:43:47,9918.49,9918.49,3
2025-11-12T13:44:00.197257,13:44:00,9919.47,9919.47,3
2025-11-12T13:44:12.743272,13:44:12,9883.75,9883.75,3
2025-11-12T13:44:25.604440,13:44:25,9838.75,9838.75,3
2025-11-12T13:44:38.259485,13:44:38,9858.35,9858.35,3
2025-11-12T13:44:51.328550,13:44:51,9857.01,9857.01,3
2025-11-12T13:45:04.264135,13:45:04,9880.47,9880.47,3
2025-11-12T13:45:16.620286,13:45:16,9894.18,9894.18,3
2025-11-12T13:45:28.892378,13:45:28,9909.81,9909.81,3
2025-11-12T13:45:41.462437,13:45:41,9911.71,9911.71,3
2025-11-12T13:45:54.449618,13:45:54,9928.05,9928.05,3
2025-11-12T13:46:06.832407,13:46:06,9964.28,9964.28,3
2025-11-12T13:46:19.535026,13:46:19,9999.41,9999.41,3
2025-11-12T13:46:31.963815,13:46:31,10125.62,10125.62,3
2025-11-12T13:46:44.262922,13:46:44,10142.4,10142.4,3
2025-11-12T13:46:57.050321,13:46:57,10211.94,10211.94,3
2025-11-12T13:47:09.611828,13:47:09,10178.85,10178.85,3
2025-11-12T13:47:22.465127,13:47:22,10161.24,10161.24,3
2025-11-12T13:47:35.521207,13:47:35,10052.93,10052.93,3
2025-11-12T13:47:48.545630,13:47:48,9981.04,9981.04,3
2025-11-12T13:48:01.452991,13:48:01,9982.92,9982.92,3
2025-11-12T13:48:13.921071,13:48:13,10147.59,10147.59,3
2025-11-12T13:48:26.289356,13:48:26,10149.79,10149.79,3
2025-11-12T13:48:38.396629,13:48:38,10174.96,10174.96,3
2025-11-12T13:48:51.324188,13:48:51,10120.74,10120.74,3
2025-11-12T13:49:04.429945,13:49:04,10144.84,10144.84,3
2025-11-12T13:49:17.653306,13:49:17,10181.26,10181.26,3
2025-11-12T13:49:30.655195,13:49:30,10221.46,10221.46,3
2025-11-12T13:49:43.873528,13:49:43,10221.84,10221.84,3
2025-11-12T13:49:57.298790,13:49:57,10202.45,10202.45,3
2025-11-12T13:50:10.203464,13:50:10,10247.09,10247.09,3
2025-11-12T13:50:23.170114,13:50:23,10316.5,10316.5,3
2025-11-12T13:50:35.561739,13:50:35,10282.0,10282.0,3
2025-11-12T13:50:47.867791,13:50:47,10287.8,10287.8,3
2025-11-12T13:51:00.420842,13:51:00,10320.6,10320.6,3
2025-11-12T13:51:12.848312,13:51:12,10345.52,10345.52,3
2025-11-12T13:51:25.606674,13:51:25,10306.72,10306.72,3
2025-11-12T13:51:38.235275,13:51:38,10317.01,10317.01,3
2025-11-12T13:51:50.608099,13:51:50,10315.57,10315.57,3
2025-11-12T13:52:02.927157,13:52:02,10302.47,10302.47,3
2025-11-12T13:52:15.716099,13:52:15,10372.1,10372.1,3
2025-11-12T13:52:28.358777,13:52:28,10385.52,10385.52,3
2025-11-12T13:52:40.542188,13:52:40,10361.78,10361.78,3
2025-11-12T13:52:52.780397,13:52:52,10391.07,10391.07,3
2025-11-12T13:53:05.423034,13:53:05,10453.74,10453.74,3
2025-11-12T13:53:17.634125,13:53:17,10460.42,10460.42,3
2025-11-12T13:53:30.074145,13:53:30,10481.0,10481.0,3
2025-11-12T13:53:42.340488,13:53:42,10505.51,10505.51,3
2025-11-12T13:53:54.576186,13:53:54,10507.03,10507.03,3
2025-11-12T13:54:06.876552,13:54:06,10522.86,10522.86,3
2025-11-12T13:54:19.363376,13:54:19,10790.8,10790.8,3
2025-11-12T13:54:31.497663,13:54:31,10690.85,10690.85,3
2025-11-12T13:54:43.525665,13:54:43,10686.07,10686.07,3
2025-11-12T13:54:56.361073,13:54:56,10645.39,10645.39,3
2025-11-12T13:55:08.890594,13:55:08,10722.26,10722.26,3
2025-11-12T13:55:21.633023,13:55:21,10753.47,10753.47,3
2025-11-12T13:55:34.330015,13:55:34,10742.19,10742.19,3
2025-11-12T13:55:46.642627,13:55:46,10726.95,10726.95,3
2025-11-12T13:55:58.936869,13:55:58,10778.22,10778.22,3
2025-11-12T13:56:11.451296,13:56:11,10789.53,10789.53,3
2025-11-12T13:56:24.087898,13:56:24,10703.4,10703.4,3
2025-11-12T13:56:36.600507,13:56:36,10739.16,10739.16,3
2025-11-12T13:56:49.395065,13:56:49,10683.8,10683.8,3
2025-11-12T13:57:02.285450,13:57:02,10665.15,10665.15,3
2025-11-12T13:57:15.234786,13:57:15,10622.98,10622.98,3
2025-11-12T13:57:27.621533,13:57:27,10578.75,10578.75,3
2025-11-12T13:57:40.489056,13:57:40,10593.62,10593.62,3
2025-11-12T13:57:52.806137,13:57:52,10652.07,10652.07,3
2025-11-12T13:58:05.247783,13:58:05,10731.54,10731.54,3
2025-11-12T13:58:17.994277,13:58:17,10762.75,10762.75,3
2025-11-12T13:58:30.473507,13:58:30,10809.71,10809.71,3
2025-11-12T13:58:42.977850,13:58:42,10918.88,10918.88,3
2025-11-12T13:58:55.634627,13:58:55,10801.43,10801.43,3
2025-11-12T13:59:07.997632,13:59:07,10808.18,10808.18,3
2025-11-12T13:59:20.092184,13:59:20,10771.24,10771.24,3
2025-11-12T13:59:32.508215,13:59:32,10775.78,10775.78,3
2025-11-12T13:59:44.695822,13:59:44,10837.76,10837.76,3
2025-11-12T13:59:57.060192,13:59:57,10890.63,10890.63,3
2025-11-12T14:00:09.684529,14:00:09,10984.74,10984.74,3
2025-11-12T14:00:22.124587,14:00:22,10951.56,10951.56,3
2025-11-12T14:00:34.720009,14:00:34,10852.93,10852.93,3
2025-11-12T14:00:47.321481,14:00:47,10868.46,10868.46,3
2025-11-12T14:00:59.580735,14:00:59,10890.69,10890.69,3
2025-11-12T14:01:11.707324,14:01:11,10975.69,10975.69,3
2025-11-12T14:01:24.479296,14:01:24,11040.75,11040.75,3
2025-11-12T14:01:36.890834,14:01:36,11010.67,11010.67,3
2025-11-12T14:01:49.437688,14:01:49,10899.15,10899.15,3
2025-11-12T14:02:01.774176,14:02:01,10867.41,10867.41,3
2025-11-12T14:02:14.462812,14:02:14,10831.77,10831.77,3
2025-11-12T14:02:26.696497,14:02:26,10745.01,10745.01,3
2025-11-12T14:02:39.032260,14:02:39,10714.33,10714.33,3
2025-11-12T14:02:51.431721,14:02:51,10724.61,10724.61,3
2025-11-12T14:03:03.876213,14:03:03,10817.23,10817.23,3
2025-11-12T14:03:16.637987,14:03:16,10995.33,10995.33,3
2025-11-12T14:03:29.080627,14:03:29,10979.62,10979.62,3
2025-11-12T14:03:41.434179,14:03:41,10973.99,10973.99,3
2025-11-12T14:03:54.328632,14:03:54,10980.43,10980.43,3
2025-11-12T14:04:07.133213,14:04:07,10979.28,10979.28,3
2025-11-12T14:04:19.623178,14:04:19,10976.25,10976.25,3
2025-11-12T14:04:32.457774,14:04:32,11017.5,11017.5,3
2025-11-12T14:04:45.464112,14:04:45,11019.87,11019.87,3
2025-11-12T14:04:57.888862,14:04:57,11025.08,11025.08,3
2025-11-12T14:05:10.572176,14:05:10,11093.72,11093.72,3
2025-11-12T14:05:23.511319,14:05:23,11114.47,11114.47,3
2025-11-12T14:05:36.373169,14:05:36,11135.11,11135.11,3
2025-11-12T14:05:49.255063,14:05:49,11121.18,11121.18,3
2025-11-12T14:06:01.651238,14:06:01,11015.19,11015.19,3
2025-11-12T14:06:14.512424,14:06:14,11086.61,11086.61,3
2025-11-12T14:06:27.277940,14:06:27,11093.95,11093.95,3
2025-11-12T14:06:39.820536,14:06:39,11090.79,11090.79,3
2025-11-12T14:06:52.351516,14:06:52,11146.1,11146.1,3
2025-11-12T14:07:04.825281,14:07:04,11246.29,11246.29,3
2025-11-12T14:07:17.095147,14:07:17,11301.22,11301.22,3
2025-11-12T14:07:29.249539,14:07:29,11365.75,11365.75,3
2025-11-12T14:07:41.802958,14:07:41,11417.45,11417.45,3
2025-11-12T14:07:53.979899,14:07:53,11409.87,11409.87,3
2025-11-12T14:08:06.335938,14:08:06,11390.54,11390.54,3
2025-11-12T14:08:18.729701,14:08:18,11452.46,11452.46,3
2025-11-12T14:08:31.379791,14:08:31,11332.1,11332.1,3
2025-11-12T14:08:43.761343,14:08:43,11345.66,11345.66,3
2025-11-12T14:08:56.565886,14:08:56,11368.03,11368.03,3
2025-11-12T14:09:09.550503,14:09:09,11442.39,11442.39,3
2025-11-12T14:09:22.329230,14:09:22,11439.52,11439.52,3
2025-11-12T14:09:34.724367,14:09:34,11335.84,11335.84,3
2025-11-12T14:09:47.302446,14:09:47,11369.7,11369.7,3
2025-11-12T14:09:59.933362,14:09:59,11345.01,11345.01,3
2025-11-12T14:10:12.182168,14:10:12,11221.39,11221.39,3
2025-11-12T14:10:24.744420,14:10:24,11155.83,11155.83,3
2025-11-12T14:10:37.316756,14:10:37,11165.44,11165.44,3
2025-11-12T14:10:49.775683,14:10:49,11137.44,11137.44,3
2025-11-12T14:11:02.123099,14:11:02,11205.06,11205.06,3
2025-11-12T14:11:14.525393,14:11:14,11131.99,11131.99,3
2025-11-12T14:11:27.452249,14:11:27,11155.97,11155.97,3
2025-11-12T14:11:40.238211,14:11:40,11183.28,11183.28,3
2025-11-12T14:11:52.685160,14:11:52,11203.58,11203.58,3
2025-11-12T14:12:05.162007,14:12:05,11196.56,11196.56,3
2025-11-12T14:12:17.661221,14:12:17,11186.22,11186.22,3
2025-11-12T14:12:30.377767,14:12:30,11233.14,11233.14,3
2025-11-12T14:12:43.180006,14:12:43,11096.56,11096.56,3
2025-11-12T14:12:56.055753,14:12:56,11043.15,11043.15,3
2025-11-12T14:13:08.640042,14:13:08,11078.37,11078.37,3
2025-11-12T14:13:21.396876,14:13:21,11076.47,11076.47,3
2025-11-12T14:13:34.061662,14:13:34,11117.18,11117.18,3
2025-11-12T14:13:46.270953,14:13:46,11138.88,11138.88,3
2025-11-12T14:13:58.955834,14:13:58,11138.41,11138.41,3
2025-11-12T14:14:11.188554,14:14:11,11158.6,11158.6,3
2025-11-12T14:14:23.299683,14:14:23,11159.44,11159.44,3
2025-11-12T14:14:35.521198,14:14:35,11147.37,11147.37,3
2025-11-12T14:14:47.818837,14:14:47,11174.03,11174.03,3
2025-11-12T14:15:00.642525,14:15:00,11172.74,11172.74,3
2025-11-12T14:15:13.371450,14:15:13,11131.42,11131.42,3
2025-11-12T14:15:25.501532,14:15:25,11130.07,11130.07,3
2025-11-12T14:15:38.271269,14:15:38,11183.52,11183.52,3
2025-11-12T14:15:50.336882,14:15:50,11115.32,11115.32,3
2025-11-12T14:16:02.911374,14:16:02,11203.85,11203.85,3
2025-11-12T14:16:14.987401,14:16:14,11126.14,11126.14,3
2025-11-12T14:16:27.541497,14:16:27,11124.45,11124.45,3
2025-11-12T14:16:39.866746,14:16:39,11163.76,11163.76,3
2025-11-12T14:16:52.331754,14:16:52,11110.9,11110.9,3
2025-11-12T14:17:04.588135,14:17:04,11115.82,11115.82,3
2025-11-12T14:17:17.199726,14:17:17,11182.28,11182.28,3
2025-11-12T14:17:29.686095,14:17:29,11213.18,11213.18,3
2025-11-12T14:17:42.169158,14:17:42,11262.16,11262.16,3
2025-11-12T14:17:54.567713,14:17:54,11239.0,11239.0,3
2025-11-12T14:18:06.658332,14:18:06,11273.53,11273.53,3
2025-11-12T14:18:19.416177,14:18:19,11319.95,11319.95,3
2025-11-12T14:18:31.979368,14:18:31,11281.49,11281.49,3
2025-11-12T14:18:44.763789,14:18:44,11256.75,11256.75,3
2025-11-12T14:18:57.824638,14:18:57,11262.78,11262.78,3
2025-11-12T14:19:11.078866,14:19:11,11319.77,11319.77,3
2025-11-12T14:19:24.435593,14:19:24,11301.52,11301.52,3
2025-11-12T14:19:37.344791,14:19:37,11338.03,11338.03,3
2025-11-12T14:19:49.685130,14:19:49,11298.02,11298.02,3
2025-11-12T14:20:02.101190,14:20:02,11309.84,11309.84,3
2025-11-12T14:20:14.596990,14:20:14,11300.82,11300.82,3
2025-11-12T14:20:26.706854,14:20:26,11350.98,11350.98,3
2025-11-12T14:20:39.095740,14:20:39,11383.81,11383.81,3
2025-11-12T14:20:51.698941,14:20:51,11360.53,11360.53,3
2025-11-12T14:21:03.870510,14:21:03,11357.71,11357.71,3
2025-11-12T14:21:16.365287,14:21:16,11343.27,11343.27,3
2025-11-12T14:21:28.899689,14:21:28,11364.94,11364.94,3
2025-11-12T14:21:41.299621,14:21:41,11362.44,11362.44,3
2025-11-12T14:21:53.594138,14:21:53,11342.55,11342.55,3
2025-11-12T14:22:06.270255,14:22:06,11431.92,11431.92,3
2025-11-12T14:22:18.626706,14:22:18,11418.26,11418.26,3
2025-11-12T14:22:30.871930,14:22:30,11349.99,11349.99,3
2025-11-12T14:22:43.344534,14:22:43,11352.39,11352.39,3
2025-11-12T14:22:55.775246,14:22:55,11373.39,11373.39,3
2025-11-12T14:23:08.243850,14:23:08,11335.07,11335.07,3
2025-11-12T14:23:20.676335,14:23:20,11283.74,11283.74,3
2025-11-12T14:23:33.208236,14:23:33,11279.77,11279.77,3
2025-11-12T14:23:45.908442,14:23:45,11276.3,11276.3,3
2025-11-12T14:23:58.651469,14:23:58,11282.67,11282.67,3
2025-11-12T14:24:10.918338,14:24:10,11324.47,11324.47,3
2025-11-12T14:24:23.123403,14:24:23,11347.51,11347.51,3
2025-11-12T14:24:35.606087,14:24:35,11343.9,11343.9,3
2025-11-12T14:24:48.291190,14:24:48,11407.21,11407.21,3
2025-11-12T14:25:00.807518,14:25:00,11327.32,11327.32,3
2025-11-12T14:25:12.800699,14:25:12,11315.26,11315.26,3
2025-11-12T14:25:25.033845,14:25:25,11259.93,11259.93,3
2025-11-12T14:25:37.225604,14:25:37,11240.67,11240.67,3
2025-11-12T14:25:50.241488,14:25:50,11218.63,11218.63,3
2025-11-12T14:26:03.621404,14:26:03,11229.72,11229.72,3
2025-11-12T14:26:17.106524,14:26:17,11261.21,11261.21,3
2025-11-12T14:26:29.794142,14:26:29,11220.98,11220.98,3
2025-11-12T14:26:42.814852,14:26:42,11210.29,11210.29,3
2025-11-12T14:26:55.965800,14:26:55,11222.4,11222.4,3
2025-11-12T14:27:08.818839,14:27:08,11237.85,11237.85,3
2025-11-12T14:27:20.971927,14:27:20,11243.63,11243.63,3
2025-11-12T14:27:33.304145,14:27:33,11273.69,11273.69,3
2025-11-12T14:27:45.801974,14:27:45,11339.92,11339.92,3
2025-11-12T14:27:58.019531,14:27:58,11327.4,11327.4,3
2025-11-12T14:28:10.318984,14:28:10,11292.58,11292.58,3
2025-11-12T14:28:22.744715,14:28:22,11286.81,11286.81,3
2025-11-12T14:28:35.247291,14:28:35,11285.85,11285.85,3
2025-11-12T14:28:47.990430,14:28:47,11305.54,11305.54,3
2025-11-12T14:29:00.499029,14:29:00,11312.51,11312.51,3
2025-11-12T14:29:13.164191,14:29:13,11340.44,11340.44,3
2025-11-12T14:29:25.743186,14:29:25,11382.22,11382.22,3
2025-11-12T14:29:37.970908,14:29:37,11383.02,11383.02,3
2025-11-12T14:29:50.443877,14:29:50,11337.25,11337.25,3
2025-11-12T14:30:02.992951,14:30:02,11352.88,11352.88,3
2025-11-12T14:30:15.122056,14:30:15,11368.95,11368.95,3
2025-11-12T14:30:27.745174,14:30:27,11399.01,11399.01,3
2025-11-12T14:30:40.291049,14:30:40,11398.91,11398.91,3
2025-11-12T14:30:52.925675,14:30:52,11400.14,11400.14,3
2025-11-12T14:31:04.929889,14:31:04,11421.65,11421.65,3
2025-11-12T14:31:17.596851,14:31:17,11377.71,11377.71,3
2025-11-12T14:31:29.888664,14:31:29,11353.86,11353.86,3
2025-11-12T14:31:42.266510,14:31:42,11354.4,11354.4,3
2025-11-12T14:31:54.707153,14:31:54,11340.39,11340.39,3
2025-11-12T14:32:07.326596,14:32:07,11389.45,11389.45,3
2025-11-12T14:32:19.834668,14:32:19,11365.35,11365.35,3
2025-11-12T14:32:32.229181,14:32:32,11385.81,11385.81,3
2025-11-12T14:32:44.404160,14:32:44,11381.03,11381.03,3
2025-11-12T14:32:57.018194,14:32:57,11395.01,11395.01,3
2025-11-12T14:33:09.459236,14:33:09,11421.28,11421.28,3
2025-11-12T14:33:22.087862,14:33:22,11462.64,11462.64,3
2025-11-12T14:33:34.652667,14:33:34,11471.95,11471.95,3
2025-11-12T14:33:47.512768,14:33:47,11545.64,11545.64,3
2025-11-12T14:33:59.569189,14:33:59,11534.37,11534.37,3
2025-11-12T14:34:11.789793,14:34:11,11536.52,11536.52,3
2025-11-12T14:34:24.357406,14:34:24,11537.16,11537.16,3
2025-11-12T14:34:36.753023,14:34:36,11524.48,11524.48,3
2025-11-12T14:34:49.339203,14:34:49,11494.98,11494.98,3
2025-11-12T14:35:02.168083,14:35:02,11501.16,11501.16,3
2025-11-12T14:35:14.520481,14:35:14,11576.87,11576.87,3
2025-11-12T14:35:27.627452,14:35:27,11568.79,11568.79,3
2025-11-12T14:35:40.591383,14:35:40,11569.81,11569.81,3
2025-11-12T14:35:53.421866,14:35:53,11575.44,11575.44,3
2025-11-12T14:36:05.993776,14:36:05,11622.9,11622.9,3
2025-11-12T14:36:18.441733,14:36:18,11629.24,11629.24,3
2025-11-12T14:36:31.257861,14:36:31,11671.86,11671.86,3
2025-11-12T14:36:43.615274,14:36:43,11669.86,11669.86,3
2025-11-12T14:36:56.416220,14:36:56,11666.2,11666.2,3
2025-11-12T14:37:09.257461,14:37:09,11684.84,11684.84,3
2025-11-12T14:37:22.185275,14:37:22,11684.22,11684.22,3
2025-11-12T14:37:34.685169,14:37:34,11685.58,11685.58,3
2025-11-12T14:37:46.854284,14:37:46,11681.51,11681.51,3
2025-11-12T14:37:59.016900,14:37:59,11640.41,11640.41,3
2025-11-12T14:38:11.440413,14:38:11,11614.58,11614.58,3
2025-11-12T14:38:23.742560,14:38:23,11673.94,11673.94,3
2025-11-12T14:38:36.439312,14:38:36,11691.42,11691.42,3
2025-11-12T14:38:48.590358,14:38:48,11715.19,11715.19,3
2025-11-12T14:39:01.554325,14:39:01,11758.75,11758.75,3
2025-11-12T14:39:13.638343,14:39:13,11787.13,11787.13,3
2025-11-12T14:39:25.855314,14:39:25,11825.74,11825.74,3
2025-11-12T14:39:38.657490,14:39:38,11863.64,11863.64,3
2025-11-12T14:39:50.914693,14:39:50,11906.91,11906.91,3
2025-11-12T14:40:03.397867,14:40:03,11960.73,11960.73,3
2025-11-12T14:40:15.749854,14:40:15,11924.11,11924.11,3
2025-11-12T14:40:28.317451,14:40:28,11968.53,11968.53,3
2025-11-12T14:40:40.536346,14:40:40,11865.74,11865.74,3
2025-11-12T14:40:53.272504,14:40:53,11972.46,11972.46,3
2025-11-12T14:41:05.427678,14:41:05,11980.09,11980.09,3
2025-11-12T14:41:17.793294,14:41:17,12072.99,12072.99,3
2025-11-12T14:41:30.437743,14:41:30,12347.88,12347.88,3
2025-11-12T14:41:43.287021,14:41:43,12434.03,12434.03,3
2025-11-12T14:41:56.444744,14:41:56,12380.18,12380.18,3
2025-11-12T14:42:09.507239,14:42:09,12225.58,12225.58,3
2025-11-12T14:42:22.321381,14:42:22,12320.74,12320.74,3
2025-11-12T14:42:35.181014,14:42:35,12211.41,12211.41,3
2025-11-12T14:42:47.595568,14:42:47,12223.52,12223.52,3
2025-11-12T14:43:00.238319,14:43:00,12173.78,12173.78,3
2025-11-12T14:43:12.895892,14:43:12,12324.73,12324.73,3
2025-11-12T14:43:25.715682,14:43:25,12264.33,12264.33,3
2025-11-12T14:43:38.317369,14:43:38,12165.43,12165.43,3
2025-11-12T14:43:50.782518,14:43:50,12240.63,12240.63,3
2025-11-12T14:44:03.496275,14:44:03,12304.64,12304.64,3
2025-11-12T14:44:15.762955,14:44:15,12339.47,12339.47,3
2025-11-12T14:44:28.050240,14:44:28,12294.71,12294.71,3
2025-11-12T14:44:40.274814,14:44:40,12275.56,12275.56,3
2025-11-12T14:44:53.067768,14:44:53,12281.13,12281.13,3
2025-11-12T14:45:05.470316,14:45:05,12319.4,12319.4,3
2025-11-12T14:45:18.496063,14:45:18,12356.76,12356.76,3
2025-11-12T14:45:31.769824,14:45:31,12314.57,12314.57,3
2025-11-12T14:45:45.058157,14:45:45,12320.82,12320.82,3
2025-11-12T14:45:57.835978,14:45:57,12308.25,12308.25,3
2025-11-12T14:46:11.293096,14:46:11,12357.81,12357.81,3
2025-11-12T14:46:25.267431,14:46:25,12319.38,12319.38,3
2025-11-12T14:46:38.449357,14:46:38,12320.82,12320.82,3
2025-11-12T14:46:51.768738,14:46:51,12349.6,12349.6,3
2025-11-12T14:47:04.625771,14:47:04,12356.95,12356.95,3
2025-11-12T14:47:17.339832,14:47:17,12510.5,12510.5,3
2025-11-12T14:47:30.417521,14:47:30,12518.06,12518.06,3
2025-11-12T14:47:43.806051,14:47:43,12497.81,12497.81,3
2025-11-12T14:47:56.864880,14:47:56,12497.28,12497.28,3
2025-11-12T14:48:10.680490,14:48:10,12513.04,12513.04,3
2025-11-12T14:48:23.660348,14:48:23,12513.16,12513.16,3
2025-11-12T14:48:36.755627,14:48:36,12432.15,12432.15,3
2025-11-12T14:48:49.299143,14:48:49,12440.43,12440.43,3
2025-11-12T14:49:02.357263,14:49:02,12439.33,12439.33,3
2025-11-12T14:49:14.845090,14:49:14,12441.54,12441.54,3
2025-11-12T14:49:27.441335,14:49:27,12510.3,12510.3,3
2025-11-12T14:49:40.284148,14:49:40,12549.6,12549.6,3
2025-11-12T14:49:52.880344,14:49:52,12498.71,12498.71,3
2025-11-12T14:50:05.570015,14:50:05,12486.49,12486.49,3
2025-11-12T14:50:18.399813,14:50:18,12481.52,12481.52,3
2025-11-12T14:50:31.472420,14:50:31,12461.36,12461.36,3
2025-11-12T14:50:43.865539,14:50:43,12494.22,12494.22,3
2025-11-12T14:50:56.232546,14:50:56,12550.54,12550.54,3
2025-11-12T14:51:08.551137,14:51:08,12602.0,12602.0,3
2025-11-12T14:51:20.913596,14:51:20,12502.72,12502.72,3
2025-11-12T14:51:33.582764,14:51:33,12475.43,12475.43,3
2025-11-12T14:51:46.193635,14:51:46,12477.6,12477.6,3
2025-11-12T14:51:58.720869,14:51:58,12480.09,12480.09,3
2025-11-12T14:52:11.426189,14:52:11,12541.22,12541.22,3
2025-11-12T14:52:24.419944,14:52:24,12507.76,12507.76,3
2025-11-12T14:52:36.949194,14:52:36,12494.01,12494.01,3
2025-11-12T14:52:50.367246,14:52:50,12574.75,12574.75,3
2025-11-12T14:53:04.618220,14:53:04,12514.04,12514.04,3
2025-11-12T14:53:17.497588,14:53:17,12476.25,12476.25,3
2025-11-12T14:53:30.329628,14:53:30,12499.68,12499.68,3
2025-11-12T14:53:42.578067,14:53:42,12539.59,12539.59,3
2025-11-12T14:53:55.380868,14:53:55,12572.86,12572.86,3
2025-11-12T14:54:07.726458,14:54:07,12465.77,12465.77,3
2025-11-12T14:54:20.517167,14:54:20,12456.31,12456.31,3
2025-11-12T14:54:32.841481,14:54:32,12417.48,12417.48,3
2025-11-12T14:54:45.273024,14:54:45,12374.89,12374.89,3
2025-11-12T14:54:57.676757,14:54:57,12343.69,12343.69,3
2025-11-12T14:55:10.429778,14:55:10,12346.06,12346.06,3
2025-11-12T14:55:22.892882,14:55:22,12281.0,12281.0,3
2025-11-12T14:55:35.031232,14:55:35,12183.61,12183.61,3
2025-11-12T14:55:47.825567,14:55:47,12220.84,12220.84,3
2025-11-12T14:56:00.659431,14:56:00,12186.31,12186.31,3
2025-11-12T14:56:13.256074,14:56:13,12198.54,12198.54,3
2025-11-12T14:56:25.845042,14:56:25,12193.0,12193.0,3
2025-11-12T14:56:38.116406,14:56:38,12172.12,12172.12,3
2025-11-12T14:56:50.873431,14:56:50,12154.88,12154.88,3
2025-11-12T14:57:03.685875,14:57:03,12096.4,12096.4,3
2025-11-12T14:57:16.340794,14:57:16,12048.02,12048.02,3
2025-11-12T14:57:29.089597,14:57:29,12078.35,12078.35,3
2025-11-12T14:57:41.627673,14:57:41,12090.85,12090.85,3
2025-11-12T14:57:54.199611,14:57:54,12033.46,12033.46,3
2025-11-12T14:58:06.813553,14:58:06,12069.98,12069.98,3
2025-11-12T14:58:19.044425,14:58:19,12131.86,12131.86,3
2025-11-12T14:58:31.588408,14:58:31,12132.56,12132.56,3
2025-11-12T14:58:44.297353,14:58:44,12119.85,12119.85,3
2025-11-12T14:58:56.502033,14:58:56,12112.2,12112.2,3
2025-11-12T14:59:08.602944,14:59:08,12119.99,12119.99,3
2025-11-12T14:59:21.732942,14:59:21,12125.77,12125.77,3
2025-11-12T14:59:34.568780,14:59:34,12132.62,12132.62,3
2025-11-12T14:59:47.440194,14:59:47,12091.61,12091.61,3
2025-11-12T14:59:59.740297,14:59:59,12069.51,12069.51,3
2025-11-12T15:00:12.211442,15:00:12,12172.66,12172.66,3
2025-11-12T15:00:24.455913,15:00:24,12131.7,12131.7,3
2025-11-12T15:00:36.981879,15:00:36,12059.33,12059.33,3
2025-11-12T15:00:49.625475,15:00:49,12019.79,12019.79,3
2025-11-12T15:01:02.083500,15:01:02,12046.67,12046.67,3
2025-11-12T15:01:14.540714,15:01:14,11954.79,11954.79,3
2025-11-12T15:01:26.540117,15:01:26,11903.48,11903.48,3
2025-11-12T15:01:39.027007,15:01:39,11909.05,11909.05,3
2025-11-12T15:01:51.503359,15:01:51,11953.62,11953.62,3
2025-11-12T15:02:03.531077,15:02:03,11978.19,11978.19,3
2025-11-12T15:02:15.754789,15:02:15,11958.77,11958.77,3
2025-11-12T15:02:27.871878,15:02:27,11961.1,11961.1,3
2025-11-12T15:02:40.506722,15:02:40,11923.15,11923.15,3
2025-11-12T15:02:52.563141,15:02:52,11905.03,11905.03,3
2025-11-12T15:03:04.946473,15:03:04,11884.68,11884.68,3
2025-11-12T15:03:17.159950,15:03:17,11851.53,11851.53,3
2025-11-12T15:03:29.556554,15:03:29,11825.29,11825.29,3
2025-11-12T15:03:42.373497,15:03:42,11773.29,11773.29,3
2025-11-12T15:03:54.670857,15:03:54,11703.91,11703.91,3
2025-11-12T15:04:06.618869,15:04:06,11680.42,11680.42,3
2025-11-12T15:04:18.864542,15:04:18,11746.09,11746.09,3
2025-11-12T15:04:30.988209,15:04:30,11782.7,11782.7,3
2025-11-12T15:04:43.318504,15:04:43,11778.2,11778.2,3
2025-11-12T15:04:55.593385,15:04:55,11784.67,11784.67,3
2025-11-12T15:05:07.649446,15:05:07,11624.5,11624.5,3
2025-11-12T15:05:20.507013,15:05:20,11707.35,11707.35,3
2025-11-12T15:05:33.156586,15:05:33,11700.29,11700.29,3
2025-11-12T15:05:45.736186,15:05:45,11719.57,11719.57,3
2025-11-12T15:05:58.363864,15:05:58,11692.98,11692.98,3
2025-11-12T15:06:10.926331,15:06:10,11678.42,11678.42,3
2025-11-12T15:06:22.996712,15:06:22,11607.2,11607.2,3
2025-11-12T15:06:35.316706,15:06:35,11626.87,11626.87,3
2025-11-12T15:06:47.439367,15:06:47,11651.33,11651.33,3
2025-11-12T15:06:59.664596,15:06:59,11645.82,11645.82,3
2025-11-12T15:07:12.110176,15:07:12,11671.25,11671.25,3
2025-11-12T15:07:24.772004,15:07:24,11760.92,11760.92,3
2025-11-12T15:07:37.045769,15:07:37,11835.1,11835.1,3
2025-11-12T15:07:50.270840,15:07:50,11895.89,11895.89,3
2025-11-12T15:08:02.772608,15:08:02,11928.89,11928.89,3
2025-11-12T15:08:15.013092,15:08:15,11923.3,11923.3,3
2025-11-12T15:08:27.322277,15:08:27,11922.76,11922.76,3
2025-11-12T15:08:39.874890,15:08:39,11915.81,11915.81,3
2025-11-12T15:08:52.031492,15:08:52,11856.95,11856.95,3
2025-11-12T15:09:04.424638,15:09:04,11839.31,11839.31,3
2025-11-12T15:09:16.523354,15:09:16,11832.23,11832.23,3
2025-11-12T15:09:28.865552,15:09:28,11785.65,11785.65,3
2025-11-12T15:09:41.218149,15:09:41,11744.01,11744.01,3
2025-11-12T15:09:53.564157,15:09:53,11769.79,11769.79,3
2025-11-12T15:10:05.904924,15:10:05,11774.49,11774.49,3
2025-11-12T15:10:18.566237,15:10:18,11791.06,11791.06,3
2025-11-12T15:10:31.216957,15:10:31,11804.39,11804.39,3
2025-11-12T15:10:44.212110,15:10:44,11757.94,11757.94,3
2025-11-12T15:10:56.672842,15:10:56,11676.38,11676.38,3
2025-11-12T15:11:09.098911,15:11:09,11732.38,11732.38,3
2025-11-12T15:11:21.790885,15:11:21,11738.7,11738.7,3
2025-11-12T15:11:34.122211,15:11:34,11742.5,11742.5,3
2025-11-12T15:11:46.660929,15:11:46,11760.52,11760.52,3
2025-11-12T15:11:58.651183,15:11:58,11745.03,11745.03,3
2025-11-12T15:12:11.074975,15:12:11,11774.75,11774.75,3
2025-11-12T15:12:23.461470,15:12:23,11817.98,11817.98,3
2025-11-12T15:12:35.469228,15:12:35,11859.92,11859.92,3
2025-11-12T15:12:48.133378,15:12:48,11881.1,11881.1,3
2025-11-12T15:13:00.929278,15:13:00,11906.52,11906.52,3
2025-11-12T15:13:13.665832,15:13:13,11920.71,11920.71,3
2025-11-12T15:13:26.129103,15:13:26,11923.36,11923.36,3
2025-11-12T15:13:38.829333,15:13:38,11938.38,11938.38,3
2025-11-12T15:13:51.559830,15:13:51,11904.79,11904.79,3
2025-11-12T15:14:03.830114,15:14:03,11888.76,11888.76,3
2025-11-12T15:14:16.285421,15:14:16,11884.81,11884.81,3
2025-11-12T15:14:28.445684,15:14:28,11878.73,11878.73,3
2025-11-12T15:14:41.305403,15:14:41,11773.06,11773.06,3
2025-11-12T15:14:53.699338,15:14:53,11768.62,11768.62,3
2025-11-12T15:15:06.278432,15:15:06,11732.57,11732.57,3
2025-11-12T15:15:18.717576,15:15:18,11703.91,11703.91,3
2025-11-12T15:15:31.247546,15:15:31,11649.97,11649.97,3
2025-11-12T15:15:44.110689,15:15:44,11643.69,11643.69,3
2025-11-12T15:15:56.063124,15:15:56,11639.52,11639.52,3
2025-11-12T15:16:08.637832,15:16:08,11665.11,11665.11,3
2025-11-12T15:16:20.853711,15:16:20,11661.22,11661.22,3
2025-11-12T15:16:33.317299,15:16:33,11657.48,11657.48,3
2025-11-12T15:16:45.586981,15:16:45,11675.27,11675.27,3
2025-11-12T15:16:57.636654,15:16:57,11669.7,11669.7,3
2025-11-12T15:17:09.697872,15:17:09,11678.87,11678.87,3
2025-11-12T15:17:22.302983,15:17:22,11666.27,11666.27,3
2025-11-12T15:17:34.575877,15:17:34,11678.9,11678.9,3
2025-11-12T15:17:47.094024,15:17:47,11696.54,11696.54,3
2025-11-12T15:17:59.197479,15:17:59,11697.19,11697.19,3
2025-11-12T15:18:11.639466,15:18:11,11687.01,11687.01,3
2025-11-12T15:18:24.604372,15:18:24,11678.28,11678.28,3
2025-11-12T15:18:36.893462,15:18:36,11652.62,11652.62,3
2025-11-12T15:18:49.605759,15:18:49,11658.91,11658.91,3
2025-11-12T15:19:01.697928,15:19:01,11664.33,11664.33,3
2025-11-12T15:19:14.024835,15:19:14,11638.88,11638.88,3
2025-11-12T15:19:26.285130,15:19:26,11672.18,11672.18,3
2025-11-12T15:19:38.766914,15:19:38,11703.5,11703.5,3
2025-11-12T15:19:51.272434,15:19:51,11717.31,11717.31,3
2025-11-12T15:20:03.543718,15:20:03,11717.9,11717.9,3
2025-11-12T15:20:16.119058,15:20:16,11733.18,11733.18,3
2025-11-12T15:20:28.567857,15:20:28,11744.44,11744.44,3
2025-11-12T15:20:41.377824,15:20:41,11788.67,11788.67,3
2025-11-12T15:20:54.231064,15:20:54,11772.33,11772.33,3
2025-11-12T15:21:06.607103,15:21:06,11731.32,11731.32,3
2025-11-12T15:21:19.063164,15:21:19,11746.8,11746.8,3
2025-11-12T15:21:31.492003,15:21:31,11752.06,11752.06,3
2025-11-12T15:21:43.638799,15:21:43,11744.0,11744.0,3
2025-11-12T15:21:56.355209,15:21:56,11695.26,11695.26,3
2025-11-12T15:22:08.833595,15:22:08,11648.3,11648.3,3
2025-11-12T15:22:20.947625,15:22:20,11692.21,11692.21,3
2025-11-12T15:22:33.690984,15:22:33,11678.77,11678.77,3
2025-11-12T15:22:45.803495,15:22:45,11651.55,11651.55,3
2025-11-12T15:22:58.181319,15:22:58,11648.07,11648.07,3
2025-11-12T15:23:10.677606,15:23:10,11672.21,11672.21,3
2025-11-12T15:23:23.600018,15:23:23,11602.85,11602.85,3
2025-11-12T15:23:36.364256,15:23:36,11681.87,11681.87,3
2025-11-12T15:23:48.909114,15:23:48,11650.59,11650.59,3
2025-11-12T15:24:01.411885,15:24:01,11663.01,11663.01,3
2025-11-12T15:24:13.688959,15:24:13,11687.37,11687.37,3
2025-11-12T15:24:26.171300,15:24:26,11730.19,11730.19,3
2025-11-12T15:24:38.282710,15:24:38,11702.51,11702.51,3
2025-11-12T15:24:50.984973,15:24:50,11722.6,11722.6,3
2025-11-12T15:25:03.210610,15:25:03,11709.66,11709.66,3
2025-11-12T15:25:15.476082,15:25:15,11696.15,11696.15,3
2025-11-12T15:25:28.085809,15:25:28,11690.6,11690.6,3
2025-11-12T15:25:40.512387,15:25:40,11695.39,11695.39,3
2025-11-12T15:25:52.806063,15:25:52,11710.35,11710.35,3
2025-11-12T15:26:05.452428,15:26:05,11706.71,11706.71,3
2025-11-12T15:26:17.493567,15:26:17,11698.36,11698.36,3
2025-11-12T15:26:29.611251,15:26:29,11708.23,11708.23,3
2025-11-12T15:26:41.649977,15:26:41,11716.23,11716.23,3
2025-11-12T15:26:54.143157,15:26:54,11755.01,11755.01,3
2025-11-12T15:27:06.542932,15:27:06,11761.09,11761.09,3
2025-11-12T15:27:18.485702,15:27:18,11681.02,11681.02,3
2025-11-12T15:27:30.846695,15:27:30,11705.67,11705.67,3
2025-11-12T15:27:42.971782,15:27:42,11644.39,11644.39,3
2025-11-12T15:27:55.462551,15:27:55,11701.35,11701.35,3
2025-11-12T15:28:08.245460,15:28:08,11706.42,11706.42,3
2025-11-12T15:28:20.845059,15:28:20,11700.62,11700.62,3
2025-11-12T15:28:33.742786,15:28:33,11704.31,11704.31,3
2025-11-12T15:28:46.462497,15:28:46,11699.79,11699.79,3
2025-11-12T15:28:59.093264,15:28:59,11686.22,11686.22,3
2025-11-12T15:29:11.622313,15:29:11,11743.44,11743.44,3
2025-11-12T15:29:24.284673,15:29:24,11765.96,11765.96,3
2025-11-12T15:29:36.716644,15:29:36,11708.29,11708.29,3
2025-11-12T15:29:49.204506,15:29:49,11742.33,11742.33,3
2025-11-12T15:30:01.690956,15:30:01,11740.19,11740.19,3
2025-11-12T15:30:14.302576,15:30:14,11750.37,11750.37,3
2025-11-12T15:30:26.490106,15:30:26,11769.24,11769.24,3
2025-11-12T15:30:38.939088,15:30:38,11825.12,11825.12,3
2025-11-12T15:30:51.000841,15:30:51,11824.76,11824.76,3
2025-11-12T15:31:03.584542,15:31:03,11828.39,11828.39,3
2025-11-12T15:31:15.959742,15:31:15,11831.45,11831.45,3
2025-11-12T15:31:28.051208,15:31:28,11895.21,11895.21,3
2025-11-12T15:31:40.570157,15:31:40,11922.38,11922.38,3
2025-11-12T15:31:53.080938,15:31:53,11928.78,11928.78,3
2025-11-12T15:32:05.412094,15:32:05,11928.8,11928.8,3
2025-11-12T15:32:17.415692,15:32:17,11963.8,11963.8,3
2025-11-12T15:32:29.450395,15:32:29,11924.07,11924.07,3
2025-11-12T15:32:41.463237,15:32:41,11905.96,11905.96,3
2025-11-12T15:32:53.529156,15:32:53,11927.13,11927.13,3
2025-11-12T15:33:05.685725,15:33:05,11928.86,11928.86,3
2025-11-12T15:33:17.883831,15:33:17,11909.4,11909.4,3
2025-11-12T15:33:30.082425,15:33:30,11916.57,11916.57,3
2025-11-12T15:33:42.300617,15:33:42,11904.56,11904.56,3
2025-11-12T15:33:54.278049,15:33:54,11920.62,11920.62,3
2025-11-12T15:34:06.505191,15:34:06,11933.33,11933.33,3
2025-11-12T15:34:18.675675,15:34:18,11916.2,11916.2,3
2025-11-12T15:34:31.015968,15:34:31,11917.34,11917.34,3
2025-11-12T15:34:43.237022,15:34:43,11946.59,11946.59,3
2025-11-12T15:34:55.598970,15:34:55,11931.81,11931.81,3
2025-11-12T15:35:07.859107,15:35:07,11938.52,11938.52,3
2025-11-12T15:35:20.108595,15:35:20,11901.56,11901.56,3
2025-11-12T15:35:32.295830,15:35:32,11901.27,11901.27,3
2025-11-12T15:35:44.455114,15:35:44,11903.17,11903.17,3
2025-11-12T15:35:56.436536,15:35:56,11900.71,11900.71,3
2025-11-12T15:36:08.787227,15:36:08,11842.73,11842.73,3
2025-11-12T15:36:21.174666,15:36:21,11860.1,11860.1,3
2025-11-12T15:36:33.430061,15:36:33,11833.28,11833.28,3
2025-11-12T15:36:45.556242,15:36:45,11867.41,11867.41,3
2025-11-12T15:36:57.939413,15:36:57,11908.15,11908.15,3
2025-11-12T15:37:10.169285,15:37:10,11870.77,11870.77,3
2025-11-12T15:37:22.400206,15:37:22,11886.48,11886.48,3
2025-11-12T15:37:34.522907,15:37:34,11909.73,11909.73,3
2025-11-12T15:37:46.778340,15:37:46,11930.51,11930.51,3
2025-11-12T15:37:59.206425,15:37:59,11937.38,11937.38,3
2025-11-12T15:38:11.393098,15:38:11,11955.16,11955.16,3
2025-11-12T15:38:23.369244,15:38:23,11999.17,11999.17,3
2025-11-12T15:38:35.665278,15:38:35,11966.76,11966.76,3
2025-11-12T15:38:47.804735,15:38:47,11958.74,11958.74,3
2025-11-12T15:39:00.213388,15:39:00,11980.07,11980.07,3
2025-11-12T15:39:12.594842,15:39:12,11978.11,11978.11,3
2025-11-12T15:39:24.871009,15:39:24,11994.07,11994.07,3
2025-11-12T15:39:37.141881,15:39:37,11999.72,11999.72,3
2025-11-12T15:39:49.316342,15:39:49,12002.69,12002.69,3
2025-11-12T15:40:01.447156,15:40:01,12005.75,12005.75,3
2025-11-12T15:40:13.662685,15:40:13,11960.22,11960.22,3
2025-11-12T15:40:25.702904,15:40:25,11936.98,11936.98,3
2025-11-12T15:40:37.719389,15:40:37,11907.94,11907.94,3
2025-11-12T15:40:50.017963,15:40:50,11884.36,11884.36,3
2025-11-12T15:41:02.634744,15:41:02,11891.18,11891.18,3
2025-11-12T15:41:14.997993,15:41:14,11893.6,11893.6,3
2025-11-12T15:41:27.327874,15:41:27,11875.93,11875.93,3
2025-11-12T15:41:39.259043,15:41:39,11885.99,11885.99,3
2025-11-12T15:41:51.280194,15:41:51,11888.45,11888.45,3
2025-11-12T15:42:03.467288,15:42:03,11885.37,11885.37,3
2025-11-12T15:42:15.692398,15:42:15,11867.58,11867.58,3
2025-11-12T15:42:28.131489,15:42:28,11830.72,11830.72,3
2025-11-12T15:42:40.411703,15:42:40,11836.54,11836.54,3
2025-11-12T15:42:52.517889,15:42:52,11829.27,11829.27,3
2025-11-12T15:43:04.599812,15:43:04,11829.42,11829.42,3
2025-11-12T15:43:16.804761,15:43:16,11840.63,11840.63,3
2025-11-12T15:43:29.069160,15:43:29,11891.89,11891.89,3
2025-11-12T15:43:41.548721,15:43:41,11912.59,11912.59,3
2025-11-12T15:43:53.839874,15:43:53,11969.59,11969.59,3
2025-11-12T15:44:05.886402,15:44:05,12038.45,12038.45,3
2025-11-12T15:44:18.054019,15:44:18,12107.51,12107.51,3
2025-11-12T15:44:30.645724,15:44:30,12159.2,12159.2,3
2025-11-12T15:44:42.866278,15:44:42,12096.38,12096.38,3
2025-11-12T15:44:55.375438,15:44:55,12100.42,12100.42,3
2025-11-12T15:45:07.807488,15:45:07,12110.88,12110.88,3
2025-11-12T15:45:20.282085,15:45:20,12102.15,12102.15,3
2025-11-12T15:45:32.610869,15:45:32,12037.11,12037.11,3
2025-11-12T15:45:45.070989,15:45:45,12010.2,12010.2,3
2025-11-12T15:45:57.192596,15:45:57,11975.76,11975.76,3
2025-11-12T15:46:09.457545,15:46:09,12012.93,12012.93,3
2025-11-12T15:46:21.929245,15:46:21,11983.68,11983.68,3
2025-11-12T15:46:34.341297,15:46:34,12002.89,12002.89,3
2025-11-12T15:46:46.862399,15:46:46,12028.89,12028.89,3
2025-11-12T15:46:59.281963,15:46:59,12082.21,12082.21,3
2025-11-12T15:47:11.638743,15:47:11,12018.77,12018.77,3
2025-11-12T15:47:23.674281,15:47:23,12024.95,12024.95,3
2025-11-12T15:47:35.714372,15:47:35,12082.92,12082.92,3
2025-11-12T15:47:48.159682,15:47:48,11988.41,11988.41,3
2025-11-12T15:48:00.625942,15:48:00,11992.3,11992.3,3
2025-11-12T15:48:12.918656,15:48:12,12017.02,12017.02,3
2025-11-12T15:48:25.010853,15:48:25,11977.23,11977.23,3
2025-11-12T15:48:37.036034,15:48:37,11986.93,11986.93,3
2025-11-12T15:48:49.071393,15:48:49,11985.61,11985.61,3
2025-11-12T15:49:01.413889,15:49:01,11979.69,11979.69,3
2025-11-12T15:49:13.673373,15:49:13,11981.47,11981.47,3
2025-11-12T15:49:26.049027,15:49:26,11970.91,11970.91,3
2025-11-12T15:49:38.120617,15:49:38,11964.65,11964.65,3
2025-11-12T15:49:50.095130,15:49:50,11967.51,11967.51,3
2025-11-12T15:50:02.978743,15:50:02,11967.32,11967.32,3
2025-11-12T15:50:15.066243,15:50:15,11983.14,11983.14,3
2025-11-12T15:50:27.072876,15:50:27,11982.49,11982.49,3
2025-11-12T15:50:39.055667,15:50:39,12008.57,12008.57,3
2025-11-12T15:50:51.157289,15:50:51,12000.97,12000.97,3
2025-11-12T15:51:03.258077,15:51:03,12004.04,12004.04,3
2025-11-12T15:51:15.347778,15:51:15,12023.62,12023.62,3
2025-11-12T15:51:27.664180,15:51:27,12013.16,12013.16,3
2025-11-12T15:51:39.650433,15:51:39,12029.9,12029.9,3
2025-11-12T15:51:51.647007,15:51:51,12013.34,12013.34,3
2025-11-12T15:52:03.794594,15:52:03,12014.82,12014.82,3
2025-11-12T15:52:16.032333,15:52:16,12017.37,12017.37,3
2025-11-12T15:52:28.087451,15:52:28,12017.87,12017.87,3
2025-11-12T15:52:40.153315,15:52:40,11987.97,11987.97,3
2025-11-12T15:52:52.314081,15:52:52,11990.97,11990.97,3
2025-11-12T15:53:04.400731,15:53:04,11973.08,11973.08,3
2025-11-12T15:53:16.511236,15:53:16,12030.62,12030.62,3
2025-11-12T15:53:28.849415,15:53:28,12133.69,12133.69,3
2025-11-12T15:53:40.996556,15:53:40,12131.19,12131.19,3
2025-11-12T15:53:53.096115,15:53:53,12126.04,12126.04,3
2025-11-12T15:54:05.188721,15:54:05,12135.64,12135.64,3
2025-11-12T15:54:17.191527,15:54:17,12113.58,12113.58,3
2025-11-12T15:54:29.182469,15:54:29,12091.0,12091.0,3
2025-11-12T15:54:41.258553,15:54:41,12108.27,12108.27,3
2025-11-12T15:54:53.376013,15:54:53,12116.49,12116.49,3
2025-11-12T15:55:05.716745,15:55:05,12104.58,12104.58,3
2025-11-12T15:55:18.143239,15:55:18,12149.44,12149.44,3
2025-11-12T15:55:30.440912,15:55:30,12192.56,12192.56,3
2025-11-12T15:55:42.597138,15:55:42,12211.83,12211.83,3
2025-11-12T15:55:54.595935,15:55:54,12217.11,12217.11,3
2025-11-12T15:56:06.984951,15:56:06,12216.17,12216.17,3
2025-11-12T15:56:19.071039,15:56:19,12213.19,12213.19,3
2025-11-12T15:56:31.321030,15:56:31,12197.37,12197.37,3
2025-11-12T15:56:43.436573,15:56:43,12064.22,12064.22,3
2025-11-12T15:56:55.750050,15:56:55,12029.01,12029.01,3
2025-11-12T15:57:07.879902,15:57:07,12058.77,12058.77,3
2025-11-12T15:57:20.595893,15:57:20,12104.55,12104.55,3
2025-11-12T15:57:32.788223,15:57:32,12077.34,12077.34,3
2025-11-12T15:57:44.906857,15:57:44,12066.6,12066.6,3
2025-11-12T15:57:56.974288,15:57:56,12059.96,12059.96,3
2025-11-12T15:58:09.139785,15:58:09,12048.54,12048.54,3
2025-11-12T15:58:21.391273,15:58:21,12049.91,12049.91,3
2025-11-12T15:58:33.415462,15:58:33,12045.36,12045.36,3
2025-11-12T15:58:45.535779,15:58:45,12022.44,12022.44,3
2025-11-12T15:58:57.443603,15:58:57,12039.92,12039.92,3
2025-11-12T15:59:09.466595,15:59:09,12062.77,12062.77,3
2025-11-12T15:59:21.382479,15:59:21,12037.12,12037.12,3
2025-11-12T15:59:33.289531,15:59:33,12017.42,12017.42,3
2025-11-12T15:59:45.352564,15:59:45,12045.18,12045.18,3
2025-11-12T15:59:57.302445,15:59:57,12047.58,12047.58,3
2025-11-12T16:00:09.233516,16:00:09,12107.79,12107.79,3
2025-11-12T16:00:21.301909,16:00:21,12150.13,12150.13,3
2025-11-12T16:00:33.221863,16:00:33,12191.14,12191.14,3
2025-11-12T16:00:45.258606,16:00:45,12149.87,12149.87,3
2025-11-12T16:00:57.226647,16:00:57,12087.1,12087.1,3
2025-11-12T16:01:09.191159,16:01:09,12097.79,12097.79,3
2025-11-12T16:01:21.335173,16:01:21,12108.7,12108.7,3
2025-11-12T16:01:33.734263,16:01:33,12152.68,12152.68,3
2025-11-12T16:01:46.119848,16:01:46,12143.48,12143.48,3
2025-11-12T16:01:58.270404,16:01:58,12139.02,12139.02,3
2025-11-12T16:02:10.575540,16:02:10,12110.35,12110.35,3
2025-11-12T16:02:23.402375,16:02:23,12077.49,12077.49,3
2025-11-12T16:02:36.496212,16:02:36,12008.64,12008.64,3
2025-11-12T16:02:48.847402,16:02:48,12069.72,12069.72,3
2025-11-12T16:03:01.694159,16:03:01,12117.49,12117.49,3
2025-11-12T16:03:14.565780,16:03:14,12142.64,12142.64,3
2025-11-12T16:03:27.172650,16:03:27,12223.53,12223.53,3
2025-11-12T16:03:40.203392,16:03:40,12228.66,12228.66,3
2025-11-12T16:03:53.350286,16:03:53,12266.25,12266.25,3
2025-11-12T16:04:05.674036,16:04:05,12291.78,12291.78,3
2025-11-12T16:04:18.393252,16:04:18,12326.86,12326.86,3
2025-11-12T16:04:31.538276,16:04:31,12429.83,12429.83,3
2025-11-12T16:04:44.133982,16:04:44,12356.34,12356.34,3
2025-11-12T16:04:57.176130,16:04:57,12316.72,12316.72,3
2025-11-12T16:05:10.078421,16:05:10,12381.33,12381.33,3
2025-11-12T16:05:22.883777,16:05:22,12412.2,12412.2,3
2025-11-12T16:05:35.933769,16:05:35,12442.33,12442.33,3
2025-11-12T16:05:48.489326,16:05:48,12463.3,12463.3,3
2025-11-12T16:06:01.100572,16:06:01,12463.89,12463.89,3
2025-11-12T16:06:14.182139,16:06:14,12329.69,12329.69,3
2025-11-12T16:06:26.841977,16:06:26,12235.62,12235.62,3
2025-11-12T16:06:39.896749,16:06:39,12203.53,12203.53,3
2025-11-12T16:06:52.376406,16:06:52,12226.92,12226.92,3
2025-11-12T16:07:04.687327,16:07:04,12171.05,12171.05,3
2025-11-12T16:07:17.396403,16:07:17,12126.87,12126.87,3
2025-11-12T16:07:30.169817,16:07:30,12133.71,12133.71,3
2025-11-12T16:07:43.084925,16:07:43,12040.69,12040.69,3
2025-11-12T16:07:55.588787,16:07:55,12078.28,12078.28,3
2025-11-12T16:08:08.619515,16:08:08,12076.18,12076.18,3
2025-11-12T16:08:21.252827,16:08:21,12109.9,12109.9,3
2025-11-12T16:08:33.710592,16:08:33,12137.48,12137.48,3
2025-11-12T16:08:46.556812,16:08:46,12094.71,12094.71,3
2025-11-12T16:08:59.275867,16:08:59,12081.55,12081.55,3
2025-11-12T16:09:12.008202,16:09:12,12065.25,12065.25,3
2025-11-12T16:09:25.013968,16:09:25,12072.28,12072.28,3
2025-11-12T16:09:38.448244,16:09:38,12039.91,12039.91,3
2025-11-12T16:09:50.957484,16:09:50,11991.62,11991.62,3
2025-11-12T16:10:03.457320,16:10:03,12019.87,12019.87,3
2025-11-12T16:10:16.537090,16:10:16,11981.0,11981.0,3
2025-11-12T16:10:29.470153,16:10:29,11987.42,11987.42,3
2025-11-12T16:10:42.072851,16:10:42,11991.43,11991.43,3
2025-11-12T16:10:54.304300,16:10:54,12041.77,12041.77,3
2025-11-12T16:11:07.333806,16:11:07,12114.68,12114.68,3
2025-11-12T16:11:20.166485,16:11:20,12129.66,12129.66,3
2025-11-12T16:11:33.300786,16:11:33,12156.61,12156.61,3
2025-11-12T16:11:46.034318,16:11:46,12172.95,12172.95,3
2025-11-12T16:11:58.939613,16:11:58,12168.23,12168.23,3
2025-11-12T16:12:11.668224,16:12:11,12124.9,12124.9,3
2025-11-12T16:12:24.157177,16:12:24,12092.86,12092.86,3
2025-11-12T16:12:37.124729,16:12:37,12062.27,12062.27,3
2025-11-12T16:12:49.704728,16:12:49,12053.49,12053.49,3
2025-11-12T16:13:02.935902,16:13:02,12054.41,12054.41,3
2025-11-12T16:13:15.240577,16:13:15,12056.89,12056.89,3
2025-11-12T16:13:28.038972,16:13:28,12069.2,12069.2,3
2025-11-12T16:13:40.519580,16:13:40,12097.39,12097.39,3
2025-11-12T16:13:53.220889,16:13:53,12079.96,12079.96,3
2025-11-12T16:14:05.906419,16:14:05,12087.53,12087.53,3
2025-11-12T16:14:18.654724,16:14:18,12088.27,12088.27,3
2025-11-12T16:14:31.276452,16:14:31,12094.07,12094.07,3
2025-11-12T16:14:44.276637,16:14:44,12091.82,12091.82,3
2025-11-12T16:14:56.895116,16:14:56,12074.48,12074.48,3
2025-11-12T16:15:09.272053,16:15:09,12084.31,12084.31,3
2025-11-12T16:15:22.295825,16:15:22,12094.52,12094.52,3
2025-11-12T16:15:35.459055,16:15:35,12141.69,12141.69,3
2025-11-12T16:15:47.971030,16:15:47,12142.65,12142.65,3
2025-11-12T16:16:00.615858,16:16:00,12118.7,12118.7,3
2025-11-12T16:16:13.361712,16:16:13,12142.57,12142.57,3
2025-11-12T16:16:25.934883,16:16:25,12144.73,12144.73,3
2025-11-12T16:16:38.662494,16:16:38,12135.83,12135.83,3
2025-11-12T16:16:51.581913,16:16:51,12138.91,12138.91,3
2025-11-12T16:17:04.117125,16:17:04,12160.84,12160.84,3
2025-11-12T16:17:16.764719,16:17:16,12167.0,12167.0,3
2025-11-12T16:17:29.343324,16:17:29,12136.4,12136.4,3
2025-11-12T16:17:42.229871,16:17:42,12153.45,12153.45,3
2025-11-12T16:17:55.293596,16:17:55,12175.48,12175.48,3
2025-11-12T16:18:08.322424,16:18:08,12143.5,12143.5,3
2025-11-12T16:18:21.512529,16:18:21,12124.21,12124.21,3
2025-11-12T16:18:34.223242,16:18:34,12138.05,12138.05,3
2025-11-12T16:18:47.115976,16:18:47,12124.18,12124.18,3
2025-11-12T16:18:59.867330,16:18:59,12113.96,12113.96,3
2025-11-12T16:19:12.173532,16:19:12,12103.86,12103.86,3
2025-11-12T16:19:24.880543,16:19:24,12103.2,12103.2,3
2025-11-12T16:19:38.098876,16:19:38,12135.69,12135.69,3
2025-11-12T16:19:51.093763,16:19:51,12161.87,12161.87,3
2025-11-12T16:20:03.785747,16:20:03,12180.45,12180.45,3
2025-11-12T16:20:16.522485,16:20:16,12151.21,12151.21,3
2025-11-12T16:20:29.385903,16:20:29,12122.84,12122.84,3
2025-11-12T16:20:42.277411,16:20:42,12131.25,12131.25,3
2025-11-12T16:20:55.447968,16:20:55,12139.08,12139.08,3
2025-11-12T16:21:08.352204,16:21:08,12105.1,12105.1,3
2025-11-12T16:21:20.924565,16:21:20,12106.15,12106.15,3
2025-11-12T16:21:34.140649,16:21:34,12109.56,12109.56,3
2025-11-12T16:21:46.494178,16:21:46,12088.75,12088.75,3
2025-11-12T16:21:59.004077,16:21:59,12053.81,12053.81,3
2025-11-12T16:22:12.091269,16:22:12,12091.2,12091.2,3
2025-11-12T16:22:25.103833,16:22:25,12120.49,12120.49,3
2025-11-12T16:22:37.724692,16:22:37,12134.37,12134.37,3
2025-11-12T16:22:50.470697,16:22:50,12104.79,12104.79,3
2025-11-12T16:23:03.048897,16:23:03,12116.31,12116.31,3
2025-11-12T16:23:15.866801,16:23:15,12172.82,12172.82,3
2025-11-12T16:23:28.629018,16:23:28,12169.68,12169.68,3
2025-11-12T16:23:41.817516,16:23:41,12205.76,12205.76,3
2025-11-12T16:23:54.548892,16:23:54,12204.29,12204.29,3
2025-11-12T16:24:07.390791,16:24:07,12221.04,12221.04,3
2025-11-12T16:24:20.314783,16:24:20,12183.73,12183.73,3
2025-11-12T16:24:33.030866,16:24:33,12159.18,12159.18,3
2025-11-12T16:24:46.160179,16:24:46,12136.59,12136.59,3
2025-11-12T16:24:58.884374,16:24:58,12108.78,12108.78,3
2025-11-12T16:25:12.212175,16:25:12,12132.29,12132.29,3
2025-11-12T16:25:24.739556,16:25:24,12121.79,12121.79,3
2025-11-12T16:25:37.478422,16:25:37,12124.74,12124.74,3
2025-11-12T16:25:50.245359,16:25:50,12122.53,12122.53,3
2025-11-12T16:26:03.215580,16:26:03,12124.65,12124.65,3
2025-11-12T16:26:16.465625,16:26:16,12114.12,12114.12,3
2025-11-12T16:26:29.144930,16:26:29,12119.58,12119.58,3
2025-11-12T16:26:42.093176,16:26:42,12108.66,12108.66,3
2025-11-12T16:26:54.622520,16:26:54,12104.91,12104.91,3
2025-11-12T16:27:08.199665,16:27:08,12122.93,12122.93,3
2025-11-12T16:27:20.632533,16:27:20,12125.3,12125.3,3
2025-11-12T16:27:33.549296,16:27:33,12147.36,12147.36,3
2025-11-12T16:27:46.297882,16:27:46,12142.82,12142.82,3
2025-11-12T16:27:59.122740,16:27:59,12132.03,12132.03,3
2025-11-12T16:28:11.122409,16:28:11,12099.22,12099.22,3
2025-11-12T16:28:23.025666,16:28:23,12099.03,12099.03,3
2025-11-12T16:28:35.172822,16:28:35,12110.48,12110.48,3
2025-11-12T16:28:47.160367,16:28:47,12085.34,12085.34,3
2025-11-12T16:28:59.578882,16:28:59,12094.93,12094.93,3
2025-11-12T16:29:11.668798,16:29:11,12125.98,12125.98,3
2025-11-12T16:29:23.873200,16:29:23,12124.63,12124.63,3
2025-11-12T16:29:36.293478,16:29:36,12134.58,12134.58,3
2025-11-12T16:29:48.326629,16:29:48,12145.63,12145.63,3
2025-11-12T16:30:00.720651,16:30:00,12142.61,12142.61,3
2025-11-12T16:30:12.982033,16:30:12,12176.87,12176.87,3
2025-11-12T16:30:24.907051,16:30:24,12174.23,12174.23,3
2025-11-12T16:30:37.108345,16:30:37,12174.34,12174.34,3
2025-11-12T16:30:49.060548,16:30:49,12185.18,12185.18,3
2025-11-12T16:31:01.166608,16:31:01,12173.99,12173.99,3
2025-11-12T16:31:13.327242,16:31:13,12171.88,12171.88,3
2025-11-12T16:31:25.578531,16:31:25,12167.51,12167.51,3
2025-11-12T16:31:37.718354,16:31:37,12189.39,12189.39,3
2025-11-12T16:31:49.948579,16:31:49,12176.08,12176.08,3
2025-11-12T16:32:02.047191,16:32:02,12187.97,12187.97,3
2025-11-12T16:32:14.273340,16:32:14,12234.69,12234.69,3
2025-11-12T16:32:26.721530,16:32:26,12217.82,12217.82,3
2025-11-12T16:32:39.173720,16:32:39,12225.89,12225.89,3
2025-11-12T16:32:51.751460,16:32:51,12266.25,12266.25,3
2025-11-12T16:33:04.381161,16:33:04,12306.1,12306.1,3
2025-11-12T16:33:16.488982,16:33:16,12289.62,12289.62,3
2025-11-12T16:33:28.869376,16:33:28,12263.3,12263.3,3
2025-11-12T16:33:41.620838,16:33:41,12202.0,12202.0,3
2025-11-12T16:33:54.786844,16:33:54,12119.11,12119.11,3
2025-11-12T16:34:06.816895,16:34:06,12159.16,12159.16,3
2025-11-12T16:34:19.109191,16:34:19,12186.99,12186.99,3
2025-11-12T16:34:31.651906,16:34:31,12186.98,12186.98,3
2025-11-12T16:34:43.722946,16:34:43,12230.47,12230.47,3
2025-11-12T16:34:55.925917,16:34:55,12260.52,12260.52,3
2025-11-12T16:35:08.279331,16:35:08,12260.58,12260.58,3
2025-11-12T16:35:20.575709,16:35:20,12302.04,12302.04,3
2025-11-12T16:35:32.676642,16:35:32,12318.24,12318.24,3
2025-11-12T16:35:45.400955,16:35:45,12281.06,12281.06,3
2025-11-12T16:35:57.458753,16:35:57,12278.14,12278.14,3
2025-11-12T16:36:09.455430,16:36:09,12292.74,12292.74,3
2025-11-12T16:36:21.848515,16:36:21,12327.96,12327.96,3
2025-11-12T16:36:33.969881,16:36:33,12328.26,12328.26,3
2025-11-12T16:36:46.020450,16:36:46,12368.42,12368.42,3
2025-11-12T16:36:58.357246,16:36:58,12415.92,12415.92,3
2025-11-12T16:37:10.685132,16:37:10,12393.95,12393.95,3
2025-11-12T16:37:22.667474,16:37:22,12421.91,12421.91,3
2025-11-12T16:37:34.671481,16:37:34,12480.01,12480.01,3
2025-11-12T16:37:46.980004,16:37:46,12487.3,12487.3,3
2025-11-12T16:37:58.973224,16:37:58,12538.42,12538.42,3
2025-11-12T16:38:11.070920,16:38:11,12485.33,12485.33,3
2025-11-12T16:38:23.299240,16:38:23,12459.0,12459.0,3
2025-11-12T16:38:35.821580,16:38:35,12441.27,12441.27,3
2025-11-12T16:38:47.710381,16:38:47,12430.66,12430.66,3
2025-11-12T16:38:59.725020,16:38:59,12495.0,12495.0,3
2025-11-12T16:39:11.612499,16:39:11,12470.58,12470.58,3
2025-11-12T16:39:23.584244,16:39:23,12470.75,12470.75,3
2025-11-12T16:39:35.524860,16:39:35,12470.79,12470.79,3
2025-11-12T16:39:47.998114,16:39:47,12441.61,12441.61,3
2025-11-12T16:40:00.556254,16:40:00,12479.28,12479.28,3
2025-11-12T16:40:12.749532,16:40:12,12476.66,12476.66,3
2025-11-12T16:40:25.438514,16:40:25,12494.67,12494.67,3
2025-11-12T16:40:37.703213,16:40:37,12513.07,12513.07,3
2025-11-12T16:40:49.756662,16:40:49,12498.8,12498.8,3
2025-11-12T16:41:01.966936,16:41:01,12511.79,12511.79,3
2025-11-12T16:41:14.589317,16:41:14,12567.71,12567.71,3
2025-11-12T16:41:26.596209,16:41:26,12569.59,12569.59,3
2025-11-12T16:41:38.622883,16:41:38,12552.9,12552.9,3
2025-11-12T16:41:51.060276,16:41:51,12549.1,12549.1,3
2025-11-12T16:42:03.118127,16:42:03,12544.57,12544.57,3
2025-11-12T16:42:15.372736,16:42:15,12499.3,12499.3,3
2025-11-12T16:42:27.727960,16:42:27,12482.89,12482.89,3
2025-11-12T16:42:39.788616,16:42:39,12500.55,12500.55,3
2025-11-12T16:42:52.354497,16:42:52,12497.98,12497.98,3
2025-11-12T16:43:05.555121,16:43:05,12499.21,12499.21,3
2025-11-12T16:43:18.673156,16:43:18,12420.2,12420.2,3
2025-11-12T16:43:31.665751,16:43:31,12382.81,12382.81,3
2025-11-12T16:43:44.839459,16:43:44,12384.68,12384.68,3
2025-11-12T16:43:57.012893,16:43:57,12413.07,12413.07,3
2025-11-12T16:44:09.696558,16:44:09,12409.35,12409.35,3
2025-11-12T16:44:22.481755,16:44:22,12428.31,12428.31,3
2025-11-12T16:44:35.047309,16:44:35,12432.57,12432.57,3
2025-11-12T16:44:47.794551,16:44:47,12407.25,12407.25,3
2025-11-12T16:45:00.474403,16:45:00,12400.32,12400.32,3
2025-11-12T16:45:13.252255,16:45:13,12380.26,12380.26,3
2025-11-12T16:45:25.582215,16:45:25,12372.56,12372.56,3
2025-11-12T16:45:38.119119,16:45:38,12356.46,12356.46,3
2025-11-12T16:45:50.630119,16:45:50,12402.62,12402.62,3
2025-11-12T16:46:02.516270,16:46:02,12446.75,12446.75,3
2025-11-12T16:46:14.584258,16:46:14,12502.75,12502.75,3
2025-11-12T16:46:27.079167,16:46:27,12475.62,12475.62,3
2025-11-12T16:46:39.475502,16:46:39,12431.67,12431.67,3
2025-11-12T16:46:51.504171,16:46:51,12426.86,12426.86,3
2025-11-12T16:47:03.796577,16:47:03,12381.83,12381.83,3
2025-11-12T16:47:16.008803,16:47:16,12346.03,12346.03,3
2025-11-12T16:47:27.895497,16:47:27,12354.39,12354.39,3
2025-11-12T16:47:39.918915,16:47:39,12341.08,12341.08,3
2025-11-12T16:47:52.416653,16:47:52,12405.8,12405.8,3
2025-11-12T16:48:04.980312,16:48:04,12427.69,12427.69,3
2025-11-12T16:48:17.566028,16:48:17,12432.21,12432.21,3
2025-11-12T16:48:29.714110,16:48:29,12441.45,12441.45,3
2025-11-12T16:48:41.859043,16:48:41,12456.51,12456.51,3
2025-11-12T16:48:53.969859,16:48:53,12470.06,12470.06,3
2025-11-12T16:49:06.272957,16:49:06,12487.83,12487.83,3
2025-11-12T16:49:18.344366,16:49:18,12506.21,12506.21,3
2025-11-12T16:49:30.341091,16:49:30,12503.67,12503.67,3
2025-11-12T16:49:42.638321,16:49:42,12467.11,12467.11,3
2025-11-12T16:49:55.382907,16:49:55,12458.84,12458.84,3
2025-11-12T16:50:07.812227,16:50:07,12472.73,12472.73,3
2025-11-12T16:50:20.299126,16:50:20,12479.02,12479.02,3
2025-11-12T16:50:32.519322,16:50:32,12442.29,12442.29,3
2025-11-12T16:50:45.112293,16:50:45,12450.81,12450.81,3
2025-11-12T16:50:57.666319,16:50:57,12434.46,12434.46,3
2025-11-12T16:51:09.900562,16:51:09,12393.92,12393.92,3
2025-11-12T16:51:23.273061,16:51:23,12403.21,12403.21,3
2025-11-12T16:51:35.837580,16:51:35,12413.03,12413.03,3
2025-11-12T16:51:48.795425,16:51:48,12436.41,12436.41,3
2025-11-12T16:52:01.712616,16:52:01,12437.42,12437.42,3
2025-11-12T16:52:14.590941,16:52:14,12394.12,12394.12,3
2025-11-12T16:52:27.690132,16:52:27,12372.29,12372.29,3
2025-11-12T16:52:40.321530,16:52:40,12296.79,12296.79,3
2025-11-12T16:52:53.280413,16:52:53,12211.29,12211.29,3
2025-11-12T16:53:05.960100,16:53:05,12223.32,12223.32,3
2025-11-12T16:53:18.564344,16:53:18,12215.74,12215.74,3
2025-11-12T16:53:31.693915,16:53:31,12231.5,12231.5,3
2025-11-12T16:53:44.206968,16:53:44,12249.03,12249.03,3
2025-11-12T16:53:57.458621,16:53:57,12250.93,12250.93,3
2025-11-12T16:54:09.796856,16:54:09,12277.43,12277.43,3
2025-11-12T16:54:22.403936,16:54:22,12240.0,12240.0,3
2025-11-12T16:54:35.329175,16:54:35,12251.95,12251.95,3
2025-11-12T16:54:48.356999,16:54:48,12261.79,12261.79,3
2025-11-12T16:55:01.306635,16:55:01,12262.62,12262.62,3
2025-11-12T16:55:14.047341,16:55:14,12357.03,12357.03,3
2025-11-12T16:55:27.111263,16:55:27,12349.29,12349.29,3
2025-11-12T16:55:39.794150,16:55:39,12331.94,12331.94,3
2025-11-12T16:55:52.716461,16:55:52,12304.83,12304.83,3
2025-11-12T16:56:05.882273,16:56:05,12317.49,12317.49,3
2025-11-12T16:56:19.129993,16:56:19,12272.92,12272.92,3
2025-11-12T16:56:32.049574,16:56:32,12254.81,12254.81,3
2025-11-12T16:56:45.086913,16:56:45,12251.64,12251.64,3
2025-11-12T16:56:57.835299,16:56:57,12232.2,12232.2,3
2025-11-12T16:57:10.795190,16:57:10,12206.11,12206.11,3
2025-11-12T16:57:23.953061,16:57:23,12171.16,12171.16,3
2025-11-12T16:57:36.543642,16:57:36,12149.16,12149.16,3
2025-11-12T16:57:49.452605,16:57:49,12113.12,12113.12,3
2025-11-12T16:58:02.203997,16:58:02,12123.59,12123.59,3
2025-11-12T16:58:14.713671,16:58:14,12117.36,12117.36,3
2025-11-12T16:58:27.647070,16:58:27,12139.17,12139.17,3
2025-11-12T16:58:40.691951,16:58:40,12115.15,12115.15,3
2025-11-12T16:58:53.098222,16:58:53,12068.42,12068.42,3
2025-11-12T16:59:06.527586,16:59:06,12063.25,12063.25,3
2025-11-12T16:59:19.495275,16:59:19,12083.27,12083.27,3
2025-11-12T16:59:32.200945,16:59:32,12102.55,12102.55,3
2025-11-12T16:59:45.270765,16:59:45,12100.32,12100.32,3
2025-11-12T16:59:58.051393,16:59:58,12052.0,12052.0,3
2025-11-12T17:00:10.796364,17:00:10,12049.62,12049.62,3
2025-11-12T17:00:23.525043,17:00:23,12068.86,12068.86,3
2025-11-12T17:00:36.063218,17:00:36,12108.51,12108.51,3
2025-11-12T17:00:48.875116,17:00:48,12108.21,12108.21,3
2025-11-12T17:01:01.182994,17:01:01,12115.46,12115.46,3
2025-11-12T17:01:13.992477,17:01:13,12082.99,12082.99,3
2025-11-12T17:01:26.347319,17:01:26,12160.93,12160.93,3
2025-11-12T17:01:38.869780,17:01:38,12176.46,12176.46,3
2025-11-12T17:01:51.988123,17:01:51,12156.96,12156.96,3
2025-11-12T17:02:04.779005,17:02:04,12174.38,12174.38,3
2025-11-12T17:02:17.668682,17:02:17,12160.06,12160.06,3
2025-11-12T17:02:30.400023,17:02:30,12173.65,12173.65,3
2025-11-12T17:02:43.152032,17:02:43,12186.63,12186.63,3
2025-11-12T17:02:55.941939,17:02:55,12214.64,12214.64,3
2025-11-12T17:03:09.123128,17:03:09,12217.15,12217.15,3
2025-11-12T17:03:22.024189,17:03:22,12176.74,12176.74,3
2025-11-12T17:03:34.983199,17:03:34,12164.94,12164.94,3
2025-11-12T17:03:48.057453,17:03:48,12168.72,12168.72,3
2025-11-12T17:04:00.809816,17:04:00,12178.04,12178.04,3
2025-11-12T17:04:13.609083,17:04:13,12203.33,12203.33,3
2025-11-12T17:04:26.448958,17:04:26,12163.35,12163.35,3
2025-11-12T17:04:39.129143,17:04:39,12177.67,12177.67,3
2025-11-12T17:04:52.398746,17:04:52,12194.6,12194.6,3
2025-11-12T17:05:04.973380,17:05:04,12178.44,12178.44,3
2025-11-12T17:05:17.366537,17:05:17,12181.79,12181.79,3
2025-11-12T17:05:30.383920,17:05:30,12212.6,12212.6,3
2025-11-12T17:05:42.961339,17:05:42,12212.87,12212.87,3
2025-11-12T17:05:56.282586,17:05:56,12256.74,12256.74,3
2025-11-12T17:06:08.758125,17:06:08,12255.3,12255.3,3
2025-11-12T17:06:21.369278,17:06:21,12255.33,12255.33,3
2025-11-12T17:06:34.120098,17:06:34,12254.09,12254.09,3
2025-11-12T17:06:47.302281,17:06:47,12271.23,12271.23,3
2025-11-12T17:06:59.750340,17:06:59,12280.1,12280.1,3
2025-11-12T17:07:12.691121,17:07:12,12264.98,12264.98,3
2025-11-12T17:07:25.517820,17:07:25,12213.09,12213.09,3
2025-11-12T17:07:38.218590,17:07:38,12241.05,12241.05,3
2025-11-12T17:07:51.141660,17:07:51,12249.32,12249.32,3
2025-11-12T17:08:03.798926,17:08:03,12218.99,12218.99,3
2025-11-12T17:08:16.077622,17:08:16,12157.94,12157.94,3
2025-11-12T17:08:28.452283,17:08:28,12151.83,12151.83,3
2025-11-12T17:08:40.568314,17:08:40,12151.25,12151.25,3
2025-11-12T17:08:52.876819,17:08:52,12144.38,12144.38,3
2025-11-12T17:09:04.917163,17:09:04,12114.56,12114.56,3
2025-11-12T17:09:17.112004,17:09:17,12138.51,12138.51,3
2025-11-12T17:09:29.122158,17:09:29,12119.67,12119.67,3
2025-11-12T17:09:41.166372,17:09:41,12125.07,12125.07,3
2025-11-12T17:09:53.273046,17:09:53,12114.58,12114.58,3
2025-11-12T17:10:05.332029,17:10:05,12105.15,12105.15,3
2025-11-12T17:10:17.474049,17:10:17,12108.0,12108.0,3
2025-11-12T17:10:29.606805,17:10:29,12079.05,12079.05,3
2025-11-12T17:10:41.605407,17:10:41,12094.06,12094.06,3
2025-11-12T17:10:53.459689,17:10:53,12092.14,12092.14,3
2025-11-12T17:11:05.835149,17:11:05,12077.73,12077.73,3
2025-11-12T17:11:17.661493,17:11:17,12068.69,12068.69,3
2025-11-12T17:11:29.965107,17:11:29,12020.77,12020.77,3
2025-11-12T17:11:42.520991,17:11:42,12019.4,12019.4,3
2025-11-12T17:11:54.500415,17:11:54,12021.6,12021.6,3
2025-11-12T17:12:06.726028,17:12:06,12020.87,12020.87,3
2025-11-12T17:12:18.821922,17:12:18,12049.98,12049.98,3
2025-11-12T17:12:31.123530,17:12:31,12033.13,12033.13,3
2025-11-12T17:12:43.114769,17:12:43,12041.78,12041.78,3
2025-11-12T17:12:55.277221,17:12:55,12012.0,12012.0,3
2025-11-12T17:13:07.749328,17:13:07,12020.01,12020.01,3
2025-11-12T17:13:19.779242,17:13:19,12029.71,12029.71,3
2025-11-12T17:13:31.716259,17:13:31,12042.35,12042.35,3
2025-11-12T17:13:43.685510,17:13:43,12015.02,12015.02,3
2025-11-12T17:13:55.689689,17:13:55,12012.66,12012.66,3
2025-11-12T17:14:07.853101,17:14:07,12009.77,12009.77,3
2025-11-12T17:14:20.446857,17:14:20,11988.59,11988.59,3
2025-11-12T17:14:32.822389,17:14:32,11984.83,11984.83,3
2025-11-12T17:14:45.125926,17:14:45,11993.62,11993.62,3
2025-11-12T17:14:57.196398,17:14:57,11976.07,11976.07,3
2025-11-12T17:15:09.371502,17:15:09,11987.77,11987.77,3
2025-11-12T17:15:21.480764,17:15:21,12032.29,12032.29,3
2025-11-12T17:15:33.594444,17:15:33,12041.82,12041.82,3
2025-11-12T17:15:45.765018,17:15:45,12045.41,12045.41,3
2025-11-12T17:15:58.408982,17:15:58,12060.83,12060.83,3
2025-11-12T17:16:10.420661,17:16:10,12047.93,12047.93,3
2025-11-12T17:16:22.898362,17:16:22,12064.64,12064.64,3
2025-11-12T17:16:35.111490,17:16:35,12046.91,12046.91,3
2025-11-12T17:16:47.308897,17:16:47,12025.2,12025.2,3
2025-11-12T17:16:59.628587,17:16:59,12037.8,12037.8,3
2025-11-12T17:17:11.693816,17:17:11,12036.22,12036.22,3
2025-11-12T17:17:23.934101,17:17:23,12016.66,12016.66,3
2025-11-12T17:17:35.899479,17:17:35,12013.87,12013.87,3
2025-11-12T17:17:48.342821,17:17:48,12078.14,12078.14,3
2025-11-12T17:18:00.382950,17:18:00,12083.18,12083.18,3
2025-11-12T17:18:12.793510,17:18:12,12076.63,12076.63,3
2025-11-12T17:18:24.815974,17:18:24,12065.82,12065.82,3
2025-11-12T17:18:36.889063,17:18:36,12066.84,12066.84,3
2025-11-12T17:18:48.767581,17:18:48,12062.2,12062.2,3
2025-11-12T17:19:00.999326,17:19:00,12067.26,12067.26,3
2025-11-12T17:19:13.329730,17:19:13,12050.8,12050.8,3
2025-11-12T17:19:25.664147,17:19:25,12057.53,12057.53,3
2025-11-12T17:19:37.505276,17:19:37,12036.7,12036.7,3
2025-11-12T17:19:49.542778,17:19:49,12040.93,12040.93,3
2025-11-12T17:20:01.863159,17:20:01,12077.21,12077.21,3
2025-11-12T17:20:13.662805,17:20:13,12118.62,12118.62,3
2025-11-12T17:20:25.753698,17:20:25,12119.3,12119.3,3
2025-11-12T17:20:37.981192,17:20:37,12119.14,12119.14,3
2025-11-12T17:20:50.179639,17:20:50,12076.84,12076.84,3
2025-11-12T17:21:02.526459,17:21:02,12120.41,12120.41,3
2025-11-12T17:21:14.634124,17:21:14,12156.56,12156.56,3
2025-11-12T17:21:27.045193,17:21:27,12153.87,12153.87,3
2025-11-12T17:21:39.215765,17:21:39,12183.43,12183.43,3
2025-11-12T17:21:51.581122,17:21:51,12181.46,12181.46,3
2025-11-12T17:22:03.749184,17:22:03,12179.39,12179.39,3
2025-11-12T17:22:16.004271,17:22:16,12202.87,12202.87,3
2025-11-12T17:22:27.980314,17:22:27,12282.84,12282.84,3
2025-11-12T17:22:40.315416,17:22:40,12277.28,12277.28,3
2025-11-12T17:22:52.759591,17:22:52,12260.81,12260.81,3
2025-11-12T17:23:04.909112,17:23:04,12197.62,12197.62,3
2025-11-12T17:23:16.806413,17:23:16,12309.6,12309.6,3
2025-11-12T17:23:28.812789,17:23:28,12300.34,12300.34,3
2025-11-12T17:23:41.123968,17:23:41,12280.35,12280.35,3
2025-11-12T17:23:53.299415,17:23:53,12278.52,12278.52,3
2025-11-12T17:24:05.269949,17:24:05,12282.28,12282.28,3
2025-11-12T17:24:17.542096,17:24:17,12256.04,12256.04,3
2025-11-12T17:24:29.770952,17:24:29,12254.76,12254.76,3
2025-11-12T17:24:41.992799,17:24:41,12257.79,12257.79,3
2025-11-12T17:24:54.482073,17:24:54,12260.99,12260.99,3
2025-11-12T17:25:06.905346,17:25:06,12220.54,12220.54,3
2025-11-12T17:25:19.084424,17:25:19,12219.54,12219.54,3
2025-11-12T17:25:31.571385,17:25:31,12271.14,12271.14,3
2025-11-12T17:25:43.676256,17:25:43,12263.41,12263.41,3
2025-11-12T17:25:55.603945,17:25:55,12260.72,12260.72,3
2025-11-12T17:26:07.744267,17:26:07,12273.21,12273.21,3
2025-11-12T17:26:20.057245,17:26:20,12251.89,12251.89,3
2025-11-12T17:26:32.482732,17:26:32,12255.11,12255.11,3
2025-11-12T17:26:44.815471,17:26:44,12254.25,12254.25,3
2025-11-12T17:26:56.901784,17:26:56,12253.78,12253.78,3
2025-11-12T17:27:08.754097,17:27:08,12268.8,12268.8,3
2025-11-12T17:27:20.935304,17:27:20,12289.16,12289.16,3
2025-11-12T17:27:32.940981,17:27:32,12319.46,12319.46,3
2025-11-12T17:27:45.608341,17:27:45,12363.68,12363.68,3
2025-11-12T17:27:57.645837,17:27:57,12357.09,12357.09,3
2025-11-12T17:28:09.766164,17:28:09,12353.67,12353.67,3
2025-11-12T17:28:21.620010,17:28:21,12347.13,12347.13,3
2025-11-12T17:28:33.819767,17:28:33,12350.96,12350.96,3
2025-11-12T17:28:45.799299,17:28:45,12347.45,12347.45,3
2025-11-12T17:28:58.302902,17:28:58,12358.04,12358.04,3
2025-11-12T17:29:10.824247,17:29:10,12345.15,12345.15,3
2025-11-12T17:29:22.918836,17:29:22,12351.45,12351.45,3
2025-11-12T17:29:34.976971,17:29:34,12345.57,12345.57,3
2025-11-12T17:29:46.936087,17:29:46,12334.6,12334.6,3
2025-11-12T17:29:59.141180,17:29:59,12385.86,12385.86,3
2025-11-12T17:30:14.232776,17:30:14,12390.41,12390.41,3
2025-11-12T17:30:26.244553,17:30:26,12405.93,12405.93,3
2025-11-12T17:30:38.344149,17:30:38,12370.58,12370.58,3
2025-11-12T17:30:50.548689,17:30:50,12373.75,12373.75,3
2025-11-12T17:31:02.665697,17:31:02,12367.84,12367.84,3
2025-11-12T17:31:14.696254,17:31:14,12382.38,12382.38,3
2025-11-12T17:31:26.890965,17:31:26,12377.83,12377.83,3
2025-11-12T17:31:39.004122,17:31:39,12383.2,12383.2,3
2025-11-12T17:31:51.043343,17:31:51,12368.61,12368.61,3
2025-11-12T17:32:03.157347,17:32:03,12384.45,12384.45,3
2025-11-12T17:32:15.692203,17:32:15,12371.89,12371.89,3
2025-11-12T17:32:28.009450,17:32:28,12349.27,12349.27,3
2025-11-12T17:32:40.212585,17:32:40,12360.9,12360.9,3
2025-11-12T17:32:52.478244,17:32:52,12361.98,12361.98,3
2025-11-12T17:33:05.087233,17:33:05,12367.74,12367.74,3
2025-11-12T17:33:17.760485,17:33:17,12381.73,12381.73,3
2025-11-12T17:33:29.964738,17:33:29,12370.2,12370.2,3
2025-11-12T17:33:42.435290,17:33:42,12340.84,12340.84,3
2025-11-12T17:33:54.867304,17:33:54,12299.67,12299.67,3
2025-11-12T17:34:07.201485,17:34:07,12271.8,12271.8,3
2025-11-12T17:34:19.672542,17:34:19,12223.12,12223.12,3
2025-11-12T17:34:31.740823,17:34:31,12242.47,12242.47,3
2025-11-12T17:34:44.026302,17:34:44,12269.8,12269.8,3
2025-11-12T17:34:56.582272,17:34:56,12294.65,12294.65,3
2025-11-12T17:35:08.910256,17:35:08,12365.59,12365.59,3
2025-11-12T17:35:20.982084,17:35:20,12374.75,12374.75,3
2025-11-12T17:35:33.079968,17:35:33,12336.87,12336.87,3
2025-11-12T17:35:45.166819,17:35:45,12317.03,12317.03,3
2025-11-12T17:35:57.646707,17:35:57,12294.37,12294.37,3
2025-11-12T17:36:10.218178,17:36:10,12275.74,12275.74,3
2025-11-12T17:36:22.712751,17:36:22,12270.55,12270.55,3
2025-11-12T17:36:34.896855,17:36:34,12278.29,12278.29,3
2025-11-12T17:36:47.169642,17:36:47,12290.03,12290.03,3
2025-11-12T17:36:59.326718,17:36:59,12256.27,12256.27,3
2025-11-12T17:37:11.430001,17:37:11,12227.18,12227.18,3
2025-11-12T17:37:23.640123,17:37:23,12234.39,12234.39,3
2025-11-12T17:37:35.743848,17:37:35,12211.02,12211.02,3
2025-11-12T17:37:47.617661,17:37:47,12210.54,12210.54,3
2025-11-12T17:37:59.879041,17:37:59,12201.7,12201.7,3
2025-11-12T17:38:12.244378,17:38:12,12255.36,12255.36,3
2025-11-12T17:38:24.538965,17:38:24,12252.71,12252.71,3
2025-11-12T17:38:36.792534,17:38:36,12250.94,12250.94,3
2025-11-12T17:38:48.916066,17:38:48,12382.01,12382.01,3
2025-11-12T17:39:00.928088,17:39:00,12400.69,12400.69,3
2025-11-12T17:39:13.113810,17:39:13,12405.7,12405.7,3
2025-11-12T17:39:25.291260,17:39:25,12434.11,12434.11,3
2025-11-12T17:39:37.584241,17:39:37,12500.73,12500.73,3
2025-11-12T17:39:49.775613,17:39:49,12505.66,12505.66,3
2025-11-12T17:40:02.067760,17:40:02,12522.22,12522.22,3
2025-11-12T17:40:14.429977,17:40:14,12516.06,12516.06,3
2025-11-12T17:40:26.522978,17:40:26,12528.2,12528.2,3
2025-11-12T17:40:38.550784,17:40:38,12538.24,12538.24,3
2025-11-12T17:40:50.740417,17:40:50,12545.2,12545.2,3
2025-11-12T17:41:03.347756,17:41:03,12532.25,12532.25,3
2025-11-12T17:41:15.910283,17:41:15,12575.65,12575.65,3
2025-11-12T17:41:28.522224,17:41:28,12599.89,12599.89,3
2025-11-12T17:41:41.102841,17:41:41,12600.91,12600.91,3
2025-11-12T17:41:53.230541,17:41:53,12593.19,12593.19,3
2025-11-12T17:42:05.531558,17:42:05,12522.19,12522.19,3
2025-11-12T17:42:17.474351,17:42:17,12558.55,12558.55,3
2025-11-12T17:42:29.550764,17:42:29,12560.15,12560.15,3
2025-11-12T17:42:41.650323,17:42:41,12561.77,12561.77,3
2025-11-12T17:42:53.861025,17:42:53,12556.38,12556.38,3
2025-11-12T17:43:05.751551,17:43:05,12542.96,12542.96,3
2025-11-12T17:43:17.513458,17:43:17,12523.91,12523.91,3
2025-11-12T17:43:29.456497,17:43:29,12524.28,12524.28,3
2025-11-12T17:43:41.520525,17:43:41,12553.47,12553.47,3
2025-11-12T17:43:53.672339,17:43:53,12568.16,12568.16,3
2025-11-12T17:44:06.183114,17:44:06,12600.87,12600.87,3
2025-11-12T17:44:18.439484,17:44:18,12545.22,12545.22,3
2025-11-12T17:44:30.636882,17:44:30,12575.75,12575.75,3
2025-11-12T17:44:42.704212,17:44:42,12571.93,12571.93,3
2025-11-12T17:44:55.070910,17:44:55,12570.16,12570.16,3
2025-11-12T17:45:07.544727,17:45:07,12580.93,12580.93,3
2025-11-12T17:45:19.545826,17:45:19,12586.84,12586.84,3
2025-11-12T17:45:31.614240,17:45:31,12548.64,12548.64,3
2025-11-12T17:45:43.770411,17:45:43,12486.82,12486.82,3
2025-11-12T17:45:55.875327,17:45:55,12425.96,12425.96,3
2025-11-12T17:46:08.408674,17:46:08,12405.42,12405.42,3
2025-11-12T17:46:20.513294,17:46:20,12406.8,12406.8,3
2025-11-12T17:46:33.048447,17:46:33,12421.06,12421.06,3
2025-11-12T17:46:45.161403,17:46:45,12434.26,12434.26,3
2025-11-12T17:46:57.355360,17:46:57,12444.27,12444.27,3
2025-11-12T17:47:09.298510,17:47:09,12497.74,12497.74,3
2025-11-12T17:47:21.788133,17:47:21,12514.04,12514.04,3
2025-11-12T17:47:34.312297,17:47:34,12469.25,12469.25,3
2025-11-12T17:47:46.787305,17:47:46,12494.59,12494.59,3
2025-11-12T17:47:58.969939,17:47:58,12511.09,12511.09,3
2025-11-12T17:48:11.064813,17:48:11,12497.35,12497.35,3
2025-11-12T17:48:22.993258,17:48:22,12480.88,12480.88,3
2025-11-12T17:48:35.193812,17:48:35,12516.75,12516.75,3
2025-11-12T17:48:47.040126,17:48:47,12568.79,12568.79,3
2025-11-12T17:48:59.501958,17:48:59,12599.35,12599.35,3
2025-11-12T17:49:11.449873,17:49:11,12630.53,12630.53,3
2025-11-12T17:49:23.603769,17:49:23,12650.72,12650.72,3
2025-11-12T17:49:35.985436,17:49:35,12667.64,12667.64,3
2025-11-12T17:49:48.103905,17:49:48,12704.33,12704.33,3
2025-11-12T17:50:00.104171,17:50:00,12710.88,12710.88,3
2025-11-12T17:50:12.208993,17:50:12,12769.79,12769.79,3
2025-11-12T17:50:24.284203,17:50:24,12751.1,12751.1,3
2025-11-12T17:50:36.899669,17:50:36,12797.48,12797.48,3
2025-11-12T17:50:48.945984,17:50:48,12781.16,12781.16,3
2025-11-12T17:51:01.289262,17:51:01,12796.02,12796.02,3
2025-11-12T17:51:13.407683,17:51:13,12759.51,12759.51,3
2025-11-12T17:51:25.582602,17:51:25,12762.39,12762.39,3
2025-11-12T17:51:37.706477,17:51:37,12719.09,12719.09,3
2025-11-12T17:51:49.764783,17:51:49,12763.33,12763.33,3
2025-11-12T17:52:01.803871,17:52:01,12769.17,12769.17,3
2025-11-12T17:52:13.880865,17:52:13,12768.61,12768.61,3
2025-11-12T17:52:26.110670,17:52:26,12742.68,12742.68,3
2025-11-12T17:52:38.302717,17:52:38,12772.71,12772.71,3
2025-11-12T17:52:50.536912,17:52:50,12745.47,12745.47,3
2025-11-12T17:53:02.734017,17:53:02,12699.12,12699.12,3
2025-11-12T17:53:14.715897,17:53:14,12708.43,12708.43,3
2025-11-12T17:53:26.748544,17:53:26,12689.94,12689.94,3
2025-11-12T17:53:38.777460,17:53:38,12607.25,12607.25,3
2025-11-12T17:53:50.982288,17:53:50,12622.8,12622.8,3
2025-11-12T17:54:03.243019,17:54:03,12617.75,12617.75,3
2025-11-12T17:54:15.442366,17:54:15,12629.12,12629.12,3
2025-11-12T17:54:27.610853,17:54:27,12624.48,12624.48,3
2025-11-12T17:54:39.650417,17:54:39,12629.42,12629.42,3
2025-11-12T17:54:51.741094,17:54:51,12644.07,12644.07,3
2025-11-12T17:55:03.716154,17:55:03,12620.22,12620.22,3
2025-11-12T17:55:16.160863,17:55:16,12602.36,12602.36,3
2025-11-12T17:55:28.340802,17:55:28,12645.1,12645.1,3
2025-11-12T17:55:40.390664,17:55:40,12552.98,12552.98,3
2025-11-12T17:55:52.718256,17:55:52,12503.59,12503.59,3
2025-11-12T17:56:04.926824,17:56:04,12489.17,12489.17,3
2025-11-12T17:56:16.884696,17:56:16,12487.48,12487.48,3
2025-11-12T17:56:29.284539,17:56:29,12515.6,12515.6,3
2025-11-12T17:56:41.406657,17:56:41,12452.29,12452.29,3
2025-11-12T17:56:53.499562,17:56:53,12436.45,12436.45,3
2025-11-12T17:57:05.813779,17:57:05,12460.32,12460.32,3
2025-11-12T17:57:17.918054,17:57:17,12453.69,12453.69,3
2025-11-12T17:57:30.275112,17:57:30,12437.13,12437.13,3
2025-11-12T17:57:42.250920,17:57:42,12352.63,12352.63,3
2025-11-12T17:57:54.518592,17:57:54,12356.52,12356.52,3
2025-11-12T17:58:06.409605,17:58:06,12308.19,12308.19,3
2025-11-12T17:58:18.487850,17:58:18,12317.57,12317.57,3
2025-11-12T17:58:30.413358,17:58:30,12311.96,12311.96,3
2025-11-12T17:58:42.794702,17:58:42,12318.79,12318.79,3
2025-11-12T17:58:54.774124,17:58:54,12297.0,12297.0,3
2025-11-12T17:59:06.671710,17:59:06,12266.55,12266.55,3
2025-11-12T17:59:18.760661,17:59:18,12266.86,12266.86,3
2025-11-12T17:59:31.017174,17:59:31,12267.13,12267.13,3
2025-11-12T17:59:43.183545,17:59:43,12265.62,12265.62,3
2025-11-12T17:59:55.058337,17:59:55,12278.28,12278.28,3
2025-11-12T18:00:06.973437,18:00:06,12269.78,12269.78,3
2025-11-12T18:00:19.135843,18:00:19,12229.5,12229.5,3
2025-11-12T18:00:31.621413,18:00:31,12205.17,12205.17,3
2025-11-12T18:00:43.960959,18:00:43,12244.54,12244.54,3
2025-11-12T18:00:55.999227,18:00:55,12218.42,12218.42,3
2025-11-12T18:01:08.134334,18:01:08,12277.02,12277.02,3
2025-11-12T18:01:20.080696,18:01:20,12285.71,12285.71,3
2025-11-12T18:01:32.175975,18:01:32,12260.92,12260.92,3
2025-11-12T18:01:44.212188,18:01:44,12244.12,12244.12,3
2025-11-12T18:01:56.204357,18:01:56,12258.24,12258.24,3
2025-11-12T18:02:08.349620,18:02:08,12250.52,12250.52,3
2025-11-12T18:02:20.326275,18:02:20,12243.32,12243.32,3
2025-11-12T18:02:32.152161,18:02:32,12275.59,12275.59,3
2025-11-12T18:02:44.164428,18:02:44,12262.88,12262.88,3
2025-11-12T18:02:56.394456,18:02:56,12255.91,12255.91,3
2025-11-12T18:03:08.478960,18:03:08,12248.56,12248.56,3
2025-11-12T18:03:20.484770,18:03:20,12254.71,12254.71,3
2025-11-12T18:03:33.097999,18:03:33,12249.12,12249.12,3
2025-11-12T18:03:45.015574,18:03:45,12265.46,12265.46,3
2025-11-12T18:03:57.316514,18:03:57,12256.38,12256.38,3
2025-11-12T18:04:09.585231,18:04:09,12268.02,12268.02,3
2025-11-12T18:04:21.728645,18:04:21,12271.84,12271.84,3
2025-11-12T18:04:33.841006,18:04:33,12273.46,12273.46,3
2025-11-12T18:04:46.055795,18:04:46,12250.61,12250.61,3
2025-11-12T18:04:58.345863,18:04:58,12248.38,12248.38,3
2025-11-12T18:05:10.591149,18:05:10,12253.56,12253.56,3
2025-11-12T18:05:22.628592,18:05:22,12271.43,12271.43,3
2025-11-12T18:05:35.080226,18:05:35,12245.54,12245.54,3
2025-11-12T18:05:47.161491,18:05:47,12271.76,12271.76,3
2025-11-12T18:05:59.318482,18:05:59,12319.56,12319.56,3
2025-11-12T18:06:11.747325,18:06:11,12355.43,12355.43,3
2025-11-12T18:06:23.925601,18:06:23,12376.21,12376.21,3
2025-11-12T18:06:36.108703,18:06:36,12363.29,12363.29,3
2025-11-12T18:06:47.912419,18:06:47,12333.07,12333.07,3
2025-11-12T18:06:59.982196,18:06:59,12328.9,12328.9,3
2025-11-12T18:07:11.964864,18:07:11,12335.07,12335.07,3
2025-11-12T18:07:23.971849,18:07:23,12300.23,12300.23,3
2025-11-12T18:07:35.985139,18:07:35,12288.92,12288.92,3
2025-11-12T18:07:48.438353,18:07:48,12263.95,12263.95,3
2025-11-12T18:08:01.170836,18:08:01,12257.4,12257.4,3
2025-11-12T18:08:13.380213,18:08:13,12241.98,12241.98,3
2025-11-12T18:08:25.358089,18:08:25,12260.59,12260.59,3
2025-11-12T18:08:37.401663,18:08:37,12264.84,12264.84,3
2025-11-12T18:08:49.468899,18:08:49,12255.33,12255.33,3
2025-11-12T18:09:01.453352,18:09:01,12260.5,12260.5,3
2025-11-12T18:09:13.599183,18:09:13,12246.38,12246.38,3
2025-11-12T18:09:25.503173,18:09:25,12228.98,12228.98,3
2025-11-12T18:09:37.801049,18:09:37,12224.43,12224.43,3
2025-11-12T18:09:50.189988,18:09:50,12222.49,12222.49,3
2025-11-12T18:10:02.138020,18:10:02,12208.81,12208.81,3
2025-11-12T18:10:14.076874,18:10:14,12173.44,12173.44,3
2025-11-12T18:10:26.538284,18:10:26,12189.85,12189.85,3
2025-11-12T18:10:38.621503,18:10:38,12191.07,12191.07,3
2025-11-12T18:10:51.049745,18:10:51,12170.38,12170.38,3
2025-11-12T18:11:03.147408,18:11:03,12078.01,12078.01,3
2025-11-12T18:11:15.243434,18:11:15,12097.93,12097.93,3
2025-11-12T18:11:27.333699,18:11:27,12086.15,12086.15,3
2025-11-12T18:11:39.718579,18:11:39,12100.64,12100.64,3
2025-11-12T18:11:51.716064,18:11:51,12107.46,12107.46,3
2025-11-12T18:12:04.082324,18:12:04,12109.22,12109.22,3
2025-11-12T18:12:16.203094,18:12:16,12125.5,12125.5,3
2025-11-12T18:12:28.332091,18:12:28,12130.63,12130.63,3
2025-11-12T18:12:40.519019,18:12:40,12113.28,12113.28,3
2025-11-12T18:12:52.780064,18:12:52,12118.71,12118.71,3
2025-11-12T18:13:04.792670,18:13:04,12126.9,12126.9,3
2025-11-12T18:13:16.708968,18:13:16,12119.8,12119.8,3
2025-11-12T18:13:28.649506,18:13:28,12128.61,12128.61,3
2025-11-12T18:13:40.780571,18:13:40,12186.71,12186.71,3
2025-11-12T18:13:52.841619,18:13:52,12187.7,12187.7,3
2025-11-12T18:14:05.167191,18:14:05,12179.05,12179.05,3
2025-11-12T18:14:17.354200,18:14:17,12169.68,12169.68,3
2025-11-12T18:14:29.375162,18:14:29,12167.62,12167.62,3
2025-11-12T18:14:41.715226,18:14:41,12167.52,12167.52,3
2025-11-12T18:14:53.757421,18:14:53,12139.74,12139.74,3
2025-11-12T18:15:05.744421,18:15:05,12131.18,12131.18,3
2025-11-12T18:15:17.960009,18:15:17,12139.21,12139.21,3
2025-11-12T18:15:29.975262,18:15:29,12142.85,12142.85,3
2025-11-12T18:15:42.029805,18:15:42,12162.86,12162.86,3
2025-11-12T18:15:54.108911,18:15:54,12181.02,12181.02,3
2025-11-12T18:16:06.258574,18:16:06,12213.05,12213.05,3
2025-11-12T18:16:18.513537,18:16:18,12297.79,12297.79,3
2025-11-12T18:16:30.716497,18:16:30,12290.29,12290.29,3
2025-11-12T18:16:42.837186,18:16:42,12278.43,12278.43,3
2025-11-12T18:16:54.998316,18:16:54,12227.11,12227.11,3
2025-11-12T18:17:06.868458,18:17:06,12228.74,12228.74,3
2025-11-12T18:17:18.876315,18:17:18,12255.99,12255.99,3
2025-11-12T18:17:31.079590,18:17:31,12286.62,12286.62,3
2025-11-12T18:17:43.183254,18:17:43,12300.31,12300.31,3
2025-11-12T18:17:55.210679,18:17:55,12295.01,12295.01,3
2025-11-12T18:18:07.333912,18:18:07,12313.62,12313.62,3
2025-11-12T18:18:19.300678,18:18:19,12343.26,12343.26,3
2025-11-12T18:18:31.374935,18:18:31,12351.88,12351.88,3
2025-11-12T18:18:43.321046,18:18:43,12357.62,12357.62,3
2025-11-12T18:18:55.651742,18:18:55,12377.11,12377.11,3
2025-11-12T18:19:07.932286,18:19:07,12372.22,12372.22,3
2025-11-12T18:19:20.011936,18:19:20,12385.07,12385.07,3
2025-11-12T18:19:31.958764,18:19:31,12383.54,12383.54,3
2025-11-12T18:19:44.117981,18:19:44,12383.43,12383.43,3
2025-11-12T18:19:56.245934,18:19:56,12381.29,12381.29,3
2025-11-12T18:20:08.287639,18:20:08,12383.64,12383.64,3
2025-11-12T18:20:20.307420,18:20:20,12428.64,12428.64,3
2025-11-12T18:20:32.400794,18:20:32,12462.05,12462.05,3
2025-11-12T18:20:44.851269,18:20:44,12468.99,12468.99,3
2025-11-12T18:20:56.805331,18:20:56,12466.09,12466.09,3
2025-11-12T18:21:08.699016,18:21:08,12460.7,12460.7,3
2025-11-12T18:21:20.759954,18:21:20,12462.12,12462.12,3
2025-11-12T18:21:32.797690,18:21:32,12403.43,12403.43,3
2025-11-12T18:21:45.085890,18:21:45,12417.8,12417.8,3
2025-11-12T18:21:57.163583,18:21:57,12423.63,12423.63,3
2025-11-12T18:22:09.554988,18:22:09,12452.77,12452.77,3
2025-11-12T18:22:21.589087,18:22:21,12463.95,12463.95,3
2025-11-12T18:22:33.516701,18:22:33,12466.98,12466.98,3
2025-11-12T18:22:45.773383,18:22:45,12452.61,12452.61,3
2025-11-12T18:22:57.935377,18:22:57,12468.34,12468.34,3
2025-11-12T18:23:10.014691,18:23:10,12419.01,12419.01,3
2025-11-12T18:23:22.004673,18:23:22,12423.36,12423.36,3
2025-11-12T18:23:34.324376,18:23:34,12423.19,12423.19,3
2025-11-12T18:23:46.314021,18:23:46,12363.41,12363.41,3
2025-11-12T18:23:58.395588,18:23:58,12369.87,12369.87,3
2025-11-12T18:24:10.443103,18:24:10,12334.19,12334.19,3
2025-11-12T18:24:22.573286,18:24:22,12334.09,12334.09,3
2025-11-12T18:24:34.543337,18:24:34,12372.82,12372.82,3
2025-11-12T18:24:46.552662,18:24:46,12344.48,12344.48,3
2025-11-12T18:24:58.694847,18:24:58,12346.93,12346.93,3
2025-11-12T18:25:11.181640,18:25:11,12340.79,12340.79,3
2025-11-12T18:25:23.146378,18:25:23,12382.11,12382.11,3
2025-11-12T18:25:35.392303,18:25:35,12383.03,12383.03,3
2025-11-12T18:25:47.454084,18:25:47,12390.4,12390.4,3
2025-11-12T18:25:59.377293,18:25:59,12382.55,12382.55,3
2025-11-12T18:26:11.465416,18:26:11,12389.37,12389.37,3
2025-11-12T18:26:23.505861,18:26:23,12386.0,12386.0,3
2025-11-12T18:26:35.481156,18:26:35,12396.19,12396.19,3
2025-11-12T18:26:47.679597,18:26:47,12398.67,12398.67,3
2025-11-12T18:26:59.665033,18:26:59,12404.1,12404.1,3
2025-11-12T18:27:11.865531,18:27:11,12450.68,12450.68,3
2025-11-12T18:27:24.014610,18:27:24,12438.72,12438.72,3
2025-11-12T18:27:36.313263,18:27:36,12417.25,12417.25,3
2025-11-12T18:27:48.786803,18:27:48,12388.26,12388.26,3
2025-11-12T18:28:00.563377,18:28:00,12373.08,12373.08,3
2025-11-12T18:28:12.907573,18:28:12,12378.39,12378.39,3
2025-11-12T18:28:24.940468,18:28:24,12393.54,12393.54,3
2025-11-12T18:28:36.948975,18:28:36,12362.22,12362.22,3
2025-11-12T18:28:49.131316,18:28:49,12366.08,12366.08,3
2025-11-12T18:29:01.294161,18:29:01,12390.35,12390.35,3
2025-11-12T18:29:13.754863,18:29:13,12376.61,12376.61,3
2025-11-12T18:29:26.182731,18:29:26,12365.44,12365.44,3
2025-11-12T18:29:38.382285,18:29:38,12363.61,12363.61,3
2025-11-12T18:29:50.868245,18:29:50,12366.73,12366.73,3
2025-11-12T18:30:03.208518,18:30:03,12369.23,12369.23,3
2025-11-12T18:30:15.259624,18:30:15,12399.6,12399.6,3
2025-11-12T18:30:27.378701,18:30:27,12402.01,12402.01,3
2025-11-12T18:30:39.200476,18:30:39,12391.21,12391.21,3
2025-11-12T18:30:51.606420,18:30:51,12407.82,12407.82,3
2025-11-12T18:31:03.545998,18:31:03,12393.68,12393.68,3
2025-11-12T18:31:15.796850,18:31:15,12306.59,12306.59,3
2025-11-12T18:31:27.780214,18:31:27,12277.38,12277.38,3
2025-11-12T18:31:39.725433,18:31:39,12286.54,12286.54,3
2025-11-12T18:31:51.960539,18:31:51,12280.89,12280.89,3
2025-11-12T18:32:04.047546,18:32:04,12281.93,12281.93,3
2025-11-12T18:32:16.077203,18:32:16,12258.32,12258.32,3
2025-11-12T18:32:27.984422,18:32:27,12257.23,12257.23,3
2025-11-12T18:32:39.915922,18:32:39,12214.78,12214.78,3
2025-11-12T18:32:51.877330,18:32:51,12159.21,12159.21,3
2025-11-12T18:33:04.031657,18:33:04,12156.54,12156.54,3
2025-11-12T18:33:16.057357,18:33:16,12133.27,12133.27,3
2025-11-12T18:33:27.986737,18:33:27,12120.52,12120.52,3
2025-11-12T18:33:39.857430,18:33:39,12074.53,12074.53,3
2025-11-12T18:33:51.737534,18:33:51,12091.02,12091.02,3
2025-11-12T18:34:03.901025,18:34:03,12214.0,12214.0,3
2025-11-12T18:34:15.680342,18:34:15,12198.29,12198.29,3
2025-11-12T18:34:27.722667,18:34:27,12222.01,12222.01,3
2025-11-12T18:34:39.635569,18:34:39,12184.81,12184.81,3
2025-11-12T18:34:51.709550,18:34:51,12202.7,12202.7,3
2025-11-12T18:35:03.784745,18:35:03,12237.22,12237.22,3
2025-11-12T18:35:15.781802,18:35:15,12250.31,12250.31,3
2025-11-12T18:35:27.948905,18:35:27,12234.02,12234.02,3
2025-11-12T18:35:40.053481,18:35:40,12207.4,12207.4,3
2025-11-12T18:35:52.630339,18:35:52,12185.77,12185.77,3
2025-11-12T18:36:04.658963,18:36:04,12144.97,12144.97,3
2025-11-12T18:36:16.638715,18:36:16,12142.69,12142.69,3
2025-11-12T18:36:28.593525,18:36:28,12123.08,12123.08,3
2025-11-12T18:36:41.005242,18:36:41,12146.62,12146.62,3
2025-11-12T18:36:53.306515,18:36:53,12177.75,12177.75,3
2025-11-12T18:37:05.436880,18:37:05,12194.87,12194.87,3
2025-11-12T18:37:17.648189,18:37:17,12223.97,12223.97,3
2025-11-12T18:37:29.910790,18:37:29,12270.45,12270.45,3
2025-11-12T18:37:42.254903,18:37:42,12229.99,12229.99,3
2025-11-12T18:37:54.493449,18:37:54,12195.81,12195.81,3
2025-11-12T18:38:06.570544,18:38:06,12193.32,12193.32,3
2025-11-12T18:38:18.723026,18:38:18,12200.02,12200.02,3
2025-11-12T18:38:31.114652,18:38:31,12230.48,12230.48,3
2025-11-12T18:38:43.220008,18:38:43,12173.73,12173.73,3
2025-11-12T18:38:55.215205,18:38:55,12194.31,12194.31,3
2025-11-12T18:39:07.500788,18:39:07,12172.32,12172.32,3
2025-11-12T18:39:19.611679,18:39:19,12168.39,12168.39,3
2025-11-12T18:39:31.646165,18:39:31,12156.26,12156.26,3
2025-11-12T18:39:43.700227,18:39:43,12109.38,12109.38,3
2025-11-12T18:39:55.740982,18:39:55,12106.24,12106.24,3
2025-11-12T18:40:07.735725,18:40:07,12101.04,12101.04,3
2025-11-12T18:40:19.670758,18:40:19,12111.35,12111.35,3
2025-11-12T18:40:31.682422,18:40:31,12135.55,12135.55,3
2025-11-12T18:40:43.736955,18:40:43,12139.87,12139.87,3
2025-11-12T18:40:55.831291,18:40:55,12183.44,12183.44,3
2025-11-12T18:41:07.770732,18:41:07,12190.76,12190.76,3
2025-11-12T18:41:20.511837,18:41:20,12242.25,12242.25,3
2025-11-12T18:41:32.625309,18:41:32,12208.48,12208.48,3
2025-11-12T18:41:44.790131,18:41:44,12221.24,12221.24,3
2025-11-12T18:41:56.807365,18:41:56,12148.61,12148.61,3
2025-11-12T18:42:08.856009,18:42:08,12135.76,12135.76,3
2025-11-12T18:42:21.342683,18:42:21,12144.76,12144.76,3
2025-11-12T18:42:33.386578,18:42:33,12147.39,12147.39,3
2025-11-12T18:42:45.898914,18:42:45,12135.94,12135.94,3
2025-11-12T18:42:57.782811,18:42:57,12135.81,12135.81,3
2025-11-12T18:43:09.942467,18:43:09,12118.21,12118.21,3
2025-11-12T18:43:21.893657,18:43:21,12116.87,12116.87,3
2025-11-12T18:43:33.986704,18:43:33,12151.89,12151.89,3
2025-11-12T18:43:45.870152,18:43:45,12125.44,12125.44,3
2025-11-12T18:43:58.429872,18:43:58,12166.61,12166.61,3
2025-11-12T18:44:10.637436,18:44:10,12148.62,12148.62,3
2025-11-12T18:44:22.987582,18:44:22,12177.18,12177.18,3
2025-11-12T18:44:35.161321,18:44:35,12167.91,12167.91,3
2025-11-12T18:44:47.256452,18:44:47,12155.55,12155.55,3
2025-11-12T18:44:59.312697,18:44:59,12152.17,12152.17,3
2025-11-12T18:45:11.737064,18:45:11,12147.03,12147.03,3
2025-11-12T18:45:23.805041,18:45:23,12144.97,12144.97,3
2025-11-12T18:45:35.972873,18:45:35,12133.69,12133.69,3
2025-11-12T18:45:47.838564,18:45:47,12165.62,12165.62,3
2025-11-12T18:45:59.897468,18:45:59,12165.45,12165.45,3
2025-11-12T18:46:11.935391,18:46:11,12181.11,12181.11,3
2025-11-12T18:46:23.984700,18:46:23,12221.95,12221.95,3
2025-11-12T18:46:36.289072,18:46:36,12174.38,12174.38,3
2025-11-12T18:46:48.518216,18:46:48,12170.78,12170.78,3
2025-11-12T18:47:00.385271,18:47:00,12144.89,12144.89,3
2025-11-12T18:47:12.766438,18:47:12,12122.59,12122.59,3
2025-11-12T18:47:25.256839,18:47:25,12109.75,12109.75,3
2025-11-12T18:47:37.265376,18:47:37,12106.12,12106.12,3
2025-11-12T18:47:49.268893,18:47:49,12090.65,12090.65,3
2025-11-12T18:48:01.610639,18:48:01,12068.3,12068.3,3
2025-11-12T18:48:14.058374,18:48:14,12041.58,12041.58,3
2025-11-12T18:48:26.351018,18:48:26,11995.4,11995.4,3
2025-11-12T18:48:38.609994,18:48:38,11985.15,11985.15,3
2025-11-12T18:48:50.907053,18:48:50,12003.87,12003.87,3
2025-11-12T18:49:03.318578,18:49:03,12005.79,12005.79,3
2025-11-12T18:49:15.587320,18:49:15,11957.87,11957.87,3
2025-11-12T18:49:27.756854,18:49:27,11930.94,11930.94,3
2025-11-12T18:49:39.888421,18:49:39,11923.62,11923.62,3
2025-11-12T18:49:51.874302,18:49:51,11926.68,11926.68,3
2025-11-12T18:50:03.870063,18:50:03,11875.86,11875.86,3
2025-11-12T18:50:15.713735,18:50:15,11900.41,11900.41,3
2025-11-12T18:50:27.833166,18:50:27,11924.47,11924.47,3
2025-11-12T18:50:39.979610,18:50:39,11952.31,11952.31,3
2025-11-12T18:50:52.001689,18:50:52,11976.09,11976.09,3
2025-11-12T18:51:04.395430,18:51:04,11997.74,11997.74,3
2025-11-12T18:51:17.162188,18:51:17,12072.8,12072.8,3
2025-11-12T18:51:29.547909,18:51:29,12102.05,12102.05,3
2025-11-12T18:51:41.876247,18:51:41,12048.07,12048.07,3
2025-11-12T18:51:54.390393,18:51:54,12085.06,12085.06,3
2025-11-12T18:52:07.077525,18:52:07,12105.23,12105.23,3
2025-11-12T18:52:19.441585,18:52:19,12143.0,12143.0,3
2025-11-12T18:52:31.634245,18:52:31,12104.99,12104.99,3
2025-11-12T18:52:44.359935,18:52:44,12075.85,12075.85,3
2025-11-12T18:52:56.881138,18:52:56,12103.85,12103.85,3
2025-11-12T18:53:09.239517,18:53:09,12101.24,12101.24,3
2025-11-12T18:53:21.430802,18:53:21,12064.9,12064.9,3
2025-11-12T18:53:33.609393,18:53:33,12050.0,12050.0,3
2025-11-12T18:53:45.752034,18:53:45,12038.07,12038.07,3
2025-11-12T18:53:57.941666,18:53:57,12038.52,12038.52,3
2025-11-12T18:54:10.430853,18:54:10,12064.2,12064.2,3
2025-11-12T18:54:22.695077,18:54:22,12029.31,12029.31,3
2025-11-12T18:54:34.925434,18:54:34,12015.6,12015.6,3
2025-11-12T18:54:47.075064,18:54:47,11996.92,11996.92,3
2025-11-12T18:54:59.298594,18:54:59,12006.91,12006.91,3
2025-11-12T18:55:11.795683,18:55:11,11947.18,11947.18,3
2025-11-12T18:55:23.813798,18:55:23,11969.59,11969.59,3
2025-11-12T18:55:35.975560,18:55:35,11973.41,11973.41,3
2025-11-12T18:55:48.744102,18:55:48,11987.21,11987.21,3
2025-11-12T18:56:00.837923,18:56:00,11969.83,11969.83,3
2025-11-12T18:56:13.002034,18:56:13,11944.17,11944.17,3
2025-11-12T18:56:25.266652,18:56:25,11955.6,11955.6,3
2025-11-12T18:56:37.557634,18:56:37,12000.58,12000.58,3
2025-11-12T18:56:49.571197,18:56:49,12031.46,12031.46,3
2025-11-12T18:57:02.176953,18:57:02,12055.63,12055.63,3
2025-11-12T18:57:14.302576,18:57:14,12099.62,12099.62,3
2025-11-12T18:57:26.385236,18:57:26,12094.48,12094.48,3
2025-11-12T18:57:38.598275,18:57:38,12080.92,12080.92,3
2025-11-12T18:57:50.810786,18:57:50,12055.34,12055.34,3
2025-11-12T18:58:02.966900,18:58:02,12077.48,12077.48,3
2025-11-12T18:58:15.293052,18:58:15,12122.75,12122.75,3
2025-11-12T18:58:27.446591,18:58:27,12121.62,12121.62,3
2025-11-12T18:58:39.470405,18:58:39,12185.59,12185.59,3
2025-11-12T18:58:51.345077,18:58:51,12197.26,12197.26,3
2025-11-12T18:59:03.514891,18:59:03,12220.7,12220.7,3
2025-11-12T18:59:15.718388,18:59:15,12252.98,12252.98,3
2025-11-12T18:59:28.373992,18:59:28,12253.55,12253.55,3
2025-11-12T18:59:40.795024,18:59:40,12281.12,12281.12,3
2025-11-12T18:59:52.976729,18:59:52,12256.86,12256.86,3
2025-11-12T19:00:05.153740,19:00:05,12239.38,12239.38,3
2025-11-12T19:00:17.343464,19:00:17,12255.97,12255.97,3
2025-11-12T19:00:29.310624,19:00:29,12277.63,12277.63,3
2025-11-12T19:00:41.801748,19:00:41,12280.19,12280.19,3
2025-11-12T19:00:53.928754,19:00:53,12225.55,12225.55,3
2025-11-12T19:01:05.998303,19:01:05,12240.21,12240.21,3
2025-11-12T19:01:18.075660,19:01:18,12283.74,12283.74,3
2025-11-12T19:01:30.409547,19:01:30,12257.13,12257.13,3
2025-11-12T19:01:42.852242,19:01:42,12223.87,12223.87,3
2025-11-12T19:01:54.600764,19:01:54,12227.51,12227.51,3
2025-11-12T19:02:07.058496,19:02:07,12244.29,12244.29,3
2025-11-12T19:02:19.207792,19:02:19,12175.86,12175.86,3
2025-11-12T19:02:31.303023,19:02:31,12225.87,12225.87,3
2025-11-12T19:02:43.719721,19:02:43,12279.78,12279.78,3
2025-11-12T19:02:55.807387,19:02:55,12275.01,12275.01,3
2025-11-12T19:03:07.967373,19:03:07,12246.29,12246.29,3
2025-11-12T19:03:20.401442,19:03:20,12215.2,12215.2,3
2025-11-12T19:03:32.513977,19:03:32,12202.42,12202.42,3
2025-11-12T19:03:44.787946,19:03:44,12130.64,12130.64,3
2025-11-12T19:03:57.133115,19:03:57,12127.91,12127.91,3
2025-11-12T19:04:09.569166,19:04:09,12142.67,12142.67,3
2025-11-12T19:04:21.873013,19:04:21,12183.21,12183.21,3
2025-11-12T19:04:33.846724,19:04:33,12190.1,12190.1,3
2025-11-12T19:04:46.332572,19:04:46,12179.64,12179.64,3
2025-11-12T19:04:58.904536,19:04:58,12154.83,12154.83,3
2025-11-12T19:05:10.889791,19:05:10,12141.67,12141.67,3
2025-11-12T19:05:23.220900,19:05:23,12105.44,12105.44,3
2025-11-12T19:05:35.647780,19:05:35,12091.19,12091.19,3
2025-11-12T19:05:47.960361,19:05:47,12061.11,12061.11,3
2025-11-12T19:06:00.042227,19:06:00,12055.01,12055.01,3
2025-11-12T19:06:12.553068,19:06:12,12059.32,12059.32,3
2025-11-12T19:06:24.723512,19:06:24,12099.79,12099.79,3
2025-11-12T19:06:36.701494,19:06:36,12136.53,12136.53,3
2025-11-12T19:06:49.247736,19:06:49,12109.78,12109.78,3
2025-11-12T19:07:01.209392,19:07:01,12124.12,12124.12,3
2025-11-12T19:07:13.405363,19:07:13,12305.12,12305.12,3
2025-11-12T19:07:25.537312,19:07:25,12291.72,12291.72,3
2025-11-12T19:07:37.933171,19:07:37,12307.29,12307.29,3
2025-11-12T19:07:50.611021,19:07:50,12307.94,12307.94,3
2025-11-12T19:08:03.190839,19:08:03,12336.92,12336.92,3
2025-11-12T19:08:15.833722,19:08:15,12337.63,12337.63,3
2025-11-12T19:08:27.852549,19:08:27,12326.69,12326.69,3
2025-11-12T19:08:40.014402,19:08:40,12338.86,12338.86,3
2025-11-12T19:08:52.155868,19:08:52,12346.26,12346.26,3
2025-11-12T19:09:04.705105,19:09:04,12314.24,12314.24,3
2025-11-12T19:09:17.386983,19:09:17,12293.41,12293.41,3
2025-11-12T19:09:29.848864,19:09:29,12286.32,12286.32,3
2025-11-12T19:09:42.231625,19:09:42,12285.44,12285.44,3
2025-11-12T19:09:54.340347,19:09:54,12278.43,12278.43,3
2025-11-12T19:10:06.608396,19:10:06,12283.17,12283.17,3
2025-11-12T19:10:19.074982,19:10:19,12318.42,12318.42,3
2025-11-12T19:10:31.377091,19:10:31,12342.79,12342.79,3
2025-11-12T19:10:43.794477,19:10:43,12346.19,12346.19,3
2025-11-12T19:10:56.322868,19:10:56,12347.64,12347.64,3
2025-11-12T19:11:08.913326,19:11:08,12350.39,12350.39,3
2025-11-12T19:11:21.086846,19:11:21,12331.32,12331.32,3
2025-11-12T19:11:33.626833,19:11:33,12446.0,12446.0,3
2025-11-12T19:11:45.767385,19:11:45,12478.98,12478.98,3
2025-11-12T19:11:57.810418,19:11:57,12456.51,12456.51,3
2025-11-12T19:12:10.300604,19:12:10,12447.75,12447.75,3
2025-11-12T19:12:22.783843,19:12:22,12408.35,12408.35,3
2025-11-12T19:12:35.304532,19:12:35,12354.55,12354.55,3
2025-11-12T19:12:47.612557,19:12:47,12346.77,12346.77,3
2025-11-12T19:12:59.757479,19:12:59,12344.92,12344.92,3
2025-11-12T19:13:12.159424,19:13:12,12362.71,12362.71,3
2025-11-12T19:13:24.348634,19:13:24,12438.6,12438.6,3
2025-11-12T19:13:36.333486,19:13:36,12443.02,12443.02,3
2025-11-12T19:13:48.852661,19:13:48,12409.39,12409.39,3
2025-11-12T19:14:01.787745,19:14:01,12472.01,12472.01,3
2025-11-12T19:14:14.340949,19:14:14,12489.04,12489.04,3
2025-11-12T19:14:26.509254,19:14:26,12507.35,12507.35,3
2025-11-12T19:14:38.849714,19:14:38,12458.24,12458.24,3
2025-11-12T19:14:51.479137,19:14:51,12499.78,12499.78,3
2025-11-12T19:15:04.463701,19:15:04,12389.82,12389.82,3
2025-11-12T19:15:17.077190,19:15:17,12339.83,12339.83,3
2025-11-12T19:15:29.419277,19:15:29,12436.12,12436.12,3
2025-11-12T19:15:41.402372,19:15:41,12448.37,12448.37,3
2025-11-12T19:15:53.586962,19:15:53,12403.0,12403.0,3
2025-11-12T19:16:05.805489,19:16:05,12423.58,12423.58,3
2025-11-12T19:16:17.676277,19:16:17,12460.07,12460.07,3
2025-11-12T19:16:30.248086,19:16:30,12457.5,12457.5,3
2025-11-12T19:16:42.558057,19:16:42,12461.87,12461.87,3
2025-11-12T19:16:54.805324,19:16:54,12472.08,12472.08,3
2025-11-12T19:17:07.106576,19:17:07,12473.96,12473.96,3
2025-11-12T19:17:19.456236,19:17:19,12464.48,12464.48,3
2025-11-12T19:17:31.591446,19:17:31,12461.97,12461.97,3
2025-11-12T19:17:43.795174,19:17:43,12450.03,12450.03,3
2025-11-12T19:17:55.802358,19:17:55,12445.59,12445.59,3
2025-11-12T19:18:08.326539,19:18:08,12465.79,12465.79,3
2025-11-12T19:18:20.484439,19:18:20,12467.37,12467.37,3
2025-11-12T19:18:32.463344,19:18:32,12470.74,12470.74,3
2025-11-12T19:18:44.885004,19:18:44,12487.18,12487.18,3
2025-11-12T19:18:57.037530,19:18:57,12487.61,12487.61,3
2025-11-12T19:19:08.983817,19:19:08,12525.0,12525.0,3
2025-11-12T19:19:21.398527,19:19:21,12520.34,12520.34,3
2025-11-12T19:19:33.663897,19:19:33,12542.81,12542.81,3
2025-11-12T19:19:45.532030,19:19:45,12569.17,12569.17,3
2025-11-12T19:19:57.672064,19:19:57,12555.51,12555.51,3
2025-11-12T19:20:10.023501,19:20:10,12527.03,12527.03,3
2025-11-12T19:20:22.490420,19:20:22,12483.65,12483.65,3
2025-11-12T19:20:34.508649,19:20:34,12474.26,12474.26,3
2025-11-12T19:20:46.735228,19:20:46,12517.78,12517.78,3
2025-11-12T19:20:59.116271,19:20:59,12468.04,12468.04,3
2025-11-12T19:21:11.450098,19:21:11,12460.42,12460.42,3
2025-11-12T19:21:23.622127,19:21:23,12491.94,12491.94,3
2025-11-12T19:21:36.174948,19:21:36,12430.55,12430.55,3
2025-11-12T19:21:48.476546,19:21:48,12425.52,12425.52,3
2025-11-12T19:22:00.734794,19:22:00,12389.74,12389.74,3
2025-11-12T19:22:13.385904,19:22:13,12344.58,12344.58,3
2025-11-12T19:22:25.859119,19:22:25,12329.95,12329.95,3
2025-11-12T19:22:38.366236,19:22:38,12356.67,12356.67,3
2025-11-12T19:22:50.629056,19:22:50,12334.27,12334.27,3
2025-11-12T19:23:03.047036,19:23:03,12384.66,12384.66,3
2025-11-12T19:23:15.352121,19:23:15,12384.77,12384.77,3
2025-11-12T19:23:27.308672,19:23:27,12398.9,12398.9,3
2025-11-12T19:23:40.039103,19:23:40,12425.04,12425.04,3
2025-11-12T19:23:52.288615,19:23:52,12377.31,12377.31,3
2025-11-12T19:24:04.592807,19:24:04,12405.44,12405.44,3
2025-11-12T19:24:16.730340,19:24:16,12403.99,12403.99,3
2025-11-12T19:24:29.011265,19:24:29,12405.4,12405.4,3
2025-11-12T19:24:41.357888,19:24:41,12393.57,12393.57,3
2025-11-12T19:24:53.971222,19:24:53,12378.91,12378.91,3
2025-11-12T19:25:06.343851,19:25:06,12413.6,12413.6,3
2025-11-12T19:25:18.718793,19:25:18,12404.8,12404.8,3
2025-11-12T19:25:30.991784,19:25:30,12366.39,12366.39,3
2025-11-12T19:25:43.409373,19:25:43,12360.21,12360.21,3
2025-11-12T19:25:55.741161,19:25:55,12383.52,12383.52,3
2025-11-12T19:26:08.444876,19:26:08,12392.47,12392.47,3
2025-11-12T19:26:21.250937,19:26:21,12392.92,12392.92,3
2025-11-12T19:26:33.549249,19:26:33,12394.03,12394.03,3
2025-11-12T19:26:46.031735,19:26:46,12394.82,12394.82,3
2025-11-12T19:26:58.441239,19:26:58,12395.09,12395.09,3
2025-11-12T19:27:10.720511,19:27:10,12408.46,12408.46,3
2025-11-12T19:27:23.333319,19:27:23,12416.93,12416.93,3
2025-11-12T19:27:36.387835,19:27:36,12406.36,12406.36,3
2025-11-12T19:27:48.810390,19:27:48,12404.49,12404.49,3
2025-11-12T19:28:01.287169,19:28:01,12403.18,12403.18,3
2025-11-12T19:28:13.846131,19:28:13,12387.64,12387.64,3
2025-11-12T19:28:26.610590,19:28:26,12388.21,12388.21,3
2025-11-12T19:28:39.200952,19:28:39,12410.23,12410.23,3
2025-11-12T19:28:52.624222,19:28:52,12395.47,12395.47,3
2025-11-12T19:29:05.904862,19:29:05,12382.91,12382.91,3
2025-11-12T19:29:18.936420,19:29:18,12407.94,12407.94,3
2025-11-12T19:29:32.296267,19:29:32,12396.08,12396.08,3
2025-11-12T19:29:45.166209,19:29:45,12410.38,12410.38,3
2025-11-12T19:29:58.854532,19:29:58,12411.68,12411.68,3
2025-11-12T19:30:11.657711,19:30:11,12362.36,12362.36,3
2025-11-12T19:30:25.181485,19:30:25,12358.77,12358.77,3
2025-11-12T19:30:38.446609,19:30:38,12336.28,12336.28,3
2025-11-12T19:30:50.815717,19:30:50,12269.11,12269.11,3
2025-11-12T19:31:03.267153,19:31:03,12111.91,12111.91,3
2025-11-12T19:31:15.532033,19:31:15,12169.65,12169.65,3
2025-11-12T19:31:27.745906,19:31:27,12139.12,12139.12,3
2025-11-12T19:31:40.225407,19:31:40,12133.1,12133.1,3
2025-11-12T19:31:52.310281,19:31:52,12154.55,12154.55,3
2025-11-12T19:32:04.451340,19:32:04,12129.47,12129.47,3
2025-11-12T19:32:16.544093,19:32:16,12022.83,12022.83,3
2025-11-12T19:32:28.602936,19:32:28,12066.12,12066.12,3
2025-11-12T19:32:40.735190,19:32:40,12083.04,12083.04,3
2025-11-12T19:32:52.973231,19:32:52,12101.22,12101.22,3
2025-11-12T19:33:05.319540,19:33:05,12144.21,12144.21,3
2025-11-12T19:33:17.602094,19:33:17,12189.48,12189.48,3
2025-11-12T19:33:30.265749,19:33:30,12196.88,12196.88,3
2025-11-12T19:33:42.854968,19:33:42,12197.99,12197.99,3
2025-11-12T19:33:54.929784,19:33:54,12188.51,12188.51,3
2025-11-12T19:34:07.221589,19:34:07,12134.28,12134.28,3
2025-11-12T19:34:19.756836,19:34:19,12085.65,12085.65,3
2025-11-12T19:34:31.981618,19:34:31,12074.77,12074.77,3
2025-11-12T19:34:44.303761,19:34:44,12073.1,12073.1,3
2025-11-12T19:34:56.735551,19:34:56,12090.96,12090.96,3
2025-11-12T19:35:09.101485,19:35:09,12095.53,12095.53,3
2025-11-12T19:35:21.539713,19:35:21,12098.44,12098.44,3
2025-11-12T19:35:33.786217,19:35:33,12048.9,12048.9,3
2025-11-12T19:35:46.051615,19:35:46,12081.81,12081.81,3
2025-11-12T19:35:58.414409,19:35:58,12073.39,12073.39,3
2025-11-12T19:36:10.942197,19:36:10,12062.62,12062.62,3
2025-11-12T19:36:23.130905,19:36:23,12024.2,12024.2,3
2025-11-12T19:36:35.483228,19:36:35,12036.32,12036.32,3
2025-11-12T19:36:47.827265,19:36:47,12059.23,12059.23,3
2025-11-12T19:37:00.335451,19:37:00,12025.5,12025.5,3
2025-11-12T19:37:12.823357,19:37:12,12069.17,12069.17,3
2025-11-12T19:37:25.120406,19:37:25,12068.9,12068.9,3
2025-11-12T19:37:37.800526,19:37:37,12082.17,12082.17,3
2025-11-12T19:37:50.355585,19:37:50,12094.76,12094.76,3
2025-11-12T19:38:02.707995,19:38:02,12102.37,12102.37,3
2025-11-12T19:38:14.973118,19:38:14,12114.06,12114.06,3
2025-11-12T19:38:27.285168,19:38:27,12111.78,12111.78,3
2025-11-12T19:38:39.464063,19:38:39,12078.35,12078.35,3
2025-11-12T19:38:51.549310,19:38:51,12076.33,12076.33,3
2025-11-12T19:39:03.631284,19:39:03,12139.4,12139.4,3
2025-11-12T19:39:15.689874,19:39:15,12114.71,12114.71,3
2025-11-12T19:39:27.882036,19:39:27,12143.65,12143.65,3
2025-11-12T19:39:40.305669,19:39:40,12138.52,12138.52,3
2025-11-12T19:39:52.477827,19:39:52,12142.27,12142.27,3
2025-11-12T19:40:04.799310,19:40:04,12116.58,12116.58,3
2025-11-12T19:40:17.411015,19:40:17,12132.96,12132.96,3
2025-11-12T19:40:29.435516,19:40:29,12168.65,12168.65,3
2025-11-12T19:40:41.393744,19:40:41,12193.85,12193.85,3
2025-11-12T19:40:53.611550,19:40:53,12207.38,12207.38,3
2025-11-12T19:41:05.632412,19:41:05,12198.33,12198.33,3
2025-11-12T19:41:17.688229,19:41:17,12198.11,12198.11,3
2025-11-12T19:41:30.024054,19:41:30,12208.36,12208.36,3
2025-11-12T19:41:42.777356,19:41:42,12228.7,12228.7,3
2025-11-12T19:41:55.152595,19:41:55,12210.39,12210.39,3
2025-11-12T19:42:07.371124,19:42:07,12171.99,12171.99,3
2025-11-12T19:42:19.712393,19:42:19,12155.06,12155.06,3
2025-11-12T19:42:32.222913,19:42:32,12179.78,12179.78,3
2025-11-12T19:42:44.398669,19:42:44,12231.6,12231.6,3
2025-11-12T19:42:56.366793,19:42:56,12237.35,12237.35,3
2025-11-12T19:43:08.517757,19:43:08,12239.23,12239.23,3
2025-11-12T19:43:21.147216,19:43:21,12237.95,12237.95,3
2025-11-12T19:43:33.408027,19:43:33,12218.17,12218.17,3
2025-11-12T19:43:45.524174,19:43:45,12273.04,12273.04,3
2025-11-12T19:43:57.784768,19:43:57,12222.49,12222.49,3
2025-11-12T19:44:10.008540,19:44:10,12224.19,12224.19,3
2025-11-12T19:44:22.513023,19:44:22,12233.6,12233.6,3
2025-11-12T19:44:34.790654,19:44:34,12205.85,12205.85,3
2025-11-12T19:44:47.238442,19:44:47,12205.8,12205.8,3
2025-11-12T19:44:59.473517,19:44:59,12221.96,12221.96,3
2025-11-12T19:45:11.487961,19:45:11,12198.36,12198.36,3
2025-11-12T19:45:23.702212,19:45:23,12182.97,12182.97,3
2025-11-12T19:45:35.964816,19:45:35,12149.34,12149.34,3
2025-11-12T19:45:48.444298,19:45:48,12166.78,12166.78,3
2025-11-12T19:46:00.552429,19:46:00,12194.96,12194.96,3
2025-11-12T19:46:13.082699,19:46:13,12141.02,12141.02,3
2025-11-12T19:46:25.165259,19:46:25,12154.61,12154.61,3
2025-11-12T19:46:37.396119,19:46:37,12183.57,12183.57,3
2025-11-12T19:46:49.466829,19:46:49,12201.14,12201.14,3
2025-11-12T19:47:01.750159,19:47:01,12158.16,12158.16,3
2025-11-12T19:47:13.941251,19:47:13,12208.14,12208.14,3
2025-11-12T19:47:26.554267,19:47:26,12171.36,12171.36,3
2025-11-12T19:47:38.609044,19:47:38,12200.09,12200.09,3
2025-11-12T19:47:50.636198,19:47:50,12250.98,12250.98,3
2025-11-12T19:48:02.762234,19:48:02,12228.6,12228.6,3
2025-11-12T19:48:15.169911,19:48:15,12250.78,12250.78,3
2025-11-12T19:48:27.613517,19:48:27,12268.39,12268.39,3
2025-11-12T19:48:39.704419,19:48:39,12207.45,12207.45,3
2025-11-12T19:48:51.932048,19:48:51,12204.11,12204.11,3
2025-11-12T19:49:04.022959,19:49:04,12177.65,12177.65,3
2025-11-12T19:49:16.261741,19:49:16,12164.85,12164.85,3
2025-11-12T19:49:28.787851,19:49:28,12222.57,12222.57,3
2025-11-12T19:49:41.189803,19:49:41,12195.11,12195.11,3
2025-11-12T19:49:53.447892,19:49:53,12195.42,12195.42,3
2025-11-12T19:50:05.947002,19:50:05,12188.94,12188.94,3
2025-11-12T19:50:18.480729,19:50:18,12208.4,12208.4,3
2025-11-12T19:50:30.759411,19:50:30,12241.21,12241.21,3
2025-11-12T19:50:42.685270,19:50:42,12256.85,12256.85,3
2025-11-12T19:50:54.708617,19:50:54,12211.04,12211.04,3
2025-11-12T19:51:06.772533,19:51:06,12199.84,12199.84,3
2025-11-12T19:51:18.688440,19:51:18,12247.26,12247.26,3
2025-11-12T19:51:30.762662,19:51:30,12224.09,12224.09,3
2025-11-12T19:51:43.143572,19:51:43,12210.13,12210.13,3
2025-11-12T19:51:55.203838,19:51:55,12209.95,12209.95,3
2025-11-12T19:52:07.316994,19:52:07,12140.81,12140.81,3
2025-11-12T19:52:19.398113,19:52:19,12166.66,12166.66,3
2025-11-12T19:52:31.817863,19:52:31,12047.42,12047.42,3
2025-11-12T19:52:44.010573,19:52:44,12041.13,12041.13,3
2025-11-12T19:52:56.405319,19:52:56,12063.01,12063.01,3
2025-11-12T19:53:08.839760,19:53:08,12040.48,12040.48,3
2025-11-12T19:53:20.915251,19:53:20,12040.31,12040.31,3
2025-11-12T19:53:33.205611,19:53:33,12049.46,12049.46,3
2025-11-12T19:53:45.736704,19:53:45,12042.22,12042.22,3
2025-11-12T19:53:57.874525,19:53:57,12048.12,12048.12,3
2025-11-12T19:54:10.390204,19:54:10,12041.04,12041.04,3
2025-11-12T19:54:22.795020,19:54:22,12037.17,12037.17,3
2025-11-12T19:54:34.910936,19:54:34,12096.5,12096.5,3
2025-11-12T19:54:47.656609,19:54:47,12071.01,12071.01,3
2025-11-12T19:54:59.832257,19:54:59,12073.8,12073.8,3
2025-11-12T19:55:11.987842,19:55:11,12057.86,12057.86,3
2025-11-12T19:55:24.452690,19:55:24,12002.29,12002.29,3
2025-11-12T19:55:36.756801,19:55:36,12015.57,12015.57,3
2025-11-12T19:55:48.793988,19:55:48,12004.79,12004.79,3
2025-11-12T19:56:01.283025,19:56:01,11991.23,11991.23,3
2025-11-12T19:56:13.554740,19:56:13,12005.92,12005.92,3
2025-11-12T19:56:25.790035,19:56:25,12039.27,12039.27,3
2025-11-12T19:56:37.864884,19:56:37,12037.57,12037.57,3
2025-11-12T19:56:49.874353,19:56:49,12035.4,12035.4,3
2025-11-12T19:57:02.237946,19:57:02,11999.28,11999.28,3
2025-11-12T19:57:15.188926,19:57:15,11989.35,11989.35,3
2025-11-12T19:57:28.064717,19:57:28,11995.26,11995.26,3
2025-11-12T19:57:40.280862,19:57:40,12003.84,12003.84,3
2025-11-12T19:57:52.753933,19:57:52,12040.17,12040.17,3
2025-11-12T19:58:05.322367,19:58:05,11987.12,11987.12,3
2025-11-12T19:58:17.542632,19:58:17,11955.58,11955.58,3
2025-11-12T19:58:29.642757,19:58:29,11999.51,11999.51,3
2025-11-12T19:58:42.401955,19:58:42,11960.63,11960.63,3
2025-11-12T19:58:54.635406,19:58:54,11955.69,11955.69,3
2025-11-12T19:59:06.959655,19:59:06,11972.13,11972.13,3
2025-11-12T19:59:19.552857,19:59:19,11990.67,11990.67,3
2025-11-12T19:59:31.959737,19:59:31,11973.43,11973.43,3
2025-11-12T19:59:44.154643,19:59:44,11977.61,11977.61,3
2025-11-12T19:59:56.422867,19:59:56,11966.89,11966.89,3
2025-11-12T20:00:08.554978,20:00:08,11989.69,11989.69,3
2025-11-12T20:00:20.852290,20:00:20,12008.39,12008.39,3
2025-11-12T20:00:33.118549,20:00:33,12001.2,12001.2,3
2025-11-12T20:00:45.826585,20:00:45,12004.51,12004.51,3
2025-11-12T20:00:57.943168,20:00:57,12046.15,12046.15,3
2025-11-12T20:01:10.119046,20:01:10,11992.22,11992.22,3
2025-11-12T20:01:22.387460,20:01:22,11942.54,11942.54,3
2025-11-12T20:01:34.315289,20:01:34,11869.92,11869.92,3
2025-11-12T20:01:46.586930,20:01:46,11980.01,11980.01,3
2025-11-12T20:01:58.667674,20:01:58,11978.72,11978.72,3
2025-11-12T20:02:11.103862,20:02:11,12058.17,12058.17,3
2025-11-12T20:02:23.258012,20:02:23,12006.47,12006.47,3
2025-11-12T20:02:35.677845,20:02:35,12065.25,12065.25,3
2025-11-12T20:02:47.730047,20:02:47,12062.9,12062.9,3
2025-11-12T20:03:00.235723,20:03:00,12043.94,12043.94,3
2025-11-12T20:03:12.536745,20:03:12,12118.53,12118.53,3
2025-11-12T20:03:24.621839,20:03:24,12136.43,12136.43,3
2025-11-12T20:03:36.686163,20:03:36,12072.05,12072.05,3
2025-11-12T20:03:48.858746,20:03:48,12049.52,12049.52,3
2025-11-12T20:04:01.172048,20:04:01,12103.61,12103.61,3
2025-11-12T20:04:13.227879,20:04:13,12016.6,12016.6,3
2025-11-12T20:04:25.411284,20:04:25,11967.41,11967.41,3
2025-11-12T20:04:37.369908,20:04:37,11975.1,11975.1,3
2025-11-12T20:04:50.102805,20:04:50,11970.58,11970.58,3
2025-11-12T20:05:02.457384,20:05:02,11852.6,11852.6,3
2025-11-12T20:05:14.982039,20:05:14,11940.82,11940.82,3
2025-11-12T20:05:27.164445,20:05:27,11911.6,11911.6,3
2025-11-12T20:05:39.546133,20:05:39,11919.62,11919.62,3
2025-11-12T20:05:52.112506,20:05:52,11955.26,11955.26,3
2025-11-12T20:06:04.551812,20:06:04,11882.65,11882.65,3
2025-11-12T20:06:16.629510,20:06:16,11842.51,11842.51,3
2025-11-12T20:06:29.164020,20:06:29,11841.21,11841.21,3
2025-11-12T20:06:41.556497,20:06:41,11820.0,11820.0,3
2025-11-12T20:06:53.879537,20:06:53,11834.49,11834.49,3
2025-11-12T20:07:05.950055,20:07:05,11786.48,11786.48,3
2025-11-12T20:07:18.143603,20:07:18,11806.21,11806.21,3
2025-11-12T20:07:30.602435,20:07:30,11782.82,11782.82,3
2025-11-12T20:07:43.044548,20:07:43,11773.27,11773.27,3
2025-11-12T20:13:06.629472,20:13:06,11857.47,11857.47,3
2025-11-12T20:13:18.891619,20:13:18,11896.53,11896.53,3
2025-11-12T20:13:31.151257,20:13:31,11921.01,11921.01,3
2025-11-12T20:13:43.893298,20:13:43,11954.27,11954.27,3
2025-11-12T20:13:56.147246,20:13:56,11925.38,11925.38,3
2025-11-12T20:14:08.689818,20:14:08,11956.59,11956.59,3
2025-11-12T20:14:21.193507,20:14:21,11999.71,11999.71,3
2025-11-12T20:14:33.337700,20:14:33,11967.41,11967.41,3
2025-11-12T20:14:46.035338,20:14:46,11921.03,11921.03,3
2025-11-12T20:14:58.111017,20:14:58,11946.48,11946.48,3
2025-11-12T20:15:10.398005,20:15:10,11986.91,11986.91,3
2025-11-12T20:15:22.845188,20:15:22,12003.7,12003.7,3
2025-11-12T20:15:35.700135,20:15:35,12016.47,12016.47,3
2025-11-12T20:15:48.028565,20:15:48,12068.58,12068.58,3
2025-11-12T20:16:00.617881,20:16:00,12057.41,12057.41,3
2025-11-12T20:16:12.937879,20:16:12,12092.23,12092.23,3
2025-11-12T20:16:25.535094,20:16:25,12143.61,12143.61,3
2025-11-12T20:16:37.536983,20:16:37,12137.09,12137.09,3
2025-11-12T20:16:49.793848,20:16:49,11977.17,11977.17,3
2025-11-12T20:17:02.051873,20:17:02,11874.61,11874.61,3
2025-11-12T20:17:14.728944,20:17:14,11664.08,11664.08,3
2025-11-12T20:17:26.969492,20:17:26,11561.36,11561.36,3
2025-11-12T20:17:39.196505,20:17:39,11496.06,11496.06,3
2025-11-12T20:17:52.218290,20:17:52,11378.75,11378.75,3
2025-11-12T20:18:05.049877,20:18:05,11327.57,11327.57,3
2025-11-12T20:18:18.039955,20:18:18,11427.74,11427.74,3
2025-11-12T20:18:30.777246,20:18:30,11240.53,11240.53,3
2025-11-12T20:18:43.482702,20:18:43,11073.28,11073.28,3
2025-11-12T20:18:56.226247,20:18:56,10959.02,10959.02,3
2025-11-12T20:19:09.016775,20:19:09,10627.72,10627.72,3
2025-11-12T20:19:22.346268,20:19:22,10465.29,10465.29,3
2025-11-12T20:19:35.051120,20:19:35,10347.94,10347.94,3
2025-11-12T20:19:48.183460,20:19:48,10583.22,10583.22,3
2025-11-12T20:20:01.156661,20:20:01,10774.43,10774.43,3
2025-11-12T20:20:18.710728,20:20:18,10940.23,10940.23,3
2025-11-12T20:20:31.916405,20:20:31,10897.6,10897.6,3
2025-11-12T20:20:44.500642,20:20:44,11091.6,11091.6,3
2025-11-12T20:20:57.095840,20:20:57,11039.26,11039.26,3
2025-11-12T20:21:09.960448,20:21:09,11147.8,11147.8,3
2025-11-12T20:21:23.172738,20:21:23,11053.05,11053.05,3
2025-11-12T20:21:36.141330,20:21:36,10985.98,10985.98,3
2025-11-12T20:21:49.477152,20:21:49,10774.35,10774.35,3
2025-11-12T20:22:02.396798,20:22:02,10731.46,10731.46,3
2025-11-12T20:22:15.337061,20:22:15,10714.57,10714.57,3
2025-11-12T20:22:28.970025,20:22:28,10819.04,10819.04,3
2025-11-12T20:22:42.076804,20:22:42,10922.22,10922.22,3
2025-11-12T20:22:54.900344,20:22:54,10976.58,10976.58,3
2025-11-12T20:23:07.970186,20:23:07,10861.24,10861.24,3
2025-11-12T20:23:20.850151,20:23:20,10917.87,10917.87,3
2025-11-12T20:23:34.004856,20:23:34,10968.6,10968.6,3
2025-11-12T20:23:47.248748,20:23:47,11080.09,11080.09,3
2025-11-12T20:24:00.415408,20:24:00,11032.85,11032.85,3
2025-11-12T20:24:13.208367,20:24:13,11052.59,11052.59,3
2025-11-12T20:24:26.230495,20:24:26,11105.72,11105.72,3
2025-11-12T20:24:39.438305,20:24:39,11176.05,11176.05,3
2025-11-12T20:24:52.742267,20:24:52,11139.12,11139.12,3
2025-11-12T20:25:05.428304,20:25:05,11112.67,11112.67,3
2025-11-12T20:25:17.880022,20:25:17,10923.71,10923.71,3
2025-11-12T20:25:31.164632,20:25:31,10940.34,10940.34,3
2025-11-12T20:25:44.547882,20:25:44,10842.44,10842.44,3
2025-11-12T20:25:57.373136,20:25:57,10835.5,10835.5,3
2025-11-12T20:26:10.371449,20:26:10,11031.33,11031.33,3
2025-11-12T20:26:23.232182,20:26:23,11010.6,11010.6,3
2025-11-12T20:26:36.861718,20:26:36,10974.26,10974.26,3
2025-11-12T20:26:50.215043,20:26:50,10931.83,10931.83,3
2025-11-12T20:27:03.508396,20:27:03,10924.47,10924.47,3
2025-11-12T20:27:16.624268,20:27:16,10949.9,10949.9,3
2025-11-12T20:27:29.700007,20:27:29,10924.94,10924.94,3
2025-11-12T20:27:42.316195,20:27:42,10883.45,10883.45,3
2025-11-12T20:27:55.625816,20:27:55,10860.08,10860.08,3
2025-11-12T20:28:08.244677,20:28:08,10858.73,10858.73,3
2025-11-12T20:28:21.565783,20:28:21,10855.03,10855.03,3
2025-11-12T20:28:34.745690,20:28:34,10913.24,10913.24,3
2025-11-12T20:28:47.763398,20:28:47,10783.39,10783.39,3
2025-11-12T20:29:00.115030,20:29:00,10903.77,10903.77,3
2025-11-12T20:29:12.765321,20:29:12,10810.28,10810.28,3
2025-11-12T20:29:25.124122,20:29:25,10770.89,10770.89,3
2025-11-12T20:29:37.452857,20:29:37,10796.19,10796.19,3
2025-11-12T20:29:49.553843,20:29:49,10784.74,10784.74,3
2025-11-12T20:30:01.784505,20:30:01,10841.4,10841.4,3
2025-11-12T20:30:14.382315,20:30:14,10836.3,10836.3,3
2025-11-12T20:30:26.542283,20:30:26,10970.76,10970.76,3
2025-11-12T20:30:39.205037,20:30:39,11028.58,11028.58,3
2025-11-12T20:30:51.692760,20:30:51,10966.18,10966.18,3
2025-11-12T20:31:04.484355,20:31:04,10814.73,10814.73,3
2025-11-12T20:31:16.885804,20:31:16,10893.48,10893.48,3
2025-11-12T20:31:29.217718,20:31:29,10793.0,10793.0,3
2025-11-12T20:31:41.637494,20:31:41,10809.07,10809.07,3
2025-11-12T20:31:54.198902,20:31:54,10800.29,10800.29,3
2025-11-12T20:32:06.813835,20:32:06,10674.32,10674.32,3
2025-11-12T20:32:19.308021,20:32:19,10659.07,10659.07,3
2025-11-12T20:32:32.094251,20:32:32,10807.3,10807.3,3
2025-11-12T20:32:44.364824,20:32:44,10812.04,10812.04,3
2025-11-12T20:32:56.887166,20:32:56,10841.92,10841.92,3
2025-11-12T20:33:09.505531,20:33:09,10753.41,10753.41,3
2025-11-12T20:33:22.363630,20:33:22,10793.9,10793.9,3
2025-11-12T20:33:34.564554,20:33:34,10764.09,10764.09,3
2025-11-12T20:33:46.735694,20:33:46,10877.69,10877.69,3
2025-11-12T20:33:59.062690,20:33:59,10948.72,10948.72,3
2025-11-12T20:34:11.464524,20:34:11,11081.2,11081.2,3
2025-11-12T20:34:23.966867,20:34:23,11149.46,11149.46,3
2025-11-12T20:34:36.553846,20:34:36,11308.13,11308.13,3
2025-11-12T20:34:48.795993,20:34:48,11313.63,11313.63,3
2025-11-12T20:35:01.304338,20:35:01,11198.96,11198.96,3
2025-11-12T20:35:13.525698,20:35:13,11025.02,11025.02,3
2025-11-12T20:35:26.025084,20:35:26,10953.47,10953.47,3
2025-11-12T20:35:38.424002,20:35:38,10965.02,10965.02,3
2025-11-12T20:35:50.875821,20:35:50,10883.73,10883.73,3
2025-11-12T20:36:03.482778,20:36:03,10812.45,10812.45,3
2025-11-12T20:36:15.771631,20:36:15,10911.4,10911.4,3
2025-11-12T20:36:28.114901,20:36:28,11049.38,11049.38,3
2025-11-12T20:36:40.672083,20:36:40,11051.52,11051.52,3
2025-11-12T20:36:53.133186,20:36:53,11045.57,11045.57,3
2025-11-12T20:37:05.434710,20:37:05,10956.8,10956.8,3
2025-11-12T20:37:17.816305,20:37:17,10929.68,10929.68,3
2025-11-12T20:37:30.423030,20:37:30,10941.67,10941.67,3
2025-11-12T20:37:42.791939,20:37:42,10920.85,10920.85,3
2025-11-12T20:37:55.551232,20:37:55,10838.54,10838.54,3
2025-11-12T20:38:08.311406,20:38:08,10831.68,10831.68,3
2025-11-12T20:38:21.288310,20:38:21,10925.1,10925.1,3
2025-11-12T20:38:33.733971,20:38:33,10886.36,10886.36,3
2025-11-12T20:38:46.120948,20:38:46,10851.39,10851.39,3
2025-11-12T20:38:58.675589,20:38:58,10829.16,10829.16,3
2025-11-12T20:39:10.877566,20:39:10,10840.99,10840.99,3
2025-11-12T20:39:23.222240,20:39:23,10968.44,10968.44,3
2025-11-12T20:39:35.987276,20:39:35,11036.95,11036.95,3
2025-11-12T20:39:48.434667,20:39:48,11025.15,11025.15,3
2025-11-12T20:40:00.952421,20:40:00,11045.59,11045.59,3
2025-11-12T20:40:13.684198,20:40:13,11141.32,11141.32,3
2025-11-12T20:40:26.033619,20:40:26,11132.11,11132.11,3
2025-11-12T20:40:38.634903,20:40:38,11172.59,11172.59,3
2025-11-12T20:40:50.962647,20:40:50,11176.12,11176.12,3
2025-11-12T20:41:03.625998,20:41:03,11189.14,11189.14,3
2025-11-12T20:41:15.984005,20:41:15,11195.53,11195.53,3
2025-11-12T20:41:28.510945,20:41:28,11173.09,11173.09,3
2025-11-12T20:41:41.283510,20:41:41,11159.48,11159.48,3
2025-11-12T20:41:53.608907,20:41:53,11139.71,11139.71,3
2025-11-12T20:42:06.483247,20:42:06,11138.49,11138.49,3
2025-11-12T20:42:19.541017,20:42:19,11075.64,11075.64,3
2025-11-12T20:42:32.770303,20:42:32,10954.97,10954.97,3
2025-11-12T20:42:45.083354,20:42:45,10838.1,10838.1,3
2025-11-12T20:42:57.223132,20:42:57,10869.28,10869.28,3
2025-11-12T20:43:09.587049,20:43:09,10841.94,10841.94,3
2025-11-12T20:43:21.834096,20:43:21,10773.17,10773.17,3
2025-11-12T20:43:34.273883,20:43:34,10654.68,10654.68,3
2025-11-12T20:43:46.556731,20:43:46,10620.99,10620.99,3
2025-11-12T20:43:59.421938,20:43:59,10601.58,10601.58,3
2025-11-12T20:44:12.109514,20:44:12,10492.16,10492.16,3
2025-11-12T20:44:24.631663,20:44:24,10407.07,10407.07,3
2025-11-12T20:44:37.335224,20:44:37,10497.8,10497.8,3
2025-11-12T20:44:49.864144,20:44:49,10444.54,10444.54,3
2025-11-12T20:45:02.664154,20:45:02,10463.36,10463.36,3
2025-11-12T20:45:15.366070,20:45:15,10364.96,10364.96,3
2025-11-12T20:45:27.716117,20:45:27,10525.52,10525.52,3
2025-11-12T20:45:39.985752,20:45:39,10602.32,10602.32,3
2025-11-12T20:45:52.421300,20:45:52,10542.25,10542.25,3
2025-11-12T20:46:05.044129,20:46:05,10488.15,10488.15,3
2025-11-12T20:46:17.367187,20:46:17,10528.19,10528.19,3
2025-11-12T20:46:30.302637,20:46:30,10487.06,10487.06,3
2025-11-12T20:46:42.774034,20:46:42,10420.7,10420.7,3
2025-11-12T20:46:55.136086,20:46:55,10460.65,10460.65,3
2025-11-12T20:47:07.683585,20:47:07,10512.39,10512.39,3
2025-11-12T20:47:20.282223,20:47:20,10575.03,10575.03,3
2025-11-12T20:47:32.986427,20:47:32,10514.49,10514.49,3
2025-11-12T20:47:45.334534,20:47:45,10592.83,10592.83,3
2025-11-12T20:47:57.644756,20:47:57,10567.29,10567.29,3
2025-11-12T20:48:10.976243,20:48:10,10586.56,10586.56,3
2025-11-12T20:48:23.902289,20:48:23,10513.8,10513.8,3
2025-11-12T20:48:36.930929,20:48:36,10467.4,10467.4,3
2025-11-12T20:48:49.945550,20:48:49,10429.13,10429.13,3
2025-11-12T20:49:03.403338,20:49:03,10354.85,10354.85,3
2025-11-12T20:49:16.230123,20:49:16,10299.93,10299.93,3
2025-11-12T20:49:28.894146,20:49:28,10168.13,10168.13,3
2025-11-12T20:49:41.908424,20:49:41,10151.77,10151.77,3
2025-11-12T20:49:55.171089,20:49:55,10065.63,10065.63,3
2025-11-12T20:50:08.131584,20:50:08,10058.68,10058.68,3
2025-11-12T20:50:21.309123,20:50:21,10037.88,10037.88,3
2025-11-12T20:50:34.627531,20:50:34,10162.29,10162.29,3
2025-11-12T20:50:47.890166,20:50:47,10117.37,10117.37,3
2025-11-12T20:51:01.186411,20:51:01,10153.93,10153.93,3
2025-11-12T20:51:14.267457,20:51:14,9865.94,9865.94,3
2025-11-12T20:51:26.640864,20:51:26,9937.83,9937.83,3
2025-11-12T20:51:38.809262,20:51:38,10052.84,10052.84,3
2025-11-12T20:51:50.948880,20:51:50,10050.88,10050.88,3
2025-11-12T20:52:03.027452,20:52:03,9903.6,9903.6,3
2025-11-12T20:52:15.431226,20:52:15,10007.42,10007.42,3
2025-11-12T20:52:27.586752,20:52:27,9947.11,9947.11,3
2025-11-12T20:52:39.694980,20:52:39,9982.24,9982.24,3
2025-11-12T20:52:51.993545,20:52:51,10030.66,10030.66,3
2025-11-12T20:53:04.248773,20:53:04,10079.88,10079.88,3
2025-11-12T20:53:16.431169,20:53:16,10096.68,10096.68,3
2025-11-12T20:53:28.616660,20:53:28,10140.15,10140.15,3
2025-11-12T20:53:41.021252,20:53:41,10286.56,10286.56,3
2025-11-12T20:53:53.167421,20:53:53,10216.2,10216.2,3
2025-11-12T20:54:05.491931,20:54:05,10247.77,10247.77,3
2025-11-12T20:54:17.517380,20:54:17,10196.79,10196.79,3
2025-11-12T20:54:29.571162,20:54:29,10217.17,10217.17,3
2025-11-12T20:54:41.711732,20:54:41,10219.7,10219.7,3
2025-11-12T20:54:54.065312,20:54:54,10154.18,10154.18,3
2025-11-12T20:55:06.345592,20:55:06,10177.44,10177.44,3
2025-11-12T20:55:18.732885,20:55:18,10231.87,10231.87,3
2025-11-12T20:55:30.817914,20:55:30,10172.03,10172.03,3
2025-11-12T20:55:43.085085,20:55:43,10083.7,10083.7,3
2025-11-12T20:55:55.724495,20:55:55,9944.18,9944.18,3
2025-11-12T20:56:08.027823,20:56:08,9946.38,9946.38,3
2025-11-12T20:56:20.103835,20:56:20,9955.17,9955.17,3
2025-11-12T20:56:32.491216,20:56:32,9982.98,9982.98,3
2025-11-12T20:56:44.760171,20:56:44,9936.94,9936.94,3
2025-11-12T20:56:56.966086,20:56:56,9884.47,9884.47,3
2025-11-12T20:57:09.366307,20:57:09,9746.37,9746.37,3
2025-11-12T20:57:21.736749,20:57:21,9689.84,9689.84,3
2025-11-12T20:57:34.342959,20:57:34,9847.26,9847.26,3
2025-11-12T20:57:46.842608,20:57:46,9882.52,9882.52,3
2025-11-12T20:57:59.297724,20:57:59,9842.27,9842.27,3
2025-11-12T20:58:11.378456,20:58:11,9916.11,9916.11,3
2025-11-12T20:58:23.510917,20:58:23,10051.47,10051.47,3
2025-11-12T20:58:36.117790,20:58:36,9991.12,9991.12,3
2025-11-12T20:58:48.671286,20:58:48,10048.19,10048.19,3
2025-11-12T20:59:00.601907,20:59:00,10081.86,10081.86,3
2025-11-12T20:59:12.817741,20:59:12,10032.54,10032.54,3
2025-11-12T20:59:24.847882,20:59:24,10098.06,10098.06,3
2025-11-12T20:59:36.847937,20:59:36,10134.3,10134.3,3
2025-11-12T20:59:49.162953,20:59:49,10117.63,10117.63,3
2025-11-12T21:00:01.314055,21:00:01,9996.86,9996.86,3
2025-11-12T21:00:13.262681,21:00:13,9987.68,9987.68,3
2025-11-12T21:00:25.536400,21:00:25,9990.51,9990.51,3
2025-11-12T21:00:37.573961,21:00:37,9964.1,9964.1,3
2025-11-12T21:00:50.292847,21:00:50,9964.99,9964.99,3
2025-11-12T21:01:02.801595,21:01:02,10130.55,10130.55,3
2025-11-12T21:01:15.177200,21:01:15,10294.11,10294.11,3
2025-11-12T21:01:27.430669,21:01:27,10190.07,10190.07,3
2025-11-12T21:01:39.735944,21:01:39,10272.02,10272.02,3
2025-11-12T21:01:51.909368,21:01:51,10161.89,10161.89,3
2025-11-12T21:02:04.634735,21:02:04,10162.48,10162.48,3
2025-11-12T21:02:16.859688,21:02:16,10132.61,10132.61,3
2025-11-12T21:02:29.369893,21:02:29,10156.15,10156.15,3
2025-11-12T21:02:42.058152,21:02:42,10069.8,10069.8,3
2025-11-12T21:02:54.359077,21:02:54,10206.61,10206.61,3
2025-11-12T21:03:06.494695,21:03:06,10330.05,10330.05,3
2025-11-12T21:03:19.099968,21:03:19,10295.78,10295.78,3
2025-11-12T21:03:31.839501,21:03:31,10261.29,10261.29,3
2025-11-12T21:03:44.106398,21:03:44,10254.99,10254.99,3
2025-11-12T21:03:56.666147,21:03:56,10257.91,10257.91,3
2025-11-12T21:04:09.155302,21:04:09,10212.87,10212.87,3
2025-11-12T21:04:21.919512,21:04:21,10242.73,10242.73,3
2025-11-12T21:04:34.414674,21:04:34,10153.02,10153.02,3
2025-11-12T21:04:46.860032,21:04:46,10050.05,10050.05,3
2025-11-12T21:04:59.375189,21:04:59,9942.31,9942.31,3
2025-11-12T21:05:11.617210,21:05:11,9921.43,9921.43,3
2025-11-12T21:05:23.965411,21:05:23,9949.1,9949.1,3
2025-11-12T21:05:36.188621,21:05:36,9953.9,9953.9,3
2025-11-12T21:05:48.468338,21:05:48,9929.82,9929.82,3
2025-11-12T21:06:00.656164,21:06:00,9868.83,9868.83,3
2025-11-12T21:06:12.762023,21:06:12,9800.23,9800.23,3
2025-11-12T21:06:25.045746,21:06:25,9741.44,9741.44,3
2025-11-12T21:06:37.139785,21:06:37,9697.31,9697.31,3
2025-11-12T21:06:49.240851,21:06:49,9604.67,9604.67,3
2025-11-12T21:07:01.401167,21:07:01,9422.57,9422.57,3
2025-11-12T21:07:13.533536,21:07:13,9542.54,9542.54,3
2025-11-12T21:07:25.681675,21:07:25,9383.89,9383.89,3
2025-11-12T21:07:37.950967,21:07:37,9426.67,9426.67,3
2025-11-12T21:07:50.354400,21:07:50,9441.05,9441.05,3
2025-11-12T21:08:02.498339,21:08:02,9362.05,9362.05,3
2025-11-12T21:08:14.719547,21:08:14,9138.46,9138.46,3
2025-11-12T21:08:26.920542,21:08:26,9179.1,9179.1,3
2025-11-12T21:08:39.227510,21:08:39,9084.82,9084.82,3
2025-11-12T21:08:51.613270,21:08:51,8990.97,8990.97,3
2025-11-12T21:09:03.694887,21:09:03,8983.06,8983.06,3
2025-11-12T21:09:15.999294,21:09:15,8953.43,8953.43,3
2025-11-12T21:09:28.436635,21:09:28,8932.49,8932.49,3
2025-11-12T21:09:40.499614,21:09:40,9026.64,9026.64,3
2025-11-12T21:09:52.406858,21:09:52,9117.82,9117.82,3
2025-11-12T21:10:04.647064,21:10:04,9069.84,9069.84,3
2025-11-12T21:10:16.774484,21:10:16,9025.63,9025.63,3
2025-11-12T21:10:29.551611,21:10:29,9127.95,9127.95,3
2025-11-12T21:10:41.695672,21:10:41,8976.99,8976.99,3
2025-11-12T21:10:53.850357,21:10:53,9010.48,9010.48,3
2025-11-12T21:11:06.050554,21:11:06,8945.26,8945.26,3
2025-11-12T21:11:18.183815,21:11:18,9012.15,9012.15,3
2025-11-12T21:11:30.550605,21:11:30,8901.45,8901.45,3
2025-11-12T21:11:42.635054,21:11:42,8821.0,8821.0,3
2025-11-12T21:11:55.030554,21:11:55,8827.34,8827.34,3
2025-11-12T21:12:07.018630,21:12:07,8969.02,8969.02,3
2025-11-12T21:12:19.187801,21:12:19,8977.09,8977.09,3
2025-11-12T21:12:31.137811,21:12:31,8993.23,8993.23,3
2025-11-12T21:12:43.396513,21:12:43,8889.94,8889.94,3
2025-11-12T21:12:55.937305,21:12:55,8733.92,8733.92,3
2025-11-12T21:13:08.373356,21:13:08,8777.28,8777.28,3
2025-11-12T21:13:20.566788,21:13:20,8801.43,8801.43,3
2025-11-12T21:13:33.137563,21:13:33,8686.56,8686.56,3
2025-11-12T21:13:45.131844,21:13:45,8702.61,8702.61,3
2025-11-12T21:13:57.293620,21:13:57,8715.97,8715.97,3
2025-11-12T21:14:09.551602,21:14:09,8741.26,8741.26,3
2025-11-12T21:14:21.846633,21:14:21,8784.32,8784.32,3
2025-11-12T21:14:34.031581,21:14:34,8701.65,8701.65,3
2025-11-12T21:14:46.253490,21:14:46,8763.23,8763.23,3
2025-11-12T21:14:58.497703,21:14:58,8865.97,8865.97,3
2025-11-12T21:15:10.579092,21:15:10,8858.52,8858.52,3
2025-11-12T21:15:22.912905,21:15:22,8855.28,8855.28,3
2025-11-12T21:15:35.380572,21:15:35,8895.22,8895.22,3
2025-11-12T21:15:48.104330,21:15:48,8712.87,8712.87,3
2025-11-12T21:16:00.557639,21:16:00,8718.06,8718.06,3
2025-11-12T21:16:13.224928,21:16:13,8651.83,8651.83,3
2025-11-12T21:16:25.367044,21:16:25,8530.01,8530.01,3
2025-11-12T21:16:37.666979,21:16:37,8524.36,8524.36,3
2025-11-12T21:16:49.737273,21:16:49,8508.48,8508.48,3
2025-11-12T21:17:02.215465,21:17:02,8571.08,8571.08,3
2025-11-12T21:17:14.330578,21:17:14,8507.9,8507.9,3
2025-11-12T21:17:26.421178,21:17:26,8531.73,8531.73,3
2025-11-12T21:17:39.153967,21:17:39,8466.65,8466.65,3
2025-11-12T21:17:51.587075,21:17:51,8493.27,8493.27,3
2025-11-12T21:18:03.879645,21:18:03,8449.94,8449.94,3
2025-11-12T21:18:16.009802,21:18:16,8470.35,8470.35,3
2025-11-12T21:18:28.257126,21:18:28,8408.43,8408.43,3
2025-11-12T21:18:40.664302,21:18:40,8636.77,8636.77,3
2025-11-12T21:18:52.681381,21:18:52,8659.62,8659.62,3
2025-11-12T21:19:04.993838,21:19:04,8557.33,8557.33,3
2025-11-12T21:19:17.133715,21:19:17,8608.8,8608.8,3
2025-11-12T21:19:29.538383,21:19:29,8511.95,8511.95,3
2025-11-12T21:19:41.819511,21:19:41,8465.64,8465.64,3
2025-11-12T21:19:54.580111,21:19:54,8444.36,8444.36,3
2025-11-12T21:20:07.096095,21:20:07,8519.02,8519.02,3
2025-11-12T21:20:19.301020,21:20:19,8576.94,8576.94,3
2025-11-12T21:20:31.630698,21:20:31,8460.12,8460.12,3
2025-11-12T21:20:43.899322,21:20:43,8439.25,8439.25,3
2025-11-12T21:20:56.254298,21:20:56,8499.02,8499.02,3
2025-11-12T21:21:08.387624,21:21:08,8471.5,8471.5,3
2025-11-12T21:21:20.616896,21:21:20,8374.03,8374.03,3
2025-11-12T21:21:32.785493,21:21:32,8327.87,8327.87,3
2025-11-12T21:21:45.182084,21:21:45,8368.5,8368.5,3
2025-11-12T21:21:57.334130,21:21:57,8486.73,8486.73,3
2025-11-12T21:22:09.384847,21:22:09,8457.11,8457.11,3
2025-11-12T21:22:21.639302,21:22:21,8511.06,8511.06,3
2025-11-12T21:22:34.169092,21:22:34,8421.13,8421.13,3
2025-11-12T21:22:46.353449,21:22:46,8265.08,8265.08,3
2025-11-12T21:22:58.613858,21:22:58,7929.81,7929.81,3
2025-11-12T21:23:11.375417,21:23:11,7931.64,7931.64,3
2025-11-12T21:23:23.364724,21:23:23,7664.76,7664.76,3
2025-11-12T21:23:35.882113,21:23:35,7588.97,7588.97,3
2025-11-12T21:23:48.057234,21:23:48,7350.59,7350.59,3
2025-11-12T21:24:00.651289,21:24:00,7370.16,7370.16,3
2025-11-12T21:24:12.931681,21:24:12,7379.8,7379.8,3
2025-11-12T21:24:25.189351,21:24:25,7680.27,7680.27,3
2025-11-12T21:24:37.390763,21:24:37,7593.9,7593.9,3
2025-11-12T21:24:49.661131,21:24:49,7607.04,7607.04,3
2025-11-12T21:25:01.923778,21:25:01,7531.95,7531.95,3
2025-11-12T21:25:14.128067,21:25:14,7510.26,7510.26,3
2025-11-12T21:25:26.651069,21:25:26,7693.01,7693.01,3
2025-11-12T21:25:38.951683,21:25:38,7629.81,7629.81,3
2025-11-12T21:25:51.198654,21:25:51,7572.78,7572.78,3
2025-11-12T21:26:03.552641,21:26:03,7714.23,7714.23,3
2025-11-12T21:26:15.798337,21:26:15,7758.63,7758.63,3
2025-11-12T21:26:28.210508,21:26:28,7536.61,7536.61,3
2025-11-12T21:26:40.402712,21:26:40,7515.16,7515.16,3
2025-11-12T21:26:52.510464,21:26:52,7533.51,7533.51,3
2025-11-12T21:27:04.666809,21:27:04,7572.96,7572.96,3
2025-11-12T21:27:16.779107,21:27:16,7626.96,7626.96,3
2025-11-12T21:27:28.924800,21:27:28,7521.73,7521.73,3
2025-11-12T21:27:41.142715,21:27:41,7545.67,7545.67,3
2025-11-12T21:27:53.495314,21:27:53,7580.49,7580.49,3
2025-11-12T21:28:05.683087,21:28:05,7514.82,7514.82,3
2025-11-12T21:28:17.869030,21:28:17,7526.63,7526.63,3
2025-11-12T21:28:30.037567,21:28:30,7455.75,7455.75,3
2025-11-12T21:28:42.261373,21:28:42,7480.97,7480.97,3
2025-11-12T21:28:54.680466,21:28:54,7531.7,7531.7,3
2025-11-12T21:29:06.934787,21:29:06,7403.2,7403.2,3
2025-11-12T21:29:19.506025,21:29:19,7590.86,7590.86,3
2025-11-12T21:29:31.773878,21:29:31,7600.28,7600.28,3
2025-11-12T21:29:43.801931,21:29:43,7564.97,7564.97,3
2025-11-12T21:29:55.767629,21:29:55,7673.93,7673.93,3
2025-11-12T21:30:09.328949,21:30:09,7568.3,7568.3,3
2025-11-12T21:30:21.972411,21:30:21,7694.77,7694.77,3
2025-11-12T21:30:34.691093,21:30:34,7710.71,7710.71,3
2025-11-12T21:30:46.876117,21:30:46,7662.0,7662.0,3
2025-11-12T21:30:59.089768,21:30:59,7576.51,7576.51,3
2025-11-12T21:31:11.507446,21:31:11,7522.41,7522.41,3
2025-11-12T21:31:23.680830,21:31:23,7561.62,7561.62,3
2025-11-12T21:31:36.092888,21:31:36,7372.0,7372.0,3
2025-11-12T21:31:48.214598,21:31:48,7331.92,7331.92,3
2025-11-12T21:32:00.409768,21:32:00,7288.64,7288.64,3
2025-11-12T21:32:12.522857,21:32:12,7483.44,7483.44,3
2025-11-12T21:32:24.673520,21:32:24,7370.85,7370.85,3
2025-11-12T21:32:37.097396,21:32:37,7339.24,7339.24,3
2025-11-12T21:32:49.333174,21:32:49,7380.27,7380.27,3
2025-11-12T21:33:01.666697,21:33:01,7458.63,7458.63,3
2025-11-12T21:33:13.902420,21:33:13,7541.41,7541.41,3
2025-11-12T21:33:25.895562,21:33:25,7570.23,7570.23,3
2025-11-12T21:33:38.161192,21:33:38,7515.03,7515.03,3
2025-11-12T21:33:50.503156,21:33:50,7507.81,7507.81,3
2025-11-12T21:34:03.012145,21:34:03,7544.44,7544.44,3
2025-11-12T21:34:15.227860,21:34:15,7380.86,7380.86,3
2025-11-12T21:34:27.916043,21:34:27,7340.19,7340.19,3
2025-11-12T21:34:40.485431,21:34:40,7245.38,7245.38,3
2025-11-12T21:34:52.607141,21:34:52,7177.14,7177.14,3
2025-11-12T21:35:06.718046,21:35:06,6977.62,6977.62,3
2025-11-12T21:35:19.074881,21:35:19,6952.89,6952.89,3
2025-11-12T21:35:31.534308,21:35:31,6853.21,6853.21,3
2025-11-12T21:35:43.939811,21:35:43,6945.45,6945.45,3
2025-11-12T21:35:56.165853,21:35:56,7119.25,7119.25,3
2025-11-12T21:36:08.515742,21:36:08,7235.15,7235.15,3
2025-11-12T21:36:20.698241,21:36:20,7350.63,7350.63,3
2025-11-12T21:36:33.207732,21:36:33,7426.19,7426.19,3
2025-11-12T21:36:45.501796,21:36:45,7440.85,7440.85,3
2025-11-12T21:36:57.777514,21:36:57,7322.54,7322.54,3
2025-11-12T21:37:10.411969,21:37:10,7209.05,7209.05,3
2025-11-12T21:37:22.666075,21:37:22,7256.37,7256.37,3
2025-11-12T21:37:34.937022,21:37:34,7206.15,7206.15,3
2025-11-12T21:37:47.459892,21:37:47,7090.09,7090.09,3
2025-11-12T21:37:59.930272,21:37:59,7063.89,7063.89,3
2025-11-12T21:38:12.423406,21:38:12,7142.0,7142.0,3
2025-11-12T21:38:24.991349,21:38:24,6954.59,6954.59,3
2025-11-12T21:38:37.419719,21:38:37,6912.42,6912.42,3
2025-11-12T21:38:49.935990,21:38:49,6984.25,6984.25,3
2025-11-12T21:39:02.255526,21:39:02,6919.35,6919.35,3
2025-11-12T21:39:14.259150,21:39:14,7036.38,7036.38,3
2025-11-12T21:39:26.667039,21:39:26,6969.56,6969.56,3
2025-11-12T21:39:39.012281,21:39:39,6998.84,6998.84,3
2025-11-12T21:39:51.357180,21:39:51,7083.62,7083.62,3
2025-11-12T21:40:04.532959,21:40:04,7043.59,7043.59,3
2025-11-12T21:40:17.470595,21:40:17,6875.97,6875.97,3
2025-11-12T21:40:30.500605,21:40:30,6699.83,6699.83,3
2025-11-12T21:40:43.117521,21:40:43,6542.59,6542.59,3
2025-11-12T21:40:55.365466,21:40:55,6422.69,6422.69,3
2025-11-12T21:41:08.238688,21:41:08,6340.83,6340.83,3
2025-11-12T21:41:20.655123,21:41:20,6342.57,6342.57,3
2025-11-12T21:41:32.904482,21:41:32,6303.33,6303.33,3
2025-11-12T21:41:45.240727,21:41:45,6185.88,6185.88,3
2025-11-12T21:41:57.650061,21:41:57,6165.6,6165.6,3
2025-11-12T21:42:10.453970,21:42:10,6264.74,6264.74,3
2025-11-12T21:42:22.815133,21:42:22,6281.3,6281.3,3
2025-11-12T21:42:34.938775,21:42:34,6354.41,6354.41,3
2025-11-12T21:42:47.582153,21:42:47,6234.77,6234.77,3
2025-11-12T21:43:00.037844,21:43:00,6306.53,6306.53,3
2025-11-12T21:43:12.723542,21:43:12,6269.03,6269.03,3
2025-11-12T21:43:25.825927,21:43:25,6298.57,6298.57,3
2025-11-12T21:43:39.065151,21:43:39,6406.53,6406.53,3
2025-11-12T21:43:52.304587,21:43:52,6436.89,6436.89,3
2025-11-12T21:44:05.290614,21:44:05,6331.37,6331.37,3
2025-11-12T21:44:18.573106,21:44:18,6081.32,6081.32,3
2025-11-12T21:44:31.295347,21:44:31,5976.59,5976.59,3
2025-11-12T21:44:44.152003,21:44:44,5994.19,5994.19,3
2025-11-12T21:44:56.874417,21:44:56,6170.97,6170.97,3
2025-11-12T21:45:09.870389,21:45:09,6244.09,6244.09,3
2025-11-12T21:45:22.693076,21:45:22,6462.03,6462.03,3
2025-11-12T21:45:35.818259,21:45:35,6633.64,6633.64,3
2025-11-12T21:45:48.688008,21:45:48,6592.8,6592.8,3
2025-11-12T21:46:02.113910,21:46:02,6516.04,6516.04,3
2025-11-12T21:46:15.025134,21:46:15,6708.17,6708.17,3
2025-11-12T21:46:28.463932,21:46:28,6803.89,6803.89,3
2025-11-12T21:46:41.798801,21:46:41,6708.04,6708.04,3
2025-11-12T21:46:55.057140,21:46:55,6676.97,6676.97,3
2025-11-12T21:47:08.251305,21:47:08,6643.82,6643.82,3
2025-11-12T21:47:21.230421,21:47:21,6707.48,6707.48,3
2025-11-12T21:47:34.249127,21:47:34,6813.76,6813.76,3
2025-11-12T21:47:46.779119,21:47:46,6690.89,6690.89,3
2025-11-12T21:47:59.926300,21:47:59,6698.13,6698.13,3
2025-11-12T21:48:12.522983,21:48:12,6642.01,6642.01,3
2025-11-12T21:48:25.744806,21:48:25,6568.38,6568.38,3
2025-11-12T21:48:38.513373,21:48:38,6529.06,6529.06,3
2025-11-12T21:48:51.456328,21:48:51,6414.72,6414.72,3
2025-11-12T21:49:04.728539,21:49:04,6467.07,6467.07,3
2025-11-12T21:49:17.415778,21:49:17,6726.78,6726.78,3
2025-11-12T21:49:29.837206,21:49:29,6587.93,6587.93,3
2025-11-12T21:49:42.095148,21:49:42,6691.12,6691.12,3
2025-11-12T21:49:54.447884,21:49:54,6661.37,6661.37,3
2025-11-12T21:50:06.779196,21:50:06,6693.92,6693.92,3
2025-11-12T21:50:19.259365,21:50:19,6698.27,6698.27,3
2025-11-12T21:50:31.728591,21:50:31,6580.42,6580.42,3
2025-11-12T21:50:44.173810,21:50:44,6723.59,6723.59,3
2025-11-12T21:50:56.474313,21:50:56,6812.87,6812.87,3
2025-11-12T21:51:08.869413,21:51:08,6884.29,6884.29,3
2025-11-12T21:51:21.373392,21:51:21,6861.88,6861.88,3
2025-11-12T21:51:33.753499,21:51:33,6827.16,6827.16,3
2025-11-12T21:51:45.872538,21:51:45,6714.94,6714.94,3
2025-11-12T21:51:58.107511,21:51:58,6658.72,6658.72,3
2025-11-12T21:52:10.250077,21:52:10,6551.86,6551.86,3
2025-11-12T21:52:23.052997,21:52:23,6573.58,6573.58,3
2025-11-12T21:52:35.456773,21:52:35,6516.8,6516.8,3
2025-11-12T21:52:47.704985,21:52:47,6561.69,6561.69,3
2025-11-12T21:53:00.230392,21:53:00,6607.07,6607.07,3
2025-11-12T21:53:12.533209,21:53:12,6605.99,6605.99,3
2025-11-12T21:53:24.838811,21:53:24,6504.24,6504.24,3
2025-11-12T21:53:37.186075,21:53:37,6446.37,6446.37,3
2025-11-12T21:53:49.596072,21:53:49,6396.02,6396.02,3
2025-11-12T21:54:01.924392,21:54:01,6387.49,6387.49,3
2025-11-12T21:54:14.572759,21:54:14,6433.83,6433.83,3
2025-11-12T21:54:27.032783,21:54:27,6311.44,6311.44,3
2025-11-12T21:54:39.223632,21:54:39,6378.63,6378.63,3
2025-11-12T21:54:51.563282,21:54:51,6368.29,6368.29,3
2025-11-12T21:55:03.990054,21:55:03,6479.72,6479.72,3
2025-11-12T21:55:16.483931,21:55:16,6548.71,6548.71,3
2025-11-12T21:55:29.799776,21:55:29,6692.75,6692.75,3
2025-11-12T21:55:42.820078,21:55:42,6521.69,6521.69,3
2025-11-12T21:55:55.751324,21:55:55,6596.39,6596.39,3
2025-11-12T21:56:08.849706,21:56:08,6554.62,6554.62,3
2025-11-12T21:56:21.689452,21:56:21,6516.66,6516.66,3
2025-11-12T21:56:34.858057,21:56:34,6469.78,6469.78,3
2025-11-12T21:56:47.639804,21:56:47,6426.71,6426.71,3
2025-11-12T21:57:00.089233,21:57:00,6365.17,6365.17,3
2025-11-12T21:57:13.718039,21:57:13,6438.12,6438.12,3
2025-11-12T21:57:26.926821,21:57:26,6581.83,6581.83,3
2025-11-12T21:57:39.935506,21:57:39,6481.64,6481.64,3
2025-11-12T21:57:53.237562,21:57:53,6451.42,6451.42,3
2025-11-12T21:58:06.650374,21:58:06,6441.33,6441.33,3
2025-11-12T21:58:19.488309,21:58:19,6286.11,6286.11,3
2025-11-12T21:58:32.407583,21:58:32,6441.94,6441.94,3
2025-11-12T21:58:45.500470,21:58:45,6442.87,6442.87,3
2025-11-12T21:58:58.587536,21:58:58,6643.18,6643.18,3
2025-11-12T21:59:12.490889,21:59:12,6669.4,6669.4,3
2025-11-12T21:59:25.556583,21:59:25,6728.71,6728.71,3
2025-11-12T21:59:38.707706,21:59:38,6609.51,6609.51,3
2025-11-12T21:59:51.660986,21:59:51,6727.7,6727.7,3
2025-11-12T22:00:04.858383,22:00:04,6582.01,6582.01,3
2025-11-12T22:00:18.076192,22:00:18,6482.42,6482.42,3
2025-11-12T22:00:30.881637,22:00:30,6493.92,6493.92,3
2025-11-12T22:00:44.035292,22:00:44,6660.67,6660.67,3
2025-11-12T22:00:56.977669,22:00:56,6662.78,6662.78,3
2025-11-12T22:01:10.231749,22:01:10,6672.16,6672.16,3
2025-11-12T22:01:22.972401,22:01:22,6760.51,6760.51,3
2025-11-12T22:01:36.226045,22:01:36,6816.27,6816.27,3
2025-11-12T22:01:49.530589,22:01:49,6937.83,6937.83,3
2025-11-12T22:02:03.044936,22:02:03,6873.91,6873.91,3
2025-11-12T22:02:15.923855,22:02:15,7045.49,7045.49,3
2025-11-12T22:02:29.144334,22:02:29,7080.7,7080.7,3
2025-11-12T22:02:41.863077,22:02:41,7068.75,7068.75,3
2025-11-12T22:02:54.524927,22:02:54,7144.24,7144.24,3
2025-11-12T22:03:07.986720,22:03:07,7094.33,7094.33,3
2025-11-12T22:03:21.565581,22:03:21,7124.0,7124.0,3
2025-11-12T22:03:34.337582,22:03:34,7122.83,7122.83,3
2025-11-12T22:03:47.666740,22:03:47,7156.56,7156.56,3
2025-11-12T22:04:00.453496,22:04:00,7140.77,7140.77,3
2025-11-12T22:04:12.747684,22:04:12,7248.14,7248.14,3
2025-11-12T22:04:25.082339,22:04:25,7264.8,7264.8,3
2025-11-12T22:04:37.258752,22:04:37,7080.09,7080.09,3
2025-11-12T22:04:49.600774,22:04:49,7253.65,7253.65,3
2025-11-12T22:05:02.015967,22:05:02,7237.84,7237.84,3
2025-11-12T22:05:14.155569,22:05:14,7145.79,7145.79,3
2025-11-12T22:05:26.416388,22:05:26,7101.06,7101.06,3
2025-11-12T22:05:38.760660,22:05:38,7084.15,7084.15,3
2025-11-12T22:05:50.773181,22:05:50,7107.37,7107.37,3
2025-11-12T22:06:03.248369,22:06:03,7137.06,7137.06,3
2025-11-12T22:06:15.607034,22:06:15,7145.5,7145.5,3
2025-11-12T22:06:28.158487,22:06:28,7152.33,7152.33,3
2025-11-12T22:06:40.915289,22:06:40,7159.76,7159.76,3
2025-11-12T22:06:53.079005,22:06:53,7091.06,7091.06,3
2025-11-12T22:07:05.491649,22:07:05,7097.69,7097.69,3
2025-11-12T22:07:17.941609,22:07:17,7160.26,7160.26,3
2025-11-12T22:07:30.377042,22:07:30,7191.54,7191.54,3
2025-11-12T22:07:42.449280,22:07:42,7153.38,7153.38,3
2025-11-12T22:07:54.652437,22:07:54,7099.4,7099.4,3
2025-11-12T22:08:06.946212,22:08:06,7050.02,7050.02,3
2025-11-12T22:08:19.025130,22:08:19,7147.36,7147.36,3
2025-11-12T22:08:31.082025,22:08:31,7109.48,7109.48,3
2025-11-12T22:08:43.407273,22:08:43,7014.53,7014.53,3
2025-11-12T22:08:55.562043,22:08:55,6940.52,6940.52,3
2025-11-12T22:09:07.847190,22:09:07,7044.08,7044.08,3
2025-11-12T22:09:20.076123,22:09:20,7071.48,7071.48,3
2025-11-12T22:09:32.504742,22:09:32,7000.68,7000.68,3
2025-11-12T22:09:44.884431,22:09:44,7029.9,7029.9,3
2025-11-12T22:09:57.206358,22:09:57,7035.51,7035.51,3
2025-11-12T22:10:09.764417,22:10:09,6976.25,6976.25,3
2025-11-12T22:10:22.101085,22:10:22,6931.0,6931.0,3
2025-11-12T22:10:34.896202,22:10:34,6903.74,6903.74,3
2025-11-12T22:10:47.008584,22:10:47,6867.66,6867.66,3
2025-11-12T22:10:59.419085,22:10:59,6878.51,6878.51,3
2025-11-12T22:11:11.947071,22:11:11,6847.06,6847.06,3
2025-11-12T22:11:24.281285,22:11:24,6925.66,6925.66,3
2025-11-12T22:11:37.235602,22:11:37,6912.11,6912.11,3
2025-11-12T22:11:50.094917,22:11:50,6936.63,6936.63,3
2025-11-12T22:12:03.191267,22:12:03,6966.05,6966.05,3
2025-11-12T22:12:16.006145,22:12:16,7054.96,7054.96,3
2025-11-12T22:12:28.804397,22:12:28,7041.44,7041.44,3
2025-11-12T22:12:41.817222,22:12:41,7046.99,7046.99,3
2025-11-12T22:12:54.944267,22:12:54,6943.62,6943.62,3
2025-11-12T22:13:07.764341,22:13:07,6934.5,6934.5,3
2025-11-12T22:13:20.893166,22:13:20,6960.7,6960.7,3
2025-11-12T22:13:34.163352,22:13:34,6914.03,6914.03,3
2025-11-12T22:13:47.429664,22:13:47,6961.82,6961.82,3
2025-11-12T22:14:00.700038,22:14:00,6981.26,6981.26,3
2025-11-12T22:14:14.090605,22:14:14,6966.48,6966.48,3
2025-11-12T22:14:27.339879,22:14:27,6920.54,6920.54,3
2025-11-12T22:14:40.273609,22:14:40,6844.66,6844.66,3
2025-11-12T22:14:53.560054,22:14:53,6780.69,6780.69,3
2025-11-12T22:15:06.976537,22:15:06,6801.79,6801.79,3
2025-11-12T22:15:19.854517,22:15:19,6915.67,6915.67,3
2025-11-12T22:15:33.000464,22:15:33,6971.1,6971.1,3
2025-11-12T22:15:46.189837,22:15:46,6895.78,6895.78,3
2025-11-12T22:15:59.801599,22:15:59,6877.06,6877.06,3
2025-11-12T22:16:13.127052,22:16:13,6881.76,6881.76,3
2025-11-12T22:16:25.932651,22:16:25,6829.52,6829.52,3
2025-11-12T22:16:39.255991,22:16:39,6688.81,6688.81,3
2025-11-12T22:16:52.296852,22:16:52,6607.25,6607.25,3
2025-11-12T22:17:05.265059,22:17:05,6477.66,6477.66,3
2025-11-12T22:17:18.599041,22:17:18,6517.78,6517.78,3
2025-11-12T22:17:31.200493,22:17:31,6496.44,6496.44,3
2025-11-12T22:17:43.921359,22:17:43,6486.33,6486.33,3
2025-11-12T22:17:56.943520,22:17:56,6492.42,6492.42,3
2025-11-12T22:18:09.451614,22:18:09,6491.29,6491.29,3
2025-11-12T22:18:22.602824,22:18:22,6446.19,6446.19,3
2025-11-12T22:18:35.679000,22:18:35,6461.14,6461.14,3
2025-11-12T22:18:49.122326,22:18:49,6466.02,6466.02,3
2025-11-12T22:19:02.686909,22:19:02,6422.41,6422.41,3
2025-11-12T22:19:15.663312,22:19:15,6337.76,6337.76,3
2025-11-12T22:19:28.894733,22:19:28,6305.7,6305.7,3
2025-11-12T22:19:41.809449,22:19:41,6413.83,6413.83,3
2025-11-12T22:19:55.088374,22:19:55,6481.0,6481.0,3
2025-11-12T22:20:08.232998,22:20:08,6465.14,6465.14,3
2025-11-12T22:20:21.242588,22:20:21,6558.77,6558.77,3
2025-11-12T22:20:33.971321,22:20:33,6497.95,6497.95,3
2025-11-12T22:20:46.960305,22:20:46,6504.32,6504.32,3
2025-11-12T22:20:59.889282,22:20:59,6440.83,6440.83,3
2025-11-12T22:21:13.042831,22:21:13,6377.03,6377.03,3
2025-11-12T22:21:25.958630,22:21:25,6384.42,6384.42,3
2025-11-12T22:21:39.068261,22:21:39,6439.43,6439.43,3
2025-11-12T22:21:52.089969,22:21:52,6424.28,6424.28,3
2025-11-12T22:22:04.821683,22:22:04,6393.27,6393.27,3
2025-11-12T22:22:17.217435,22:22:17,6388.97,6388.97,3
2025-11-12T22:22:29.437591,22:22:29,6379.2,6379.2,3
2025-11-12T22:22:41.875128,22:22:41,6429.76,6429.76,3
2025-11-12T22:22:54.138384,22:22:54,6385.62,6385.62,3
2025-11-12T22:23:06.526497,22:23:06,6397.69,6397.69,3
2025-11-12T22:23:18.991347,22:23:18,6310.61,6310.61,3
2025-11-12T22:23:31.286262,22:23:31,6328.02,6328.02,3
2025-11-12T22:23:43.635924,22:23:43,6362.56,6362.56,3
2025-11-12T22:23:55.818406,22:23:55,6378.37,6378.37,3
2025-11-12T22:24:07.963173,22:24:07,6370.95,6370.95,3
2025-11-12T22:24:20.527351,22:24:20,6351.95,6351.95,3
2025-11-12T22:24:33.202910,22:24:33,6343.42,6343.42,3
2025-11-12T22:24:45.463108,22:24:45,6272.56,6272.56,3
2025-11-12T22:24:57.760305,22:24:57,6275.57,6275.57,3
2025-11-12T22:25:09.858621,22:25:09,6422.95,6422.95,3
2025-11-12T22:25:22.038620,22:25:22,6503.82,6503.82,3
2025-11-12T22:25:34.072250,22:25:34,6475.74,6475.74,3
2025-11-12T22:25:46.337880,22:25:46,6452.63,6452.63,3
2025-11-12T22:25:58.507030,22:25:58,6502.46,6502.46,3
2025-11-12T22:26:10.744908,22:26:10,6520.92,6520.92,3
2025-11-12T22:26:23.082354,22:26:23,6515.82,6515.82,3
2025-11-12T22:26:35.466703,22:26:35,6645.72,6645.72,3
2025-11-12T22:26:48.070400,22:26:48,6810.67,6810.67,3
2025-11-12T22:27:00.246837,22:27:00,6761.6,6761.6,3
2025-11-12T22:27:12.758524,22:27:12,6705.41,6705.41,3
2025-11-12T22:27:25.551848,22:27:25,6590.16,6590.16,3
2025-11-12T22:27:38.670750,22:27:38,6573.16,6573.16,3
2025-11-12T22:27:51.415018,22:27:51,6636.69,6636.69,3
2025-11-12T22:28:04.202324,22:28:04,6461.71,6461.71,3
2025-11-12T22:28:17.282051,22:28:17,6350.98,6350.98,3
2025-11-12T22:28:30.020409,22:28:30,6268.98,6268.98,3
2025-11-12T22:28:42.838667,22:28:42,6272.2,6272.2,3
2025-11-12T22:28:55.962450,22:28:55,6291.88,6291.88,3
2025-11-12T22:29:08.709458,22:29:08,6328.37,6328.37,3
2025-11-12T22:29:21.314733,22:29:21,6252.05,6252.05,3
2025-11-12T22:29:33.941615,22:29:33,6343.0,6343.0,3
2025-11-12T22:29:46.323134,22:29:46,6268.73,6268.73,3
2025-11-12T22:29:58.754200,22:29:58,6263.39,6263.39,3
2025-11-12T22:30:10.865478,22:30:10,6253.09,6253.09,3
2025-11-12T22:30:23.066660,22:30:23,6227.64,6227.64,3
2025-11-12T22:30:35.041671,22:30:35,6278.14,6278.14,3
2025-11-12T22:30:47.287239,22:30:47,6277.32,6277.32,3
2025-11-12T22:30:59.520191,22:30:59,6226.62,6226.62,3
2025-11-12T22:31:11.618117,22:31:11,6307.98,6307.98,3
2025-11-12T22:31:24.418539,22:31:24,6296.94,6296.94,3
2025-11-12T22:31:36.788156,22:31:36,6244.58,6244.58,3
2025-11-12T22:31:49.196019,22:31:49,6252.28,6252.28,3
2025-11-12T22:32:01.390295,22:32:01,6232.47,6232.47,3
2025-11-12T22:32:13.525725,22:32:13,6215.65,6215.65,3
2025-11-12T22:32:25.829789,22:32:25,6336.09,6336.09,3
2025-11-12T22:32:37.970097,22:32:37,6382.06,6382.06,3
2025-11-12T22:32:50.509641,22:32:50,6331.57,6331.57,3
2025-11-12T22:33:02.616428,22:33:02,6289.71,6289.71,3
2025-11-12T22:33:15.127591,22:33:15,6292.24,6292.24,3
2025-11-12T22:33:27.165932,22:33:27,6324.8,6324.8,3
2025-11-12T22:33:39.414991,22:33:39,6335.7,6335.7,3
2025-11-12T22:33:51.459680,22:33:51,6377.02,6377.02,3
2025-11-12T22:34:03.680624,22:34:03,6444.62,6444.62,3
2025-11-12T22:34:15.748278,22:34:15,6349.2,6349.2,3
2025-11-12T22:34:27.807733,22:34:27,6386.77,6386.77,3
2025-11-12T22:34:40.167388,22:34:40,6398.97,6398.97,3
2025-11-12T22:34:52.318420,22:34:52,6416.99,6416.99,3
2025-11-12T22:35:04.563725,22:35:04,6443.11,6443.11,3
2025-11-12T22:35:17.035322,22:35:17,6489.35,6489.35,3
2025-11-12T22:35:29.324252,22:35:29,6436.63,6436.63,3
2025-11-12T22:35:41.918121,22:35:41,6431.09,6431.09,3
2025-11-12T22:35:54.331548,22:35:54,6410.48,6410.48,3
2025-11-12T22:36:06.495059,22:36:06,6455.82,6455.82,3
2025-11-12T22:36:18.949806,22:36:18,6415.32,6415.32,3
2025-11-12T22:36:31.011368,22:36:31,6460.04,6460.04,3
2025-11-12T22:36:43.201784,22:36:43,6468.62,6468.62,3
2025-11-12T22:36:55.678580,22:36:55,6557.39,6557.39,3
2025-11-12T22:37:07.589557,22:37:07,6556.59,6556.59,3
2025-11-12T22:37:19.612449,22:37:19,6468.88,6468.88,3
2025-11-12T22:37:31.975490,22:37:31,6569.61,6569.61,3
2025-11-12T22:37:44.196874,22:37:44,6617.98,6617.98,3
2025-11-12T22:37:56.417316,22:37:56,6631.26,6631.26,3
2025-11-12T22:38:08.782006,22:38:08,6611.08,6611.08,3
2025-11-12T22:38:21.053103,22:38:21,6733.94,6733.94,3
2025-11-12T22:38:33.494585,22:38:33,6670.6,6670.6,3
2025-11-12T22:38:45.884859,22:38:45,6649.73,6649.73,3
2025-11-12T22:38:58.068097,22:38:58,6621.82,6621.82,3
2025-11-12T22:39:10.434217,22:39:10,6768.36,6768.36,3
2025-11-12T22:39:23.024674,22:39:23,6721.89,6721.89,3
2025-11-12T22:39:35.469333,22:39:35,6799.17,6799.17,3
2025-11-12T22:39:47.864769,22:39:47,6772.58,6772.58,3
2025-11-12T22:40:00.214828,22:40:00,6734.22,6734.22,3
2025-11-12T22:40:12.657109,22:40:12,6513.07,6513.07,3
2025-11-12T22:40:24.964721,22:40:24,6501.3,6501.3,3
2025-11-12T22:40:37.464033,22:40:37,6510.2,6510.2,3
2025-11-12T22:40:50.335993,22:40:50,6473.89,6473.89,3
2025-11-12T22:41:02.760205,22:41:02,6534.61,6534.61,3
2025-11-12T22:41:15.202520,22:41:15,6443.89,6443.89,3
2025-11-12T22:41:27.778683,22:41:27,6515.87,6515.87,3
2025-11-12T22:41:39.996239,22:41:39,6500.46,6500.46,3
2025-11-12T22:41:52.305096,22:41:52,6558.61,6558.61,3
2025-11-12T22:42:05.210793,22:42:05,6612.77,6612.77,3
2025-11-12T22:42:18.358067,22:42:18,6543.63,6543.63,3
2025-11-12T22:42:31.451283,22:42:31,6567.86,6567.86,3
2025-11-12T22:42:44.555123,22:42:44,6565.68,6565.68,3
2025-11-12T22:42:57.246249,22:42:57,6474.87,6474.87,3
2025-11-12T22:43:09.993087,22:43:09,6427.43,6427.43,3
2025-11-12T22:43:22.153891,22:43:22,6426.37,6426.37,3
2025-11-12T22:43:34.368574,22:43:34,6384.8,6384.8,3
2025-11-12T22:43:46.719086,22:43:46,6411.7,6411.7,3
2025-11-12T22:43:58.934560,22:43:58,6416.26,6416.26,3
2025-11-12T22:44:11.766386,22:44:11,6341.33,6341.33,3
2025-11-12T22:44:23.940967,22:44:23,6369.84,6369.84,3
2025-11-12T22:44:35.882200,22:44:35,6367.72,6367.72,3
2025-11-12T22:44:48.226438,22:44:48,6341.91,6341.91,3
2025-11-12T22:45:00.649272,22:45:00,6307.72,6307.72,3
2025-11-12T22:45:13.069694,22:45:13,6382.59,6382.59,3
2025-11-12T22:45:25.420706,22:45:25,6387.05,6387.05,3
2025-11-12T22:45:37.711216,22:45:37,6465.5,6465.5,3
2025-11-12T22:45:49.836995,22:45:49,6500.11,6500.11,3
2025-11-12T22:46:01.923825,22:46:01,6499.29,6499.29,3
2025-11-12T22:46:14.265653,22:46:14,6359.46,6359.46,3
2025-11-12T22:46:26.402122,22:46:26,6336.85,6336.85,3
2025-11-12T22:46:38.584198,22:46:38,6338.77,6338.77,3
2025-11-12T22:46:50.954888,22:46:50,6324.41,6324.41,3
2025-11-12T22:47:02.796521,22:47:02,6321.4,6321.4,3
2025-11-12T22:47:15.213465,22:47:15,6272.11,6272.11,3
2025-11-12T22:47:27.529722,22:47:27,6305.99,6305.99,3
2025-11-12T22:47:39.557997,22:47:39,6239.47,6239.47,3
2025-11-12T22:47:51.877134,22:47:51,6222.03,6222.03,3
2025-11-12T22:48:04.275171,22:48:04,6139.6,6139.6,3
2025-11-12T22:48:16.632022,22:48:16,6143.12,6143.12,3
2025-11-12T22:48:28.863232,22:48:28,6126.45,6126.45,3
2025-11-12T22:48:41.120397,22:48:41,6129.01,6129.01,3
2025-11-12T22:48:53.243684,22:48:53,6121.71,6121.71,3
2025-11-12T22:49:05.581217,22:49:05,6136.09,6136.09,3
2025-11-12T22:49:17.972311,22:49:17,6124.23,6124.23,3
2025-11-12T22:49:30.426821,22:49:30,6138.41,6138.41,3
2025-11-12T22:49:42.831691,22:49:42,6146.62,6146.62,3
2025-11-12T22:49:54.871248,22:49:54,6175.73,6175.73,3
2025-11-12T22:50:06.952591,22:50:06,6276.99,6276.99,3
2025-11-12T22:50:19.043016,22:50:19,6276.45,6276.45,3
2025-11-12T22:50:31.103137,22:50:31,6188.77,6188.77,3
2025-11-12T22:50:43.226629,22:50:43,6294.1,6294.1,3
2025-11-12T22:50:55.246271,22:50:55,6409.41,6409.41,3
2025-11-12T22:51:07.393830,22:51:07,6337.46,6337.46,3
2025-11-12T22:51:19.519196,22:51:19,6292.96,6292.96,3
2025-11-12T22:51:31.573707,22:51:31,6357.35,6357.35,3
2025-11-12T22:51:43.758515,22:51:43,6277.76,6277.76,3
2025-11-12T22:51:56.311331,22:51:56,6372.81,6372.81,3
2025-11-12T22:52:08.609388,22:52:08,6321.31,6321.31,3
2025-11-12T22:52:20.702182,22:52:20,6430.53,6430.53,3
2025-11-12T22:52:32.756468,22:52:32,6384.56,6384.56,3
2025-11-12T22:52:45.173590,22:52:45,6256.31,6256.31,3
2025-11-12T22:52:57.371279,22:52:57,6263.47,6263.47,3
2025-11-12T22:53:09.544700,22:53:09,6264.95,6264.95,3
2025-11-12T22:53:21.670992,22:53:21,6296.49,6296.49,3
2025-11-12T22:53:33.915469,22:53:33,6257.7,6257.7,3
2025-11-12T22:53:46.111207,22:53:46,6275.84,6275.84,3
2025-11-12T22:53:58.297757,22:53:58,6267.54,6267.54,3
2025-11-12T22:54:10.598110,22:54:10,6372.44,6372.44,3
2025-11-12T22:54:22.938336,22:54:22,6399.03,6399.03,3
2025-11-12T22:54:35.145984,22:54:35,6346.34,6346.34,3
2025-11-12T22:54:47.550092,22:54:47,6328.97,6328.97,3
2025-11-12T22:55:00.122403,22:55:00,6337.9,6337.9,3
2025-11-12T22:55:12.223100,22:55:12,6426.07,6426.07,3
2025-11-12T22:55:24.561417,22:55:24,6478.0,6478.0,3
2025-11-12T22:55:36.830084,22:55:36,6500.57,6500.57,3
2025-11-12T22:55:49.080333,22:55:49,6485.49,6485.49,3
2025-11-12T22:56:01.397413,22:56:01,6561.48,6561.48,3
2025-11-12T22:56:13.489497,22:56:13,6466.31,6466.31,3
2025-11-12T22:56:25.553988,22:56:25,6476.47,6476.47,3
2025-11-12T22:56:37.719720,22:56:37,6476.26,6476.26,3
2025-11-12T22:56:49.983598,22:56:49,6432.45,6432.45,3
2025-11-12T22:57:02.329075,22:57:02,6455.0,6455.0,3
2025-11-12T22:57:14.737031,22:57:14,6488.21,6488.21,3
2025-11-12T22:57:26.976953,22:57:26,6512.73,6512.73,3
2025-11-12T22:57:39.138039,22:57:39,6496.69,6496.69,3
2025-11-12T22:57:51.266064,22:57:51,6383.78,6383.78,3
2025-11-12T22:58:03.363491,22:58:03,6433.38,6433.38,3
2025-11-12T22:58:15.554382,22:58:15,6486.3,6486.3,3
2025-11-12T22:58:27.540784,22:58:27,6465.87,6465.87,3
2025-11-12T22:58:39.692721,22:58:39,6491.13,6491.13,3
2025-11-12T22:58:51.776509,22:58:51,6508.05,6508.05,3
2025-11-12T22:59:04.107036,22:59:04,6453.8,6453.8,3
2025-11-12T22:59:16.723067,22:59:16,6461.27,6461.27,3
2025-11-12T22:59:28.999643,22:59:28,6458.5,6458.5,3
2025-11-12T22:59:41.263190,22:59:41,6472.54,6472.54,3
2025-11-12T22:59:53.466978,22:59:53,6475.37,6475.37,3
2025-11-12T23:00:05.561092,23:00:05,6472.94,6472.94,3
2025-11-12T23:00:17.736370,23:00:17,6503.8,6503.8,3
2025-11-12T23:00:29.908705,23:00:29,6544.74,6544.74,3
2025-11-12T23:00:41.874479,23:00:41,6487.55,6487.55,3
2025-11-12T23:00:54.143866,23:00:54,6541.39,6541.39,3
2025-11-12T23:01:06.205697,23:01:06,6538.38,6538.38,3
2025-11-12T23:01:18.294808,23:01:18,6499.02,6499.02,3
2025-11-12T23:01:30.473378,23:01:30,6451.25,6451.25,3
2025-11-12T23:01:42.669539,23:01:42,6553.91,6553.91,3
2025-11-12T23:01:54.892692,23:01:54,6480.4,6480.4,3
2025-11-12T23:02:07.088980,23:02:07,6488.01,6488.01,3
2025-11-12T23:02:19.170738,23:02:19,6524.01,6524.01,3
2025-11-12T23:02:31.302966,23:02:31,6638.37,6638.37,3
2025-11-12T23:02:43.469090,23:02:43,6539.42,6539.42,3
2025-11-12T23:02:55.501268,23:02:55,6588.54,6588.54,3
2025-11-12T23:03:07.443297,23:03:07,6602.48,6602.48,3
2025-11-12T23:03:19.612294,23:03:19,6598.1,6598.1,3
2025-11-12T23:03:31.592270,23:03:31,6717.36,6717.36,3
2025-11-12T23:03:43.711306,23:03:43,6714.49,6714.49,3
2025-11-12T23:03:55.902075,23:03:55,6752.85,6752.85,3
2025-11-12T23:04:07.830488,23:04:07,6810.16,6810.16,3
2025-11-12T23:04:19.995453,23:04:19,6655.73,6655.73,3
2025-11-12T23:04:32.036534,23:04:32,6651.67,6651.67,3
2025-11-12T23:04:44.156635,23:04:44,6640.82,6640.82,3
2025-11-12T23:04:56.171390,23:04:56,6630.52,6630.52,3
2025-11-12T23:05:08.400071,23:05:08,6628.2,6628.2,3
2025-11-12T23:05:20.510211,23:05:20,6695.64,6695.64,3
2025-11-12T23:05:33.005150,23:05:33,6723.71,6723.71,3
2025-11-12T23:05:45.051464,23:05:45,6797.95,6797.95,3
2025-11-12T23:05:57.384553,23:05:57,6716.02,6716.02,3
2025-11-12T23:06:09.432491,23:06:09,6705.49,6705.49,3
2025-11-12T23:06:21.582854,23:06:21,6621.85,6621.85,3
2025-11-12T23:06:33.730978,23:06:33,6585.02,6585.02,3
2025-11-12T23:06:45.903161,23:06:45,6575.05,6575.05,3
2025-11-12T23:06:57.999668,23:06:57,6574.5,6574.5,3
2025-11-12T23:07:09.920328,23:07:09,6788.67,6788.67,3
2025-11-12T23:07:21.875745,23:07:21,6913.84,6913.84,3
2025-11-12T23:07:34.073786,23:07:34,6913.35,6913.35,3
2025-11-12T23:07:46.110123,23:07:46,6919.24,6919.24,3
2025-11-12T23:07:58.427378,23:07:58,6962.9,6962.9,3
2025-11-12T23:08:10.663975,23:08:10,6952.81,6952.81,3
2025-11-12T23:08:22.698022,23:08:22,6999.47,6999.47,3
2025-11-12T23:08:34.690780,23:08:34,6992.07,6992.07,3
2025-11-12T23:08:46.826260,23:08:46,7064.82,7064.82,3
2025-11-12T23:08:58.881049,23:08:58,7090.63,7090.63,3
2025-11-12T23:09:11.049070,23:09:11,7266.3,7266.3,3
2025-11-12T23:09:23.037154,23:09:23,7147.13,7147.13,3
2025-11-12T23:09:35.292949,23:09:35,7236.2,7236.2,3
2025-11-12T23:09:47.467615,23:09:47,7247.88,7247.88,3
2025-11-12T23:09:59.547843,23:09:59,7400.13,7400.13,3
2025-11-12T23:10:11.725626,23:10:11,7358.38,7358.38,3
2025-11-12T23:10:23.692066,23:10:23,7227.21,7227.21,3
2025-11-12T23:10:35.931818,23:10:35,7255.93,7255.93,3
2025-11-12T23:10:48.021643,23:10:48,7274.69,7274.69,3
2025-11-12T23:11:00.178861,23:11:00,7281.5,7281.5,3
2025-11-12T23:11:12.435316,23:11:12,7424.38,7424.38,3
2025-11-12T23:11:24.501704,23:11:24,7387.46,7387.46,3
2025-11-12T23:11:36.761534,23:11:36,7320.62,7320.62,3
2025-11-12T23:11:48.739213,23:11:48,7273.14,7273.14,3
2025-11-12T23:12:00.954968,23:12:00,7253.73,7253.73,3
2025-11-12T23:12:13.216923,23:12:13,7292.21,7292.21,3
2025-11-12T23:12:25.427945,23:12:25,7241.83,7241.83,3
2025-11-12T23:12:37.851071,23:12:37,7064.01,7064.01,3
2025-11-12T23:12:50.199775,23:12:50,7031.74,7031.74,3
2025-11-12T23:13:02.338745,23:13:02,6980.61,6980.61,3
2025-11-12T23:13:14.655308,23:13:14,6907.73,6907.73,3
2025-11-12T23:13:27.015369,23:13:27,7004.83,7004.83,3
2025-11-12T23:13:39.820735,23:13:39,6972.15,6972.15,3
2025-11-12T23:13:52.007060,23:13:52,7060.84,7060.84,3
2025-11-12T23:14:04.336626,23:14:04,7023.49,7023.49,3
2025-11-12T23:14:16.457521,23:14:16,7034.78,7034.78,3
2025-11-12T23:14:28.662496,23:14:28,7061.43,7061.43,3
2025-11-12T23:14:40.724416,23:14:40,7017.04,7017.04,3
2025-11-12T23:14:52.536737,23:14:52,7007.31,7007.31,3
2025-11-12T23:15:04.632036,23:15:04,7014.85,7014.85,3
2025-11-12T23:15:16.715552,23:15:16,7038.01,7038.01,3
2025-11-12T23:15:28.671927,23:15:28,7011.84,7011.84,3
2025-11-12T23:15:40.868272,23:15:40,7033.62,7033.62,3
2025-11-12T23:15:53.295999,23:15:53,7045.35,7045.35,3
2025-11-12T23:16:05.669310,23:16:05,6992.67,6992.67,3
2025-11-12T23:16:17.628307,23:16:17,6885.46,6885.46,3
2025-11-12T23:16:29.587988,23:16:29,6820.11,6820.11,3
2025-11-12T23:16:41.487015,23:16:41,6767.91,6767.91,3
2025-11-12T23:16:53.633239,23:16:53,6788.68,6788.68,3
2025-11-12T23:17:06.348351,23:17:06,6902.11,6902.11,3
2025-11-12T23:17:18.507904,23:17:18,6885.28,6885.28,3
2025-11-12T23:17:30.629483,23:17:30,6910.17,6910.17,3
2025-11-12T23:17:42.626562,23:17:42,6880.61,6880.61,3
2025-11-12T23:17:54.721857,23:17:54,6812.82,6812.82,3
2025-11-12T23:18:07.383645,23:18:07,6767.13,6767.13,3
2025-11-12T23:18:19.906614,23:18:19,6736.02,6736.02,3
2025-11-12T23:18:32.073530,23:18:32,6684.57,6684.57,3
2025-11-12T23:18:44.022224,23:18:44,6629.55,6629.55,3
2025-11-12T23:18:56.578339,23:18:56,6584.63,6584.63,3
2025-11-12T23:19:08.743427,23:19:08,6583.57,6583.57,3
2025-11-12T23:19:20.710889,23:19:20,6686.95,6686.95,3
2025-11-12T23:19:32.954547,23:19:32,6624.22,6624.22,3
2025-11-12T23:19:44.946608,23:19:44,6636.0,6636.0,3
2025-11-12T23:19:57.426204,23:19:57,6652.0,6652.0,3
2025-11-12T23:20:09.961911,23:20:09,6517.93,6517.93,3
2025-11-12T23:20:22.131661,23:20:22,6540.52,6540.52,3
2025-11-12T23:20:34.494441,23:20:34,6550.92,6550.92,3
2025-11-12T23:20:47.017815,23:20:47,6562.39,6562.39,3
2025-11-12T23:20:59.230142,23:20:59,6584.27,6584.27,3
2025-11-12T23:21:11.468317,23:21:11,6629.49,6629.49,3
2025-11-12T23:21:23.260898,23:21:23,6585.66,6585.66,3
2025-11-12T23:21:35.391115,23:21:35,6630.71,6630.71,3
2025-11-12T23:21:47.741715,23:21:47,6640.62,6640.62,3
2025-11-12T23:21:59.993191,23:21:59,6586.25,6586.25,3
2025-11-12T23:22:12.181528,23:22:12,6622.23,6622.23,3
2025-11-12T23:22:24.312957,23:22:24,6627.02,6627.02,3
2025-11-12T23:22:36.289175,23:22:36,6614.45,6614.45,3
2025-11-12T23:22:48.398964,23:22:48,6607.91,6607.91,3
2025-11-12T23:23:00.334067,23:23:00,6688.12,6688.12,3
2025-11-12T23:23:12.394748,23:23:12,6666.47,6666.47,3
2025-11-12T23:23:24.733637,23:23:24,6723.58,6723.58,3
2025-11-12T23:23:36.919989,23:23:36,6708.13,6708.13,3
2025-11-12T23:23:48.914760,23:23:48,6670.22,6670.22,3
2025-11-12T23:24:01.255321,23:24:01,6694.81,6694.81,3
2025-11-12T23:24:13.264745,23:24:13,6756.97,6756.97,3
2025-11-12T23:24:25.524484,23:24:25,6761.34,6761.34,3
2025-11-12T23:24:37.483465,23:24:37,6778.84,6778.84,3
2025-11-12T23:24:49.867761,23:24:49,6822.42,6822.42,3
2025-11-12T23:25:01.925239,23:25:01,6841.13,6841.13,3
2025-11-12T23:25:14.074148,23:25:14,6852.04,6852.04,3
2025-11-12T23:25:26.373910,23:25:26,6797.74,6797.74,3
2025-11-12T23:25:38.368715,23:25:38,6793.45,6793.45,3
2025-11-12T23:25:50.576956,23:25:50,6888.12,6888.12,3
2025-11-12T23:26:02.625712,23:26:02,6939.35,6939.35,3
2025-11-12T23:26:14.656260,23:26:14,6878.46,6878.46,3
2025-11-12T23:26:27.035095,23:26:27,6904.56,6904.56,3
2025-11-12T23:26:38.947039,23:26:38,6884.31,6884.31,3
2025-11-12T23:26:50.953309,23:26:50,6895.11,6895.11,3
2025-11-12T23:27:02.939267,23:27:02,6849.46,6849.46,3
2025-11-12T23:27:14.824859,23:27:14,6880.19,6880.19,3
2025-11-12T23:27:27.077910,23:27:27,6824.58,6824.58,3
2025-11-12T23:27:39.202538,23:27:39,6615.44,6615.44,3
2025-11-12T23:27:51.273192,23:27:51,6706.03,6706.03,3
2025-11-12T23:28:03.540643,23:28:03,6676.75,6676.75,3
2025-11-12T23:28:15.782354,23:28:15,6685.78,6685.78,3
2025-11-12T23:28:27.996022,23:28:27,6809.57,6809.57,3
2025-11-12T23:28:40.327131,23:28:40,6843.54,6843.54,3
2025-11-12T23:28:52.417734,23:28:52,6846.58,6846.58,3
2025-11-12T23:29:04.666889,23:29:04,6854.93,6854.93,3
2025-11-12T23:29:16.962080,23:29:16,6859.17,6859.17,3
2025-11-12T23:29:29.405114,23:29:29,6865.43,6865.43,3
2025-11-12T23:29:41.712429,23:29:41,6870.06,6870.06,3
2025-11-12T23:29:54.013561,23:29:54,6844.47,6844.47,3
2025-11-12T23:30:06.307767,23:30:06,6873.17,6873.17,3
2025-11-12T23:30:18.468420,23:30:18,6857.56,6857.56,3
2025-11-12T23:30:30.881208,23:30:30,6862.91,6862.91,3
2025-11-12T23:30:42.991170,23:30:42,6914.96,6914.96,3
2025-11-12T23:30:55.215645,23:30:55,6955.96,6955.96,3
2025-11-12T23:31:07.536719,23:31:07,6975.57,6975.57,3
2025-11-12T23:31:19.781558,23:31:19,6957.25,6957.25,3
2025-11-12T23:31:32.014554,23:31:32,6975.21,6975.21,3
2025-11-12T23:31:44.302551,23:31:44,6902.89,6902.89,3
2025-11-12T23:31:56.622923,23:31:56,6943.25,6943.25,3
2025-11-12T23:32:08.715118,23:32:08,7003.76,7003.76,3
2025-11-12T23:32:20.917817,23:32:20,7001.07,7001.07,3
2025-11-12T23:32:33.294080,23:32:33,6984.84,6984.84,3
2025-11-12T23:32:45.609313,23:32:45,6930.08,6930.08,3
2025-11-12T23:32:58.538147,23:32:58,6994.87,6994.87,3
2025-11-12T23:33:10.931689,23:33:10,6990.14,6990.14,3
2025-11-12T23:33:22.911078,23:33:22,6930.82,6930.82,3
2025-11-12T23:33:35.080939,23:33:35,6887.78,6887.78,3
2025-11-12T23:33:46.971731,23:33:46,6969.04,6969.04,3
2025-11-12T23:33:59.335368,23:33:59,6944.66,6944.66,3
2025-11-12T23:34:11.351994,23:34:11,7002.81,7002.81,3
2025-11-12T23:34:23.711712,23:34:23,6985.47,6985.47,3
2025-11-12T23:34:35.764350,23:34:35,7132.55,7132.55,3
2025-11-12T23:34:47.859537,23:34:47,7096.29,7096.29,3
2025-11-12T23:35:00.074490,23:35:00,7060.22,7060.22,3
2025-11-12T23:35:12.044643,23:35:12,6907.94,6907.94,3
2025-11-12T23:35:23.868638,23:35:23,6914.71,6914.71,3
2025-11-12T23:35:36.129150,23:35:36,6920.59,6920.59,3
2025-11-12T23:35:48.229625,23:35:48,6878.14,6878.14,3
2025-11-12T23:36:00.402969,23:36:00,6855.24,6855.24,3
2025-11-12T23:36:12.539578,23:36:12,6924.82,6924.82,3
2025-11-12T23:36:24.525513,23:36:24,7009.61,7009.61,3
2025-11-12T23:36:36.793845,23:36:36,6993.23,6993.23,3
2025-11-12T23:36:48.830555,23:36:48,6937.93,6937.93,3
2025-11-12T23:37:00.930371,23:37:00,6886.31,6886.31,3
2025-11-12T23:37:13.026671,23:37:13,6826.45,6826.45,3
2025-11-12T23:37:25.096754,23:37:25,6816.8,6816.8,3
2025-11-12T23:37:37.113061,23:37:37,6764.69,6764.69,3
2025-11-12T23:37:49.109211,23:37:49,6739.46,6739.46,3
2025-11-12T23:38:00.954786,23:38:00,6653.93,6653.93,3
2025-11-12T23:38:13.116339,23:38:13,6609.83,6609.83,3
2025-11-12T23:38:25.158576,23:38:25,6656.35,6656.35,3
2025-11-12T23:38:37.258315,23:38:37,6685.81,6685.81,3
2025-11-12T23:38:49.274122,23:38:49,6696.07,6696.07,3
2025-11-12T23:39:01.302154,23:39:01,6658.72,6658.72,3
2025-11-12T23:39:13.510634,23:39:13,6664.61,6664.61,3
2025-11-12T23:39:25.672082,23:39:25,6674.22,6674.22,3
2025-11-12T23:39:37.811826,23:39:37,6682.9,6682.9,3
2025-11-12T23:39:49.826590,23:39:49,6663.39,6663.39,3
2025-11-12T23:40:01.837766,23:40:01,6682.12,6682.12,3
2025-11-12T23:40:14.024572,23:40:14,6694.59,6694.59,3
2025-11-12T23:40:26.483874,23:40:26,6673.68,6673.68,3
2025-11-12T23:40:38.754456,23:40:38,6690.98,6690.98,3
2025-11-12T23:40:50.772667,23:40:50,6672.15,6672.15,3
2025-11-12T23:41:03.016176,23:41:03,6653.66,6653.66,3
2025-11-12T23:41:15.103272,23:41:15,6714.48,6714.48,3
2025-11-12T23:41:27.307940,23:41:27,6633.78,6633.78,3
2025-11-12T23:41:39.633563,23:41:39,6631.89,6631.89,3
2025-11-12T23:41:52.202241,23:41:52,6618.08,6618.08,3
2025-11-12T23:42:04.699895,23:42:04,6644.57,6644.57,3
2025-11-12T23:42:17.214056,23:42:17,6658.47,6658.47,3
2025-11-12T23:42:29.269963,23:42:29,6644.4,6644.4,3
2025-11-12T23:42:41.395628,23:42:41,6652.02,6652.02,3
2025-11-12T23:42:53.483425,23:42:53,6675.24,6675.24,3
2025-11-12T23:43:05.677321,23:43:05,6674.07,6674.07,3
2025-11-12T23:43:17.942921,23:43:17,6667.53,6667.53,3
2025-11-12T23:43:30.064110,23:43:30,6706.66,6706.66,3
2025-11-12T23:43:42.040899,23:43:42,6727.4,6727.4,3
2025-11-12T23:43:54.375163,23:43:54,6737.23,6737.23,3
2025-11-12T23:44:06.401433,23:44:06,6679.37,6679.37,3
2025-11-12T23:44:18.794750,23:44:18,6729.05,6729.05,3
2025-11-12T23:44:30.900015,23:44:30,6694.79,6694.79,3
2025-11-12T23:44:43.284473,23:44:43,6706.53,6706.53,3
2025-11-12T23:44:55.229660,23:44:55,6701.39,6701.39,3
2025-11-12T23:45:07.293421,23:45:07,6700.4,6700.4,3
2025-11-12T23:45:19.770911,23:45:19,6744.37,6744.37,3
2025-11-12T23:45:32.287005,23:45:32,6700.14,6700.14,3
2025-11-12T23:45:44.528142,23:45:44,6695.45,6695.45,3
2025-11-12T23:45:56.988379,23:45:56,6690.63,6690.63,3
2025-11-12T23:46:09.198022,23:46:09,6700.13,6700.13,3
2025-11-12T23:46:21.450437,23:46:21,6733.91,6733.91,3
2025-11-12T23:46:33.632706,23:46:33,6667.04,6667.04,3
2025-11-12T23:46:45.691985,23:46:45,6693.14,6693.14,3
2025-11-12T23:46:57.631444,23:46:57,6641.07,6641.07,3
2025-11-12T23:47:09.743309,23:47:09,6663.18,6663.18,3
2025-11-12T23:47:21.712316,23:47:21,6743.95,6743.95,3
2025-11-12T23:47:33.948915,23:47:33,6795.91,6795.91,3
2025-11-12T23:47:46.351805,23:47:46,6688.97,6688.97,3
2025-11-12T23:47:58.492335,23:47:58,6705.88,6705.88,3
2025-11-12T23:48:10.836900,23:48:10,6697.87,6697.87,3
2025-11-12T23:48:23.512474,23:48:23,6665.99,6665.99,3
2025-11-12T23:48:35.443838,23:48:35,6673.01,6673.01,3
2025-11-12T23:48:47.777303,23:48:47,6632.53,6632.53,3
2025-11-12T23:49:00.259456,23:49:00,6635.78,6635.78,3
2025-11-12T23:49:12.603196,23:49:12,6704.04,6704.04,3
2025-11-12T23:49:24.765301,23:49:24,6722.23,6722.23,3
2025-11-12T23:49:36.876186,23:49:36,6705.39,6705.39,3
2025-11-12T23:49:49.135456,23:49:49,6729.44,6729.44,3
2025-11-12T23:50:01.167430,23:50:01,6721.69,6721.69,3
2025-11-12T23:50:13.282006,23:50:13,6635.24,6635.24,3
2025-11-12T23:50:25.723622,23:50:25,6616.6,6616.6,3
2025-11-12T23:50:37.802198,23:50:37,6633.86,6633.86,3
2025-11-12T23:50:49.964716,23:50:49,6639.36,6639.36,3
2025-11-12T23:51:02.135835,23:51:02,6638.6,6638.6,3
2025-11-12T23:51:14.243527,23:51:14,6647.91,6647.91,3
2025-11-12T23:51:26.428564,23:51:26,6779.27,6779.27,3
2025-11-12T23:51:38.484424,23:51:38,6868.13,6868.13,3
2025-11-12T23:51:50.570711,23:51:50,6868.01,6868.01,3
2025-11-12T23:52:02.521071,23:52:02,6788.65,6788.65,3
2025-11-12T23:52:14.920531,23:52:14,6701.35,6701.35,3
2025-11-12T23:52:27.246549,23:52:27,6651.69,6651.69,3
2025-11-12T23:52:39.646967,23:52:39,6705.63,6705.63,3
2025-11-12T23:52:51.783842,23:52:51,6714.12,6714.12,3
2025-11-12T23:53:04.349850,23:53:04,6768.81,6768.81,3
2025-11-12T23:53:16.716838,23:53:16,6816.04,6816.04,3
2025-11-12T23:53:28.703638,23:53:28,6792.37,6792.37,3
2025-11-12T23:53:40.711433,23:53:40,6730.41,6730.41,3
2025-11-12T23:53:52.798220,23:53:52,6730.1,6730.1,3
2025-11-12T23:54:04.861006,23:54:04,6861.6,6861.6,3
2025-11-12T23:54:16.730362,23:54:16,6896.93,6896.93,3
2025-11-12T23:54:28.887527,23:54:28,6847.19,6847.19,3
2025-11-12T23:54:40.899903,23:54:40,6885.75,6885.75,3
2025-11-12T23:54:53.100981,23:54:53,6919.34,6919.34,3
2025-11-12T23:55:05.192690,23:55:05,6948.73,6948.73,3
2025-11-12T23:55:17.427092,23:55:17,6997.89,6997.89,3
2025-11-12T23:55:29.572667,23:55:29,7017.73,7017.73,3
2025-11-12T23:55:41.699817,23:55:41,7013.33,7013.33,3
2025-11-12T23:55:54.234175,23:55:54,6981.28,6981.28,3
2025-11-12T23:56:06.464824,23:56:06,6978.39,6978.39,3
2025-11-12T23:56:18.665645,23:56:18,6932.77,6932.77,3
2025-11-12T23:56:30.881605,23:56:30,6842.81,6842.81,3
2025-11-12T23:56:43.153743,23:56:43,6847.3,6847.3,3
2025-11-12T23:56:55.207180,23:56:55,6822.04,6822.04,3
2025-11-12T23:57:07.589680,23:57:07,6751.84,6751.84,3
2025-11-12T23:57:19.952347,23:57:19,6784.91,6784.91,3
2025-11-12T23:57:32.478274,23:57:32,6763.12,6763.12,3
2025-11-12T23:57:45.116752,23:57:45,6674.47,6674.47,3
2025-11-12T23:57:57.274544,23:57:57,6670.74,6670.74,3
2025-11-12T23:58:09.920884,23:58:09,6708.08,6708.08,3
2025-11-12T23:58:22.316205,23:58:22,6756.24,6756.24,3
2025-11-12T23:58:34.538172,23:58:34,6679.73,6679.73,3
2025-11-12T23:58:46.712256,23:58:46,6671.69,6671.69,3
2025-11-12T23:58:58.924729,23:58:58,6667.87,6667.87,3
2025-11-12T23:59:11.189392,23:59:11,6651.68,6651.68,3
2025-11-12T23:59:23.298096,23:59:23,6711.55,6711.55,3
2025-11-12T23:59:35.616635,23:59:35,6702.37,6702.37,3
2025-11-12T23:59:47.924880,23:59:47,6720.5,6720.5,3
